ISO-10303-21;
HEADER;
/* Generated by software containing ST-Developer
 * from STEP Tools, Inc. (www.steptools.com) 
 */

FILE_DESCRIPTION(
/* description */ (''),
/* implementation_level */ '2;1');

FILE_NAME(
/* name */ '',
/* time_stamp */ '2026-08-14T11:33:47+09:00',
/* author */ (''),
/* organization */ (''),
/* preprocessor_version */ 'ST-DEVELOPER v20.1',
/* originating_system */ 'Autodesk Translation Framework v15.8.0.0',
/* authorisation */ '');

FILE_SCHEMA (('AUTOMOTIVE_DESIGN { 1 0 10303 214 3 1 1 }'));
ENDSEC;

DATA;
#10=MECHANICAL_DESIGN_GEOMETRIC_PRESENTATION_REPRESENTATION('',(#13),#2525);
#11=SHAPE_REPRESENTATION_RELATIONSHIP('SRR','None',#2532,#12);
#12=ADVANCED_BREP_SHAPE_REPRESENTATION('',(#14),#2524);
#13=STYLED_ITEM('',(#2541),#14);
#14=MANIFOLD_SOLID_BREP('\X2\9A6C8FBE652F67B6\X0\',#1468);
#15=TOROIDAL_SURFACE('',#1611,30.1,3.6);
#16=ELLIPSE('',#1542,1.09687478717973,1.);
#17=ELLIPSE('',#1545,1.09687478717973,1.);
#18=ELLIPSE('',#1555,1.09687478717973,1.);
#19=ELLIPSE('',#1556,1.09687478717973,1.);
#20=B_SPLINE_CURVE_WITH_KNOTS('',3,(#2184,#2185,#2186,#2187,#2188,#2189,
#2190,#2191,#2192,#2193,#2194,#2195,#2196,#2197,#2198,#2199,#2200,#2201),
 .UNSPECIFIED.,.F.,.F.,(4,2,2,2,2,2,2,2,4),(0.572189526670582,0.654261798368816,
0.736334070067049,0.813866773150202,0.891399476233355,0.961174096487325,
1.0309487167413,1.09366047764383,1.15637223854636),.UNSPECIFIED.);
#21=B_SPLINE_CURVE_WITH_KNOTS('',3,(#2324,#2325,#2326,#2327,#2328,#2329,
#2330,#2331,#2332,#2333),.UNSPECIFIED.,.F.,.F.,(4,2,2,2,4),(0.150684637811421,
0.188381272730258,0.226077907649094,0.263754372809003,0.301430837968912),
 .UNSPECIFIED.);
#22=B_SPLINE_CURVE_WITH_KNOTS('',3,(#2336,#2337,#2338,#2339,#2340,#2341),
 .UNSPECIFIED.,.F.,.F.,(4,2,4),(0.301430838719989,0.339107303879898,0.362893886975158),
 .UNSPECIFIED.);
#23=B_SPLINE_CURVE_WITH_KNOTS('',3,(#2477,#2478,#2479,#2480,#2481,#2482,
#2483,#2484,#2485,#2486,#2487,#2488,#2489,#2490,#2491,#2492,#2493,#2494),
 .UNSPECIFIED.,.F.,.F.,(4,2,2,2,2,2,2,2,4),(1.22642682914169,1.28645071938259,
1.3464746096235,1.41890977771006,1.49134494579662,1.57777724696822,1.66420954813981,
1.75831383999899,1.85241813185817),.UNSPECIFIED.);
#24=FACE_BOUND('',#157,.T.);
#25=FACE_BOUND('',#158,.T.);
#26=FACE_BOUND('',#159,.T.);
#27=FACE_BOUND('',#173,.T.);
#28=FACE_BOUND('',#174,.T.);
#29=FACE_BOUND('',#175,.T.);
#30=FACE_BOUND('',#176,.T.);
#31=FACE_BOUND('',#197,.T.);
#32=FACE_BOUND('',#198,.T.);
#33=FACE_BOUND('',#202,.T.);
#34=FACE_BOUND('',#203,.T.);
#35=FACE_BOUND('',#206,.T.);
#36=FACE_BOUND('',#209,.T.);
#37=FACE_BOUND('',#212,.T.);
#38=FACE_BOUND('',#215,.T.);
#39=FACE_BOUND('',#221,.T.);
#40=FACE_BOUND('',#222,.T.);
#41=FACE_BOUND('',#223,.T.);
#42=FACE_BOUND('',#234,.T.);
#43=FACE_BOUND('',#235,.T.);
#44=FACE_BOUND('',#236,.T.);
#45=FACE_BOUND('',#237,.T.);
#46=PLANE('',#1485);
#47=PLANE('',#1486);
#48=PLANE('',#1495);
#49=PLANE('',#1498);
#50=PLANE('',#1509);
#51=PLANE('',#1513);
#52=PLANE('',#1516);
#53=PLANE('',#1522);
#54=PLANE('',#1527);
#55=PLANE('',#1533);
#56=PLANE('',#1541);
#57=PLANE('',#1549);
#58=PLANE('',#1552);
#59=PLANE('',#1553);
#60=PLANE('',#1558);
#61=PLANE('',#1560);
#62=PLANE('',#1562);
#63=PLANE('',#1566);
#64=PLANE('',#1569);
#65=PLANE('',#1572);
#66=PLANE('',#1577);
#67=PLANE('',#1581);
#68=PLANE('',#1585);
#69=PLANE('',#1589);
#70=PLANE('',#1599);
#71=PLANE('',#1603);
#72=PLANE('',#1607);
#73=PLANE('',#1608);
#74=PLANE('',#1609);
#75=PLANE('',#1613);
#76=PLANE('',#1614);
#77=PLANE('',#1615);
#78=PLANE('',#1618);
#79=PLANE('',#1619);
#80=PLANE('',#1620);
#81=PLANE('',#1621);
#82=PLANE('',#1622);
#83=FACE_OUTER_BOUND('',#154,.T.);
#84=FACE_OUTER_BOUND('',#155,.T.);
#85=FACE_OUTER_BOUND('',#156,.T.);
#86=FACE_OUTER_BOUND('',#160,.T.);
#87=FACE_OUTER_BOUND('',#161,.T.);
#88=FACE_OUTER_BOUND('',#162,.T.);
#89=FACE_OUTER_BOUND('',#163,.T.);
#90=FACE_OUTER_BOUND('',#164,.T.);
#91=FACE_OUTER_BOUND('',#165,.T.);
#92=FACE_OUTER_BOUND('',#166,.T.);
#93=FACE_OUTER_BOUND('',#167,.T.);
#94=FACE_OUTER_BOUND('',#168,.T.);
#95=FACE_OUTER_BOUND('',#169,.T.);
#96=FACE_OUTER_BOUND('',#170,.T.);
#97=FACE_OUTER_BOUND('',#171,.T.);
#98=FACE_OUTER_BOUND('',#172,.T.);
#99=FACE_OUTER_BOUND('',#177,.T.);
#100=FACE_OUTER_BOUND('',#178,.T.);
#101=FACE_OUTER_BOUND('',#179,.T.);
#102=FACE_OUTER_BOUND('',#180,.T.);
#103=FACE_OUTER_BOUND('',#181,.T.);
#104=FACE_OUTER_BOUND('',#182,.T.);
#105=FACE_OUTER_BOUND('',#183,.T.);
#106=FACE_OUTER_BOUND('',#184,.T.);
#107=FACE_OUTER_BOUND('',#185,.T.);
#108=FACE_OUTER_BOUND('',#186,.T.);
#109=FACE_OUTER_BOUND('',#187,.T.);
#110=FACE_OUTER_BOUND('',#188,.T.);
#111=FACE_OUTER_BOUND('',#189,.T.);
#112=FACE_OUTER_BOUND('',#190,.T.);
#113=FACE_OUTER_BOUND('',#191,.T.);
#114=FACE_OUTER_BOUND('',#192,.T.);
#115=FACE_OUTER_BOUND('',#193,.T.);
#116=FACE_OUTER_BOUND('',#194,.T.);
#117=FACE_OUTER_BOUND('',#195,.T.);
#118=FACE_OUTER_BOUND('',#196,.T.);
#119=FACE_OUTER_BOUND('',#199,.T.);
#120=FACE_OUTER_BOUND('',#200,.T.);
#121=FACE_OUTER_BOUND('',#201,.T.);
#122=FACE_OUTER_BOUND('',#204,.T.);
#123=FACE_OUTER_BOUND('',#205,.T.);
#124=FACE_OUTER_BOUND('',#207,.T.);
#125=FACE_OUTER_BOUND('',#208,.T.);
#126=FACE_OUTER_BOUND('',#210,.T.);
#127=FACE_OUTER_BOUND('',#211,.T.);
#128=FACE_OUTER_BOUND('',#213,.T.);
#129=FACE_OUTER_BOUND('',#214,.T.);
#130=FACE_OUTER_BOUND('',#216,.T.);
#131=FACE_OUTER_BOUND('',#217,.T.);
#132=FACE_OUTER_BOUND('',#218,.T.);
#133=FACE_OUTER_BOUND('',#219,.T.);
#134=FACE_OUTER_BOUND('',#220,.T.);
#135=FACE_OUTER_BOUND('',#224,.T.);
#136=FACE_OUTER_BOUND('',#225,.T.);
#137=FACE_OUTER_BOUND('',#226,.T.);
#138=FACE_OUTER_BOUND('',#227,.T.);
#139=FACE_OUTER_BOUND('',#228,.T.);
#140=FACE_OUTER_BOUND('',#229,.T.);
#141=FACE_OUTER_BOUND('',#230,.T.);
#142=FACE_OUTER_BOUND('',#231,.T.);
#143=FACE_OUTER_BOUND('',#232,.T.);
#144=FACE_OUTER_BOUND('',#233,.T.);
#145=FACE_OUTER_BOUND('',#238,.T.);
#146=FACE_OUTER_BOUND('',#239,.T.);
#147=FACE_OUTER_BOUND('',#240,.T.);
#148=FACE_OUTER_BOUND('',#241,.T.);
#149=FACE_OUTER_BOUND('',#242,.T.);
#150=FACE_OUTER_BOUND('',#243,.T.);
#151=FACE_OUTER_BOUND('',#244,.T.);
#152=FACE_OUTER_BOUND('',#245,.T.);
#153=FACE_OUTER_BOUND('',#246,.T.);
#154=EDGE_LOOP('',(#940,#941,#942,#943));
#155=EDGE_LOOP('',(#944,#945,#946,#947));
#156=EDGE_LOOP('',(#948,#949,#950,#951,#952,#953,#954,#955,#956,#957,#958,
#959));
#157=EDGE_LOOP('',(#960));
#158=EDGE_LOOP('',(#961));
#159=EDGE_LOOP('',(#962));
#160=EDGE_LOOP('',(#963,#964,#965,#966));
#161=EDGE_LOOP('',(#967,#968,#969,#970,#971));
#162=EDGE_LOOP('',(#972,#973,#974,#975,#976,#977,#978,#979,#980,#981,#982,
#983,#984,#985,#986,#987,#988,#989,#990,#991,#992,#993,#994,#995,#996));
#163=EDGE_LOOP('',(#997,#998,#999,#1000));
#164=EDGE_LOOP('',(#1001,#1002,#1003,#1004,#1005,#1006,#1007,#1008,#1009,
#1010));
#165=EDGE_LOOP('',(#1011,#1012,#1013,#1014,#1015,#1016,#1017,#1018,#1019,
#1020));
#166=EDGE_LOOP('',(#1021,#1022,#1023,#1024));
#167=EDGE_LOOP('',(#1025,#1026,#1027,#1028,#1029,#1030,#1031,#1032));
#168=EDGE_LOOP('',(#1033,#1034,#1035,#1036));
#169=EDGE_LOOP('',(#1037,#1038,#1039,#1040));
#170=EDGE_LOOP('',(#1041,#1042,#1043,#1044));
#171=EDGE_LOOP('',(#1045,#1046,#1047,#1048));
#172=EDGE_LOOP('',(#1049,#1050,#1051,#1052,#1053,#1054,#1055,#1056,#1057,
#1058));
#173=EDGE_LOOP('',(#1059));
#174=EDGE_LOOP('',(#1060));
#175=EDGE_LOOP('',(#1061));
#176=EDGE_LOOP('',(#1062));
#177=EDGE_LOOP('',(#1063,#1064,#1065,#1066));
#178=EDGE_LOOP('',(#1067,#1068,#1069,#1070,#1071));
#179=EDGE_LOOP('',(#1072,#1073,#1074,#1075));
#180=EDGE_LOOP('',(#1076,#1077,#1078,#1079,#1080,#1081,#1082,#1083,#1084,
#1085,#1086,#1087,#1088));
#181=EDGE_LOOP('',(#1089,#1090,#1091,#1092));
#182=EDGE_LOOP('',(#1093,#1094,#1095,#1096,#1097,#1098,#1099,#1100,#1101,
#1102,#1103,#1104,#1105,#1106,#1107,#1108));
#183=EDGE_LOOP('',(#1109,#1110,#1111,#1112,#1113,#1114));
#184=EDGE_LOOP('',(#1115,#1116,#1117,#1118,#1119,#1120));
#185=EDGE_LOOP('',(#1121,#1122,#1123,#1124,#1125,#1126,#1127,#1128));
#186=EDGE_LOOP('',(#1129,#1130,#1131,#1132));
#187=EDGE_LOOP('',(#1133,#1134,#1135,#1136,#1137,#1138,#1139,#1140,#1141,
#1142,#1143,#1144,#1145,#1146,#1147,#1148));
#188=EDGE_LOOP('',(#1149,#1150,#1151,#1152));
#189=EDGE_LOOP('',(#1153,#1154,#1155,#1156,#1157));
#190=EDGE_LOOP('',(#1158,#1159,#1160,#1161,#1162,#1163));
#191=EDGE_LOOP('',(#1164,#1165,#1166,#1167));
#192=EDGE_LOOP('',(#1168,#1169,#1170,#1171));
#193=EDGE_LOOP('',(#1172,#1173,#1174,#1175,#1176,#1177,#1178,#1179));
#194=EDGE_LOOP('',(#1180,#1181,#1182,#1183));
#195=EDGE_LOOP('',(#1184,#1185,#1186,#1187));
#196=EDGE_LOOP('',(#1188,#1189,#1190,#1191));
#197=EDGE_LOOP('',(#1192));
#198=EDGE_LOOP('',(#1193));
#199=EDGE_LOOP('',(#1194,#1195,#1196,#1197,#1198,#1199,#1200,#1201,#1202,
#1203,#1204));
#200=EDGE_LOOP('',(#1205,#1206,#1207,#1208));
#201=EDGE_LOOP('',(#1209,#1210,#1211,#1212));
#202=EDGE_LOOP('',(#1213));
#203=EDGE_LOOP('',(#1214));
#204=EDGE_LOOP('',(#1215,#1216,#1217,#1218));
#205=EDGE_LOOP('',(#1219));
#206=EDGE_LOOP('',(#1220));
#207=EDGE_LOOP('',(#1221,#1222,#1223,#1224));
#208=EDGE_LOOP('',(#1225));
#209=EDGE_LOOP('',(#1226));
#210=EDGE_LOOP('',(#1227,#1228,#1229,#1230));
#211=EDGE_LOOP('',(#1231));
#212=EDGE_LOOP('',(#1232));
#213=EDGE_LOOP('',(#1233,#1234,#1235,#1236));
#214=EDGE_LOOP('',(#1237));
#215=EDGE_LOOP('',(#1238));
#216=EDGE_LOOP('',(#1239,#1240,#1241,#1242));
#217=EDGE_LOOP('',(#1243,#1244,#1245,#1246));
#218=EDGE_LOOP('',(#1247,#1248,#1249,#1250));
#219=EDGE_LOOP('',(#1251,#1252,#1253,#1254));
#220=EDGE_LOOP('',(#1255,#1256,#1257,#1258,#1259,#1260,#1261,#1262,#1263,
#1264,#1265,#1266));
#221=EDGE_LOOP('',(#1267));
#222=EDGE_LOOP('',(#1268));
#223=EDGE_LOOP('',(#1269));
#224=EDGE_LOOP('',(#1270,#1271,#1272,#1273,#1274,#1275,#1276));
#225=EDGE_LOOP('',(#1277,#1278,#1279,#1280));
#226=EDGE_LOOP('',(#1281,#1282,#1283,#1284));
#227=EDGE_LOOP('',(#1285,#1286,#1287,#1288));
#228=EDGE_LOOP('',(#1289,#1290,#1291,#1292,#1293,#1294,#1295,#1296,#1297,
#1298,#1299));
#229=EDGE_LOOP('',(#1300,#1301,#1302,#1303));
#230=EDGE_LOOP('',(#1304,#1305,#1306,#1307));
#231=EDGE_LOOP('',(#1308,#1309,#1310,#1311));
#232=EDGE_LOOP('',(#1312,#1313,#1314,#1315));
#233=EDGE_LOOP('',(#1316,#1317,#1318,#1319));
#234=EDGE_LOOP('',(#1320));
#235=EDGE_LOOP('',(#1321));
#236=EDGE_LOOP('',(#1322));
#237=EDGE_LOOP('',(#1323));
#238=EDGE_LOOP('',(#1324,#1325,#1326,#1327,#1328,#1329,#1330));
#239=EDGE_LOOP('',(#1331,#1332,#1333,#1334,#1335));
#240=EDGE_LOOP('',(#1336,#1337,#1338,#1339));
#241=EDGE_LOOP('',(#1340,#1341,#1342,#1343));
#242=EDGE_LOOP('',(#1344,#1345,#1346,#1347));
#243=EDGE_LOOP('',(#1348,#1349,#1350,#1351));
#244=EDGE_LOOP('',(#1352,#1353,#1354,#1355));
#245=EDGE_LOOP('',(#1356,#1357,#1358,#1359));
#246=EDGE_LOOP('',(#1360,#1361,#1362,#1363));
#247=LINE('',#2055,#383);
#248=LINE('',#2058,#384);
#249=LINE('',#2061,#385);
#250=LINE('',#2063,#386);
#251=LINE('',#2064,#387);
#252=LINE('',#2067,#388);
#253=LINE('',#2069,#389);
#254=LINE('',#2071,#390);
#255=LINE('',#2075,#391);
#256=LINE('',#2079,#392);
#257=LINE('',#2081,#393);
#258=LINE('',#2083,#394);
#259=LINE('',#2094,#395);
#260=LINE('',#2100,#396);
#261=LINE('',#2103,#397);
#262=LINE('',#2107,#398);
#263=LINE('',#2109,#399);
#264=LINE('',#2111,#400);
#265=LINE('',#2113,#401);
#266=LINE('',#2117,#402);
#267=LINE('',#2119,#403);
#268=LINE('',#2121,#404);
#269=LINE('',#2125,#405);
#270=LINE('',#2129,#406);
#271=LINE('',#2133,#407);
#272=LINE('',#2135,#408);
#273=LINE('',#2137,#409);
#274=LINE('',#2139,#410);
#275=LINE('',#2141,#411);
#276=LINE('',#2145,#412);
#277=LINE('',#2152,#413);
#278=LINE('',#2155,#414);
#279=LINE('',#2158,#415);
#280=LINE('',#2160,#416);
#281=LINE('',#2164,#417);
#282=LINE('',#2168,#418);
#283=LINE('',#2172,#419);
#284=LINE('',#2173,#420);
#285=LINE('',#2176,#421);
#286=LINE('',#2178,#422);
#287=LINE('',#2180,#423);
#288=LINE('',#2182,#424);
#289=LINE('',#2203,#425);
#290=LINE('',#2205,#426);
#291=LINE('',#2206,#427);
#292=LINE('',#2211,#428);
#293=LINE('',#2212,#429);
#294=LINE('',#2215,#430);
#295=LINE('',#2221,#431);
#296=LINE('',#2223,#432);
#297=LINE('',#2229,#433);
#298=LINE('',#2230,#434);
#299=LINE('',#2232,#435);
#300=LINE('',#2238,#436);
#301=LINE('',#2240,#437);
#302=LINE('',#2241,#438);
#303=LINE('',#2244,#439);
#304=LINE('',#2245,#440);
#305=LINE('',#2246,#441);
#306=LINE('',#2248,#442);
#307=LINE('',#2249,#443);
#308=LINE('',#2259,#444);
#309=LINE('',#2262,#445);
#310=LINE('',#2263,#446);
#311=LINE('',#2265,#447);
#312=LINE('',#2266,#448);
#313=LINE('',#2269,#449);
#314=LINE('',#2272,#450);
#315=LINE('',#2276,#451);
#316=LINE('',#2279,#452);
#317=LINE('',#2284,#453);
#318=LINE('',#2285,#454);
#319=LINE('',#2288,#455);
#320=LINE('',#2289,#456);
#321=LINE('',#2291,#457);
#322=LINE('',#2293,#458);
#323=LINE('',#2297,#459);
#324=LINE('',#2301,#460);
#325=LINE('',#2305,#461);
#326=LINE('',#2308,#462);
#327=LINE('',#2314,#463);
#328=LINE('',#2316,#464);
#329=LINE('',#2318,#465);
#330=LINE('',#2320,#466);
#331=LINE('',#2335,#467);
#332=LINE('',#2347,#468);
#333=LINE('',#2351,#469);
#334=LINE('',#2354,#470);
#335=LINE('',#2356,#471);
#336=LINE('',#2357,#472);
#337=LINE('',#2359,#473);
#338=LINE('',#2361,#474);
#339=LINE('',#2362,#475);
#340=LINE('',#2364,#476);
#341=LINE('',#2365,#477);
#342=LINE('',#2367,#478);
#343=LINE('',#2369,#479);
#344=LINE('',#2370,#480);
#345=LINE('',#2373,#481);
#346=LINE('',#2374,#482);
#347=LINE('',#2377,#483);
#348=LINE('',#2378,#484);
#349=LINE('',#2379,#485);
#350=LINE('',#2385,#486);
#351=LINE('',#2386,#487);
#352=LINE('',#2389,#488);
#353=LINE('',#2390,#489);
#354=LINE('',#2397,#490);
#355=LINE('',#2398,#491);
#356=LINE('',#2402,#492);
#357=LINE('',#2403,#493);
#358=LINE('',#2405,#494);
#359=LINE('',#2407,#495);
#360=LINE('',#2414,#496);
#361=LINE('',#2421,#497);
#362=LINE('',#2428,#498);
#363=LINE('',#2435,#499);
#364=LINE('',#2442,#500);
#365=LINE('',#2446,#501);
#366=LINE('',#2450,#502);
#367=LINE('',#2454,#503);
#368=LINE('',#2457,#504);
#369=LINE('',#2465,#505);
#370=LINE('',#2467,#506);
#371=LINE('',#2469,#507);
#372=LINE('',#2471,#508);
#373=LINE('',#2474,#509);
#374=LINE('',#2476,#510);
#375=LINE('',#2497,#511);
#376=LINE('',#2498,#512);
#377=LINE('',#2506,#513);
#378=LINE('',#2507,#514);
#379=LINE('',#2509,#515);
#380=LINE('',#2515,#516);
#381=LINE('',#2519,#517);
#382=LINE('',#2521,#518);
#383=VECTOR('',#1631,10.);
#384=VECTOR('',#1634,10.);
#385=VECTOR('',#1637,10.);
#386=VECTOR('',#1638,10.);
#387=VECTOR('',#1639,10.);
#388=VECTOR('',#1642,10.);
#389=VECTOR('',#1643,10.);
#390=VECTOR('',#1644,1.);
#391=VECTOR('',#1647,10.);
#392=VECTOR('',#1650,1.);
#393=VECTOR('',#1651,1.);
#394=VECTOR('',#1652,1.);
#395=VECTOR('',#1665,10.);
#396=VECTOR('',#1672,1.);
#397=VECTOR('',#1675,1.);
#398=VECTOR('',#1678,10.);
#399=VECTOR('',#1679,1.);
#400=VECTOR('',#1680,10.);
#401=VECTOR('',#1681,10.);
#402=VECTOR('',#1684,1.);
#403=VECTOR('',#1685,1.);
#404=VECTOR('',#1686,1.);
#405=VECTOR('',#1689,10.);
#406=VECTOR('',#1692,10.);
#407=VECTOR('',#1695,1.);
#408=VECTOR('',#1696,1.);
#409=VECTOR('',#1697,1.);
#410=VECTOR('',#1698,1.);
#411=VECTOR('',#1699,1.);
#412=VECTOR('',#1702,10.);
#413=VECTOR('',#1709,10.);
#414=VECTOR('',#1712,10.);
#415=VECTOR('',#1715,10.);
#416=VECTOR('',#1716,10.);
#417=VECTOR('',#1719,10.);
#418=VECTOR('',#1722,10.);
#419=VECTOR('',#1725,10.);
#420=VECTOR('',#1726,10.);
#421=VECTOR('',#1729,10.);
#422=VECTOR('',#1730,10.);
#423=VECTOR('',#1731,1.);
#424=VECTOR('',#1732,10.);
#425=VECTOR('',#1733,10.);
#426=VECTOR('',#1734,10.);
#427=VECTOR('',#1735,10.);
#428=VECTOR('',#1740,10.);
#429=VECTOR('',#1741,10.);
#430=VECTOR('',#1744,1.);
#431=VECTOR('',#1749,10.);
#432=VECTOR('',#1750,1.);
#433=VECTOR('',#1757,10.);
#434=VECTOR('',#1758,10.);
#435=VECTOR('',#1761,10.);
#436=VECTOR('',#1768,10.);
#437=VECTOR('',#1771,10.);
#438=VECTOR('',#1772,10.);
#439=VECTOR('',#1775,1.);
#440=VECTOR('',#1776,1.);
#441=VECTOR('',#1777,10.);
#442=VECTOR('',#1778,1.);
#443=VECTOR('',#1779,1.);
#444=VECTOR('',#1790,10.);
#445=VECTOR('',#1793,10.);
#446=VECTOR('',#1794,10.);
#447=VECTOR('',#1797,10.);
#448=VECTOR('',#1798,10.);
#449=VECTOR('',#1801,1.);
#450=VECTOR('',#1804,10.);
#451=VECTOR('',#1807,10.);
#452=VECTOR('',#1810,10.);
#453=VECTOR('',#1815,10.);
#454=VECTOR('',#1816,10.);
#455=VECTOR('',#1819,10.);
#456=VECTOR('',#1820,10.);
#457=VECTOR('',#1821,10.);
#458=VECTOR('',#1822,10.);
#459=VECTOR('',#1825,10.);
#460=VECTOR('',#1828,10.);
#461=VECTOR('',#1831,10.);
#462=VECTOR('',#1834,10.);
#463=VECTOR('',#1841,10.);
#464=VECTOR('',#1844,1.);
#465=VECTOR('',#1847,10.);
#466=VECTOR('',#1848,10.);
#467=VECTOR('',#1851,10.);
#468=VECTOR('',#1858,10.);
#469=VECTOR('',#1861,10.);
#470=VECTOR('',#1864,10.);
#471=VECTOR('',#1865,10.);
#472=VECTOR('',#1866,10.);
#473=VECTOR('',#1867,10.);
#474=VECTOR('',#1868,10.);
#475=VECTOR('',#1869,10.);
#476=VECTOR('',#1872,10.);
#477=VECTOR('',#1873,10.);
#478=VECTOR('',#1876,10.);
#479=VECTOR('',#1879,10.);
#480=VECTOR('',#1880,10.);
#481=VECTOR('',#1885,10.);
#482=VECTOR('',#1886,10.);
#483=VECTOR('',#1889,1.);
#484=VECTOR('',#1890,10.);
#485=VECTOR('',#1891,10.);
#486=VECTOR('',#1898,10.);
#487=VECTOR('',#1899,10.);
#488=VECTOR('',#1902,1.);
#489=VECTOR('',#1903,1.);
#490=VECTOR('',#1910,10.);
#491=VECTOR('',#1911,10.);
#492=VECTOR('',#1914,1.);
#493=VECTOR('',#1915,1.);
#494=VECTOR('',#1918,10.);
#495=VECTOR('',#1921,1.);
#496=VECTOR('',#1928,2.75);
#497=VECTOR('',#1937,2.75);
#498=VECTOR('',#1946,2.75);
#499=VECTOR('',#1955,2.75);
#500=VECTOR('',#1964,1.5);
#501=VECTOR('',#1969,1.5);
#502=VECTOR('',#1974,1.5);
#503=VECTOR('',#1979,1.5);
#504=VECTOR('',#1984,1.);
#505=VECTOR('',#1993,1.);
#506=VECTOR('',#1996,1.5);
#507=VECTOR('',#1999,1.5);
#508=VECTOR('',#2002,1.5);
#509=VECTOR('',#2005,1.);
#510=VECTOR('',#2006,1.);
#511=VECTOR('',#2009,10.);
#512=VECTOR('',#2010,10.);
#513=VECTOR('',#2023,1.);
#514=VECTOR('',#2024,1.);
#515=VECTOR('',#2027,1.);
#516=VECTOR('',#2038,10.);
#517=VECTOR('',#2045,1.5);
#518=VECTOR('',#2048,1.5);
#519=CIRCLE('',#1483,4.);
#520=CIRCLE('',#1484,4.);
#521=CIRCLE('',#1487,1.);
#522=CIRCLE('',#1488,1.);
#523=CIRCLE('',#1489,4.);
#524=CIRCLE('',#1490,1.5);
#525=CIRCLE('',#1491,1.5);
#526=CIRCLE('',#1492,1.5);
#527=CIRCLE('',#1494,4.);
#528=CIRCLE('',#1496,26.5);
#529=CIRCLE('',#1497,0.5);
#530=CIRCLE('',#1499,0.5);
#531=CIRCLE('',#1500,2.);
#532=CIRCLE('',#1501,2.5);
#533=CIRCLE('',#1502,20.);
#534=CIRCLE('',#1503,0.5);
#535=CIRCLE('',#1504,0.4);
#536=CIRCLE('',#1505,5.);
#537=CIRCLE('',#1507,20.);
#538=CIRCLE('',#1508,20.);
#539=CIRCLE('',#1510,0.4);
#540=CIRCLE('',#1511,0.5);
#541=CIRCLE('',#1512,20.);
#542=CIRCLE('',#1515,1.);
#543=CIRCLE('',#1517,0.5);
#544=CIRCLE('',#1518,26.5);
#545=CIRCLE('',#1519,26.5);
#546=CIRCLE('',#1521,1.);
#547=CIRCLE('',#1524,0.5);
#548=CIRCLE('',#1525,0.5);
#549=CIRCLE('',#1528,2.75);
#550=CIRCLE('',#1529,2.75);
#551=CIRCLE('',#1530,2.75);
#552=CIRCLE('',#1531,2.75);
#553=CIRCLE('',#1536,26.5);
#554=CIRCLE('',#1537,26.499999999999);
#555=CIRCLE('',#1538,26.499999999999);
#556=CIRCLE('',#1540,0.5);
#557=CIRCLE('',#1543,1.);
#558=CIRCLE('',#1544,1.);
#559=CIRCLE('',#1547,5.);
#560=CIRCLE('',#1548,5.);
#561=CIRCLE('',#1551,20.);
#562=CIRCLE('',#1554,1.);
#563=CIRCLE('',#1565,2.);
#564=CIRCLE('',#1567,1.5);
#565=CIRCLE('',#1568,1.5);
#566=CIRCLE('',#1570,2.5);
#567=CIRCLE('',#1573,1.5);
#568=CIRCLE('',#1574,1.5);
#569=CIRCLE('',#1576,2.75);
#570=CIRCLE('',#1578,1.5);
#571=CIRCLE('',#1580,2.75);
#572=CIRCLE('',#1582,1.5);
#573=CIRCLE('',#1584,2.75);
#574=CIRCLE('',#1586,1.5);
#575=CIRCLE('',#1588,2.75);
#576=CIRCLE('',#1590,1.5);
#577=CIRCLE('',#1592,1.5);
#578=CIRCLE('',#1594,1.5);
#579=CIRCLE('',#1596,1.5);
#580=CIRCLE('',#1598,1.5);
#581=CIRCLE('',#1600,1.5);
#582=CIRCLE('',#1601,1.5);
#583=CIRCLE('',#1602,1.5);
#584=CIRCLE('',#1610,25.);
#585=CIRCLE('',#1612,30.1);
#586=CIRCLE('',#1617,25.);
#587=VERTEX_POINT('',#2051);
#588=VERTEX_POINT('',#2052);
#589=VERTEX_POINT('',#2054);
#590=VERTEX_POINT('',#2056);
#591=VERTEX_POINT('',#2060);
#592=VERTEX_POINT('',#2062);
#593=VERTEX_POINT('',#2066);
#594=VERTEX_POINT('',#2068);
#595=VERTEX_POINT('',#2070);
#596=VERTEX_POINT('',#2072);
#597=VERTEX_POINT('',#2074);
#598=VERTEX_POINT('',#2076);
#599=VERTEX_POINT('',#2078);
#600=VERTEX_POINT('',#2080);
#601=VERTEX_POINT('',#2082);
#602=VERTEX_POINT('',#2085);
#603=VERTEX_POINT('',#2087);
#604=VERTEX_POINT('',#2089);
#605=VERTEX_POINT('',#2092);
#606=VERTEX_POINT('',#2096);
#607=VERTEX_POINT('',#2098);
#608=VERTEX_POINT('',#2102);
#609=VERTEX_POINT('',#2104);
#610=VERTEX_POINT('',#2106);
#611=VERTEX_POINT('',#2108);
#612=VERTEX_POINT('',#2110);
#613=VERTEX_POINT('',#2112);
#614=VERTEX_POINT('',#2114);
#615=VERTEX_POINT('',#2116);
#616=VERTEX_POINT('',#2118);
#617=VERTEX_POINT('',#2120);
#618=VERTEX_POINT('',#2122);
#619=VERTEX_POINT('',#2124);
#620=VERTEX_POINT('',#2126);
#621=VERTEX_POINT('',#2128);
#622=VERTEX_POINT('',#2130);
#623=VERTEX_POINT('',#2132);
#624=VERTEX_POINT('',#2134);
#625=VERTEX_POINT('',#2136);
#626=VERTEX_POINT('',#2138);
#627=VERTEX_POINT('',#2140);
#628=VERTEX_POINT('',#2142);
#629=VERTEX_POINT('',#2144);
#630=VERTEX_POINT('',#2148);
#631=VERTEX_POINT('',#2149);
#632=VERTEX_POINT('',#2151);
#633=VERTEX_POINT('',#2153);
#634=VERTEX_POINT('',#2157);
#635=VERTEX_POINT('',#2159);
#636=VERTEX_POINT('',#2161);
#637=VERTEX_POINT('',#2163);
#638=VERTEX_POINT('',#2165);
#639=VERTEX_POINT('',#2167);
#640=VERTEX_POINT('',#2169);
#641=VERTEX_POINT('',#2171);
#642=VERTEX_POINT('',#2175);
#643=VERTEX_POINT('',#2177);
#644=VERTEX_POINT('',#2179);
#645=VERTEX_POINT('',#2181);
#646=VERTEX_POINT('',#2183);
#647=VERTEX_POINT('',#2202);
#648=VERTEX_POINT('',#2204);
#649=VERTEX_POINT('',#2208);
#650=VERTEX_POINT('',#2209);
#651=VERTEX_POINT('',#2214);
#652=VERTEX_POINT('',#2216);
#653=VERTEX_POINT('',#2218);
#654=VERTEX_POINT('',#2220);
#655=VERTEX_POINT('',#2222);
#656=VERTEX_POINT('',#2226);
#657=VERTEX_POINT('',#2227);
#658=VERTEX_POINT('',#2234);
#659=VERTEX_POINT('',#2236);
#660=VERTEX_POINT('',#2243);
#661=VERTEX_POINT('',#2247);
#662=VERTEX_POINT('',#2250);
#663=VERTEX_POINT('',#2252);
#664=VERTEX_POINT('',#2254);
#665=VERTEX_POINT('',#2256);
#666=VERTEX_POINT('',#2261);
#667=VERTEX_POINT('',#2268);
#668=VERTEX_POINT('',#2271);
#669=VERTEX_POINT('',#2273);
#670=VERTEX_POINT('',#2275);
#671=VERTEX_POINT('',#2277);
#672=VERTEX_POINT('',#2281);
#673=VERTEX_POINT('',#2282);
#674=VERTEX_POINT('',#2287);
#675=VERTEX_POINT('',#2290);
#676=VERTEX_POINT('',#2292);
#677=VERTEX_POINT('',#2294);
#678=VERTEX_POINT('',#2296);
#679=VERTEX_POINT('',#2298);
#680=VERTEX_POINT('',#2300);
#681=VERTEX_POINT('',#2302);
#682=VERTEX_POINT('',#2304);
#683=VERTEX_POINT('',#2306);
#684=VERTEX_POINT('',#2310);
#685=VERTEX_POINT('',#2312);
#686=VERTEX_POINT('',#2319);
#687=VERTEX_POINT('',#2321);
#688=VERTEX_POINT('',#2323);
#689=VERTEX_POINT('',#2334);
#690=VERTEX_POINT('',#2344);
#691=VERTEX_POINT('',#2346);
#692=VERTEX_POINT('',#2348);
#693=VERTEX_POINT('',#2350);
#694=VERTEX_POINT('',#2352);
#695=VERTEX_POINT('',#2355);
#696=VERTEX_POINT('',#2358);
#697=VERTEX_POINT('',#2360);
#698=VERTEX_POINT('',#2376);
#699=VERTEX_POINT('',#2382);
#700=VERTEX_POINT('',#2383);
#701=VERTEX_POINT('',#2388);
#702=VERTEX_POINT('',#2391);
#703=VERTEX_POINT('',#2393);
#704=VERTEX_POINT('',#2396);
#705=VERTEX_POINT('',#2399);
#706=VERTEX_POINT('',#2401);
#707=VERTEX_POINT('',#2408);
#708=VERTEX_POINT('',#2410);
#709=VERTEX_POINT('',#2413);
#710=VERTEX_POINT('',#2417);
#711=VERTEX_POINT('',#2420);
#712=VERTEX_POINT('',#2424);
#713=VERTEX_POINT('',#2427);
#714=VERTEX_POINT('',#2431);
#715=VERTEX_POINT('',#2434);
#716=VERTEX_POINT('',#2438);
#717=VERTEX_POINT('',#2441);
#718=VERTEX_POINT('',#2445);
#719=VERTEX_POINT('',#2449);
#720=VERTEX_POINT('',#2453);
#721=VERTEX_POINT('',#2458);
#722=VERTEX_POINT('',#2460);
#723=VERTEX_POINT('',#2462);
#724=VERTEX_POINT('',#2473);
#725=VERTEX_POINT('',#2475);
#726=VERTEX_POINT('',#2496);
#727=VERTEX_POINT('',#2505);
#728=EDGE_CURVE('',#587,#588,#519,.T.);
#729=EDGE_CURVE('',#588,#589,#247,.T.);
#730=EDGE_CURVE('',#589,#590,#520,.T.);
#731=EDGE_CURVE('',#590,#587,#248,.T.);
#732=EDGE_CURVE('',#588,#591,#249,.T.);
#733=EDGE_CURVE('',#592,#591,#250,.T.);
#734=EDGE_CURVE('',#592,#589,#251,.F.);
#735=EDGE_CURVE('',#593,#587,#252,.T.);
#736=EDGE_CURVE('',#594,#593,#253,.T.);
#737=EDGE_CURVE('',#595,#594,#254,.T.);
#738=EDGE_CURVE('',#596,#595,#521,.T.);
#739=EDGE_CURVE('',#597,#596,#255,.T.);
#740=EDGE_CURVE('',#598,#597,#522,.T.);
#741=EDGE_CURVE('',#598,#599,#256,.T.);
#742=EDGE_CURVE('',#599,#600,#257,.T.);
#743=EDGE_CURVE('',#601,#600,#258,.T.);
#744=EDGE_CURVE('',#591,#601,#523,.T.);
#745=EDGE_CURVE('',#602,#602,#524,.T.);
#746=EDGE_CURVE('',#603,#603,#525,.T.);
#747=EDGE_CURVE('',#604,#604,#526,.T.);
#748=EDGE_CURVE('',#605,#592,#527,.T.);
#749=EDGE_CURVE('',#601,#605,#259,.T.);
#750=EDGE_CURVE('',#606,#600,#528,.T.);
#751=EDGE_CURVE('',#607,#606,#529,.T.);
#752=EDGE_CURVE('',#607,#605,#260,.T.);
#753=EDGE_CURVE('',#590,#608,#261,.T.);
#754=EDGE_CURVE('',#609,#608,#530,.T.);
#755=EDGE_CURVE('',#610,#609,#262,.T.);
#756=EDGE_CURVE('',#611,#610,#263,.T.);
#757=EDGE_CURVE('',#612,#611,#264,.F.);
#758=EDGE_CURVE('',#612,#613,#265,.F.);
#759=EDGE_CURVE('',#614,#613,#531,.T.);
#760=EDGE_CURVE('',#614,#615,#266,.T.);
#761=EDGE_CURVE('',#615,#616,#267,.T.);
#762=EDGE_CURVE('',#616,#617,#268,.T.);
#763=EDGE_CURVE('',#618,#617,#532,.T.);
#764=EDGE_CURVE('',#618,#619,#269,.F.);
#765=EDGE_CURVE('',#620,#619,#533,.T.);
#766=EDGE_CURVE('',#621,#620,#270,.T.);
#767=EDGE_CURVE('',#622,#621,#534,.T.);
#768=EDGE_CURVE('',#623,#622,#271,.T.);
#769=EDGE_CURVE('',#624,#623,#272,.T.);
#770=EDGE_CURVE('',#625,#624,#273,.T.);
#771=EDGE_CURVE('',#626,#625,#274,.T.);
#772=EDGE_CURVE('',#627,#626,#275,.T.);
#773=EDGE_CURVE('',#628,#627,#535,.T.);
#774=EDGE_CURVE('',#629,#628,#276,.T.);
#775=EDGE_CURVE('',#593,#629,#536,.T.);
#776=EDGE_CURVE('',#630,#631,#537,.T.);
#777=EDGE_CURVE('',#630,#632,#277,.T.);
#778=EDGE_CURVE('',#632,#633,#538,.T.);
#779=EDGE_CURVE('',#633,#631,#278,.T.);
#780=EDGE_CURVE('',#634,#631,#279,.T.);
#781=EDGE_CURVE('',#635,#634,#280,.T.);
#782=EDGE_CURVE('',#636,#635,#539,.T.);
#783=EDGE_CURVE('',#637,#636,#281,.T.);
#784=EDGE_CURVE('',#638,#637,#540,.T.);
#785=EDGE_CURVE('',#638,#639,#282,.T.);
#786=EDGE_CURVE('',#639,#640,#541,.F.);
#787=EDGE_CURVE('',#641,#640,#283,.F.);
#788=EDGE_CURVE('',#630,#641,#284,.T.);
#789=EDGE_CURVE('',#633,#642,#285,.T.);
#790=EDGE_CURVE('',#642,#643,#286,.F.);
#791=EDGE_CURVE('',#643,#644,#287,.T.);
#792=EDGE_CURVE('',#644,#645,#288,.T.);
#793=EDGE_CURVE('',#646,#645,#20,.T.);
#794=EDGE_CURVE('',#646,#647,#289,.T.);
#795=EDGE_CURVE('',#648,#647,#290,.T.);
#796=EDGE_CURVE('',#648,#634,#291,.T.);
#797=EDGE_CURVE('',#649,#650,#542,.T.);
#798=EDGE_CURVE('',#650,#598,#292,.T.);
#799=EDGE_CURVE('',#597,#649,#293,.T.);
#800=EDGE_CURVE('',#650,#651,#294,.T.);
#801=EDGE_CURVE('',#652,#651,#543,.T.);
#802=EDGE_CURVE('',#652,#653,#544,.T.);
#803=EDGE_CURVE('',#654,#653,#295,.T.);
#804=EDGE_CURVE('',#655,#654,#296,.T.);
#805=EDGE_CURVE('',#655,#599,#545,.T.);
#806=EDGE_CURVE('',#656,#657,#546,.T.);
#807=EDGE_CURVE('',#657,#596,#297,.T.);
#808=EDGE_CURVE('',#595,#656,#298,.T.);
#809=EDGE_CURVE('',#657,#649,#299,.T.);
#810=EDGE_CURVE('',#658,#648,#547,.T.);
#811=EDGE_CURVE('',#647,#659,#548,.T.);
#812=EDGE_CURVE('',#659,#658,#300,.T.);
#813=EDGE_CURVE('',#637,#622,#301,.T.);
#814=EDGE_CURVE('',#621,#638,#302,.T.);
#815=EDGE_CURVE('',#659,#660,#303,.T.);
#816=EDGE_CURVE('',#623,#660,#304,.T.);
#817=EDGE_CURVE('',#627,#636,#305,.T.);
#818=EDGE_CURVE('',#626,#661,#306,.T.);
#819=EDGE_CURVE('',#661,#658,#307,.T.);
#820=EDGE_CURVE('',#662,#662,#549,.T.);
#821=EDGE_CURVE('',#663,#663,#550,.T.);
#822=EDGE_CURVE('',#664,#664,#551,.T.);
#823=EDGE_CURVE('',#665,#665,#552,.T.);
#824=EDGE_CURVE('',#635,#628,#308,.T.);
#825=EDGE_CURVE('',#666,#634,#309,.T.);
#826=EDGE_CURVE('',#629,#666,#310,.T.);
#827=EDGE_CURVE('',#606,#652,#311,.T.);
#828=EDGE_CURVE('',#651,#607,#312,.T.);
#829=EDGE_CURVE('',#667,#655,#313,.T.);
#830=EDGE_CURVE('',#645,#667,#553,.T.);
#831=EDGE_CURVE('',#644,#668,#314,.F.);
#832=EDGE_CURVE('',#669,#668,#554,.T.);
#833=EDGE_CURVE('',#670,#669,#315,.T.);
#834=EDGE_CURVE('',#670,#671,#555,.T.);
#835=EDGE_CURVE('',#653,#671,#316,.T.);
#836=EDGE_CURVE('',#672,#673,#556,.T.);
#837=EDGE_CURVE('',#673,#609,#317,.T.);
#838=EDGE_CURVE('',#608,#672,#318,.T.);
#839=EDGE_CURVE('',#673,#674,#319,.T.);
#840=EDGE_CURVE('',#674,#654,#320,.T.);
#841=EDGE_CURVE('',#671,#675,#321,.T.);
#842=EDGE_CURVE('',#676,#675,#322,.T.);
#843=EDGE_CURVE('',#677,#676,#16,.T.);
#844=EDGE_CURVE('',#677,#678,#323,.F.);
#845=EDGE_CURVE('',#679,#678,#557,.T.);
#846=EDGE_CURVE('',#680,#679,#324,.F.);
#847=EDGE_CURVE('',#681,#680,#558,.T.);
#848=EDGE_CURVE('',#682,#681,#325,.F.);
#849=EDGE_CURVE('',#683,#682,#17,.T.);
#850=EDGE_CURVE('',#610,#683,#326,.T.);
#851=EDGE_CURVE('',#684,#594,#559,.T.);
#852=EDGE_CURVE('',#685,#666,#560,.T.);
#853=EDGE_CURVE('',#684,#685,#327,.F.);
#854=EDGE_CURVE('',#661,#685,#328,.T.);
#855=EDGE_CURVE('',#639,#620,#329,.T.);
#856=EDGE_CURVE('',#619,#686,#330,.T.);
#857=EDGE_CURVE('',#686,#687,#561,.T.);
#858=EDGE_CURVE('',#688,#687,#21,.F.);
#859=EDGE_CURVE('',#689,#688,#331,.F.);
#860=EDGE_CURVE('',#640,#689,#22,.F.);
#861=EDGE_CURVE('',#690,#641,#562,.T.);
#862=EDGE_CURVE('',#690,#691,#332,.F.);
#863=EDGE_CURVE('',#692,#691,#18,.T.);
#864=EDGE_CURVE('',#692,#693,#333,.T.);
#865=EDGE_CURVE('',#694,#693,#19,.T.);
#866=EDGE_CURVE('',#686,#694,#334,.F.);
#867=EDGE_CURVE('',#695,#618,#335,.T.);
#868=EDGE_CURVE('',#695,#670,#336,.T.);
#869=EDGE_CURVE('',#696,#669,#337,.F.);
#870=EDGE_CURVE('',#697,#696,#338,.T.);
#871=EDGE_CURVE('',#697,#632,#339,.T.);
#872=EDGE_CURVE('',#687,#681,#340,.F.);
#873=EDGE_CURVE('',#680,#688,#341,.T.);
#874=EDGE_CURVE('',#682,#694,#342,.T.);
#875=EDGE_CURVE('',#689,#679,#343,.T.);
#876=EDGE_CURVE('',#678,#690,#344,.T.);
#877=EDGE_CURVE('',#676,#692,#345,.T.);
#878=EDGE_CURVE('',#691,#677,#346,.T.);
#879=EDGE_CURVE('',#675,#698,#347,.T.);
#880=EDGE_CURVE('',#698,#611,#348,.T.);
#881=EDGE_CURVE('',#693,#683,#349,.T.);
#882=EDGE_CURVE('',#699,#700,#563,.T.);
#883=EDGE_CURVE('',#700,#614,#350,.T.);
#884=EDGE_CURVE('',#613,#699,#351,.T.);
#885=EDGE_CURVE('',#700,#701,#352,.T.);
#886=EDGE_CURVE('',#615,#701,#353,.T.);
#887=EDGE_CURVE('',#702,#702,#564,.T.);
#888=EDGE_CURVE('',#703,#703,#565,.T.);
#889=EDGE_CURVE('',#704,#699,#354,.T.);
#890=EDGE_CURVE('',#698,#704,#355,.F.);
#891=EDGE_CURVE('',#705,#695,#566,.T.);
#892=EDGE_CURVE('',#706,#705,#356,.T.);
#893=EDGE_CURVE('',#701,#706,#357,.T.);
#894=EDGE_CURVE('',#617,#705,#358,.T.);
#895=EDGE_CURVE('',#616,#706,#359,.T.);
#896=EDGE_CURVE('',#707,#707,#567,.T.);
#897=EDGE_CURVE('',#708,#708,#568,.T.);
#898=EDGE_CURVE('',#662,#709,#360,.T.);
#899=EDGE_CURVE('',#709,#709,#569,.T.);
#900=EDGE_CURVE('',#710,#710,#570,.T.);
#901=EDGE_CURVE('',#663,#711,#361,.T.);
#902=EDGE_CURVE('',#711,#711,#571,.T.);
#903=EDGE_CURVE('',#712,#712,#572,.T.);
#904=EDGE_CURVE('',#664,#713,#362,.T.);
#905=EDGE_CURVE('',#713,#713,#573,.T.);
#906=EDGE_CURVE('',#714,#714,#574,.T.);
#907=EDGE_CURVE('',#665,#715,#363,.T.);
#908=EDGE_CURVE('',#715,#715,#575,.T.);
#909=EDGE_CURVE('',#716,#716,#576,.T.);
#910=EDGE_CURVE('',#710,#717,#364,.T.);
#911=EDGE_CURVE('',#717,#717,#577,.T.);
#912=EDGE_CURVE('',#712,#718,#365,.T.);
#913=EDGE_CURVE('',#718,#718,#578,.T.);
#914=EDGE_CURVE('',#714,#719,#366,.T.);
#915=EDGE_CURVE('',#719,#719,#579,.T.);
#916=EDGE_CURVE('',#716,#720,#367,.T.);
#917=EDGE_CURVE('',#720,#720,#580,.T.);
#918=EDGE_CURVE('',#672,#656,#368,.T.);
#919=EDGE_CURVE('',#721,#721,#581,.T.);
#920=EDGE_CURVE('',#722,#722,#582,.T.);
#921=EDGE_CURVE('',#723,#723,#583,.T.);
#922=EDGE_CURVE('',#674,#684,#369,.T.);
#923=EDGE_CURVE('',#602,#721,#370,.T.);
#924=EDGE_CURVE('',#603,#722,#371,.T.);
#925=EDGE_CURVE('',#604,#723,#372,.T.);
#926=EDGE_CURVE('',#625,#724,#373,.T.);
#927=EDGE_CURVE('',#724,#725,#374,.T.);
#928=EDGE_CURVE('',#667,#725,#23,.T.);
#929=EDGE_CURVE('',#643,#726,#375,.F.);
#930=EDGE_CURVE('',#726,#668,#376,.T.);
#931=EDGE_CURVE('',#726,#696,#584,.T.);
#932=EDGE_CURVE('',#725,#646,#585,.T.);
#933=EDGE_CURVE('',#624,#727,#377,.T.);
#934=EDGE_CURVE('',#727,#724,#378,.T.);
#935=EDGE_CURVE('',#660,#727,#379,.T.);
#936=EDGE_CURVE('',#697,#642,#586,.T.);
#937=EDGE_CURVE('',#612,#704,#380,.F.);
#938=EDGE_CURVE('',#703,#708,#381,.T.);
#939=EDGE_CURVE('',#702,#707,#382,.T.);
#940=ORIENTED_EDGE('',*,*,#728,.T.);
#941=ORIENTED_EDGE('',*,*,#729,.T.);
#942=ORIENTED_EDGE('',*,*,#730,.T.);
#943=ORIENTED_EDGE('',*,*,#731,.T.);
#944=ORIENTED_EDGE('',*,*,#729,.F.);
#945=ORIENTED_EDGE('',*,*,#732,.T.);
#946=ORIENTED_EDGE('',*,*,#733,.F.);
#947=ORIENTED_EDGE('',*,*,#734,.T.);
#948=ORIENTED_EDGE('',*,*,#728,.F.);
#949=ORIENTED_EDGE('',*,*,#735,.F.);
#950=ORIENTED_EDGE('',*,*,#736,.F.);
#951=ORIENTED_EDGE('',*,*,#737,.F.);
#952=ORIENTED_EDGE('',*,*,#738,.F.);
#953=ORIENTED_EDGE('',*,*,#739,.F.);
#954=ORIENTED_EDGE('',*,*,#740,.F.);
#955=ORIENTED_EDGE('',*,*,#741,.T.);
#956=ORIENTED_EDGE('',*,*,#742,.T.);
#957=ORIENTED_EDGE('',*,*,#743,.F.);
#958=ORIENTED_EDGE('',*,*,#744,.F.);
#959=ORIENTED_EDGE('',*,*,#732,.F.);
#960=ORIENTED_EDGE('',*,*,#745,.T.);
#961=ORIENTED_EDGE('',*,*,#746,.T.);
#962=ORIENTED_EDGE('',*,*,#747,.T.);
#963=ORIENTED_EDGE('',*,*,#748,.T.);
#964=ORIENTED_EDGE('',*,*,#733,.T.);
#965=ORIENTED_EDGE('',*,*,#744,.T.);
#966=ORIENTED_EDGE('',*,*,#749,.T.);
#967=ORIENTED_EDGE('',*,*,#749,.F.);
#968=ORIENTED_EDGE('',*,*,#743,.T.);
#969=ORIENTED_EDGE('',*,*,#750,.F.);
#970=ORIENTED_EDGE('',*,*,#751,.F.);
#971=ORIENTED_EDGE('',*,*,#752,.T.);
#972=ORIENTED_EDGE('',*,*,#731,.F.);
#973=ORIENTED_EDGE('',*,*,#753,.T.);
#974=ORIENTED_EDGE('',*,*,#754,.F.);
#975=ORIENTED_EDGE('',*,*,#755,.F.);
#976=ORIENTED_EDGE('',*,*,#756,.F.);
#977=ORIENTED_EDGE('',*,*,#757,.F.);
#978=ORIENTED_EDGE('',*,*,#758,.T.);
#979=ORIENTED_EDGE('',*,*,#759,.F.);
#980=ORIENTED_EDGE('',*,*,#760,.T.);
#981=ORIENTED_EDGE('',*,*,#761,.T.);
#982=ORIENTED_EDGE('',*,*,#762,.T.);
#983=ORIENTED_EDGE('',*,*,#763,.F.);
#984=ORIENTED_EDGE('',*,*,#764,.T.);
#985=ORIENTED_EDGE('',*,*,#765,.F.);
#986=ORIENTED_EDGE('',*,*,#766,.F.);
#987=ORIENTED_EDGE('',*,*,#767,.F.);
#988=ORIENTED_EDGE('',*,*,#768,.F.);
#989=ORIENTED_EDGE('',*,*,#769,.F.);
#990=ORIENTED_EDGE('',*,*,#770,.F.);
#991=ORIENTED_EDGE('',*,*,#771,.F.);
#992=ORIENTED_EDGE('',*,*,#772,.F.);
#993=ORIENTED_EDGE('',*,*,#773,.F.);
#994=ORIENTED_EDGE('',*,*,#774,.F.);
#995=ORIENTED_EDGE('',*,*,#775,.F.);
#996=ORIENTED_EDGE('',*,*,#735,.T.);
#997=ORIENTED_EDGE('',*,*,#776,.F.);
#998=ORIENTED_EDGE('',*,*,#777,.T.);
#999=ORIENTED_EDGE('',*,*,#778,.T.);
#1000=ORIENTED_EDGE('',*,*,#779,.T.);
#1001=ORIENTED_EDGE('',*,*,#776,.T.);
#1002=ORIENTED_EDGE('',*,*,#780,.F.);
#1003=ORIENTED_EDGE('',*,*,#781,.F.);
#1004=ORIENTED_EDGE('',*,*,#782,.F.);
#1005=ORIENTED_EDGE('',*,*,#783,.F.);
#1006=ORIENTED_EDGE('',*,*,#784,.F.);
#1007=ORIENTED_EDGE('',*,*,#785,.T.);
#1008=ORIENTED_EDGE('',*,*,#786,.T.);
#1009=ORIENTED_EDGE('',*,*,#787,.F.);
#1010=ORIENTED_EDGE('',*,*,#788,.F.);
#1011=ORIENTED_EDGE('',*,*,#779,.F.);
#1012=ORIENTED_EDGE('',*,*,#789,.T.);
#1013=ORIENTED_EDGE('',*,*,#790,.T.);
#1014=ORIENTED_EDGE('',*,*,#791,.T.);
#1015=ORIENTED_EDGE('',*,*,#792,.T.);
#1016=ORIENTED_EDGE('',*,*,#793,.F.);
#1017=ORIENTED_EDGE('',*,*,#794,.T.);
#1018=ORIENTED_EDGE('',*,*,#795,.F.);
#1019=ORIENTED_EDGE('',*,*,#796,.T.);
#1020=ORIENTED_EDGE('',*,*,#780,.T.);
#1021=ORIENTED_EDGE('',*,*,#797,.T.);
#1022=ORIENTED_EDGE('',*,*,#798,.T.);
#1023=ORIENTED_EDGE('',*,*,#740,.T.);
#1024=ORIENTED_EDGE('',*,*,#799,.T.);
#1025=ORIENTED_EDGE('',*,*,#798,.F.);
#1026=ORIENTED_EDGE('',*,*,#800,.T.);
#1027=ORIENTED_EDGE('',*,*,#801,.F.);
#1028=ORIENTED_EDGE('',*,*,#802,.T.);
#1029=ORIENTED_EDGE('',*,*,#803,.F.);
#1030=ORIENTED_EDGE('',*,*,#804,.F.);
#1031=ORIENTED_EDGE('',*,*,#805,.T.);
#1032=ORIENTED_EDGE('',*,*,#741,.F.);
#1033=ORIENTED_EDGE('',*,*,#806,.T.);
#1034=ORIENTED_EDGE('',*,*,#807,.T.);
#1035=ORIENTED_EDGE('',*,*,#738,.T.);
#1036=ORIENTED_EDGE('',*,*,#808,.T.);
#1037=ORIENTED_EDGE('',*,*,#799,.F.);
#1038=ORIENTED_EDGE('',*,*,#739,.T.);
#1039=ORIENTED_EDGE('',*,*,#807,.F.);
#1040=ORIENTED_EDGE('',*,*,#809,.T.);
#1041=ORIENTED_EDGE('',*,*,#810,.T.);
#1042=ORIENTED_EDGE('',*,*,#795,.T.);
#1043=ORIENTED_EDGE('',*,*,#811,.T.);
#1044=ORIENTED_EDGE('',*,*,#812,.T.);
#1045=ORIENTED_EDGE('',*,*,#784,.T.);
#1046=ORIENTED_EDGE('',*,*,#813,.T.);
#1047=ORIENTED_EDGE('',*,*,#767,.T.);
#1048=ORIENTED_EDGE('',*,*,#814,.T.);
#1049=ORIENTED_EDGE('',*,*,#812,.F.);
#1050=ORIENTED_EDGE('',*,*,#815,.T.);
#1051=ORIENTED_EDGE('',*,*,#816,.F.);
#1052=ORIENTED_EDGE('',*,*,#768,.T.);
#1053=ORIENTED_EDGE('',*,*,#813,.F.);
#1054=ORIENTED_EDGE('',*,*,#783,.T.);
#1055=ORIENTED_EDGE('',*,*,#817,.F.);
#1056=ORIENTED_EDGE('',*,*,#772,.T.);
#1057=ORIENTED_EDGE('',*,*,#818,.T.);
#1058=ORIENTED_EDGE('',*,*,#819,.T.);
#1059=ORIENTED_EDGE('',*,*,#820,.T.);
#1060=ORIENTED_EDGE('',*,*,#821,.T.);
#1061=ORIENTED_EDGE('',*,*,#822,.T.);
#1062=ORIENTED_EDGE('',*,*,#823,.T.);
#1063=ORIENTED_EDGE('',*,*,#782,.T.);
#1064=ORIENTED_EDGE('',*,*,#824,.T.);
#1065=ORIENTED_EDGE('',*,*,#773,.T.);
#1066=ORIENTED_EDGE('',*,*,#817,.T.);
#1067=ORIENTED_EDGE('',*,*,#824,.F.);
#1068=ORIENTED_EDGE('',*,*,#781,.T.);
#1069=ORIENTED_EDGE('',*,*,#825,.F.);
#1070=ORIENTED_EDGE('',*,*,#826,.F.);
#1071=ORIENTED_EDGE('',*,*,#774,.T.);
#1072=ORIENTED_EDGE('',*,*,#751,.T.);
#1073=ORIENTED_EDGE('',*,*,#827,.T.);
#1074=ORIENTED_EDGE('',*,*,#801,.T.);
#1075=ORIENTED_EDGE('',*,*,#828,.T.);
#1076=ORIENTED_EDGE('',*,*,#827,.F.);
#1077=ORIENTED_EDGE('',*,*,#750,.T.);
#1078=ORIENTED_EDGE('',*,*,#742,.F.);
#1079=ORIENTED_EDGE('',*,*,#805,.F.);
#1080=ORIENTED_EDGE('',*,*,#829,.F.);
#1081=ORIENTED_EDGE('',*,*,#830,.F.);
#1082=ORIENTED_EDGE('',*,*,#792,.F.);
#1083=ORIENTED_EDGE('',*,*,#831,.T.);
#1084=ORIENTED_EDGE('',*,*,#832,.F.);
#1085=ORIENTED_EDGE('',*,*,#833,.F.);
#1086=ORIENTED_EDGE('',*,*,#834,.T.);
#1087=ORIENTED_EDGE('',*,*,#835,.F.);
#1088=ORIENTED_EDGE('',*,*,#802,.F.);
#1089=ORIENTED_EDGE('',*,*,#836,.T.);
#1090=ORIENTED_EDGE('',*,*,#837,.T.);
#1091=ORIENTED_EDGE('',*,*,#754,.T.);
#1092=ORIENTED_EDGE('',*,*,#838,.T.);
#1093=ORIENTED_EDGE('',*,*,#837,.F.);
#1094=ORIENTED_EDGE('',*,*,#839,.T.);
#1095=ORIENTED_EDGE('',*,*,#840,.T.);
#1096=ORIENTED_EDGE('',*,*,#803,.T.);
#1097=ORIENTED_EDGE('',*,*,#835,.T.);
#1098=ORIENTED_EDGE('',*,*,#841,.T.);
#1099=ORIENTED_EDGE('',*,*,#842,.F.);
#1100=ORIENTED_EDGE('',*,*,#843,.F.);
#1101=ORIENTED_EDGE('',*,*,#844,.T.);
#1102=ORIENTED_EDGE('',*,*,#845,.F.);
#1103=ORIENTED_EDGE('',*,*,#846,.F.);
#1104=ORIENTED_EDGE('',*,*,#847,.F.);
#1105=ORIENTED_EDGE('',*,*,#848,.F.);
#1106=ORIENTED_EDGE('',*,*,#849,.F.);
#1107=ORIENTED_EDGE('',*,*,#850,.F.);
#1108=ORIENTED_EDGE('',*,*,#755,.T.);
#1109=ORIENTED_EDGE('',*,*,#851,.T.);
#1110=ORIENTED_EDGE('',*,*,#736,.T.);
#1111=ORIENTED_EDGE('',*,*,#775,.T.);
#1112=ORIENTED_EDGE('',*,*,#826,.T.);
#1113=ORIENTED_EDGE('',*,*,#852,.F.);
#1114=ORIENTED_EDGE('',*,*,#853,.F.);
#1115=ORIENTED_EDGE('',*,*,#852,.T.);
#1116=ORIENTED_EDGE('',*,*,#825,.T.);
#1117=ORIENTED_EDGE('',*,*,#796,.F.);
#1118=ORIENTED_EDGE('',*,*,#810,.F.);
#1119=ORIENTED_EDGE('',*,*,#819,.F.);
#1120=ORIENTED_EDGE('',*,*,#854,.T.);
#1121=ORIENTED_EDGE('',*,*,#786,.F.);
#1122=ORIENTED_EDGE('',*,*,#855,.T.);
#1123=ORIENTED_EDGE('',*,*,#765,.T.);
#1124=ORIENTED_EDGE('',*,*,#856,.T.);
#1125=ORIENTED_EDGE('',*,*,#857,.T.);
#1126=ORIENTED_EDGE('',*,*,#858,.F.);
#1127=ORIENTED_EDGE('',*,*,#859,.F.);
#1128=ORIENTED_EDGE('',*,*,#860,.F.);
#1129=ORIENTED_EDGE('',*,*,#814,.F.);
#1130=ORIENTED_EDGE('',*,*,#766,.T.);
#1131=ORIENTED_EDGE('',*,*,#855,.F.);
#1132=ORIENTED_EDGE('',*,*,#785,.F.);
#1133=ORIENTED_EDGE('',*,*,#777,.F.);
#1134=ORIENTED_EDGE('',*,*,#788,.T.);
#1135=ORIENTED_EDGE('',*,*,#861,.F.);
#1136=ORIENTED_EDGE('',*,*,#862,.T.);
#1137=ORIENTED_EDGE('',*,*,#863,.F.);
#1138=ORIENTED_EDGE('',*,*,#864,.T.);
#1139=ORIENTED_EDGE('',*,*,#865,.F.);
#1140=ORIENTED_EDGE('',*,*,#866,.F.);
#1141=ORIENTED_EDGE('',*,*,#856,.F.);
#1142=ORIENTED_EDGE('',*,*,#764,.F.);
#1143=ORIENTED_EDGE('',*,*,#867,.F.);
#1144=ORIENTED_EDGE('',*,*,#868,.T.);
#1145=ORIENTED_EDGE('',*,*,#833,.T.);
#1146=ORIENTED_EDGE('',*,*,#869,.F.);
#1147=ORIENTED_EDGE('',*,*,#870,.F.);
#1148=ORIENTED_EDGE('',*,*,#871,.T.);
#1149=ORIENTED_EDGE('',*,*,#872,.T.);
#1150=ORIENTED_EDGE('',*,*,#847,.T.);
#1151=ORIENTED_EDGE('',*,*,#873,.T.);
#1152=ORIENTED_EDGE('',*,*,#858,.T.);
#1153=ORIENTED_EDGE('',*,*,#872,.F.);
#1154=ORIENTED_EDGE('',*,*,#857,.F.);
#1155=ORIENTED_EDGE('',*,*,#866,.T.);
#1156=ORIENTED_EDGE('',*,*,#874,.F.);
#1157=ORIENTED_EDGE('',*,*,#848,.T.);
#1158=ORIENTED_EDGE('',*,*,#861,.T.);
#1159=ORIENTED_EDGE('',*,*,#787,.T.);
#1160=ORIENTED_EDGE('',*,*,#860,.T.);
#1161=ORIENTED_EDGE('',*,*,#875,.T.);
#1162=ORIENTED_EDGE('',*,*,#845,.T.);
#1163=ORIENTED_EDGE('',*,*,#876,.T.);
#1164=ORIENTED_EDGE('',*,*,#873,.F.);
#1165=ORIENTED_EDGE('',*,*,#846,.T.);
#1166=ORIENTED_EDGE('',*,*,#875,.F.);
#1167=ORIENTED_EDGE('',*,*,#859,.T.);
#1168=ORIENTED_EDGE('',*,*,#843,.T.);
#1169=ORIENTED_EDGE('',*,*,#877,.T.);
#1170=ORIENTED_EDGE('',*,*,#863,.T.);
#1171=ORIENTED_EDGE('',*,*,#878,.T.);
#1172=ORIENTED_EDGE('',*,*,#877,.F.);
#1173=ORIENTED_EDGE('',*,*,#842,.T.);
#1174=ORIENTED_EDGE('',*,*,#879,.T.);
#1175=ORIENTED_EDGE('',*,*,#880,.T.);
#1176=ORIENTED_EDGE('',*,*,#756,.T.);
#1177=ORIENTED_EDGE('',*,*,#850,.T.);
#1178=ORIENTED_EDGE('',*,*,#881,.F.);
#1179=ORIENTED_EDGE('',*,*,#864,.F.);
#1180=ORIENTED_EDGE('',*,*,#849,.T.);
#1181=ORIENTED_EDGE('',*,*,#874,.T.);
#1182=ORIENTED_EDGE('',*,*,#865,.T.);
#1183=ORIENTED_EDGE('',*,*,#881,.T.);
#1184=ORIENTED_EDGE('',*,*,#882,.T.);
#1185=ORIENTED_EDGE('',*,*,#883,.T.);
#1186=ORIENTED_EDGE('',*,*,#759,.T.);
#1187=ORIENTED_EDGE('',*,*,#884,.T.);
#1188=ORIENTED_EDGE('',*,*,#883,.F.);
#1189=ORIENTED_EDGE('',*,*,#885,.T.);
#1190=ORIENTED_EDGE('',*,*,#886,.F.);
#1191=ORIENTED_EDGE('',*,*,#760,.F.);
#1192=ORIENTED_EDGE('',*,*,#887,.T.);
#1193=ORIENTED_EDGE('',*,*,#888,.T.);
#1194=ORIENTED_EDGE('',*,*,#882,.F.);
#1195=ORIENTED_EDGE('',*,*,#889,.F.);
#1196=ORIENTED_EDGE('',*,*,#890,.F.);
#1197=ORIENTED_EDGE('',*,*,#879,.F.);
#1198=ORIENTED_EDGE('',*,*,#841,.F.);
#1199=ORIENTED_EDGE('',*,*,#834,.F.);
#1200=ORIENTED_EDGE('',*,*,#868,.F.);
#1201=ORIENTED_EDGE('',*,*,#891,.F.);
#1202=ORIENTED_EDGE('',*,*,#892,.F.);
#1203=ORIENTED_EDGE('',*,*,#893,.F.);
#1204=ORIENTED_EDGE('',*,*,#885,.F.);
#1205=ORIENTED_EDGE('',*,*,#763,.T.);
#1206=ORIENTED_EDGE('',*,*,#894,.T.);
#1207=ORIENTED_EDGE('',*,*,#891,.T.);
#1208=ORIENTED_EDGE('',*,*,#867,.T.);
#1209=ORIENTED_EDGE('',*,*,#894,.F.);
#1210=ORIENTED_EDGE('',*,*,#762,.F.);
#1211=ORIENTED_EDGE('',*,*,#895,.T.);
#1212=ORIENTED_EDGE('',*,*,#892,.T.);
#1213=ORIENTED_EDGE('',*,*,#896,.T.);
#1214=ORIENTED_EDGE('',*,*,#897,.T.);
#1215=ORIENTED_EDGE('',*,*,#820,.F.);
#1216=ORIENTED_EDGE('',*,*,#898,.T.);
#1217=ORIENTED_EDGE('',*,*,#899,.T.);
#1218=ORIENTED_EDGE('',*,*,#898,.F.);
#1219=ORIENTED_EDGE('',*,*,#899,.F.);
#1220=ORIENTED_EDGE('',*,*,#900,.F.);
#1221=ORIENTED_EDGE('',*,*,#821,.F.);
#1222=ORIENTED_EDGE('',*,*,#901,.T.);
#1223=ORIENTED_EDGE('',*,*,#902,.T.);
#1224=ORIENTED_EDGE('',*,*,#901,.F.);
#1225=ORIENTED_EDGE('',*,*,#902,.F.);
#1226=ORIENTED_EDGE('',*,*,#903,.F.);
#1227=ORIENTED_EDGE('',*,*,#822,.F.);
#1228=ORIENTED_EDGE('',*,*,#904,.T.);
#1229=ORIENTED_EDGE('',*,*,#905,.T.);
#1230=ORIENTED_EDGE('',*,*,#904,.F.);
#1231=ORIENTED_EDGE('',*,*,#905,.F.);
#1232=ORIENTED_EDGE('',*,*,#906,.F.);
#1233=ORIENTED_EDGE('',*,*,#823,.F.);
#1234=ORIENTED_EDGE('',*,*,#907,.T.);
#1235=ORIENTED_EDGE('',*,*,#908,.T.);
#1236=ORIENTED_EDGE('',*,*,#907,.F.);
#1237=ORIENTED_EDGE('',*,*,#908,.F.);
#1238=ORIENTED_EDGE('',*,*,#909,.F.);
#1239=ORIENTED_EDGE('',*,*,#900,.T.);
#1240=ORIENTED_EDGE('',*,*,#910,.T.);
#1241=ORIENTED_EDGE('',*,*,#911,.F.);
#1242=ORIENTED_EDGE('',*,*,#910,.F.);
#1243=ORIENTED_EDGE('',*,*,#903,.T.);
#1244=ORIENTED_EDGE('',*,*,#912,.T.);
#1245=ORIENTED_EDGE('',*,*,#913,.F.);
#1246=ORIENTED_EDGE('',*,*,#912,.F.);
#1247=ORIENTED_EDGE('',*,*,#906,.T.);
#1248=ORIENTED_EDGE('',*,*,#914,.T.);
#1249=ORIENTED_EDGE('',*,*,#915,.F.);
#1250=ORIENTED_EDGE('',*,*,#914,.F.);
#1251=ORIENTED_EDGE('',*,*,#909,.T.);
#1252=ORIENTED_EDGE('',*,*,#916,.T.);
#1253=ORIENTED_EDGE('',*,*,#917,.F.);
#1254=ORIENTED_EDGE('',*,*,#916,.F.);
#1255=ORIENTED_EDGE('',*,*,#730,.F.);
#1256=ORIENTED_EDGE('',*,*,#734,.F.);
#1257=ORIENTED_EDGE('',*,*,#748,.F.);
#1258=ORIENTED_EDGE('',*,*,#752,.F.);
#1259=ORIENTED_EDGE('',*,*,#828,.F.);
#1260=ORIENTED_EDGE('',*,*,#800,.F.);
#1261=ORIENTED_EDGE('',*,*,#797,.F.);
#1262=ORIENTED_EDGE('',*,*,#809,.F.);
#1263=ORIENTED_EDGE('',*,*,#806,.F.);
#1264=ORIENTED_EDGE('',*,*,#918,.F.);
#1265=ORIENTED_EDGE('',*,*,#838,.F.);
#1266=ORIENTED_EDGE('',*,*,#753,.F.);
#1267=ORIENTED_EDGE('',*,*,#919,.T.);
#1268=ORIENTED_EDGE('',*,*,#920,.T.);
#1269=ORIENTED_EDGE('',*,*,#921,.T.);
#1270=ORIENTED_EDGE('',*,*,#808,.F.);
#1271=ORIENTED_EDGE('',*,*,#737,.T.);
#1272=ORIENTED_EDGE('',*,*,#851,.F.);
#1273=ORIENTED_EDGE('',*,*,#922,.F.);
#1274=ORIENTED_EDGE('',*,*,#839,.F.);
#1275=ORIENTED_EDGE('',*,*,#836,.F.);
#1276=ORIENTED_EDGE('',*,*,#918,.T.);
#1277=ORIENTED_EDGE('',*,*,#745,.F.);
#1278=ORIENTED_EDGE('',*,*,#923,.T.);
#1279=ORIENTED_EDGE('',*,*,#919,.F.);
#1280=ORIENTED_EDGE('',*,*,#923,.F.);
#1281=ORIENTED_EDGE('',*,*,#746,.F.);
#1282=ORIENTED_EDGE('',*,*,#924,.T.);
#1283=ORIENTED_EDGE('',*,*,#920,.F.);
#1284=ORIENTED_EDGE('',*,*,#924,.F.);
#1285=ORIENTED_EDGE('',*,*,#747,.F.);
#1286=ORIENTED_EDGE('',*,*,#925,.T.);
#1287=ORIENTED_EDGE('',*,*,#921,.F.);
#1288=ORIENTED_EDGE('',*,*,#925,.F.);
#1289=ORIENTED_EDGE('',*,*,#840,.F.);
#1290=ORIENTED_EDGE('',*,*,#922,.T.);
#1291=ORIENTED_EDGE('',*,*,#853,.T.);
#1292=ORIENTED_EDGE('',*,*,#854,.F.);
#1293=ORIENTED_EDGE('',*,*,#818,.F.);
#1294=ORIENTED_EDGE('',*,*,#771,.T.);
#1295=ORIENTED_EDGE('',*,*,#926,.T.);
#1296=ORIENTED_EDGE('',*,*,#927,.T.);
#1297=ORIENTED_EDGE('',*,*,#928,.F.);
#1298=ORIENTED_EDGE('',*,*,#829,.T.);
#1299=ORIENTED_EDGE('',*,*,#804,.T.);
#1300=ORIENTED_EDGE('',*,*,#929,.T.);
#1301=ORIENTED_EDGE('',*,*,#930,.T.);
#1302=ORIENTED_EDGE('',*,*,#831,.F.);
#1303=ORIENTED_EDGE('',*,*,#791,.F.);
#1304=ORIENTED_EDGE('',*,*,#832,.T.);
#1305=ORIENTED_EDGE('',*,*,#930,.F.);
#1306=ORIENTED_EDGE('',*,*,#931,.T.);
#1307=ORIENTED_EDGE('',*,*,#869,.T.);
#1308=ORIENTED_EDGE('',*,*,#830,.T.);
#1309=ORIENTED_EDGE('',*,*,#928,.T.);
#1310=ORIENTED_EDGE('',*,*,#932,.T.);
#1311=ORIENTED_EDGE('',*,*,#793,.T.);
#1312=ORIENTED_EDGE('',*,*,#876,.F.);
#1313=ORIENTED_EDGE('',*,*,#844,.F.);
#1314=ORIENTED_EDGE('',*,*,#878,.F.);
#1315=ORIENTED_EDGE('',*,*,#862,.F.);
#1316=ORIENTED_EDGE('',*,*,#770,.T.);
#1317=ORIENTED_EDGE('',*,*,#933,.T.);
#1318=ORIENTED_EDGE('',*,*,#934,.T.);
#1319=ORIENTED_EDGE('',*,*,#926,.F.);
#1320=ORIENTED_EDGE('',*,*,#911,.T.);
#1321=ORIENTED_EDGE('',*,*,#913,.T.);
#1322=ORIENTED_EDGE('',*,*,#915,.T.);
#1323=ORIENTED_EDGE('',*,*,#917,.T.);
#1324=ORIENTED_EDGE('',*,*,#932,.F.);
#1325=ORIENTED_EDGE('',*,*,#927,.F.);
#1326=ORIENTED_EDGE('',*,*,#934,.F.);
#1327=ORIENTED_EDGE('',*,*,#935,.F.);
#1328=ORIENTED_EDGE('',*,*,#815,.F.);
#1329=ORIENTED_EDGE('',*,*,#811,.F.);
#1330=ORIENTED_EDGE('',*,*,#794,.F.);
#1331=ORIENTED_EDGE('',*,*,#929,.F.);
#1332=ORIENTED_EDGE('',*,*,#790,.F.);
#1333=ORIENTED_EDGE('',*,*,#936,.F.);
#1334=ORIENTED_EDGE('',*,*,#870,.T.);
#1335=ORIENTED_EDGE('',*,*,#931,.F.);
#1336=ORIENTED_EDGE('',*,*,#936,.T.);
#1337=ORIENTED_EDGE('',*,*,#789,.F.);
#1338=ORIENTED_EDGE('',*,*,#778,.F.);
#1339=ORIENTED_EDGE('',*,*,#871,.F.);
#1340=ORIENTED_EDGE('',*,*,#893,.T.);
#1341=ORIENTED_EDGE('',*,*,#895,.F.);
#1342=ORIENTED_EDGE('',*,*,#761,.F.);
#1343=ORIENTED_EDGE('',*,*,#886,.T.);
#1344=ORIENTED_EDGE('',*,*,#884,.F.);
#1345=ORIENTED_EDGE('',*,*,#758,.F.);
#1346=ORIENTED_EDGE('',*,*,#937,.T.);
#1347=ORIENTED_EDGE('',*,*,#889,.T.);
#1348=ORIENTED_EDGE('',*,*,#890,.T.);
#1349=ORIENTED_EDGE('',*,*,#937,.F.);
#1350=ORIENTED_EDGE('',*,*,#757,.T.);
#1351=ORIENTED_EDGE('',*,*,#880,.F.);
#1352=ORIENTED_EDGE('',*,*,#769,.T.);
#1353=ORIENTED_EDGE('',*,*,#816,.T.);
#1354=ORIENTED_EDGE('',*,*,#935,.T.);
#1355=ORIENTED_EDGE('',*,*,#933,.F.);
#1356=ORIENTED_EDGE('',*,*,#888,.F.);
#1357=ORIENTED_EDGE('',*,*,#938,.T.);
#1358=ORIENTED_EDGE('',*,*,#897,.F.);
#1359=ORIENTED_EDGE('',*,*,#938,.F.);
#1360=ORIENTED_EDGE('',*,*,#887,.F.);
#1361=ORIENTED_EDGE('',*,*,#939,.T.);
#1362=ORIENTED_EDGE('',*,*,#896,.F.);
#1363=ORIENTED_EDGE('',*,*,#939,.F.);
#1364=CYLINDRICAL_SURFACE('',#1482,4.);
#1365=CYLINDRICAL_SURFACE('',#1493,4.);
#1366=CYLINDRICAL_SURFACE('',#1506,20.);
#1367=CYLINDRICAL_SURFACE('',#1514,1.);
#1368=CYLINDRICAL_SURFACE('',#1520,1.);
#1369=CYLINDRICAL_SURFACE('',#1523,0.5);
#1370=CYLINDRICAL_SURFACE('',#1526,0.5);
#1371=CYLINDRICAL_SURFACE('',#1532,0.4);
#1372=CYLINDRICAL_SURFACE('',#1534,0.5);
#1373=CYLINDRICAL_SURFACE('',#1535,26.5);
#1374=CYLINDRICAL_SURFACE('',#1539,0.5);
#1375=CYLINDRICAL_SURFACE('',#1546,5.);
#1376=CYLINDRICAL_SURFACE('',#1550,20.);
#1377=CYLINDRICAL_SURFACE('',#1557,1.);
#1378=CYLINDRICAL_SURFACE('',#1559,1.);
#1379=CYLINDRICAL_SURFACE('',#1561,1.);
#1380=CYLINDRICAL_SURFACE('',#1563,1.);
#1381=CYLINDRICAL_SURFACE('',#1564,2.);
#1382=CYLINDRICAL_SURFACE('',#1571,2.5);
#1383=CYLINDRICAL_SURFACE('',#1575,2.75);
#1384=CYLINDRICAL_SURFACE('',#1579,2.75);
#1385=CYLINDRICAL_SURFACE('',#1583,2.75);
#1386=CYLINDRICAL_SURFACE('',#1587,2.75);
#1387=CYLINDRICAL_SURFACE('',#1591,1.5);
#1388=CYLINDRICAL_SURFACE('',#1593,1.5);
#1389=CYLINDRICAL_SURFACE('',#1595,1.5);
#1390=CYLINDRICAL_SURFACE('',#1597,1.5);
#1391=CYLINDRICAL_SURFACE('',#1604,1.5);
#1392=CYLINDRICAL_SURFACE('',#1605,1.5);
#1393=CYLINDRICAL_SURFACE('',#1606,1.5);
#1394=CYLINDRICAL_SURFACE('',#1616,25.);
#1395=CYLINDRICAL_SURFACE('',#1623,1.5);
#1396=CYLINDRICAL_SURFACE('',#1624,1.5);
#1397=ADVANCED_FACE('',(#83),#1364,.T.);
#1398=ADVANCED_FACE('',(#84),#46,.T.);
#1399=ADVANCED_FACE('',(#85,#24,#25,#26),#47,.T.);
#1400=ADVANCED_FACE('',(#86),#1365,.T.);
#1401=ADVANCED_FACE('',(#87),#48,.T.);
#1402=ADVANCED_FACE('',(#88),#49,.T.);
#1403=ADVANCED_FACE('',(#89),#1366,.F.);
#1404=ADVANCED_FACE('',(#90),#50,.F.);
#1405=ADVANCED_FACE('',(#91),#51,.T.);
#1406=ADVANCED_FACE('',(#92),#1367,.F.);
#1407=ADVANCED_FACE('',(#93),#52,.F.);
#1408=ADVANCED_FACE('',(#94),#1368,.F.);
#1409=ADVANCED_FACE('',(#95),#53,.T.);
#1410=ADVANCED_FACE('',(#96),#1369,.F.);
#1411=ADVANCED_FACE('',(#97),#1370,.F.);
#1412=ADVANCED_FACE('',(#98,#27,#28,#29,#30),#54,.F.);
#1413=ADVANCED_FACE('',(#99),#1371,.F.);
#1414=ADVANCED_FACE('',(#100),#55,.T.);
#1415=ADVANCED_FACE('',(#101),#1372,.F.);
#1416=ADVANCED_FACE('',(#102),#1373,.T.);
#1417=ADVANCED_FACE('',(#103),#1374,.F.);
#1418=ADVANCED_FACE('',(#104),#56,.T.);
#1419=ADVANCED_FACE('',(#105),#1375,.F.);
#1420=ADVANCED_FACE('',(#106),#57,.T.);
#1421=ADVANCED_FACE('',(#107),#1376,.F.);
#1422=ADVANCED_FACE('',(#108),#58,.T.);
#1423=ADVANCED_FACE('',(#109),#59,.T.);
#1424=ADVANCED_FACE('',(#110),#1377,.F.);
#1425=ADVANCED_FACE('',(#111),#60,.T.);
#1426=ADVANCED_FACE('',(#112),#1378,.F.);
#1427=ADVANCED_FACE('',(#113),#61,.T.);
#1428=ADVANCED_FACE('',(#114),#1379,.F.);
#1429=ADVANCED_FACE('',(#115),#62,.T.);
#1430=ADVANCED_FACE('',(#116),#1380,.F.);
#1431=ADVANCED_FACE('',(#117),#1381,.T.);
#1432=ADVANCED_FACE('',(#118,#31,#32),#63,.T.);
#1433=ADVANCED_FACE('',(#119),#64,.T.);
#1434=ADVANCED_FACE('',(#120),#1382,.F.);
#1435=ADVANCED_FACE('',(#121,#33,#34),#65,.F.);
#1436=ADVANCED_FACE('',(#122),#1383,.F.);
#1437=ADVANCED_FACE('',(#123,#35),#66,.T.);
#1438=ADVANCED_FACE('',(#124),#1384,.F.);
#1439=ADVANCED_FACE('',(#125,#36),#67,.T.);
#1440=ADVANCED_FACE('',(#126),#1385,.F.);
#1441=ADVANCED_FACE('',(#127,#37),#68,.T.);
#1442=ADVANCED_FACE('',(#128),#1386,.F.);
#1443=ADVANCED_FACE('',(#129,#38),#69,.T.);
#1444=ADVANCED_FACE('',(#130),#1387,.F.);
#1445=ADVANCED_FACE('',(#131),#1388,.F.);
#1446=ADVANCED_FACE('',(#132),#1389,.F.);
#1447=ADVANCED_FACE('',(#133),#1390,.F.);
#1448=ADVANCED_FACE('',(#134,#39,#40,#41),#70,.F.);
#1449=ADVANCED_FACE('',(#135),#71,.T.);
#1450=ADVANCED_FACE('',(#136),#1391,.F.);
#1451=ADVANCED_FACE('',(#137),#1392,.F.);
#1452=ADVANCED_FACE('',(#138),#1393,.F.);
#1453=ADVANCED_FACE('',(#139),#72,.T.);
#1454=ADVANCED_FACE('',(#140),#73,.T.);
#1455=ADVANCED_FACE('',(#141),#74,.T.);
#1456=ADVANCED_FACE('',(#142),#15,.F.);
#1457=ADVANCED_FACE('',(#143),#75,.F.);
#1458=ADVANCED_FACE('',(#144,#42,#43,#44,#45),#76,.T.);
#1459=ADVANCED_FACE('',(#145),#77,.T.);
#1460=ADVANCED_FACE('',(#146),#1394,.F.);
#1461=ADVANCED_FACE('',(#147),#78,.T.);
#1462=ADVANCED_FACE('',(#148),#79,.F.);
#1463=ADVANCED_FACE('',(#149),#80,.T.);
#1464=ADVANCED_FACE('',(#150),#81,.F.);
#1465=ADVANCED_FACE('',(#151),#82,.T.);
#1466=ADVANCED_FACE('',(#152),#1395,.F.);
#1467=ADVANCED_FACE('',(#153),#1396,.F.);
#1468=CLOSED_SHELL('',(#1397,#1398,#1399,#1400,#1401,#1402,#1403,#1404,
#1405,#1406,#1407,#1408,#1409,#1410,#1411,#1412,#1413,#1414,#1415,#1416,
#1417,#1418,#1419,#1420,#1421,#1422,#1423,#1424,#1425,#1426,#1427,#1428,
#1429,#1430,#1431,#1432,#1433,#1434,#1435,#1436,#1437,#1438,#1439,#1440,
#1441,#1442,#1443,#1444,#1445,#1446,#1447,#1448,#1449,#1450,#1451,#1452,
#1453,#1454,#1455,#1456,#1457,#1458,#1459,#1460,#1461,#1462,#1463,#1464,
#1465,#1466,#1467));
#1469=DERIVED_UNIT_ELEMENT(#1471,1.);
#1470=DERIVED_UNIT_ELEMENT(#2527,-3.);
#1471=(
MASS_UNIT()
NAMED_UNIT(*)
SI_UNIT(.KILO.,.GRAM.)
);
#1472=DERIVED_UNIT((#1469,#1470));
#1473=MEASURE_REPRESENTATION_ITEM('density measure',
POSITIVE_RATIO_MEASURE(7850.),#1472);
#1474=PROPERTY_DEFINITION_REPRESENTATION(#1479,#1476);
#1475=PROPERTY_DEFINITION_REPRESENTATION(#1480,#1477);
#1476=REPRESENTATION('material name',(#1478),#2524);
#1477=REPRESENTATION('density',(#1473),#2524);
#1478=DESCRIPTIVE_REPRESENTATION_ITEM('\X2\94A2\X0\','\X2\94A2\X0\');
#1479=PROPERTY_DEFINITION('material property','material name',#2534);
#1480=PROPERTY_DEFINITION('material property','density of part',#2534);
#1481=AXIS2_PLACEMENT_3D('',#2049,#1625,#1626);
#1482=AXIS2_PLACEMENT_3D('',#2050,#1627,#1628);
#1483=AXIS2_PLACEMENT_3D('',#2053,#1629,#1630);
#1484=AXIS2_PLACEMENT_3D('',#2057,#1632,#1633);
#1485=AXIS2_PLACEMENT_3D('',#2059,#1635,#1636);
#1486=AXIS2_PLACEMENT_3D('',#2065,#1640,#1641);
#1487=AXIS2_PLACEMENT_3D('',#2073,#1645,#1646);
#1488=AXIS2_PLACEMENT_3D('',#2077,#1648,#1649);
#1489=AXIS2_PLACEMENT_3D('',#2084,#1653,#1654);
#1490=AXIS2_PLACEMENT_3D('',#2086,#1655,#1656);
#1491=AXIS2_PLACEMENT_3D('',#2088,#1657,#1658);
#1492=AXIS2_PLACEMENT_3D('',#2090,#1659,#1660);
#1493=AXIS2_PLACEMENT_3D('',#2091,#1661,#1662);
#1494=AXIS2_PLACEMENT_3D('',#2093,#1663,#1664);
#1495=AXIS2_PLACEMENT_3D('',#2095,#1666,#1667);
#1496=AXIS2_PLACEMENT_3D('',#2097,#1668,#1669);
#1497=AXIS2_PLACEMENT_3D('',#2099,#1670,#1671);
#1498=AXIS2_PLACEMENT_3D('',#2101,#1673,#1674);
#1499=AXIS2_PLACEMENT_3D('',#2105,#1676,#1677);
#1500=AXIS2_PLACEMENT_3D('',#2115,#1682,#1683);
#1501=AXIS2_PLACEMENT_3D('',#2123,#1687,#1688);
#1502=AXIS2_PLACEMENT_3D('',#2127,#1690,#1691);
#1503=AXIS2_PLACEMENT_3D('',#2131,#1693,#1694);
#1504=AXIS2_PLACEMENT_3D('',#2143,#1700,#1701);
#1505=AXIS2_PLACEMENT_3D('',#2146,#1703,#1704);
#1506=AXIS2_PLACEMENT_3D('',#2147,#1705,#1706);
#1507=AXIS2_PLACEMENT_3D('',#2150,#1707,#1708);
#1508=AXIS2_PLACEMENT_3D('',#2154,#1710,#1711);
#1509=AXIS2_PLACEMENT_3D('',#2156,#1713,#1714);
#1510=AXIS2_PLACEMENT_3D('',#2162,#1717,#1718);
#1511=AXIS2_PLACEMENT_3D('',#2166,#1720,#1721);
#1512=AXIS2_PLACEMENT_3D('',#2170,#1723,#1724);
#1513=AXIS2_PLACEMENT_3D('',#2174,#1727,#1728);
#1514=AXIS2_PLACEMENT_3D('',#2207,#1736,#1737);
#1515=AXIS2_PLACEMENT_3D('',#2210,#1738,#1739);
#1516=AXIS2_PLACEMENT_3D('',#2213,#1742,#1743);
#1517=AXIS2_PLACEMENT_3D('',#2217,#1745,#1746);
#1518=AXIS2_PLACEMENT_3D('',#2219,#1747,#1748);
#1519=AXIS2_PLACEMENT_3D('',#2224,#1751,#1752);
#1520=AXIS2_PLACEMENT_3D('',#2225,#1753,#1754);
#1521=AXIS2_PLACEMENT_3D('',#2228,#1755,#1756);
#1522=AXIS2_PLACEMENT_3D('',#2231,#1759,#1760);
#1523=AXIS2_PLACEMENT_3D('',#2233,#1762,#1763);
#1524=AXIS2_PLACEMENT_3D('',#2235,#1764,#1765);
#1525=AXIS2_PLACEMENT_3D('',#2237,#1766,#1767);
#1526=AXIS2_PLACEMENT_3D('',#2239,#1769,#1770);
#1527=AXIS2_PLACEMENT_3D('',#2242,#1773,#1774);
#1528=AXIS2_PLACEMENT_3D('',#2251,#1780,#1781);
#1529=AXIS2_PLACEMENT_3D('',#2253,#1782,#1783);
#1530=AXIS2_PLACEMENT_3D('',#2255,#1784,#1785);
#1531=AXIS2_PLACEMENT_3D('',#2257,#1786,#1787);
#1532=AXIS2_PLACEMENT_3D('',#2258,#1788,#1789);
#1533=AXIS2_PLACEMENT_3D('',#2260,#1791,#1792);
#1534=AXIS2_PLACEMENT_3D('',#2264,#1795,#1796);
#1535=AXIS2_PLACEMENT_3D('',#2267,#1799,#1800);
#1536=AXIS2_PLACEMENT_3D('',#2270,#1802,#1803);
#1537=AXIS2_PLACEMENT_3D('',#2274,#1805,#1806);
#1538=AXIS2_PLACEMENT_3D('',#2278,#1808,#1809);
#1539=AXIS2_PLACEMENT_3D('',#2280,#1811,#1812);
#1540=AXIS2_PLACEMENT_3D('',#2283,#1813,#1814);
#1541=AXIS2_PLACEMENT_3D('',#2286,#1817,#1818);
#1542=AXIS2_PLACEMENT_3D('',#2295,#1823,#1824);
#1543=AXIS2_PLACEMENT_3D('',#2299,#1826,#1827);
#1544=AXIS2_PLACEMENT_3D('',#2303,#1829,#1830);
#1545=AXIS2_PLACEMENT_3D('',#2307,#1832,#1833);
#1546=AXIS2_PLACEMENT_3D('',#2309,#1835,#1836);
#1547=AXIS2_PLACEMENT_3D('',#2311,#1837,#1838);
#1548=AXIS2_PLACEMENT_3D('',#2313,#1839,#1840);
#1549=AXIS2_PLACEMENT_3D('',#2315,#1842,#1843);
#1550=AXIS2_PLACEMENT_3D('',#2317,#1845,#1846);
#1551=AXIS2_PLACEMENT_3D('',#2322,#1849,#1850);
#1552=AXIS2_PLACEMENT_3D('',#2342,#1852,#1853);
#1553=AXIS2_PLACEMENT_3D('',#2343,#1854,#1855);
#1554=AXIS2_PLACEMENT_3D('',#2345,#1856,#1857);
#1555=AXIS2_PLACEMENT_3D('',#2349,#1859,#1860);
#1556=AXIS2_PLACEMENT_3D('',#2353,#1862,#1863);
#1557=AXIS2_PLACEMENT_3D('',#2363,#1870,#1871);
#1558=AXIS2_PLACEMENT_3D('',#2366,#1874,#1875);
#1559=AXIS2_PLACEMENT_3D('',#2368,#1877,#1878);
#1560=AXIS2_PLACEMENT_3D('',#2371,#1881,#1882);
#1561=AXIS2_PLACEMENT_3D('',#2372,#1883,#1884);
#1562=AXIS2_PLACEMENT_3D('',#2375,#1887,#1888);
#1563=AXIS2_PLACEMENT_3D('',#2380,#1892,#1893);
#1564=AXIS2_PLACEMENT_3D('',#2381,#1894,#1895);
#1565=AXIS2_PLACEMENT_3D('',#2384,#1896,#1897);
#1566=AXIS2_PLACEMENT_3D('',#2387,#1900,#1901);
#1567=AXIS2_PLACEMENT_3D('',#2392,#1904,#1905);
#1568=AXIS2_PLACEMENT_3D('',#2394,#1906,#1907);
#1569=AXIS2_PLACEMENT_3D('',#2395,#1908,#1909);
#1570=AXIS2_PLACEMENT_3D('',#2400,#1912,#1913);
#1571=AXIS2_PLACEMENT_3D('',#2404,#1916,#1917);
#1572=AXIS2_PLACEMENT_3D('',#2406,#1919,#1920);
#1573=AXIS2_PLACEMENT_3D('',#2409,#1922,#1923);
#1574=AXIS2_PLACEMENT_3D('',#2411,#1924,#1925);
#1575=AXIS2_PLACEMENT_3D('',#2412,#1926,#1927);
#1576=AXIS2_PLACEMENT_3D('',#2415,#1929,#1930);
#1577=AXIS2_PLACEMENT_3D('',#2416,#1931,#1932);
#1578=AXIS2_PLACEMENT_3D('',#2418,#1933,#1934);
#1579=AXIS2_PLACEMENT_3D('',#2419,#1935,#1936);
#1580=AXIS2_PLACEMENT_3D('',#2422,#1938,#1939);
#1581=AXIS2_PLACEMENT_3D('',#2423,#1940,#1941);
#1582=AXIS2_PLACEMENT_3D('',#2425,#1942,#1943);
#1583=AXIS2_PLACEMENT_3D('',#2426,#1944,#1945);
#1584=AXIS2_PLACEMENT_3D('',#2429,#1947,#1948);
#1585=AXIS2_PLACEMENT_3D('',#2430,#1949,#1950);
#1586=AXIS2_PLACEMENT_3D('',#2432,#1951,#1952);
#1587=AXIS2_PLACEMENT_3D('',#2433,#1953,#1954);
#1588=AXIS2_PLACEMENT_3D('',#2436,#1956,#1957);
#1589=AXIS2_PLACEMENT_3D('',#2437,#1958,#1959);
#1590=AXIS2_PLACEMENT_3D('',#2439,#1960,#1961);
#1591=AXIS2_PLACEMENT_3D('',#2440,#1962,#1963);
#1592=AXIS2_PLACEMENT_3D('',#2443,#1965,#1966);
#1593=AXIS2_PLACEMENT_3D('',#2444,#1967,#1968);
#1594=AXIS2_PLACEMENT_3D('',#2447,#1970,#1971);
#1595=AXIS2_PLACEMENT_3D('',#2448,#1972,#1973);
#1596=AXIS2_PLACEMENT_3D('',#2451,#1975,#1976);
#1597=AXIS2_PLACEMENT_3D('',#2452,#1977,#1978);
#1598=AXIS2_PLACEMENT_3D('',#2455,#1980,#1981);
#1599=AXIS2_PLACEMENT_3D('',#2456,#1982,#1983);
#1600=AXIS2_PLACEMENT_3D('',#2459,#1985,#1986);
#1601=AXIS2_PLACEMENT_3D('',#2461,#1987,#1988);
#1602=AXIS2_PLACEMENT_3D('',#2463,#1989,#1990);
#1603=AXIS2_PLACEMENT_3D('',#2464,#1991,#1992);
#1604=AXIS2_PLACEMENT_3D('',#2466,#1994,#1995);
#1605=AXIS2_PLACEMENT_3D('',#2468,#1997,#1998);
#1606=AXIS2_PLACEMENT_3D('',#2470,#2000,#2001);
#1607=AXIS2_PLACEMENT_3D('',#2472,#2003,#2004);
#1608=AXIS2_PLACEMENT_3D('',#2495,#2007,#2008);
#1609=AXIS2_PLACEMENT_3D('',#2499,#2011,#2012);
#1610=AXIS2_PLACEMENT_3D('',#2500,#2013,#2014);
#1611=AXIS2_PLACEMENT_3D('',#2501,#2015,#2016);
#1612=AXIS2_PLACEMENT_3D('',#2502,#2017,#2018);
#1613=AXIS2_PLACEMENT_3D('',#2503,#2019,#2020);
#1614=AXIS2_PLACEMENT_3D('',#2504,#2021,#2022);
#1615=AXIS2_PLACEMENT_3D('',#2508,#2025,#2026);
#1616=AXIS2_PLACEMENT_3D('',#2510,#2028,#2029);
#1617=AXIS2_PLACEMENT_3D('',#2511,#2030,#2031);
#1618=AXIS2_PLACEMENT_3D('',#2512,#2032,#2033);
#1619=AXIS2_PLACEMENT_3D('',#2513,#2034,#2035);
#1620=AXIS2_PLACEMENT_3D('',#2514,#2036,#2037);
#1621=AXIS2_PLACEMENT_3D('',#2516,#2039,#2040);
#1622=AXIS2_PLACEMENT_3D('',#2517,#2041,#2042);
#1623=AXIS2_PLACEMENT_3D('',#2518,#2043,#2044);
#1624=AXIS2_PLACEMENT_3D('',#2520,#2046,#2047);
#1625=DIRECTION('axis',(0.,0.,1.));
#1626=DIRECTION('refdir',(1.,0.,0.));
#1627=DIRECTION('center_axis',(0.,0.,-1.));
#1628=DIRECTION('ref_axis',(0.707106781186548,-0.707106781186548,0.));
#1629=DIRECTION('center_axis',(0.,0.,1.));
#1630=DIRECTION('ref_axis',(0.707106781186548,-0.707106781186548,0.));
#1631=DIRECTION('',(0.,0.,1.));
#1632=DIRECTION('center_axis',(0.,0.,-1.));
#1633=DIRECTION('ref_axis',(0.707106781186548,-0.707106781186548,0.));
#1634=DIRECTION('',(0.,0.,-1.));
#1635=DIRECTION('center_axis',(1.,0.,0.));
#1636=DIRECTION('ref_axis',(0.,-1.,0.));
#1637=DIRECTION('',(0.,1.,0.));
#1638=DIRECTION('',(0.,0.,-1.));
#1639=DIRECTION('',(0.,1.,0.));
#1640=DIRECTION('center_axis',(0.,0.,-1.));
#1641=DIRECTION('ref_axis',(-1.,0.,0.));
#1642=DIRECTION('',(1.,0.,0.));
#1643=DIRECTION('',(0.,-1.,0.));
#1644=DIRECTION('',(-1.,1.268826313857E-16,-1.93510742801E-15));
#1645=DIRECTION('center_axis',(0.,0.,-1.));
#1646=DIRECTION('ref_axis',(0.707106781186547,-0.707106781186548,0.));
#1647=DIRECTION('',(0.,-1.,0.));
#1648=DIRECTION('center_axis',(0.,0.,-1.));
#1649=DIRECTION('ref_axis',(0.707106781186546,0.707106781186549,0.));
#1650=DIRECTION('',(-1.,0.,0.));
#1651=DIRECTION('',(0.,1.,0.));
#1652=DIRECTION('',(-1.,0.,0.));
#1653=DIRECTION('center_axis',(0.,0.,1.));
#1654=DIRECTION('ref_axis',(0.707106781186547,0.707106781186548,0.));
#1655=DIRECTION('center_axis',(0.,0.,1.));
#1656=DIRECTION('ref_axis',(1.,0.,0.));
#1657=DIRECTION('center_axis',(0.,0.,1.));
#1658=DIRECTION('ref_axis',(1.,0.,0.));
#1659=DIRECTION('center_axis',(0.,0.,1.));
#1660=DIRECTION('ref_axis',(1.,0.,0.));
#1661=DIRECTION('center_axis',(0.,0.,1.));
#1662=DIRECTION('ref_axis',(0.707106781186547,0.707106781186548,0.));
#1663=DIRECTION('center_axis',(0.,0.,-1.));
#1664=DIRECTION('ref_axis',(0.707106781186547,0.707106781186548,0.));
#1665=DIRECTION('',(0.,0.,1.));
#1666=DIRECTION('center_axis',(0.,1.,0.));
#1667=DIRECTION('ref_axis',(1.,0.,0.));
#1668=DIRECTION('center_axis',(0.,1.,0.));
#1669=DIRECTION('ref_axis',(-1.,0.,0.));
#1670=DIRECTION('center_axis',(0.,1.,0.));
#1671=DIRECTION('ref_axis',(-0.687184270936281,0.,-0.726483157256775));
#1672=DIRECTION('',(1.,0.,0.));
#1673=DIRECTION('center_axis',(0.,-1.,0.));
#1674=DIRECTION('ref_axis',(0.,0.,-1.));
#1675=DIRECTION('',(-1.,0.,0.));
#1676=DIRECTION('center_axis',(0.,-1.,0.));
#1677=DIRECTION('ref_axis',(-0.542725290182783,0.,-0.839910268657322));
#1678=DIRECTION('',(0.410898518792038,0.,-0.911681088569084));
#1679=DIRECTION('',(-1.,0.,0.));
#1680=DIRECTION('',(-0.410892041980815,0.,0.911684007667589));
#1681=DIRECTION('',(0.379658406395103,0.,-0.925126745075252));
#1682=DIRECTION('center_axis',(0.,1.,0.));
#1683=DIRECTION('ref_axis',(0.556929795218793,0.,0.830559572335153));
#1684=DIRECTION('',(-1.,0.,1.925926889914E-15));
#1685=DIRECTION('',(-1.7763568394E-15,0.,-1.));
#1686=DIRECTION('',(1.,0.,0.));
#1687=DIRECTION('center_axis',(0.,-1.,0.));
#1688=DIRECTION('ref_axis',(0.542725290182778,0.,0.839910268657325));
#1689=DIRECTION('',(-0.410898518792038,0.,0.911681088569084));
#1690=DIRECTION('center_axis',(0.,-1.,0.));
#1691=DIRECTION('ref_axis',(0.996978776177814,0.,0.0776744478640688));
#1692=DIRECTION('',(0.264739595898653,0.,0.964319939835021));
#1693=DIRECTION('center_axis',(0.,-1.,0.));
#1694=DIRECTION('ref_axis',(0.6063251619805,0.,-0.795216824488341));
#1695=DIRECTION('',(1.,0.,0.));
#1696=DIRECTION('',(8.881784197001E-16,0.,1.));
#1697=DIRECTION('',(-1.,0.,0.));
#1698=DIRECTION('',(-1.899927346977E-16,0.,-1.));
#1699=DIRECTION('',(1.,0.,0.));
#1700=DIRECTION('center_axis',(0.,-1.,0.));
#1701=DIRECTION('ref_axis',(-0.795216824488349,0.,-0.606325161980489));
#1702=DIRECTION('',(-0.264739595898653,0.,-0.964319939835021));
#1703=DIRECTION('center_axis',(0.,-1.,0.));
#1704=DIRECTION('ref_axis',(-0.606325161980495,0.,0.795216824488345));
#1705=DIRECTION('center_axis',(0.,1.,0.));
#1706=DIRECTION('ref_axis',(0.977670979565488,0.,0.21014151354613));
#1707=DIRECTION('center_axis',(0.,1.,0.));
#1708=DIRECTION('ref_axis',(0.977670979565488,0.,0.21014151354613));
#1709=DIRECTION('',(0.,1.,0.));
#1710=DIRECTION('center_axis',(0.,1.,0.));
#1711=DIRECTION('ref_axis',(0.977670979565488,0.,0.21014151354613));
#1712=DIRECTION('',(0.,-1.,0.));
#1713=DIRECTION('center_axis',(0.,-1.,0.));
#1714=DIRECTION('ref_axis',(1.,0.,0.));
#1715=DIRECTION('',(0.,0.,1.));
#1716=DIRECTION('',(0.264739595898653,0.,0.964319939835021));
#1717=DIRECTION('center_axis',(0.,1.,0.));
#1718=DIRECTION('ref_axis',(-0.795216824488349,0.,-0.606325161980489));
#1719=DIRECTION('',(1.,0.,0.));
#1720=DIRECTION('center_axis',(0.,1.,0.));
#1721=DIRECTION('ref_axis',(0.6063251619805,0.,-0.795216824488341));
#1722=DIRECTION('',(0.264739595898653,0.,0.964319939835021));
#1723=DIRECTION('center_axis',(0.,1.,0.));
#1724=DIRECTION('ref_axis',(0.996978776177814,0.,0.0776744478640688));
#1725=DIRECTION('',(0.911681088569084,0.,0.410898518792038));
#1726=DIRECTION('',(-0.410898518792038,0.,0.911681088569084));
#1727=DIRECTION('center_axis',(-1.,0.,0.));
#1728=DIRECTION('ref_axis',(0.,0.,1.));
#1729=DIRECTION('',(0.,0.,-1.));
#1730=DIRECTION('',(0.,-1.,0.));
#1731=DIRECTION('',(-3.848916713946E-13,0.,-1.));
#1732=DIRECTION('',(0.,-1.,0.));
#1733=DIRECTION('',(0.,0.,-1.));
#1734=DIRECTION('',(0.,1.,0.));
#1735=DIRECTION('',(0.,0.,1.));
#1736=DIRECTION('center_axis',(0.,0.,-1.));
#1737=DIRECTION('ref_axis',(0.707106781186546,0.707106781186549,0.));
#1738=DIRECTION('center_axis',(0.,0.,1.));
#1739=DIRECTION('ref_axis',(0.707106781186546,0.707106781186549,0.));
#1740=DIRECTION('',(0.,0.,-1.));
#1741=DIRECTION('',(0.,0.,1.));
#1742=DIRECTION('center_axis',(0.,1.,0.));
#1743=DIRECTION('ref_axis',(-1.,0.,0.));
#1744=DIRECTION('',(-1.,0.,0.));
#1745=DIRECTION('center_axis',(0.,-1.,0.));
#1746=DIRECTION('ref_axis',(-0.687184270936281,0.,-0.726483157256775));
#1747=DIRECTION('center_axis',(0.,-1.,0.));
#1748=DIRECTION('ref_axis',(-1.,0.,0.));
#1749=DIRECTION('',(-0.410898518792038,0.,0.911681088569084));
#1750=DIRECTION('',(0.,0.,1.));
#1751=DIRECTION('center_axis',(0.,-1.,0.));
#1752=DIRECTION('ref_axis',(-1.,0.,0.));
#1753=DIRECTION('center_axis',(0.,0.,-1.));
#1754=DIRECTION('ref_axis',(0.707106781186547,-0.707106781186548,0.));
#1755=DIRECTION('center_axis',(0.,0.,1.));
#1756=DIRECTION('ref_axis',(0.707106781186547,-0.707106781186548,0.));
#1757=DIRECTION('',(0.,0.,-1.));
#1758=DIRECTION('',(0.,0.,1.));
#1759=DIRECTION('center_axis',(-1.,0.,0.));
#1760=DIRECTION('ref_axis',(0.,1.,0.));
#1761=DIRECTION('',(0.,1.,0.));
#1762=DIRECTION('center_axis',(0.,-1.,0.));
#1763=DIRECTION('ref_axis',(0.707106781186544,0.,-0.707106781186551));
#1764=DIRECTION('center_axis',(0.,-1.,0.));
#1765=DIRECTION('ref_axis',(0.707106781186544,0.,-0.707106781186551));
#1766=DIRECTION('center_axis',(-1.603210140707E-16,1.,0.));
#1767=DIRECTION('ref_axis',(0.707106781186544,0.,-0.707106781186551));
#1768=DIRECTION('',(0.,-1.,0.));
#1769=DIRECTION('center_axis',(0.,1.,0.));
#1770=DIRECTION('ref_axis',(0.6063251619805,0.,-0.795216824488341));
#1771=DIRECTION('',(0.,-1.,0.));
#1772=DIRECTION('',(0.,1.,0.));
#1773=DIRECTION('center_axis',(0.,0.,-1.));
#1774=DIRECTION('ref_axis',(1.,0.,0.));
#1775=DIRECTION('',(-1.,-1.603210140707E-16,0.));
#1776=DIRECTION('',(0.,1.,0.));
#1777=DIRECTION('',(0.,1.,0.));
#1778=DIRECTION('',(0.,1.,0.));
#1779=DIRECTION('',(-1.,0.,0.));
#1780=DIRECTION('center_axis',(0.,0.,-1.));
#1781=DIRECTION('ref_axis',(-1.,0.,0.));
#1782=DIRECTION('center_axis',(0.,0.,-1.));
#1783=DIRECTION('ref_axis',(-1.,0.,0.));
#1784=DIRECTION('center_axis',(0.,0.,-1.));
#1785=DIRECTION('ref_axis',(-1.,0.,0.));
#1786=DIRECTION('center_axis',(0.,0.,-1.));
#1787=DIRECTION('ref_axis',(-1.,0.,0.));
#1788=DIRECTION('center_axis',(0.,-1.,0.));
#1789=DIRECTION('ref_axis',(-0.795216824488349,0.,-0.606325161980489));
#1790=DIRECTION('',(0.,-1.,0.));
#1791=DIRECTION('center_axis',(0.964319939835021,0.,-0.264739595898653));
#1792=DIRECTION('ref_axis',(0.264739595898653,0.,0.964319939835021));
#1793=DIRECTION('',(-0.264739595898653,0.,-0.964319939835021));
#1794=DIRECTION('',(0.,1.,0.));
#1795=DIRECTION('center_axis',(0.,-1.,0.));
#1796=DIRECTION('ref_axis',(-0.687184270936281,0.,-0.726483157256775));
#1797=DIRECTION('',(0.,-1.,0.));
#1798=DIRECTION('',(0.,1.,0.));
#1799=DIRECTION('center_axis',(0.,1.,0.));
#1800=DIRECTION('ref_axis',(0.973990827287375,0.,0.226587440870087));
#1801=DIRECTION('',(0.,1.,0.));
#1802=DIRECTION('center_axis',(1.603210140707E-16,-1.,0.));
#1803=DIRECTION('ref_axis',(0.621503916086987,9.9640138075977E-17,-0.783411055760984));
#1804=DIRECTION('',(0.,-1.,0.));
#1805=DIRECTION('center_axis',(5.210392559526E-15,1.,0.));
#1806=DIRECTION('ref_axis',(-1.,5.210392559526E-15,0.));
#1807=DIRECTION('',(0.,1.,0.));
#1808=DIRECTION('center_axis',(-1.603210140707E-16,1.,0.));
#1809=DIRECTION('ref_axis',(-1.,-1.603210140707E-16,0.));
#1810=DIRECTION('',(0.,-1.,0.));
#1811=DIRECTION('center_axis',(0.,-1.,0.));
#1812=DIRECTION('ref_axis',(-0.542725290182783,0.,-0.839910268657322));
#1813=DIRECTION('center_axis',(1.268826313857E-16,1.,0.));
#1814=DIRECTION('ref_axis',(-0.542725290182783,0.,-0.839910268657322));
#1815=DIRECTION('',(0.,-1.,0.));
#1816=DIRECTION('',(0.,1.,0.));
#1817=DIRECTION('center_axis',(0.911681088569084,0.,0.410898518792038));
#1818=DIRECTION('ref_axis',(0.410898518792038,0.,-0.911681088569084));
#1819=DIRECTION('',(0.410898518792038,-5.21358852968203E-17,-0.911681088569084));
#1820=DIRECTION('',(0.,1.,0.));
#1821=DIRECTION('',(-0.410898518792038,-6.58756672128881E-17,0.911681088569084));
#1822=DIRECTION('',(0.,1.,0.));
#1823=DIRECTION('center_axis',(0.911681088569084,0.,0.410898518792038));
#1824=DIRECTION('ref_axis',(-0.410898518792038,2.53042333911181E-16,0.911681088569084));
#1825=DIRECTION('',(-0.410898518792038,0.,0.911681088569084));
#1826=DIRECTION('center_axis',(0.911681088569084,0.,0.410898518792038));
#1827=DIRECTION('ref_axis',(0.290549129017357,0.707106781186546,-0.644655880006735));
#1828=DIRECTION('',(0.,-1.,0.));
#1829=DIRECTION('center_axis',(0.911681088569084,0.,0.410898518792038));
#1830=DIRECTION('ref_axis',(0.290549129017356,-0.707106781186545,-0.644655880006736));
#1831=DIRECTION('',(-0.410898518792038,0.,0.911681088569084));
#1832=DIRECTION('center_axis',(0.911681088569084,0.,0.410898518792038));
#1833=DIRECTION('ref_axis',(-0.410898518792038,-2.53042333911181E-16,0.911681088569084));
#1834=DIRECTION('',(0.,1.,0.));
#1835=DIRECTION('center_axis',(0.,1.,0.));
#1836=DIRECTION('ref_axis',(-0.606325161980495,0.,0.795216824488345));
#1837=DIRECTION('center_axis',(1.268826313857E-16,1.,0.));
#1838=DIRECTION('ref_axis',(-0.606325161980495,0.,0.795216824488345));
#1839=DIRECTION('center_axis',(0.,-1.,0.));
#1840=DIRECTION('ref_axis',(-0.606325161980495,0.,0.795216824488345));
#1841=DIRECTION('',(0.,-1.,0.));
#1842=DIRECTION('center_axis',(0.,-1.,0.));
#1843=DIRECTION('ref_axis',(0.,0.,-1.));
#1844=DIRECTION('',(0.,0.,1.));
#1845=DIRECTION('center_axis',(0.,-1.,0.));
#1846=DIRECTION('ref_axis',(0.996978776177814,0.,0.0776744478640688));
#1847=DIRECTION('',(0.,-1.,0.));
#1848=DIRECTION('',(0.,1.,0.));
#1849=DIRECTION('center_axis',(0.,1.,0.));
#1850=DIRECTION('ref_axis',(0.996978776177814,0.,0.0776744478640688));
#1851=DIRECTION('',(0.,1.,0.));
#1852=DIRECTION('center_axis',(-0.964319939835021,0.,0.264739595898653));
#1853=DIRECTION('ref_axis',(-0.264739595898653,0.,-0.964319939835021));
#1854=DIRECTION('center_axis',(-0.911681088569084,0.,-0.410898518792038));
#1855=DIRECTION('ref_axis',(-0.410898518792038,0.,0.911681088569084));
#1856=DIRECTION('center_axis',(-0.911681088569084,0.,-0.410898518792038));
#1857=DIRECTION('ref_axis',(0.290549129017357,0.707106781186546,-0.644655880006735));
#1858=DIRECTION('',(0.410898518792038,0.,-0.911681088569084));
#1859=DIRECTION('center_axis',(-0.911681088569084,0.,-0.410898518792038));
#1860=DIRECTION('ref_axis',(-0.410898518792038,2.53042333911181E-16,0.911681088569084));
#1861=DIRECTION('',(0.,-1.,0.));
#1862=DIRECTION('center_axis',(-0.911681088569084,0.,-0.410898518792038));
#1863=DIRECTION('ref_axis',(-0.410898518792038,-2.53042333911181E-16,0.911681088569084));
#1864=DIRECTION('',(0.410898518792038,0.,-0.911681088569084));
#1865=DIRECTION('',(0.,-1.,0.));
#1866=DIRECTION('',(0.410898518792038,6.58756672128881E-17,-0.911681088569084));
#1867=DIRECTION('',(0.410898518792038,-2.14094258503429E-15,-0.911681088569084));
#1868=DIRECTION('',(0.,1.,0.));
#1869=DIRECTION('',(0.410898518792038,0.,-0.911681088569084));
#1870=DIRECTION('center_axis',(0.911681088569084,0.,0.410898518792038));
#1871=DIRECTION('ref_axis',(0.290549129017356,-0.707106781186545,-0.644655880006736));
#1872=DIRECTION('',(-0.911681088569084,0.,-0.410898518792038));
#1873=DIRECTION('',(-0.911681088569084,0.,-0.410898518792038));
#1874=DIRECTION('center_axis',(0.,1.,0.));
#1875=DIRECTION('ref_axis',(0.,0.,1.));
#1876=DIRECTION('',(-1.,0.,0.));
#1877=DIRECTION('center_axis',(0.911681088569084,0.,0.410898518792038));
#1878=DIRECTION('ref_axis',(0.290549129017357,0.707106781186546,-0.644655880006735));
#1879=DIRECTION('',(0.911681088569084,0.,0.410898518792038));
#1880=DIRECTION('',(-0.911681088569084,0.,-0.410898518792038));
#1881=DIRECTION('center_axis',(-0.410898518792038,0.,0.911681088569084));
#1882=DIRECTION('ref_axis',(0.911681088569084,0.,0.410898518792038));
#1883=DIRECTION('center_axis',(1.,0.,0.));
#1884=DIRECTION('ref_axis',(0.,0.707106781186543,0.707106781186552));
#1885=DIRECTION('',(-1.,0.,0.));
#1886=DIRECTION('',(1.,0.,0.));
#1887=DIRECTION('center_axis',(0.,0.,-1.));
#1888=DIRECTION('ref_axis',(-1.,0.,0.));
#1889=DIRECTION('',(1.,1.603210140707E-16,0.));
#1890=DIRECTION('',(0.,-1.,0.));
#1891=DIRECTION('',(1.,0.,0.));
#1892=DIRECTION('center_axis',(-1.,0.,0.));
#1893=DIRECTION('ref_axis',(0.,-0.707106781186543,0.707106781186552));
#1894=DIRECTION('center_axis',(0.,1.,0.));
#1895=DIRECTION('ref_axis',(0.556929795218793,0.,0.830559572335153));
#1896=DIRECTION('center_axis',(1.603210140707E-16,-1.,0.));
#1897=DIRECTION('ref_axis',(0.556929795218793,0.,0.830559572335153));
#1898=DIRECTION('',(0.,-1.,0.));
#1899=DIRECTION('',(0.,1.,0.));
#1900=DIRECTION('center_axis',(1.925926889914E-15,0.,1.));
#1901=DIRECTION('ref_axis',(1.,0.,-1.925926889914E-15));
#1902=DIRECTION('',(-1.,-1.603210140707E-16,1.925926889914E-15));
#1903=DIRECTION('',(0.,1.,0.));
#1904=DIRECTION('center_axis',(-1.925926889914E-15,0.,-1.));
#1905=DIRECTION('ref_axis',(-1.,0.,1.925926889914E-15));
#1906=DIRECTION('center_axis',(-1.925926889914E-15,0.,-1.));
#1907=DIRECTION('ref_axis',(-1.,0.,1.925926889914E-15));
#1908=DIRECTION('center_axis',(-1.603210140707E-16,1.,0.));
#1909=DIRECTION('ref_axis',(0.,0.,1.));
#1910=DIRECTION('',(-0.379658406395103,-6.08672207137289E-17,0.925126745075252));
#1911=DIRECTION('',(0.410892041980815,6.58746288439449E-17,-0.911684007667589));
#1912=DIRECTION('center_axis',(-1.603210140707E-16,1.,0.));
#1913=DIRECTION('ref_axis',(0.542725290182778,0.,0.839910268657325));
#1914=DIRECTION('',(1.,1.603210140707E-16,0.));
#1915=DIRECTION('',(-1.7763568394E-15,-2.84787329844E-31,-1.));
#1916=DIRECTION('center_axis',(0.,1.,0.));
#1917=DIRECTION('ref_axis',(0.542725290182778,0.,0.839910268657325));
#1918=DIRECTION('',(0.,1.,0.));
#1919=DIRECTION('center_axis',(0.,0.,1.));
#1920=DIRECTION('ref_axis',(1.,0.,0.));
#1921=DIRECTION('',(0.,1.,0.));
#1922=DIRECTION('center_axis',(0.,0.,1.));
#1923=DIRECTION('ref_axis',(-1.,0.,0.));
#1924=DIRECTION('center_axis',(0.,0.,1.));
#1925=DIRECTION('ref_axis',(-1.,0.,0.));
#1926=DIRECTION('center_axis',(0.,0.,-1.));
#1927=DIRECTION('ref_axis',(-1.,0.,0.));
#1928=DIRECTION('',(0.,0.,-1.));
#1929=DIRECTION('center_axis',(0.,0.,-1.));
#1930=DIRECTION('ref_axis',(-1.,0.,0.));
#1931=DIRECTION('center_axis',(0.,0.,1.));
#1932=DIRECTION('ref_axis',(-1.,0.,0.));
#1933=DIRECTION('center_axis',(0.,0.,1.));
#1934=DIRECTION('ref_axis',(-1.,0.,0.));
#1935=DIRECTION('center_axis',(0.,0.,-1.));
#1936=DIRECTION('ref_axis',(-1.,0.,0.));
#1937=DIRECTION('',(0.,0.,-1.));
#1938=DIRECTION('center_axis',(0.,0.,-1.));
#1939=DIRECTION('ref_axis',(-1.,0.,0.));
#1940=DIRECTION('center_axis',(0.,0.,1.));
#1941=DIRECTION('ref_axis',(-1.,0.,0.));
#1942=DIRECTION('center_axis',(0.,0.,1.));
#1943=DIRECTION('ref_axis',(-1.,0.,0.));
#1944=DIRECTION('center_axis',(0.,0.,-1.));
#1945=DIRECTION('ref_axis',(-1.,0.,0.));
#1946=DIRECTION('',(0.,0.,-1.));
#1947=DIRECTION('center_axis',(0.,0.,-1.));
#1948=DIRECTION('ref_axis',(-1.,0.,0.));
#1949=DIRECTION('center_axis',(0.,0.,1.));
#1950=DIRECTION('ref_axis',(-1.,0.,0.));
#1951=DIRECTION('center_axis',(0.,0.,1.));
#1952=DIRECTION('ref_axis',(-1.,0.,0.));
#1953=DIRECTION('center_axis',(0.,0.,-1.));
#1954=DIRECTION('ref_axis',(-1.,0.,0.));
#1955=DIRECTION('',(0.,0.,-1.));
#1956=DIRECTION('center_axis',(0.,0.,-1.));
#1957=DIRECTION('ref_axis',(-1.,0.,0.));
#1958=DIRECTION('center_axis',(0.,0.,1.));
#1959=DIRECTION('ref_axis',(-1.,0.,0.));
#1960=DIRECTION('center_axis',(0.,0.,1.));
#1961=DIRECTION('ref_axis',(-1.,0.,0.));
#1962=DIRECTION('center_axis',(0.,0.,-1.));
#1963=DIRECTION('ref_axis',(-1.,0.,0.));
#1964=DIRECTION('',(0.,0.,-1.));
#1965=DIRECTION('center_axis',(0.,0.,1.));
#1966=DIRECTION('ref_axis',(-1.,0.,0.));
#1967=DIRECTION('center_axis',(0.,0.,-1.));
#1968=DIRECTION('ref_axis',(-1.,0.,0.));
#1969=DIRECTION('',(0.,0.,-1.));
#1970=DIRECTION('center_axis',(0.,0.,1.));
#1971=DIRECTION('ref_axis',(-1.,0.,0.));
#1972=DIRECTION('center_axis',(0.,0.,-1.));
#1973=DIRECTION('ref_axis',(-1.,0.,0.));
#1974=DIRECTION('',(0.,0.,-1.));
#1975=DIRECTION('center_axis',(0.,0.,1.));
#1976=DIRECTION('ref_axis',(-1.,0.,0.));
#1977=DIRECTION('center_axis',(0.,0.,-1.));
#1978=DIRECTION('ref_axis',(-1.,0.,0.));
#1979=DIRECTION('',(0.,0.,-1.));
#1980=DIRECTION('center_axis',(0.,0.,1.));
#1981=DIRECTION('ref_axis',(-1.,0.,0.));
#1982=DIRECTION('center_axis',(0.,0.,-1.));
#1983=DIRECTION('ref_axis',(-1.,0.,0.));
#1984=DIRECTION('',(1.,-1.268826313857E-16,0.));
#1985=DIRECTION('center_axis',(0.,0.,-1.));
#1986=DIRECTION('ref_axis',(1.,0.,0.));
#1987=DIRECTION('center_axis',(0.,0.,-1.));
#1988=DIRECTION('ref_axis',(1.,0.,0.));
#1989=DIRECTION('center_axis',(0.,0.,-1.));
#1990=DIRECTION('ref_axis',(1.,0.,0.));
#1991=DIRECTION('center_axis',(1.268826313857E-16,1.,0.));
#1992=DIRECTION('ref_axis',(1.,-1.268826313857E-16,0.));
#1993=DIRECTION('',(0.,0.,-1.));
#1994=DIRECTION('center_axis',(0.,0.,1.));
#1995=DIRECTION('ref_axis',(1.,0.,0.));
#1996=DIRECTION('',(0.,0.,1.));
#1997=DIRECTION('center_axis',(0.,0.,1.));
#1998=DIRECTION('ref_axis',(1.,0.,0.));
#1999=DIRECTION('',(0.,0.,1.));
#2000=DIRECTION('center_axis',(0.,0.,1.));
#2001=DIRECTION('ref_axis',(1.,0.,0.));
#2002=DIRECTION('',(0.,0.,1.));
#2003=DIRECTION('center_axis',(1.,0.,-1.899927346977E-16));
#2004=DIRECTION('ref_axis',(-1.899927346977E-16,0.,-1.));
#2005=DIRECTION('',(0.,1.,0.));
#2006=DIRECTION('',(1.899927346977E-16,3.04598278928E-32,1.));
#2007=DIRECTION('center_axis',(-1.,0.,3.848916713946E-13));
#2008=DIRECTION('ref_axis',(3.848916713946E-13,0.,1.));
#2009=DIRECTION('',(0.,-1.,0.));
#2010=DIRECTION('',(-3.848916713946E-13,2.00543670085795E-27,-1.));
#2011=DIRECTION('center_axis',(5.210392559526E-15,1.,0.));
#2012=DIRECTION('ref_axis',(0.,0.,1.));
#2013=DIRECTION('center_axis',(-6.626045487747E-15,-1.,-4.40945077627E-15));
#2014=DIRECTION('ref_axis',(0.55401172142518,-3.36370289986349E-27,-0.832508866333271));
#2015=DIRECTION('center_axis',(-1.603210140707E-16,1.,0.));
#2016=DIRECTION('ref_axis',(0.,0.,1.));
#2017=DIRECTION('center_axis',(-1.603210140707E-16,1.,0.));
#2018=DIRECTION('ref_axis',(0.621503916086987,9.9640138075977E-17,-0.783411055760984));
#2019=DIRECTION('center_axis',(0.,1.,0.));
#2020=DIRECTION('ref_axis',(0.410898518792038,0.,-0.911681088569084));
#2021=DIRECTION('center_axis',(0.,0.,-1.));
#2022=DIRECTION('ref_axis',(-1.,0.,0.));
#2023=DIRECTION('',(0.,1.,0.));
#2024=DIRECTION('',(1.,1.603210140707E-16,0.));
#2025=DIRECTION('center_axis',(-1.603210140707E-16,1.,0.));
#2026=DIRECTION('ref_axis',(0.,0.,1.));
#2027=DIRECTION('',(-8.881784197001E-16,-1.42393664922E-31,-1.));
#2028=DIRECTION('center_axis',(0.,1.,0.));
#2029=DIRECTION('ref_axis',(0.976669725990239,0.,0.214746935564053));
#2030=DIRECTION('center_axis',(0.,1.,0.));
#2031=DIRECTION('ref_axis',(-1.,0.,0.));
#2032=DIRECTION('center_axis',(0.,1.,0.));
#2033=DIRECTION('ref_axis',(-1.,0.,0.));
#2034=DIRECTION('center_axis',(1.,0.,-1.7763568394E-15));
#2035=DIRECTION('ref_axis',(-1.7763568394E-15,0.,-1.));
#2036=DIRECTION('center_axis',(0.925126745075252,0.,0.379658406395103));
#2037=DIRECTION('ref_axis',(0.379658406395104,0.,-0.925126745075252));
#2038=DIRECTION('',(0.,-1.,0.));
#2039=DIRECTION('center_axis',(-0.911684007667589,0.,-0.410892041980815));
#2040=DIRECTION('ref_axis',(-0.410892041980815,0.,0.911684007667589));
#2041=DIRECTION('center_axis',(-1.,0.,8.881784197001E-16));
#2042=DIRECTION('ref_axis',(8.881784197001E-16,0.,1.));
#2043=DIRECTION('center_axis',(0.,0.,-1.));
#2044=DIRECTION('ref_axis',(-1.,0.,0.));
#2045=DIRECTION('',(0.,0.,-1.));
#2046=DIRECTION('center_axis',(0.,0.,-1.));
#2047=DIRECTION('ref_axis',(-1.,0.,0.));
#2048=DIRECTION('',(0.,0.,-1.));
#2049=CARTESIAN_POINT('',(0.,0.,0.));
#2050=CARTESIAN_POINT('Origin',(10.4055333717202,-14.9216575729696,37.9244982268051));
#2051=CARTESIAN_POINT('',(10.4055333717202,-18.9216575729696,43.6979929072226));
#2052=CARTESIAN_POINT('',(14.4055333717202,-14.9216575729696,43.6979929072226));
#2053=CARTESIAN_POINT('Origin',(10.4055333717202,-14.9216575729696,43.6979929072226));
#2054=CARTESIAN_POINT('',(14.4055333717202,-14.9216575729696,46.7999999999996));
#2055=CARTESIAN_POINT('',(14.4055333717202,-14.9216575729696,37.9244982268051));
#2056=CARTESIAN_POINT('',(10.4055333717202,-18.9216575729696,46.7999999999996));
#2057=CARTESIAN_POINT('Origin',(10.4055333717202,-14.9216575729696,46.7999999999996));
#2058=CARTESIAN_POINT('',(10.4055333717202,-18.9216575729696,37.9244982268051));
#2059=CARTESIAN_POINT('Origin',(14.4055333717202,37.8868424270244,46.7999999999996));
#2060=CARTESIAN_POINT('',(14.4055333717202,33.8868424270244,43.6979929072226));
#2061=CARTESIAN_POINT('',(14.4055333717202,19.9825924270259,43.6979929072226));
#2062=CARTESIAN_POINT('',(14.4055333717202,33.8868424270244,46.7999999999996));
#2063=CARTESIAN_POINT('',(14.4055333717202,33.8868424270244,47.1489964536111));
#2064=CARTESIAN_POINT('',(14.4055333717202,9.48259242702742,46.7999999999996));
#2065=CARTESIAN_POINT('Origin',(-34.4774284870127,2.07834242702742,43.6979929072226));
#2066=CARTESIAN_POINT('',(-4.7989272994803,-18.9216575729696,43.6979929072226));
#2067=CARTESIAN_POINT('',(17.9496500287894,-18.9216575729696,43.6979929072226));
#2068=CARTESIAN_POINT('',(-4.7989272994803,7.68684242702642,43.6979929072226));
#2069=CARTESIAN_POINT('',(-4.7989272994803,6.73259242702692,43.6979929072226));
#2070=CARTESIAN_POINT('',(9.9059999999973,7.68684242702642,43.6979929072226));
#2071=CARTESIAN_POINT('',(-4.3179107589967,7.68684242702642,43.6979929072226));
#2072=CARTESIAN_POINT('',(10.9059999999973,8.68684242702642,43.6979929072226));
#2073=CARTESIAN_POINT('Origin',(9.9059999999973,8.68684242702642,43.6979929072226));
#2074=CARTESIAN_POINT('',(10.9059999999973,25.6868424270254,43.6979929072226));
#2075=CARTESIAN_POINT('',(10.9059999999973,-4.71953257297108,43.6979929072226));
#2076=CARTESIAN_POINT('',(9.9059999999973,26.6868424270254,43.6979929072226));
#2077=CARTESIAN_POINT('Origin',(9.9059999999973,25.6868424270254,43.6979929072226));
#2078=CARTESIAN_POINT('',(0.972667272749299,26.6868424270254,43.6979929072226));
#2079=CARTESIAN_POINT('',(-29.9606314960827,26.6868424270254,43.6979929072226));
#2080=CARTESIAN_POINT('',(0.972667272749299,37.8868424270254,43.6979929072226));
#2081=CARTESIAN_POINT('',(0.9726672727543,31.8868424270254,43.6979929072226));
#2082=CARTESIAN_POINT('',(10.4055333717202,37.8868424270254,43.6979929072226));
#2083=CARTESIAN_POINT('',(-2.2188345051537,37.8868424270254,43.6979929072226));
#2084=CARTESIAN_POINT('Origin',(10.4055333717202,33.8868424270244,43.6979929072226));
#2085=CARTESIAN_POINT('',(4.43933363637331,32.2868424270254,43.6979929072226));
#2086=CARTESIAN_POINT('Origin',(5.93933363637331,32.2868424270254,43.6979929072226));
#2087=CARTESIAN_POINT('',(0.656082747421671,1.03471742702742,43.6979929072226));
#2088=CARTESIAN_POINT('Origin',(2.15608274742167,1.03471742702742,43.6979929072226));
#2089=CARTESIAN_POINT('',(0.656082747421671,-12.2695325729706,43.6979929072226));
#2090=CARTESIAN_POINT('Origin',(2.15608274742167,-12.2695325729706,43.6979929072226));
#2091=CARTESIAN_POINT('Origin',(10.4055333717202,33.8868424270244,47.1489964536111));
#2092=CARTESIAN_POINT('',(10.4055333717202,37.8868424270244,46.7999999999996));
#2093=CARTESIAN_POINT('Origin',(10.4055333717202,33.8868424270244,46.7999999999996));
#2094=CARTESIAN_POINT('',(10.4055333717202,37.8868424270244,47.1489964536111));
#2095=CARTESIAN_POINT('Origin',(10.9061654948453,37.8868424270244,47.4979929072226));
#2096=CARTESIAN_POINT('',(1.01523882950746,37.8868424270244,47.2722222222218));
#2097=CARTESIAN_POINT('Origin',(-25.4438345051427,37.8868424270254,45.7999999999996));
#2098=CARTESIAN_POINT('',(1.51446662827444,37.8868424270244,46.7999999999996));
#2099=CARTESIAN_POINT('Origin',(1.51446662827444,37.8868424270244,47.2999999999996));
#2100=CARTESIAN_POINT('',(5.9717281717143,37.8868424270244,46.7999999999996));
#2101=CARTESIAN_POINT('Origin',(-18.5938345051427,-18.9216575729696,29.0489964536106));
#2102=CARTESIAN_POINT('',(-6.27127236029,-18.9216575729696,46.7999999999996));
#2103=CARTESIAN_POINT('',(-3.3563345051357,-18.9216575729696,46.7999999999996));
#2104=CARTESIAN_POINT('',(-6.72711290457454,-18.9216575729696,47.0945507406036));
#2105=CARTESIAN_POINT('Origin',(-6.27127236029,-18.9216575729696,47.2999999999996));
#2106=CARTESIAN_POINT('',(-22.6385234585554,-18.9216575729696,82.3979929072196));
#2107=CARTESIAN_POINT('',(-12.247544687185,-18.9216575729696,59.3430087582604));
#2108=CARTESIAN_POINT('',(-22.6382229934387,-18.9216575729696,82.3979929072196));
#2109=CARTESIAN_POINT('',(-35.7274284870127,-18.9216575729696,82.3979929072196));
#2110=CARTESIAN_POINT('',(-23.8805386144092,-18.9216575729696,85.1544329654265));
#2111=CARTESIAN_POINT('',(-12.2474078439654,-18.9216575729696,59.3429345694207));
#2112=CARTESIAN_POINT('',(-23.8817191921694,-18.9216575729696,85.1573097200098));
#2113=CARTESIAN_POINT('',(-13.853689121479,-18.9216575729696,60.7216626684864));
#2114=CARTESIAN_POINT('',(-25.7319726823199,-18.9216575729696,86.3979929072196));
#2115=CARTESIAN_POINT('Origin',(-25.7319726823199,-18.9216575729696,84.3979929072196));
#2116=CARTESIAN_POINT('',(-38.7250226107827,-18.9216575729696,86.3979929072196));
#2117=CARTESIAN_POINT('',(-29.5016359458827,-18.9216575729696,86.3979929072196));
#2118=CARTESIAN_POINT('',(-38.7250226107827,-18.9216575729696,83.8979929072196));
#2119=CARTESIAN_POINT('',(-38.7250226107827,-18.9216575729696,57.2234946804146));
#2120=CARTESIAN_POINT('',(-28.3449896063097,-18.9216575729696,83.8979929072196));
#2121=CARTESIAN_POINT('',(-28.6594285579627,-18.9216575729696,83.8979929072196));
#2122=CARTESIAN_POINT('',(-26.065786884887,-18.9216575729696,82.4252392041997));
#2123=CARTESIAN_POINT('Origin',(-28.3449896063097,-18.9216575729696,81.3979929072196));
#2124=CARTESIAN_POINT('',(-13.4353071262991,-18.9216575729696,54.4013622398559));
#2125=CARTESIAN_POINT('',(-6.84904747620633,-18.9216575729696,39.7880986412245));
#2126=CARTESIAN_POINT('',(-12.3825301009804,-18.9216575729696,40.8885999460421));
#2127=CARTESIAN_POINT('Origin',(-31.6689288976808,-18.9216575729696,46.1833918640151));
#2128=CARTESIAN_POINT('',(-19.9929071395374,-18.9216575729696,13.1676302020503));
#2129=CARTESIAN_POINT('',(-12.8475074474727,-18.9216575729696,39.1949094904376));
#2130=CARTESIAN_POINT('',(-20.4750671094549,-18.9216575729696,12.7999999999996));
#2131=CARTESIAN_POINT('Origin',(-20.4750671094549,-18.9216575729696,13.2999999999996));
#2132=CARTESIAN_POINT('',(-30.5938345051427,-18.9216575729696,12.7999999999996));
#2133=CARTESIAN_POINT('',(-24.5938345051427,-18.9216575729696,12.7999999999996));
#2134=CARTESIAN_POINT('',(-30.5938345051427,-18.9216575729696,9.79999999999959));
#2135=CARTESIAN_POINT('',(-30.5938345051427,-18.9216575729696,19.4244982268046));
#2136=CARTESIAN_POINT('',(-6.5938345051537,-18.9216575729696,9.79999999999959));
#2137=CARTESIAN_POINT('',(-12.5938345051527,-18.9216575729696,9.79999999999959));
#2138=CARTESIAN_POINT('',(-6.5938345051537,-18.9216575729696,12.7999999999996));
#2139=CARTESIAN_POINT('',(-6.5938345051537,-18.9216575729696,28.1115032735146));
#2140=CARTESIAN_POINT('',(-16.5692204040974,-18.9216575729696,12.7999999999996));
#2141=CARTESIAN_POINT('',(-24.5938345051427,-18.9216575729696,12.7999999999996));
#2142=CARTESIAN_POINT('',(-16.9549483800314,-18.9216575729696,13.3058958383591));
#2143=CARTESIAN_POINT('Origin',(-16.5692204040974,-18.9216575729696,13.1999999999996));
#2144=CARTESIAN_POINT('',(-9.62052699865541,-18.9216575729696,40.0216908867159));
#2145=CARTESIAN_POINT('',(-14.7617447257634,-18.9216575729696,21.2946895386386));
#2146=CARTESIAN_POINT('Origin',(-4.7989272994803,-18.9216575729696,38.6979929072226));
#2147=CARTESIAN_POINT('Origin',(-30.0938345051427,-2.14665757297208,42.6886511805741));
#2148=CARTESIAN_POINT('',(-11.860212733761,11.3868424270264,50.9066215564149));
#2149=CARTESIAN_POINT('',(-10.0938345051427,11.3868424270264,42.6886511805741));
#2150=CARTESIAN_POINT('Origin',(-30.0938345051427,11.3868424270264,42.6886511805741));
#2151=CARTESIAN_POINT('',(-11.860212733761,30.3868424270254,50.9066215564149));
#2152=CARTESIAN_POINT('',(-11.860212733761,-2.14665757297208,50.9066215564149));
#2153=CARTESIAN_POINT('',(-10.0938345051427,30.3868424270254,42.6886511805741));
#2154=CARTESIAN_POINT('Origin',(-30.0938345051427,30.3868424270254,42.6886511805741));
#2155=CARTESIAN_POINT('',(-10.0938345051427,-2.14665757297208,42.6886511805741));
#2156=CARTESIAN_POINT('Origin',(-14.3525439238594,11.3868424270264,30.3172794450152));
#2157=CARTESIAN_POINT('',(-10.0938345051427,11.3868424270264,38.2976576357396));
#2158=CARTESIAN_POINT('',(-10.0938345051427,11.3868424270264,28.1994982268046));
#2159=CARTESIAN_POINT('',(-16.9549483800314,11.3868424270264,13.3058958383591));
#2160=CARTESIAN_POINT('',(-17.0938345051457,11.3868424270264,12.7999999999996));
#2161=CARTESIAN_POINT('',(-16.5692204040974,11.3868424270264,12.7999999999996));
#2162=CARTESIAN_POINT('Origin',(-16.5692204040974,11.3868424270264,13.1999999999996));
#2163=CARTESIAN_POINT('',(-20.4750671094549,11.3868424270264,12.7999999999996));
#2164=CARTESIAN_POINT('',(-22.473189214501,11.3868424270264,12.7999999999996));
#2165=CARTESIAN_POINT('',(-19.9929071395374,11.3868424270264,13.1676302020503));
#2166=CARTESIAN_POINT('Origin',(-20.4750671094549,11.3868424270264,13.2999999999996));
#2167=CARTESIAN_POINT('',(-12.3825301009804,11.3868424270264,40.8885999460421));
#2168=CARTESIAN_POINT('',(-20.0938345051457,11.3868424270264,12.7999999999996));
#2169=CARTESIAN_POINT('',(-12.9815212669832,11.3868424270264,53.3094564191636));
#2170=CARTESIAN_POINT('Origin',(-31.6689288976808,11.3868424270264,46.1833918640151));
#2171=CARTESIAN_POINT('',(-12.949653912028,11.3868424270264,53.3238191706927));
#2172=CARTESIAN_POINT('',(-9.54965253371087,11.3868424270264,54.8562141581045));
#2173=CARTESIAN_POINT('',(-6.72855756699221,11.3868424270264,39.5207616551559));
#2174=CARTESIAN_POINT('Origin',(-10.0938345051427,31.8868424270254,8.79999999999959));
#2175=CARTESIAN_POINT('',(-10.09383450515,30.3868424270254,26.0673493924198));
#2176=CARTESIAN_POINT('',(-10.0938345051427,30.3868424270254,28.2725207568281));
#2177=CARTESIAN_POINT('',(-10.0935414695296,31.8868424270254,26.0675773478921));
#2178=CARTESIAN_POINT('',(-10.0938345051427,31.8868424270254,26.0673493924405));
#2179=CARTESIAN_POINT('',(-10.0935414695252,31.8868424270254,24.1986457896526));
#2180=CARTESIAN_POINT('',(-10.0935414695227,31.8868424270254,24.9872783416626));
#2181=CARTESIAN_POINT('',(-10.0938345051449,26.6783424270264,24.1984375565033));
#2182=CARTESIAN_POINT('',(-10.0938345051427,31.8868424270254,24.1984375565095));
#2183=CARTESIAN_POINT('',(-10.0938345051429,23.0783424270264,19.9081576553531));
#2184=CARTESIAN_POINT('Ctrl Pts',(-10.0938345051427,23.0783424270264,19.9081576553537));
#2185=CARTESIAN_POINT('Ctrl Pts',(-10.0938345051427,23.0783424270264,20.1817318943478));
#2186=CARTESIAN_POINT('Ctrl Pts',(-10.0938345051427,23.1028796340655,20.4808833204168));
#2187=CARTESIAN_POINT('Ctrl Pts',(-10.0938345051427,23.2085132995063,21.068990460975));
#2188=CARTESIAN_POINT('Ctrl Pts',(-10.0938345051427,23.2896190979579,21.3579444978));
#2189=CARTESIAN_POINT('Ctrl Pts',(-10.0938345051427,23.4754952789029,21.8564339054343));
#2190=CARTESIAN_POINT('Ctrl Pts',(-10.0938345051427,23.5951294324876,22.1136114869133));
#2191=CARTESIAN_POINT('Ctrl Pts',(-10.0938345051427,23.882328257663,22.5992024080215));
#2192=CARTESIAN_POINT('Ctrl Pts',(-10.0938345051427,24.0500587524433,22.8275176537548));
#2193=CARTESIAN_POINT('Ctrl Pts',(-10.0938345051427,24.3761608138506,23.1946176644676));
#2194=CARTESIAN_POINT('Ctrl Pts',(-10.0938345051427,24.5609232608114,23.3706719979866));
#2195=CARTESIAN_POINT('Ctrl Pts',(-10.0938345051427,24.9637789334621,23.6782346353169));
#2196=CARTESIAN_POINT('Ctrl Pts',(-10.0938345051427,25.1820521052997,23.8095071682324));
#2197=CARTESIAN_POINT('Ctrl Pts',(-10.0938345051427,25.5822035815794,23.9963443770759));
#2198=CARTESIAN_POINT('Ctrl Pts',(-10.0938345051427,25.79806192378,24.0734063723039));
#2199=CARTESIAN_POINT('Ctrl Pts',(-10.0938345051427,26.2415949185688,24.1745267942313));
#2200=CARTESIAN_POINT('Ctrl Pts',(-10.0938345051427,26.469303224018,24.1984375565095));
#2201=CARTESIAN_POINT('Ctrl Pts',(-10.0938345051427,26.6783424270264,24.1984375565095));
#2202=CARTESIAN_POINT('',(-10.0938345051427,23.0783424270264,13.2999999999996));
#2203=CARTESIAN_POINT('',(-10.0938345051427,23.0783424270264,13.6435025233536));
#2204=CARTESIAN_POINT('',(-10.0938345051427,11.3868424270264,13.2999999999996));
#2205=CARTESIAN_POINT('',(-10.0938345051427,36.1118424270254,13.2999999999996));
#2206=CARTESIAN_POINT('',(-10.0938345051427,11.3868424270264,28.1994982268046));
#2207=CARTESIAN_POINT('Origin',(9.9059999999973,25.6868424270254,49.6427587379346));
#2208=CARTESIAN_POINT('',(10.9059999999973,25.6868424270254,46.7999999999996));
#2209=CARTESIAN_POINT('',(9.9059999999973,26.6868424270254,46.7999999999996));
#2210=CARTESIAN_POINT('Origin',(9.9059999999973,25.6868424270254,46.7999999999996));
#2211=CARTESIAN_POINT('',(9.9059999999973,26.6868424270254,49.6427587379346));
#2212=CARTESIAN_POINT('',(10.9059999999973,25.6868424270254,49.6427587379346));
#2213=CARTESIAN_POINT('Origin',(-25.4438345051427,26.6868424270254,52.4855174758696));
#2214=CARTESIAN_POINT('',(1.51446662827444,26.6868424270254,46.7999999999996));
#2215=CARTESIAN_POINT('',(-12.2032718282827,26.6868424270254,46.7999999999996));
#2216=CARTESIAN_POINT('',(1.01523882950746,26.6868424270254,47.2722222222218));
#2217=CARTESIAN_POINT('Origin',(1.51446662827444,26.6868424270254,47.2999999999996));
#2218=CARTESIAN_POINT('',(-17.5443102668498,26.6868424270254,71.095207388132));
#2219=CARTESIAN_POINT('Origin',(-25.4438345051427,26.6868424270254,45.7999999999996));
#2220=CARTESIAN_POINT('',(-6.5938345051537,26.6868424270254,46.7988392918888));
#2221=CARTESIAN_POINT('',(-17.2155723675322,26.6868424270254,70.3658201740216));
#2222=CARTESIAN_POINT('',(-6.5938345051537,26.6868424270254,27.1740100934196));
#2223=CARTESIAN_POINT('',(-6.5938345051537,26.6868424270254,28.1427587379346));
#2224=CARTESIAN_POINT('Origin',(-25.4438345051427,26.6868424270254,45.7999999999996));
#2225=CARTESIAN_POINT('Origin',(9.9059999999973,8.68684242702642,47.5489964536111));
#2226=CARTESIAN_POINT('',(9.9059999999973,7.68684242702642,46.7999999999996));
#2227=CARTESIAN_POINT('',(10.9059999999973,8.68684242702642,46.7999999999996));
#2228=CARTESIAN_POINT('Origin',(9.9059999999973,8.68684242702642,46.7999999999996));
#2229=CARTESIAN_POINT('',(10.9059999999973,8.68684242702642,47.5489964536111));
#2230=CARTESIAN_POINT('',(9.9059999999973,7.68684242702642,47.5489964536111));
#2231=CARTESIAN_POINT('Origin',(10.9059999999973,-18.9216575729696,46.7999999999996));
#2232=CARTESIAN_POINT('',(10.9059999999973,-18.9216575729696,46.7999999999996));
#2233=CARTESIAN_POINT('Origin',(-10.5938345051427,36.1118424270254,13.2999999999996));
#2234=CARTESIAN_POINT('',(-10.5938345051427,11.3868424270264,12.7999999999996));
#2235=CARTESIAN_POINT('Origin',(-10.5938345051427,11.3868424270264,13.2999999999996));
#2236=CARTESIAN_POINT('',(-10.5938345051427,23.0783424270264,12.7999999999996));
#2237=CARTESIAN_POINT('Origin',(-10.5938345051427,23.0783424270264,13.2999999999996));
#2238=CARTESIAN_POINT('',(-10.5938345051427,36.1118424270254,12.7999999999996));
#2239=CARTESIAN_POINT('Origin',(-20.4750671094549,25.8618424270259,13.2999999999996));
#2240=CARTESIAN_POINT('',(-20.4750671094549,25.8618424270259,12.7999999999996));
#2241=CARTESIAN_POINT('',(-19.9929071395374,25.8618424270259,13.1676302020503));
#2242=CARTESIAN_POINT('Origin',(-30.5938345051427,40.3368424270254,12.7999999999996));
#2243=CARTESIAN_POINT('',(-30.5938345051427,23.0783424270264,12.7999999999996));
#2244=CARTESIAN_POINT('',(-24.5938345051427,23.0783424270264,12.7999999999996));
#2245=CARTESIAN_POINT('',(-30.5938345051427,36.1118424270244,12.7999999999996));
#2246=CARTESIAN_POINT('',(-16.5692204040974,25.8618424270259,12.7999999999996));
#2247=CARTESIAN_POINT('',(-6.5938345051537,11.3868424270264,12.7999999999996));
#2248=CARTESIAN_POINT('',(-6.5938345051537,-36.1801575729696,12.7999999999996));
#2249=CARTESIAN_POINT('',(-32.5356314960827,11.3868424270264,12.7999999999996));
#2250=CARTESIAN_POINT('',(-20.7002313719864,-13.4216575729735,12.7999999999996));
#2251=CARTESIAN_POINT('Origin',(-23.4502313719864,-13.4216575729735,12.7999999999996));
#2252=CARTESIAN_POINT('',(-10.9874376383049,-13.4216575729735,12.7999999999996));
#2253=CARTESIAN_POINT('Origin',(-13.7374376383049,-13.4216575729735,12.7999999999996));
#2254=CARTESIAN_POINT('',(-20.7002313719864,17.5783424270265,12.7999999999996));
#2255=CARTESIAN_POINT('Origin',(-23.4502313719864,17.5783424270265,12.7999999999996));
#2256=CARTESIAN_POINT('',(-10.9874376383049,17.5783424270265,12.7999999999996));
#2257=CARTESIAN_POINT('Origin',(-13.7374376383049,17.5783424270265,12.7999999999996));
#2258=CARTESIAN_POINT('Origin',(-16.5692204040974,25.8618424270259,13.1999999999996));
#2259=CARTESIAN_POINT('',(-16.9549483800314,25.8618424270259,13.3058958383591));
#2260=CARTESIAN_POINT('Origin',(-17.0938345051457,11.3868424270264,12.7999999999996));
#2261=CARTESIAN_POINT('',(-9.6205269986554,11.3868424270264,40.0216908867159));
#2262=CARTESIAN_POINT('',(-13.2610351678811,11.3868424270264,26.7610578982885));
#2263=CARTESIAN_POINT('',(-9.6205269986554,6.73259242702692,40.0216908867159));
#2264=CARTESIAN_POINT('Origin',(1.51446662827444,31.8868424270254,47.2999999999996));
#2265=CARTESIAN_POINT('',(1.01523882950746,31.8868424270254,47.2722222222218));
#2266=CARTESIAN_POINT('',(1.51446662827444,31.8868424270254,46.7999999999996));
#2267=CARTESIAN_POINT('Origin',(-25.4438345051427,31.8868424270254,45.7999999999996));
#2268=CARTESIAN_POINT('',(-6.5938345051537,26.6783424270264,27.1740100934136));
#2269=CARTESIAN_POINT('',(-6.5938345051537,40.3368424270244,27.1740100934136));
#2270=CARTESIAN_POINT('Origin',(-25.4438345051427,26.6783424270264,45.7999999999996));
#2271=CARTESIAN_POINT('',(-10.0935414695245,40.3368424270253,24.1986457896543));
#2272=CARTESIAN_POINT('',(-10.0935414695223,31.8868424270254,24.1986457896593));
#2273=CARTESIAN_POINT('',(-21.3595932505337,40.3368424270254,71.9833720779845));
#2274=CARTESIAN_POINT('Origin',(-25.4438345051427,40.3368424270254,45.7999999999996));
#2275=CARTESIAN_POINT('',(-21.3595932505337,23.0783424270264,71.9833720779845));
#2276=CARTESIAN_POINT('',(-21.3595932505321,31.8868424270254,71.9833720779833));
#2277=CARTESIAN_POINT('',(-17.5443102668493,23.0783424270264,71.0952073881307));
#2278=CARTESIAN_POINT('Origin',(-25.4438345051427,23.0783424270264,45.7999999999996));
#2279=CARTESIAN_POINT('',(-17.5443102668497,31.8868424270254,71.0952073881319));
#2280=CARTESIAN_POINT('Origin',(-6.27127236029,6.48259242702792,47.2999999999996));
#2281=CARTESIAN_POINT('',(-6.27127236029,7.68684242702642,46.7999999999996));
#2282=CARTESIAN_POINT('',(-6.72711290457454,7.68684242702642,47.0945507406036));
#2283=CARTESIAN_POINT('Origin',(-6.27127236029,7.68684242702642,47.2999999999996));
#2284=CARTESIAN_POINT('',(-6.72711290457454,6.48259242702792,47.0945507406036));
#2285=CARTESIAN_POINT('',(-6.27127236029,6.48259242702792,46.7999999999996));
#2286=CARTESIAN_POINT('Origin',(-22.5244441402113,31.8868424270254,82.1448794196437));
#2287=CARTESIAN_POINT('',(-6.5938345051537,7.68684242702642,46.7988392918888));
#2288=CARTESIAN_POINT('',(-14.1464722673865,7.68684242702643,63.556254326829));
#2289=CARTESIAN_POINT('',(-6.5938345051537,31.8868424270254,46.7988392918888));
#2290=CARTESIAN_POINT('',(-22.6385234585554,23.0783424270264,82.3979929072196));
#2291=CARTESIAN_POINT('',(-22.3035403519586,23.0783424270264,81.6547491394585));
#2292=CARTESIAN_POINT('',(-22.6385234585554,10.7868424270254,82.3979929072196));
#2293=CARTESIAN_POINT('',(-22.6385234585554,16.9825924270264,82.3979929072196));
#2294=CARTESIAN_POINT('',(-22.1878192332029,11.7868424270254,81.3979929072196));
#2295=CARTESIAN_POINT('Origin',(-22.1878192332029,10.7868424270254,81.3979929072196));
#2296=CARTESIAN_POINT('',(-10.4399668992964,11.7868424270254,55.332445541386));
#2297=CARTESIAN_POINT('',(-23.2620310798219,11.7868424270254,83.7814004419034));
#2298=CARTESIAN_POINT('',(-10.0290683805044,10.7868424270254,54.4207644528169));
#2299=CARTESIAN_POINT('Origin',(-10.4399668992964,10.7868424270254,55.332445541386));
#2300=CARTESIAN_POINT('',(-10.0290683805044,-13.4216575729696,54.4207644528169));
#2301=CARTESIAN_POINT('',(-10.0290683805044,19.3368424270259,54.4207644528169));
#2302=CARTESIAN_POINT('',(-10.4399668992964,-14.4216575729696,55.332445541386));
#2303=CARTESIAN_POINT('Origin',(-10.4399668992964,-13.4216575729696,55.332445541386));
#2304=CARTESIAN_POINT('',(-22.1878192332029,-14.4216575729696,81.3979929072196));
#2305=CARTESIAN_POINT('',(-19.4362328661895,-14.4216575729696,75.2929106554136));
#2306=CARTESIAN_POINT('',(-22.6385234585554,-13.4216575729696,82.3979929072196));
#2307=CARTESIAN_POINT('Origin',(-22.1878192332029,-13.4216575729696,81.3979929072196));
#2308=CARTESIAN_POINT('',(-22.6385234585554,16.9825924270264,82.3979929072196));
#2309=CARTESIAN_POINT('Origin',(-4.7989272994803,6.73259242702692,38.6979929072226));
#2310=CARTESIAN_POINT('',(-6.5938345051537,7.68684242702642,43.364716396248));
#2311=CARTESIAN_POINT('Origin',(-4.7989272994803,7.68684242702642,38.6979929072226));
#2312=CARTESIAN_POINT('',(-6.5938345051537,11.3868424270264,43.364716396248));
#2313=CARTESIAN_POINT('Origin',(-4.7989272994803,11.3868424270264,38.6979929072226));
#2314=CARTESIAN_POINT('',(-6.5938345051537,6.73259242702692,43.364716396248));
#2315=CARTESIAN_POINT('Origin',(-34.4774284870127,11.3868424270264,47.5989964536096));
#2316=CARTESIAN_POINT('',(-6.5938345051537,11.3868424270264,6.79999999999959));
#2317=CARTESIAN_POINT('Origin',(-31.6689288976808,-12.3966575729716,46.1833918640151));
#2318=CARTESIAN_POINT('',(-12.3825301009804,-12.3966575729716,40.8885999460421));
#2319=CARTESIAN_POINT('',(-13.4353071262991,-14.4216575729696,54.4013622398559));
#2320=CARTESIAN_POINT('',(-13.4353071262991,-12.3966575729716,54.4013622398559));
#2321=CARTESIAN_POINT('',(-13.2816977121452,-14.4216575729696,54.0516654567207));
#2322=CARTESIAN_POINT('Origin',(-31.6689288976808,-14.4216575729696,46.1833918640151));
#2323=CARTESIAN_POINT('',(-12.9110529042676,-13.4216575729696,53.1218418505564));
#2324=CARTESIAN_POINT('Ctrl Pts',(-13.2816977121452,-14.4216575729696,54.0516654567207));
#2325=CARTESIAN_POINT('Ctrl Pts',(-13.2322631393009,-14.4216575729696,53.9361426665258));
#2326=CARTESIAN_POINT('Ctrl Pts',(-13.1807402614342,-14.3965381416073,53.8124206809256));
#2327=CARTESIAN_POINT('Ctrl Pts',(-13.0880926842849,-14.2944434053305,53.5839138287012));
#2328=CARTESIAN_POINT('Ctrl Pts',(-13.0469052278194,-14.2174700013904,53.4791535624697));
#2329=CARTESIAN_POINT('Ctrl Pts',(-12.98279574067,-14.0399227997279,53.3133514363938));
#2330=CARTESIAN_POINT('Ctrl Pts',(-12.9555784423414,-13.9275166694072,53.2412335196377));
#2331=CARTESIAN_POINT('Ctrl Pts',(-12.9197377309809,-13.6811795240472,53.1454637322689));
#2332=CARTESIAN_POINT('Ctrl Pts',(-12.9110529042676,-13.5472457901693,53.1218418505564));
#2333=CARTESIAN_POINT('Ctrl Pts',(-12.9110529042676,-13.4216575729696,53.1218418505564));
#2334=CARTESIAN_POINT('',(-12.9110529042676,10.7868424270254,53.1218418505564));
#2335=CARTESIAN_POINT('',(-12.9110529042676,-12.3966575729716,53.1218418505564));
#2336=CARTESIAN_POINT('Ctrl Pts',(-12.9110529042676,10.7868424270254,53.1218418505564));
#2337=CARTESIAN_POINT('Ctrl Pts',(-12.9110529042676,10.9124306442251,53.1218418505564));
#2338=CARTESIAN_POINT('Ctrl Pts',(-12.9197377309809,11.046364378103,53.1454637322689));
#2339=CARTESIAN_POINT('Ctrl Pts',(-12.9489718876686,11.2472939476372,53.2235801776075));
#2340=CARTESIAN_POINT('Ctrl Pts',(-12.963888028799,11.3209718659868,53.2632149759033));
#2341=CARTESIAN_POINT('Ctrl Pts',(-12.9815212669832,11.3868424270264,53.3094564191636));
#2342=CARTESIAN_POINT('Origin',(-10.4756211094741,11.3868424270264,47.8345588900308));
#2343=CARTESIAN_POINT('Origin',(-8.88904389048908,-36.1801575729696,44.3143406854106));
#2344=CARTESIAN_POINT('',(-13.2783727270613,11.7868424270254,54.0531640415473));
#2345=CARTESIAN_POINT('Origin',(-13.2783727270613,10.7868424270254,54.0531640415473));
#2346=CARTESIAN_POINT('',(-25.6028026383604,11.7868424270254,81.3979929072196));
#2347=CARTESIAN_POINT('',(-17.8635338688432,11.7868424270254,64.2264903248675));
#2348=CARTESIAN_POINT('',(-26.0535068637129,10.7868424270254,82.3979929072196));
#2349=CARTESIAN_POINT('Origin',(-25.6028026383604,10.7868424270254,81.3979929072196));
#2350=CARTESIAN_POINT('',(-26.0535068637129,-13.4216575729696,82.3979929072196));
#2351=CARTESIAN_POINT('',(-26.0535068637129,-17.0509075729711,82.3979929072196));
#2352=CARTESIAN_POINT('',(-25.6028026383604,-14.4216575729696,81.3979929072196));
#2353=CARTESIAN_POINT('Origin',(-25.6028026383604,-13.4216575729696,81.3979929072196));
#2354=CARTESIAN_POINT('',(-14.0377356552109,-14.4216575729696,55.7380005383777));
#2355=CARTESIAN_POINT('',(-26.065786884887,23.0783424270264,82.4252392041997));
#2356=CARTESIAN_POINT('',(-26.065786884887,-27.5509075729696,82.4252392041997));
#2357=CARTESIAN_POINT('',(-16.9050431409799,23.0783424270264,62.0998390224226));
#2358=CARTESIAN_POINT('',(-20.6139655903965,40.3368424270253,70.3290107070511));
#2359=CARTESIAN_POINT('',(-9.99716049937987,40.3368424270254,46.7729744113851));
#2360=CARTESIAN_POINT('',(-20.6139655903965,30.3868424270254,70.329010707051));
#2361=CARTESIAN_POINT('',(-20.6139655903899,31.8868424270254,70.3290107070441));
#2362=CARTESIAN_POINT('',(-9.7117559882795,30.3868424270254,46.1397331523817));
#2363=CARTESIAN_POINT('Origin',(-11.2456664265665,-13.4216575729696,54.9693133600809));
#2364=CARTESIAN_POINT('',(-11.2456664265665,-14.4216575729696,54.9693133600809));
#2365=CARTESIAN_POINT('',(-10.8347679077745,-13.4216575729696,54.0576322715118));
#2366=CARTESIAN_POINT('Origin',(-18.5210161972527,-14.4216575729696,67.4615640410036));
#2367=CARTESIAN_POINT('',(-26.4992223421327,-14.4216575729696,81.3979929072196));
#2368=CARTESIAN_POINT('Origin',(-9.87837134874419,10.7868424270254,55.5855590289591));
#2369=CARTESIAN_POINT('',(-9.46747282995215,10.7868424270254,54.67387794039));
#2370=CARTESIAN_POINT('',(-9.87837134874419,11.7868424270254,55.5855590289591));
#2371=CARTESIAN_POINT('Origin',(-9.4674728299597,6.78684242702642,54.6738779403866));
#2372=CARTESIAN_POINT('Origin',(-28.9577254779427,10.7868424270254,81.3979929072196));
#2373=CARTESIAN_POINT('',(-28.9577254779427,10.7868424270254,82.3979929072196));
#2374=CARTESIAN_POINT('',(-28.9577254779427,11.7868424270254,81.3979929072196));
#2375=CARTESIAN_POINT('Origin',(-34.4774284870127,2.07834242702742,82.3979929072196));
#2376=CARTESIAN_POINT('',(-22.6382229934387,23.0783424270264,82.3979929072196));
#2377=CARTESIAN_POINT('',(-31.1076485687327,23.0783424270264,82.3979929072196));
#2378=CARTESIAN_POINT('',(-22.6382229934387,-17.0509075729711,82.3979929072196));
#2379=CARTESIAN_POINT('',(-26.4992223421327,-13.4216575729696,82.3979929072196));
#2380=CARTESIAN_POINT('Origin',(-26.4992223421327,-13.4216575729696,81.3979929072196));
#2381=CARTESIAN_POINT('Origin',(-25.7319726823199,-18.9216575729696,84.3979929072196));
#2382=CARTESIAN_POINT('',(-23.8817191921694,23.0783424270264,85.1573097200098));
#2383=CARTESIAN_POINT('',(-25.7319726823199,23.0783424270264,86.3979929072196));
#2384=CARTESIAN_POINT('Origin',(-25.7319726823199,23.0783424270264,84.3979929072196));
#2385=CARTESIAN_POINT('',(-25.7319726823199,-18.9216575729696,86.3979929072196));
#2386=CARTESIAN_POINT('',(-23.8817191921694,-18.9216575729696,85.1573097200098));
#2387=CARTESIAN_POINT('Origin',(-38.7250226107827,-18.9216575729696,86.3979929072196));
#2388=CARTESIAN_POINT('',(-38.7250226107827,23.0783424270264,86.3979929072196));
#2389=CARTESIAN_POINT('',(-33.2314456306127,23.0783424270264,86.3979929072196));
#2390=CARTESIAN_POINT('',(-38.7250226107827,-18.9216575729696,86.3979929072196));
#2391=CARTESIAN_POINT('',(-32.0499489966427,-3.92165757297358,86.3979929072196));
#2392=CARTESIAN_POINT('Origin',(-33.5499489966427,-3.92165757297358,86.3979929072196));
#2393=CARTESIAN_POINT('',(-32.0499489966427,8.07834242702742,86.3979929072196));
#2394=CARTESIAN_POINT('Origin',(-33.5499489966427,8.07834242702742,86.3979929072196));
#2395=CARTESIAN_POINT('Origin',(-27.7378686504527,23.0783424270264,78.6157818624276));
#2396=CARTESIAN_POINT('',(-23.8805386144092,23.0783424270264,85.1544329654265));
#2397=CARTESIAN_POINT('',(-23.2174261722022,23.0783424270264,83.5386039861534));
#2398=CARTESIAN_POINT('',(-22.3032625592162,23.0783424270264,81.6547853493173));
#2399=CARTESIAN_POINT('',(-28.3449896063097,23.0783424270264,83.8979929072196));
#2400=CARTESIAN_POINT('Origin',(-28.3449896063097,23.0783424270264,81.3979929072196));
#2401=CARTESIAN_POINT('',(-38.7250226107827,23.0783424270264,83.8979929072196));
#2402=CARTESIAN_POINT('',(-33.2314456306127,23.0783424270264,83.8979929072196));
#2403=CARTESIAN_POINT('',(-38.7250226107827,23.0783424270264,82.0068873848236));
#2404=CARTESIAN_POINT('Origin',(-28.3449896063097,-27.5509075729696,81.3979929072196));
#2405=CARTESIAN_POINT('',(-28.3449896063097,-27.5509075729696,83.8979929072196));
#2406=CARTESIAN_POINT('Origin',(-38.7250226107827,-18.9216575729696,83.8979929072196));
#2407=CARTESIAN_POINT('',(-38.7250226107827,-18.9216575729696,83.8979929072196));
#2408=CARTESIAN_POINT('',(-32.0499489966427,-3.92165757297358,83.8979929072196));
#2409=CARTESIAN_POINT('Origin',(-33.5499489966427,-3.92165757297358,83.8979929072196));
#2410=CARTESIAN_POINT('',(-32.0499489966427,8.07834242702742,83.8979929072196));
#2411=CARTESIAN_POINT('Origin',(-33.5499489966427,8.07834242702742,83.8979929072196));
#2412=CARTESIAN_POINT('Origin',(-23.4502313719864,-13.4216575729735,12.7999999999996));
#2413=CARTESIAN_POINT('',(-20.7002313719864,-13.4216575729735,11.2999999999996));
#2414=CARTESIAN_POINT('',(-20.7002313719864,-13.4216575729735,12.7999999999996));
#2415=CARTESIAN_POINT('Origin',(-23.4502313719864,-13.4216575729735,11.2999999999996));
#2416=CARTESIAN_POINT('Origin',(-23.4502313719864,-13.4216575729735,11.2999999999996));
#2417=CARTESIAN_POINT('',(-21.9502313719864,-13.4216575729735,11.2999999999996));
#2418=CARTESIAN_POINT('Origin',(-23.4502313719864,-13.4216575729735,11.2999999999996));
#2419=CARTESIAN_POINT('Origin',(-13.7374376383049,-13.4216575729735,12.7999999999996));
#2420=CARTESIAN_POINT('',(-10.9874376383049,-13.4216575729735,11.2999999999996));
#2421=CARTESIAN_POINT('',(-10.9874376383049,-13.4216575729735,12.7999999999996));
#2422=CARTESIAN_POINT('Origin',(-13.7374376383049,-13.4216575729735,11.2999999999996));
#2423=CARTESIAN_POINT('Origin',(-13.7374376383049,-13.4216575729735,11.2999999999996));
#2424=CARTESIAN_POINT('',(-12.2374376383049,-13.4216575729735,11.2999999999996));
#2425=CARTESIAN_POINT('Origin',(-13.7374376383049,-13.4216575729735,11.2999999999996));
#2426=CARTESIAN_POINT('Origin',(-23.4502313719864,17.5783424270265,12.7999999999996));
#2427=CARTESIAN_POINT('',(-20.7002313719864,17.5783424270265,11.2999999999996));
#2428=CARTESIAN_POINT('',(-20.7002313719864,17.5783424270265,12.7999999999996));
#2429=CARTESIAN_POINT('Origin',(-23.4502313719864,17.5783424270265,11.2999999999996));
#2430=CARTESIAN_POINT('Origin',(-23.4502313719864,17.5783424270265,11.2999999999996));
#2431=CARTESIAN_POINT('',(-21.9502313719864,17.5783424270265,11.2999999999996));
#2432=CARTESIAN_POINT('Origin',(-23.4502313719864,17.5783424270265,11.2999999999996));
#2433=CARTESIAN_POINT('Origin',(-13.7374376383049,17.5783424270265,12.7999999999996));
#2434=CARTESIAN_POINT('',(-10.9874376383049,17.5783424270265,11.2999999999996));
#2435=CARTESIAN_POINT('',(-10.9874376383049,17.5783424270265,12.7999999999996));
#2436=CARTESIAN_POINT('Origin',(-13.7374376383049,17.5783424270265,11.2999999999996));
#2437=CARTESIAN_POINT('Origin',(-13.7374376383049,17.5783424270265,11.2999999999996));
#2438=CARTESIAN_POINT('',(-12.2374376383049,17.5783424270265,11.2999999999996));
#2439=CARTESIAN_POINT('Origin',(-13.7374376383049,17.5783424270265,11.2999999999996));
#2440=CARTESIAN_POINT('Origin',(-23.4502313719864,-13.4216575729735,12.7999999999996));
#2441=CARTESIAN_POINT('',(-21.9502313719864,-13.4216575729735,9.79999999999959));
#2442=CARTESIAN_POINT('',(-21.9502313719864,-13.4216575729735,12.7999999999996));
#2443=CARTESIAN_POINT('Origin',(-23.4502313719864,-13.4216575729735,9.79999999999959));
#2444=CARTESIAN_POINT('Origin',(-13.7374376383049,-13.4216575729735,12.7999999999996));
#2445=CARTESIAN_POINT('',(-12.2374376383049,-13.4216575729735,9.79999999999959));
#2446=CARTESIAN_POINT('',(-12.2374376383049,-13.4216575729735,12.7999999999996));
#2447=CARTESIAN_POINT('Origin',(-13.7374376383049,-13.4216575729735,9.79999999999959));
#2448=CARTESIAN_POINT('Origin',(-23.4502313719864,17.5783424270265,12.7999999999996));
#2449=CARTESIAN_POINT('',(-21.9502313719864,17.5783424270265,9.79999999999959));
#2450=CARTESIAN_POINT('',(-21.9502313719864,17.5783424270265,12.7999999999996));
#2451=CARTESIAN_POINT('Origin',(-23.4502313719864,17.5783424270265,9.79999999999959));
#2452=CARTESIAN_POINT('Origin',(-13.7374376383049,17.5783424270265,12.7999999999996));
#2453=CARTESIAN_POINT('',(-12.2374376383049,17.5783424270265,9.79999999999959));
#2454=CARTESIAN_POINT('',(-12.2374376383049,17.5783424270265,12.7999999999996));
#2455=CARTESIAN_POINT('Origin',(-13.7374376383049,17.5783424270265,9.79999999999959));
#2456=CARTESIAN_POINT('Origin',(11.8811654948793,-18.9216575729696,46.7999999999996));
#2457=CARTESIAN_POINT('',(6.7509547501213,7.68684242702642,46.7999999999996));
#2458=CARTESIAN_POINT('',(4.43933363637331,32.2868424270254,46.7999999999996));
#2459=CARTESIAN_POINT('Origin',(5.93933363637331,32.2868424270254,46.7999999999996));
#2460=CARTESIAN_POINT('',(0.656082747421671,1.03471742702742,46.7999999999996));
#2461=CARTESIAN_POINT('Origin',(2.15608274742167,1.03471742702742,46.7999999999996));
#2462=CARTESIAN_POINT('',(0.656082747421671,-12.2695325729706,46.7999999999996));
#2463=CARTESIAN_POINT('Origin',(2.15608274742167,-12.2695325729706,46.7999999999996));
#2464=CARTESIAN_POINT('Origin',(1.6207440053633,7.68684242702642,48.2979929072226));
#2465=CARTESIAN_POINT('',(-6.5938345051537,7.68684242702642,26.0489964536106));
#2466=CARTESIAN_POINT('Origin',(5.93933363637331,32.2868424270254,43.6979929072226));
#2467=CARTESIAN_POINT('',(4.43933363637331,32.2868424270254,43.6979929072226));
#2468=CARTESIAN_POINT('Origin',(2.15608274742167,1.03471742702742,43.6979929072226));
#2469=CARTESIAN_POINT('',(0.656082747421671,1.03471742702742,43.6979929072226));
#2470=CARTESIAN_POINT('Origin',(2.15608274742167,-12.2695325729706,43.6979929072226));
#2471=CARTESIAN_POINT('',(0.656082747421671,-12.2695325729706,43.6979929072226));
#2472=CARTESIAN_POINT('Origin',(-6.5938345051537,31.8868424270254,27.1740100934196));
#2473=CARTESIAN_POINT('',(-6.5938345051547,23.0783424270264,9.79999999999959));
#2474=CARTESIAN_POINT('',(-6.5938345051537,31.8868424270254,9.79999999999959));
#2475=CARTESIAN_POINT('',(-6.5938345051537,23.0783424270264,22.3332682292516));
#2476=CARTESIAN_POINT('',(-6.5938345051537,23.0783424270264,22.8305075700636));
#2477=CARTESIAN_POINT('Ctrl Pts',(-6.5938345051537,26.6783424270264,27.174010093409));
#2478=CARTESIAN_POINT('Ctrl Pts',(-6.5938345051537,26.4782627928901,27.174010093409));
#2479=CARTESIAN_POINT('Ctrl Pts',(-6.5938345051537,26.2608507253841,27.1485277802887));
#2480=CARTESIAN_POINT('Ctrl Pts',(-6.5938345051537,25.8393531184647,27.0424709874131));
#2481=CARTESIAN_POINT('Ctrl Pts',(-6.5938345051537,25.6351956302554,26.9621826563229));
#2482=CARTESIAN_POINT('Ctrl Pts',(-6.5938345051537,25.2417110172765,26.7618859465703));
#2483=CARTESIAN_POINT('Ctrl Pts',(-6.5938345051537,25.0218060528052,26.615622141225));
#2484=CARTESIAN_POINT('Ctrl Pts',(-6.5938345051537,24.6193210954425,26.2771296272966));
#2485=CARTESIAN_POINT('Ctrl Pts',(-6.5938345051537,24.4364081220824,26.0852970473506));
#2486=CARTESIAN_POINT('Ctrl Pts',(-6.5938345051537,24.1018320381802,25.6748207825645));
#2487=CARTESIAN_POINT('Ctrl Pts',(-6.5938345051537,23.9259759109389,25.4125321776041));
#2488=CARTESIAN_POINT('Ctrl Pts',(-6.5938345051537,23.6260038226276,24.859238846132));
#2489=CARTESIAN_POINT('Ctrl Pts',(-6.5938345051537,23.5016284735141,24.5683747881157));
#2490=CARTESIAN_POINT('Ctrl Pts',(-6.5938345051537,23.3049883963162,23.9996197868998));
#2491=CARTESIAN_POINT('Ctrl Pts',(-6.5938345051537,23.2181374189726,23.6665221563645));
#2492=CARTESIAN_POINT('Ctrl Pts',(-6.5938345051537,23.1048085425834,22.9901878511848));
#2493=CARTESIAN_POINT('Ctrl Pts',(-6.5938345051537,23.0783424270266,22.6469492021155));
#2494=CARTESIAN_POINT('Ctrl Pts',(-6.5938345051537,23.0783424270264,22.3332682292516));
#2495=CARTESIAN_POINT('Origin',(-10.0935414695227,31.8868424270254,23.207537034943));
#2496=CARTESIAN_POINT('',(-10.0935414695289,40.3368424270254,26.0675773478927));
#2497=CARTESIAN_POINT('',(-10.0935414695216,31.8868424270254,26.0675773479134));
#2498=CARTESIAN_POINT('',(-10.0935414695186,40.3368424270254,33.9032667442741));
#2499=CARTESIAN_POINT('Origin',(-21.3838842815827,40.3368424270254,44.5989964536096));
#2500=CARTESIAN_POINT('Origin',(-25.4438345051427,40.3368424270254,45.7999999999996));
#2501=CARTESIAN_POINT('Origin',(-25.4438345051427,26.6783424270264,45.7999999999996));
#2502=CARTESIAN_POINT('Origin',(-25.4438345051427,23.0783424270264,45.7999999999996));
#2503=CARTESIAN_POINT('Origin',(-23.4380224688727,11.7868424270254,85.6710349517396));
#2504=CARTESIAN_POINT('Origin',(-6.5938345051537,31.8868424270254,9.79999999999959));
#2505=CARTESIAN_POINT('',(-30.5938345051427,23.0783424270264,9.79999999999959));
#2506=CARTESIAN_POINT('',(-30.5938345051427,31.8868424270254,9.79999999999959));
#2507=CARTESIAN_POINT('',(-12.5938345051427,23.0783424270264,9.79999999999959));
#2508=CARTESIAN_POINT('Origin',(-18.5938345051427,23.0783424270264,18.4870050467076));
#2509=CARTESIAN_POINT('',(-30.5938345051427,23.0783424270264,14.1435025233536));
#2510=CARTESIAN_POINT('Origin',(-25.4438345051427,31.8868424270254,45.7999999999996));
#2511=CARTESIAN_POINT('Origin',(-25.4438345051427,30.3868424270254,45.7999999999996));
#2512=CARTESIAN_POINT('Origin',(-11.0227796955827,30.3868424270254,47.7450415136566));
#2513=CARTESIAN_POINT('Origin',(-38.7250226107827,-18.9216575729696,85.3979929072196));
#2514=CARTESIAN_POINT('Origin',(-24.2949006857491,-18.9216575729696,86.1641233288802));
#2515=CARTESIAN_POINT('',(-23.8805386144091,-27.5509075729696,85.1544329654264));
#2516=CARTESIAN_POINT('Origin',(-22.5241476366859,-36.1801575729696,82.1448834093594));
#2517=CARTESIAN_POINT('Origin',(-30.5938345051427,31.8868424270254,9.79999999999959));
#2518=CARTESIAN_POINT('Origin',(-33.5499489966427,8.07834242702742,89.3979929072196));
#2519=CARTESIAN_POINT('',(-32.0499489966427,8.07834242702742,89.3979929072196));
#2520=CARTESIAN_POINT('Origin',(-33.5499489966427,-3.92165757297358,89.3979929072196));
#2521=CARTESIAN_POINT('',(-32.0499489966427,-3.92165757297358,89.3979929072196));
#2522=UNCERTAINTY_MEASURE_WITH_UNIT(LENGTH_MEASURE(0.01),#2526,
'DISTANCE_ACCURACY_VALUE',
'Maximum model space distance between geometric entities at asserted c
onnectivities');
#2523=UNCERTAINTY_MEASURE_WITH_UNIT(LENGTH_MEASURE(0.01),#2526,
'DISTANCE_ACCURACY_VALUE',
'Maximum model space distance between geometric entities at asserted c
onnectivities');
#2524=(
GEOMETRIC_REPRESENTATION_CONTEXT(3)
GLOBAL_UNCERTAINTY_ASSIGNED_CONTEXT((#2522))
GLOBAL_UNIT_ASSIGNED_CONTEXT((#2526,#2528,#2529))
REPRESENTATION_CONTEXT('','3D')
);
#2525=(
GEOMETRIC_REPRESENTATION_CONTEXT(3)
GLOBAL_UNCERTAINTY_ASSIGNED_CONTEXT((#2523))
GLOBAL_UNIT_ASSIGNED_CONTEXT((#2526,#2528,#2529))
REPRESENTATION_CONTEXT('','3D')
);
#2526=(
LENGTH_UNIT()
NAMED_UNIT(*)
SI_UNIT(.MILLI.,.METRE.)
);
#2527=(
LENGTH_UNIT()
NAMED_UNIT(*)
SI_UNIT($,.METRE.)
);
#2528=(
NAMED_UNIT(*)
PLANE_ANGLE_UNIT()
SI_UNIT($,.RADIAN.)
);
#2529=(
NAMED_UNIT(*)
SI_UNIT($,.STERADIAN.)
SOLID_ANGLE_UNIT()
);
#2530=SHAPE_DEFINITION_REPRESENTATION(#2531,#2532);
#2531=PRODUCT_DEFINITION_SHAPE('',$,#2534);
#2532=SHAPE_REPRESENTATION('',(#1481),#2524);
#2533=PRODUCT_DEFINITION_CONTEXT('part definition',#2538,'design');
#2534=PRODUCT_DEFINITION('2026-08-14-11-33-47-450','\X2\9A6C8FBE652F67B6\X0\',
#2535,#2533);
#2535=PRODUCT_DEFINITION_FORMATION('',$,#2540);
#2536=PRODUCT_RELATED_PRODUCT_CATEGORY('\X2\9A6C8FBE652F67B6\X0\',
'\X2\9A6C8FBE652F67B6\X0\',(#2540));
#2537=APPLICATION_PROTOCOL_DEFINITION('international standard',
'automotive_design',2009,#2538);
#2538=APPLICATION_CONTEXT(
'Core Data for Automotive Mechanical Design Process');
#2539=PRODUCT_CONTEXT('part definition',#2538,'mechanical');
#2540=PRODUCT('2026-08-14-11-33-47-450','\X2\9A6C8FBE652F67B6\X0\',$,(#2539));
#2541=PRESENTATION_STYLE_ASSIGNMENT((#2542));
#2542=SURFACE_STYLE_USAGE(.BOTH.,#2543);
#2543=SURFACE_SIDE_STYLE('',(#2544));
#2544=SURFACE_STYLE_FILL_AREA(#2545);
#2545=FILL_AREA_STYLE('\X2\94A2\X0\ - \X2\7F0E5149\X0\',(#2546));
#2546=FILL_AREA_STYLE_COLOUR('\X2\94A2\X0\ - \X2\7F0E5149\X0\',#2547);
#2547=COLOUR_RGB('\X2\94A2\X0\ - \X2\7F0E5149\X0\',0.627450980392157,0.627450980392157,
0.627450980392157);
ENDSEC;
END-ISO-10303-21;
