ISO-10303-21;
HEADER;
/* Generated by software containing ST-Developer
 * from STEP Tools, Inc. (www.steptools.com) 
 */

FILE_DESCRIPTION(
/* description */ (''),
/* implementation_level */ '2;1');

FILE_NAME(
/* name */ '',
/* time_stamp */ '2026-08-11T12:22:37+09:00',
/* author */ (''),
/* organization */ (''),
/* preprocessor_version */ 'ST-DEVELOPER v20.1',
/* originating_system */ 'Autodesk Translation Framework v15.8.0.0',
/* authorisation */ '');

FILE_SCHEMA (('AUTOMOTIVE_DESIGN { 1 0 10303 214 3 1 1 }'));
ENDSEC;

DATA;
#10=MECHANICAL_DESIGN_GEOMETRIC_PRESENTATION_REPRESENTATION('',(#13),#2692);
#11=SHAPE_REPRESENTATION_RELATIONSHIP('SRR','None',#2699,#12);
#12=ADVANCED_BREP_SHAPE_REPRESENTATION('',(#1544),#2691);
#13=STYLED_ITEM('',(#2708),#1544);
#14=B_SPLINE_CURVE_WITH_KNOTS('',3,(#2587,#2588,#2589,#2590,#2591,#2592,
#2593,#2594,#2595,#2596),.UNSPECIFIED.,.F.,.F.,(4,3,3,4),(203.786145584951,
212.089496920392,220.84895190328,223.774709529845),.UNSPECIFIED.);
#15=B_SPLINE_CURVE_WITH_KNOTS('',3,(#2597,#2598,#2599,#2600,#2601,#2602,
#2603,#2604,#2605,#2606),.UNSPECIFIED.,.F.,.F.,(4,3,3,4),(203.786145584951,
212.089496920392,220.84895190328,223.774709529845),.UNSPECIFIED.);
#16=B_SPLINE_CURVE_WITH_KNOTS('',3,(#2649,#2650,#2651,#2652,#2653,#2654,
#2655,#2656,#2657,#2658),.UNSPECIFIED.,.F.,.F.,(4,3,3,4),(203.786145584951,
212.089496920392,220.84895190328,223.774709529845),.UNSPECIFIED.);
#17=B_SPLINE_CURVE_WITH_KNOTS('',3,(#2659,#2660,#2661,#2662,#2663,#2664,
#2665,#2666,#2667,#2668),.UNSPECIFIED.,.F.,.F.,(4,3,3,4),(203.786145584951,
212.089496920392,220.84895190328,223.774709529845),.UNSPECIFIED.);
#18=CONICAL_SURFACE('',#1705,2.3,0.486899231811);
#19=CONICAL_SURFACE('',#1723,2.3,0.486899231811);
#20=SPHERICAL_SURFACE('',#1700,2.55);
#21=SPHERICAL_SURFACE('',#1718,2.55);
#22=FACE_BOUND('',#449,.T.);
#23=FACE_BOUND('',#452,.T.);
#24=FACE_BOUND('',#454,.T.);
#25=FACE_BOUND('',#455,.T.);
#26=FACE_BOUND('',#456,.T.);
#27=FACE_BOUND('',#457,.T.);
#28=FACE_BOUND('',#468,.T.);
#29=FACE_BOUND('',#469,.T.);
#30=FACE_BOUND('',#470,.T.);
#31=FACE_BOUND('',#471,.T.);
#32=FACE_BOUND('',#482,.T.);
#33=FACE_BOUND('',#485,.T.);
#34=FACE_BOUND('',#488,.T.);
#35=FACE_BOUND('',#491,.T.);
#36=FACE_BOUND('',#494,.T.);
#37=FACE_BOUND('',#497,.T.);
#38=FACE_BOUND('',#500,.T.);
#39=FACE_BOUND('',#501,.T.);
#40=FACE_BOUND('',#502,.T.);
#41=FACE_BOUND('',#503,.T.);
#42=FACE_BOUND('',#504,.T.);
#43=FACE_BOUND('',#505,.T.);
#44=FACE_BOUND('',#506,.T.);
#45=FACE_BOUND('',#507,.T.);
#46=FACE_BOUND('',#508,.T.);
#47=FACE_BOUND('',#509,.T.);
#48=FACE_BOUND('',#510,.T.);
#49=FACE_BOUND('',#511,.T.);
#50=FACE_BOUND('',#518,.T.);
#51=FACE_BOUND('',#528,.T.);
#52=ORIENTED_CLOSED_SHELL('',*,#1542,.F.);
#53=LINE('',#2220,#174);
#54=LINE('',#2226,#175);
#55=LINE('',#2229,#176);
#56=LINE('',#2232,#177);
#57=LINE('',#2234,#178);
#58=LINE('',#2235,#179);
#59=LINE('',#2241,#180);
#60=LINE('',#2244,#181);
#61=LINE('',#2246,#182);
#62=LINE('',#2247,#183);
#63=LINE('',#2252,#184);
#64=LINE('',#2255,#185);
#65=LINE('',#2256,#186);
#66=LINE('',#2262,#187);
#67=LINE('',#2265,#188);
#68=LINE('',#2268,#189);
#69=LINE('',#2270,#190);
#70=LINE('',#2271,#191);
#71=LINE('',#2277,#192);
#72=LINE('',#2280,#193);
#73=LINE('',#2282,#194);
#74=LINE('',#2283,#195);
#75=LINE('',#2288,#196);
#76=LINE('',#2291,#197);
#77=LINE('',#2292,#198);
#78=LINE('',#2298,#199);
#79=LINE('',#2301,#200);
#80=LINE('',#2304,#201);
#81=LINE('',#2306,#202);
#82=LINE('',#2307,#203);
#83=LINE('',#2313,#204);
#84=LINE('',#2316,#205);
#85=LINE('',#2318,#206);
#86=LINE('',#2319,#207);
#87=LINE('',#2324,#208);
#88=LINE('',#2327,#209);
#89=LINE('',#2328,#210);
#90=LINE('',#2334,#211);
#91=LINE('',#2337,#212);
#92=LINE('',#2340,#213);
#93=LINE('',#2342,#214);
#94=LINE('',#2343,#215);
#95=LINE('',#2349,#216);
#96=LINE('',#2352,#217);
#97=LINE('',#2354,#218);
#98=LINE('',#2355,#219);
#99=LINE('',#2360,#220);
#100=LINE('',#2363,#221);
#101=LINE('',#2364,#222);
#102=LINE('',#2369,#223);
#103=LINE('',#2378,#224);
#104=LINE('',#2384,#225);
#105=LINE('',#2386,#226);
#106=LINE('',#2388,#227);
#107=LINE('',#2392,#228);
#108=LINE('',#2396,#229);
#109=LINE('',#2397,#230);
#110=LINE('',#2410,#231);
#111=LINE('',#2411,#232);
#112=LINE('',#2414,#233);
#113=LINE('',#2415,#234);
#114=LINE('',#2419,#235);
#115=LINE('',#2422,#236);
#116=LINE('',#2423,#237);
#117=LINE('',#2426,#238);
#118=LINE('',#2427,#239);
#119=LINE('',#2430,#240);
#120=LINE('',#2434,#241);
#121=LINE('',#2438,#242);
#122=LINE('',#2442,#243);
#123=LINE('',#2445,#244);
#124=LINE('',#2447,#245);
#125=LINE('',#2449,#246);
#126=LINE('',#2453,#247);
#127=LINE('',#2457,#248);
#128=LINE('',#2458,#249);
#129=LINE('',#2471,#250);
#130=LINE('',#2472,#251);
#131=LINE('',#2475,#252);
#132=LINE('',#2476,#253);
#133=LINE('',#2480,#254);
#134=LINE('',#2481,#255);
#135=LINE('',#2482,#256);
#136=LINE('',#2486,#257);
#137=LINE('',#2488,#258);
#138=LINE('',#2491,#259);
#139=LINE('',#2495,#260);
#140=LINE('',#2499,#261);
#141=LINE('',#2503,#262);
#142=LINE('',#2510,#263);
#143=LINE('',#2517,#264);
#144=LINE('',#2524,#265);
#145=LINE('',#2530,#266);
#146=LINE('',#2535,#267);
#147=LINE('',#2541,#268);
#148=LINE('',#2545,#269);
#149=LINE('',#2546,#270);
#150=LINE('',#2548,#271);
#151=LINE('',#2549,#272);
#152=LINE('',#2553,#273);
#153=LINE('',#2559,#274);
#154=LINE('',#2568,#275);
#155=LINE('',#2570,#276);
#156=LINE('',#2572,#277);
#157=LINE('',#2573,#278);
#158=LINE('',#2609,#279);
#159=LINE('',#2611,#280);
#160=LINE('',#2612,#281);
#161=LINE('',#2618,#282);
#162=LINE('',#2620,#283);
#163=LINE('',#2621,#284);
#164=LINE('',#2630,#285);
#165=LINE('',#2632,#286);
#166=LINE('',#2634,#287);
#167=LINE('',#2635,#288);
#168=LINE('',#2671,#289);
#169=LINE('',#2673,#290);
#170=LINE('',#2674,#291);
#171=LINE('',#2680,#292);
#172=LINE('',#2682,#293);
#173=LINE('',#2683,#294);
#174=VECTOR('',#1747,1.5);
#175=VECTOR('',#1752,10.);
#176=VECTOR('',#1755,10.);
#177=VECTOR('',#1758,10.);
#178=VECTOR('',#1759,10.);
#179=VECTOR('',#1760,10.);
#180=VECTOR('',#1765,10.);
#181=VECTOR('',#1768,10.);
#182=VECTOR('',#1771,10.);
#183=VECTOR('',#1772,10.);
#184=VECTOR('',#1777,10.);
#185=VECTOR('',#1782,10.);
#186=VECTOR('',#1783,10.);
#187=VECTOR('',#1788,10.);
#188=VECTOR('',#1791,10.);
#189=VECTOR('',#1794,10.);
#190=VECTOR('',#1795,10.);
#191=VECTOR('',#1796,10.);
#192=VECTOR('',#1801,10.);
#193=VECTOR('',#1804,10.);
#194=VECTOR('',#1807,10.);
#195=VECTOR('',#1808,10.);
#196=VECTOR('',#1813,10.);
#197=VECTOR('',#1818,10.);
#198=VECTOR('',#1819,10.);
#199=VECTOR('',#1824,10.);
#200=VECTOR('',#1827,10.);
#201=VECTOR('',#1830,10.);
#202=VECTOR('',#1831,10.);
#203=VECTOR('',#1832,10.);
#204=VECTOR('',#1837,10.);
#205=VECTOR('',#1840,10.);
#206=VECTOR('',#1843,10.);
#207=VECTOR('',#1844,10.);
#208=VECTOR('',#1849,10.);
#209=VECTOR('',#1854,10.);
#210=VECTOR('',#1855,10.);
#211=VECTOR('',#1860,10.);
#212=VECTOR('',#1863,10.);
#213=VECTOR('',#1866,10.);
#214=VECTOR('',#1867,10.);
#215=VECTOR('',#1868,10.);
#216=VECTOR('',#1873,10.);
#217=VECTOR('',#1876,10.);
#218=VECTOR('',#1879,10.);
#219=VECTOR('',#1880,10.);
#220=VECTOR('',#1885,10.);
#221=VECTOR('',#1890,10.);
#222=VECTOR('',#1891,10.);
#223=VECTOR('',#1896,3.);
#224=VECTOR('',#1907,3.);
#225=VECTOR('',#1916,10.);
#226=VECTOR('',#1917,10.);
#227=VECTOR('',#1918,10.);
#228=VECTOR('',#1921,10.);
#229=VECTOR('',#1924,10.);
#230=VECTOR('',#1925,10.);
#231=VECTOR('',#1938,10.);
#232=VECTOR('',#1939,10.);
#233=VECTOR('',#1942,10.);
#234=VECTOR('',#1943,10.);
#235=VECTOR('',#1948,10.);
#236=VECTOR('',#1951,10.);
#237=VECTOR('',#1952,10.);
#238=VECTOR('',#1955,10.);
#239=VECTOR('',#1956,10.);
#240=VECTOR('',#1959,4.);
#241=VECTOR('',#1964,2.75);
#242=VECTOR('',#1969,4.);
#243=VECTOR('',#1974,2.75);
#244=VECTOR('',#1979,10.);
#245=VECTOR('',#1980,10.);
#246=VECTOR('',#1981,10.);
#247=VECTOR('',#1984,10.);
#248=VECTOR('',#1987,10.);
#249=VECTOR('',#1988,10.);
#250=VECTOR('',#2001,10.);
#251=VECTOR('',#2002,10.);
#252=VECTOR('',#2005,10.);
#253=VECTOR('',#2006,10.);
#254=VECTOR('',#2009,10.);
#255=VECTOR('',#2010,10.);
#256=VECTOR('',#2011,10.);
#257=VECTOR('',#2016,10.);
#258=VECTOR('',#2019,10.);
#259=VECTOR('',#2022,1.5);
#260=VECTOR('',#2027,2.75);
#261=VECTOR('',#2032,1.5);
#262=VECTOR('',#2037,2.75);
#263=VECTOR('',#2046,1.5);
#264=VECTOR('',#2055,1.5);
#265=VECTOR('',#2064,1.5);
#266=VECTOR('',#2073,1.5);
#267=VECTOR('',#2080,1.5);
#268=VECTOR('',#2087,1.5);
#269=VECTOR('',#2092,10.);
#270=VECTOR('',#2093,10.);
#271=VECTOR('',#2094,10.);
#272=VECTOR('',#2095,10.);
#273=VECTOR('',#2100,4.);
#274=VECTOR('',#2109,4.);
#275=VECTOR('',#2122,10.);
#276=VECTOR('',#2123,10.);
#277=VECTOR('',#2124,10.);
#278=VECTOR('',#2125,10.);
#279=VECTOR('',#2142,1.);
#280=VECTOR('',#2143,1.);
#281=VECTOR('',#2144,1.);
#282=VECTOR('',#2153,1.);
#283=VECTOR('',#2154,1.);
#284=VECTOR('',#2155,1.);
#285=VECTOR('',#2168,10.);
#286=VECTOR('',#2169,10.);
#287=VECTOR('',#2170,10.);
#288=VECTOR('',#2171,10.);
#289=VECTOR('',#2188,1.);
#290=VECTOR('',#2189,1.);
#291=VECTOR('',#2190,1.);
#292=VECTOR('',#2199,1.);
#293=VECTOR('',#2200,1.);
#294=VECTOR('',#2201,1.);
#295=CYLINDRICAL_SURFACE('',#1562,1.5);
#296=CYLINDRICAL_SURFACE('',#1563,0.5);
#297=CYLINDRICAL_SURFACE('',#1567,0.5);
#298=CYLINDRICAL_SURFACE('',#1571,0.5);
#299=CYLINDRICAL_SURFACE('',#1575,0.5);
#300=CYLINDRICAL_SURFACE('',#1579,0.5);
#301=CYLINDRICAL_SURFACE('',#1583,0.5);
#302=CYLINDRICAL_SURFACE('',#1587,0.5);
#303=CYLINDRICAL_SURFACE('',#1591,0.5);
#304=CYLINDRICAL_SURFACE('',#1595,0.5);
#305=CYLINDRICAL_SURFACE('',#1599,0.5);
#306=CYLINDRICAL_SURFACE('',#1603,0.5);
#307=CYLINDRICAL_SURFACE('',#1607,0.5);
#308=CYLINDRICAL_SURFACE('',#1611,3.);
#309=CYLINDRICAL_SURFACE('',#1616,3.);
#310=CYLINDRICAL_SURFACE('',#1628,4.75);
#311=CYLINDRICAL_SURFACE('',#1631,4.75);
#312=CYLINDRICAL_SURFACE('',#1635,4.);
#313=CYLINDRICAL_SURFACE('',#1637,2.75);
#314=CYLINDRICAL_SURFACE('',#1639,4.);
#315=CYLINDRICAL_SURFACE('',#1641,2.75);
#316=CYLINDRICAL_SURFACE('',#1650,4.75);
#317=CYLINDRICAL_SURFACE('',#1654,4.75);
#318=CYLINDRICAL_SURFACE('',#1657,1.5);
#319=CYLINDRICAL_SURFACE('',#1659,2.75);
#320=CYLINDRICAL_SURFACE('',#1661,1.5);
#321=CYLINDRICAL_SURFACE('',#1663,2.75);
#322=CYLINDRICAL_SURFACE('',#1667,1.5);
#323=CYLINDRICAL_SURFACE('',#1671,1.5);
#324=CYLINDRICAL_SURFACE('',#1675,1.5);
#325=CYLINDRICAL_SURFACE('',#1679,1.5);
#326=CYLINDRICAL_SURFACE('',#1682,1.5);
#327=CYLINDRICAL_SURFACE('',#1685,1.5);
#328=CYLINDRICAL_SURFACE('',#1688,4.);
#329=CYLINDRICAL_SURFACE('',#1708,4.5);
#330=CYLINDRICAL_SURFACE('',#1716,4.5);
#331=CYLINDRICAL_SURFACE('',#1726,4.5);
#332=CYLINDRICAL_SURFACE('',#1734,4.5);
#333=FACE_OUTER_BOUND('',#420,.T.);
#334=FACE_OUTER_BOUND('',#421,.T.);
#335=FACE_OUTER_BOUND('',#422,.T.);
#336=FACE_OUTER_BOUND('',#423,.T.);
#337=FACE_OUTER_BOUND('',#424,.T.);
#338=FACE_OUTER_BOUND('',#425,.T.);
#339=FACE_OUTER_BOUND('',#426,.T.);
#340=FACE_OUTER_BOUND('',#427,.T.);
#341=FACE_OUTER_BOUND('',#428,.T.);
#342=FACE_OUTER_BOUND('',#429,.T.);
#343=FACE_OUTER_BOUND('',#430,.T.);
#344=FACE_OUTER_BOUND('',#431,.T.);
#345=FACE_OUTER_BOUND('',#432,.T.);
#346=FACE_OUTER_BOUND('',#433,.T.);
#347=FACE_OUTER_BOUND('',#434,.T.);
#348=FACE_OUTER_BOUND('',#435,.T.);
#349=FACE_OUTER_BOUND('',#436,.T.);
#350=FACE_OUTER_BOUND('',#437,.T.);
#351=FACE_OUTER_BOUND('',#438,.T.);
#352=FACE_OUTER_BOUND('',#439,.T.);
#353=FACE_OUTER_BOUND('',#440,.T.);
#354=FACE_OUTER_BOUND('',#441,.T.);
#355=FACE_OUTER_BOUND('',#442,.T.);
#356=FACE_OUTER_BOUND('',#443,.T.);
#357=FACE_OUTER_BOUND('',#444,.T.);
#358=FACE_OUTER_BOUND('',#445,.T.);
#359=FACE_OUTER_BOUND('',#446,.T.);
#360=FACE_OUTER_BOUND('',#447,.T.);
#361=FACE_OUTER_BOUND('',#448,.T.);
#362=FACE_OUTER_BOUND('',#450,.T.);
#363=FACE_OUTER_BOUND('',#451,.T.);
#364=FACE_OUTER_BOUND('',#453,.T.);
#365=FACE_OUTER_BOUND('',#458,.T.);
#366=FACE_OUTER_BOUND('',#459,.T.);
#367=FACE_OUTER_BOUND('',#460,.T.);
#368=FACE_OUTER_BOUND('',#461,.T.);
#369=FACE_OUTER_BOUND('',#462,.T.);
#370=FACE_OUTER_BOUND('',#463,.T.);
#371=FACE_OUTER_BOUND('',#464,.T.);
#372=FACE_OUTER_BOUND('',#465,.T.);
#373=FACE_OUTER_BOUND('',#466,.T.);
#374=FACE_OUTER_BOUND('',#467,.T.);
#375=FACE_OUTER_BOUND('',#472,.T.);
#376=FACE_OUTER_BOUND('',#473,.T.);
#377=FACE_OUTER_BOUND('',#474,.T.);
#378=FACE_OUTER_BOUND('',#475,.T.);
#379=FACE_OUTER_BOUND('',#476,.T.);
#380=FACE_OUTER_BOUND('',#477,.T.);
#381=FACE_OUTER_BOUND('',#478,.T.);
#382=FACE_OUTER_BOUND('',#479,.T.);
#383=FACE_OUTER_BOUND('',#480,.T.);
#384=FACE_OUTER_BOUND('',#481,.T.);
#385=FACE_OUTER_BOUND('',#483,.T.);
#386=FACE_OUTER_BOUND('',#484,.T.);
#387=FACE_OUTER_BOUND('',#486,.T.);
#388=FACE_OUTER_BOUND('',#487,.T.);
#389=FACE_OUTER_BOUND('',#489,.T.);
#390=FACE_OUTER_BOUND('',#490,.T.);
#391=FACE_OUTER_BOUND('',#492,.T.);
#392=FACE_OUTER_BOUND('',#493,.T.);
#393=FACE_OUTER_BOUND('',#495,.T.);
#394=FACE_OUTER_BOUND('',#496,.T.);
#395=FACE_OUTER_BOUND('',#498,.T.);
#396=FACE_OUTER_BOUND('',#499,.T.);
#397=FACE_OUTER_BOUND('',#512,.T.);
#398=FACE_OUTER_BOUND('',#513,.T.);
#399=FACE_OUTER_BOUND('',#514,.T.);
#400=FACE_OUTER_BOUND('',#515,.T.);
#401=FACE_OUTER_BOUND('',#516,.T.);
#402=FACE_OUTER_BOUND('',#517,.T.);
#403=FACE_OUTER_BOUND('',#519,.T.);
#404=FACE_OUTER_BOUND('',#520,.T.);
#405=FACE_OUTER_BOUND('',#521,.T.);
#406=FACE_OUTER_BOUND('',#522,.T.);
#407=FACE_OUTER_BOUND('',#523,.T.);
#408=FACE_OUTER_BOUND('',#524,.T.);
#409=FACE_OUTER_BOUND('',#525,.T.);
#410=FACE_OUTER_BOUND('',#526,.T.);
#411=FACE_OUTER_BOUND('',#527,.T.);
#412=FACE_OUTER_BOUND('',#529,.T.);
#413=FACE_OUTER_BOUND('',#530,.T.);
#414=FACE_OUTER_BOUND('',#531,.T.);
#415=FACE_OUTER_BOUND('',#532,.T.);
#416=FACE_OUTER_BOUND('',#533,.T.);
#417=FACE_OUTER_BOUND('',#534,.T.);
#418=FACE_OUTER_BOUND('',#535,.T.);
#419=FACE_OUTER_BOUND('',#536,.T.);
#420=EDGE_LOOP('',(#980));
#421=EDGE_LOOP('',(#981));
#422=EDGE_LOOP('',(#982,#983,#984,#985));
#423=EDGE_LOOP('',(#986,#987,#988,#989));
#424=EDGE_LOOP('',(#990,#991,#992,#993));
#425=EDGE_LOOP('',(#994,#995,#996,#997));
#426=EDGE_LOOP('',(#998,#999,#1000,#1001));
#427=EDGE_LOOP('',(#1002,#1003,#1004,#1005));
#428=EDGE_LOOP('',(#1006,#1007,#1008,#1009));
#429=EDGE_LOOP('',(#1010,#1011,#1012,#1013));
#430=EDGE_LOOP('',(#1014,#1015,#1016,#1017));
#431=EDGE_LOOP('',(#1018,#1019,#1020,#1021));
#432=EDGE_LOOP('',(#1022,#1023,#1024,#1025));
#433=EDGE_LOOP('',(#1026,#1027,#1028,#1029));
#434=EDGE_LOOP('',(#1030,#1031,#1032,#1033));
#435=EDGE_LOOP('',(#1034,#1035,#1036,#1037));
#436=EDGE_LOOP('',(#1038,#1039,#1040,#1041));
#437=EDGE_LOOP('',(#1042,#1043,#1044,#1045));
#438=EDGE_LOOP('',(#1046,#1047,#1048,#1049));
#439=EDGE_LOOP('',(#1050,#1051,#1052,#1053));
#440=EDGE_LOOP('',(#1054,#1055,#1056,#1057));
#441=EDGE_LOOP('',(#1058,#1059,#1060,#1061));
#442=EDGE_LOOP('',(#1062,#1063,#1064,#1065));
#443=EDGE_LOOP('',(#1066,#1067,#1068,#1069));
#444=EDGE_LOOP('',(#1070,#1071,#1072,#1073));
#445=EDGE_LOOP('',(#1074,#1075,#1076,#1077));
#446=EDGE_LOOP('',(#1078,#1079,#1080,#1081));
#447=EDGE_LOOP('',(#1082,#1083,#1084,#1085));
#448=EDGE_LOOP('',(#1086));
#449=EDGE_LOOP('',(#1087));
#450=EDGE_LOOP('',(#1088,#1089,#1090,#1091));
#451=EDGE_LOOP('',(#1092));
#452=EDGE_LOOP('',(#1093));
#453=EDGE_LOOP('',(#1094,#1095,#1096,#1097,#1098,#1099,#1100,#1101,#1102,
#1103,#1104,#1105,#1106,#1107,#1108,#1109,#1110,#1111));
#454=EDGE_LOOP('',(#1112));
#455=EDGE_LOOP('',(#1113));
#456=EDGE_LOOP('',(#1114));
#457=EDGE_LOOP('',(#1115));
#458=EDGE_LOOP('',(#1116,#1117,#1118,#1119));
#459=EDGE_LOOP('',(#1120,#1121,#1122,#1123));
#460=EDGE_LOOP('',(#1124,#1125,#1126,#1127));
#461=EDGE_LOOP('',(#1128,#1129,#1130,#1131));
#462=EDGE_LOOP('',(#1132,#1133,#1134,#1135));
#463=EDGE_LOOP('',(#1136,#1137,#1138,#1139));
#464=EDGE_LOOP('',(#1140,#1141,#1142,#1143));
#465=EDGE_LOOP('',(#1144,#1145,#1146,#1147));
#466=EDGE_LOOP('',(#1148,#1149,#1150,#1151));
#467=EDGE_LOOP('',(#1152,#1153,#1154,#1155,#1156,#1157,#1158,#1159,#1160,
#1161,#1162,#1163,#1164,#1165,#1166,#1167,#1168,#1169));
#468=EDGE_LOOP('',(#1170));
#469=EDGE_LOOP('',(#1171));
#470=EDGE_LOOP('',(#1172));
#471=EDGE_LOOP('',(#1173));
#472=EDGE_LOOP('',(#1174,#1175,#1176,#1177));
#473=EDGE_LOOP('',(#1178,#1179,#1180,#1181));
#474=EDGE_LOOP('',(#1182,#1183,#1184,#1185));
#475=EDGE_LOOP('',(#1186,#1187,#1188,#1189));
#476=EDGE_LOOP('',(#1190,#1191,#1192,#1193));
#477=EDGE_LOOP('',(#1194,#1195,#1196,#1197));
#478=EDGE_LOOP('',(#1198,#1199,#1200,#1201));
#479=EDGE_LOOP('',(#1202,#1203,#1204,#1205));
#480=EDGE_LOOP('',(#1206,#1207,#1208,#1209));
#481=EDGE_LOOP('',(#1210));
#482=EDGE_LOOP('',(#1211));
#483=EDGE_LOOP('',(#1212,#1213,#1214,#1215));
#484=EDGE_LOOP('',(#1216));
#485=EDGE_LOOP('',(#1217));
#486=EDGE_LOOP('',(#1218,#1219,#1220,#1221));
#487=EDGE_LOOP('',(#1222));
#488=EDGE_LOOP('',(#1223));
#489=EDGE_LOOP('',(#1224,#1225,#1226,#1227));
#490=EDGE_LOOP('',(#1228));
#491=EDGE_LOOP('',(#1229));
#492=EDGE_LOOP('',(#1230,#1231,#1232,#1233));
#493=EDGE_LOOP('',(#1234));
#494=EDGE_LOOP('',(#1235));
#495=EDGE_LOOP('',(#1236,#1237,#1238,#1239));
#496=EDGE_LOOP('',(#1240));
#497=EDGE_LOOP('',(#1241));
#498=EDGE_LOOP('',(#1242,#1243,#1244,#1245));
#499=EDGE_LOOP('',(#1246,#1247,#1248,#1249,#1250,#1251,#1252,#1253,#1254,
#1255,#1256,#1257,#1258,#1259));
#500=EDGE_LOOP('',(#1260));
#501=EDGE_LOOP('',(#1261));
#502=EDGE_LOOP('',(#1262));
#503=EDGE_LOOP('',(#1263));
#504=EDGE_LOOP('',(#1264));
#505=EDGE_LOOP('',(#1265));
#506=EDGE_LOOP('',(#1266));
#507=EDGE_LOOP('',(#1267));
#508=EDGE_LOOP('',(#1268,#1269,#1270,#1271,#1272,#1273));
#509=EDGE_LOOP('',(#1274,#1275,#1276,#1277,#1278,#1279));
#510=EDGE_LOOP('',(#1280,#1281,#1282,#1283,#1284,#1285));
#511=EDGE_LOOP('',(#1286,#1287,#1288,#1289,#1290,#1291));
#512=EDGE_LOOP('',(#1292,#1293,#1294,#1295,#1296,#1297,#1298,#1299,#1300,
#1301,#1302,#1303,#1304,#1305,#1306,#1307,#1308,#1309,#1310,#1311));
#513=EDGE_LOOP('',(#1312,#1313,#1314));
#514=EDGE_LOOP('',(#1315,#1316,#1317));
#515=EDGE_LOOP('',(#1318,#1319,#1320));
#516=EDGE_LOOP('',(#1321,#1322,#1323));
#517=EDGE_LOOP('',(#1324));
#518=EDGE_LOOP('',(#1325,#1326,#1327,#1328));
#519=EDGE_LOOP('',(#1329,#1330,#1331,#1332));
#520=EDGE_LOOP('',(#1333,#1334,#1335,#1336));
#521=EDGE_LOOP('',(#1337,#1338,#1339,#1340,#1341));
#522=EDGE_LOOP('',(#1342,#1343,#1344,#1345));
#523=EDGE_LOOP('',(#1346,#1347,#1348,#1349,#1350));
#524=EDGE_LOOP('',(#1351,#1352,#1353,#1354,#1355,#1356));
#525=EDGE_LOOP('',(#1357,#1358,#1359,#1360,#1361,#1362));
#526=EDGE_LOOP('',(#1363,#1364,#1365,#1366));
#527=EDGE_LOOP('',(#1367));
#528=EDGE_LOOP('',(#1368,#1369,#1370,#1371));
#529=EDGE_LOOP('',(#1372,#1373,#1374,#1375));
#530=EDGE_LOOP('',(#1376,#1377,#1378,#1379));
#531=EDGE_LOOP('',(#1380,#1381,#1382,#1383,#1384));
#532=EDGE_LOOP('',(#1385,#1386,#1387,#1388));
#533=EDGE_LOOP('',(#1389,#1390,#1391,#1392,#1393));
#534=EDGE_LOOP('',(#1394,#1395,#1396,#1397,#1398,#1399));
#535=EDGE_LOOP('',(#1400,#1401,#1402,#1403,#1404,#1405));
#536=EDGE_LOOP('',(#1406,#1407,#1408,#1409));
#537=CIRCLE('',#1559,1.5);
#538=CIRCLE('',#1561,1.5);
#539=CIRCLE('',#1564,0.5);
#540=CIRCLE('',#1565,0.5);
#541=CIRCLE('',#1568,0.5);
#542=CIRCLE('',#1569,0.5);
#543=CIRCLE('',#1572,0.5);
#544=CIRCLE('',#1573,0.5);
#545=CIRCLE('',#1576,0.5);
#546=CIRCLE('',#1577,0.5);
#547=CIRCLE('',#1580,0.5);
#548=CIRCLE('',#1581,0.5);
#549=CIRCLE('',#1584,0.5);
#550=CIRCLE('',#1585,0.5);
#551=CIRCLE('',#1588,0.5);
#552=CIRCLE('',#1589,0.5);
#553=CIRCLE('',#1592,0.5);
#554=CIRCLE('',#1593,0.5);
#555=CIRCLE('',#1596,0.5);
#556=CIRCLE('',#1597,0.5);
#557=CIRCLE('',#1600,0.5);
#558=CIRCLE('',#1601,0.5);
#559=CIRCLE('',#1604,0.5);
#560=CIRCLE('',#1605,0.5);
#561=CIRCLE('',#1608,0.5);
#562=CIRCLE('',#1609,0.5);
#563=CIRCLE('',#1612,3.);
#564=CIRCLE('',#1613,3.);
#565=CIRCLE('',#1615,1.5);
#566=CIRCLE('',#1617,3.);
#567=CIRCLE('',#1618,3.);
#568=CIRCLE('',#1620,1.5);
#569=CIRCLE('',#1622,4.75);
#570=CIRCLE('',#1623,4.75);
#571=CIRCLE('',#1624,4.);
#572=CIRCLE('',#1625,2.75);
#573=CIRCLE('',#1626,4.);
#574=CIRCLE('',#1627,2.75);
#575=CIRCLE('',#1629,4.75);
#576=CIRCLE('',#1632,4.75);
#577=CIRCLE('',#1636,4.);
#578=CIRCLE('',#1638,2.75);
#579=CIRCLE('',#1640,4.);
#580=CIRCLE('',#1642,2.75);
#581=CIRCLE('',#1644,4.75);
#582=CIRCLE('',#1645,4.75);
#583=CIRCLE('',#1646,1.5);
#584=CIRCLE('',#1647,2.75);
#585=CIRCLE('',#1648,1.5);
#586=CIRCLE('',#1649,2.75);
#587=CIRCLE('',#1651,4.75);
#588=CIRCLE('',#1655,4.75);
#589=CIRCLE('',#1658,1.5);
#590=CIRCLE('',#1660,2.75);
#591=CIRCLE('',#1662,1.5);
#592=CIRCLE('',#1664,2.75);
#593=CIRCLE('',#1666,1.5);
#594=CIRCLE('',#1668,1.5);
#595=CIRCLE('',#1670,1.5);
#596=CIRCLE('',#1672,1.5);
#597=CIRCLE('',#1674,1.5);
#598=CIRCLE('',#1676,1.5);
#599=CIRCLE('',#1678,1.5);
#600=CIRCLE('',#1681,1.5);
#601=CIRCLE('',#1684,1.5);
#602=CIRCLE('',#1686,1.5);
#603=CIRCLE('',#1689,4.);
#604=CIRCLE('',#1690,4.);
#605=CIRCLE('',#1691,4.);
#606=CIRCLE('',#1692,4.);
#607=CIRCLE('',#1693,4.);
#608=CIRCLE('',#1694,4.);
#609=CIRCLE('',#1701,2.074144124376);
#610=CIRCLE('',#1702,2.509980079602);
#611=CIRCLE('',#1703,1.700735135169);
#612=CIRCLE('',#1704,2.509980079602);
#613=CIRCLE('',#1706,2.294705882353);
#614=CIRCLE('',#1709,4.5);
#615=CIRCLE('',#1710,4.5);
#616=CIRCLE('',#1713,4.5);
#617=CIRCLE('',#1715,4.5);
#618=CIRCLE('',#1719,2.074144124376);
#619=CIRCLE('',#1720,2.509980079602);
#620=CIRCLE('',#1721,1.700735135169);
#621=CIRCLE('',#1722,2.509980079602);
#622=CIRCLE('',#1724,2.294705882353);
#623=CIRCLE('',#1727,4.5);
#624=CIRCLE('',#1728,4.5);
#625=CIRCLE('',#1731,4.5);
#626=CIRCLE('',#1733,4.5);
#627=VERTEX_POINT('',#2214);
#628=VERTEX_POINT('',#2217);
#629=VERTEX_POINT('',#2222);
#630=VERTEX_POINT('',#2223);
#631=VERTEX_POINT('',#2225);
#632=VERTEX_POINT('',#2227);
#633=VERTEX_POINT('',#2231);
#634=VERTEX_POINT('',#2233);
#635=VERTEX_POINT('',#2237);
#636=VERTEX_POINT('',#2238);
#637=VERTEX_POINT('',#2240);
#638=VERTEX_POINT('',#2242);
#639=VERTEX_POINT('',#2249);
#640=VERTEX_POINT('',#2251);
#641=VERTEX_POINT('',#2258);
#642=VERTEX_POINT('',#2259);
#643=VERTEX_POINT('',#2261);
#644=VERTEX_POINT('',#2263);
#645=VERTEX_POINT('',#2267);
#646=VERTEX_POINT('',#2269);
#647=VERTEX_POINT('',#2273);
#648=VERTEX_POINT('',#2274);
#649=VERTEX_POINT('',#2276);
#650=VERTEX_POINT('',#2278);
#651=VERTEX_POINT('',#2285);
#652=VERTEX_POINT('',#2287);
#653=VERTEX_POINT('',#2294);
#654=VERTEX_POINT('',#2295);
#655=VERTEX_POINT('',#2297);
#656=VERTEX_POINT('',#2299);
#657=VERTEX_POINT('',#2303);
#658=VERTEX_POINT('',#2305);
#659=VERTEX_POINT('',#2309);
#660=VERTEX_POINT('',#2310);
#661=VERTEX_POINT('',#2312);
#662=VERTEX_POINT('',#2314);
#663=VERTEX_POINT('',#2321);
#664=VERTEX_POINT('',#2323);
#665=VERTEX_POINT('',#2330);
#666=VERTEX_POINT('',#2331);
#667=VERTEX_POINT('',#2333);
#668=VERTEX_POINT('',#2335);
#669=VERTEX_POINT('',#2339);
#670=VERTEX_POINT('',#2341);
#671=VERTEX_POINT('',#2345);
#672=VERTEX_POINT('',#2346);
#673=VERTEX_POINT('',#2348);
#674=VERTEX_POINT('',#2350);
#675=VERTEX_POINT('',#2357);
#676=VERTEX_POINT('',#2359);
#677=VERTEX_POINT('',#2366);
#678=VERTEX_POINT('',#2368);
#679=VERTEX_POINT('',#2372);
#680=VERTEX_POINT('',#2375);
#681=VERTEX_POINT('',#2377);
#682=VERTEX_POINT('',#2381);
#683=VERTEX_POINT('',#2385);
#684=VERTEX_POINT('',#2387);
#685=VERTEX_POINT('',#2389);
#686=VERTEX_POINT('',#2391);
#687=VERTEX_POINT('',#2393);
#688=VERTEX_POINT('',#2395);
#689=VERTEX_POINT('',#2398);
#690=VERTEX_POINT('',#2400);
#691=VERTEX_POINT('',#2402);
#692=VERTEX_POINT('',#2404);
#693=VERTEX_POINT('',#2407);
#694=VERTEX_POINT('',#2408);
#695=VERTEX_POINT('',#2413);
#696=VERTEX_POINT('',#2417);
#697=VERTEX_POINT('',#2421);
#698=VERTEX_POINT('',#2425);
#699=VERTEX_POINT('',#2429);
#700=VERTEX_POINT('',#2433);
#701=VERTEX_POINT('',#2437);
#702=VERTEX_POINT('',#2441);
#703=VERTEX_POINT('',#2446);
#704=VERTEX_POINT('',#2448);
#705=VERTEX_POINT('',#2450);
#706=VERTEX_POINT('',#2452);
#707=VERTEX_POINT('',#2454);
#708=VERTEX_POINT('',#2456);
#709=VERTEX_POINT('',#2459);
#710=VERTEX_POINT('',#2461);
#711=VERTEX_POINT('',#2463);
#712=VERTEX_POINT('',#2465);
#713=VERTEX_POINT('',#2468);
#714=VERTEX_POINT('',#2469);
#715=VERTEX_POINT('',#2474);
#716=VERTEX_POINT('',#2478);
#717=VERTEX_POINT('',#2479);
#718=VERTEX_POINT('',#2484);
#719=VERTEX_POINT('',#2490);
#720=VERTEX_POINT('',#2494);
#721=VERTEX_POINT('',#2498);
#722=VERTEX_POINT('',#2502);
#723=VERTEX_POINT('',#2506);
#724=VERTEX_POINT('',#2509);
#725=VERTEX_POINT('',#2513);
#726=VERTEX_POINT('',#2516);
#727=VERTEX_POINT('',#2520);
#728=VERTEX_POINT('',#2523);
#729=VERTEX_POINT('',#2527);
#730=VERTEX_POINT('',#2532);
#731=VERTEX_POINT('',#2537);
#732=VERTEX_POINT('',#2540);
#733=VERTEX_POINT('',#2544);
#734=VERTEX_POINT('',#2547);
#735=VERTEX_POINT('',#2551);
#736=VERTEX_POINT('',#2558);
#737=VERTEX_POINT('',#2566);
#738=VERTEX_POINT('',#2567);
#739=VERTEX_POINT('',#2569);
#740=VERTEX_POINT('',#2571);
#741=VERTEX_POINT('',#2575);
#742=VERTEX_POINT('',#2576);
#743=VERTEX_POINT('',#2578);
#744=VERTEX_POINT('',#2580);
#745=VERTEX_POINT('',#2584);
#746=VERTEX_POINT('',#2585);
#747=VERTEX_POINT('',#2608);
#748=VERTEX_POINT('',#2610);
#749=VERTEX_POINT('',#2617);
#750=VERTEX_POINT('',#2619);
#751=VERTEX_POINT('',#2628);
#752=VERTEX_POINT('',#2629);
#753=VERTEX_POINT('',#2631);
#754=VERTEX_POINT('',#2633);
#755=VERTEX_POINT('',#2637);
#756=VERTEX_POINT('',#2638);
#757=VERTEX_POINT('',#2640);
#758=VERTEX_POINT('',#2642);
#759=VERTEX_POINT('',#2646);
#760=VERTEX_POINT('',#2647);
#761=VERTEX_POINT('',#2670);
#762=VERTEX_POINT('',#2672);
#763=VERTEX_POINT('',#2679);
#764=VERTEX_POINT('',#2681);
#765=EDGE_CURVE('',#627,#627,#537,.T.);
#766=EDGE_CURVE('',#628,#628,#538,.T.);
#767=EDGE_CURVE('',#627,#628,#53,.T.);
#768=EDGE_CURVE('',#629,#630,#539,.T.);
#769=EDGE_CURVE('',#630,#631,#54,.T.);
#770=EDGE_CURVE('',#631,#632,#540,.T.);
#771=EDGE_CURVE('',#632,#629,#55,.T.);
#772=EDGE_CURVE('',#633,#630,#56,.T.);
#773=EDGE_CURVE('',#634,#633,#57,.T.);
#774=EDGE_CURVE('',#631,#634,#58,.T.);
#775=EDGE_CURVE('',#635,#636,#541,.T.);
#776=EDGE_CURVE('',#636,#637,#59,.T.);
#777=EDGE_CURVE('',#637,#638,#542,.T.);
#778=EDGE_CURVE('',#638,#635,#60,.T.);
#779=EDGE_CURVE('',#637,#632,#61,.T.);
#780=EDGE_CURVE('',#629,#636,#62,.T.);
#781=EDGE_CURVE('',#639,#633,#543,.F.);
#782=EDGE_CURVE('',#639,#640,#63,.T.);
#783=EDGE_CURVE('',#640,#634,#544,.T.);
#784=EDGE_CURVE('',#640,#638,#64,.T.);
#785=EDGE_CURVE('',#635,#639,#65,.T.);
#786=EDGE_CURVE('',#641,#642,#545,.T.);
#787=EDGE_CURVE('',#642,#643,#66,.T.);
#788=EDGE_CURVE('',#643,#644,#546,.T.);
#789=EDGE_CURVE('',#644,#641,#67,.T.);
#790=EDGE_CURVE('',#645,#642,#68,.T.);
#791=EDGE_CURVE('',#646,#645,#69,.T.);
#792=EDGE_CURVE('',#643,#646,#70,.T.);
#793=EDGE_CURVE('',#647,#648,#547,.F.);
#794=EDGE_CURVE('',#647,#649,#71,.T.);
#795=EDGE_CURVE('',#649,#650,#548,.T.);
#796=EDGE_CURVE('',#650,#648,#72,.T.);
#797=EDGE_CURVE('',#649,#644,#73,.T.);
#798=EDGE_CURVE('',#641,#647,#74,.T.);
#799=EDGE_CURVE('',#645,#651,#549,.T.);
#800=EDGE_CURVE('',#651,#652,#75,.T.);
#801=EDGE_CURVE('',#652,#646,#550,.T.);
#802=EDGE_CURVE('',#652,#650,#76,.T.);
#803=EDGE_CURVE('',#648,#651,#77,.T.);
#804=EDGE_CURVE('',#653,#654,#551,.T.);
#805=EDGE_CURVE('',#654,#655,#78,.T.);
#806=EDGE_CURVE('',#655,#656,#552,.T.);
#807=EDGE_CURVE('',#656,#653,#79,.T.);
#808=EDGE_CURVE('',#657,#654,#80,.T.);
#809=EDGE_CURVE('',#658,#657,#81,.T.);
#810=EDGE_CURVE('',#655,#658,#82,.T.);
#811=EDGE_CURVE('',#659,#660,#553,.T.);
#812=EDGE_CURVE('',#660,#661,#83,.T.);
#813=EDGE_CURVE('',#661,#662,#554,.T.);
#814=EDGE_CURVE('',#662,#659,#84,.T.);
#815=EDGE_CURVE('',#661,#656,#85,.T.);
#816=EDGE_CURVE('',#653,#660,#86,.T.);
#817=EDGE_CURVE('',#663,#657,#555,.F.);
#818=EDGE_CURVE('',#663,#664,#87,.T.);
#819=EDGE_CURVE('',#664,#658,#556,.T.);
#820=EDGE_CURVE('',#664,#662,#88,.T.);
#821=EDGE_CURVE('',#659,#663,#89,.T.);
#822=EDGE_CURVE('',#665,#666,#557,.T.);
#823=EDGE_CURVE('',#666,#667,#90,.T.);
#824=EDGE_CURVE('',#667,#668,#558,.T.);
#825=EDGE_CURVE('',#668,#665,#91,.T.);
#826=EDGE_CURVE('',#669,#666,#92,.T.);
#827=EDGE_CURVE('',#670,#669,#93,.T.);
#828=EDGE_CURVE('',#667,#670,#94,.T.);
#829=EDGE_CURVE('',#671,#672,#559,.F.);
#830=EDGE_CURVE('',#671,#673,#95,.T.);
#831=EDGE_CURVE('',#673,#674,#560,.T.);
#832=EDGE_CURVE('',#674,#672,#96,.T.);
#833=EDGE_CURVE('',#673,#668,#97,.T.);
#834=EDGE_CURVE('',#665,#671,#98,.T.);
#835=EDGE_CURVE('',#669,#675,#561,.T.);
#836=EDGE_CURVE('',#675,#676,#99,.T.);
#837=EDGE_CURVE('',#676,#670,#562,.T.);
#838=EDGE_CURVE('',#676,#674,#100,.T.);
#839=EDGE_CURVE('',#672,#675,#101,.T.);
#840=EDGE_CURVE('',#677,#677,#563,.T.);
#841=EDGE_CURVE('',#677,#678,#102,.T.);
#842=EDGE_CURVE('',#678,#678,#564,.T.);
#843=EDGE_CURVE('',#679,#679,#565,.T.);
#844=EDGE_CURVE('',#680,#680,#566,.T.);
#845=EDGE_CURVE('',#680,#681,#103,.T.);
#846=EDGE_CURVE('',#681,#681,#567,.T.);
#847=EDGE_CURVE('',#682,#682,#568,.T.);
#848=EDGE_CURVE('',#671,#635,#104,.T.);
#849=EDGE_CURVE('',#683,#665,#105,.T.);
#850=EDGE_CURVE('',#683,#684,#106,.T.);
#851=EDGE_CURVE('',#684,#685,#569,.T.);
#852=EDGE_CURVE('',#685,#686,#107,.T.);
#853=EDGE_CURVE('',#686,#687,#570,.T.);
#854=EDGE_CURVE('',#687,#688,#108,.T.);
#855=EDGE_CURVE('',#639,#688,#109,.T.);
#856=EDGE_CURVE('',#689,#689,#571,.T.);
#857=EDGE_CURVE('',#690,#690,#572,.T.);
#858=EDGE_CURVE('',#691,#691,#573,.T.);
#859=EDGE_CURVE('',#692,#692,#574,.T.);
#860=EDGE_CURVE('',#693,#694,#575,.T.);
#861=EDGE_CURVE('',#694,#685,#110,.T.);
#862=EDGE_CURVE('',#693,#684,#111,.T.);
#863=EDGE_CURVE('',#694,#695,#112,.T.);
#864=EDGE_CURVE('',#695,#686,#113,.T.);
#865=EDGE_CURVE('',#695,#696,#576,.T.);
#866=EDGE_CURVE('',#696,#687,#114,.T.);
#867=EDGE_CURVE('',#696,#697,#115,.T.);
#868=EDGE_CURVE('',#688,#697,#116,.T.);
#869=EDGE_CURVE('',#693,#698,#117,.T.);
#870=EDGE_CURVE('',#698,#683,#118,.T.);
#871=EDGE_CURVE('',#689,#699,#119,.T.);
#872=EDGE_CURVE('',#699,#699,#577,.T.);
#873=EDGE_CURVE('',#690,#700,#120,.T.);
#874=EDGE_CURVE('',#700,#700,#578,.T.);
#875=EDGE_CURVE('',#691,#701,#121,.T.);
#876=EDGE_CURVE('',#701,#701,#579,.T.);
#877=EDGE_CURVE('',#692,#702,#122,.T.);
#878=EDGE_CURVE('',#702,#702,#580,.T.);
#879=EDGE_CURVE('',#647,#659,#123,.T.);
#880=EDGE_CURVE('',#703,#641,#124,.T.);
#881=EDGE_CURVE('',#703,#704,#125,.T.);
#882=EDGE_CURVE('',#704,#705,#581,.T.);
#883=EDGE_CURVE('',#705,#706,#126,.T.);
#884=EDGE_CURVE('',#706,#707,#582,.T.);
#885=EDGE_CURVE('',#707,#708,#127,.T.);
#886=EDGE_CURVE('',#663,#708,#128,.T.);
#887=EDGE_CURVE('',#709,#709,#583,.T.);
#888=EDGE_CURVE('',#710,#710,#584,.T.);
#889=EDGE_CURVE('',#711,#711,#585,.T.);
#890=EDGE_CURVE('',#712,#712,#586,.T.);
#891=EDGE_CURVE('',#713,#714,#587,.T.);
#892=EDGE_CURVE('',#714,#707,#129,.T.);
#893=EDGE_CURVE('',#713,#706,#130,.T.);
#894=EDGE_CURVE('',#715,#714,#131,.T.);
#895=EDGE_CURVE('',#708,#715,#132,.T.);
#896=EDGE_CURVE('',#716,#717,#133,.T.);
#897=EDGE_CURVE('',#716,#704,#134,.T.);
#898=EDGE_CURVE('',#717,#703,#135,.T.);
#899=EDGE_CURVE('',#716,#718,#588,.T.);
#900=EDGE_CURVE('',#718,#705,#136,.T.);
#901=EDGE_CURVE('',#713,#718,#137,.T.);
#902=EDGE_CURVE('',#709,#719,#138,.T.);
#903=EDGE_CURVE('',#719,#719,#589,.T.);
#904=EDGE_CURVE('',#710,#720,#139,.T.);
#905=EDGE_CURVE('',#720,#720,#590,.T.);
#906=EDGE_CURVE('',#711,#721,#140,.T.);
#907=EDGE_CURVE('',#721,#721,#591,.T.);
#908=EDGE_CURVE('',#712,#722,#141,.T.);
#909=EDGE_CURVE('',#722,#722,#592,.T.);
#910=EDGE_CURVE('',#723,#723,#593,.T.);
#911=EDGE_CURVE('',#723,#724,#142,.T.);
#912=EDGE_CURVE('',#724,#724,#594,.T.);
#913=EDGE_CURVE('',#725,#725,#595,.T.);
#914=EDGE_CURVE('',#725,#726,#143,.T.);
#915=EDGE_CURVE('',#726,#726,#596,.T.);
#916=EDGE_CURVE('',#727,#727,#597,.T.);
#917=EDGE_CURVE('',#727,#728,#144,.T.);
#918=EDGE_CURVE('',#728,#728,#598,.T.);
#919=EDGE_CURVE('',#729,#729,#599,.T.);
#920=EDGE_CURVE('',#729,#679,#145,.T.);
#921=EDGE_CURVE('',#730,#730,#600,.T.);
#922=EDGE_CURVE('',#730,#682,#146,.T.);
#923=EDGE_CURVE('',#731,#731,#601,.T.);
#924=EDGE_CURVE('',#731,#732,#147,.T.);
#925=EDGE_CURVE('',#732,#732,#602,.T.);
#926=EDGE_CURVE('',#698,#733,#148,.T.);
#927=EDGE_CURVE('',#715,#733,#149,.T.);
#928=EDGE_CURVE('',#717,#734,#150,.T.);
#929=EDGE_CURVE('',#697,#734,#151,.T.);
#930=EDGE_CURVE('',#735,#735,#603,.T.);
#931=EDGE_CURVE('',#735,#688,#152,.T.);
#932=EDGE_CURVE('',#688,#734,#604,.T.);
#933=EDGE_CURVE('',#734,#703,#605,.T.);
#934=EDGE_CURVE('',#708,#733,#606,.T.);
#935=EDGE_CURVE('',#733,#683,#607,.T.);
#936=EDGE_CURVE('',#683,#736,#153,.T.);
#937=EDGE_CURVE('',#736,#736,#608,.T.);
#938=EDGE_CURVE('',#737,#738,#154,.T.);
#939=EDGE_CURVE('',#738,#739,#155,.T.);
#940=EDGE_CURVE('',#739,#740,#156,.T.);
#941=EDGE_CURVE('',#740,#737,#157,.T.);
#942=EDGE_CURVE('',#741,#742,#609,.T.);
#943=EDGE_CURVE('',#742,#743,#610,.T.);
#944=EDGE_CURVE('',#743,#744,#611,.T.);
#945=EDGE_CURVE('',#741,#744,#612,.T.);
#946=EDGE_CURVE('',#745,#746,#613,.T.);
#947=EDGE_CURVE('',#742,#745,#14,.F.);
#948=EDGE_CURVE('',#741,#746,#15,.F.);
#949=EDGE_CURVE('',#745,#747,#158,.T.);
#950=EDGE_CURVE('',#747,#748,#159,.T.);
#951=EDGE_CURVE('',#743,#748,#160,.T.);
#952=EDGE_CURVE('',#748,#737,#614,.T.);
#953=EDGE_CURVE('',#747,#738,#615,.T.);
#954=EDGE_CURVE('',#746,#749,#161,.T.);
#955=EDGE_CURVE('',#744,#750,#162,.T.);
#956=EDGE_CURVE('',#749,#750,#163,.T.);
#957=EDGE_CURVE('',#740,#750,#616,.T.);
#958=EDGE_CURVE('',#739,#749,#617,.T.);
#959=EDGE_CURVE('',#751,#752,#164,.T.);
#960=EDGE_CURVE('',#752,#753,#165,.T.);
#961=EDGE_CURVE('',#753,#754,#166,.T.);
#962=EDGE_CURVE('',#754,#751,#167,.T.);
#963=EDGE_CURVE('',#755,#756,#618,.T.);
#964=EDGE_CURVE('',#755,#757,#619,.T.);
#965=EDGE_CURVE('',#758,#757,#620,.T.);
#966=EDGE_CURVE('',#756,#758,#621,.T.);
#967=EDGE_CURVE('',#759,#760,#622,.T.);
#968=EDGE_CURVE('',#755,#760,#16,.F.);
#969=EDGE_CURVE('',#756,#759,#17,.F.);
#970=EDGE_CURVE('',#759,#761,#168,.T.);
#971=EDGE_CURVE('',#758,#762,#169,.T.);
#972=EDGE_CURVE('',#761,#762,#170,.T.);
#973=EDGE_CURVE('',#762,#752,#623,.T.);
#974=EDGE_CURVE('',#761,#751,#624,.T.);
#975=EDGE_CURVE('',#760,#763,#171,.T.);
#976=EDGE_CURVE('',#763,#764,#172,.T.);
#977=EDGE_CURVE('',#757,#764,#173,.T.);
#978=EDGE_CURVE('',#753,#764,#625,.T.);
#979=EDGE_CURVE('',#754,#763,#626,.T.);
#980=ORIENTED_EDGE('',*,*,#765,.F.);
#981=ORIENTED_EDGE('',*,*,#766,.F.);
#982=ORIENTED_EDGE('',*,*,#765,.T.);
#983=ORIENTED_EDGE('',*,*,#767,.T.);
#984=ORIENTED_EDGE('',*,*,#766,.T.);
#985=ORIENTED_EDGE('',*,*,#767,.F.);
#986=ORIENTED_EDGE('',*,*,#768,.T.);
#987=ORIENTED_EDGE('',*,*,#769,.T.);
#988=ORIENTED_EDGE('',*,*,#770,.T.);
#989=ORIENTED_EDGE('',*,*,#771,.T.);
#990=ORIENTED_EDGE('',*,*,#769,.F.);
#991=ORIENTED_EDGE('',*,*,#772,.F.);
#992=ORIENTED_EDGE('',*,*,#773,.F.);
#993=ORIENTED_EDGE('',*,*,#774,.F.);
#994=ORIENTED_EDGE('',*,*,#775,.T.);
#995=ORIENTED_EDGE('',*,*,#776,.T.);
#996=ORIENTED_EDGE('',*,*,#777,.T.);
#997=ORIENTED_EDGE('',*,*,#778,.T.);
#998=ORIENTED_EDGE('',*,*,#771,.F.);
#999=ORIENTED_EDGE('',*,*,#779,.F.);
#1000=ORIENTED_EDGE('',*,*,#776,.F.);
#1001=ORIENTED_EDGE('',*,*,#780,.F.);
#1002=ORIENTED_EDGE('',*,*,#781,.F.);
#1003=ORIENTED_EDGE('',*,*,#782,.T.);
#1004=ORIENTED_EDGE('',*,*,#783,.T.);
#1005=ORIENTED_EDGE('',*,*,#773,.T.);
#1006=ORIENTED_EDGE('',*,*,#778,.F.);
#1007=ORIENTED_EDGE('',*,*,#784,.F.);
#1008=ORIENTED_EDGE('',*,*,#782,.F.);
#1009=ORIENTED_EDGE('',*,*,#785,.F.);
#1010=ORIENTED_EDGE('',*,*,#786,.T.);
#1011=ORIENTED_EDGE('',*,*,#787,.T.);
#1012=ORIENTED_EDGE('',*,*,#788,.T.);
#1013=ORIENTED_EDGE('',*,*,#789,.T.);
#1014=ORIENTED_EDGE('',*,*,#787,.F.);
#1015=ORIENTED_EDGE('',*,*,#790,.F.);
#1016=ORIENTED_EDGE('',*,*,#791,.F.);
#1017=ORIENTED_EDGE('',*,*,#792,.F.);
#1018=ORIENTED_EDGE('',*,*,#793,.F.);
#1019=ORIENTED_EDGE('',*,*,#794,.T.);
#1020=ORIENTED_EDGE('',*,*,#795,.T.);
#1021=ORIENTED_EDGE('',*,*,#796,.T.);
#1022=ORIENTED_EDGE('',*,*,#789,.F.);
#1023=ORIENTED_EDGE('',*,*,#797,.F.);
#1024=ORIENTED_EDGE('',*,*,#794,.F.);
#1025=ORIENTED_EDGE('',*,*,#798,.F.);
#1026=ORIENTED_EDGE('',*,*,#799,.T.);
#1027=ORIENTED_EDGE('',*,*,#800,.T.);
#1028=ORIENTED_EDGE('',*,*,#801,.T.);
#1029=ORIENTED_EDGE('',*,*,#791,.T.);
#1030=ORIENTED_EDGE('',*,*,#796,.F.);
#1031=ORIENTED_EDGE('',*,*,#802,.F.);
#1032=ORIENTED_EDGE('',*,*,#800,.F.);
#1033=ORIENTED_EDGE('',*,*,#803,.F.);
#1034=ORIENTED_EDGE('',*,*,#804,.T.);
#1035=ORIENTED_EDGE('',*,*,#805,.T.);
#1036=ORIENTED_EDGE('',*,*,#806,.T.);
#1037=ORIENTED_EDGE('',*,*,#807,.T.);
#1038=ORIENTED_EDGE('',*,*,#805,.F.);
#1039=ORIENTED_EDGE('',*,*,#808,.F.);
#1040=ORIENTED_EDGE('',*,*,#809,.F.);
#1041=ORIENTED_EDGE('',*,*,#810,.F.);
#1042=ORIENTED_EDGE('',*,*,#811,.T.);
#1043=ORIENTED_EDGE('',*,*,#812,.T.);
#1044=ORIENTED_EDGE('',*,*,#813,.T.);
#1045=ORIENTED_EDGE('',*,*,#814,.T.);
#1046=ORIENTED_EDGE('',*,*,#807,.F.);
#1047=ORIENTED_EDGE('',*,*,#815,.F.);
#1048=ORIENTED_EDGE('',*,*,#812,.F.);
#1049=ORIENTED_EDGE('',*,*,#816,.F.);
#1050=ORIENTED_EDGE('',*,*,#817,.F.);
#1051=ORIENTED_EDGE('',*,*,#818,.T.);
#1052=ORIENTED_EDGE('',*,*,#819,.T.);
#1053=ORIENTED_EDGE('',*,*,#809,.T.);
#1054=ORIENTED_EDGE('',*,*,#814,.F.);
#1055=ORIENTED_EDGE('',*,*,#820,.F.);
#1056=ORIENTED_EDGE('',*,*,#818,.F.);
#1057=ORIENTED_EDGE('',*,*,#821,.F.);
#1058=ORIENTED_EDGE('',*,*,#822,.T.);
#1059=ORIENTED_EDGE('',*,*,#823,.T.);
#1060=ORIENTED_EDGE('',*,*,#824,.T.);
#1061=ORIENTED_EDGE('',*,*,#825,.T.);
#1062=ORIENTED_EDGE('',*,*,#823,.F.);
#1063=ORIENTED_EDGE('',*,*,#826,.F.);
#1064=ORIENTED_EDGE('',*,*,#827,.F.);
#1065=ORIENTED_EDGE('',*,*,#828,.F.);
#1066=ORIENTED_EDGE('',*,*,#829,.F.);
#1067=ORIENTED_EDGE('',*,*,#830,.T.);
#1068=ORIENTED_EDGE('',*,*,#831,.T.);
#1069=ORIENTED_EDGE('',*,*,#832,.T.);
#1070=ORIENTED_EDGE('',*,*,#825,.F.);
#1071=ORIENTED_EDGE('',*,*,#833,.F.);
#1072=ORIENTED_EDGE('',*,*,#830,.F.);
#1073=ORIENTED_EDGE('',*,*,#834,.F.);
#1074=ORIENTED_EDGE('',*,*,#835,.T.);
#1075=ORIENTED_EDGE('',*,*,#836,.T.);
#1076=ORIENTED_EDGE('',*,*,#837,.T.);
#1077=ORIENTED_EDGE('',*,*,#827,.T.);
#1078=ORIENTED_EDGE('',*,*,#832,.F.);
#1079=ORIENTED_EDGE('',*,*,#838,.F.);
#1080=ORIENTED_EDGE('',*,*,#836,.F.);
#1081=ORIENTED_EDGE('',*,*,#839,.F.);
#1082=ORIENTED_EDGE('',*,*,#840,.F.);
#1083=ORIENTED_EDGE('',*,*,#841,.T.);
#1084=ORIENTED_EDGE('',*,*,#842,.T.);
#1085=ORIENTED_EDGE('',*,*,#841,.F.);
#1086=ORIENTED_EDGE('',*,*,#842,.F.);
#1087=ORIENTED_EDGE('',*,*,#843,.F.);
#1088=ORIENTED_EDGE('',*,*,#844,.F.);
#1089=ORIENTED_EDGE('',*,*,#845,.T.);
#1090=ORIENTED_EDGE('',*,*,#846,.T.);
#1091=ORIENTED_EDGE('',*,*,#845,.F.);
#1092=ORIENTED_EDGE('',*,*,#846,.F.);
#1093=ORIENTED_EDGE('',*,*,#847,.F.);
#1094=ORIENTED_EDGE('',*,*,#780,.T.);
#1095=ORIENTED_EDGE('',*,*,#775,.F.);
#1096=ORIENTED_EDGE('',*,*,#848,.F.);
#1097=ORIENTED_EDGE('',*,*,#829,.T.);
#1098=ORIENTED_EDGE('',*,*,#839,.T.);
#1099=ORIENTED_EDGE('',*,*,#835,.F.);
#1100=ORIENTED_EDGE('',*,*,#826,.T.);
#1101=ORIENTED_EDGE('',*,*,#822,.F.);
#1102=ORIENTED_EDGE('',*,*,#849,.F.);
#1103=ORIENTED_EDGE('',*,*,#850,.T.);
#1104=ORIENTED_EDGE('',*,*,#851,.T.);
#1105=ORIENTED_EDGE('',*,*,#852,.T.);
#1106=ORIENTED_EDGE('',*,*,#853,.T.);
#1107=ORIENTED_EDGE('',*,*,#854,.T.);
#1108=ORIENTED_EDGE('',*,*,#855,.F.);
#1109=ORIENTED_EDGE('',*,*,#781,.T.);
#1110=ORIENTED_EDGE('',*,*,#772,.T.);
#1111=ORIENTED_EDGE('',*,*,#768,.F.);
#1112=ORIENTED_EDGE('',*,*,#856,.T.);
#1113=ORIENTED_EDGE('',*,*,#857,.T.);
#1114=ORIENTED_EDGE('',*,*,#858,.T.);
#1115=ORIENTED_EDGE('',*,*,#859,.T.);
#1116=ORIENTED_EDGE('',*,*,#860,.T.);
#1117=ORIENTED_EDGE('',*,*,#861,.T.);
#1118=ORIENTED_EDGE('',*,*,#851,.F.);
#1119=ORIENTED_EDGE('',*,*,#862,.F.);
#1120=ORIENTED_EDGE('',*,*,#863,.T.);
#1121=ORIENTED_EDGE('',*,*,#864,.T.);
#1122=ORIENTED_EDGE('',*,*,#852,.F.);
#1123=ORIENTED_EDGE('',*,*,#861,.F.);
#1124=ORIENTED_EDGE('',*,*,#865,.T.);
#1125=ORIENTED_EDGE('',*,*,#866,.T.);
#1126=ORIENTED_EDGE('',*,*,#853,.F.);
#1127=ORIENTED_EDGE('',*,*,#864,.F.);
#1128=ORIENTED_EDGE('',*,*,#867,.T.);
#1129=ORIENTED_EDGE('',*,*,#868,.F.);
#1130=ORIENTED_EDGE('',*,*,#854,.F.);
#1131=ORIENTED_EDGE('',*,*,#866,.F.);
#1132=ORIENTED_EDGE('',*,*,#869,.F.);
#1133=ORIENTED_EDGE('',*,*,#862,.T.);
#1134=ORIENTED_EDGE('',*,*,#850,.F.);
#1135=ORIENTED_EDGE('',*,*,#870,.F.);
#1136=ORIENTED_EDGE('',*,*,#856,.F.);
#1137=ORIENTED_EDGE('',*,*,#871,.T.);
#1138=ORIENTED_EDGE('',*,*,#872,.T.);
#1139=ORIENTED_EDGE('',*,*,#871,.F.);
#1140=ORIENTED_EDGE('',*,*,#857,.F.);
#1141=ORIENTED_EDGE('',*,*,#873,.T.);
#1142=ORIENTED_EDGE('',*,*,#874,.T.);
#1143=ORIENTED_EDGE('',*,*,#873,.F.);
#1144=ORIENTED_EDGE('',*,*,#858,.F.);
#1145=ORIENTED_EDGE('',*,*,#875,.T.);
#1146=ORIENTED_EDGE('',*,*,#876,.T.);
#1147=ORIENTED_EDGE('',*,*,#875,.F.);
#1148=ORIENTED_EDGE('',*,*,#859,.F.);
#1149=ORIENTED_EDGE('',*,*,#877,.T.);
#1150=ORIENTED_EDGE('',*,*,#878,.T.);
#1151=ORIENTED_EDGE('',*,*,#877,.F.);
#1152=ORIENTED_EDGE('',*,*,#816,.T.);
#1153=ORIENTED_EDGE('',*,*,#811,.F.);
#1154=ORIENTED_EDGE('',*,*,#879,.F.);
#1155=ORIENTED_EDGE('',*,*,#793,.T.);
#1156=ORIENTED_EDGE('',*,*,#803,.T.);
#1157=ORIENTED_EDGE('',*,*,#799,.F.);
#1158=ORIENTED_EDGE('',*,*,#790,.T.);
#1159=ORIENTED_EDGE('',*,*,#786,.F.);
#1160=ORIENTED_EDGE('',*,*,#880,.F.);
#1161=ORIENTED_EDGE('',*,*,#881,.T.);
#1162=ORIENTED_EDGE('',*,*,#882,.T.);
#1163=ORIENTED_EDGE('',*,*,#883,.T.);
#1164=ORIENTED_EDGE('',*,*,#884,.T.);
#1165=ORIENTED_EDGE('',*,*,#885,.T.);
#1166=ORIENTED_EDGE('',*,*,#886,.F.);
#1167=ORIENTED_EDGE('',*,*,#817,.T.);
#1168=ORIENTED_EDGE('',*,*,#808,.T.);
#1169=ORIENTED_EDGE('',*,*,#804,.F.);
#1170=ORIENTED_EDGE('',*,*,#887,.T.);
#1171=ORIENTED_EDGE('',*,*,#888,.T.);
#1172=ORIENTED_EDGE('',*,*,#889,.T.);
#1173=ORIENTED_EDGE('',*,*,#890,.T.);
#1174=ORIENTED_EDGE('',*,*,#891,.T.);
#1175=ORIENTED_EDGE('',*,*,#892,.T.);
#1176=ORIENTED_EDGE('',*,*,#884,.F.);
#1177=ORIENTED_EDGE('',*,*,#893,.F.);
#1178=ORIENTED_EDGE('',*,*,#894,.F.);
#1179=ORIENTED_EDGE('',*,*,#895,.F.);
#1180=ORIENTED_EDGE('',*,*,#885,.F.);
#1181=ORIENTED_EDGE('',*,*,#892,.F.);
#1182=ORIENTED_EDGE('',*,*,#896,.F.);
#1183=ORIENTED_EDGE('',*,*,#897,.T.);
#1184=ORIENTED_EDGE('',*,*,#881,.F.);
#1185=ORIENTED_EDGE('',*,*,#898,.F.);
#1186=ORIENTED_EDGE('',*,*,#899,.T.);
#1187=ORIENTED_EDGE('',*,*,#900,.T.);
#1188=ORIENTED_EDGE('',*,*,#882,.F.);
#1189=ORIENTED_EDGE('',*,*,#897,.F.);
#1190=ORIENTED_EDGE('',*,*,#901,.F.);
#1191=ORIENTED_EDGE('',*,*,#893,.T.);
#1192=ORIENTED_EDGE('',*,*,#883,.F.);
#1193=ORIENTED_EDGE('',*,*,#900,.F.);
#1194=ORIENTED_EDGE('',*,*,#887,.F.);
#1195=ORIENTED_EDGE('',*,*,#902,.T.);
#1196=ORIENTED_EDGE('',*,*,#903,.T.);
#1197=ORIENTED_EDGE('',*,*,#902,.F.);
#1198=ORIENTED_EDGE('',*,*,#888,.F.);
#1199=ORIENTED_EDGE('',*,*,#904,.T.);
#1200=ORIENTED_EDGE('',*,*,#905,.T.);
#1201=ORIENTED_EDGE('',*,*,#904,.F.);
#1202=ORIENTED_EDGE('',*,*,#889,.F.);
#1203=ORIENTED_EDGE('',*,*,#906,.T.);
#1204=ORIENTED_EDGE('',*,*,#907,.T.);
#1205=ORIENTED_EDGE('',*,*,#906,.F.);
#1206=ORIENTED_EDGE('',*,*,#890,.F.);
#1207=ORIENTED_EDGE('',*,*,#908,.T.);
#1208=ORIENTED_EDGE('',*,*,#909,.T.);
#1209=ORIENTED_EDGE('',*,*,#908,.F.);
#1210=ORIENTED_EDGE('',*,*,#878,.F.);
#1211=ORIENTED_EDGE('',*,*,#910,.T.);
#1212=ORIENTED_EDGE('',*,*,#910,.F.);
#1213=ORIENTED_EDGE('',*,*,#911,.T.);
#1214=ORIENTED_EDGE('',*,*,#912,.T.);
#1215=ORIENTED_EDGE('',*,*,#911,.F.);
#1216=ORIENTED_EDGE('',*,*,#874,.F.);
#1217=ORIENTED_EDGE('',*,*,#913,.T.);
#1218=ORIENTED_EDGE('',*,*,#913,.F.);
#1219=ORIENTED_EDGE('',*,*,#914,.T.);
#1220=ORIENTED_EDGE('',*,*,#915,.T.);
#1221=ORIENTED_EDGE('',*,*,#914,.F.);
#1222=ORIENTED_EDGE('',*,*,#909,.F.);
#1223=ORIENTED_EDGE('',*,*,#916,.T.);
#1224=ORIENTED_EDGE('',*,*,#916,.F.);
#1225=ORIENTED_EDGE('',*,*,#917,.T.);
#1226=ORIENTED_EDGE('',*,*,#918,.T.);
#1227=ORIENTED_EDGE('',*,*,#917,.F.);
#1228=ORIENTED_EDGE('',*,*,#872,.F.);
#1229=ORIENTED_EDGE('',*,*,#919,.T.);
#1230=ORIENTED_EDGE('',*,*,#919,.F.);
#1231=ORIENTED_EDGE('',*,*,#920,.T.);
#1232=ORIENTED_EDGE('',*,*,#843,.T.);
#1233=ORIENTED_EDGE('',*,*,#920,.F.);
#1234=ORIENTED_EDGE('',*,*,#876,.F.);
#1235=ORIENTED_EDGE('',*,*,#921,.T.);
#1236=ORIENTED_EDGE('',*,*,#921,.F.);
#1237=ORIENTED_EDGE('',*,*,#922,.T.);
#1238=ORIENTED_EDGE('',*,*,#847,.T.);
#1239=ORIENTED_EDGE('',*,*,#922,.F.);
#1240=ORIENTED_EDGE('',*,*,#905,.F.);
#1241=ORIENTED_EDGE('',*,*,#923,.T.);
#1242=ORIENTED_EDGE('',*,*,#923,.F.);
#1243=ORIENTED_EDGE('',*,*,#924,.T.);
#1244=ORIENTED_EDGE('',*,*,#925,.T.);
#1245=ORIENTED_EDGE('',*,*,#924,.F.);
#1246=ORIENTED_EDGE('',*,*,#867,.F.);
#1247=ORIENTED_EDGE('',*,*,#865,.F.);
#1248=ORIENTED_EDGE('',*,*,#863,.F.);
#1249=ORIENTED_EDGE('',*,*,#860,.F.);
#1250=ORIENTED_EDGE('',*,*,#869,.T.);
#1251=ORIENTED_EDGE('',*,*,#926,.T.);
#1252=ORIENTED_EDGE('',*,*,#927,.F.);
#1253=ORIENTED_EDGE('',*,*,#894,.T.);
#1254=ORIENTED_EDGE('',*,*,#891,.F.);
#1255=ORIENTED_EDGE('',*,*,#901,.T.);
#1256=ORIENTED_EDGE('',*,*,#899,.F.);
#1257=ORIENTED_EDGE('',*,*,#896,.T.);
#1258=ORIENTED_EDGE('',*,*,#928,.T.);
#1259=ORIENTED_EDGE('',*,*,#929,.F.);
#1260=ORIENTED_EDGE('',*,*,#840,.T.);
#1261=ORIENTED_EDGE('',*,*,#844,.T.);
#1262=ORIENTED_EDGE('',*,*,#925,.F.);
#1263=ORIENTED_EDGE('',*,*,#918,.F.);
#1264=ORIENTED_EDGE('',*,*,#907,.F.);
#1265=ORIENTED_EDGE('',*,*,#903,.F.);
#1266=ORIENTED_EDGE('',*,*,#912,.F.);
#1267=ORIENTED_EDGE('',*,*,#915,.F.);
#1268=ORIENTED_EDGE('',*,*,#792,.T.);
#1269=ORIENTED_EDGE('',*,*,#801,.F.);
#1270=ORIENTED_EDGE('',*,*,#802,.T.);
#1271=ORIENTED_EDGE('',*,*,#795,.F.);
#1272=ORIENTED_EDGE('',*,*,#797,.T.);
#1273=ORIENTED_EDGE('',*,*,#788,.F.);
#1274=ORIENTED_EDGE('',*,*,#833,.T.);
#1275=ORIENTED_EDGE('',*,*,#824,.F.);
#1276=ORIENTED_EDGE('',*,*,#828,.T.);
#1277=ORIENTED_EDGE('',*,*,#837,.F.);
#1278=ORIENTED_EDGE('',*,*,#838,.T.);
#1279=ORIENTED_EDGE('',*,*,#831,.F.);
#1280=ORIENTED_EDGE('',*,*,#810,.T.);
#1281=ORIENTED_EDGE('',*,*,#819,.F.);
#1282=ORIENTED_EDGE('',*,*,#820,.T.);
#1283=ORIENTED_EDGE('',*,*,#813,.F.);
#1284=ORIENTED_EDGE('',*,*,#815,.T.);
#1285=ORIENTED_EDGE('',*,*,#806,.F.);
#1286=ORIENTED_EDGE('',*,*,#774,.T.);
#1287=ORIENTED_EDGE('',*,*,#783,.F.);
#1288=ORIENTED_EDGE('',*,*,#784,.T.);
#1289=ORIENTED_EDGE('',*,*,#777,.F.);
#1290=ORIENTED_EDGE('',*,*,#779,.T.);
#1291=ORIENTED_EDGE('',*,*,#770,.F.);
#1292=ORIENTED_EDGE('',*,*,#930,.F.);
#1293=ORIENTED_EDGE('',*,*,#931,.T.);
#1294=ORIENTED_EDGE('',*,*,#932,.T.);
#1295=ORIENTED_EDGE('',*,*,#933,.T.);
#1296=ORIENTED_EDGE('',*,*,#880,.T.);
#1297=ORIENTED_EDGE('',*,*,#798,.T.);
#1298=ORIENTED_EDGE('',*,*,#879,.T.);
#1299=ORIENTED_EDGE('',*,*,#821,.T.);
#1300=ORIENTED_EDGE('',*,*,#886,.T.);
#1301=ORIENTED_EDGE('',*,*,#934,.T.);
#1302=ORIENTED_EDGE('',*,*,#935,.T.);
#1303=ORIENTED_EDGE('',*,*,#936,.T.);
#1304=ORIENTED_EDGE('',*,*,#937,.F.);
#1305=ORIENTED_EDGE('',*,*,#936,.F.);
#1306=ORIENTED_EDGE('',*,*,#849,.T.);
#1307=ORIENTED_EDGE('',*,*,#834,.T.);
#1308=ORIENTED_EDGE('',*,*,#848,.T.);
#1309=ORIENTED_EDGE('',*,*,#785,.T.);
#1310=ORIENTED_EDGE('',*,*,#855,.T.);
#1311=ORIENTED_EDGE('',*,*,#931,.F.);
#1312=ORIENTED_EDGE('',*,*,#934,.F.);
#1313=ORIENTED_EDGE('',*,*,#895,.T.);
#1314=ORIENTED_EDGE('',*,*,#927,.T.);
#1315=ORIENTED_EDGE('',*,*,#933,.F.);
#1316=ORIENTED_EDGE('',*,*,#928,.F.);
#1317=ORIENTED_EDGE('',*,*,#898,.T.);
#1318=ORIENTED_EDGE('',*,*,#932,.F.);
#1319=ORIENTED_EDGE('',*,*,#868,.T.);
#1320=ORIENTED_EDGE('',*,*,#929,.T.);
#1321=ORIENTED_EDGE('',*,*,#935,.F.);
#1322=ORIENTED_EDGE('',*,*,#926,.F.);
#1323=ORIENTED_EDGE('',*,*,#870,.T.);
#1324=ORIENTED_EDGE('',*,*,#937,.T.);
#1325=ORIENTED_EDGE('',*,*,#938,.T.);
#1326=ORIENTED_EDGE('',*,*,#939,.T.);
#1327=ORIENTED_EDGE('',*,*,#940,.T.);
#1328=ORIENTED_EDGE('',*,*,#941,.T.);
#1329=ORIENTED_EDGE('',*,*,#942,.T.);
#1330=ORIENTED_EDGE('',*,*,#943,.T.);
#1331=ORIENTED_EDGE('',*,*,#944,.T.);
#1332=ORIENTED_EDGE('',*,*,#945,.F.);
#1333=ORIENTED_EDGE('',*,*,#946,.F.);
#1334=ORIENTED_EDGE('',*,*,#947,.F.);
#1335=ORIENTED_EDGE('',*,*,#942,.F.);
#1336=ORIENTED_EDGE('',*,*,#948,.T.);
#1337=ORIENTED_EDGE('',*,*,#949,.T.);
#1338=ORIENTED_EDGE('',*,*,#950,.T.);
#1339=ORIENTED_EDGE('',*,*,#951,.F.);
#1340=ORIENTED_EDGE('',*,*,#943,.F.);
#1341=ORIENTED_EDGE('',*,*,#947,.T.);
#1342=ORIENTED_EDGE('',*,*,#952,.F.);
#1343=ORIENTED_EDGE('',*,*,#950,.F.);
#1344=ORIENTED_EDGE('',*,*,#953,.T.);
#1345=ORIENTED_EDGE('',*,*,#938,.F.);
#1346=ORIENTED_EDGE('',*,*,#954,.F.);
#1347=ORIENTED_EDGE('',*,*,#948,.F.);
#1348=ORIENTED_EDGE('',*,*,#945,.T.);
#1349=ORIENTED_EDGE('',*,*,#955,.T.);
#1350=ORIENTED_EDGE('',*,*,#956,.F.);
#1351=ORIENTED_EDGE('',*,*,#941,.F.);
#1352=ORIENTED_EDGE('',*,*,#957,.T.);
#1353=ORIENTED_EDGE('',*,*,#955,.F.);
#1354=ORIENTED_EDGE('',*,*,#944,.F.);
#1355=ORIENTED_EDGE('',*,*,#951,.T.);
#1356=ORIENTED_EDGE('',*,*,#952,.T.);
#1357=ORIENTED_EDGE('',*,*,#939,.F.);
#1358=ORIENTED_EDGE('',*,*,#953,.F.);
#1359=ORIENTED_EDGE('',*,*,#949,.F.);
#1360=ORIENTED_EDGE('',*,*,#946,.T.);
#1361=ORIENTED_EDGE('',*,*,#954,.T.);
#1362=ORIENTED_EDGE('',*,*,#958,.F.);
#1363=ORIENTED_EDGE('',*,*,#957,.F.);
#1364=ORIENTED_EDGE('',*,*,#940,.F.);
#1365=ORIENTED_EDGE('',*,*,#958,.T.);
#1366=ORIENTED_EDGE('',*,*,#956,.T.);
#1367=ORIENTED_EDGE('',*,*,#930,.T.);
#1368=ORIENTED_EDGE('',*,*,#959,.T.);
#1369=ORIENTED_EDGE('',*,*,#960,.T.);
#1370=ORIENTED_EDGE('',*,*,#961,.T.);
#1371=ORIENTED_EDGE('',*,*,#962,.T.);
#1372=ORIENTED_EDGE('',*,*,#963,.F.);
#1373=ORIENTED_EDGE('',*,*,#964,.T.);
#1374=ORIENTED_EDGE('',*,*,#965,.F.);
#1375=ORIENTED_EDGE('',*,*,#966,.F.);
#1376=ORIENTED_EDGE('',*,*,#967,.T.);
#1377=ORIENTED_EDGE('',*,*,#968,.F.);
#1378=ORIENTED_EDGE('',*,*,#963,.T.);
#1379=ORIENTED_EDGE('',*,*,#969,.T.);
#1380=ORIENTED_EDGE('',*,*,#970,.F.);
#1381=ORIENTED_EDGE('',*,*,#969,.F.);
#1382=ORIENTED_EDGE('',*,*,#966,.T.);
#1383=ORIENTED_EDGE('',*,*,#971,.T.);
#1384=ORIENTED_EDGE('',*,*,#972,.F.);
#1385=ORIENTED_EDGE('',*,*,#973,.T.);
#1386=ORIENTED_EDGE('',*,*,#959,.F.);
#1387=ORIENTED_EDGE('',*,*,#974,.F.);
#1388=ORIENTED_EDGE('',*,*,#972,.T.);
#1389=ORIENTED_EDGE('',*,*,#975,.T.);
#1390=ORIENTED_EDGE('',*,*,#976,.T.);
#1391=ORIENTED_EDGE('',*,*,#977,.F.);
#1392=ORIENTED_EDGE('',*,*,#964,.F.);
#1393=ORIENTED_EDGE('',*,*,#968,.T.);
#1394=ORIENTED_EDGE('',*,*,#960,.F.);
#1395=ORIENTED_EDGE('',*,*,#973,.F.);
#1396=ORIENTED_EDGE('',*,*,#971,.F.);
#1397=ORIENTED_EDGE('',*,*,#965,.T.);
#1398=ORIENTED_EDGE('',*,*,#977,.T.);
#1399=ORIENTED_EDGE('',*,*,#978,.F.);
#1400=ORIENTED_EDGE('',*,*,#962,.F.);
#1401=ORIENTED_EDGE('',*,*,#979,.T.);
#1402=ORIENTED_EDGE('',*,*,#975,.F.);
#1403=ORIENTED_EDGE('',*,*,#967,.F.);
#1404=ORIENTED_EDGE('',*,*,#970,.T.);
#1405=ORIENTED_EDGE('',*,*,#974,.T.);
#1406=ORIENTED_EDGE('',*,*,#978,.T.);
#1407=ORIENTED_EDGE('',*,*,#976,.F.);
#1408=ORIENTED_EDGE('',*,*,#979,.F.);
#1409=ORIENTED_EDGE('',*,*,#961,.F.);
#1410=PLANE('',#1558);
#1411=PLANE('',#1560);
#1412=PLANE('',#1566);
#1413=PLANE('',#1570);
#1414=PLANE('',#1574);
#1415=PLANE('',#1578);
#1416=PLANE('',#1582);
#1417=PLANE('',#1586);
#1418=PLANE('',#1590);
#1419=PLANE('',#1594);
#1420=PLANE('',#1598);
#1421=PLANE('',#1602);
#1422=PLANE('',#1606);
#1423=PLANE('',#1610);
#1424=PLANE('',#1614);
#1425=PLANE('',#1619);
#1426=PLANE('',#1621);
#1427=PLANE('',#1630);
#1428=PLANE('',#1633);
#1429=PLANE('',#1634);
#1430=PLANE('',#1643);
#1431=PLANE('',#1652);
#1432=PLANE('',#1653);
#1433=PLANE('',#1656);
#1434=PLANE('',#1665);
#1435=PLANE('',#1669);
#1436=PLANE('',#1673);
#1437=PLANE('',#1677);
#1438=PLANE('',#1680);
#1439=PLANE('',#1683);
#1440=PLANE('',#1687);
#1441=PLANE('',#1695);
#1442=PLANE('',#1696);
#1443=PLANE('',#1697);
#1444=PLANE('',#1698);
#1445=PLANE('',#1699);
#1446=PLANE('',#1707);
#1447=PLANE('',#1711);
#1448=PLANE('',#1712);
#1449=PLANE('',#1714);
#1450=PLANE('',#1717);
#1451=PLANE('',#1725);
#1452=PLANE('',#1729);
#1453=PLANE('',#1730);
#1454=PLANE('',#1732);
#1455=ADVANCED_FACE('',(#333),#1410,.T.);
#1456=ADVANCED_FACE('',(#334),#1411,.F.);
#1457=ADVANCED_FACE('',(#335),#295,.F.);
#1458=ADVANCED_FACE('',(#336),#296,.F.);
#1459=ADVANCED_FACE('',(#337),#1412,.F.);
#1460=ADVANCED_FACE('',(#338),#297,.F.);
#1461=ADVANCED_FACE('',(#339),#1413,.F.);
#1462=ADVANCED_FACE('',(#340),#298,.F.);
#1463=ADVANCED_FACE('',(#341),#1414,.F.);
#1464=ADVANCED_FACE('',(#342),#299,.F.);
#1465=ADVANCED_FACE('',(#343),#1415,.F.);
#1466=ADVANCED_FACE('',(#344),#300,.F.);
#1467=ADVANCED_FACE('',(#345),#1416,.F.);
#1468=ADVANCED_FACE('',(#346),#301,.F.);
#1469=ADVANCED_FACE('',(#347),#1417,.F.);
#1470=ADVANCED_FACE('',(#348),#302,.F.);
#1471=ADVANCED_FACE('',(#349),#1418,.F.);
#1472=ADVANCED_FACE('',(#350),#303,.F.);
#1473=ADVANCED_FACE('',(#351),#1419,.F.);
#1474=ADVANCED_FACE('',(#352),#304,.F.);
#1475=ADVANCED_FACE('',(#353),#1420,.F.);
#1476=ADVANCED_FACE('',(#354),#305,.F.);
#1477=ADVANCED_FACE('',(#355),#1421,.F.);
#1478=ADVANCED_FACE('',(#356),#306,.F.);
#1479=ADVANCED_FACE('',(#357),#1422,.F.);
#1480=ADVANCED_FACE('',(#358),#307,.F.);
#1481=ADVANCED_FACE('',(#359),#1423,.F.);
#1482=ADVANCED_FACE('',(#360),#308,.F.);
#1483=ADVANCED_FACE('',(#361,#22),#1424,.T.);
#1484=ADVANCED_FACE('',(#362),#309,.F.);
#1485=ADVANCED_FACE('',(#363,#23),#1425,.T.);
#1486=ADVANCED_FACE('',(#364,#24,#25,#26,#27),#1426,.T.);
#1487=ADVANCED_FACE('',(#365),#310,.T.);
#1488=ADVANCED_FACE('',(#366),#1427,.T.);
#1489=ADVANCED_FACE('',(#367),#311,.T.);
#1490=ADVANCED_FACE('',(#368),#1428,.T.);
#1491=ADVANCED_FACE('',(#369),#1429,.T.);
#1492=ADVANCED_FACE('',(#370),#312,.F.);
#1493=ADVANCED_FACE('',(#371),#313,.F.);
#1494=ADVANCED_FACE('',(#372),#314,.F.);
#1495=ADVANCED_FACE('',(#373),#315,.F.);
#1496=ADVANCED_FACE('',(#374,#28,#29,#30,#31),#1430,.T.);
#1497=ADVANCED_FACE('',(#375),#316,.T.);
#1498=ADVANCED_FACE('',(#376),#1431,.T.);
#1499=ADVANCED_FACE('',(#377),#1432,.T.);
#1500=ADVANCED_FACE('',(#378),#317,.T.);
#1501=ADVANCED_FACE('',(#379),#1433,.T.);
#1502=ADVANCED_FACE('',(#380),#318,.F.);
#1503=ADVANCED_FACE('',(#381),#319,.F.);
#1504=ADVANCED_FACE('',(#382),#320,.F.);
#1505=ADVANCED_FACE('',(#383),#321,.F.);
#1506=ADVANCED_FACE('',(#384,#32),#1434,.T.);
#1507=ADVANCED_FACE('',(#385),#322,.F.);
#1508=ADVANCED_FACE('',(#386,#33),#1435,.T.);
#1509=ADVANCED_FACE('',(#387),#323,.F.);
#1510=ADVANCED_FACE('',(#388,#34),#1436,.T.);
#1511=ADVANCED_FACE('',(#389),#324,.F.);
#1512=ADVANCED_FACE('',(#390,#35),#1437,.T.);
#1513=ADVANCED_FACE('',(#391),#325,.F.);
#1514=ADVANCED_FACE('',(#392,#36),#1438,.T.);
#1515=ADVANCED_FACE('',(#393),#326,.F.);
#1516=ADVANCED_FACE('',(#394,#37),#1439,.T.);
#1517=ADVANCED_FACE('',(#395),#327,.F.);
#1518=ADVANCED_FACE('',(#396,#38,#39,#40,#41,#42,#43,#44,#45,#46,#47,#48,
#49),#1440,.F.);
#1519=ADVANCED_FACE('',(#397),#328,.T.);
#1520=ADVANCED_FACE('',(#398),#1441,.T.);
#1521=ADVANCED_FACE('',(#399),#1442,.T.);
#1522=ADVANCED_FACE('',(#400),#1443,.T.);
#1523=ADVANCED_FACE('',(#401),#1444,.T.);
#1524=ADVANCED_FACE('',(#402,#50),#1445,.T.);
#1525=ADVANCED_FACE('',(#403),#20,.F.);
#1526=ADVANCED_FACE('',(#404),#18,.F.);
#1527=ADVANCED_FACE('',(#405),#1446,.T.);
#1528=ADVANCED_FACE('',(#406),#329,.T.);
#1529=ADVANCED_FACE('',(#407),#1447,.F.);
#1530=ADVANCED_FACE('',(#408),#1448,.T.);
#1531=ADVANCED_FACE('',(#409),#1449,.F.);
#1532=ADVANCED_FACE('',(#410),#330,.T.);
#1533=ADVANCED_FACE('',(#411,#51),#1450,.T.);
#1534=ADVANCED_FACE('',(#412),#21,.F.);
#1535=ADVANCED_FACE('',(#413),#19,.F.);
#1536=ADVANCED_FACE('',(#414),#1451,.F.);
#1537=ADVANCED_FACE('',(#415),#331,.T.);
#1538=ADVANCED_FACE('',(#416),#1452,.T.);
#1539=ADVANCED_FACE('',(#417),#1453,.F.);
#1540=ADVANCED_FACE('',(#418),#1454,.T.);
#1541=ADVANCED_FACE('',(#419),#332,.T.);
#1542=CLOSED_SHELL('',(#1455,#1456,#1457));
#1543=CLOSED_SHELL('',(#1458,#1459,#1460,#1461,#1462,#1463,#1464,#1465,
#1466,#1467,#1468,#1469,#1470,#1471,#1472,#1473,#1474,#1475,#1476,#1477,
#1478,#1479,#1480,#1481,#1482,#1483,#1484,#1485,#1486,#1487,#1488,#1489,
#1490,#1491,#1492,#1493,#1494,#1495,#1496,#1497,#1498,#1499,#1500,#1501,
#1502,#1503,#1504,#1505,#1506,#1507,#1508,#1509,#1510,#1511,#1512,#1513,
#1514,#1515,#1516,#1517,#1518,#1519,#1520,#1521,#1522,#1523,#1524,#1525,
#1526,#1527,#1528,#1529,#1530,#1531,#1532,#1533,#1534,#1535,#1536,#1537,
#1538,#1539,#1540,#1541));
#1544=BREP_WITH_VOIDS('\X2\5B9E4F53\X0\1',#1543,(#52));
#1545=DERIVED_UNIT_ELEMENT(#1547,1.);
#1546=DERIVED_UNIT_ELEMENT(#2694,-3.);
#1547=(
MASS_UNIT()
NAMED_UNIT(*)
SI_UNIT(.KILO.,.GRAM.)
);
#1548=DERIVED_UNIT((#1545,#1546));
#1549=MEASURE_REPRESENTATION_ITEM('density measure',
POSITIVE_RATIO_MEASURE(7850.),#1548);
#1550=PROPERTY_DEFINITION_REPRESENTATION(#1555,#1552);
#1551=PROPERTY_DEFINITION_REPRESENTATION(#1556,#1553);
#1552=REPRESENTATION('material name',(#1554),#2691);
#1553=REPRESENTATION('density',(#1549),#2691);
#1554=DESCRIPTIVE_REPRESENTATION_ITEM('\X2\94A2\X0\','\X2\94A2\X0\');
#1555=PROPERTY_DEFINITION('material property','material name',#2701);
#1556=PROPERTY_DEFINITION('material property','density of part',#2701);
#1557=AXIS2_PLACEMENT_3D('',#2212,#1735,#1736);
#1558=AXIS2_PLACEMENT_3D('',#2213,#1737,#1738);
#1559=AXIS2_PLACEMENT_3D('',#2215,#1739,#1740);
#1560=AXIS2_PLACEMENT_3D('',#2216,#1741,#1742);
#1561=AXIS2_PLACEMENT_3D('',#2218,#1743,#1744);
#1562=AXIS2_PLACEMENT_3D('',#2219,#1745,#1746);
#1563=AXIS2_PLACEMENT_3D('',#2221,#1748,#1749);
#1564=AXIS2_PLACEMENT_3D('',#2224,#1750,#1751);
#1565=AXIS2_PLACEMENT_3D('',#2228,#1753,#1754);
#1566=AXIS2_PLACEMENT_3D('',#2230,#1756,#1757);
#1567=AXIS2_PLACEMENT_3D('',#2236,#1761,#1762);
#1568=AXIS2_PLACEMENT_3D('',#2239,#1763,#1764);
#1569=AXIS2_PLACEMENT_3D('',#2243,#1766,#1767);
#1570=AXIS2_PLACEMENT_3D('',#2245,#1769,#1770);
#1571=AXIS2_PLACEMENT_3D('',#2248,#1773,#1774);
#1572=AXIS2_PLACEMENT_3D('',#2250,#1775,#1776);
#1573=AXIS2_PLACEMENT_3D('',#2253,#1778,#1779);
#1574=AXIS2_PLACEMENT_3D('',#2254,#1780,#1781);
#1575=AXIS2_PLACEMENT_3D('',#2257,#1784,#1785);
#1576=AXIS2_PLACEMENT_3D('',#2260,#1786,#1787);
#1577=AXIS2_PLACEMENT_3D('',#2264,#1789,#1790);
#1578=AXIS2_PLACEMENT_3D('',#2266,#1792,#1793);
#1579=AXIS2_PLACEMENT_3D('',#2272,#1797,#1798);
#1580=AXIS2_PLACEMENT_3D('',#2275,#1799,#1800);
#1581=AXIS2_PLACEMENT_3D('',#2279,#1802,#1803);
#1582=AXIS2_PLACEMENT_3D('',#2281,#1805,#1806);
#1583=AXIS2_PLACEMENT_3D('',#2284,#1809,#1810);
#1584=AXIS2_PLACEMENT_3D('',#2286,#1811,#1812);
#1585=AXIS2_PLACEMENT_3D('',#2289,#1814,#1815);
#1586=AXIS2_PLACEMENT_3D('',#2290,#1816,#1817);
#1587=AXIS2_PLACEMENT_3D('',#2293,#1820,#1821);
#1588=AXIS2_PLACEMENT_3D('',#2296,#1822,#1823);
#1589=AXIS2_PLACEMENT_3D('',#2300,#1825,#1826);
#1590=AXIS2_PLACEMENT_3D('',#2302,#1828,#1829);
#1591=AXIS2_PLACEMENT_3D('',#2308,#1833,#1834);
#1592=AXIS2_PLACEMENT_3D('',#2311,#1835,#1836);
#1593=AXIS2_PLACEMENT_3D('',#2315,#1838,#1839);
#1594=AXIS2_PLACEMENT_3D('',#2317,#1841,#1842);
#1595=AXIS2_PLACEMENT_3D('',#2320,#1845,#1846);
#1596=AXIS2_PLACEMENT_3D('',#2322,#1847,#1848);
#1597=AXIS2_PLACEMENT_3D('',#2325,#1850,#1851);
#1598=AXIS2_PLACEMENT_3D('',#2326,#1852,#1853);
#1599=AXIS2_PLACEMENT_3D('',#2329,#1856,#1857);
#1600=AXIS2_PLACEMENT_3D('',#2332,#1858,#1859);
#1601=AXIS2_PLACEMENT_3D('',#2336,#1861,#1862);
#1602=AXIS2_PLACEMENT_3D('',#2338,#1864,#1865);
#1603=AXIS2_PLACEMENT_3D('',#2344,#1869,#1870);
#1604=AXIS2_PLACEMENT_3D('',#2347,#1871,#1872);
#1605=AXIS2_PLACEMENT_3D('',#2351,#1874,#1875);
#1606=AXIS2_PLACEMENT_3D('',#2353,#1877,#1878);
#1607=AXIS2_PLACEMENT_3D('',#2356,#1881,#1882);
#1608=AXIS2_PLACEMENT_3D('',#2358,#1883,#1884);
#1609=AXIS2_PLACEMENT_3D('',#2361,#1886,#1887);
#1610=AXIS2_PLACEMENT_3D('',#2362,#1888,#1889);
#1611=AXIS2_PLACEMENT_3D('',#2365,#1892,#1893);
#1612=AXIS2_PLACEMENT_3D('',#2367,#1894,#1895);
#1613=AXIS2_PLACEMENT_3D('',#2370,#1897,#1898);
#1614=AXIS2_PLACEMENT_3D('',#2371,#1899,#1900);
#1615=AXIS2_PLACEMENT_3D('',#2373,#1901,#1902);
#1616=AXIS2_PLACEMENT_3D('',#2374,#1903,#1904);
#1617=AXIS2_PLACEMENT_3D('',#2376,#1905,#1906);
#1618=AXIS2_PLACEMENT_3D('',#2379,#1908,#1909);
#1619=AXIS2_PLACEMENT_3D('',#2380,#1910,#1911);
#1620=AXIS2_PLACEMENT_3D('',#2382,#1912,#1913);
#1621=AXIS2_PLACEMENT_3D('',#2383,#1914,#1915);
#1622=AXIS2_PLACEMENT_3D('',#2390,#1919,#1920);
#1623=AXIS2_PLACEMENT_3D('',#2394,#1922,#1923);
#1624=AXIS2_PLACEMENT_3D('',#2399,#1926,#1927);
#1625=AXIS2_PLACEMENT_3D('',#2401,#1928,#1929);
#1626=AXIS2_PLACEMENT_3D('',#2403,#1930,#1931);
#1627=AXIS2_PLACEMENT_3D('',#2405,#1932,#1933);
#1628=AXIS2_PLACEMENT_3D('',#2406,#1934,#1935);
#1629=AXIS2_PLACEMENT_3D('',#2409,#1936,#1937);
#1630=AXIS2_PLACEMENT_3D('',#2412,#1940,#1941);
#1631=AXIS2_PLACEMENT_3D('',#2416,#1944,#1945);
#1632=AXIS2_PLACEMENT_3D('',#2418,#1946,#1947);
#1633=AXIS2_PLACEMENT_3D('',#2420,#1949,#1950);
#1634=AXIS2_PLACEMENT_3D('',#2424,#1953,#1954);
#1635=AXIS2_PLACEMENT_3D('',#2428,#1957,#1958);
#1636=AXIS2_PLACEMENT_3D('',#2431,#1960,#1961);
#1637=AXIS2_PLACEMENT_3D('',#2432,#1962,#1963);
#1638=AXIS2_PLACEMENT_3D('',#2435,#1965,#1966);
#1639=AXIS2_PLACEMENT_3D('',#2436,#1967,#1968);
#1640=AXIS2_PLACEMENT_3D('',#2439,#1970,#1971);
#1641=AXIS2_PLACEMENT_3D('',#2440,#1972,#1973);
#1642=AXIS2_PLACEMENT_3D('',#2443,#1975,#1976);
#1643=AXIS2_PLACEMENT_3D('',#2444,#1977,#1978);
#1644=AXIS2_PLACEMENT_3D('',#2451,#1982,#1983);
#1645=AXIS2_PLACEMENT_3D('',#2455,#1985,#1986);
#1646=AXIS2_PLACEMENT_3D('',#2460,#1989,#1990);
#1647=AXIS2_PLACEMENT_3D('',#2462,#1991,#1992);
#1648=AXIS2_PLACEMENT_3D('',#2464,#1993,#1994);
#1649=AXIS2_PLACEMENT_3D('',#2466,#1995,#1996);
#1650=AXIS2_PLACEMENT_3D('',#2467,#1997,#1998);
#1651=AXIS2_PLACEMENT_3D('',#2470,#1999,#2000);
#1652=AXIS2_PLACEMENT_3D('',#2473,#2003,#2004);
#1653=AXIS2_PLACEMENT_3D('',#2477,#2007,#2008);
#1654=AXIS2_PLACEMENT_3D('',#2483,#2012,#2013);
#1655=AXIS2_PLACEMENT_3D('',#2485,#2014,#2015);
#1656=AXIS2_PLACEMENT_3D('',#2487,#2017,#2018);
#1657=AXIS2_PLACEMENT_3D('',#2489,#2020,#2021);
#1658=AXIS2_PLACEMENT_3D('',#2492,#2023,#2024);
#1659=AXIS2_PLACEMENT_3D('',#2493,#2025,#2026);
#1660=AXIS2_PLACEMENT_3D('',#2496,#2028,#2029);
#1661=AXIS2_PLACEMENT_3D('',#2497,#2030,#2031);
#1662=AXIS2_PLACEMENT_3D('',#2500,#2033,#2034);
#1663=AXIS2_PLACEMENT_3D('',#2501,#2035,#2036);
#1664=AXIS2_PLACEMENT_3D('',#2504,#2038,#2039);
#1665=AXIS2_PLACEMENT_3D('',#2505,#2040,#2041);
#1666=AXIS2_PLACEMENT_3D('',#2507,#2042,#2043);
#1667=AXIS2_PLACEMENT_3D('',#2508,#2044,#2045);
#1668=AXIS2_PLACEMENT_3D('',#2511,#2047,#2048);
#1669=AXIS2_PLACEMENT_3D('',#2512,#2049,#2050);
#1670=AXIS2_PLACEMENT_3D('',#2514,#2051,#2052);
#1671=AXIS2_PLACEMENT_3D('',#2515,#2053,#2054);
#1672=AXIS2_PLACEMENT_3D('',#2518,#2056,#2057);
#1673=AXIS2_PLACEMENT_3D('',#2519,#2058,#2059);
#1674=AXIS2_PLACEMENT_3D('',#2521,#2060,#2061);
#1675=AXIS2_PLACEMENT_3D('',#2522,#2062,#2063);
#1676=AXIS2_PLACEMENT_3D('',#2525,#2065,#2066);
#1677=AXIS2_PLACEMENT_3D('',#2526,#2067,#2068);
#1678=AXIS2_PLACEMENT_3D('',#2528,#2069,#2070);
#1679=AXIS2_PLACEMENT_3D('',#2529,#2071,#2072);
#1680=AXIS2_PLACEMENT_3D('',#2531,#2074,#2075);
#1681=AXIS2_PLACEMENT_3D('',#2533,#2076,#2077);
#1682=AXIS2_PLACEMENT_3D('',#2534,#2078,#2079);
#1683=AXIS2_PLACEMENT_3D('',#2536,#2081,#2082);
#1684=AXIS2_PLACEMENT_3D('',#2538,#2083,#2084);
#1685=AXIS2_PLACEMENT_3D('',#2539,#2085,#2086);
#1686=AXIS2_PLACEMENT_3D('',#2542,#2088,#2089);
#1687=AXIS2_PLACEMENT_3D('',#2543,#2090,#2091);
#1688=AXIS2_PLACEMENT_3D('',#2550,#2096,#2097);
#1689=AXIS2_PLACEMENT_3D('',#2552,#2098,#2099);
#1690=AXIS2_PLACEMENT_3D('',#2554,#2101,#2102);
#1691=AXIS2_PLACEMENT_3D('',#2555,#2103,#2104);
#1692=AXIS2_PLACEMENT_3D('',#2556,#2105,#2106);
#1693=AXIS2_PLACEMENT_3D('',#2557,#2107,#2108);
#1694=AXIS2_PLACEMENT_3D('',#2560,#2110,#2111);
#1695=AXIS2_PLACEMENT_3D('',#2561,#2112,#2113);
#1696=AXIS2_PLACEMENT_3D('',#2562,#2114,#2115);
#1697=AXIS2_PLACEMENT_3D('',#2563,#2116,#2117);
#1698=AXIS2_PLACEMENT_3D('',#2564,#2118,#2119);
#1699=AXIS2_PLACEMENT_3D('',#2565,#2120,#2121);
#1700=AXIS2_PLACEMENT_3D('',#2574,#2126,#2127);
#1701=AXIS2_PLACEMENT_3D('',#2577,#2128,#2129);
#1702=AXIS2_PLACEMENT_3D('',#2579,#2130,#2131);
#1703=AXIS2_PLACEMENT_3D('',#2581,#2132,#2133);
#1704=AXIS2_PLACEMENT_3D('',#2582,#2134,#2135);
#1705=AXIS2_PLACEMENT_3D('',#2583,#2136,#2137);
#1706=AXIS2_PLACEMENT_3D('',#2586,#2138,#2139);
#1707=AXIS2_PLACEMENT_3D('',#2607,#2140,#2141);
#1708=AXIS2_PLACEMENT_3D('',#2613,#2145,#2146);
#1709=AXIS2_PLACEMENT_3D('',#2614,#2147,#2148);
#1710=AXIS2_PLACEMENT_3D('',#2615,#2149,#2150);
#1711=AXIS2_PLACEMENT_3D('',#2616,#2151,#2152);
#1712=AXIS2_PLACEMENT_3D('',#2622,#2156,#2157);
#1713=AXIS2_PLACEMENT_3D('',#2623,#2158,#2159);
#1714=AXIS2_PLACEMENT_3D('',#2624,#2160,#2161);
#1715=AXIS2_PLACEMENT_3D('',#2625,#2162,#2163);
#1716=AXIS2_PLACEMENT_3D('',#2626,#2164,#2165);
#1717=AXIS2_PLACEMENT_3D('',#2627,#2166,#2167);
#1718=AXIS2_PLACEMENT_3D('',#2636,#2172,#2173);
#1719=AXIS2_PLACEMENT_3D('',#2639,#2174,#2175);
#1720=AXIS2_PLACEMENT_3D('',#2641,#2176,#2177);
#1721=AXIS2_PLACEMENT_3D('',#2643,#2178,#2179);
#1722=AXIS2_PLACEMENT_3D('',#2644,#2180,#2181);
#1723=AXIS2_PLACEMENT_3D('',#2645,#2182,#2183);
#1724=AXIS2_PLACEMENT_3D('',#2648,#2184,#2185);
#1725=AXIS2_PLACEMENT_3D('',#2669,#2186,#2187);
#1726=AXIS2_PLACEMENT_3D('',#2675,#2191,#2192);
#1727=AXIS2_PLACEMENT_3D('',#2676,#2193,#2194);
#1728=AXIS2_PLACEMENT_3D('',#2677,#2195,#2196);
#1729=AXIS2_PLACEMENT_3D('',#2678,#2197,#2198);
#1730=AXIS2_PLACEMENT_3D('',#2684,#2202,#2203);
#1731=AXIS2_PLACEMENT_3D('',#2685,#2204,#2205);
#1732=AXIS2_PLACEMENT_3D('',#2686,#2206,#2207);
#1733=AXIS2_PLACEMENT_3D('',#2687,#2208,#2209);
#1734=AXIS2_PLACEMENT_3D('',#2688,#2210,#2211);
#1735=DIRECTION('axis',(0.,0.,1.));
#1736=DIRECTION('refdir',(1.,0.,0.));
#1737=DIRECTION('center_axis',(0.,1.,0.));
#1738=DIRECTION('ref_axis',(-1.22464679914735E-16,0.,-1.));
#1739=DIRECTION('center_axis',(0.,-1.,0.));
#1740=DIRECTION('ref_axis',(1.,0.,0.));
#1741=DIRECTION('center_axis',(0.,1.,0.));
#1742=DIRECTION('ref_axis',(-1.22464679914735E-16,0.,-1.));
#1743=DIRECTION('center_axis',(0.,1.,0.));
#1744=DIRECTION('ref_axis',(1.,0.,0.));
#1745=DIRECTION('center_axis',(0.,1.,0.));
#1746=DIRECTION('ref_axis',(1.,0.,0.));
#1747=DIRECTION('',(0.,1.,0.));
#1748=DIRECTION('center_axis',(0.,0.,-1.));
#1749=DIRECTION('ref_axis',(-0.914090169690742,0.405510988352659,0.));
#1750=DIRECTION('center_axis',(0.,0.,1.));
#1751=DIRECTION('ref_axis',(-0.914090169690742,0.405510988352659,0.));
#1752=DIRECTION('',(0.,0.,-1.));
#1753=DIRECTION('center_axis',(0.,0.,-1.));
#1754=DIRECTION('ref_axis',(-0.914090169690742,0.405510988352659,0.));
#1755=DIRECTION('',(0.,0.,1.));
#1756=DIRECTION('center_axis',(-0.635576127529329,-0.772038202497015,0.));
#1757=DIRECTION('ref_axis',(-0.772038202497015,0.635576127529329,0.));
#1758=DIRECTION('',(-0.772038202497015,0.635576127529329,0.));
#1759=DIRECTION('',(0.,0.,1.));
#1760=DIRECTION('',(0.772038202497015,-0.635576127529329,0.));
#1761=DIRECTION('center_axis',(0.,0.,-1.));
#1762=DIRECTION('ref_axis',(0.756901399113256,0.65352909041633,0.));
#1763=DIRECTION('center_axis',(0.,0.,1.));
#1764=DIRECTION('ref_axis',(0.756901399113256,0.65352909041633,0.));
#1765=DIRECTION('',(0.,0.,-1.));
#1766=DIRECTION('center_axis',(0.,0.,-1.));
#1767=DIRECTION('ref_axis',(0.756901399113256,0.65352909041633,0.));
#1768=DIRECTION('',(0.,0.,1.));
#1769=DIRECTION('center_axis',(0.145799455959216,0.989314165794666,0.));
#1770=DIRECTION('ref_axis',(0.989314165794666,-0.145799455959216,0.));
#1771=DIRECTION('',(-0.989314165794666,0.145799455959216,0.));
#1772=DIRECTION('',(0.989314165794666,-0.145799455959216,0.));
#1773=DIRECTION('center_axis',(0.,0.,-1.));
#1774=DIRECTION('ref_axis',(0.426862900982671,-0.904316351596419,0.));
#1775=DIRECTION('center_axis',(0.,0.,1.));
#1776=DIRECTION('ref_axis',(0.426862900982671,-0.904316351596419,0.));
#1777=DIRECTION('',(0.,0.,-1.));
#1778=DIRECTION('center_axis',(0.,0.,-1.));
#1779=DIRECTION('ref_axis',(0.426862900982671,-0.904316351596419,0.));
#1780=DIRECTION('center_axis',(1.,0.,0.));
#1781=DIRECTION('ref_axis',(0.,-1.,0.));
#1782=DIRECTION('',(0.,1.,0.));
#1783=DIRECTION('',(0.,-1.,0.));
#1784=DIRECTION('center_axis',(0.,0.,-1.));
#1785=DIRECTION('ref_axis',(-0.42686290098278,-0.904316351596368,0.));
#1786=DIRECTION('center_axis',(0.,0.,1.));
#1787=DIRECTION('ref_axis',(-0.42686290098278,-0.904316351596368,0.));
#1788=DIRECTION('',(0.,0.,-1.));
#1789=DIRECTION('center_axis',(0.,0.,-1.));
#1790=DIRECTION('ref_axis',(-0.42686290098278,-0.904316351596368,0.));
#1791=DIRECTION('',(0.,0.,1.));
#1792=DIRECTION('center_axis',(0.635576127529117,-0.77203820249719,0.));
#1793=DIRECTION('ref_axis',(-0.77203820249719,-0.635576127529117,0.));
#1794=DIRECTION('',(-0.77203820249719,-0.635576127529117,0.));
#1795=DIRECTION('',(0.,0.,1.));
#1796=DIRECTION('',(0.77203820249719,0.635576127529117,0.));
#1797=DIRECTION('center_axis',(0.,0.,-1.));
#1798=DIRECTION('ref_axis',(-0.756901361632645,0.653529133825454,0.));
#1799=DIRECTION('center_axis',(0.,0.,1.));
#1800=DIRECTION('ref_axis',(-0.756901361632645,0.653529133825454,0.));
#1801=DIRECTION('',(0.,0.,-1.));
#1802=DIRECTION('center_axis',(0.,0.,-1.));
#1803=DIRECTION('ref_axis',(-0.756901361632645,0.653529133825454,0.));
#1804=DIRECTION('',(0.,0.,1.));
#1805=DIRECTION('center_axis',(-1.,0.,0.));
#1806=DIRECTION('ref_axis',(0.,1.,0.));
#1807=DIRECTION('',(0.,-1.,0.));
#1808=DIRECTION('',(0.,1.,0.));
#1809=DIRECTION('center_axis',(0.,0.,-1.));
#1810=DIRECTION('ref_axis',(0.914090192947292,0.405510935928468,0.));
#1811=DIRECTION('center_axis',(0.,0.,1.));
#1812=DIRECTION('ref_axis',(0.914090192947292,0.405510935928468,0.));
#1813=DIRECTION('',(0.,0.,-1.));
#1814=DIRECTION('center_axis',(0.,0.,-1.));
#1815=DIRECTION('ref_axis',(0.914090192947292,0.405510935928468,0.));
#1816=DIRECTION('center_axis',(-0.145799342482701,0.989314182518179,0.));
#1817=DIRECTION('ref_axis',(0.989314182518179,0.145799342482701,0.));
#1818=DIRECTION('',(-0.989314182518179,-0.145799342482701,0.));
#1819=DIRECTION('',(0.989314182518179,0.145799342482701,0.));
#1820=DIRECTION('center_axis',(0.,0.,-1.));
#1821=DIRECTION('ref_axis',(0.914090143040083,-0.405511048427735,0.));
#1822=DIRECTION('center_axis',(0.,0.,1.));
#1823=DIRECTION('ref_axis',(0.914090143040083,-0.405511048427735,0.));
#1824=DIRECTION('',(0.,0.,-1.));
#1825=DIRECTION('center_axis',(0.,0.,-1.));
#1826=DIRECTION('ref_axis',(0.914090143040083,-0.405511048427735,0.));
#1827=DIRECTION('',(0.,0.,1.));
#1828=DIRECTION('center_axis',(0.635576127529209,0.772038202497114,0.));
#1829=DIRECTION('ref_axis',(0.772038202497114,-0.635576127529209,0.));
#1830=DIRECTION('',(0.772038202497114,-0.635576127529209,0.));
#1831=DIRECTION('',(0.,0.,1.));
#1832=DIRECTION('',(-0.772038202497114,0.635576127529209,0.));
#1833=DIRECTION('center_axis',(0.,0.,-1.));
#1834=DIRECTION('ref_axis',(-0.75690144206401,-0.653529040671815,0.));
#1835=DIRECTION('center_axis',(0.,0.,1.));
#1836=DIRECTION('ref_axis',(-0.75690144206401,-0.653529040671815,0.));
#1837=DIRECTION('',(0.,0.,-1.));
#1838=DIRECTION('center_axis',(0.,0.,-1.));
#1839=DIRECTION('ref_axis',(-0.75690144206401,-0.653529040671815,0.));
#1840=DIRECTION('',(0.,0.,1.));
#1841=DIRECTION('center_axis',(-0.145799585997156,-0.989314146630411,0.));
#1842=DIRECTION('ref_axis',(-0.989314146630411,0.145799585997156,0.));
#1843=DIRECTION('',(0.989314146630411,-0.145799585997156,0.));
#1844=DIRECTION('',(-0.989314146630411,0.145799585997156,0.));
#1845=DIRECTION('center_axis',(0.,0.,-1.));
#1846=DIRECTION('ref_axis',(-0.426862900982725,0.904316351596393,0.));
#1847=DIRECTION('center_axis',(0.,0.,1.));
#1848=DIRECTION('ref_axis',(-0.426862900982725,0.904316351596393,0.));
#1849=DIRECTION('',(0.,0.,-1.));
#1850=DIRECTION('center_axis',(0.,0.,-1.));
#1851=DIRECTION('ref_axis',(-0.426862900982725,0.904316351596393,0.));
#1852=DIRECTION('center_axis',(-1.,0.,0.));
#1853=DIRECTION('ref_axis',(0.,1.,0.));
#1854=DIRECTION('',(0.,-1.,0.));
#1855=DIRECTION('',(0.,1.,0.));
#1856=DIRECTION('center_axis',(0.,0.,-1.));
#1857=DIRECTION('ref_axis',(0.426862900982745,0.904316351596384,0.));
#1858=DIRECTION('center_axis',(0.,0.,1.));
#1859=DIRECTION('ref_axis',(0.426862900982745,0.904316351596384,0.));
#1860=DIRECTION('',(0.,0.,-1.));
#1861=DIRECTION('center_axis',(0.,0.,-1.));
#1862=DIRECTION('ref_axis',(0.426862900982745,0.904316351596384,0.));
#1863=DIRECTION('',(0.,0.,1.));
#1864=DIRECTION('center_axis',(-0.635576127529181,0.772038202497137,0.));
#1865=DIRECTION('ref_axis',(0.772038202497137,0.635576127529181,0.));
#1866=DIRECTION('',(0.772038202497137,0.635576127529181,0.));
#1867=DIRECTION('',(0.,0.,1.));
#1868=DIRECTION('',(-0.772038202497137,-0.635576127529181,0.));
#1869=DIRECTION('center_axis',(0.,0.,-1.));
#1870=DIRECTION('ref_axis',(0.756901315851878,-0.653529186847608,0.));
#1871=DIRECTION('center_axis',(0.,0.,1.));
#1872=DIRECTION('ref_axis',(0.756901315851878,-0.653529186847608,0.));
#1873=DIRECTION('',(0.,0.,-1.));
#1874=DIRECTION('center_axis',(0.,0.,-1.));
#1875=DIRECTION('ref_axis',(0.756901315851878,-0.653529186847608,0.));
#1876=DIRECTION('',(0.,0.,1.));
#1877=DIRECTION('center_axis',(1.,0.,0.));
#1878=DIRECTION('ref_axis',(0.,-1.,0.));
#1879=DIRECTION('',(0.,1.,0.));
#1880=DIRECTION('',(0.,-1.,0.));
#1881=DIRECTION('center_axis',(0.,0.,-1.));
#1882=DIRECTION('ref_axis',(-0.91409022135398,-0.405510871894986,0.));
#1883=DIRECTION('center_axis',(0.,0.,1.));
#1884=DIRECTION('ref_axis',(-0.91409022135398,-0.405510871894986,0.));
#1885=DIRECTION('',(0.,0.,-1.));
#1886=DIRECTION('center_axis',(0.,0.,-1.));
#1887=DIRECTION('ref_axis',(-0.91409022135398,-0.405510871894986,0.));
#1888=DIRECTION('center_axis',(0.145799203876608,-0.989314202945125,0.));
#1889=DIRECTION('ref_axis',(-0.989314202945125,-0.145799203876608,0.));
#1890=DIRECTION('',(0.989314202945125,0.145799203876608,0.));
#1891=DIRECTION('',(-0.989314202945125,-0.145799203876608,0.));
#1892=DIRECTION('center_axis',(0.,0.,1.));
#1893=DIRECTION('ref_axis',(1.,0.,0.));
#1894=DIRECTION('center_axis',(0.,0.,1.));
#1895=DIRECTION('ref_axis',(1.,0.,0.));
#1896=DIRECTION('',(0.,0.,1.));
#1897=DIRECTION('center_axis',(0.,0.,1.));
#1898=DIRECTION('ref_axis',(1.,0.,0.));
#1899=DIRECTION('center_axis',(0.,0.,-1.));
#1900=DIRECTION('ref_axis',(1.,0.,0.));
#1901=DIRECTION('center_axis',(0.,0.,-1.));
#1902=DIRECTION('ref_axis',(1.,0.,0.));
#1903=DIRECTION('center_axis',(0.,0.,1.));
#1904=DIRECTION('ref_axis',(1.,0.,0.));
#1905=DIRECTION('center_axis',(0.,0.,1.));
#1906=DIRECTION('ref_axis',(1.,0.,0.));
#1907=DIRECTION('',(0.,0.,1.));
#1908=DIRECTION('center_axis',(0.,0.,1.));
#1909=DIRECTION('ref_axis',(1.,0.,0.));
#1910=DIRECTION('center_axis',(0.,0.,-1.));
#1911=DIRECTION('ref_axis',(1.,0.,0.));
#1912=DIRECTION('center_axis',(0.,0.,-1.));
#1913=DIRECTION('ref_axis',(1.,0.,0.));
#1914=DIRECTION('center_axis',(0.,0.,1.));
#1915=DIRECTION('ref_axis',(1.,0.,0.));
#1916=DIRECTION('',(0.,-1.,0.));
#1917=DIRECTION('',(0.,-1.,0.));
#1918=DIRECTION('',(-0.772038202497125,-0.635576127529196,0.));
#1919=DIRECTION('center_axis',(0.,0.,1.));
#1920=DIRECTION('ref_axis',(1.,0.,0.));
#1921=DIRECTION('',(4.07451510539351E-13,-1.,0.));
#1922=DIRECTION('center_axis',(0.,0.,1.));
#1923=DIRECTION('ref_axis',(1.,0.,0.));
#1924=DIRECTION('',(0.772038202497038,-0.635576127529301,0.));
#1925=DIRECTION('',(0.,-1.,0.));
#1926=DIRECTION('center_axis',(0.,0.,-1.));
#1927=DIRECTION('ref_axis',(1.,0.,0.));
#1928=DIRECTION('center_axis',(0.,0.,-1.));
#1929=DIRECTION('ref_axis',(1.,0.,0.));
#1930=DIRECTION('center_axis',(0.,0.,-1.));
#1931=DIRECTION('ref_axis',(1.,0.,0.));
#1932=DIRECTION('center_axis',(0.,0.,-1.));
#1933=DIRECTION('ref_axis',(1.,0.,0.));
#1934=DIRECTION('center_axis',(0.,0.,1.));
#1935=DIRECTION('ref_axis',(1.,0.,0.));
#1936=DIRECTION('center_axis',(0.,0.,1.));
#1937=DIRECTION('ref_axis',(1.,0.,0.));
#1938=DIRECTION('',(0.,0.,1.));
#1939=DIRECTION('',(0.,0.,1.));
#1940=DIRECTION('center_axis',(-1.,-4.07451510539351E-13,0.));
#1941=DIRECTION('ref_axis',(4.07451510539351E-13,-1.,0.));
#1942=DIRECTION('',(4.07451510539351E-13,-1.,0.));
#1943=DIRECTION('',(0.,0.,1.));
#1944=DIRECTION('center_axis',(0.,0.,1.));
#1945=DIRECTION('ref_axis',(1.,0.,0.));
#1946=DIRECTION('center_axis',(0.,0.,1.));
#1947=DIRECTION('ref_axis',(1.,0.,0.));
#1948=DIRECTION('',(0.,0.,1.));
#1949=DIRECTION('center_axis',(-0.635576127529301,-0.772038202497038,0.));
#1950=DIRECTION('ref_axis',(0.772038202497038,-0.635576127529301,0.));
#1951=DIRECTION('',(0.772038202497038,-0.635576127529301,0.));
#1952=DIRECTION('',(0.,0.,-1.));
#1953=DIRECTION('center_axis',(-0.635576127529196,0.772038202497125,0.));
#1954=DIRECTION('ref_axis',(-0.772038202497125,-0.635576127529196,0.));
#1955=DIRECTION('',(0.772038202497125,0.635576127529196,0.));
#1956=DIRECTION('',(0.,0.,1.));
#1957=DIRECTION('center_axis',(0.,0.,1.));
#1958=DIRECTION('ref_axis',(1.,0.,0.));
#1959=DIRECTION('',(0.,0.,-1.));
#1960=DIRECTION('center_axis',(0.,0.,-1.));
#1961=DIRECTION('ref_axis',(1.,0.,0.));
#1962=DIRECTION('center_axis',(0.,0.,1.));
#1963=DIRECTION('ref_axis',(1.,0.,0.));
#1964=DIRECTION('',(0.,0.,-1.));
#1965=DIRECTION('center_axis',(0.,0.,-1.));
#1966=DIRECTION('ref_axis',(1.,0.,0.));
#1967=DIRECTION('center_axis',(0.,0.,1.));
#1968=DIRECTION('ref_axis',(1.,0.,0.));
#1969=DIRECTION('',(0.,0.,-1.));
#1970=DIRECTION('center_axis',(0.,0.,-1.));
#1971=DIRECTION('ref_axis',(1.,0.,0.));
#1972=DIRECTION('center_axis',(0.,0.,1.));
#1973=DIRECTION('ref_axis',(1.,0.,0.));
#1974=DIRECTION('',(0.,0.,-1.));
#1975=DIRECTION('center_axis',(0.,0.,-1.));
#1976=DIRECTION('ref_axis',(1.,0.,0.));
#1977=DIRECTION('center_axis',(0.,0.,1.));
#1978=DIRECTION('ref_axis',(1.,0.,0.));
#1979=DIRECTION('',(0.,1.,0.));
#1980=DIRECTION('',(0.,1.,0.));
#1981=DIRECTION('',(0.772038202497189,0.635576127529117,0.));
#1982=DIRECTION('center_axis',(0.,0.,1.));
#1983=DIRECTION('ref_axis',(1.,0.,0.));
#1984=DIRECTION('',(-5.34850520492595E-13,1.,0.));
#1985=DIRECTION('center_axis',(0.,0.,1.));
#1986=DIRECTION('ref_axis',(1.,0.,0.));
#1987=DIRECTION('',(-0.772038202497114,0.635576127529209,0.));
#1988=DIRECTION('',(0.,1.,0.));
#1989=DIRECTION('center_axis',(0.,0.,-1.));
#1990=DIRECTION('ref_axis',(1.,0.,0.));
#1991=DIRECTION('center_axis',(0.,0.,-1.));
#1992=DIRECTION('ref_axis',(1.,0.,0.));
#1993=DIRECTION('center_axis',(0.,0.,-1.));
#1994=DIRECTION('ref_axis',(1.,0.,0.));
#1995=DIRECTION('center_axis',(0.,0.,-1.));
#1996=DIRECTION('ref_axis',(1.,0.,0.));
#1997=DIRECTION('center_axis',(0.,0.,1.));
#1998=DIRECTION('ref_axis',(1.,0.,0.));
#1999=DIRECTION('center_axis',(0.,0.,1.));
#2000=DIRECTION('ref_axis',(1.,0.,0.));
#2001=DIRECTION('',(0.,0.,1.));
#2002=DIRECTION('',(0.,0.,1.));
#2003=DIRECTION('center_axis',(0.635576127529209,0.772038202497114,0.));
#2004=DIRECTION('ref_axis',(-0.772038202497114,0.635576127529209,0.));
#2005=DIRECTION('',(0.772038202497114,-0.635576127529209,0.));
#2006=DIRECTION('',(0.,0.,-1.));
#2007=DIRECTION('center_axis',(0.635576127529117,-0.772038202497189,0.));
#2008=DIRECTION('ref_axis',(0.772038202497189,0.635576127529117,0.));
#2009=DIRECTION('',(-0.772038202497189,-0.635576127529117,0.));
#2010=DIRECTION('',(0.,0.,1.));
#2011=DIRECTION('',(0.,0.,1.));
#2012=DIRECTION('center_axis',(0.,0.,1.));
#2013=DIRECTION('ref_axis',(1.,0.,0.));
#2014=DIRECTION('center_axis',(0.,0.,1.));
#2015=DIRECTION('ref_axis',(1.,0.,0.));
#2016=DIRECTION('',(0.,0.,1.));
#2017=DIRECTION('center_axis',(1.,5.34850520492595E-13,0.));
#2018=DIRECTION('ref_axis',(-5.34850520492595E-13,1.,0.));
#2019=DIRECTION('',(5.34850520492595E-13,-1.,0.));
#2020=DIRECTION('center_axis',(0.,0.,1.));
#2021=DIRECTION('ref_axis',(1.,0.,0.));
#2022=DIRECTION('',(0.,0.,-1.));
#2023=DIRECTION('center_axis',(0.,0.,-1.));
#2024=DIRECTION('ref_axis',(1.,0.,0.));
#2025=DIRECTION('center_axis',(0.,0.,1.));
#2026=DIRECTION('ref_axis',(1.,0.,0.));
#2027=DIRECTION('',(0.,0.,-1.));
#2028=DIRECTION('center_axis',(0.,0.,-1.));
#2029=DIRECTION('ref_axis',(1.,0.,0.));
#2030=DIRECTION('center_axis',(0.,0.,1.));
#2031=DIRECTION('ref_axis',(1.,0.,0.));
#2032=DIRECTION('',(0.,0.,-1.));
#2033=DIRECTION('center_axis',(0.,0.,-1.));
#2034=DIRECTION('ref_axis',(1.,0.,0.));
#2035=DIRECTION('center_axis',(0.,0.,1.));
#2036=DIRECTION('ref_axis',(1.,0.,0.));
#2037=DIRECTION('',(0.,0.,-1.));
#2038=DIRECTION('center_axis',(0.,0.,-1.));
#2039=DIRECTION('ref_axis',(1.,0.,0.));
#2040=DIRECTION('center_axis',(0.,0.,1.));
#2041=DIRECTION('ref_axis',(1.,0.,0.));
#2042=DIRECTION('center_axis',(0.,0.,-1.));
#2043=DIRECTION('ref_axis',(1.,0.,0.));
#2044=DIRECTION('center_axis',(0.,0.,1.));
#2045=DIRECTION('ref_axis',(1.,0.,0.));
#2046=DIRECTION('',(0.,0.,-1.));
#2047=DIRECTION('center_axis',(0.,0.,-1.));
#2048=DIRECTION('ref_axis',(1.,0.,0.));
#2049=DIRECTION('center_axis',(0.,0.,1.));
#2050=DIRECTION('ref_axis',(1.,0.,0.));
#2051=DIRECTION('center_axis',(0.,0.,-1.));
#2052=DIRECTION('ref_axis',(1.,0.,0.));
#2053=DIRECTION('center_axis',(0.,0.,1.));
#2054=DIRECTION('ref_axis',(1.,0.,0.));
#2055=DIRECTION('',(0.,0.,-1.));
#2056=DIRECTION('center_axis',(0.,0.,-1.));
#2057=DIRECTION('ref_axis',(1.,0.,0.));
#2058=DIRECTION('center_axis',(0.,0.,1.));
#2059=DIRECTION('ref_axis',(1.,0.,0.));
#2060=DIRECTION('center_axis',(0.,0.,-1.));
#2061=DIRECTION('ref_axis',(1.,0.,0.));
#2062=DIRECTION('center_axis',(0.,0.,1.));
#2063=DIRECTION('ref_axis',(1.,0.,0.));
#2064=DIRECTION('',(0.,0.,-1.));
#2065=DIRECTION('center_axis',(0.,0.,-1.));
#2066=DIRECTION('ref_axis',(1.,0.,0.));
#2067=DIRECTION('center_axis',(0.,0.,1.));
#2068=DIRECTION('ref_axis',(1.,0.,0.));
#2069=DIRECTION('center_axis',(0.,0.,-1.));
#2070=DIRECTION('ref_axis',(1.,0.,0.));
#2071=DIRECTION('center_axis',(0.,0.,1.));
#2072=DIRECTION('ref_axis',(1.,0.,0.));
#2073=DIRECTION('',(0.,0.,-1.));
#2074=DIRECTION('center_axis',(0.,0.,1.));
#2075=DIRECTION('ref_axis',(1.,0.,0.));
#2076=DIRECTION('center_axis',(0.,0.,-1.));
#2077=DIRECTION('ref_axis',(1.,0.,0.));
#2078=DIRECTION('center_axis',(0.,0.,1.));
#2079=DIRECTION('ref_axis',(1.,0.,0.));
#2080=DIRECTION('',(0.,0.,-1.));
#2081=DIRECTION('center_axis',(0.,0.,1.));
#2082=DIRECTION('ref_axis',(1.,0.,0.));
#2083=DIRECTION('center_axis',(0.,0.,-1.));
#2084=DIRECTION('ref_axis',(1.,0.,0.));
#2085=DIRECTION('center_axis',(0.,0.,1.));
#2086=DIRECTION('ref_axis',(1.,0.,0.));
#2087=DIRECTION('',(0.,0.,-1.));
#2088=DIRECTION('center_axis',(0.,0.,-1.));
#2089=DIRECTION('ref_axis',(1.,0.,0.));
#2090=DIRECTION('center_axis',(0.,0.,1.));
#2091=DIRECTION('ref_axis',(1.,0.,0.));
#2092=DIRECTION('',(1.,0.,0.));
#2093=DIRECTION('',(-1.,0.,0.));
#2094=DIRECTION('',(-1.,0.,0.));
#2095=DIRECTION('',(1.,0.,0.));
#2096=DIRECTION('center_axis',(0.,1.,0.));
#2097=DIRECTION('ref_axis',(1.,0.,0.));
#2098=DIRECTION('center_axis',(0.,-1.,0.));
#2099=DIRECTION('ref_axis',(1.,0.,0.));
#2100=DIRECTION('',(0.,1.,0.));
#2101=DIRECTION('center_axis',(0.,-1.,0.));
#2102=DIRECTION('ref_axis',(1.,0.,0.));
#2103=DIRECTION('center_axis',(0.,-1.,0.));
#2104=DIRECTION('ref_axis',(1.,0.,0.));
#2105=DIRECTION('center_axis',(0.,1.,0.));
#2106=DIRECTION('ref_axis',(1.,0.,0.));
#2107=DIRECTION('center_axis',(0.,1.,0.));
#2108=DIRECTION('ref_axis',(1.,0.,0.));
#2109=DIRECTION('',(0.,1.,0.));
#2110=DIRECTION('center_axis',(0.,1.,0.));
#2111=DIRECTION('ref_axis',(1.,0.,0.));
#2112=DIRECTION('center_axis',(0.,1.,0.));
#2113=DIRECTION('ref_axis',(0.,0.,-1.));
#2114=DIRECTION('center_axis',(0.,-1.,0.));
#2115=DIRECTION('ref_axis',(0.,0.,1.));
#2116=DIRECTION('center_axis',(0.,-1.,0.));
#2117=DIRECTION('ref_axis',(0.,0.,-1.));
#2118=DIRECTION('center_axis',(0.,1.,0.));
#2119=DIRECTION('ref_axis',(0.,0.,1.));
#2120=DIRECTION('center_axis',(0.,1.,0.));
#2121=DIRECTION('ref_axis',(-1.,0.,0.));
#2122=DIRECTION('',(1.22464679914735E-16,0.,1.));
#2123=DIRECTION('',(-1.,0.,1.22464679914735E-16));
#2124=DIRECTION('',(-1.22464679914735E-16,0.,-1.));
#2125=DIRECTION('',(1.,0.,-1.22464679914735E-16));
#2126=DIRECTION('center_axis',(-1.22272529652579E-16,0.,-1.));
#2127=DIRECTION('ref_axis',(0.0031380519230465,-0.999995076302943,0.));
#2128=DIRECTION('center_axis',(1.22464679914735E-16,0.,1.));
#2129=DIRECTION('ref_axis',(0.,1.,0.));
#2130=DIRECTION('center_axis',(-1.,0.,1.22464679914735E-16));
#2131=DIRECTION('ref_axis',(-1.22464679914735E-16,0.,-1.));
#2132=DIRECTION('center_axis',(-1.22464679914735E-16,0.,-1.));
#2133=DIRECTION('ref_axis',(-1.,0.,1.22464679914735E-16));
#2134=DIRECTION('center_axis',(-1.,0.,1.22464679914735E-16));
#2135=DIRECTION('ref_axis',(-1.22464679914735E-16,0.,-1.));
#2136=DIRECTION('center_axis',(1.22464679914735E-16,0.,1.));
#2137=DIRECTION('ref_axis',(8.26946079742758E-16,-1.,-8.03866411570325E-32));
#2138=DIRECTION('center_axis',(-1.22464679914735E-16,0.,-1.));
#2139=DIRECTION('ref_axis',(-1.,0.,1.22464679914735E-16));
#2140=DIRECTION('center_axis',(-1.,0.,1.22464679914735E-16));
#2141=DIRECTION('ref_axis',(-1.22464679914735E-16,0.,-1.));
#2142=DIRECTION('',(0.,1.,0.));
#2143=DIRECTION('',(-1.22464679914735E-16,0.,-1.));
#2144=DIRECTION('',(0.,1.,0.));
#2145=DIRECTION('center_axis',(-1.22464679914735E-16,0.,-1.));
#2146=DIRECTION('ref_axis',(0.982406627155271,0.186754434810542,-1.20310113140685E-16));
#2147=DIRECTION('center_axis',(-1.22464679914735E-16,0.,-1.));
#2148=DIRECTION('ref_axis',(-1.,0.,1.22464679914735E-16));
#2149=DIRECTION('center_axis',(-1.22464679914735E-16,0.,-1.));
#2150=DIRECTION('ref_axis',(-1.,0.,1.22464679914735E-16));
#2151=DIRECTION('center_axis',(-1.,0.,1.22464679914735E-16));
#2152=DIRECTION('ref_axis',(-1.22464679914735E-16,0.,-1.));
#2153=DIRECTION('',(0.,1.,0.));
#2154=DIRECTION('',(0.,1.,0.));
#2155=DIRECTION('',(-1.22464679914735E-16,0.,-1.));
#2156=DIRECTION('center_axis',(-1.22464679914735E-16,0.,-1.));
#2157=DIRECTION('ref_axis',(-1.,0.,1.22464679914735E-16));
#2158=DIRECTION('center_axis',(-1.22464679914735E-16,0.,-1.));
#2159=DIRECTION('ref_axis',(-1.,0.,1.22464679914735E-16));
#2160=DIRECTION('center_axis',(-1.22464679914735E-16,0.,-1.));
#2161=DIRECTION('ref_axis',(-1.,0.,1.22464679914735E-16));
#2162=DIRECTION('center_axis',(-1.22464679914735E-16,0.,-1.));
#2163=DIRECTION('ref_axis',(-1.,0.,1.22464679914735E-16));
#2164=DIRECTION('center_axis',(-1.22464679914735E-16,0.,-1.));
#2165=DIRECTION('ref_axis',(-1.,0.,1.22464679914735E-16));
#2166=DIRECTION('center_axis',(0.,-1.,0.));
#2167=DIRECTION('ref_axis',(1.,0.,0.));
#2168=DIRECTION('',(-1.22464679914735E-16,0.,-1.));
#2169=DIRECTION('',(-1.,0.,1.22464679914735E-16));
#2170=DIRECTION('',(1.22464679914735E-16,0.,1.));
#2171=DIRECTION('',(1.,0.,-1.22464679914735E-16));
#2172=DIRECTION('center_axis',(-1.22656830176891E-16,0.,-1.));
#2173=DIRECTION('ref_axis',(-0.00313805192304282,-0.999995076302943,0.));
#2174=DIRECTION('center_axis',(-1.22464679914735E-16,0.,-1.));
#2175=DIRECTION('ref_axis',(0.,-1.,0.));
#2176=DIRECTION('center_axis',(1.,0.,-1.22464679914735E-16));
#2177=DIRECTION('ref_axis',(-1.22464679914735E-16,0.,-1.));
#2178=DIRECTION('center_axis',(1.22464679914735E-16,0.,1.));
#2179=DIRECTION('ref_axis',(-1.,0.,1.22464679914735E-16));
#2180=DIRECTION('center_axis',(1.,0.,-1.22464679914735E-16));
#2181=DIRECTION('ref_axis',(-1.22464679914735E-16,0.,-1.));
#2182=DIRECTION('center_axis',(1.22464679914735E-16,0.,1.));
#2183=DIRECTION('ref_axis',(8.26946079742758E-16,1.,-8.03866411570325E-32));
#2184=DIRECTION('center_axis',(1.22464679914735E-16,0.,1.));
#2185=DIRECTION('ref_axis',(-1.,0.,1.22464679914735E-16));
#2186=DIRECTION('center_axis',(1.,0.,-1.22464679914735E-16));
#2187=DIRECTION('ref_axis',(-1.22464679914735E-16,0.,-1.));
#2188=DIRECTION('',(0.,-1.,0.));
#2189=DIRECTION('',(0.,-1.,0.));
#2190=DIRECTION('',(-1.22464679914735E-16,0.,-1.));
#2191=DIRECTION('center_axis',(1.22464679914735E-16,0.,1.));
#2192=DIRECTION('ref_axis',(0.98240662715527,-0.186754434810544,-1.20310113140685E-16));
#2193=DIRECTION('center_axis',(1.22464679914735E-16,0.,1.));
#2194=DIRECTION('ref_axis',(-1.,0.,1.22464679914735E-16));
#2195=DIRECTION('center_axis',(1.22464679914735E-16,0.,1.));
#2196=DIRECTION('ref_axis',(-1.,0.,1.22464679914735E-16));
#2197=DIRECTION('center_axis',(1.,0.,-1.22464679914735E-16));
#2198=DIRECTION('ref_axis',(-1.22464679914735E-16,0.,-1.));
#2199=DIRECTION('',(0.,-1.,0.));
#2200=DIRECTION('',(-1.22464679914735E-16,0.,-1.));
#2201=DIRECTION('',(0.,-1.,0.));
#2202=DIRECTION('center_axis',(1.22464679914735E-16,0.,1.));
#2203=DIRECTION('ref_axis',(-1.,0.,1.22464679914735E-16));
#2204=DIRECTION('center_axis',(1.22464679914735E-16,0.,1.));
#2205=DIRECTION('ref_axis',(-1.,0.,1.22464679914735E-16));
#2206=DIRECTION('center_axis',(1.22464679914735E-16,0.,1.));
#2207=DIRECTION('ref_axis',(-1.,0.,1.22464679914735E-16));
#2208=DIRECTION('center_axis',(1.22464679914735E-16,0.,1.));
#2209=DIRECTION('ref_axis',(-1.,0.,1.22464679914735E-16));
#2210=DIRECTION('center_axis',(1.22464679914735E-16,0.,1.));
#2211=DIRECTION('ref_axis',(-1.,0.,1.22464679914735E-16));
#2212=CARTESIAN_POINT('',(0.,0.,0.));
#2213=CARTESIAN_POINT('Origin',(2.5,-45.5,5.9));
#2214=CARTESIAN_POINT('',(-1.5,-45.5,4.));
#2215=CARTESIAN_POINT('Origin',(-2.77555756156289E-16,-45.5,4.));
#2216=CARTESIAN_POINT('Origin',(2.5,45.5,5.9));
#2217=CARTESIAN_POINT('',(-1.5,45.5,4.));
#2218=CARTESIAN_POINT('Origin',(-2.77555756156289E-16,45.5,4.));
#2219=CARTESIAN_POINT('Origin',(-2.77555756156289E-16,-40.,4.));
#2220=CARTESIAN_POINT('',(-1.5,-40.,4.));
#2221=CARTESIAN_POINT('Origin',(-19.7718586656195,-13.1300875882694,4.));
#2222=CARTESIAN_POINT('',(-19.6989589376399,-12.6354305053721,4.));
#2223=CARTESIAN_POINT('',(-20.0896467293841,-13.5161066895179,4.));
#2224=CARTESIAN_POINT('Origin',(-19.7718586656195,-13.1300875882694,4.));
#2225=CARTESIAN_POINT('',(-20.0896467293841,-13.5161066895179,-2.77555756156289E-16));
#2226=CARTESIAN_POINT('',(-20.0896467293841,-13.5161066895179,4.));
#2227=CARTESIAN_POINT('',(-19.6989589376399,-12.6354305053721,2.77555756156289E-16));
#2228=CARTESIAN_POINT('Origin',(-19.7718586656195,-13.1300875882694,0.));
#2229=CARTESIAN_POINT('',(-19.6989589376399,-12.6354305053721,4.));
#2230=CARTESIAN_POINT('Origin',(-4.,-26.7618182728336,4.));
#2231=CARTESIAN_POINT('',(-4.81778806376466,-26.0885788281712,4.));
#2232=CARTESIAN_POINT('',(-14.1421235229936,-18.4123718687312,4.));
#2233=CARTESIAN_POINT('',(-4.81778806376466,-26.0885788281712,-2.77555756156289E-16));
#2234=CARTESIAN_POINT('',(-4.81778806376466,-26.0885788281712,4.));
#2235=CARTESIAN_POINT('',(-9.37377963407497,-22.3378842771133,-2.77555756156289E-16));
#2236=CARTESIAN_POINT('Origin',(-4.5,-15.3807666565761,4.));
#2237=CARTESIAN_POINT('',(-4.,-15.3807666565761,4.));
#2238=CARTESIAN_POINT('',(-4.42710027202039,-14.8861095736788,4.));
#2239=CARTESIAN_POINT('Origin',(-4.5,-15.3807666565761,4.));
#2240=CARTESIAN_POINT('',(-4.42710027202039,-14.8861095736788,2.77555756156289E-16));
#2241=CARTESIAN_POINT('',(-4.42710027202039,-14.8861095736788,4.));
#2242=CARTESIAN_POINT('',(-4.,-15.3807666565761,0.));
#2243=CARTESIAN_POINT('Origin',(-4.5,-15.3807666565761,0.));
#2244=CARTESIAN_POINT('',(-4.,-15.3807666565761,4.));
#2245=CARTESIAN_POINT('Origin',(-21.4778624155462,-12.3732658985665,4.));
#2246=CARTESIAN_POINT('',(-11.8595828510232,-13.7907528569633,2.77555756156289E-16));
#2247=CARTESIAN_POINT('',(-19.6895230001592,-12.6368211197984,4.));
#2248=CARTESIAN_POINT('Origin',(-4.5,-25.7025597269227,4.));
#2249=CARTESIAN_POINT('',(-4.,-25.7025597269227,4.));
#2250=CARTESIAN_POINT('Origin',(-4.5,-25.7025597269227,4.));
#2251=CARTESIAN_POINT('',(-4.,-25.7025597269227,0.));
#2252=CARTESIAN_POINT('',(-4.,-25.7025597269227,4.));
#2253=CARTESIAN_POINT('Origin',(-4.5,-25.7025597269227,0.));
#2254=CARTESIAN_POINT('Origin',(-4.,-14.9490531657687,4.));
#2255=CARTESIAN_POINT('',(-4.,-7.47452658288437,0.));
#2256=CARTESIAN_POINT('',(-4.,20.0000000000001,4.));
#2257=CARTESIAN_POINT('Origin',(4.5,-25.7025597269241,4.));
#2258=CARTESIAN_POINT('',(4.,-25.7025597269241,4.));
#2259=CARTESIAN_POINT('',(4.81778806376456,-26.0885788281727,4.));
#2260=CARTESIAN_POINT('Origin',(4.5,-25.7025597269241,4.));
#2261=CARTESIAN_POINT('',(4.81778806376456,-26.0885788281727,0.));
#2262=CARTESIAN_POINT('',(4.81778806376456,-26.0885788281727,4.));
#2263=CARTESIAN_POINT('',(4.,-25.7025597269241,0.));
#2264=CARTESIAN_POINT('Origin',(4.5,-25.7025597269241,0.));
#2265=CARTESIAN_POINT('',(4.,-25.7025597269241,4.));
#2266=CARTESIAN_POINT('Origin',(21.4778605770329,-12.3732674121215,4.));
#2267=CARTESIAN_POINT('',(20.0896451993251,-13.5161079491389,4.));
#2268=CARTESIAN_POINT('',(22.8810538115112,-11.2180964383794,4.));
#2269=CARTESIAN_POINT('',(20.0896451993251,-13.5161079491389,0.));
#2270=CARTESIAN_POINT('',(20.0896451993251,-13.5161079491389,4.));
#2271=CARTESIAN_POINT('',(18.1127099225904,-15.143608846761,0.));
#2272=CARTESIAN_POINT('Origin',(4.5,-15.3807659009443,4.));
#2273=CARTESIAN_POINT('',(4.,-15.3807659009443,4.));
#2274=CARTESIAN_POINT('',(4.42710032875865,-14.8861088096852,4.));
#2275=CARTESIAN_POINT('Origin',(4.5,-15.3807659009443,4.));
#2276=CARTESIAN_POINT('',(4.,-15.3807659009443,0.));
#2277=CARTESIAN_POINT('',(4.,-15.3807659009443,4.));
#2278=CARTESIAN_POINT('',(4.42710032875865,-14.8861088096852,0.));
#2279=CARTESIAN_POINT('Origin',(4.5,-15.3807659009443,0.));
#2280=CARTESIAN_POINT('',(4.42710032875865,-14.8861088096852,4.));
#2281=CARTESIAN_POINT('Origin',(4.,-26.7618182728347,4.));
#2282=CARTESIAN_POINT('',(4.,-13.3809091364173,0.));
#2283=CARTESIAN_POINT('',(4.,-20.,4.));
#2284=CARTESIAN_POINT('Origin',(19.7718571355606,-13.1300888478903,4.));
#2285=CARTESIAN_POINT('',(19.6989574643192,-12.6354317566312,4.));
#2286=CARTESIAN_POINT('Origin',(19.7718571355606,-13.1300888478903,4.));
#2287=CARTESIAN_POINT('',(19.6989574643192,-12.6354317566312,0.));
#2288=CARTESIAN_POINT('',(19.6989574643192,-12.6354317566312,4.));
#2289=CARTESIAN_POINT('Origin',(19.7718571355606,-13.1300888478903,0.));
#2290=CARTESIAN_POINT('Origin',(4.,-14.9490523600836,4.));
#2291=CARTESIAN_POINT('',(3.12065069806959,-15.0786457211205,0.));
#2292=CARTESIAN_POINT('',(10.9505911119226,-13.9247148625608,4.));
#2293=CARTESIAN_POINT('Origin',(19.7718604189952,13.1300861448045,4.));
#2294=CARTESIAN_POINT('',(19.6989606259967,12.6354290714893,4.));
#2295=CARTESIAN_POINT('',(20.0896484827599,13.516105246053,4.));
#2296=CARTESIAN_POINT('Origin',(19.7718604189952,13.1300861448045,4.));
#2297=CARTESIAN_POINT('',(20.0896484827599,13.516105246053,0.));
#2298=CARTESIAN_POINT('',(20.0896484827598,13.516105246053,4.));
#2299=CARTESIAN_POINT('',(19.6989606259967,12.6354290714893,0.));
#2300=CARTESIAN_POINT('Origin',(19.7718604189952,13.1300861448045,0.));
#2301=CARTESIAN_POINT('',(19.6989606259967,12.6354290714893,4.));
#2302=CARTESIAN_POINT('Origin',(4.,26.7618182728212,4.));
#2303=CARTESIAN_POINT('',(4.8177880637646,26.0885788281591,4.));
#2304=CARTESIAN_POINT('',(14.1421235229911,18.4123718687235,4.));
#2305=CARTESIAN_POINT('',(4.81778806376461,26.0885788281591,0.));
#2306=CARTESIAN_POINT('',(4.8177880637646,26.0885788281591,4.));
#2307=CARTESIAN_POINT('',(9.37377963407123,22.3378842771054,0.));
#2308=CARTESIAN_POINT('Origin',(4.5,15.3807675224839,4.));
#2309=CARTESIAN_POINT('',(4.,15.3807675224839,4.));
#2310=CARTESIAN_POINT('',(4.42710020700142,14.8861104491687,4.));
#2311=CARTESIAN_POINT('Origin',(4.5,15.3807675224839,4.));
#2312=CARTESIAN_POINT('',(4.42710020700142,14.8861104491687,0.));
#2313=CARTESIAN_POINT('',(4.42710020700142,14.8861104491687,4.));
#2314=CARTESIAN_POINT('',(4.,15.3807675224839,0.));
#2315=CARTESIAN_POINT('Origin',(4.5,15.3807675224839,0.));
#2316=CARTESIAN_POINT('',(4.,15.3807675224839,4.));
#2317=CARTESIAN_POINT('Origin',(21.4778645223958,12.3732641641066,4.));
#2318=CARTESIAN_POINT('',(11.8595849875734,13.7907524098356,0.));
#2319=CARTESIAN_POINT('',(19.689524833358,12.6368196658368,4.));
#2320=CARTESIAN_POINT('Origin',(4.5,25.7025597269105,4.));
#2321=CARTESIAN_POINT('',(4.,25.7025597269105,4.));
#2322=CARTESIAN_POINT('Origin',(4.5,25.7025597269105,4.));
#2323=CARTESIAN_POINT('',(4.,25.7025597269105,0.));
#2324=CARTESIAN_POINT('',(4.,25.7025597269105,4.));
#2325=CARTESIAN_POINT('Origin',(4.5,25.7025597269105,0.));
#2326=CARTESIAN_POINT('Origin',(4.,14.9490540890349,4.));
#2327=CARTESIAN_POINT('',(4.,7.47452704451747,0.));
#2328=CARTESIAN_POINT('',(4.,-20.,4.));
#2329=CARTESIAN_POINT('Origin',(-4.5,25.7025597269237,4.));
#2330=CARTESIAN_POINT('',(-4.,25.7025597269237,4.));
#2331=CARTESIAN_POINT('',(-4.81778806376459,26.0885788281723,4.));
#2332=CARTESIAN_POINT('Origin',(-4.5,25.7025597269237,4.));
#2333=CARTESIAN_POINT('',(-4.81778806376459,26.0885788281723,0.));
#2334=CARTESIAN_POINT('',(-4.81778806376459,26.0885788281723,4.));
#2335=CARTESIAN_POINT('',(-4.,25.7025597269237,0.));
#2336=CARTESIAN_POINT('Origin',(-4.5,25.7025597269237,0.));
#2337=CARTESIAN_POINT('',(-4.,25.7025597269237,4.));
#2338=CARTESIAN_POINT('Origin',(-21.4778583313503,12.3732692608644,4.));
#2339=CARTESIAN_POINT('',(-20.089643330406,13.5161094877136,4.));
#2340=CARTESIAN_POINT('',(-22.8810526886695,11.2180973627497,4.));
#2341=CARTESIAN_POINT('',(-20.089643330406,13.5161094877136,0.));
#2342=CARTESIAN_POINT('',(-20.089643330406,13.5161094877136,4.));
#2343=CARTESIAN_POINT('',(-18.1127087997494,15.1436097711314,0.));
#2344=CARTESIAN_POINT('Origin',(-4.5,15.3807649779817,4.));
#2345=CARTESIAN_POINT('',(-4.,15.3807649779817,4.));
#2346=CARTESIAN_POINT('',(-4.42710039806169,14.8861078765091,4.));
#2347=CARTESIAN_POINT('Origin',(-4.5,15.3807649779817,4.));
#2348=CARTESIAN_POINT('',(-4.,15.3807649779817,0.));
#2349=CARTESIAN_POINT('',(-4.,15.3807649779817,4.));
#2350=CARTESIAN_POINT('',(-4.42710039806169,14.8861078765091,2.77555756156289E-16));
#2351=CARTESIAN_POINT('Origin',(-4.5,15.3807649779817,0.));
#2352=CARTESIAN_POINT('',(-4.42710039806169,14.8861078765091,4.));
#2353=CARTESIAN_POINT('Origin',(-4.,26.7618182728344,4.));
#2354=CARTESIAN_POINT('',(-4.,13.3809091364172,0.));
#2355=CARTESIAN_POINT('',(-4.,20.0000000000001,4.));
#2356=CARTESIAN_POINT('Origin',(-19.7718552666414,13.130090386465,4.));
#2357=CARTESIAN_POINT('',(-19.6989556647031,12.6354332849925,4.));
#2358=CARTESIAN_POINT('Origin',(-19.7718552666414,13.130090386465,4.));
#2359=CARTESIAN_POINT('',(-19.6989556647031,12.6354332849925,2.77555756156289E-16));
#2360=CARTESIAN_POINT('',(-19.6989556647031,12.6354332849925,4.));
#2361=CARTESIAN_POINT('Origin',(-19.7718552666414,13.130090386465,0.));
#2362=CARTESIAN_POINT('Origin',(-4.,14.9490513759832,4.));
#2363=CARTESIAN_POINT('',(-3.12064954357767,15.0786447812868,2.77555756156289E-16));
#2364=CARTESIAN_POINT('',(-10.9505902807692,13.9247149959011,4.));
#2365=CARTESIAN_POINT('Origin',(-10.,-8.,0.));
#2366=CARTESIAN_POINT('',(-13.,-8.,0.));
#2367=CARTESIAN_POINT('Origin',(-10.,-8.,0.));
#2368=CARTESIAN_POINT('',(-13.,-8.,1.));
#2369=CARTESIAN_POINT('',(-13.,-8.,0.));
#2370=CARTESIAN_POINT('Origin',(-10.,-8.,1.));
#2371=CARTESIAN_POINT('Origin',(-10.,-8.,1.));
#2372=CARTESIAN_POINT('',(-11.5,-8.,1.));
#2373=CARTESIAN_POINT('Origin',(-10.,-8.,1.));
#2374=CARTESIAN_POINT('Origin',(-10.,8.,0.));
#2375=CARTESIAN_POINT('',(-13.,8.,0.));
#2376=CARTESIAN_POINT('Origin',(-10.,8.,0.));
#2377=CARTESIAN_POINT('',(-13.,8.,1.));
#2378=CARTESIAN_POINT('',(-13.,8.,0.));
#2379=CARTESIAN_POINT('Origin',(-10.,8.,1.));
#2380=CARTESIAN_POINT('Origin',(-10.,8.,1.));
#2381=CARTESIAN_POINT('',(-11.5,8.,1.));
#2382=CARTESIAN_POINT('Origin',(-10.,8.,1.));
#2383=CARTESIAN_POINT('Origin',(-16.,1.55431223447522E-13,4.));
#2384=CARTESIAN_POINT('',(-4.,20.0000000000001,4.));
#2385=CARTESIAN_POINT('',(-4.,30.,4.));
#2386=CARTESIAN_POINT('',(-4.,20.0000000000001,4.));
#2387=CARTESIAN_POINT('',(-26.2689866057641,11.6671814618607,4.));
#2388=CARTESIAN_POINT('',(-26.2689866057641,11.6671814618607,4.));
#2389=CARTESIAN_POINT('',(-27.9999999999906,7.9999999999993,4.));
#2390=CARTESIAN_POINT('Origin',(-23.25,8.00000000000033,4.));
#2391=CARTESIAN_POINT('',(-27.9999999999841,-8.00001333157306,4.));
#2392=CARTESIAN_POINT('',(-27.9999999999906,7.9999999999993,4.));
#2393=CARTESIAN_POINT('',(-26.2689925354624,-11.6671765802643,4.));
#2394=CARTESIAN_POINT('Origin',(-23.2500000000001,-8.00000000000079,4.));
#2395=CARTESIAN_POINT('',(-4.,-29.9999999999997,4.));
#2396=CARTESIAN_POINT('',(-26.2689925354624,-11.6671765802643,4.));
#2397=CARTESIAN_POINT('',(-4.,20.0000000000001,4.));
#2398=CARTESIAN_POINT('',(-14.,-8.,4.));
#2399=CARTESIAN_POINT('Origin',(-10.,-8.,4.));
#2400=CARTESIAN_POINT('',(-26.,8.0000000000004,4.));
#2401=CARTESIAN_POINT('Origin',(-23.25,8.0000000000004,4.));
#2402=CARTESIAN_POINT('',(-14.,8.,4.));
#2403=CARTESIAN_POINT('Origin',(-10.,8.,4.));
#2404=CARTESIAN_POINT('',(-26.,-8.00000000000039,4.));
#2405=CARTESIAN_POINT('Origin',(-23.25,-8.00000000000039,4.));
#2406=CARTESIAN_POINT('Origin',(-23.25,8.00000000000033,0.));
#2407=CARTESIAN_POINT('',(-26.2689866057641,11.6671814618607,0.));
#2408=CARTESIAN_POINT('',(-27.9999999999906,7.9999999999993,0.));
#2409=CARTESIAN_POINT('Origin',(-23.25,8.00000000000033,0.));
#2410=CARTESIAN_POINT('',(-27.9999999999906,7.9999999999993,0.));
#2411=CARTESIAN_POINT('',(-26.2689866057641,11.6671814618607,0.));
#2412=CARTESIAN_POINT('Origin',(-27.9999999999906,7.9999999999993,0.));
#2413=CARTESIAN_POINT('',(-27.9999999999841,-8.00001333157306,0.));
#2414=CARTESIAN_POINT('',(-27.9999999999906,7.9999999999993,0.));
#2415=CARTESIAN_POINT('',(-27.9999999999841,-8.00001333157306,0.));
#2416=CARTESIAN_POINT('Origin',(-23.2500000000001,-8.00000000000079,0.));
#2417=CARTESIAN_POINT('',(-26.2689925354624,-11.6671765802643,0.));
#2418=CARTESIAN_POINT('Origin',(-23.2500000000001,-8.00000000000079,0.));
#2419=CARTESIAN_POINT('',(-26.2689925354624,-11.6671765802643,0.));
#2420=CARTESIAN_POINT('Origin',(-26.2689925354624,-11.6671765802643,0.));
#2421=CARTESIAN_POINT('',(-4.,-29.9999999999997,0.));
#2422=CARTESIAN_POINT('',(-26.2689925354624,-11.6671765802643,0.));
#2423=CARTESIAN_POINT('',(-4.,-29.9999999999997,0.));
#2424=CARTESIAN_POINT('Origin',(-4.,30.,0.));
#2425=CARTESIAN_POINT('',(-4.,30.,0.));
#2426=CARTESIAN_POINT('',(-26.2689866057641,11.6671814618607,0.));
#2427=CARTESIAN_POINT('',(-4.,30.,0.));
#2428=CARTESIAN_POINT('Origin',(-10.,-8.,0.));
#2429=CARTESIAN_POINT('',(-14.,-8.,2.));
#2430=CARTESIAN_POINT('',(-14.,-8.,0.));
#2431=CARTESIAN_POINT('Origin',(-10.,-8.,2.));
#2432=CARTESIAN_POINT('Origin',(-23.25,8.0000000000004,0.));
#2433=CARTESIAN_POINT('',(-26.,8.0000000000004,2.));
#2434=CARTESIAN_POINT('',(-26.,8.0000000000004,0.));
#2435=CARTESIAN_POINT('Origin',(-23.25,8.0000000000004,2.));
#2436=CARTESIAN_POINT('Origin',(-10.,8.,0.));
#2437=CARTESIAN_POINT('',(-14.,8.,2.));
#2438=CARTESIAN_POINT('',(-14.,8.,0.));
#2439=CARTESIAN_POINT('Origin',(-10.,8.,2.));
#2440=CARTESIAN_POINT('Origin',(-23.25,-8.00000000000039,0.));
#2441=CARTESIAN_POINT('',(-26.,-8.00000000000039,2.));
#2442=CARTESIAN_POINT('',(-26.,-8.00000000000039,0.));
#2443=CARTESIAN_POINT('Origin',(-23.25,-8.00000000000039,2.));
#2444=CARTESIAN_POINT('Origin',(16.0000000000001,-1.77635683940025E-14,
4.));
#2445=CARTESIAN_POINT('',(4.,-20.,4.));
#2446=CARTESIAN_POINT('',(4.,-30.,4.));
#2447=CARTESIAN_POINT('',(4.,-20.,4.));
#2448=CARTESIAN_POINT('',(26.268989866186,-11.6671787777404,4.));
#2449=CARTESIAN_POINT('',(26.268989866186,-11.6671787777404,4.));
#2450=CARTESIAN_POINT('',(27.9999999999992,-7.99999857206981,4.));
#2451=CARTESIAN_POINT('Origin',(23.249999999996,-7.99999999999692,4.));
#2452=CARTESIAN_POINT('',(27.9999999999906,7.99998412576732,4.));
#2453=CARTESIAN_POINT('',(27.9999999999906,7.99998412576732,4.));
#2454=CARTESIAN_POINT('',(26.2689955943161,11.6671740620849,4.));
#2455=CARTESIAN_POINT('Origin',(23.2500000000003,7.99999999998958,4.));
#2456=CARTESIAN_POINT('',(4.,30.,4.));
#2457=CARTESIAN_POINT('',(4.,30.,4.));
#2458=CARTESIAN_POINT('',(4.,-20.,4.));
#2459=CARTESIAN_POINT('',(8.5,-8.,4.));
#2460=CARTESIAN_POINT('Origin',(10.,-8.,4.));
#2461=CARTESIAN_POINT('',(20.5,8.00000000000404,4.));
#2462=CARTESIAN_POINT('Origin',(23.25,8.00000000000404,4.));
#2463=CARTESIAN_POINT('',(8.50000000000009,7.99999999999921,4.));
#2464=CARTESIAN_POINT('Origin',(10.0000000000001,7.99999999999921,4.));
#2465=CARTESIAN_POINT('',(20.4999999999917,-8.00000000000099,4.));
#2466=CARTESIAN_POINT('Origin',(23.2499999999917,-8.00000000000099,4.));
#2467=CARTESIAN_POINT('Origin',(23.2500000000003,7.99999999998958,0.));
#2468=CARTESIAN_POINT('',(27.9999999999906,7.99998412576732,0.));
#2469=CARTESIAN_POINT('',(26.2689955943161,11.6671740620849,0.));
#2470=CARTESIAN_POINT('Origin',(23.2500000000003,7.99999999998958,0.));
#2471=CARTESIAN_POINT('',(26.2689955943161,11.6671740620849,0.));
#2472=CARTESIAN_POINT('',(27.9999999999906,7.99998412576732,0.));
#2473=CARTESIAN_POINT('Origin',(26.2689955943161,11.6671740620849,0.));
#2474=CARTESIAN_POINT('',(4.,30.,0.));
#2475=CARTESIAN_POINT('',(4.,30.,0.));
#2476=CARTESIAN_POINT('',(3.99999999999999,30.,0.));
#2477=CARTESIAN_POINT('Origin',(4.,-30.,0.));
#2478=CARTESIAN_POINT('',(26.268989866186,-11.6671787777404,0.));
#2479=CARTESIAN_POINT('',(4.,-30.,0.));
#2480=CARTESIAN_POINT('',(26.268989866186,-11.6671787777404,0.));
#2481=CARTESIAN_POINT('',(26.268989866186,-11.6671787777404,0.));
#2482=CARTESIAN_POINT('',(4.,-30.,0.));
#2483=CARTESIAN_POINT('Origin',(23.249999999996,-7.99999999999692,0.));
#2484=CARTESIAN_POINT('',(27.9999999999992,-7.99999857206981,0.));
#2485=CARTESIAN_POINT('Origin',(23.249999999996,-7.99999999999692,0.));
#2486=CARTESIAN_POINT('',(27.9999999999992,-7.99999857206981,0.));
#2487=CARTESIAN_POINT('Origin',(27.9999999999992,-7.99999857206981,0.));
#2488=CARTESIAN_POINT('',(27.9999999999906,7.99998412576732,0.));
#2489=CARTESIAN_POINT('Origin',(10.,-8.,0.));
#2490=CARTESIAN_POINT('',(8.5,-8.,0.));
#2491=CARTESIAN_POINT('',(8.5,-8.,0.));
#2492=CARTESIAN_POINT('Origin',(10.,-8.,0.));
#2493=CARTESIAN_POINT('Origin',(23.25,8.00000000000404,0.));
#2494=CARTESIAN_POINT('',(20.5,8.00000000000404,2.));
#2495=CARTESIAN_POINT('',(20.5,8.00000000000404,0.));
#2496=CARTESIAN_POINT('Origin',(23.25,8.00000000000404,2.));
#2497=CARTESIAN_POINT('Origin',(10.0000000000001,7.99999999999921,0.));
#2498=CARTESIAN_POINT('',(8.50000000000009,7.99999999999921,0.));
#2499=CARTESIAN_POINT('',(8.50000000000009,7.99999999999921,0.));
#2500=CARTESIAN_POINT('Origin',(10.0000000000001,7.99999999999921,0.));
#2501=CARTESIAN_POINT('Origin',(23.2499999999917,-8.00000000000099,0.));
#2502=CARTESIAN_POINT('',(20.4999999999917,-8.00000000000099,2.));
#2503=CARTESIAN_POINT('',(20.4999999999917,-8.00000000000099,0.));
#2504=CARTESIAN_POINT('Origin',(23.2499999999917,-8.00000000000099,2.));
#2505=CARTESIAN_POINT('Origin',(-23.25,-8.00000000000039,2.));
#2506=CARTESIAN_POINT('',(-24.7500000000003,-8.00000000000079,2.));
#2507=CARTESIAN_POINT('Origin',(-23.2500000000003,-8.00000000000079,2.));
#2508=CARTESIAN_POINT('Origin',(-23.2500000000003,-8.00000000000079,0.));
#2509=CARTESIAN_POINT('',(-24.7500000000003,-8.00000000000079,0.));
#2510=CARTESIAN_POINT('',(-24.7500000000003,-8.00000000000079,0.));
#2511=CARTESIAN_POINT('Origin',(-23.2500000000003,-8.00000000000079,0.));
#2512=CARTESIAN_POINT('Origin',(-23.25,8.0000000000004,2.));
#2513=CARTESIAN_POINT('',(-24.75,7.99999999999977,2.));
#2514=CARTESIAN_POINT('Origin',(-23.25,7.99999999999977,2.));
#2515=CARTESIAN_POINT('Origin',(-23.25,7.99999999999977,0.));
#2516=CARTESIAN_POINT('',(-24.75,7.99999999999977,0.));
#2517=CARTESIAN_POINT('',(-24.75,7.99999999999977,0.));
#2518=CARTESIAN_POINT('Origin',(-23.25,7.99999999999977,0.));
#2519=CARTESIAN_POINT('Origin',(23.2499999999917,-8.00000000000099,2.));
#2520=CARTESIAN_POINT('',(21.7499999999998,-8.00000000000064,2.));
#2521=CARTESIAN_POINT('Origin',(23.2499999999998,-8.00000000000064,2.));
#2522=CARTESIAN_POINT('Origin',(23.2499999999998,-8.00000000000064,0.));
#2523=CARTESIAN_POINT('',(21.7499999999998,-8.00000000000064,0.));
#2524=CARTESIAN_POINT('',(21.7499999999998,-8.00000000000064,0.));
#2525=CARTESIAN_POINT('Origin',(23.2499999999998,-8.00000000000064,0.));
#2526=CARTESIAN_POINT('Origin',(-10.,-8.,2.));
#2527=CARTESIAN_POINT('',(-11.5,-8.,2.));
#2528=CARTESIAN_POINT('Origin',(-10.,-8.,2.));
#2529=CARTESIAN_POINT('Origin',(-10.,-8.,0.));
#2530=CARTESIAN_POINT('',(-11.5,-8.,0.));
#2531=CARTESIAN_POINT('Origin',(-10.,8.,2.));
#2532=CARTESIAN_POINT('',(-11.5,8.,2.));
#2533=CARTESIAN_POINT('Origin',(-10.,8.,2.));
#2534=CARTESIAN_POINT('Origin',(-10.,8.,0.));
#2535=CARTESIAN_POINT('',(-11.5,8.,0.));
#2536=CARTESIAN_POINT('Origin',(23.25,8.00000000000404,2.));
#2537=CARTESIAN_POINT('',(21.7500000000004,7.99999999999569,2.));
#2538=CARTESIAN_POINT('Origin',(23.2500000000004,7.99999999999569,2.));
#2539=CARTESIAN_POINT('Origin',(23.2500000000004,7.99999999999569,0.));
#2540=CARTESIAN_POINT('',(21.7500000000004,7.99999999999569,0.));
#2541=CARTESIAN_POINT('',(21.7500000000004,7.99999999999569,0.));
#2542=CARTESIAN_POINT('Origin',(23.2500000000004,7.99999999999569,0.));
#2543=CARTESIAN_POINT('Origin',(0.,0.,0.));
#2544=CARTESIAN_POINT('',(-2.77555756156289E-16,30.,0.));
#2545=CARTESIAN_POINT('',(-4.,30.,0.));
#2546=CARTESIAN_POINT('',(4.,30.,0.));
#2547=CARTESIAN_POINT('',(-2.77555756156289E-16,-30.,0.));
#2548=CARTESIAN_POINT('',(4.,-30.,0.));
#2549=CARTESIAN_POINT('',(-4.,-29.9999999999997,0.));
#2550=CARTESIAN_POINT('Origin',(-2.77555756156289E-16,-40.,4.));
#2551=CARTESIAN_POINT('',(-4.,-50.,4.));
#2552=CARTESIAN_POINT('Origin',(-2.77555756156289E-16,-50.,4.));
#2553=CARTESIAN_POINT('',(-4.,-40.,4.));
#2554=CARTESIAN_POINT('Origin',(-2.77555756156289E-16,-29.9999999999997,
4.));
#2555=CARTESIAN_POINT('Origin',(-2.77555756156289E-16,-30.,4.));
#2556=CARTESIAN_POINT('Origin',(-2.77555756156289E-16,30.,4.));
#2557=CARTESIAN_POINT('Origin',(-2.77555756156289E-16,30.,4.));
#2558=CARTESIAN_POINT('',(-4.,50.,4.));
#2559=CARTESIAN_POINT('',(-4.,-40.,4.));
#2560=CARTESIAN_POINT('Origin',(-2.77555756156289E-16,50.,4.));
#2561=CARTESIAN_POINT('Origin',(3.99999999999999,30.,4.));
#2562=CARTESIAN_POINT('Origin',(4.,-30.,0.));
#2563=CARTESIAN_POINT('Origin',(-4.,-29.9999999999997,4.));
#2564=CARTESIAN_POINT('Origin',(-4.,30.,0.));
#2565=CARTESIAN_POINT('Origin',(4.,50.,0.));
#2566=CARTESIAN_POINT('',(2.061552812809,50.,2.1));
#2567=CARTESIAN_POINT('',(2.061552812809,50.,5.9));
#2568=CARTESIAN_POINT('',(2.06155281280882,50.,5.9));
#2569=CARTESIAN_POINT('',(-2.061552812809,50.,5.9));
#2570=CARTESIAN_POINT('',(2.,50.,5.9));
#2571=CARTESIAN_POINT('',(-2.061552812809,50.,2.1));
#2572=CARTESIAN_POINT('',(-2.06155281280882,50.,5.9));
#2573=CARTESIAN_POINT('',(2.,50.,2.1));
#2574=CARTESIAN_POINT('Origin',(0.,54.,4.));
#2575=CARTESIAN_POINT('',(-0.450000000000008,56.02474043983,5.483383346043));
#2576=CARTESIAN_POINT('',(0.449999999999999,56.02474043983,5.483383346043));
#2577=CARTESIAN_POINT('Origin',(0.,54.,5.483383346043));
#2578=CARTESIAN_POINT('',(0.449999999999999,55.640121946686,2.1));
#2579=CARTESIAN_POINT('Origin',(0.449999999999999,54.,4.));
#2580=CARTESIAN_POINT('',(-0.450000000000008,55.640121946686,2.1));
#2581=CARTESIAN_POINT('Origin',(0.,54.,2.1));
#2582=CARTESIAN_POINT('Origin',(-0.450000000000008,54.,4.));
#2583=CARTESIAN_POINT('Origin',(0.,54.,5.91));
#2584=CARTESIAN_POINT('',(0.449999999999999,56.250150014222,5.9));
#2585=CARTESIAN_POINT('',(-0.450000000000008,56.250150014222,5.9));
#2586=CARTESIAN_POINT('Origin',(0.,54.,5.9));
#2587=CARTESIAN_POINT('Ctrl Pts',(0.449999999999999,56.2501500142217,5.90000000000015));
#2588=CARTESIAN_POINT('Ctrl Pts',(0.449999999999999,56.2159140576433,5.8365877266954));
#2589=CARTESIAN_POINT('Ctrl Pts',(0.449999999999999,56.1830554102159,5.77578210055205));
#2590=CARTESIAN_POINT('Ctrl Pts',(0.449999999999999,56.1514183007596,5.71728894886788));
#2591=CARTESIAN_POINT('Ctrl Pts',(0.449999999999999,56.1180433627525,5.6555827644267));
#2592=CARTESIAN_POINT('Ctrl Pts',(0.449999999999999,56.0860279652227,5.59645030432532));
#2593=CARTESIAN_POINT('Ctrl Pts',(0.449999999999999,56.0552163835614,5.53959749579119));
#2594=CARTESIAN_POINT('Ctrl Pts',(0.449999999999999,56.0449249647223,5.52060801088769));
#2595=CARTESIAN_POINT('Ctrl Pts',(0.449999999999999,56.0347680544663,5.50187324228255));
#2596=CARTESIAN_POINT('Ctrl Pts',(0.449999999999999,56.0247404398293,5.4833833460434));
#2597=CARTESIAN_POINT('Ctrl Pts',(-0.450000000000008,56.2501500142217,5.90000000000015));
#2598=CARTESIAN_POINT('Ctrl Pts',(-0.450000000000008,56.2159140576433,5.8365877266954));
#2599=CARTESIAN_POINT('Ctrl Pts',(-0.450000000000008,56.1830554102159,5.77578210055205));
#2600=CARTESIAN_POINT('Ctrl Pts',(-0.450000000000008,56.1514183007596,5.71728894886788));
#2601=CARTESIAN_POINT('Ctrl Pts',(-0.450000000000008,56.1180433627525,5.6555827644267));
#2602=CARTESIAN_POINT('Ctrl Pts',(-0.450000000000008,56.0860279652227,5.59645030432532));
#2603=CARTESIAN_POINT('Ctrl Pts',(-0.450000000000008,56.0552163835614,5.53959749579119));
#2604=CARTESIAN_POINT('Ctrl Pts',(-0.450000000000008,56.0449249647223,5.52060801088769));
#2605=CARTESIAN_POINT('Ctrl Pts',(-0.450000000000008,56.0347680544663,5.50187324228255));
#2606=CARTESIAN_POINT('Ctrl Pts',(-0.450000000000008,56.0247404398293,5.4833833460434));
#2607=CARTESIAN_POINT('Origin',(0.449999999999999,54.,6.));
#2608=CARTESIAN_POINT('',(0.449999999999999,58.47744346698,5.9));
#2609=CARTESIAN_POINT('',(0.449999999999999,54.,5.9));
#2610=CARTESIAN_POINT('',(0.449999999999999,58.47744346698,2.1));
#2611=CARTESIAN_POINT('',(0.449999999999999,58.47744346698,5.9));
#2612=CARTESIAN_POINT('',(0.449999999999999,54.,2.1));
#2613=CARTESIAN_POINT('Origin',(0.,54.,5.9));
#2614=CARTESIAN_POINT('Origin',(0.,54.,2.1));
#2615=CARTESIAN_POINT('Origin',(0.,54.,5.9));
#2616=CARTESIAN_POINT('Origin',(-0.450000000000008,54.,6.));
#2617=CARTESIAN_POINT('',(-0.450000000000008,58.47744346698,5.9));
#2618=CARTESIAN_POINT('',(-0.450000000000008,54.,5.9));
#2619=CARTESIAN_POINT('',(-0.450000000000008,58.47744346698,2.1));
#2620=CARTESIAN_POINT('',(-0.450000000000008,54.,2.1));
#2621=CARTESIAN_POINT('',(-0.450000000000008,58.47744346698,5.9));
#2622=CARTESIAN_POINT('Origin',(0.,54.,2.1));
#2623=CARTESIAN_POINT('Origin',(0.,54.,2.1));
#2624=CARTESIAN_POINT('Origin',(0.,54.,5.9));
#2625=CARTESIAN_POINT('Origin',(0.,54.,5.9));
#2626=CARTESIAN_POINT('Origin',(0.,54.,5.9));
#2627=CARTESIAN_POINT('Origin',(-4.,-50.,0.));
#2628=CARTESIAN_POINT('',(2.061552812809,-50.,5.9));
#2629=CARTESIAN_POINT('',(2.061552812809,-50.,2.1));
#2630=CARTESIAN_POINT('',(2.06155281280884,-50.,5.9));
#2631=CARTESIAN_POINT('',(-2.061552812809,-50.,2.1));
#2632=CARTESIAN_POINT('',(-2.,-50.,2.1));
#2633=CARTESIAN_POINT('',(-2.061552812809,-50.,5.9));
#2634=CARTESIAN_POINT('',(-2.06155281280884,-50.,5.9));
#2635=CARTESIAN_POINT('',(-2.,-50.,5.9));
#2636=CARTESIAN_POINT('Origin',(0.,-54.,4.));
#2637=CARTESIAN_POINT('',(-0.450000000000008,-56.02474043983,5.483383346043));
#2638=CARTESIAN_POINT('',(0.449999999999999,-56.02474043983,5.483383346043));
#2639=CARTESIAN_POINT('Origin',(0.,-54.,5.483383346043));
#2640=CARTESIAN_POINT('',(-0.450000000000008,-55.640121946686,2.1));
#2641=CARTESIAN_POINT('Origin',(-0.450000000000008,-54.,4.));
#2642=CARTESIAN_POINT('',(0.449999999999999,-55.640121946686,2.1));
#2643=CARTESIAN_POINT('Origin',(0.,-54.,2.1));
#2644=CARTESIAN_POINT('Origin',(0.449999999999999,-54.,4.));
#2645=CARTESIAN_POINT('Origin',(0.,-54.,5.91));
#2646=CARTESIAN_POINT('',(0.449999999999999,-56.250150014222,5.9));
#2647=CARTESIAN_POINT('',(-0.450000000000008,-56.250150014222,5.9));
#2648=CARTESIAN_POINT('Origin',(0.,-54.,5.9));
#2649=CARTESIAN_POINT('Ctrl Pts',(-0.450000000000008,-56.2501500142217,
5.90000000000015));
#2650=CARTESIAN_POINT('Ctrl Pts',(-0.450000000000008,-56.2159140576433,
5.8365877266954));
#2651=CARTESIAN_POINT('Ctrl Pts',(-0.450000000000008,-56.1830554102159,
5.77578210055205));
#2652=CARTESIAN_POINT('Ctrl Pts',(-0.450000000000008,-56.1514183007596,
5.71728894886788));
#2653=CARTESIAN_POINT('Ctrl Pts',(-0.450000000000008,-56.1180433627525,
5.6555827644267));
#2654=CARTESIAN_POINT('Ctrl Pts',(-0.450000000000008,-56.0860279652227,
5.59645030432532));
#2655=CARTESIAN_POINT('Ctrl Pts',(-0.450000000000008,-56.0552163835614,
5.53959749579119));
#2656=CARTESIAN_POINT('Ctrl Pts',(-0.450000000000008,-56.0449249647222,
5.52060801088769));
#2657=CARTESIAN_POINT('Ctrl Pts',(-0.450000000000008,-56.0347680544663,
5.50187324228255));
#2658=CARTESIAN_POINT('Ctrl Pts',(-0.450000000000008,-56.0247404398293,
5.4833833460434));
#2659=CARTESIAN_POINT('Ctrl Pts',(0.449999999999999,-56.2501500142217,5.90000000000015));
#2660=CARTESIAN_POINT('Ctrl Pts',(0.449999999999999,-56.2159140576433,5.8365877266954));
#2661=CARTESIAN_POINT('Ctrl Pts',(0.449999999999999,-56.1830554102159,5.77578210055205));
#2662=CARTESIAN_POINT('Ctrl Pts',(0.449999999999999,-56.1514183007596,5.71728894886788));
#2663=CARTESIAN_POINT('Ctrl Pts',(0.449999999999999,-56.1180433627525,5.6555827644267));
#2664=CARTESIAN_POINT('Ctrl Pts',(0.449999999999999,-56.0860279652227,5.59645030432532));
#2665=CARTESIAN_POINT('Ctrl Pts',(0.449999999999999,-56.0552163835614,5.53959749579119));
#2666=CARTESIAN_POINT('Ctrl Pts',(0.449999999999999,-56.0449249647222,5.52060801088769));
#2667=CARTESIAN_POINT('Ctrl Pts',(0.449999999999999,-56.0347680544663,5.50187324228255));
#2668=CARTESIAN_POINT('Ctrl Pts',(0.449999999999999,-56.0247404398293,5.4833833460434));
#2669=CARTESIAN_POINT('Origin',(0.449999999999999,-54.,6.));
#2670=CARTESIAN_POINT('',(0.449999999999999,-58.47744346698,5.9));
#2671=CARTESIAN_POINT('',(0.449999999999999,-54.,5.9));
#2672=CARTESIAN_POINT('',(0.449999999999999,-58.47744346698,2.1));
#2673=CARTESIAN_POINT('',(0.449999999999999,-54.,2.1));
#2674=CARTESIAN_POINT('',(0.449999999999999,-58.47744346698,5.9));
#2675=CARTESIAN_POINT('Origin',(0.,-54.,5.9));
#2676=CARTESIAN_POINT('Origin',(0.,-54.,2.1));
#2677=CARTESIAN_POINT('Origin',(0.,-54.,5.9));
#2678=CARTESIAN_POINT('Origin',(-0.450000000000008,-54.,6.));
#2679=CARTESIAN_POINT('',(-0.450000000000008,-58.47744346698,5.9));
#2680=CARTESIAN_POINT('',(-0.450000000000008,-54.,5.9));
#2681=CARTESIAN_POINT('',(-0.450000000000008,-58.47744346698,2.1));
#2682=CARTESIAN_POINT('',(-0.450000000000008,-58.47744346698,5.9));
#2683=CARTESIAN_POINT('',(-0.450000000000008,-54.,2.1));
#2684=CARTESIAN_POINT('Origin',(0.,-54.,2.1));
#2685=CARTESIAN_POINT('Origin',(0.,-54.,2.1));
#2686=CARTESIAN_POINT('Origin',(0.,-54.,5.9));
#2687=CARTESIAN_POINT('Origin',(0.,-54.,5.9));
#2688=CARTESIAN_POINT('Origin',(0.,-54.,5.9));
#2689=UNCERTAINTY_MEASURE_WITH_UNIT(LENGTH_MEASURE(0.01),#2693,
'DISTANCE_ACCURACY_VALUE',
'Maximum model space distance between geometric entities at asserted c
onnectivities');
#2690=UNCERTAINTY_MEASURE_WITH_UNIT(LENGTH_MEASURE(0.01),#2693,
'DISTANCE_ACCURACY_VALUE',
'Maximum model space distance between geometric entities at asserted c
onnectivities');
#2691=(
GEOMETRIC_REPRESENTATION_CONTEXT(3)
GLOBAL_UNCERTAINTY_ASSIGNED_CONTEXT((#2689))
GLOBAL_UNIT_ASSIGNED_CONTEXT((#2693,#2695,#2696))
REPRESENTATION_CONTEXT('','3D')
);
#2692=(
GEOMETRIC_REPRESENTATION_CONTEXT(3)
GLOBAL_UNCERTAINTY_ASSIGNED_CONTEXT((#2690))
GLOBAL_UNIT_ASSIGNED_CONTEXT((#2693,#2695,#2696))
REPRESENTATION_CONTEXT('','3D')
);
#2693=(
LENGTH_UNIT()
NAMED_UNIT(*)
SI_UNIT(.MILLI.,.METRE.)
);
#2694=(
LENGTH_UNIT()
NAMED_UNIT(*)
SI_UNIT($,.METRE.)
);
#2695=(
NAMED_UNIT(*)
PLANE_ANGLE_UNIT()
SI_UNIT($,.RADIAN.)
);
#2696=(
NAMED_UNIT(*)
SI_UNIT($,.STERADIAN.)
SOLID_ANGLE_UNIT()
);
#2697=SHAPE_DEFINITION_REPRESENTATION(#2698,#2699);
#2698=PRODUCT_DEFINITION_SHAPE('',$,#2701);
#2699=SHAPE_REPRESENTATION('',(#1557),#2691);
#2700=PRODUCT_DEFINITION_CONTEXT('part definition',#2705,'design');
#2701=PRODUCT_DEFINITION('2026-07-05-13-21-00-152',
'\X2\221A\X0\beta2\X2\524D8F6E8F6C541156FA5B9A9876677FFF08\X0\5.1\X2\FF09FF086C8959345B54FF09\X0\',
#2702,#2700);
#2702=PRODUCT_DEFINITION_FORMATION('',$,#2707);
#2703=PRODUCT_RELATED_PRODUCT_CATEGORY(
'\X2\221A\X0\beta2\X2\524D8F6E8F6C541156FA5B9A9876677FFF08\X0\5.1\X2\FF09FF086C8959345B54FF09\X0\',
'\X2\221A\X0\beta2\X2\524D8F6E8F6C541156FA5B9A9876677FFF08\X0\5.1\X2\FF09FF086C8959345B54FF09\X0\',
(#2707));
#2704=APPLICATION_PROTOCOL_DEFINITION('international standard',
'automotive_design',2009,#2705);
#2705=APPLICATION_CONTEXT(
'Core Data for Automotive Mechanical Design Process');
#2706=PRODUCT_CONTEXT('part definition',#2705,'mechanical');
#2707=PRODUCT('2026-07-05-13-21-00-152',
'\X2\221A\X0\beta2\X2\524D8F6E8F6C541156FA5B9A9876677FFF08\X0\5.1\X2\FF09FF086C8959345B54FF09\X0\',
$,(#2706));
#2708=PRESENTATION_STYLE_ASSIGNMENT((#2709));
#2709=SURFACE_STYLE_USAGE(.BOTH.,#2710);
#2710=SURFACE_SIDE_STYLE('',(#2711));
#2711=SURFACE_STYLE_FILL_AREA(#2712);
#2712=FILL_AREA_STYLE('\X2\94A2\X0\ - \X2\7F0E5149\X0\',(#2713));
#2713=FILL_AREA_STYLE_COLOUR('\X2\94A2\X0\ - \X2\7F0E5149\X0\',#2714);
#2714=COLOUR_RGB('\X2\94A2\X0\ - \X2\7F0E5149\X0\',0.627450980392157,0.627450980392157,
0.627450980392157);
ENDSEC;
END-ISO-10303-21;
