ISO-10303-21;
HEADER;
/* Generated by software containing ST-Developer
 * from STEP Tools, Inc. (www.steptools.com) 
 */

FILE_DESCRIPTION(
/* description */ (''),
/* implementation_level */ '2;1');

FILE_NAME(
/* name */ '',
/* time_stamp */ '2026-08-11T12:20:02+09:00',
/* author */ (''),
/* organization */ (''),
/* preprocessor_version */ 'ST-DEVELOPER v20.1',
/* originating_system */ 'Autodesk Translation Framework v15.8.0.0',
/* authorisation */ '');

FILE_SCHEMA (('AUTOMOTIVE_DESIGN { 1 0 10303 214 3 1 1 }'));
ENDSEC;

DATA;
#10=MECHANICAL_DESIGN_GEOMETRIC_PRESENTATION_REPRESENTATION('',(#13),#2446);
#11=SHAPE_REPRESENTATION_RELATIONSHIP('SRR','None',#2453,#12);
#12=ADVANCED_BREP_SHAPE_REPRESENTATION('',(#14),#2445);
#13=STYLED_ITEM('',(#2462),#14);
#14=MANIFOLD_SOLID_BREP('\X2\5B9E4F53\X0\1',#1325);
#15=FACE_BOUND('',#182,.T.);
#16=FACE_BOUND('',#186,.T.);
#17=FACE_BOUND('',#189,.T.);
#18=FACE_BOUND('',#199,.T.);
#19=FACE_BOUND('',#201,.T.);
#20=FACE_BOUND('',#206,.T.);
#21=FACE_BOUND('',#212,.T.);
#22=FACE_BOUND('',#213,.T.);
#23=FACE_BOUND('',#218,.T.);
#24=FACE_BOUND('',#219,.T.);
#25=FACE_BOUND('',#233,.T.);
#26=FACE_BOUND('',#237,.T.);
#27=ELLIPSE('',#1351,2.14474663581677,1.48608604776266);
#28=ELLIPSE('',#1385,1.9291454966939,1.31597228975706);
#29=ELLIPSE('',#1408,4.09651321114,2.9);
#30=ELLIPSE('',#1409,4.09651321114,2.9);
#31=ELLIPSE('',#1420,4.09651321114,2.9);
#32=ELLIPSE('',#1421,4.09651321114,2.9);
#33=ELLIPSE('',#1433,3.971121527095,2.9);
#34=(
BOUNDED_CURVE()
B_SPLINE_CURVE(2,(#1960,#1961,#1962),.UNSPECIFIED.,.F.,.F.)
B_SPLINE_CURVE_WITH_KNOTS((3,3),(1105.295391862,1198.91874611743),
 .UNSPECIFIED.)
CURVE()
GEOMETRIC_REPRESENTATION_ITEM()
RATIONAL_B_SPLINE_CURVE((1361.01601624581,1381.65800388003,1396.03903975565))
REPRESENTATION_ITEM('')
);
#35=(
BOUNDED_CURVE()
B_SPLINE_CURVE(2,(#2003,#2004,#2005),.UNSPECIFIED.,.F.,.F.)
B_SPLINE_CURVE_WITH_KNOTS((3,3),(1105.2953809124,1198.91874611743),
 .UNSPECIFIED.)
CURVE()
GEOMETRIC_REPRESENTATION_ITEM()
RATIONAL_B_SPLINE_CURVE((1361.01601141749,1381.65800219811,1396.03903975565))
REPRESENTATION_ITEM('')
);
#36=PLANE('',#1348);
#37=PLANE('',#1359);
#38=PLANE('',#1360);
#39=PLANE('',#1367);
#40=PLANE('',#1369);
#41=PLANE('',#1372);
#42=PLANE('',#1374);
#43=PLANE('',#1375);
#44=PLANE('',#1388);
#45=PLANE('',#1389);
#46=PLANE('',#1390);
#47=PLANE('',#1391);
#48=PLANE('',#1392);
#49=PLANE('',#1393);
#50=PLANE('',#1395);
#51=PLANE('',#1397);
#52=PLANE('',#1398);
#53=PLANE('',#1401);
#54=PLANE('',#1403);
#55=PLANE('',#1404);
#56=PLANE('',#1406);
#57=PLANE('',#1407);
#58=PLANE('',#1410);
#59=PLANE('',#1417);
#60=PLANE('',#1418);
#61=PLANE('',#1419);
#62=PLANE('',#1422);
#63=PLANE('',#1430);
#64=PLANE('',#1431);
#65=PLANE('',#1432);
#66=PLANE('',#1434);
#67=PLANE('',#1436);
#68=PLANE('',#1438);
#69=PLANE('',#1440);
#70=PLANE('',#1442);
#71=PLANE('',#1443);
#72=PLANE('',#1444);
#73=PLANE('',#1445);
#74=PLANE('',#1447);
#75=PLANE('',#1452);
#76=PLANE('',#1453);
#77=PLANE('',#1454);
#78=PLANE('',#1455);
#79=PLANE('',#1456);
#80=PLANE('',#1458);
#81=PLANE('',#1460);
#82=PLANE('',#1461);
#83=PLANE('',#1468);
#84=CYLINDRICAL_SURFACE('',#1342,3.55);
#85=CYLINDRICAL_SURFACE('',#1345,3.55);
#86=CYLINDRICAL_SURFACE('',#1350,1.25);
#87=CYLINDRICAL_SURFACE('',#1356,3.55);
#88=CYLINDRICAL_SURFACE('',#1362,1.25);
#89=CYLINDRICAL_SURFACE('',#1370,3.55);
#90=CYLINDRICAL_SURFACE('',#1377,4.);
#91=CYLINDRICAL_SURFACE('',#1382,1.25);
#92=CYLINDRICAL_SURFACE('',#1449,2.9);
#93=CYLINDRICAL_SURFACE('',#1450,2.75);
#94=CYLINDRICAL_SURFACE('',#1457,3.699999999987);
#95=CYLINDRICAL_SURFACE('',#1459,1.85);
#96=CYLINDRICAL_SURFACE('',#1462,1.757286495467);
#97=CYLINDRICAL_SURFACE('',#1463,3.7);
#98=CYLINDRICAL_SURFACE('',#1464,1.3);
#99=CYLINDRICAL_SURFACE('',#1465,1.3);
#100=CYLINDRICAL_SURFACE('',#1466,2.9);
#101=FACE_OUTER_BOUND('',#171,.T.);
#102=FACE_OUTER_BOUND('',#172,.T.);
#103=FACE_OUTER_BOUND('',#173,.T.);
#104=FACE_OUTER_BOUND('',#174,.T.);
#105=FACE_OUTER_BOUND('',#175,.T.);
#106=FACE_OUTER_BOUND('',#176,.T.);
#107=FACE_OUTER_BOUND('',#177,.T.);
#108=FACE_OUTER_BOUND('',#178,.T.);
#109=FACE_OUTER_BOUND('',#179,.T.);
#110=FACE_OUTER_BOUND('',#180,.T.);
#111=FACE_OUTER_BOUND('',#181,.T.);
#112=FACE_OUTER_BOUND('',#183,.T.);
#113=FACE_OUTER_BOUND('',#184,.T.);
#114=FACE_OUTER_BOUND('',#185,.T.);
#115=FACE_OUTER_BOUND('',#187,.T.);
#116=FACE_OUTER_BOUND('',#188,.T.);
#117=FACE_OUTER_BOUND('',#190,.T.);
#118=FACE_OUTER_BOUND('',#191,.T.);
#119=FACE_OUTER_BOUND('',#192,.T.);
#120=FACE_OUTER_BOUND('',#193,.T.);
#121=FACE_OUTER_BOUND('',#194,.T.);
#122=FACE_OUTER_BOUND('',#195,.T.);
#123=FACE_OUTER_BOUND('',#196,.T.);
#124=FACE_OUTER_BOUND('',#197,.T.);
#125=FACE_OUTER_BOUND('',#198,.T.);
#126=FACE_OUTER_BOUND('',#200,.T.);
#127=FACE_OUTER_BOUND('',#202,.T.);
#128=FACE_OUTER_BOUND('',#203,.T.);
#129=FACE_OUTER_BOUND('',#204,.T.);
#130=FACE_OUTER_BOUND('',#205,.T.);
#131=FACE_OUTER_BOUND('',#207,.T.);
#132=FACE_OUTER_BOUND('',#208,.T.);
#133=FACE_OUTER_BOUND('',#209,.T.);
#134=FACE_OUTER_BOUND('',#210,.T.);
#135=FACE_OUTER_BOUND('',#211,.T.);
#136=FACE_OUTER_BOUND('',#214,.T.);
#137=FACE_OUTER_BOUND('',#215,.T.);
#138=FACE_OUTER_BOUND('',#216,.T.);
#139=FACE_OUTER_BOUND('',#217,.T.);
#140=FACE_OUTER_BOUND('',#220,.T.);
#141=FACE_OUTER_BOUND('',#221,.T.);
#142=FACE_OUTER_BOUND('',#222,.T.);
#143=FACE_OUTER_BOUND('',#223,.T.);
#144=FACE_OUTER_BOUND('',#224,.T.);
#145=FACE_OUTER_BOUND('',#225,.T.);
#146=FACE_OUTER_BOUND('',#226,.T.);
#147=FACE_OUTER_BOUND('',#227,.T.);
#148=FACE_OUTER_BOUND('',#228,.T.);
#149=FACE_OUTER_BOUND('',#229,.T.);
#150=FACE_OUTER_BOUND('',#230,.T.);
#151=FACE_OUTER_BOUND('',#231,.T.);
#152=FACE_OUTER_BOUND('',#232,.T.);
#153=FACE_OUTER_BOUND('',#234,.T.);
#154=FACE_OUTER_BOUND('',#235,.T.);
#155=FACE_OUTER_BOUND('',#236,.T.);
#156=FACE_OUTER_BOUND('',#238,.T.);
#157=FACE_OUTER_BOUND('',#239,.T.);
#158=FACE_OUTER_BOUND('',#240,.T.);
#159=FACE_OUTER_BOUND('',#241,.T.);
#160=FACE_OUTER_BOUND('',#242,.T.);
#161=FACE_OUTER_BOUND('',#243,.T.);
#162=FACE_OUTER_BOUND('',#244,.T.);
#163=FACE_OUTER_BOUND('',#245,.T.);
#164=FACE_OUTER_BOUND('',#246,.T.);
#165=FACE_OUTER_BOUND('',#247,.T.);
#166=FACE_OUTER_BOUND('',#248,.T.);
#167=FACE_OUTER_BOUND('',#249,.T.);
#168=FACE_OUTER_BOUND('',#250,.T.);
#169=FACE_OUTER_BOUND('',#251,.T.);
#170=FACE_OUTER_BOUND('',#252,.T.);
#171=EDGE_LOOP('',(#866,#867,#868,#869));
#172=EDGE_LOOP('',(#870,#871,#872,#873));
#173=EDGE_LOOP('',(#874,#875,#876,#877,#878));
#174=EDGE_LOOP('',(#879,#880,#881,#882,#883,#884,#885,#886,#887,#888,#889,
#890,#891));
#175=EDGE_LOOP('',(#892,#893,#894));
#176=EDGE_LOOP('',(#895,#896,#897,#898,#899));
#177=EDGE_LOOP('',(#900,#901,#902,#903,#904,#905,#906));
#178=EDGE_LOOP('',(#907,#908,#909,#910,#911,#912,#913,#914,#915,#916,#917,
#918,#919,#920));
#179=EDGE_LOOP('',(#921,#922,#923,#924));
#180=EDGE_LOOP('',(#925,#926,#927,#928,#929,#930,#931,#932,#933,#934,#935,
#936,#937,#938,#939,#940));
#181=EDGE_LOOP('',(#941,#942));
#182=EDGE_LOOP('',(#943));
#183=EDGE_LOOP('',(#944,#945));
#184=EDGE_LOOP('',(#946,#947,#948,#949));
#185=EDGE_LOOP('',(#950,#951,#952,#953,#954,#955,#956,#957,#958));
#186=EDGE_LOOP('',(#959,#960,#961,#962,#963));
#187=EDGE_LOOP('',(#964,#965,#966,#967,#968));
#188=EDGE_LOOP('',(#969,#970,#971,#972,#973,#974,#975,#976,#977,#978));
#189=EDGE_LOOP('',(#979,#980,#981,#982));
#190=EDGE_LOOP('',(#983,#984,#985,#986,#987,#988,#989,#990,#991,#992,#993,
#994));
#191=EDGE_LOOP('',(#995,#996,#997,#998,#999));
#192=EDGE_LOOP('',(#1000,#1001,#1002,#1003,#1004,#1005,#1006,#1007,#1008,
#1009,#1010,#1011,#1012,#1013,#1014,#1015,#1016));
#193=EDGE_LOOP('',(#1017,#1018,#1019));
#194=EDGE_LOOP('',(#1020,#1021,#1022,#1023));
#195=EDGE_LOOP('',(#1024,#1025,#1026,#1027));
#196=EDGE_LOOP('',(#1028,#1029,#1030,#1031));
#197=EDGE_LOOP('',(#1032,#1033));
#198=EDGE_LOOP('',(#1034));
#199=EDGE_LOOP('',(#1035));
#200=EDGE_LOOP('',(#1036));
#201=EDGE_LOOP('',(#1037));
#202=EDGE_LOOP('',(#1038,#1039,#1040,#1041));
#203=EDGE_LOOP('',(#1042,#1043,#1044,#1045));
#204=EDGE_LOOP('',(#1046,#1047,#1048,#1049));
#205=EDGE_LOOP('',(#1050,#1051));
#206=EDGE_LOOP('',(#1052));
#207=EDGE_LOOP('',(#1053,#1054,#1055,#1056));
#208=EDGE_LOOP('',(#1057,#1058,#1059,#1060,#1061,#1062,#1063,#1064));
#209=EDGE_LOOP('',(#1065,#1066,#1067,#1068));
#210=EDGE_LOOP('',(#1069,#1070,#1071,#1072,#1073,#1074,#1075));
#211=EDGE_LOOP('',(#1076,#1077,#1078,#1079,#1080,#1081,#1082,#1083,#1084,
#1085,#1086,#1087,#1088,#1089));
#212=EDGE_LOOP('',(#1090));
#213=EDGE_LOOP('',(#1091));
#214=EDGE_LOOP('',(#1092,#1093,#1094,#1095));
#215=EDGE_LOOP('',(#1096,#1097,#1098,#1099));
#216=EDGE_LOOP('',(#1100,#1101,#1102,#1103,#1104,#1105,#1106));
#217=EDGE_LOOP('',(#1107,#1108,#1109,#1110,#1111,#1112,#1113,#1114,#1115,
#1116,#1117));
#218=EDGE_LOOP('',(#1118));
#219=EDGE_LOOP('',(#1119));
#220=EDGE_LOOP('',(#1120,#1121,#1122,#1123,#1124));
#221=EDGE_LOOP('',(#1125,#1126,#1127,#1128,#1129,#1130));
#222=EDGE_LOOP('',(#1131,#1132,#1133,#1134,#1135,#1136));
#223=EDGE_LOOP('',(#1137,#1138,#1139));
#224=EDGE_LOOP('',(#1140,#1141,#1142));
#225=EDGE_LOOP('',(#1143,#1144,#1145));
#226=EDGE_LOOP('',(#1146,#1147,#1148));
#227=EDGE_LOOP('',(#1149,#1150,#1151,#1152));
#228=EDGE_LOOP('',(#1153,#1154,#1155,#1156));
#229=EDGE_LOOP('',(#1157,#1158,#1159));
#230=EDGE_LOOP('',(#1160,#1161));
#231=EDGE_LOOP('',(#1162,#1163,#1164));
#232=EDGE_LOOP('',(#1165));
#233=EDGE_LOOP('',(#1166));
#234=EDGE_LOOP('',(#1167,#1168,#1169,#1170,#1171,#1172,#1173,#1174,#1175));
#235=EDGE_LOOP('',(#1176,#1177,#1178,#1179));
#236=EDGE_LOOP('',(#1180));
#237=EDGE_LOOP('',(#1181));
#238=EDGE_LOOP('',(#1182,#1183,#1184,#1185,#1186,#1187));
#239=EDGE_LOOP('',(#1188,#1189,#1190,#1191,#1192,#1193));
#240=EDGE_LOOP('',(#1194,#1195,#1196,#1197));
#241=EDGE_LOOP('',(#1198,#1199,#1200,#1201));
#242=EDGE_LOOP('',(#1202,#1203,#1204,#1205));
#243=EDGE_LOOP('',(#1206,#1207,#1208,#1209));
#244=EDGE_LOOP('',(#1210,#1211,#1212,#1213));
#245=EDGE_LOOP('',(#1214,#1215,#1216,#1217));
#246=EDGE_LOOP('',(#1218,#1219,#1220,#1221,#1222));
#247=EDGE_LOOP('',(#1223,#1224,#1225,#1226));
#248=EDGE_LOOP('',(#1227,#1228,#1229,#1230));
#249=EDGE_LOOP('',(#1231,#1232,#1233,#1234));
#250=EDGE_LOOP('',(#1235,#1236,#1237,#1238));
#251=EDGE_LOOP('',(#1239,#1240,#1241,#1242,#1243,#1244,#1245,#1246,#1247));
#252=EDGE_LOOP('',(#1248,#1249));
#253=B_SPLINE_CURVE_WITH_KNOTS('',3,(#1859,#1860,#1861,#1862,#1863,#1864,
#1865),.UNSPECIFIED.,.F.,.F.,(4,3,4),(1414.06217145592,1414.12430067971,
1414.16736511034),.UNSPECIFIED.);
#254=B_SPLINE_CURVE_WITH_KNOTS('',3,(#1883,#1884,#1885,#1886,#1887,#1888,
#1889,#1890,#1891,#1892,#1893,#1894,#1895,#1896,#1897,#1898,#1899,#1900,
#1901,#1902,#1903,#1904,#1905,#1906,#1907,#1908,#1909,#1910,#1911,#1912,
#1913,#1914,#1915,#1916,#1917,#1918,#1919,#1920,#1921,#1922,#1923,#1924,
#1925,#1926,#1927,#1928,#1929,#1930,#1931,#1932,#1933,#1934,#1935,#1936,
#1937,#1938,#1939,#1940),.UNSPECIFIED.,.F.,.F.,(4,3,3,3,3,3,3,3,3,3,3,3,
3,3,3,3,3,3,3,4),(0.328222451431499,0.342199661212,0.373456316302685,0.404740338211474,
0.429553317914,0.454316584128162,0.479078729692468,0.503829208904798,0.528566978081525,
0.553281435296607,0.559213058123,0.590229267580716,0.621417165001569,0.643420482136,
0.682102914381964,0.708725603132,0.74792645277156,0.78781007721049,0.828436025091081,
0.857496979268865),.UNSPECIFIED.);
#255=B_SPLINE_CURVE_WITH_KNOTS('',3,(#1944,#1945,#1946,#1947,#1948,#1949,
#1950),.UNSPECIFIED.,.F.,.F.,(4,3,4),(1414.06217145592,1414.12430067971,
1414.16736511034),.UNSPECIFIED.);
#256=B_SPLINE_CURVE_WITH_KNOTS('',3,(#1976,#1977,#1978,#1979,#1980,#1981,
#1982,#1983,#1984,#1985,#1986,#1987,#1988,#1989,#1990,#1991),
 .UNSPECIFIED.,.F.,.F.,(4,3,3,3,3,4),(0.00142359857365559,0.14188908038056,
0.241679463204,0.384859832121587,0.533882913569794,0.682905995018),
 .UNSPECIFIED.);
#257=B_SPLINE_CURVE_WITH_KNOTS('',3,(#1996,#1997,#1998,#1999,#2000,#2001),
 .UNSPECIFIED.,.F.,.F.,(4,2,4),(-0.355775328788611,-0.33401578146799,-0.314251063198355),
 .UNSPECIFIED.);
#258=B_SPLINE_CURVE_WITH_KNOTS('',3,(#2009,#2010,#2011,#2012,#2013,#2014,
#2015,#2016,#2017,#2018,#2019,#2020,#2021,#2022,#2023,#2024,#2025,#2026,
#2027,#2028,#2029,#2030,#2031,#2032,#2033,#2034,#2035,#2036,#2037,#2038,
#2039,#2040,#2041,#2042,#2043,#2044,#2045,#2046,#2047,#2048,#2049,#2050,
#2051,#2052,#2053,#2054,#2055,#2056,#2057,#2058,#2059,#2060,#2061,#2062,
#2063,#2064,#2065,#2066,#2067,#2068,#2069,#2070,#2071,#2072,#2073,#2074,
#2075,#2076,#2077,#2078,#2079,#2080,#2081),.UNSPECIFIED.,.F.,.F.,(4,3,3,
3,3,3,3,3,3,3,3,3,3,3,3,3,3,3,3,3,3,3,3,3,4),(0.142396032381265,0.182771161067086,
0.222611775291636,0.261514962555532,0.27148804884,0.309899741827055,0.342199661309,
0.373456316450065,0.404740338355511,0.429553318036,0.454316584252434,0.479078729817369,
0.503829209034105,0.528566978217992,0.553281435447236,0.559213058281,0.590229263865505,
0.621417161510905,0.643420482287,0.682102914178117,0.708725603255,0.74792645284779,
0.787810077247454,0.828436025111466,0.85749697932979),.UNSPECIFIED.);
#259=B_SPLINE_CURVE_WITH_KNOTS('',3,(#2111,#2112,#2113,#2114,#2115,#2116,
#2117,#2118,#2119,#2120,#2121,#2122,#2123,#2124,#2125,#2126,#2127,#2128),
 .UNSPECIFIED.,.F.,.F.,(4,2,2,2,2,2,2,2,4),(0.399182949610303,0.426976974205504,
0.474438417187981,0.522026703492072,0.569614989796164,0.616905576945762,
0.664196164095361,0.711613613270708,0.739375729859648),.UNSPECIFIED.);
#260=B_SPLINE_CURVE_WITH_KNOTS('',3,(#2135,#2136,#2137,#2138,#2139,#2140,
#2141),.UNSPECIFIED.,.F.,.F.,(4,3,4),(0.904166215175264,0.915969307857495,
0.945832915870607),.UNSPECIFIED.);
#261=B_SPLINE_CURVE_WITH_KNOTS('',3,(#2205,#2206,#2207,#2208,#2209,#2210,
#2211,#2212,#2213,#2214,#2215,#2216,#2217,#2218,#2219,#2220,#2221,#2222),
 .UNSPECIFIED.,.F.,.F.,(4,2,2,2,2,2,2,2,4),(-0.739375729859648,-0.711613613270708,
-0.664196164095361,-0.616905576945762,-0.569614989796164,-0.522026703492072,
-0.474438417187981,-0.426976974205504,-0.399182949610303),.UNSPECIFIED.);
#262=B_SPLINE_CURVE_WITH_KNOTS('',3,(#2231,#2232,#2233,#2234,#2235,#2236,
#2237),.UNSPECIFIED.,.F.,.F.,(4,3,4),(0.904166215174999,0.915969307857495,
0.945832915870607),.UNSPECIFIED.);
#263=CIRCLE('',#1340,3.55);
#264=CIRCLE('',#1341,3.85);
#265=CIRCLE('',#1343,3.55);
#266=CIRCLE('',#1344,3.55);
#267=CIRCLE('',#1346,3.55);
#268=CIRCLE('',#1347,3.55);
#269=CIRCLE('',#1349,1.25);
#270=CIRCLE('',#1352,1.250000000913);
#271=CIRCLE('',#1354,3.55);
#272=CIRCLE('',#1355,3.85);
#273=CIRCLE('',#1357,3.55);
#274=CIRCLE('',#1358,3.55);
#275=CIRCLE('',#1361,4.);
#276=CIRCLE('',#1363,1.25);
#277=CIRCLE('',#1364,1.25);
#278=CIRCLE('',#1365,1.25);
#279=CIRCLE('',#1366,1.25);
#280=CIRCLE('',#1368,3.5);
#281=CIRCLE('',#1371,3.55);
#282=CIRCLE('',#1373,3.85);
#283=CIRCLE('',#1376,4.);
#284=CIRCLE('',#1378,4.);
#285=CIRCLE('',#1379,4.);
#286=CIRCLE('',#1381,3.85);
#287=CIRCLE('',#1383,1.25);
#288=CIRCLE('',#1384,1.25);
#289=CIRCLE('',#1386,1.25);
#290=CIRCLE('',#1387,1.25);
#291=CIRCLE('',#1394,2.9);
#292=CIRCLE('',#1396,2.75);
#293=CIRCLE('',#1399,3.85);
#294=CIRCLE('',#1402,3.5);
#295=CIRCLE('',#1405,2.9);
#296=CIRCLE('',#1411,3.7);
#297=CIRCLE('',#1412,1.757286495467);
#298=CIRCLE('',#1413,1.85);
#299=CIRCLE('',#1414,3.699999999987);
#300=CIRCLE('',#1415,1.3);
#301=CIRCLE('',#1416,1.3);
#302=CIRCLE('',#1423,3.699999999987);
#303=CIRCLE('',#1424,1.85);
#304=CIRCLE('',#1425,2.9);
#305=CIRCLE('',#1426,1.757286495467);
#306=CIRCLE('',#1427,3.7);
#307=CIRCLE('',#1428,1.3);
#308=CIRCLE('',#1429,1.3);
#309=CIRCLE('',#1435,2.9);
#310=CIRCLE('',#1437,2.9);
#311=CIRCLE('',#1439,2.9);
#312=CIRCLE('',#1441,2.9);
#313=CIRCLE('',#1448,2.9);
#314=CIRCLE('',#1451,2.75);
#315=CIRCLE('',#1467,2.9);
#316=LINE('',#1855,#436);
#317=LINE('',#1869,#437);
#318=LINE('',#1872,#438);
#319=LINE('',#1877,#439);
#320=LINE('',#1881,#440);
#321=LINE('',#1943,#441);
#322=LINE('',#1952,#442);
#323=LINE('',#1954,#443);
#324=LINE('',#1956,#444);
#325=LINE('',#1958,#445);
#326=LINE('',#1965,#446);
#327=LINE('',#1967,#447);
#328=LINE('',#1969,#448);
#329=LINE('',#1970,#449);
#330=LINE('',#2082,#450);
#331=LINE('',#2086,#451);
#332=LINE('',#2088,#452);
#333=LINE('',#2090,#453);
#334=LINE('',#2092,#454);
#335=LINE('',#2093,#455);
#336=LINE('',#2094,#456);
#337=LINE('',#2097,#457);
#338=LINE('',#2104,#458);
#339=LINE('',#2109,#459);
#340=LINE('',#2130,#460);
#341=LINE('',#2133,#461);
#342=LINE('',#2143,#462);
#343=LINE('',#2144,#463);
#344=LINE('',#2153,#464);
#345=LINE('',#2155,#465);
#346=LINE('',#2157,#466);
#347=LINE('',#2159,#467);
#348=LINE('',#2161,#468);
#349=LINE('',#2163,#469);
#350=LINE('',#2165,#470);
#351=LINE('',#2167,#471);
#352=LINE('',#2168,#472);
#353=LINE('',#2169,#473);
#354=LINE('',#2173,#474);
#355=LINE('',#2174,#475);
#356=LINE('',#2178,#476);
#357=LINE('',#2180,#477);
#358=LINE('',#2182,#478);
#359=LINE('',#2184,#479);
#360=LINE('',#2186,#480);
#361=LINE('',#2188,#481);
#362=LINE('',#2190,#482);
#363=LINE('',#2192,#483);
#364=LINE('',#2194,#484);
#365=LINE('',#2195,#485);
#366=LINE('',#2198,#486);
#367=LINE('',#2203,#487);
#368=LINE('',#2224,#488);
#369=LINE('',#2226,#489);
#370=LINE('',#2227,#490);
#371=LINE('',#2228,#491);
#372=LINE('',#2243,#492);
#373=LINE('',#2246,#493);
#374=LINE('',#2247,#494);
#375=LINE('',#2250,#495);
#376=LINE('',#2252,#496);
#377=LINE('',#2255,#497);
#378=LINE('',#2257,#498);
#379=LINE('',#2260,#499);
#380=LINE('',#2264,#500);
#381=LINE('',#2281,#501);
#382=LINE('',#2282,#502);
#383=LINE('',#2283,#503);
#384=LINE('',#2288,#504);
#385=LINE('',#2290,#505);
#386=LINE('',#2292,#506);
#387=LINE('',#2294,#507);
#388=LINE('',#2295,#508);
#389=LINE('',#2298,#509);
#390=LINE('',#2299,#510);
#391=LINE('',#2305,#511);
#392=LINE('',#2306,#512);
#393=LINE('',#2310,#513);
#394=LINE('',#2316,#514);
#395=LINE('',#2318,#515);
#396=LINE('',#2320,#516);
#397=LINE('',#2322,#517);
#398=LINE('',#2323,#518);
#399=LINE('',#2325,#519);
#400=LINE('',#2329,#520);
#401=LINE('',#2336,#521);
#402=LINE('',#2339,#522);
#403=LINE('',#2340,#523);
#404=LINE('',#2343,#524);
#405=LINE('',#2348,#525);
#406=LINE('',#2352,#526);
#407=LINE('',#2356,#527);
#408=LINE('',#2361,#528);
#409=LINE('',#2371,#529);
#410=LINE('',#2373,#530);
#411=LINE('',#2374,#531);
#412=LINE('',#2375,#532);
#413=LINE('',#2378,#533);
#414=LINE('',#2379,#534);
#415=LINE('',#2380,#535);
#416=LINE('',#2382,#536);
#417=LINE('',#2384,#537);
#418=LINE('',#2395,#538);
#419=LINE('',#2397,#539);
#420=LINE('',#2405,#540);
#421=LINE('',#2409,#541);
#422=LINE('',#2413,#542);
#423=LINE('',#2414,#543);
#424=LINE('',#2417,#544);
#425=LINE('',#2418,#545);
#426=LINE('',#2420,#546);
#427=LINE('',#2422,#547);
#428=LINE('',#2423,#548);
#429=LINE('',#2425,#549);
#430=LINE('',#2427,#550);
#431=LINE('',#2431,#551);
#432=LINE('',#2433,#552);
#433=LINE('',#2436,#553);
#434=LINE('',#2438,#554);
#435=LINE('',#2441,#555);
#436=VECTOR('',#1473,3.85);
#437=VECTOR('',#1480,3.55);
#438=VECTOR('',#1483,1.);
#439=VECTOR('',#1488,3.55);
#440=VECTOR('',#1491,1.);
#441=VECTOR('',#1496,1.);
#442=VECTOR('',#1497,1.);
#443=VECTOR('',#1498,1.);
#444=VECTOR('',#1499,1.);
#445=VECTOR('',#1500,1.);
#446=VECTOR('',#1503,1.);
#447=VECTOR('',#1504,1.);
#448=VECTOR('',#1505,1.);
#449=VECTOR('',#1506,1.);
#450=VECTOR('',#1523,1.);
#451=VECTOR('',#1528,1.00000000000043);
#452=VECTOR('',#1529,1.);
#453=VECTOR('',#1530,1.00000000000043);
#454=VECTOR('',#1531,1.);
#455=VECTOR('',#1532,1.00000000000043);
#456=VECTOR('',#1533,1.);
#457=VECTOR('',#1536,1.);
#458=VECTOR('',#1543,1.25);
#459=VECTOR('',#1548,1.);
#460=VECTOR('',#1549,1.);
#461=VECTOR('',#1552,1.);
#462=VECTOR('',#1553,1.);
#463=VECTOR('',#1554,1.);
#464=VECTOR('',#1567,0.999999999999658);
#465=VECTOR('',#1568,1.);
#466=VECTOR('',#1569,0.99999999999997);
#467=VECTOR('',#1570,1.);
#468=VECTOR('',#1571,0.99999999999997);
#469=VECTOR('',#1572,1.);
#470=VECTOR('',#1573,1.);
#471=VECTOR('',#1574,1.);
#472=VECTOR('',#1575,1.);
#473=VECTOR('',#1576,1.);
#474=VECTOR('',#1581,1.);
#475=VECTOR('',#1582,1.);
#476=VECTOR('',#1585,0.999999999999658);
#477=VECTOR('',#1586,1.);
#478=VECTOR('',#1587,1.);
#479=VECTOR('',#1588,0.99999999999997);
#480=VECTOR('',#1589,1.);
#481=VECTOR('',#1590,0.99999999999997);
#482=VECTOR('',#1591,1.);
#483=VECTOR('',#1592,1.);
#484=VECTOR('',#1593,0.999999999999658);
#485=VECTOR('',#1594,1.);
#486=VECTOR('',#1597,1.);
#487=VECTOR('',#1602,1.);
#488=VECTOR('',#1603,1.);
#489=VECTOR('',#1606,1.);
#490=VECTOR('',#1607,1.);
#491=VECTOR('',#1608,1.);
#492=VECTOR('',#1617,1.25);
#493=VECTOR('',#1620,1.);
#494=VECTOR('',#1621,1.);
#495=VECTOR('',#1624,1.);
#496=VECTOR('',#1625,1.);
#497=VECTOR('',#1628,1.);
#498=VECTOR('',#1629,1.);
#499=VECTOR('',#1634,1.);
#500=VECTOR('',#1641,1.);
#501=VECTOR('',#1666,0.999999999999658);
#502=VECTOR('',#1667,1.);
#503=VECTOR('',#1668,1.);
#504=VECTOR('',#1673,1.);
#505=VECTOR('',#1674,1.);
#506=VECTOR('',#1675,1.);
#507=VECTOR('',#1676,1.);
#508=VECTOR('',#1677,1.);
#509=VECTOR('',#1680,1.);
#510=VECTOR('',#1681,1.);
#511=VECTOR('',#1688,1.);
#512=VECTOR('',#1689,1.);
#513=VECTOR('',#1692,1.00000000000045);
#514=VECTOR('',#1697,1.);
#515=VECTOR('',#1698,1.);
#516=VECTOR('',#1699,1.);
#517=VECTOR('',#1700,1.);
#518=VECTOR('',#1701,1.);
#519=VECTOR('',#1702,0.999999999999981);
#520=VECTOR('',#1705,0.999999999999726);
#521=VECTOR('',#1714,1.);
#522=VECTOR('',#1717,1.);
#523=VECTOR('',#1718,0.999999999999981);
#524=VECTOR('',#1721,1.);
#525=VECTOR('',#1726,1.);
#526=VECTOR('',#1729,0.99999999999971);
#527=VECTOR('',#1732,0.999999999999726);
#528=VECTOR('',#1737,1.);
#529=VECTOR('',#1748,0.999999999999658);
#530=VECTOR('',#1749,1.);
#531=VECTOR('',#1750,1.);
#532=VECTOR('',#1751,1.);
#533=VECTOR('',#1754,1.);
#534=VECTOR('',#1755,1.);
#535=VECTOR('',#1756,1.);
#536=VECTOR('',#1759,0.999999999999658);
#537=VECTOR('',#1760,1.);
#538=VECTOR('',#1781,1.);
#539=VECTOR('',#1784,1.);
#540=VECTOR('',#1797,2.9);
#541=VECTOR('',#1802,2.75);
#542=VECTOR('',#1807,1.);
#543=VECTOR('',#1808,0.999999999999658);
#544=VECTOR('',#1811,0.999999999999658);
#545=VECTOR('',#1812,1.);
#546=VECTOR('',#1815,1.);
#547=VECTOR('',#1818,1.);
#548=VECTOR('',#1819,1.);
#549=VECTOR('',#1822,1.);
#550=VECTOR('',#1825,1.);
#551=VECTOR('',#1832,1.);
#552=VECTOR('',#1835,1.);
#553=VECTOR('',#1840,1.3);
#554=VECTOR('',#1843,1.3);
#555=VECTOR('',#1848,2.9);
#556=VERTEX_POINT('',#1853);
#557=VERTEX_POINT('',#1854);
#558=VERTEX_POINT('',#1856);
#559=VERTEX_POINT('',#1858);
#560=VERTEX_POINT('',#1868);
#561=VERTEX_POINT('',#1871);
#562=VERTEX_POINT('',#1875);
#563=VERTEX_POINT('',#1876);
#564=VERTEX_POINT('',#1878);
#565=VERTEX_POINT('',#1880);
#566=VERTEX_POINT('',#1882);
#567=VERTEX_POINT('',#1951);
#568=VERTEX_POINT('',#1953);
#569=VERTEX_POINT('',#1955);
#570=VERTEX_POINT('',#1957);
#571=VERTEX_POINT('',#1959);
#572=VERTEX_POINT('',#1964);
#573=VERTEX_POINT('',#1966);
#574=VERTEX_POINT('',#1968);
#575=VERTEX_POINT('',#1972);
#576=VERTEX_POINT('',#1974);
#577=VERTEX_POINT('',#1993);
#578=VERTEX_POINT('',#1995);
#579=VERTEX_POINT('',#2007);
#580=VERTEX_POINT('',#2085);
#581=VERTEX_POINT('',#2087);
#582=VERTEX_POINT('',#2089);
#583=VERTEX_POINT('',#2091);
#584=VERTEX_POINT('',#2096);
#585=VERTEX_POINT('',#2100);
#586=VERTEX_POINT('',#2101);
#587=VERTEX_POINT('',#2103);
#588=VERTEX_POINT('',#2106);
#589=VERTEX_POINT('',#2108);
#590=VERTEX_POINT('',#2110);
#591=VERTEX_POINT('',#2129);
#592=VERTEX_POINT('',#2131);
#593=VERTEX_POINT('',#2134);
#594=VERTEX_POINT('',#2142);
#595=VERTEX_POINT('',#2151);
#596=VERTEX_POINT('',#2152);
#597=VERTEX_POINT('',#2154);
#598=VERTEX_POINT('',#2156);
#599=VERTEX_POINT('',#2158);
#600=VERTEX_POINT('',#2160);
#601=VERTEX_POINT('',#2162);
#602=VERTEX_POINT('',#2164);
#603=VERTEX_POINT('',#2166);
#604=VERTEX_POINT('',#2172);
#605=VERTEX_POINT('',#2176);
#606=VERTEX_POINT('',#2177);
#607=VERTEX_POINT('',#2179);
#608=VERTEX_POINT('',#2181);
#609=VERTEX_POINT('',#2183);
#610=VERTEX_POINT('',#2185);
#611=VERTEX_POINT('',#2187);
#612=VERTEX_POINT('',#2189);
#613=VERTEX_POINT('',#2191);
#614=VERTEX_POINT('',#2193);
#615=VERTEX_POINT('',#2196);
#616=VERTEX_POINT('',#2200);
#617=VERTEX_POINT('',#2202);
#618=VERTEX_POINT('',#2204);
#619=VERTEX_POINT('',#2223);
#620=VERTEX_POINT('',#2230);
#621=VERTEX_POINT('',#2240);
#622=VERTEX_POINT('',#2242);
#623=VERTEX_POINT('',#2244);
#624=VERTEX_POINT('',#2248);
#625=VERTEX_POINT('',#2251);
#626=VERTEX_POINT('',#2253);
#627=VERTEX_POINT('',#2256);
#628=VERTEX_POINT('',#2267);
#629=VERTEX_POINT('',#2270);
#630=VERTEX_POINT('',#2279);
#631=VERTEX_POINT('',#2280);
#632=VERTEX_POINT('',#2285);
#633=VERTEX_POINT('',#2286);
#634=VERTEX_POINT('',#2289);
#635=VERTEX_POINT('',#2291);
#636=VERTEX_POINT('',#2293);
#637=VERTEX_POINT('',#2297);
#638=VERTEX_POINT('',#2301);
#639=VERTEX_POINT('',#2303);
#640=VERTEX_POINT('',#2308);
#641=VERTEX_POINT('',#2309);
#642=VERTEX_POINT('',#2311);
#643=VERTEX_POINT('',#2313);
#644=VERTEX_POINT('',#2315);
#645=VERTEX_POINT('',#2317);
#646=VERTEX_POINT('',#2319);
#647=VERTEX_POINT('',#2321);
#648=VERTEX_POINT('',#2324);
#649=VERTEX_POINT('',#2326);
#650=VERTEX_POINT('',#2328);
#651=VERTEX_POINT('',#2331);
#652=VERTEX_POINT('',#2333);
#653=VERTEX_POINT('',#2338);
#654=VERTEX_POINT('',#2342);
#655=VERTEX_POINT('',#2344);
#656=VERTEX_POINT('',#2346);
#657=VERTEX_POINT('',#2350);
#658=VERTEX_POINT('',#2351);
#659=VERTEX_POINT('',#2353);
#660=VERTEX_POINT('',#2355);
#661=VERTEX_POINT('',#2358);
#662=VERTEX_POINT('',#2360);
#663=VERTEX_POINT('',#2362);
#664=VERTEX_POINT('',#2365);
#665=VERTEX_POINT('',#2367);
#666=VERTEX_POINT('',#2370);
#667=VERTEX_POINT('',#2372);
#668=VERTEX_POINT('',#2377);
#669=VERTEX_POINT('',#2383);
#670=VERTEX_POINT('',#2402);
#671=VERTEX_POINT('',#2407);
#672=VERTEX_POINT('',#2412);
#673=VERTEX_POINT('',#2416);
#674=EDGE_CURVE('',#556,#557,#316,.T.);
#675=EDGE_CURVE('',#558,#556,#263,.T.);
#676=EDGE_CURVE('',#559,#558,#253,.F.);
#677=EDGE_CURVE('',#559,#557,#264,.T.);
#678=EDGE_CURVE('',#556,#560,#317,.T.);
#679=EDGE_CURVE('',#556,#558,#265,.T.);
#680=EDGE_CURVE('',#558,#561,#318,.T.);
#681=EDGE_CURVE('',#560,#561,#266,.T.);
#682=EDGE_CURVE('',#562,#563,#319,.T.);
#683=EDGE_CURVE('',#562,#564,#267,.T.);
#684=EDGE_CURVE('',#564,#565,#320,.T.);
#685=EDGE_CURVE('',#565,#566,#254,.T.);
#686=EDGE_CURVE('',#566,#563,#268,.T.);
#687=EDGE_CURVE('',#558,#561,#321,.T.);
#688=EDGE_CURVE('',#559,#558,#255,.F.);
#689=EDGE_CURVE('',#567,#559,#322,.T.);
#690=EDGE_CURVE('',#568,#567,#323,.T.);
#691=EDGE_CURVE('',#569,#568,#324,.T.);
#692=EDGE_CURVE('',#570,#569,#325,.T.);
#693=EDGE_CURVE('',#571,#570,#34,.F.);
#694=EDGE_CURVE('',#565,#571,#269,.T.);
#695=EDGE_CURVE('',#572,#564,#326,.T.);
#696=EDGE_CURVE('',#572,#573,#327,.T.);
#697=EDGE_CURVE('',#574,#573,#328,.T.);
#698=EDGE_CURVE('',#574,#561,#329,.T.);
#699=EDGE_CURVE('',#571,#575,#27,.T.);
#700=EDGE_CURVE('',#571,#576,#270,.T.);
#701=EDGE_CURVE('',#576,#575,#256,.T.);
#702=EDGE_CURVE('',#577,#575,#271,.T.);
#703=EDGE_CURVE('',#578,#577,#257,.T.);
#704=EDGE_CURVE('',#578,#570,#272,.T.);
#705=EDGE_CURVE('',#571,#570,#35,.F.);
#706=EDGE_CURVE('',#563,#579,#273,.T.);
#707=EDGE_CURVE('',#577,#579,#258,.T.);
#708=EDGE_CURVE('',#564,#576,#330,.T.);
#709=EDGE_CURVE('',#564,#562,#274,.T.);
#710=EDGE_CURVE('',#580,#570,#331,.T.);
#711=EDGE_CURVE('',#580,#581,#332,.T.);
#712=EDGE_CURVE('',#582,#581,#333,.T.);
#713=EDGE_CURVE('',#582,#583,#334,.T.);
#714=EDGE_CURVE('',#583,#559,#335,.T.);
#715=EDGE_CURVE('',#558,#561,#336,.T.);
#716=EDGE_CURVE('',#584,#578,#337,.T.);
#717=EDGE_CURVE('',#580,#584,#275,.T.);
#718=EDGE_CURVE('',#585,#586,#276,.T.);
#719=EDGE_CURVE('',#586,#587,#338,.T.);
#720=EDGE_CURVE('',#587,#587,#277,.T.);
#721=EDGE_CURVE('',#586,#588,#278,.T.);
#722=EDGE_CURVE('',#588,#589,#339,.T.);
#723=EDGE_CURVE('',#589,#590,#259,.T.);
#724=EDGE_CURVE('',#591,#590,#340,.T.);
#725=EDGE_CURVE('',#591,#592,#279,.T.);
#726=EDGE_CURVE('',#592,#584,#341,.T.);
#727=EDGE_CURVE('',#579,#593,#260,.T.);
#728=EDGE_CURVE('',#593,#594,#342,.T.);
#729=EDGE_CURVE('',#585,#594,#343,.T.);
#730=EDGE_CURVE('',#572,#572,#280,.T.);
#731=EDGE_CURVE('',#561,#560,#281,.T.);
#732=EDGE_CURVE('',#595,#596,#344,.T.);
#733=EDGE_CURVE('',#595,#597,#345,.T.);
#734=EDGE_CURVE('',#598,#597,#346,.T.);
#735=EDGE_CURVE('',#598,#599,#347,.T.);
#736=EDGE_CURVE('',#600,#599,#348,.T.);
#737=EDGE_CURVE('',#601,#600,#349,.T.);
#738=EDGE_CURVE('',#602,#601,#350,.T.);
#739=EDGE_CURVE('',#602,#603,#351,.T.);
#740=EDGE_CURVE('',#596,#603,#352,.T.);
#741=EDGE_CURVE('',#567,#583,#353,.T.);
#742=EDGE_CURVE('',#557,#559,#282,.T.);
#743=EDGE_CURVE('',#604,#582,#354,.T.);
#744=EDGE_CURVE('',#568,#604,#355,.T.);
#745=EDGE_CURVE('',#605,#606,#356,.T.);
#746=EDGE_CURVE('',#605,#607,#357,.T.);
#747=EDGE_CURVE('',#608,#607,#358,.T.);
#748=EDGE_CURVE('',#608,#609,#359,.T.);
#749=EDGE_CURVE('',#609,#610,#360,.T.);
#750=EDGE_CURVE('',#610,#611,#361,.T.);
#751=EDGE_CURVE('',#611,#612,#362,.T.);
#752=EDGE_CURVE('',#613,#612,#363,.T.);
#753=EDGE_CURVE('',#613,#614,#364,.T.);
#754=EDGE_CURVE('',#614,#606,#365,.T.);
#755=EDGE_CURVE('',#581,#615,#283,.T.);
#756=EDGE_CURVE('',#615,#604,#366,.T.);
#757=EDGE_CURVE('',#594,#616,#284,.T.);
#758=EDGE_CURVE('',#617,#616,#367,.T.);
#759=EDGE_CURVE('',#618,#617,#261,.T.);
#760=EDGE_CURVE('',#619,#618,#368,.T.);
#761=EDGE_CURVE('',#619,#569,#285,.T.);
#762=EDGE_CURVE('',#569,#615,#369,.T.);
#763=EDGE_CURVE('',#590,#584,#370,.T.);
#764=EDGE_CURVE('',#594,#589,#371,.T.);
#765=EDGE_CURVE('',#566,#620,#262,.T.);
#766=EDGE_CURVE('',#620,#593,#286,.T.);
#767=EDGE_CURVE('',#621,#621,#287,.T.);
#768=EDGE_CURVE('',#621,#622,#372,.T.);
#769=EDGE_CURVE('',#622,#623,#288,.T.);
#770=EDGE_CURVE('',#623,#616,#373,.T.);
#771=EDGE_CURVE('',#616,#620,#374,.T.);
#772=EDGE_CURVE('',#624,#571,#28,.T.);
#773=EDGE_CURVE('',#624,#619,#375,.T.);
#774=EDGE_CURVE('',#625,#619,#376,.T.);
#775=EDGE_CURVE('',#625,#626,#289,.T.);
#776=EDGE_CURVE('',#626,#618,#377,.T.);
#777=EDGE_CURVE('',#627,#617,#378,.T.);
#778=EDGE_CURVE('',#627,#622,#290,.T.);
#779=EDGE_CURVE('',#588,#585,#379,.T.);
#780=EDGE_CURVE('',#592,#591,#380,.T.);
#781=EDGE_CURVE('',#628,#628,#291,.T.);
#782=EDGE_CURVE('',#629,#629,#292,.T.);
#783=EDGE_CURVE('',#570,#624,#293,.T.);
#784=EDGE_CURVE('',#574,#574,#294,.T.);
#785=EDGE_CURVE('',#630,#631,#381,.T.);
#786=EDGE_CURVE('',#630,#595,#382,.T.);
#787=EDGE_CURVE('',#596,#631,#383,.T.);
#788=EDGE_CURVE('',#632,#633,#295,.T.);
#789=EDGE_CURVE('',#597,#633,#384,.T.);
#790=EDGE_CURVE('',#634,#630,#385,.T.);
#791=EDGE_CURVE('',#635,#634,#386,.T.);
#792=EDGE_CURVE('',#636,#635,#387,.T.);
#793=EDGE_CURVE('',#632,#636,#388,.T.);
#794=EDGE_CURVE('',#631,#637,#389,.T.);
#795=EDGE_CURVE('',#637,#603,#390,.T.);
#796=EDGE_CURVE('',#633,#638,#29,.T.);
#797=EDGE_CURVE('',#638,#639,#30,.T.);
#798=EDGE_CURVE('',#639,#611,#391,.T.);
#799=EDGE_CURVE('',#610,#598,#392,.T.);
#800=EDGE_CURVE('',#640,#641,#393,.T.);
#801=EDGE_CURVE('',#642,#640,#296,.T.);
#802=EDGE_CURVE('',#642,#643,#297,.T.);
#803=EDGE_CURVE('',#643,#644,#394,.T.);
#804=EDGE_CURVE('',#644,#645,#395,.T.);
#805=EDGE_CURVE('',#646,#645,#396,.T.);
#806=EDGE_CURVE('',#646,#647,#397,.T.);
#807=EDGE_CURVE('',#637,#647,#398,.T.);
#808=EDGE_CURVE('',#648,#602,#399,.T.);
#809=EDGE_CURVE('',#649,#648,#298,.T.);
#810=EDGE_CURVE('',#650,#649,#400,.T.);
#811=EDGE_CURVE('',#641,#650,#299,.T.);
#812=EDGE_CURVE('',#651,#651,#300,.T.);
#813=EDGE_CURVE('',#652,#652,#301,.T.);
#814=EDGE_CURVE('',#599,#609,#401,.T.);
#815=EDGE_CURVE('',#653,#648,#402,.T.);
#816=EDGE_CURVE('',#653,#601,#403,.T.);
#817=EDGE_CURVE('',#654,#608,#404,.T.);
#818=EDGE_CURVE('',#654,#655,#31,.T.);
#819=EDGE_CURVE('',#655,#656,#32,.T.);
#820=EDGE_CURVE('',#656,#600,#405,.T.);
#821=EDGE_CURVE('',#657,#658,#406,.T.);
#822=EDGE_CURVE('',#658,#659,#302,.T.);
#823=EDGE_CURVE('',#660,#659,#407,.T.);
#824=EDGE_CURVE('',#653,#660,#303,.T.);
#825=EDGE_CURVE('',#656,#661,#304,.T.);
#826=EDGE_CURVE('',#661,#662,#408,.T.);
#827=EDGE_CURVE('',#662,#663,#305,.T.);
#828=EDGE_CURVE('',#663,#657,#306,.T.);
#829=EDGE_CURVE('',#664,#664,#307,.T.);
#830=EDGE_CURVE('',#665,#665,#308,.T.);
#831=EDGE_CURVE('',#661,#666,#409,.T.);
#832=EDGE_CURVE('',#667,#661,#410,.T.);
#833=EDGE_CURVE('',#667,#605,#411,.T.);
#834=EDGE_CURVE('',#606,#666,#412,.T.);
#835=EDGE_CURVE('',#668,#614,#413,.T.);
#836=EDGE_CURVE('',#645,#668,#414,.T.);
#837=EDGE_CURVE('',#644,#666,#415,.T.);
#838=EDGE_CURVE('',#668,#636,#416,.T.);
#839=EDGE_CURVE('',#669,#613,#417,.T.);
#840=EDGE_CURVE('',#669,#632,#33,.T.);
#841=EDGE_CURVE('',#612,#669,#309,.T.);
#842=EDGE_CURVE('',#639,#612,#310,.T.);
#843=EDGE_CURVE('',#607,#654,#311,.T.);
#844=EDGE_CURVE('',#667,#607,#312,.T.);
#845=EDGE_CURVE('',#623,#627,#418,.T.);
#846=EDGE_CURVE('',#626,#625,#419,.T.);
#847=EDGE_CURVE('',#670,#670,#313,.T.);
#848=EDGE_CURVE('',#628,#638,#420,.T.);
#849=EDGE_CURVE('',#671,#671,#314,.T.);
#850=EDGE_CURVE('',#671,#629,#421,.T.);
#851=EDGE_CURVE('',#672,#647,#422,.T.);
#852=EDGE_CURVE('',#634,#672,#423,.T.);
#853=EDGE_CURVE('',#635,#673,#424,.T.);
#854=EDGE_CURVE('',#646,#673,#425,.T.);
#855=EDGE_CURVE('',#672,#673,#426,.T.);
#856=EDGE_CURVE('',#641,#658,#427,.T.);
#857=EDGE_CURVE('',#640,#657,#428,.T.);
#858=EDGE_CURVE('',#650,#659,#429,.T.);
#859=EDGE_CURVE('',#649,#660,#430,.T.);
#860=EDGE_CURVE('',#662,#643,#431,.T.);
#861=EDGE_CURVE('',#642,#663,#432,.T.);
#862=EDGE_CURVE('',#651,#664,#433,.T.);
#863=EDGE_CURVE('',#665,#652,#434,.T.);
#864=EDGE_CURVE('',#661,#667,#315,.T.);
#865=EDGE_CURVE('',#655,#670,#435,.T.);
#866=ORIENTED_EDGE('',*,*,#674,.F.);
#867=ORIENTED_EDGE('',*,*,#675,.F.);
#868=ORIENTED_EDGE('',*,*,#676,.F.);
#869=ORIENTED_EDGE('',*,*,#677,.T.);
#870=ORIENTED_EDGE('',*,*,#678,.F.);
#871=ORIENTED_EDGE('',*,*,#679,.T.);
#872=ORIENTED_EDGE('',*,*,#680,.T.);
#873=ORIENTED_EDGE('',*,*,#681,.F.);
#874=ORIENTED_EDGE('',*,*,#682,.F.);
#875=ORIENTED_EDGE('',*,*,#683,.T.);
#876=ORIENTED_EDGE('',*,*,#684,.T.);
#877=ORIENTED_EDGE('',*,*,#685,.T.);
#878=ORIENTED_EDGE('',*,*,#686,.T.);
#879=ORIENTED_EDGE('',*,*,#687,.F.);
#880=ORIENTED_EDGE('',*,*,#688,.F.);
#881=ORIENTED_EDGE('',*,*,#689,.F.);
#882=ORIENTED_EDGE('',*,*,#690,.F.);
#883=ORIENTED_EDGE('',*,*,#691,.F.);
#884=ORIENTED_EDGE('',*,*,#692,.F.);
#885=ORIENTED_EDGE('',*,*,#693,.F.);
#886=ORIENTED_EDGE('',*,*,#694,.F.);
#887=ORIENTED_EDGE('',*,*,#684,.F.);
#888=ORIENTED_EDGE('',*,*,#695,.F.);
#889=ORIENTED_EDGE('',*,*,#696,.T.);
#890=ORIENTED_EDGE('',*,*,#697,.F.);
#891=ORIENTED_EDGE('',*,*,#698,.T.);
#892=ORIENTED_EDGE('',*,*,#699,.F.);
#893=ORIENTED_EDGE('',*,*,#700,.T.);
#894=ORIENTED_EDGE('',*,*,#701,.T.);
#895=ORIENTED_EDGE('',*,*,#702,.F.);
#896=ORIENTED_EDGE('',*,*,#703,.F.);
#897=ORIENTED_EDGE('',*,*,#704,.T.);
#898=ORIENTED_EDGE('',*,*,#705,.F.);
#899=ORIENTED_EDGE('',*,*,#699,.T.);
#900=ORIENTED_EDGE('',*,*,#682,.T.);
#901=ORIENTED_EDGE('',*,*,#706,.T.);
#902=ORIENTED_EDGE('',*,*,#707,.F.);
#903=ORIENTED_EDGE('',*,*,#702,.T.);
#904=ORIENTED_EDGE('',*,*,#701,.F.);
#905=ORIENTED_EDGE('',*,*,#708,.F.);
#906=ORIENTED_EDGE('',*,*,#709,.T.);
#907=ORIENTED_EDGE('',*,*,#700,.F.);
#908=ORIENTED_EDGE('',*,*,#705,.T.);
#909=ORIENTED_EDGE('',*,*,#710,.F.);
#910=ORIENTED_EDGE('',*,*,#711,.T.);
#911=ORIENTED_EDGE('',*,*,#712,.F.);
#912=ORIENTED_EDGE('',*,*,#713,.T.);
#913=ORIENTED_EDGE('',*,*,#714,.T.);
#914=ORIENTED_EDGE('',*,*,#676,.T.);
#915=ORIENTED_EDGE('',*,*,#715,.T.);
#916=ORIENTED_EDGE('',*,*,#698,.F.);
#917=ORIENTED_EDGE('',*,*,#697,.T.);
#918=ORIENTED_EDGE('',*,*,#696,.F.);
#919=ORIENTED_EDGE('',*,*,#695,.T.);
#920=ORIENTED_EDGE('',*,*,#708,.T.);
#921=ORIENTED_EDGE('',*,*,#710,.T.);
#922=ORIENTED_EDGE('',*,*,#704,.F.);
#923=ORIENTED_EDGE('',*,*,#716,.F.);
#924=ORIENTED_EDGE('',*,*,#717,.F.);
#925=ORIENTED_EDGE('',*,*,#718,.T.);
#926=ORIENTED_EDGE('',*,*,#719,.T.);
#927=ORIENTED_EDGE('',*,*,#720,.F.);
#928=ORIENTED_EDGE('',*,*,#719,.F.);
#929=ORIENTED_EDGE('',*,*,#721,.T.);
#930=ORIENTED_EDGE('',*,*,#722,.T.);
#931=ORIENTED_EDGE('',*,*,#723,.T.);
#932=ORIENTED_EDGE('',*,*,#724,.F.);
#933=ORIENTED_EDGE('',*,*,#725,.T.);
#934=ORIENTED_EDGE('',*,*,#726,.T.);
#935=ORIENTED_EDGE('',*,*,#716,.T.);
#936=ORIENTED_EDGE('',*,*,#703,.T.);
#937=ORIENTED_EDGE('',*,*,#707,.T.);
#938=ORIENTED_EDGE('',*,*,#727,.T.);
#939=ORIENTED_EDGE('',*,*,#728,.T.);
#940=ORIENTED_EDGE('',*,*,#729,.F.);
#941=ORIENTED_EDGE('',*,*,#709,.F.);
#942=ORIENTED_EDGE('',*,*,#683,.F.);
#943=ORIENTED_EDGE('',*,*,#730,.F.);
#944=ORIENTED_EDGE('',*,*,#687,.T.);
#945=ORIENTED_EDGE('',*,*,#680,.F.);
#946=ORIENTED_EDGE('',*,*,#678,.T.);
#947=ORIENTED_EDGE('',*,*,#731,.F.);
#948=ORIENTED_EDGE('',*,*,#715,.F.);
#949=ORIENTED_EDGE('',*,*,#675,.T.);
#950=ORIENTED_EDGE('',*,*,#732,.F.);
#951=ORIENTED_EDGE('',*,*,#733,.T.);
#952=ORIENTED_EDGE('',*,*,#734,.F.);
#953=ORIENTED_EDGE('',*,*,#735,.T.);
#954=ORIENTED_EDGE('',*,*,#736,.F.);
#955=ORIENTED_EDGE('',*,*,#737,.F.);
#956=ORIENTED_EDGE('',*,*,#738,.F.);
#957=ORIENTED_EDGE('',*,*,#739,.T.);
#958=ORIENTED_EDGE('',*,*,#740,.F.);
#959=ORIENTED_EDGE('',*,*,#714,.F.);
#960=ORIENTED_EDGE('',*,*,#741,.F.);
#961=ORIENTED_EDGE('',*,*,#689,.T.);
#962=ORIENTED_EDGE('',*,*,#742,.F.);
#963=ORIENTED_EDGE('',*,*,#677,.F.);
#964=ORIENTED_EDGE('',*,*,#713,.F.);
#965=ORIENTED_EDGE('',*,*,#743,.F.);
#966=ORIENTED_EDGE('',*,*,#744,.F.);
#967=ORIENTED_EDGE('',*,*,#690,.T.);
#968=ORIENTED_EDGE('',*,*,#741,.T.);
#969=ORIENTED_EDGE('',*,*,#745,.F.);
#970=ORIENTED_EDGE('',*,*,#746,.T.);
#971=ORIENTED_EDGE('',*,*,#747,.F.);
#972=ORIENTED_EDGE('',*,*,#748,.T.);
#973=ORIENTED_EDGE('',*,*,#749,.T.);
#974=ORIENTED_EDGE('',*,*,#750,.T.);
#975=ORIENTED_EDGE('',*,*,#751,.T.);
#976=ORIENTED_EDGE('',*,*,#752,.F.);
#977=ORIENTED_EDGE('',*,*,#753,.T.);
#978=ORIENTED_EDGE('',*,*,#754,.T.);
#979=ORIENTED_EDGE('',*,*,#755,.T.);
#980=ORIENTED_EDGE('',*,*,#756,.T.);
#981=ORIENTED_EDGE('',*,*,#743,.T.);
#982=ORIENTED_EDGE('',*,*,#712,.T.);
#983=ORIENTED_EDGE('',*,*,#757,.T.);
#984=ORIENTED_EDGE('',*,*,#758,.F.);
#985=ORIENTED_EDGE('',*,*,#759,.F.);
#986=ORIENTED_EDGE('',*,*,#760,.F.);
#987=ORIENTED_EDGE('',*,*,#761,.T.);
#988=ORIENTED_EDGE('',*,*,#762,.T.);
#989=ORIENTED_EDGE('',*,*,#755,.F.);
#990=ORIENTED_EDGE('',*,*,#711,.F.);
#991=ORIENTED_EDGE('',*,*,#717,.T.);
#992=ORIENTED_EDGE('',*,*,#763,.F.);
#993=ORIENTED_EDGE('',*,*,#723,.F.);
#994=ORIENTED_EDGE('',*,*,#764,.F.);
#995=ORIENTED_EDGE('',*,*,#686,.F.);
#996=ORIENTED_EDGE('',*,*,#765,.T.);
#997=ORIENTED_EDGE('',*,*,#766,.T.);
#998=ORIENTED_EDGE('',*,*,#727,.F.);
#999=ORIENTED_EDGE('',*,*,#706,.F.);
#1000=ORIENTED_EDGE('',*,*,#767,.F.);
#1001=ORIENTED_EDGE('',*,*,#768,.T.);
#1002=ORIENTED_EDGE('',*,*,#769,.T.);
#1003=ORIENTED_EDGE('',*,*,#770,.T.);
#1004=ORIENTED_EDGE('',*,*,#771,.T.);
#1005=ORIENTED_EDGE('',*,*,#765,.F.);
#1006=ORIENTED_EDGE('',*,*,#685,.F.);
#1007=ORIENTED_EDGE('',*,*,#694,.T.);
#1008=ORIENTED_EDGE('',*,*,#772,.F.);
#1009=ORIENTED_EDGE('',*,*,#773,.T.);
#1010=ORIENTED_EDGE('',*,*,#774,.F.);
#1011=ORIENTED_EDGE('',*,*,#775,.T.);
#1012=ORIENTED_EDGE('',*,*,#776,.T.);
#1013=ORIENTED_EDGE('',*,*,#759,.T.);
#1014=ORIENTED_EDGE('',*,*,#777,.F.);
#1015=ORIENTED_EDGE('',*,*,#778,.T.);
#1016=ORIENTED_EDGE('',*,*,#768,.F.);
#1017=ORIENTED_EDGE('',*,*,#718,.F.);
#1018=ORIENTED_EDGE('',*,*,#779,.F.);
#1019=ORIENTED_EDGE('',*,*,#721,.F.);
#1020=ORIENTED_EDGE('',*,*,#764,.T.);
#1021=ORIENTED_EDGE('',*,*,#722,.F.);
#1022=ORIENTED_EDGE('',*,*,#779,.T.);
#1023=ORIENTED_EDGE('',*,*,#729,.T.);
#1024=ORIENTED_EDGE('',*,*,#766,.F.);
#1025=ORIENTED_EDGE('',*,*,#771,.F.);
#1026=ORIENTED_EDGE('',*,*,#757,.F.);
#1027=ORIENTED_EDGE('',*,*,#728,.F.);
#1028=ORIENTED_EDGE('',*,*,#763,.T.);
#1029=ORIENTED_EDGE('',*,*,#726,.F.);
#1030=ORIENTED_EDGE('',*,*,#780,.T.);
#1031=ORIENTED_EDGE('',*,*,#724,.T.);
#1032=ORIENTED_EDGE('',*,*,#780,.F.);
#1033=ORIENTED_EDGE('',*,*,#725,.F.);
#1034=ORIENTED_EDGE('',*,*,#781,.T.);
#1035=ORIENTED_EDGE('',*,*,#720,.T.);
#1036=ORIENTED_EDGE('',*,*,#730,.T.);
#1037=ORIENTED_EDGE('',*,*,#782,.F.);
#1038=ORIENTED_EDGE('',*,*,#756,.F.);
#1039=ORIENTED_EDGE('',*,*,#762,.F.);
#1040=ORIENTED_EDGE('',*,*,#691,.T.);
#1041=ORIENTED_EDGE('',*,*,#744,.T.);
#1042=ORIENTED_EDGE('',*,*,#783,.F.);
#1043=ORIENTED_EDGE('',*,*,#692,.T.);
#1044=ORIENTED_EDGE('',*,*,#761,.F.);
#1045=ORIENTED_EDGE('',*,*,#773,.F.);
#1046=ORIENTED_EDGE('',*,*,#674,.T.);
#1047=ORIENTED_EDGE('',*,*,#742,.T.);
#1048=ORIENTED_EDGE('',*,*,#688,.T.);
#1049=ORIENTED_EDGE('',*,*,#679,.F.);
#1050=ORIENTED_EDGE('',*,*,#731,.T.);
#1051=ORIENTED_EDGE('',*,*,#681,.T.);
#1052=ORIENTED_EDGE('',*,*,#784,.F.);
#1053=ORIENTED_EDGE('',*,*,#785,.F.);
#1054=ORIENTED_EDGE('',*,*,#786,.T.);
#1055=ORIENTED_EDGE('',*,*,#732,.T.);
#1056=ORIENTED_EDGE('',*,*,#787,.T.);
#1057=ORIENTED_EDGE('',*,*,#788,.T.);
#1058=ORIENTED_EDGE('',*,*,#789,.F.);
#1059=ORIENTED_EDGE('',*,*,#733,.F.);
#1060=ORIENTED_EDGE('',*,*,#786,.F.);
#1061=ORIENTED_EDGE('',*,*,#790,.F.);
#1062=ORIENTED_EDGE('',*,*,#791,.F.);
#1063=ORIENTED_EDGE('',*,*,#792,.F.);
#1064=ORIENTED_EDGE('',*,*,#793,.F.);
#1065=ORIENTED_EDGE('',*,*,#794,.F.);
#1066=ORIENTED_EDGE('',*,*,#787,.F.);
#1067=ORIENTED_EDGE('',*,*,#740,.T.);
#1068=ORIENTED_EDGE('',*,*,#795,.F.);
#1069=ORIENTED_EDGE('',*,*,#734,.T.);
#1070=ORIENTED_EDGE('',*,*,#789,.T.);
#1071=ORIENTED_EDGE('',*,*,#796,.T.);
#1072=ORIENTED_EDGE('',*,*,#797,.T.);
#1073=ORIENTED_EDGE('',*,*,#798,.T.);
#1074=ORIENTED_EDGE('',*,*,#750,.F.);
#1075=ORIENTED_EDGE('',*,*,#799,.T.);
#1076=ORIENTED_EDGE('',*,*,#800,.F.);
#1077=ORIENTED_EDGE('',*,*,#801,.F.);
#1078=ORIENTED_EDGE('',*,*,#802,.T.);
#1079=ORIENTED_EDGE('',*,*,#803,.T.);
#1080=ORIENTED_EDGE('',*,*,#804,.T.);
#1081=ORIENTED_EDGE('',*,*,#805,.F.);
#1082=ORIENTED_EDGE('',*,*,#806,.T.);
#1083=ORIENTED_EDGE('',*,*,#807,.F.);
#1084=ORIENTED_EDGE('',*,*,#795,.T.);
#1085=ORIENTED_EDGE('',*,*,#739,.F.);
#1086=ORIENTED_EDGE('',*,*,#808,.F.);
#1087=ORIENTED_EDGE('',*,*,#809,.F.);
#1088=ORIENTED_EDGE('',*,*,#810,.F.);
#1089=ORIENTED_EDGE('',*,*,#811,.F.);
#1090=ORIENTED_EDGE('',*,*,#812,.F.);
#1091=ORIENTED_EDGE('',*,*,#813,.F.);
#1092=ORIENTED_EDGE('',*,*,#814,.F.);
#1093=ORIENTED_EDGE('',*,*,#735,.F.);
#1094=ORIENTED_EDGE('',*,*,#799,.F.);
#1095=ORIENTED_EDGE('',*,*,#749,.F.);
#1096=ORIENTED_EDGE('',*,*,#815,.T.);
#1097=ORIENTED_EDGE('',*,*,#808,.T.);
#1098=ORIENTED_EDGE('',*,*,#738,.T.);
#1099=ORIENTED_EDGE('',*,*,#816,.F.);
#1100=ORIENTED_EDGE('',*,*,#736,.T.);
#1101=ORIENTED_EDGE('',*,*,#814,.T.);
#1102=ORIENTED_EDGE('',*,*,#748,.F.);
#1103=ORIENTED_EDGE('',*,*,#817,.F.);
#1104=ORIENTED_EDGE('',*,*,#818,.T.);
#1105=ORIENTED_EDGE('',*,*,#819,.T.);
#1106=ORIENTED_EDGE('',*,*,#820,.T.);
#1107=ORIENTED_EDGE('',*,*,#821,.T.);
#1108=ORIENTED_EDGE('',*,*,#822,.T.);
#1109=ORIENTED_EDGE('',*,*,#823,.F.);
#1110=ORIENTED_EDGE('',*,*,#824,.F.);
#1111=ORIENTED_EDGE('',*,*,#816,.T.);
#1112=ORIENTED_EDGE('',*,*,#737,.T.);
#1113=ORIENTED_EDGE('',*,*,#820,.F.);
#1114=ORIENTED_EDGE('',*,*,#825,.T.);
#1115=ORIENTED_EDGE('',*,*,#826,.T.);
#1116=ORIENTED_EDGE('',*,*,#827,.T.);
#1117=ORIENTED_EDGE('',*,*,#828,.T.);
#1118=ORIENTED_EDGE('',*,*,#829,.F.);
#1119=ORIENTED_EDGE('',*,*,#830,.T.);
#1120=ORIENTED_EDGE('',*,*,#831,.F.);
#1121=ORIENTED_EDGE('',*,*,#832,.F.);
#1122=ORIENTED_EDGE('',*,*,#833,.T.);
#1123=ORIENTED_EDGE('',*,*,#745,.T.);
#1124=ORIENTED_EDGE('',*,*,#834,.T.);
#1125=ORIENTED_EDGE('',*,*,#834,.F.);
#1126=ORIENTED_EDGE('',*,*,#754,.F.);
#1127=ORIENTED_EDGE('',*,*,#835,.F.);
#1128=ORIENTED_EDGE('',*,*,#836,.F.);
#1129=ORIENTED_EDGE('',*,*,#804,.F.);
#1130=ORIENTED_EDGE('',*,*,#837,.T.);
#1131=ORIENTED_EDGE('',*,*,#838,.F.);
#1132=ORIENTED_EDGE('',*,*,#835,.T.);
#1133=ORIENTED_EDGE('',*,*,#753,.F.);
#1134=ORIENTED_EDGE('',*,*,#839,.F.);
#1135=ORIENTED_EDGE('',*,*,#840,.T.);
#1136=ORIENTED_EDGE('',*,*,#793,.T.);
#1137=ORIENTED_EDGE('',*,*,#841,.T.);
#1138=ORIENTED_EDGE('',*,*,#839,.T.);
#1139=ORIENTED_EDGE('',*,*,#752,.T.);
#1140=ORIENTED_EDGE('',*,*,#842,.T.);
#1141=ORIENTED_EDGE('',*,*,#751,.F.);
#1142=ORIENTED_EDGE('',*,*,#798,.F.);
#1143=ORIENTED_EDGE('',*,*,#843,.T.);
#1144=ORIENTED_EDGE('',*,*,#817,.T.);
#1145=ORIENTED_EDGE('',*,*,#747,.T.);
#1146=ORIENTED_EDGE('',*,*,#833,.F.);
#1147=ORIENTED_EDGE('',*,*,#844,.T.);
#1148=ORIENTED_EDGE('',*,*,#746,.F.);
#1149=ORIENTED_EDGE('',*,*,#758,.T.);
#1150=ORIENTED_EDGE('',*,*,#770,.F.);
#1151=ORIENTED_EDGE('',*,*,#845,.T.);
#1152=ORIENTED_EDGE('',*,*,#777,.T.);
#1153=ORIENTED_EDGE('',*,*,#760,.T.);
#1154=ORIENTED_EDGE('',*,*,#776,.F.);
#1155=ORIENTED_EDGE('',*,*,#846,.T.);
#1156=ORIENTED_EDGE('',*,*,#774,.T.);
#1157=ORIENTED_EDGE('',*,*,#845,.F.);
#1158=ORIENTED_EDGE('',*,*,#769,.F.);
#1159=ORIENTED_EDGE('',*,*,#778,.F.);
#1160=ORIENTED_EDGE('',*,*,#775,.F.);
#1161=ORIENTED_EDGE('',*,*,#846,.F.);
#1162=ORIENTED_EDGE('',*,*,#772,.T.);
#1163=ORIENTED_EDGE('',*,*,#693,.T.);
#1164=ORIENTED_EDGE('',*,*,#783,.T.);
#1165=ORIENTED_EDGE('',*,*,#847,.T.);
#1166=ORIENTED_EDGE('',*,*,#767,.T.);
#1167=ORIENTED_EDGE('',*,*,#781,.F.);
#1168=ORIENTED_EDGE('',*,*,#848,.T.);
#1169=ORIENTED_EDGE('',*,*,#796,.F.);
#1170=ORIENTED_EDGE('',*,*,#788,.F.);
#1171=ORIENTED_EDGE('',*,*,#840,.F.);
#1172=ORIENTED_EDGE('',*,*,#841,.F.);
#1173=ORIENTED_EDGE('',*,*,#842,.F.);
#1174=ORIENTED_EDGE('',*,*,#797,.F.);
#1175=ORIENTED_EDGE('',*,*,#848,.F.);
#1176=ORIENTED_EDGE('',*,*,#849,.T.);
#1177=ORIENTED_EDGE('',*,*,#850,.T.);
#1178=ORIENTED_EDGE('',*,*,#782,.T.);
#1179=ORIENTED_EDGE('',*,*,#850,.F.);
#1180=ORIENTED_EDGE('',*,*,#784,.T.);
#1181=ORIENTED_EDGE('',*,*,#849,.F.);
#1182=ORIENTED_EDGE('',*,*,#790,.T.);
#1183=ORIENTED_EDGE('',*,*,#785,.T.);
#1184=ORIENTED_EDGE('',*,*,#794,.T.);
#1185=ORIENTED_EDGE('',*,*,#807,.T.);
#1186=ORIENTED_EDGE('',*,*,#851,.F.);
#1187=ORIENTED_EDGE('',*,*,#852,.F.);
#1188=ORIENTED_EDGE('',*,*,#792,.T.);
#1189=ORIENTED_EDGE('',*,*,#853,.T.);
#1190=ORIENTED_EDGE('',*,*,#854,.F.);
#1191=ORIENTED_EDGE('',*,*,#805,.T.);
#1192=ORIENTED_EDGE('',*,*,#836,.T.);
#1193=ORIENTED_EDGE('',*,*,#838,.T.);
#1194=ORIENTED_EDGE('',*,*,#791,.T.);
#1195=ORIENTED_EDGE('',*,*,#852,.T.);
#1196=ORIENTED_EDGE('',*,*,#855,.T.);
#1197=ORIENTED_EDGE('',*,*,#853,.F.);
#1198=ORIENTED_EDGE('',*,*,#800,.T.);
#1199=ORIENTED_EDGE('',*,*,#856,.T.);
#1200=ORIENTED_EDGE('',*,*,#821,.F.);
#1201=ORIENTED_EDGE('',*,*,#857,.F.);
#1202=ORIENTED_EDGE('',*,*,#811,.T.);
#1203=ORIENTED_EDGE('',*,*,#858,.T.);
#1204=ORIENTED_EDGE('',*,*,#822,.F.);
#1205=ORIENTED_EDGE('',*,*,#856,.F.);
#1206=ORIENTED_EDGE('',*,*,#823,.T.);
#1207=ORIENTED_EDGE('',*,*,#858,.F.);
#1208=ORIENTED_EDGE('',*,*,#810,.T.);
#1209=ORIENTED_EDGE('',*,*,#859,.T.);
#1210=ORIENTED_EDGE('',*,*,#824,.T.);
#1211=ORIENTED_EDGE('',*,*,#859,.F.);
#1212=ORIENTED_EDGE('',*,*,#809,.T.);
#1213=ORIENTED_EDGE('',*,*,#815,.F.);
#1214=ORIENTED_EDGE('',*,*,#806,.F.);
#1215=ORIENTED_EDGE('',*,*,#854,.T.);
#1216=ORIENTED_EDGE('',*,*,#855,.F.);
#1217=ORIENTED_EDGE('',*,*,#851,.T.);
#1218=ORIENTED_EDGE('',*,*,#860,.F.);
#1219=ORIENTED_EDGE('',*,*,#826,.F.);
#1220=ORIENTED_EDGE('',*,*,#831,.T.);
#1221=ORIENTED_EDGE('',*,*,#837,.F.);
#1222=ORIENTED_EDGE('',*,*,#803,.F.);
#1223=ORIENTED_EDGE('',*,*,#860,.T.);
#1224=ORIENTED_EDGE('',*,*,#802,.F.);
#1225=ORIENTED_EDGE('',*,*,#861,.T.);
#1226=ORIENTED_EDGE('',*,*,#827,.F.);
#1227=ORIENTED_EDGE('',*,*,#828,.F.);
#1228=ORIENTED_EDGE('',*,*,#861,.F.);
#1229=ORIENTED_EDGE('',*,*,#801,.T.);
#1230=ORIENTED_EDGE('',*,*,#857,.T.);
#1231=ORIENTED_EDGE('',*,*,#812,.T.);
#1232=ORIENTED_EDGE('',*,*,#862,.T.);
#1233=ORIENTED_EDGE('',*,*,#829,.T.);
#1234=ORIENTED_EDGE('',*,*,#862,.F.);
#1235=ORIENTED_EDGE('',*,*,#830,.F.);
#1236=ORIENTED_EDGE('',*,*,#863,.T.);
#1237=ORIENTED_EDGE('',*,*,#813,.T.);
#1238=ORIENTED_EDGE('',*,*,#863,.F.);
#1239=ORIENTED_EDGE('',*,*,#818,.F.);
#1240=ORIENTED_EDGE('',*,*,#843,.F.);
#1241=ORIENTED_EDGE('',*,*,#844,.F.);
#1242=ORIENTED_EDGE('',*,*,#864,.F.);
#1243=ORIENTED_EDGE('',*,*,#825,.F.);
#1244=ORIENTED_EDGE('',*,*,#819,.F.);
#1245=ORIENTED_EDGE('',*,*,#865,.T.);
#1246=ORIENTED_EDGE('',*,*,#847,.F.);
#1247=ORIENTED_EDGE('',*,*,#865,.F.);
#1248=ORIENTED_EDGE('',*,*,#864,.T.);
#1249=ORIENTED_EDGE('',*,*,#832,.T.);
#1250=CONICAL_SURFACE('',#1339,3.85,0.785398163397);
#1251=CONICAL_SURFACE('',#1353,3.85,0.785398163397);
#1252=CONICAL_SURFACE('',#1380,3.85,0.785398163397);
#1253=CONICAL_SURFACE('',#1400,3.85,0.785398163397);
#1254=CONICAL_SURFACE('',#1446,3.85,0.785398163397);
#1255=ADVANCED_FACE('',(#101),#1250,.F.);
#1256=ADVANCED_FACE('',(#102),#84,.F.);
#1257=ADVANCED_FACE('',(#103),#85,.F.);
#1258=ADVANCED_FACE('',(#104),#36,.T.);
#1259=ADVANCED_FACE('',(#105),#86,.F.);
#1260=ADVANCED_FACE('',(#106),#1251,.F.);
#1261=ADVANCED_FACE('',(#107),#87,.F.);
#1262=ADVANCED_FACE('',(#108),#37,.F.);
#1263=ADVANCED_FACE('',(#109),#38,.T.);
#1264=ADVANCED_FACE('',(#110),#88,.F.);
#1265=ADVANCED_FACE('',(#111,#15),#39,.T.);
#1266=ADVANCED_FACE('',(#112),#40,.T.);
#1267=ADVANCED_FACE('',(#113),#89,.F.);
#1268=ADVANCED_FACE('',(#114,#16),#41,.T.);
#1269=ADVANCED_FACE('',(#115),#42,.T.);
#1270=ADVANCED_FACE('',(#116,#17),#43,.T.);
#1271=ADVANCED_FACE('',(#117),#90,.F.);
#1272=ADVANCED_FACE('',(#118),#1252,.F.);
#1273=ADVANCED_FACE('',(#119),#91,.F.);
#1274=ADVANCED_FACE('',(#120),#44,.T.);
#1275=ADVANCED_FACE('',(#121),#45,.F.);
#1276=ADVANCED_FACE('',(#122),#46,.T.);
#1277=ADVANCED_FACE('',(#123),#47,.F.);
#1278=ADVANCED_FACE('',(#124),#48,.T.);
#1279=ADVANCED_FACE('',(#125,#18),#49,.T.);
#1280=ADVANCED_FACE('',(#126,#19),#50,.T.);
#1281=ADVANCED_FACE('',(#127),#51,.T.);
#1282=ADVANCED_FACE('',(#128),#52,.T.);
#1283=ADVANCED_FACE('',(#129),#1253,.F.);
#1284=ADVANCED_FACE('',(#130,#20),#53,.F.);
#1285=ADVANCED_FACE('',(#131),#54,.F.);
#1286=ADVANCED_FACE('',(#132),#55,.T.);
#1287=ADVANCED_FACE('',(#133),#56,.F.);
#1288=ADVANCED_FACE('',(#134),#57,.F.);
#1289=ADVANCED_FACE('',(#135,#21,#22),#58,.T.);
#1290=ADVANCED_FACE('',(#136),#59,.T.);
#1291=ADVANCED_FACE('',(#137),#60,.F.);
#1292=ADVANCED_FACE('',(#138),#61,.F.);
#1293=ADVANCED_FACE('',(#139,#23,#24),#62,.F.);
#1294=ADVANCED_FACE('',(#140),#63,.F.);
#1295=ADVANCED_FACE('',(#141),#64,.F.);
#1296=ADVANCED_FACE('',(#142),#65,.F.);
#1297=ADVANCED_FACE('',(#143),#66,.T.);
#1298=ADVANCED_FACE('',(#144),#67,.T.);
#1299=ADVANCED_FACE('',(#145),#68,.T.);
#1300=ADVANCED_FACE('',(#146),#69,.F.);
#1301=ADVANCED_FACE('',(#147),#70,.F.);
#1302=ADVANCED_FACE('',(#148),#71,.F.);
#1303=ADVANCED_FACE('',(#149),#72,.T.);
#1304=ADVANCED_FACE('',(#150),#73,.T.);
#1305=ADVANCED_FACE('',(#151),#1254,.F.);
#1306=ADVANCED_FACE('',(#152,#25),#74,.F.);
#1307=ADVANCED_FACE('',(#153),#92,.T.);
#1308=ADVANCED_FACE('',(#154),#93,.F.);
#1309=ADVANCED_FACE('',(#155,#26),#75,.F.);
#1310=ADVANCED_FACE('',(#156),#76,.T.);
#1311=ADVANCED_FACE('',(#157),#77,.T.);
#1312=ADVANCED_FACE('',(#158),#78,.T.);
#1313=ADVANCED_FACE('',(#159),#79,.F.);
#1314=ADVANCED_FACE('',(#160),#94,.T.);
#1315=ADVANCED_FACE('',(#161),#80,.F.);
#1316=ADVANCED_FACE('',(#162),#95,.T.);
#1317=ADVANCED_FACE('',(#163),#81,.F.);
#1318=ADVANCED_FACE('',(#164),#82,.T.);
#1319=ADVANCED_FACE('',(#165),#96,.F.);
#1320=ADVANCED_FACE('',(#166),#97,.T.);
#1321=ADVANCED_FACE('',(#167),#98,.F.);
#1322=ADVANCED_FACE('',(#168),#99,.F.);
#1323=ADVANCED_FACE('',(#169),#100,.T.);
#1324=ADVANCED_FACE('',(#170),#83,.F.);
#1325=CLOSED_SHELL('',(#1255,#1256,#1257,#1258,#1259,#1260,#1261,#1262,
#1263,#1264,#1265,#1266,#1267,#1268,#1269,#1270,#1271,#1272,#1273,#1274,
#1275,#1276,#1277,#1278,#1279,#1280,#1281,#1282,#1283,#1284,#1285,#1286,
#1287,#1288,#1289,#1290,#1291,#1292,#1293,#1294,#1295,#1296,#1297,#1298,
#1299,#1300,#1301,#1302,#1303,#1304,#1305,#1306,#1307,#1308,#1309,#1310,
#1311,#1312,#1313,#1314,#1315,#1316,#1317,#1318,#1319,#1320,#1321,#1322,
#1323,#1324));
#1326=DERIVED_UNIT_ELEMENT(#1328,1.);
#1327=DERIVED_UNIT_ELEMENT(#2448,-3.);
#1328=(
MASS_UNIT()
NAMED_UNIT(*)
SI_UNIT(.KILO.,.GRAM.)
);
#1329=DERIVED_UNIT((#1326,#1327));
#1330=MEASURE_REPRESENTATION_ITEM('density measure',
POSITIVE_RATIO_MEASURE(7850.),#1329);
#1331=PROPERTY_DEFINITION_REPRESENTATION(#1336,#1333);
#1332=PROPERTY_DEFINITION_REPRESENTATION(#1337,#1334);
#1333=REPRESENTATION('material name',(#1335),#2445);
#1334=REPRESENTATION('density',(#1330),#2445);
#1335=DESCRIPTIVE_REPRESENTATION_ITEM('\X2\94A2\X0\','\X2\94A2\X0\');
#1336=PROPERTY_DEFINITION('material property','material name',#2455);
#1337=PROPERTY_DEFINITION('material property','density of part',#2455);
#1338=AXIS2_PLACEMENT_3D('',#1851,#1469,#1470);
#1339=AXIS2_PLACEMENT_3D('',#1852,#1471,#1472);
#1340=AXIS2_PLACEMENT_3D('',#1857,#1474,#1475);
#1341=AXIS2_PLACEMENT_3D('',#1866,#1476,#1477);
#1342=AXIS2_PLACEMENT_3D('',#1867,#1478,#1479);
#1343=AXIS2_PLACEMENT_3D('',#1870,#1481,#1482);
#1344=AXIS2_PLACEMENT_3D('',#1873,#1484,#1485);
#1345=AXIS2_PLACEMENT_3D('',#1874,#1486,#1487);
#1346=AXIS2_PLACEMENT_3D('',#1879,#1489,#1490);
#1347=AXIS2_PLACEMENT_3D('',#1941,#1492,#1493);
#1348=AXIS2_PLACEMENT_3D('',#1942,#1494,#1495);
#1349=AXIS2_PLACEMENT_3D('',#1963,#1501,#1502);
#1350=AXIS2_PLACEMENT_3D('',#1971,#1507,#1508);
#1351=AXIS2_PLACEMENT_3D('',#1973,#1509,#1510);
#1352=AXIS2_PLACEMENT_3D('',#1975,#1511,#1512);
#1353=AXIS2_PLACEMENT_3D('',#1992,#1513,#1514);
#1354=AXIS2_PLACEMENT_3D('',#1994,#1515,#1516);
#1355=AXIS2_PLACEMENT_3D('',#2002,#1517,#1518);
#1356=AXIS2_PLACEMENT_3D('',#2006,#1519,#1520);
#1357=AXIS2_PLACEMENT_3D('',#2008,#1521,#1522);
#1358=AXIS2_PLACEMENT_3D('',#2083,#1524,#1525);
#1359=AXIS2_PLACEMENT_3D('',#2084,#1526,#1527);
#1360=AXIS2_PLACEMENT_3D('',#2095,#1534,#1535);
#1361=AXIS2_PLACEMENT_3D('',#2098,#1537,#1538);
#1362=AXIS2_PLACEMENT_3D('',#2099,#1539,#1540);
#1363=AXIS2_PLACEMENT_3D('',#2102,#1541,#1542);
#1364=AXIS2_PLACEMENT_3D('',#2105,#1544,#1545);
#1365=AXIS2_PLACEMENT_3D('',#2107,#1546,#1547);
#1366=AXIS2_PLACEMENT_3D('',#2132,#1550,#1551);
#1367=AXIS2_PLACEMENT_3D('',#2145,#1555,#1556);
#1368=AXIS2_PLACEMENT_3D('',#2146,#1557,#1558);
#1369=AXIS2_PLACEMENT_3D('',#2147,#1559,#1560);
#1370=AXIS2_PLACEMENT_3D('',#2148,#1561,#1562);
#1371=AXIS2_PLACEMENT_3D('',#2149,#1563,#1564);
#1372=AXIS2_PLACEMENT_3D('',#2150,#1565,#1566);
#1373=AXIS2_PLACEMENT_3D('',#2170,#1577,#1578);
#1374=AXIS2_PLACEMENT_3D('',#2171,#1579,#1580);
#1375=AXIS2_PLACEMENT_3D('',#2175,#1583,#1584);
#1376=AXIS2_PLACEMENT_3D('',#2197,#1595,#1596);
#1377=AXIS2_PLACEMENT_3D('',#2199,#1598,#1599);
#1378=AXIS2_PLACEMENT_3D('',#2201,#1600,#1601);
#1379=AXIS2_PLACEMENT_3D('',#2225,#1604,#1605);
#1380=AXIS2_PLACEMENT_3D('',#2229,#1609,#1610);
#1381=AXIS2_PLACEMENT_3D('',#2238,#1611,#1612);
#1382=AXIS2_PLACEMENT_3D('',#2239,#1613,#1614);
#1383=AXIS2_PLACEMENT_3D('',#2241,#1615,#1616);
#1384=AXIS2_PLACEMENT_3D('',#2245,#1618,#1619);
#1385=AXIS2_PLACEMENT_3D('',#2249,#1622,#1623);
#1386=AXIS2_PLACEMENT_3D('',#2254,#1626,#1627);
#1387=AXIS2_PLACEMENT_3D('',#2258,#1630,#1631);
#1388=AXIS2_PLACEMENT_3D('',#2259,#1632,#1633);
#1389=AXIS2_PLACEMENT_3D('',#2261,#1635,#1636);
#1390=AXIS2_PLACEMENT_3D('',#2262,#1637,#1638);
#1391=AXIS2_PLACEMENT_3D('',#2263,#1639,#1640);
#1392=AXIS2_PLACEMENT_3D('',#2265,#1642,#1643);
#1393=AXIS2_PLACEMENT_3D('',#2266,#1644,#1645);
#1394=AXIS2_PLACEMENT_3D('',#2268,#1646,#1647);
#1395=AXIS2_PLACEMENT_3D('',#2269,#1648,#1649);
#1396=AXIS2_PLACEMENT_3D('',#2271,#1650,#1651);
#1397=AXIS2_PLACEMENT_3D('',#2272,#1652,#1653);
#1398=AXIS2_PLACEMENT_3D('',#2273,#1654,#1655);
#1399=AXIS2_PLACEMENT_3D('',#2274,#1656,#1657);
#1400=AXIS2_PLACEMENT_3D('',#2275,#1658,#1659);
#1401=AXIS2_PLACEMENT_3D('',#2276,#1660,#1661);
#1402=AXIS2_PLACEMENT_3D('',#2277,#1662,#1663);
#1403=AXIS2_PLACEMENT_3D('',#2278,#1664,#1665);
#1404=AXIS2_PLACEMENT_3D('',#2284,#1669,#1670);
#1405=AXIS2_PLACEMENT_3D('',#2287,#1671,#1672);
#1406=AXIS2_PLACEMENT_3D('',#2296,#1678,#1679);
#1407=AXIS2_PLACEMENT_3D('',#2300,#1682,#1683);
#1408=AXIS2_PLACEMENT_3D('',#2302,#1684,#1685);
#1409=AXIS2_PLACEMENT_3D('',#2304,#1686,#1687);
#1410=AXIS2_PLACEMENT_3D('',#2307,#1690,#1691);
#1411=AXIS2_PLACEMENT_3D('',#2312,#1693,#1694);
#1412=AXIS2_PLACEMENT_3D('',#2314,#1695,#1696);
#1413=AXIS2_PLACEMENT_3D('',#2327,#1703,#1704);
#1414=AXIS2_PLACEMENT_3D('',#2330,#1706,#1707);
#1415=AXIS2_PLACEMENT_3D('',#2332,#1708,#1709);
#1416=AXIS2_PLACEMENT_3D('',#2334,#1710,#1711);
#1417=AXIS2_PLACEMENT_3D('',#2335,#1712,#1713);
#1418=AXIS2_PLACEMENT_3D('',#2337,#1715,#1716);
#1419=AXIS2_PLACEMENT_3D('',#2341,#1719,#1720);
#1420=AXIS2_PLACEMENT_3D('',#2345,#1722,#1723);
#1421=AXIS2_PLACEMENT_3D('',#2347,#1724,#1725);
#1422=AXIS2_PLACEMENT_3D('',#2349,#1727,#1728);
#1423=AXIS2_PLACEMENT_3D('',#2354,#1730,#1731);
#1424=AXIS2_PLACEMENT_3D('',#2357,#1733,#1734);
#1425=AXIS2_PLACEMENT_3D('',#2359,#1735,#1736);
#1426=AXIS2_PLACEMENT_3D('',#2363,#1738,#1739);
#1427=AXIS2_PLACEMENT_3D('',#2364,#1740,#1741);
#1428=AXIS2_PLACEMENT_3D('',#2366,#1742,#1743);
#1429=AXIS2_PLACEMENT_3D('',#2368,#1744,#1745);
#1430=AXIS2_PLACEMENT_3D('',#2369,#1746,#1747);
#1431=AXIS2_PLACEMENT_3D('',#2376,#1752,#1753);
#1432=AXIS2_PLACEMENT_3D('',#2381,#1757,#1758);
#1433=AXIS2_PLACEMENT_3D('',#2385,#1761,#1762);
#1434=AXIS2_PLACEMENT_3D('',#2386,#1763,#1764);
#1435=AXIS2_PLACEMENT_3D('',#2387,#1765,#1766);
#1436=AXIS2_PLACEMENT_3D('',#2388,#1767,#1768);
#1437=AXIS2_PLACEMENT_3D('',#2389,#1769,#1770);
#1438=AXIS2_PLACEMENT_3D('',#2390,#1771,#1772);
#1439=AXIS2_PLACEMENT_3D('',#2391,#1773,#1774);
#1440=AXIS2_PLACEMENT_3D('',#2392,#1775,#1776);
#1441=AXIS2_PLACEMENT_3D('',#2393,#1777,#1778);
#1442=AXIS2_PLACEMENT_3D('',#2394,#1779,#1780);
#1443=AXIS2_PLACEMENT_3D('',#2396,#1782,#1783);
#1444=AXIS2_PLACEMENT_3D('',#2398,#1785,#1786);
#1445=AXIS2_PLACEMENT_3D('',#2399,#1787,#1788);
#1446=AXIS2_PLACEMENT_3D('',#2400,#1789,#1790);
#1447=AXIS2_PLACEMENT_3D('',#2401,#1791,#1792);
#1448=AXIS2_PLACEMENT_3D('',#2403,#1793,#1794);
#1449=AXIS2_PLACEMENT_3D('',#2404,#1795,#1796);
#1450=AXIS2_PLACEMENT_3D('',#2406,#1798,#1799);
#1451=AXIS2_PLACEMENT_3D('',#2408,#1800,#1801);
#1452=AXIS2_PLACEMENT_3D('',#2410,#1803,#1804);
#1453=AXIS2_PLACEMENT_3D('',#2411,#1805,#1806);
#1454=AXIS2_PLACEMENT_3D('',#2415,#1809,#1810);
#1455=AXIS2_PLACEMENT_3D('',#2419,#1813,#1814);
#1456=AXIS2_PLACEMENT_3D('',#2421,#1816,#1817);
#1457=AXIS2_PLACEMENT_3D('',#2424,#1820,#1821);
#1458=AXIS2_PLACEMENT_3D('',#2426,#1823,#1824);
#1459=AXIS2_PLACEMENT_3D('',#2428,#1826,#1827);
#1460=AXIS2_PLACEMENT_3D('',#2429,#1828,#1829);
#1461=AXIS2_PLACEMENT_3D('',#2430,#1830,#1831);
#1462=AXIS2_PLACEMENT_3D('',#2432,#1833,#1834);
#1463=AXIS2_PLACEMENT_3D('',#2434,#1836,#1837);
#1464=AXIS2_PLACEMENT_3D('',#2435,#1838,#1839);
#1465=AXIS2_PLACEMENT_3D('',#2437,#1841,#1842);
#1466=AXIS2_PLACEMENT_3D('',#2439,#1844,#1845);
#1467=AXIS2_PLACEMENT_3D('',#2440,#1846,#1847);
#1468=AXIS2_PLACEMENT_3D('',#2442,#1849,#1850);
#1469=DIRECTION('axis',(0.,0.,1.));
#1470=DIRECTION('refdir',(1.,0.,0.));
#1471=DIRECTION('center_axis',(0.,0.,-1.));
#1472=DIRECTION('ref_axis',(-1.,0.,0.));
#1473=DIRECTION('',(0.70710678118623,-8.65956056235105E-17,-0.707106781186865));
#1474=DIRECTION('center_axis',(0.,0.,-1.));
#1475=DIRECTION('ref_axis',(-1.,0.,0.));
#1476=DIRECTION('center_axis',(0.,0.,-1.));
#1477=DIRECTION('ref_axis',(-1.,0.,0.));
#1478=DIRECTION('center_axis',(0.,0.,1.));
#1479=DIRECTION('ref_axis',(-1.,0.,0.));
#1480=DIRECTION('',(0.,0.,1.));
#1481=DIRECTION('center_axis',(0.,0.,-1.));
#1482=DIRECTION('ref_axis',(-1.,0.,0.));
#1483=DIRECTION('',(0.,0.,1.));
#1484=DIRECTION('center_axis',(0.,0.,-1.));
#1485=DIRECTION('ref_axis',(-1.,0.,0.));
#1486=DIRECTION('center_axis',(0.,0.,1.));
#1487=DIRECTION('ref_axis',(-1.,0.,0.));
#1488=DIRECTION('',(0.,0.,1.));
#1489=DIRECTION('center_axis',(0.,0.,-1.));
#1490=DIRECTION('ref_axis',(-1.,0.,0.));
#1491=DIRECTION('',(0.,0.,1.));
#1492=DIRECTION('center_axis',(0.,0.,1.));
#1493=DIRECTION('ref_axis',(1.,0.,0.));
#1494=DIRECTION('center_axis',(2.359223927328E-16,1.,0.));
#1495=DIRECTION('ref_axis',(0.,0.,-1.));
#1496=DIRECTION('',(0.,0.,1.));
#1497=DIRECTION('',(1.,-2.359223927328E-16,0.));
#1498=DIRECTION('',(-4.142623226213E-17,9.773375837189E-33,-1.));
#1499=DIRECTION('',(-1.,2.359223927328E-16,0.));
#1500=DIRECTION('',(-1.,2.359223927328E-16,0.));
#1501=DIRECTION('center_axis',(2.359223927328E-16,1.,0.));
#1502=DIRECTION('ref_axis',(-1.,2.359223927328E-16,0.));
#1503=DIRECTION('',(-1.,2.359223927328E-16,0.));
#1504=DIRECTION('',(0.,0.,-1.));
#1505=DIRECTION('',(0.,0.,1.));
#1506=DIRECTION('',(-1.,2.359223927328E-16,0.));
#1507=DIRECTION('center_axis',(0.,1.,0.));
#1508=DIRECTION('ref_axis',(-1.,0.,0.));
#1509=DIRECTION('center_axis',(-0.208030922590434,-0.675870933134851,-0.707051353855997));
#1510=DIRECTION('ref_axis',(-0.318440601006847,0.730283204249291,-0.604385659344914));
#1511=DIRECTION('center_axis',(-3.82211532384736E-5,-0.999999999269572,
0.));
#1512=DIRECTION('ref_axis',(-0.999999999269572,3.82211532384736E-5,0.));
#1513=DIRECTION('center_axis',(0.,0.,1.));
#1514=DIRECTION('ref_axis',(-0.999999999884309,1.52112527267233E-5,0.));
#1515=DIRECTION('center_axis',(0.,0.,1.));
#1516=DIRECTION('ref_axis',(1.,0.,0.));
#1517=DIRECTION('center_axis',(0.,0.,1.));
#1518=DIRECTION('ref_axis',(1.,0.,0.));
#1519=DIRECTION('center_axis',(0.,0.,1.));
#1520=DIRECTION('ref_axis',(-1.,0.,0.));
#1521=DIRECTION('center_axis',(0.,0.,1.));
#1522=DIRECTION('ref_axis',(1.,0.,0.));
#1523=DIRECTION('',(0.,0.,1.));
#1524=DIRECTION('center_axis',(0.,0.,-1.));
#1525=DIRECTION('ref_axis',(-1.,0.,0.));
#1526=DIRECTION('center_axis',(3.82211532384736E-5,0.999999999269572,0.));
#1527=DIRECTION('ref_axis',(0.,0.,-1.));
#1528=DIRECTION('',(0.999999999269572,-3.82211532384736E-5,0.));
#1529=DIRECTION('',(0.,0.,1.));
#1530=DIRECTION('',(0.999999999269572,-3.82211532384436E-5,0.));
#1531=DIRECTION('',(0.,0.,-1.));
#1532=DIRECTION('',(0.999999999269572,-3.82211532384736E-5,0.));
#1533=DIRECTION('',(0.,0.,1.));
#1534=DIRECTION('center_axis',(0.,0.,1.));
#1535=DIRECTION('ref_axis',(-1.,0.,0.));
#1536=DIRECTION('',(0.,-1.,0.));
#1537=DIRECTION('center_axis',(0.,0.,-1.));
#1538=DIRECTION('ref_axis',(1.,0.,0.));
#1539=DIRECTION('center_axis',(0.,1.,0.));
#1540=DIRECTION('ref_axis',(-1.,0.,0.));
#1541=DIRECTION('center_axis',(0.,-1.,0.));
#1542=DIRECTION('ref_axis',(-1.,0.,0.));
#1543=DIRECTION('',(0.,1.,0.));
#1544=DIRECTION('center_axis',(0.,-1.,0.));
#1545=DIRECTION('ref_axis',(-1.,0.,0.));
#1546=DIRECTION('center_axis',(0.,-1.,0.));
#1547=DIRECTION('ref_axis',(-1.,0.,0.));
#1548=DIRECTION('',(0.,-1.,0.));
#1549=DIRECTION('',(0.,-1.,0.));
#1550=DIRECTION('center_axis',(0.,-1.,0.));
#1551=DIRECTION('ref_axis',(-1.,0.,0.));
#1552=DIRECTION('',(0.,-1.,0.));
#1553=DIRECTION('',(0.,1.,0.));
#1554=DIRECTION('',(0.,-1.,0.));
#1555=DIRECTION('center_axis',(0.,0.,1.));
#1556=DIRECTION('ref_axis',(1.,0.,0.));
#1557=DIRECTION('center_axis',(0.,0.,1.));
#1558=DIRECTION('ref_axis',(-1.,0.,0.));
#1559=DIRECTION('center_axis',(2.359223927328E-16,1.,0.));
#1560=DIRECTION('ref_axis',(0.,0.,-1.));
#1561=DIRECTION('center_axis',(0.,0.,1.));
#1562=DIRECTION('ref_axis',(-1.,0.,0.));
#1563=DIRECTION('center_axis',(0.,0.,-1.));
#1564=DIRECTION('ref_axis',(-1.,0.,0.));
#1565=DIRECTION('center_axis',(0.,0.,-1.));
#1566=DIRECTION('ref_axis',(-1.,0.,0.));
#1567=DIRECTION('',(-0.73027228711425,-0.683156194931234,0.));
#1568=DIRECTION('',(1.,0.,0.));
#1569=DIRECTION('',(-0.707919113287021,0.706293514796021,0.));
#1570=DIRECTION('',(0.,-1.,0.));
#1571=DIRECTION('',(0.707919113287021,0.706293514796021,0.));
#1572=DIRECTION('',(1.,0.,0.));
#1573=DIRECTION('',(0.,-1.,0.));
#1574=DIRECTION('',(1.,0.,0.));
#1575=DIRECTION('',(1.716937775212E-16,-1.,0.));
#1576=DIRECTION('',(0.,1.,0.));
#1577=DIRECTION('center_axis',(0.,0.,-1.));
#1578=DIRECTION('ref_axis',(-1.,0.,0.));
#1579=DIRECTION('center_axis',(1.,0.,-4.142623226213E-17));
#1580=DIRECTION('ref_axis',(-4.142623226213E-17,8.623566915167E-33,-1.));
#1581=DIRECTION('',(-1.04171674302E-11,1.,0.));
#1582=DIRECTION('',(0.,0.,1.));
#1583=DIRECTION('center_axis',(0.,0.,1.));
#1584=DIRECTION('ref_axis',(1.,0.,0.));
#1585=DIRECTION('',(-0.73027228711425,0.683156194931234,0.));
#1586=DIRECTION('',(1.,0.,0.));
#1587=DIRECTION('',(-1.,0.,0.));
#1588=DIRECTION('',(0.707919113287021,0.706293514796021,0.));
#1589=DIRECTION('',(0.,1.,0.));
#1590=DIRECTION('',(-0.707919113287021,0.706293514796021,0.));
#1591=DIRECTION('',(-1.,0.,0.));
#1592=DIRECTION('',(1.,0.,0.));
#1593=DIRECTION('',(-0.73027228711425,-0.683156194931234,0.));
#1594=DIRECTION('',(0.,-1.,0.));
#1595=DIRECTION('center_axis',(0.,0.,-1.));
#1596=DIRECTION('ref_axis',(1.,0.,0.));
#1597=DIRECTION('',(-1.,-3.927843987888E-10,0.));
#1598=DIRECTION('center_axis',(0.,0.,1.));
#1599=DIRECTION('ref_axis',(0.484139640202881,0.874990747827784,0.));
#1600=DIRECTION('center_axis',(0.,0.,-1.));
#1601=DIRECTION('ref_axis',(1.,0.,0.));
#1602=DIRECTION('',(0.,0.,-1.));
#1603=DIRECTION('',(0.,0.,1.));
#1604=DIRECTION('center_axis',(0.,0.,-1.));
#1605=DIRECTION('ref_axis',(1.,0.,0.));
#1606=DIRECTION('',(0.,0.,1.));
#1607=DIRECTION('',(0.,0.,-1.));
#1608=DIRECTION('',(0.,0.,1.));
#1609=DIRECTION('center_axis',(0.,0.,1.));
#1610=DIRECTION('ref_axis',(1.,0.,0.));
#1611=DIRECTION('center_axis',(0.,0.,1.));
#1612=DIRECTION('ref_axis',(1.,0.,0.));
#1613=DIRECTION('center_axis',(0.,1.,0.));
#1614=DIRECTION('ref_axis',(-1.,0.,0.));
#1615=DIRECTION('center_axis',(0.,1.,0.));
#1616=DIRECTION('ref_axis',(-1.,0.,0.));
#1617=DIRECTION('',(0.,1.,0.));
#1618=DIRECTION('center_axis',(0.,1.,0.));
#1619=DIRECTION('ref_axis',(-1.,0.,0.));
#1620=DIRECTION('',(0.,1.,0.));
#1621=DIRECTION('',(0.,1.,0.));
#1622=DIRECTION('center_axis',(-0.208882362206092,-0.675540631651292,-0.707115983235689));
#1623=DIRECTION('ref_axis',(-0.227463217705574,0.736796723147632,-0.636703285172881));
#1624=DIRECTION('',(0.,-1.,0.));
#1625=DIRECTION('',(0.,1.,0.));
#1626=DIRECTION('center_axis',(0.,1.,0.));
#1627=DIRECTION('ref_axis',(-1.,0.,0.));
#1628=DIRECTION('',(0.,1.,0.));
#1629=DIRECTION('',(0.,1.,0.));
#1630=DIRECTION('center_axis',(0.,1.,0.));
#1631=DIRECTION('ref_axis',(-1.,0.,0.));
#1632=DIRECTION('center_axis',(0.,1.,0.));
#1633=DIRECTION('ref_axis',(-1.,0.,0.));
#1634=DIRECTION('',(0.,0.,-1.));
#1635=DIRECTION('center_axis',(1.,0.,0.));
#1636=DIRECTION('ref_axis',(0.,0.,1.));
#1637=DIRECTION('center_axis',(0.,0.,1.));
#1638=DIRECTION('ref_axis',(-1.,0.,0.));
#1639=DIRECTION('center_axis',(-1.,0.,0.));
#1640=DIRECTION('ref_axis',(0.,0.,-1.));
#1641=DIRECTION('',(0.,0.,1.));
#1642=DIRECTION('center_axis',(0.,1.,0.));
#1643=DIRECTION('ref_axis',(-1.,0.,0.));
#1644=DIRECTION('center_axis',(0.,1.,0.));
#1645=DIRECTION('ref_axis',(1.,0.,0.));
#1646=DIRECTION('center_axis',(0.,1.,0.));
#1647=DIRECTION('ref_axis',(-1.,0.,0.));
#1648=DIRECTION('center_axis',(0.,0.,1.));
#1649=DIRECTION('ref_axis',(1.,0.,0.));
#1650=DIRECTION('center_axis',(0.,0.,1.));
#1651=DIRECTION('ref_axis',(-1.,0.,0.));
#1652=DIRECTION('center_axis',(-3.927843987888E-10,1.,0.));
#1653=DIRECTION('ref_axis',(-1.,-3.927843987888E-10,0.));
#1654=DIRECTION('center_axis',(0.,0.,1.));
#1655=DIRECTION('ref_axis',(-1.,0.,0.));
#1656=DIRECTION('center_axis',(0.,0.,1.));
#1657=DIRECTION('ref_axis',(1.,0.,0.));
#1658=DIRECTION('center_axis',(0.,0.,-1.));
#1659=DIRECTION('ref_axis',(-1.,0.,0.));
#1660=DIRECTION('center_axis',(0.,0.,1.));
#1661=DIRECTION('ref_axis',(1.,0.,0.));
#1662=DIRECTION('center_axis',(0.,0.,-1.));
#1663=DIRECTION('ref_axis',(-1.,0.,0.));
#1664=DIRECTION('center_axis',(0.683156194931234,-0.73027228711425,0.));
#1665=DIRECTION('ref_axis',(-0.73027228711425,-0.683156194931234,0.));
#1666=DIRECTION('',(-0.73027228711425,-0.683156194931234,-2.46519032881685E-32));
#1667=DIRECTION('',(0.,0.,-1.));
#1668=DIRECTION('',(0.,0.,1.));
#1669=DIRECTION('center_axis',(0.,1.,0.));
#1670=DIRECTION('ref_axis',(1.,0.,0.));
#1671=DIRECTION('center_axis',(0.,-1.,0.));
#1672=DIRECTION('ref_axis',(-1.,0.,0.));
#1673=DIRECTION('',(0.,0.,1.));
#1674=DIRECTION('',(1.,0.,0.));
#1675=DIRECTION('',(3.693495229344E-16,0.,-1.));
#1676=DIRECTION('',(-1.,0.,0.));
#1677=DIRECTION('',(0.,0.,-1.));
#1678=DIRECTION('center_axis',(1.,8.584688876062E-17,0.));
#1679=DIRECTION('ref_axis',(8.584688876062E-17,-1.,0.));
#1680=DIRECTION('',(8.584688876062E-17,-1.,0.));
#1681=DIRECTION('',(0.,0.,-1.));
#1682=DIRECTION('center_axis',(-0.706293514796021,-0.707919113287021,0.));
#1683=DIRECTION('ref_axis',(-0.707919113287021,0.706293514796021,0.));
#1684=DIRECTION('center_axis',(-0.706293514796021,-0.707919113287021,0.));
#1685=DIRECTION('ref_axis',(-0.707919113287021,0.706293514796021,0.));
#1686=DIRECTION('center_axis',(-0.706293514796021,-0.707919113287021,0.));
#1687=DIRECTION('ref_axis',(-0.707919113287021,0.706293514796021,0.));
#1688=DIRECTION('',(0.,0.,1.));
#1689=DIRECTION('',(0.,0.,-1.));
#1690=DIRECTION('center_axis',(0.,1.,0.));
#1691=DIRECTION('ref_axis',(1.,0.,0.));
#1692=DIRECTION('',(-0.971774627202567,0.,-0.235911156847895));
#1693=DIRECTION('center_axis',(0.,-1.,0.));
#1694=DIRECTION('ref_axis',(1.,0.,0.));
#1695=DIRECTION('center_axis',(0.,-1.,0.));
#1696=DIRECTION('ref_axis',(1.,0.,0.));
#1697=DIRECTION('',(1.,0.,0.));
#1698=DIRECTION('',(0.,0.,-1.));
#1699=DIRECTION('',(1.,0.,0.));
#1700=DIRECTION('',(2.122381587011E-16,0.,-1.));
#1701=DIRECTION('',(-1.,0.,0.));
#1702=DIRECTION('',(0.986080196110019,0.,-0.166270402777003));
#1703=DIRECTION('center_axis',(0.,-1.,0.));
#1704=DIRECTION('ref_axis',(1.,0.,0.));
#1705=DIRECTION('',(0.846113719131232,0.,-0.533002414908146));
#1706=DIRECTION('center_axis',(0.,-1.,0.));
#1707=DIRECTION('ref_axis',(1.,0.,0.));
#1708=DIRECTION('center_axis',(0.,1.,0.));
#1709=DIRECTION('ref_axis',(1.,0.,0.));
#1710=DIRECTION('center_axis',(0.,1.,0.));
#1711=DIRECTION('ref_axis',(-1.,0.,0.));
#1712=DIRECTION('center_axis',(1.,0.,0.));
#1713=DIRECTION('ref_axis',(0.,0.,-1.));
#1714=DIRECTION('',(0.,0.,1.));
#1715=DIRECTION('center_axis',(0.166270402777003,0.,0.986080196110019));
#1716=DIRECTION('ref_axis',(-0.986080196110019,0.,0.166270402777003));
#1717=DIRECTION('',(0.,1.,0.));
#1718=DIRECTION('',(0.986080196110019,0.,-0.166270402777003));
#1719=DIRECTION('center_axis',(-0.706293514796021,0.707919113287021,0.));
#1720=DIRECTION('ref_axis',(0.707919113287021,0.706293514796021,0.));
#1721=DIRECTION('',(0.,0.,1.));
#1722=DIRECTION('center_axis',(-0.706293514796021,0.707919113287021,0.));
#1723=DIRECTION('ref_axis',(-0.707919113287021,-0.706293514796021,0.));
#1724=DIRECTION('center_axis',(-0.706293514796021,0.707919113287021,0.));
#1725=DIRECTION('ref_axis',(-0.707919113287021,-0.706293514796021,0.));
#1726=DIRECTION('',(0.,0.,-1.));
#1727=DIRECTION('center_axis',(0.,1.,0.));
#1728=DIRECTION('ref_axis',(1.,0.,0.));
#1729=DIRECTION('',(-0.971774627202282,0.,-0.235911156849068));
#1730=DIRECTION('center_axis',(0.,-1.,0.));
#1731=DIRECTION('ref_axis',(-0.235911156850013,0.,0.971774627202053));
#1732=DIRECTION('',(-0.846113719131232,0.,0.533002414908146));
#1733=DIRECTION('center_axis',(0.,1.,0.));
#1734=DIRECTION('ref_axis',(1.,0.,0.));
#1735=DIRECTION('center_axis',(0.,1.,0.));
#1736=DIRECTION('ref_axis',(-1.,0.,0.));
#1737=DIRECTION('',(-1.,0.,0.));
#1738=DIRECTION('center_axis',(0.,1.,0.));
#1739=DIRECTION('ref_axis',(1.,0.,0.));
#1740=DIRECTION('center_axis',(0.,-1.,0.));
#1741=DIRECTION('ref_axis',(1.,0.,0.));
#1742=DIRECTION('center_axis',(0.,-1.,0.));
#1743=DIRECTION('ref_axis',(1.,0.,0.));
#1744=DIRECTION('center_axis',(0.,1.,0.));
#1745=DIRECTION('ref_axis',(-1.,0.,0.));
#1746=DIRECTION('center_axis',(0.683156194931234,0.73027228711425,0.));
#1747=DIRECTION('ref_axis',(0.73027228711425,-0.683156194931234,0.));
#1748=DIRECTION('',(-0.73027228711425,0.683156194931234,0.));
#1749=DIRECTION('',(0.,0.,-1.));
#1750=DIRECTION('',(0.,0.,1.));
#1751=DIRECTION('',(0.,0.,-1.));
#1752=DIRECTION('center_axis',(1.,8.584688876062E-17,0.));
#1753=DIRECTION('ref_axis',(8.584688876062E-17,-1.,0.));
#1754=DIRECTION('',(0.,0.,1.));
#1755=DIRECTION('',(-8.584688876062E-17,1.,0.));
#1756=DIRECTION('',(0.,-1.,0.));
#1757=DIRECTION('center_axis',(0.683156194931234,-0.73027228711425,0.));
#1758=DIRECTION('ref_axis',(-0.73027228711425,-0.683156194931234,0.));
#1759=DIRECTION('',(0.73027228711425,0.683156194931234,2.46519032881685E-32));
#1760=DIRECTION('',(0.,0.,1.));
#1761=DIRECTION('center_axis',(0.683156194931234,-0.73027228711425,0.));
#1762=DIRECTION('ref_axis',(-0.73027228711425,-0.683156194931234,0.));
#1763=DIRECTION('center_axis',(0.,1.,0.));
#1764=DIRECTION('ref_axis',(0.,0.,1.));
#1765=DIRECTION('center_axis',(0.,-1.,0.));
#1766=DIRECTION('ref_axis',(-1.,0.,0.));
#1767=DIRECTION('center_axis',(0.,1.,0.));
#1768=DIRECTION('ref_axis',(0.,0.,-1.));
#1769=DIRECTION('center_axis',(0.,-1.,0.));
#1770=DIRECTION('ref_axis',(-1.,0.,0.));
#1771=DIRECTION('center_axis',(0.,-1.,0.));
#1772=DIRECTION('ref_axis',(0.,0.,1.));
#1773=DIRECTION('center_axis',(0.,1.,0.));
#1774=DIRECTION('ref_axis',(-1.,0.,0.));
#1775=DIRECTION('center_axis',(0.,1.,0.));
#1776=DIRECTION('ref_axis',(1.,0.,0.));
#1777=DIRECTION('center_axis',(0.,1.,0.));
#1778=DIRECTION('ref_axis',(-1.,0.,0.));
#1779=DIRECTION('center_axis',(1.,0.,0.));
#1780=DIRECTION('ref_axis',(0.,0.,-1.));
#1781=DIRECTION('',(0.,0.,1.));
#1782=DIRECTION('center_axis',(-1.,0.,0.));
#1783=DIRECTION('ref_axis',(0.,0.,1.));
#1784=DIRECTION('',(0.,0.,-1.));
#1785=DIRECTION('center_axis',(0.,-1.,0.));
#1786=DIRECTION('ref_axis',(1.,0.,0.));
#1787=DIRECTION('center_axis',(0.,-1.,0.));
#1788=DIRECTION('ref_axis',(1.,0.,0.));
#1789=DIRECTION('center_axis',(0.,0.,1.));
#1790=DIRECTION('ref_axis',(1.,0.,0.));
#1791=DIRECTION('center_axis',(0.,1.,0.));
#1792=DIRECTION('ref_axis',(1.,0.,0.));
#1793=DIRECTION('center_axis',(0.,-1.,0.));
#1794=DIRECTION('ref_axis',(-1.,0.,0.));
#1795=DIRECTION('center_axis',(0.,1.,0.));
#1796=DIRECTION('ref_axis',(-1.,0.,0.));
#1797=DIRECTION('',(0.,-1.,0.));
#1798=DIRECTION('center_axis',(0.,0.,1.));
#1799=DIRECTION('ref_axis',(-1.,0.,0.));
#1800=DIRECTION('center_axis',(0.,0.,-1.));
#1801=DIRECTION('ref_axis',(-1.,0.,0.));
#1802=DIRECTION('',(0.,0.,1.));
#1803=DIRECTION('center_axis',(0.,0.,1.));
#1804=DIRECTION('ref_axis',(1.,0.,0.));
#1805=DIRECTION('center_axis',(0.,0.,-1.));
#1806=DIRECTION('ref_axis',(0.,-1.,0.));
#1807=DIRECTION('',(0.,-1.,0.));
#1808=DIRECTION('',(-0.73027228711425,-0.683156194931234,0.));
#1809=DIRECTION('center_axis',(0.,0.,1.));
#1810=DIRECTION('ref_axis',(0.,1.,0.));
#1811=DIRECTION('',(-0.73027228711425,-0.683156194931234,0.));
#1812=DIRECTION('',(0.,1.,0.));
#1813=DIRECTION('center_axis',(-0.683156194931234,0.73027228711425,-2.52323414687586E-16));
#1814=DIRECTION('ref_axis',(-3.69349522934438E-16,4.0453773295865E-29,1.));
#1815=DIRECTION('',(-2.122381587011E-16,0.,1.));
#1816=DIRECTION('center_axis',(0.235911156847895,0.,-0.971774627202567));
#1817=DIRECTION('ref_axis',(0.971774627202567,0.,0.235911156847895));
#1818=DIRECTION('',(0.,-1.,0.));
#1819=DIRECTION('',(0.,-1.,0.));
#1820=DIRECTION('center_axis',(0.,1.,0.));
#1821=DIRECTION('ref_axis',(-0.235911156850013,0.,0.971774627202053));
#1822=DIRECTION('',(0.,-1.,0.));
#1823=DIRECTION('center_axis',(0.533002414908146,0.,0.846113719131232));
#1824=DIRECTION('ref_axis',(-0.846113719131232,0.,0.533002414908146));
#1825=DIRECTION('',(0.,-1.,0.));
#1826=DIRECTION('center_axis',(0.,-1.,0.));
#1827=DIRECTION('ref_axis',(1.,0.,0.));
#1828=DIRECTION('center_axis',(1.,0.,2.122381587011E-16));
#1829=DIRECTION('ref_axis',(-2.122381587011E-16,0.,1.));
#1830=DIRECTION('center_axis',(0.,0.,1.));
#1831=DIRECTION('ref_axis',(-1.,0.,0.));
#1832=DIRECTION('',(0.,1.,0.));
#1833=DIRECTION('center_axis',(0.,-1.,0.));
#1834=DIRECTION('ref_axis',(-0.922569920063837,0.,-0.385829939990932));
#1835=DIRECTION('',(0.,-1.,0.));
#1836=DIRECTION('center_axis',(0.,-1.,0.));
#1837=DIRECTION('ref_axis',(1.,0.,0.));
#1838=DIRECTION('center_axis',(0.,-1.,0.));
#1839=DIRECTION('ref_axis',(1.,0.,0.));
#1840=DIRECTION('',(0.,-1.,0.));
#1841=DIRECTION('center_axis',(0.,1.,0.));
#1842=DIRECTION('ref_axis',(-1.,0.,0.));
#1843=DIRECTION('',(0.,1.,0.));
#1844=DIRECTION('center_axis',(0.,1.,0.));
#1845=DIRECTION('ref_axis',(-1.,0.,0.));
#1846=DIRECTION('center_axis',(0.,1.,0.));
#1847=DIRECTION('ref_axis',(-1.,0.,0.));
#1848=DIRECTION('',(0.,-1.,0.));
#1849=DIRECTION('center_axis',(0.,-1.,0.));
#1850=DIRECTION('ref_axis',(-1.,0.,0.));
#1851=CARTESIAN_POINT('',(0.,0.,0.));
#1852=CARTESIAN_POINT('Origin',(7.2,-4.4,0.));
#1853=CARTESIAN_POINT('',(10.75,-4.4,0.3));
#1854=CARTESIAN_POINT('',(11.05,-4.4,-4.88290115074014E-16));
#1855=CARTESIAN_POINT('',(11.05,-4.4,0.));
#1856=CARTESIAN_POINT('',(6.60634504402117,-7.89997964463066,0.299015493715476));
#1857=CARTESIAN_POINT('Origin',(7.2,-4.4,0.3));
#1858=CARTESIAN_POINT('',(5.59562614368737,-7.89990990965209,0.00092657580772594));
#1859=CARTESIAN_POINT('Ctrl Pts',(6.60635681822587,-7.89997731282947,0.298877553980022));
#1860=CARTESIAN_POINT('Ctrl Pts',(6.40117960565175,-7.89996947071978,0.264381770549817));
#1861=CARTESIAN_POINT('Ctrl Pts',(6.19838059327864,-7.89996171950765,0.213599460806707));
#1862=CARTESIAN_POINT('Ctrl Pts',(6.00044391100705,-7.89995415413938,0.150143946739293));
#1863=CARTESIAN_POINT('Ctrl Pts',(5.86324550415142,-7.89994891025804,0.106160207412445));
#1864=CARTESIAN_POINT('Ctrl Pts',(5.72838318962448,-7.89994375566485,0.0560876639970628));
#1865=CARTESIAN_POINT('Ctrl Pts',(5.59561330464813,-7.89993868104672,0.00100836210884481));
#1866=CARTESIAN_POINT('Origin',(7.2,-4.4,0.));
#1867=CARTESIAN_POINT('Origin',(7.2,-4.4,-0.5));
#1868=CARTESIAN_POINT('',(10.75,-4.4,2.3));
#1869=CARTESIAN_POINT('',(10.75,-4.4,-0.5));
#1870=CARTESIAN_POINT('Origin',(7.2,-4.4,0.3));
#1871=CARTESIAN_POINT('',(6.6062160088465,-7.8999886524455,2.3));
#1872=CARTESIAN_POINT('',(6.606282895648,-7.9,-0.5));
#1873=CARTESIAN_POINT('Origin',(7.2,-4.4,2.3));
#1874=CARTESIAN_POINT('Origin',(7.2,-4.4,4.3));
#1875=CARTESIAN_POINT('',(10.75,-4.4,4.3));
#1876=CARTESIAN_POINT('',(10.75,-4.4,6.40000000067293));
#1877=CARTESIAN_POINT('',(10.75,-4.4,4.3));
#1878=CARTESIAN_POINT('',(6.6062160088465,-7.8999886524455,4.3));
#1879=CARTESIAN_POINT('Origin',(7.2,-4.4,4.3));
#1880=CARTESIAN_POINT('',(6.606282895648,-7.9,5.860165119296));
#1881=CARTESIAN_POINT('',(6.606282895648,-7.9,4.3));
#1882=CARTESIAN_POINT('',(8.44564392393231,-7.72428506612452,6.39999999913388));
#1883=CARTESIAN_POINT('Ctrl Pts',(6.60628289571704,-7.89999999941043,5.86016511924957));
#1884=CARTESIAN_POINT('Ctrl Pts',(6.62207207967907,-7.90267837325041,5.84963149782573));
#1885=CARTESIAN_POINT('Ctrl Pts',(6.63818480294876,-7.90530172239152,5.83940171648123));
#1886=CARTESIAN_POINT('Ctrl Pts',(6.65461511431926,-7.90785622944725,5.82949621703851));
#1887=CARTESIAN_POINT('Ctrl Pts',(6.69135753885215,-7.91356876773076,5.80734495906613));
#1888=CARTESIAN_POINT('Ctrl Pts',(6.72972304223032,-7.91894116454442,5.78679933381774));
#1889=CARTESIAN_POINT('Ctrl Pts',(6.769518231981,-7.92380269613773,5.76814793643363));
#1890=CARTESIAN_POINT('Ctrl Pts',(6.80934826447849,-7.92866848425339,5.74948020878648));
#1891=CARTESIAN_POINT('Ctrl Pts',(6.85061023758821,-7.93302192423698,5.73270989584018));
#1892=CARTESIAN_POINT('Ctrl Pts',(6.89307856396089,-7.93670740343685,5.71808843609521));
#1893=CARTESIAN_POINT('Ctrl Pts',(6.92676239538633,-7.9396305480647,5.70649139831884));
#1894=CARTESIAN_POINT('Ctrl Pts',(6.96120450618782,-7.94213368253337,5.69624543647011));
#1895=CARTESIAN_POINT('Ctrl Pts',(6.99627939763711,-7.94414981570657,5.68745977563615));
#1896=CARTESIAN_POINT('Ctrl Pts',(7.03128401557516,-7.94616190950141,5.6786917171157));
#1897=CARTESIAN_POINT('Ctrl Pts',(7.06690988191014,-7.94768738168532,5.67138295504365));
#1898=CARTESIAN_POINT('Ctrl Pts',(7.10293444386187,-7.94867274851954,5.66563167304732));
#1899=CARTESIAN_POINT('Ctrl Pts',(7.13895737553915,-7.94965807076145,5.65988065132252));
#1900=CARTESIAN_POINT('Ctrl Pts',(7.17537867830604,-7.95010318509718,5.65568693000162));
#1901=CARTESIAN_POINT('Ctrl Pts',(7.21196852327056,-7.94997982491749,5.65310366946372));
#1902=CARTESIAN_POINT('Ctrl Pts',(7.24854112942154,-7.9498565228573,5.65052162599429));
#1903=CARTESIAN_POINT('Ctrl Pts',(7.28528184937118,-7.94916521722693,5.64954850747781));
#1904=CARTESIAN_POINT('Ctrl Pts',(7.321958052779,-7.9479044843952,5.6501928773134));
#1905=CARTESIAN_POINT('Ctrl Pts',(7.35861542197164,-7.94664439898363,5.65083691624778));
#1906=CARTESIAN_POINT('Ctrl Pts',(7.39520807701313,-7.94481549128552,5.65309679428198));
#1907=CARTESIAN_POINT('Ctrl Pts',(7.43150460591258,-7.94244345312781,5.65693663129196));
#1908=CARTESIAN_POINT('Ctrl Pts',(7.46776693030137,-7.9400736502914,5.66077284978111));
#1909=CARTESIAN_POINT('Ctrl Pts',(7.50373341421005,-7.93716184614923,5.66618608746829));
#1910=CARTESIAN_POINT('Ctrl Pts',(7.53917816111098,-7.93375977930851,5.67309584431074));
#1911=CARTESIAN_POINT('Ctrl Pts',(7.54768511993122,-7.93294326219248,5.67475422875572));
#1912=CARTESIAN_POINT('Ctrl Pts',(7.5561620578043,-7.93209861803446,5.67649861308564));
#1913=CARTESIAN_POINT('Ctrl Pts',(7.56460592104704,-7.93122677299791,5.67832749619759));
#1914=CARTESIAN_POINT('Ctrl Pts',(7.60875853132493,-7.9266679315038,5.68789065004844));
#1915=CARTESIAN_POINT('Ctrl Pts',(7.65199296453498,-7.92136436632999,5.69976424424169));
#1916=CARTESIAN_POINT('Ctrl Pts',(7.6940600593552,-7.91545226882313,5.7137383637574));
#1917=CARTESIAN_POINT('Ctrl Pts',(7.73636001350773,-7.90950744533214,5.72778983599152));
#1918=CARTESIAN_POINT('Ctrl Pts',(7.77747952175456,-7.90294786421488,5.74396528259566));
#1919=CARTESIAN_POINT('Ctrl Pts',(7.81719334769107,-7.89593655578731,5.7620144811536));
#1920=CARTESIAN_POINT('Ctrl Pts',(7.84521177724119,-7.89099002025215,5.77474833860265));
#1921=CARTESIAN_POINT('Ctrl Pts',(7.8725311039956,-7.88581916785571,5.78841408327614));
#1922=CARTESIAN_POINT('Ctrl Pts',(7.89908139300468,-7.88048634618104,5.80291227125832));
#1923=CARTESIAN_POINT('Ctrl Pts',(7.94575752594545,-7.87111110008294,5.82840048155332));
#1924=CARTESIAN_POINT('Ctrl Pts',(7.99010047169858,-7.86122762614383,5.85648194203371));
#1925=CARTESIAN_POINT('Ctrl Pts',(8.03197557210845,-7.85113266163695,5.88673213717373));
#1926=CARTESIAN_POINT('Ctrl Pts',(8.06079557384721,-7.84418493155885,5.90755144669181));
#1927=CARTESIAN_POINT('Ctrl Pts',(8.08844764606346,-7.83713693469492,5.92939850751784));
#1928=CARTESIAN_POINT('Ctrl Pts',(8.11490033840741,-7.83008124842275,5.95214060195433));
#1929=CARTESIAN_POINT('Ctrl Pts',(8.15385087510461,-7.81969203119319,5.98562743090929));
#1930=CARTESIAN_POINT('Ctrl Pts',(8.19021655812783,-7.80928348808853,6.02106530216379));
#1931=CARTESIAN_POINT('Ctrl Pts',(8.22397099648876,-7.79911508794442,6.05811069750973));
#1932=CARTESIAN_POINT('Ctrl Pts',(8.25831334761413,-7.78876958124696,6.09580132535974));
#1933=CARTESIAN_POINT('Ctrl Pts',(8.28995316986917,-7.77867297839095,6.1351563173659));
#1934=CARTESIAN_POINT('Ctrl Pts',(8.31887916610137,-7.76906655157088,6.17585550828265));
#1935=CARTESIAN_POINT('Ctrl Pts',(8.34834353981001,-7.75928132766506,6.21731220215705));
#1936=CARTESIAN_POINT('Ctrl Pts',(8.37499255701621,-7.75000500999847,6.26016391759176));
#1937=CARTESIAN_POINT('Ctrl Pts',(8.39882439272991,-7.74145478367822,6.30410994810977));
#1938=CARTESIAN_POINT('Ctrl Pts',(8.41587201676773,-7.73533855136204,6.33554585658219));
#1939=CARTESIAN_POINT('Ctrl Pts',(8.43147832038203,-7.72959306155132,6.36754252525209));
#1940=CARTESIAN_POINT('Ctrl Pts',(8.44564392330962,-7.72428506374355,6.39999999901627));
#1941=CARTESIAN_POINT('Origin',(7.2,-4.4,6.4));
#1942=CARTESIAN_POINT('Origin',(-1.337774499299,-7.9,7.699999999992));
#1943=CARTESIAN_POINT('',(6.606149122045,-7.899977304891,-0.5));
#1944=CARTESIAN_POINT('Ctrl Pts',(6.60635681822587,-7.89997731282947,0.298877553980022));
#1945=CARTESIAN_POINT('Ctrl Pts',(6.40117960565175,-7.89996947071978,0.264381770549817));
#1946=CARTESIAN_POINT('Ctrl Pts',(6.19838059327864,-7.89996171950765,0.213599460806707));
#1947=CARTESIAN_POINT('Ctrl Pts',(6.00044391100705,-7.89995415413938,0.150143946739293));
#1948=CARTESIAN_POINT('Ctrl Pts',(5.86324550415142,-7.89994891025804,0.106160207412445));
#1949=CARTESIAN_POINT('Ctrl Pts',(5.72838318962448,-7.89994375566485,0.0560876639970628));
#1950=CARTESIAN_POINT('Ctrl Pts',(5.59561330464813,-7.89993868104672,0.00100836210884481));
#1951=CARTESIAN_POINT('',(2.320213739891,-7.9,0.));
#1952=CARTESIAN_POINT('',(-0.66888724965,-7.9,0.));
#1953=CARTESIAN_POINT('',(2.320213739891,-7.9,6.7));
#1954=CARTESIAN_POINT('',(2.320213739891,-7.9,3.849999999996));
#1955=CARTESIAN_POINT('',(5.263508324807,-7.89999999913299,6.7));
#1956=CARTESIAN_POINT('',(2.38111275035,-7.9,6.7));
#1957=CARTESIAN_POINT('',(5.59604121887294,-7.89999772601095,6.70002286332141));
#1958=CARTESIAN_POINT('',(2.38111275035,-7.9,6.7));
#1959=CARTESIAN_POINT('',(6.11057475256197,-7.9,6.51563055554641));
#1960=CARTESIAN_POINT('Ctrl Pts',(5.59604157494793,-7.9,6.7000237180176));
#1961=CARTESIAN_POINT('Ctrl Pts',(5.8596200826088,-7.9,6.59021427293613));
#1962=CARTESIAN_POINT('Ctrl Pts',(6.11057475256197,-7.9,6.51563055554641));
#1963=CARTESIAN_POINT('Origin',(7.3,-7.9,6.9));
#1964=CARTESIAN_POINT('',(7.19993311307601,-7.89999999978696,4.3));
#1965=CARTESIAN_POINT('',(2.93111275035,-7.9,4.3));
#1966=CARTESIAN_POINT('',(7.19989966952,-7.8999999987215,3.35));
#1967=CARTESIAN_POINT('',(7.199933113076,-7.9,7.699999999992));
#1968=CARTESIAN_POINT('',(7.19986622596404,-7.8999999982955,2.3));
#1969=CARTESIAN_POINT('',(7.199866225964,-7.899999997443,9.8));
#1970=CARTESIAN_POINT('',(2.93111275035,-7.9,2.3));
#1971=CARTESIAN_POINT('Origin',(7.3,-9.9,6.9));
#1972=CARTESIAN_POINT('',(6.15435607488986,-7.79251069001721,6.40000000011624));
#1973=CARTESIAN_POINT('Origin',(7.58450349626592,-8.85149232675158,6.99149878888169));
#1974=CARTESIAN_POINT('',(6.606149122045,-7.899977304891,5.860254376907));
#1975=CARTESIAN_POINT('Origin',(7.3,-7.900003824672,6.9));
#1976=CARTESIAN_POINT('Ctrl Pts',(6.6061491223663,-7.89997730494552,5.86025437740235));
#1977=CARTESIAN_POINT('Ctrl Pts',(6.5628797116345,-7.89263566375788,5.8891292431383));
#1978=CARTESIAN_POINT('Ctrl Pts',(6.52205315592401,-7.88488414553099,5.92027728028466));
#1979=CARTESIAN_POINT('Ctrl Pts',(6.48374947433816,-7.87699369923058,5.95330308501251));
#1980=CARTESIAN_POINT('Ctrl Pts',(6.45653752874249,-7.87138811808112,5.97676548769288));
#1981=CARTESIAN_POINT('Ctrl Pts',(6.43059803542578,-7.86571207701762,6.00117622544418));
#1982=CARTESIAN_POINT('Ctrl Pts',(6.4059488006949,-7.86005530199766,6.02640257954813));
#1983=CARTESIAN_POINT('Ctrl Pts',(6.37058180016392,-7.85193889727684,6.06259763747712));
#1984=CARTESIAN_POINT('Ctrl Pts',(6.33786278750197,-7.843861875179,6.10047747166807));
#1985=CARTESIAN_POINT('Ctrl Pts',(6.30779249385926,-7.83605380720182,6.13972092471736));
#1986=CARTESIAN_POINT('Ctrl Pts',(6.27649513198929,-7.82792711805502,6.18056577198438));
#1987=CARTESIAN_POINT('Ctrl Pts',(6.24806672528259,-7.82009216772263,6.22288800364494));
#1988=CARTESIAN_POINT('Ctrl Pts',(6.2224979716633,-7.81276863918398,6.26636810918156));
#1989=CARTESIAN_POINT('Ctrl Pts',(6.19692921804402,-7.80544511064532,6.30984821471817));
#1990=CARTESIAN_POINT('Ctrl Pts',(6.17421971176915,-7.79863308524059,6.35448668688504));
#1991=CARTESIAN_POINT('Ctrl Pts',(6.15435607439305,-7.79251068986397,6.3999999998788));
#1992=CARTESIAN_POINT('Origin',(7.2,-4.4,6.7));
#1993=CARTESIAN_POINT('',(6.15435607556935,-1.00748930982805,6.40000000057323));
#1994=CARTESIAN_POINT('Origin',(7.2,-4.4,6.4));
#1995=CARTESIAN_POINT('',(6.066103732075,-0.72076376763,6.7));
#1996=CARTESIAN_POINT('Ctrl Pts',(6.06610373207471,-0.720763767629965,6.69999999999992));
#1997=CARTESIAN_POINT('Ctrl Pts',(6.07464617993692,-0.77327963175697,6.6472975273193));
#1998=CARTESIAN_POINT('Ctrl Pts',(6.08658315464376,-0.824269314793717,6.595069692896));
#1999=CARTESIAN_POINT('Ctrl Pts',(6.11568118490728,-0.917717442623176,6.49719606028708));
#2000=CARTESIAN_POINT('Ctrl Pts',(6.13302938533454,-0.962928591660203,6.44886558778309));
#2001=CARTESIAN_POINT('Ctrl Pts',(6.15435607612492,-1.00748930927558,6.4000000003119));
#2002=CARTESIAN_POINT('Origin',(7.2,-4.4,6.7));
#2003=CARTESIAN_POINT('Ctrl Pts',(5.5960415123599,-7.9,6.7000237440924));
#2004=CARTESIAN_POINT('Ctrl Pts',(5.85962005295323,-7.9,6.59021428174977));
#2005=CARTESIAN_POINT('Ctrl Pts',(6.11057475256197,-7.9,6.51563055554641));
#2006=CARTESIAN_POINT('Origin',(7.2,-4.4,4.3));
#2007=CARTESIAN_POINT('',(8.44564392393482,-1.0757149338754,6.39999999913661));
#2008=CARTESIAN_POINT('Origin',(7.2,-4.4,6.4));
#2009=CARTESIAN_POINT('Ctrl Pts',(6.15435607596735,-1.00748931037815,6.40000000067293));
#2010=CARTESIAN_POINT('Ctrl Pts',(6.17410169165911,-1.00140329162609,6.35475711132495));
#2011=CARTESIAN_POINT('Ctrl Pts',(6.19666085271023,-0.994635438456935,6.31037604446629));
#2012=CARTESIAN_POINT('Ctrl Pts',(6.22204443350803,-0.987361297443546,6.26713998651441));
#2013=CARTESIAN_POINT('Ctrl Pts',(6.24709196854061,-0.980183456644956,6.22447631802545));
#2014=CARTESIAN_POINT('Ctrl Pts',(6.274889968547,-0.972512837536399,6.1829271779077));
#2015=CARTESIAN_POINT('Ctrl Pts',(6.30544354261908,-0.964556980145612,6.1427962935366));
#2016=CARTESIAN_POINT('Ctrl Pts',(6.33527820849566,-0.956788319547807,6.10360966601738));
#2017=CARTESIAN_POINT('Ctrl Pts',(6.36774061783652,-0.948747960241825,6.06577503575429));
#2018=CARTESIAN_POINT('Ctrl Pts',(6.40282565582834,-0.940662915713896,6.02961031936255));
#2019=CARTESIAN_POINT('Ctrl Pts',(6.4118199345956,-0.93859026171401,6.02033925798186));
#2020=CARTESIAN_POINT('Ctrl Pts',(6.42098650356538,-0.93651483561447,6.01117813808147));
#2021=CARTESIAN_POINT('Ctrl Pts',(6.43032512803869,-0.934440796715094,6.00213273972202));
#2022=CARTESIAN_POINT('Ctrl Pts',(6.46629316902006,-0.926452562865142,5.96729406944298));
#2023=CARTESIAN_POINT('Ctrl Pts',(6.50483251067637,-0.918479456114321,5.93415514541842));
#2024=CARTESIAN_POINT('Ctrl Pts',(6.54586842266832,-0.910786351840897,5.90311206042442));
#2025=CARTESIAN_POINT('Ctrl Pts',(6.58037501558666,-0.904317315220159,5.87700831263817));
#2026=CARTESIAN_POINT('Ctrl Pts',(6.61664632494708,-0.898046978237799,5.85238682534687));
#2027=CARTESIAN_POINT('Ctrl Pts',(6.65461511431944,-0.892143770552719,5.8294962170384));
#2028=CARTESIAN_POINT('Ctrl Pts',(6.69135753890036,-0.886431232261662,5.80734495903707));
#2029=CARTESIAN_POINT('Ctrl Pts',(6.72972304233213,-0.881058835441339,5.78679933376323));
#2030=CARTESIAN_POINT('Ctrl Pts',(6.76951823213952,-0.876197303842932,5.76814793635934));
#2031=CARTESIAN_POINT('Ctrl Pts',(6.80934826462532,-0.871331515730538,5.74948020872447));
#2032=CARTESIAN_POINT('Ctrl Pts',(6.8506102377218,-0.866978075750036,5.7327098957894));
#2033=CARTESIAN_POINT('Ctrl Pts',(6.89307856408001,-0.863292596552854,5.7180884360542));
#2034=CARTESIAN_POINT('Ctrl Pts',(6.92676239546767,-0.860369451929412,5.70649139829463));
#2035=CARTESIAN_POINT('Ctrl Pts',(6.96120450622944,-0.857866317464254,5.69624543645968));
#2036=CARTESIAN_POINT('Ctrl Pts',(6.9962793976374,-0.855850184293415,5.68745977563608));
#2037=CARTESIAN_POINT('Ctrl Pts',(7.0312840155685,-0.853838090498952,5.67869171711738));
#2038=CARTESIAN_POINT('Ctrl Pts',(7.06690988189657,-0.852312618315238,5.67138295504643));
#2039=CARTESIAN_POINT('Ctrl Pts',(7.10293444384145,-0.851327251481005,5.66563167305058));
#2040=CARTESIAN_POINT('Ctrl Pts',(7.13895737550949,-0.850341929239145,5.65988065132664));
#2041=CARTESIAN_POINT('Ctrl Pts',(7.17537867826714,-0.849896814903181,5.65568693000579));
#2042=CARTESIAN_POINT('Ctrl Pts',(7.21196852322241,-0.850020175082343,5.65310366946712));
#2043=CARTESIAN_POINT('Ctrl Pts',(7.24854112936974,-0.850143477142034,5.65052162599653));
#2044=CARTESIAN_POINT('Ctrl Pts',(7.28528184931578,-0.850834782771775,5.64954850747857));
#2045=CARTESIAN_POINT('Ctrl Pts',(7.32195805272,-0.852095515602767,5.65019287731237));
#2046=CARTESIAN_POINT('Ctrl Pts',(7.35861542191313,-0.853355601013742,5.65083691624502));
#2047=CARTESIAN_POINT('Ctrl Pts',(7.39520807695511,-0.855184508711269,5.65309679427754));
#2048=CARTESIAN_POINT('Ctrl Pts',(7.43150460585506,-0.857556546868439,5.65693663128588));
#2049=CARTESIAN_POINT('Ctrl Pts',(7.46776693025463,-0.859926349704973,5.66077284977447));
#2050=CARTESIAN_POINT('Ctrl Pts',(7.50373341417392,-0.862838153847606,5.66618608746202));
#2051=CARTESIAN_POINT('Ctrl Pts',(7.53917816108524,-0.866240220689093,5.67309584430572));
#2052=CARTESIAN_POINT('Ctrl Pts',(7.54768511991367,-0.867056737805847,5.67475422875211));
#2053=CARTESIAN_POINT('Ctrl Pts',(7.55616205779488,-0.867901381964653,5.67649861308361));
#2054=CARTESIAN_POINT('Ctrl Pts',(7.56460592104571,-0.868773227002041,5.6783274961973));
#2055=CARTESIAN_POINT('Ctrl Pts',(7.60875852579736,-0.87333206792556,5.68789064885115));
#2056=CARTESIAN_POINT('Ctrl Pts',(7.65199295374173,-0.878635632345127,5.69976424127636));
#2057=CARTESIAN_POINT('Ctrl Pts',(7.69406004360813,-0.884547728963603,5.71373835852643));
#2058=CARTESIAN_POINT('Ctrl Pts',(7.73635999836625,-0.890492552346475,5.72778983033825));
#2059=CARTESIAN_POINT('Ctrl Pts',(7.77747950722267,-0.89705213338261,5.74396527657731));
#2060=CARTESIAN_POINT('Ctrl Pts',(7.8171933337711,-0.904063441755142,5.76201447482724));
#2061=CARTESIAN_POINT('Ctrl Pts',(7.84521176818841,-0.909009978034534,5.77474833407482));
#2062=CARTESIAN_POINT('Ctrl Pts',(7.87253109959083,-0.914180831259417,5.78841408087085));
#2063=CARTESIAN_POINT('Ctrl Pts',(7.89908139300486,-0.919513653818966,5.80291227125842));
#2064=CARTESIAN_POINT('Ctrl Pts',(7.94575752553632,-0.928888899835073,5.82840048132992));
#2065=CARTESIAN_POINT('Ctrl Pts',(7.99010047092292,-0.938772373683338,5.85648194154247));
#2066=CARTESIAN_POINT('Ctrl Pts',(8.03197557100992,-0.948867338098226,5.88673213638016));
#2067=CARTESIAN_POINT('Ctrl Pts',(8.06079557314467,-0.955815068262044,5.90755144613675));
#2068=CARTESIAN_POINT('Ctrl Pts',(8.08844764572774,-0.962863065215434,5.92939850722921));
#2069=CARTESIAN_POINT('Ctrl Pts',(8.11490033840748,-0.969918751577219,5.9521406019544));
#2070=CARTESIAN_POINT('Ctrl Pts',(8.15385087507448,-0.980307968798796,5.98562743088339));
#2071=CARTESIAN_POINT('Ctrl Pts',(8.19021655807176,-0.990716511895445,6.02106530210914));
#2072=CARTESIAN_POINT('Ctrl Pts',(8.22397099641078,-1.0008849120321,6.05811069742414));
#2073=CARTESIAN_POINT('Ctrl Pts',(8.25831334752102,-1.01123041872414,6.09580132525054));
#2074=CARTESIAN_POINT('Ctrl Pts',(8.28995316976398,-1.0213270215752,6.1351563172315));
#2075=CARTESIAN_POINT('Ctrl Pts',(8.31887916598712,-1.03093344839116,6.1758555081219));
#2076=CARTESIAN_POINT('Ctrl Pts',(8.34834353970351,-1.04071867229845,6.21731220199335));
#2077=CARTESIAN_POINT('Ctrl Pts',(8.37499255691735,-1.04999498996679,6.26016391742553));
#2078=CARTESIAN_POINT('Ctrl Pts',(8.3988243926386,-1.05854521628902,6.30410994794139));
#2079=CARTESIAN_POINT('Ctrl Pts',(8.41587201671256,-1.06466144861764,6.33554585646894));
#2080=CARTESIAN_POINT('Ctrl Pts',(8.43147832035774,-1.07040693843958,6.3675425251962));
#2081=CARTESIAN_POINT('Ctrl Pts',(8.44564392331099,-1.07571493625697,6.3999999990194));
#2082=CARTESIAN_POINT('',(6.606149122045,-7.899977304891,4.3));
#2083=CARTESIAN_POINT('Origin',(7.2,-4.4,4.3));
#2084=CARTESIAN_POINT('Origin',(-0.887918549982,-7.899690872982,7.699999999992));
#2085=CARTESIAN_POINT('',(5.263374554274,-7.899925982499,6.7));
#2086=CARTESIAN_POINT('',(12.2,-7.900191108323,6.7));
#2087=CARTESIAN_POINT('',(5.263374554274,-7.899925982499,9.8));
#2088=CARTESIAN_POINT('',(5.263374554274,-7.899925982499,6.7));
#2089=CARTESIAN_POINT('',(2.320213739891,-7.899813491498,9.8));
#2090=CARTESIAN_POINT('',(6.231620390119,-7.899962989971,9.8));
#2091=CARTESIAN_POINT('',(2.320213739891,-7.899813491498,0.));
#2092=CARTESIAN_POINT('',(2.320213739891,-7.899813491498,8.749999999996));
#2093=CARTESIAN_POINT('',(-0.444110243287,-7.899707835847,0.));
#2094=CARTESIAN_POINT('',(6.606149122045,-7.899977304891,-0.5));
#2095=CARTESIAN_POINT('Origin',(6.1,-4.7,6.7));
#2096=CARTESIAN_POINT('',(6.066103732075,-0.564080390104,6.7));
#2097=CARTESIAN_POINT('',(6.066103732075,-1.8,6.7));
#2098=CARTESIAN_POINT('Origin',(7.2,-4.4,6.7));
#2099=CARTESIAN_POINT('Origin',(7.3,0.,6.9));
#2100=CARTESIAN_POINT('',(8.533896267925,-0.4,6.7));
#2101=CARTESIAN_POINT('',(8.55,-0.4,6.9));
#2102=CARTESIAN_POINT('Origin',(7.3,-0.4,6.9));
#2103=CARTESIAN_POINT('',(8.55,5.1,6.9));
#2104=CARTESIAN_POINT('',(8.55,0.,6.9));
#2105=CARTESIAN_POINT('Origin',(7.3,5.1,6.9));
#2106=CARTESIAN_POINT('',(8.533896267925,-0.4,7.1));
#2107=CARTESIAN_POINT('Origin',(7.3,-0.4,6.9));
#2108=CARTESIAN_POINT('',(8.533896267925,-0.628962908375,7.1));
#2109=CARTESIAN_POINT('',(8.533896267925,1.1,7.1));
#2110=CARTESIAN_POINT('',(6.066103732075,-0.564080390104,7.1));
#2111=CARTESIAN_POINT('Ctrl Pts',(8.5338962679253,-0.628962908374548,7.10000000000002));
#2112=CARTESIAN_POINT('Ctrl Pts',(8.51850754522388,-0.623519588863013,7.19494043754713));
#2113=CARTESIAN_POINT('Ctrl Pts',(8.49169037511677,-0.61409367023802,7.28970344079513));
#2114=CARTESIAN_POINT('Ctrl Pts',(8.39044510971777,-0.580659469316935,7.53333709372536));
#2115=CARTESIAN_POINT('Ctrl Pts',(8.29464845381703,-0.551022352384642,7.67293111842984));
#2116=CARTESIAN_POINT('Ctrl Pts',(8.07432290638167,-0.495065610795292,7.89363065518289));
#2117=CARTESIAN_POINT('Ctrl Pts',(7.93454533805636,-0.464947019249218,7.98979404033354));
#2118=CARTESIAN_POINT('Ctrl Pts',(7.62672121197198,-0.419785455279185,8.11801154502165));
#2119=CARTESIAN_POINT('Ctrl Pts',(7.45857804213416,-0.4052158858989,8.15));
#2120=CARTESIAN_POINT('Ctrl Pts',(7.14241397822906,-0.397309313111093,8.15));
#2121=CARTESIAN_POINT('Ctrl Pts',(6.97473299750329,-0.403361445997797,8.11836931241119));
#2122=CARTESIAN_POINT('Ctrl Pts',(6.6671576830291,-0.43264017004102,7.99074881621483));
#2123=CARTESIAN_POINT('Ctrl Pts',(6.52719773176545,-0.455380602257725,7.8948060919934));
#2124=CARTESIAN_POINT('Ctrl Pts',(6.30600593168848,-0.499547738982717,7.67393099431682));
#2125=CARTESIAN_POINT('Ctrl Pts',(6.20981614649118,-0.5239273357424,7.53387398227532));
#2126=CARTESIAN_POINT('Ctrl Pts',(6.10832548647863,-0.551655386089,7.28979523627356));
#2127=CARTESIAN_POINT('Ctrl Pts',(6.08149339974557,-0.559531210634287,7.19494626751852));
#2128=CARTESIAN_POINT('Ctrl Pts',(6.0661037320747,-0.564080390103949,7.10000000000004));
#2129=CARTESIAN_POINT('',(6.066103732075,-0.4,7.1));
#2130=CARTESIAN_POINT('',(6.066103732075,1.1,7.1));
#2131=CARTESIAN_POINT('',(6.066103732075,-0.4,6.7));
#2132=CARTESIAN_POINT('Origin',(7.3,-0.4,6.9));
#2133=CARTESIAN_POINT('',(6.066103732075,1.1,6.7));
#2134=CARTESIAN_POINT('',(8.533896267925,-0.788460058865,6.7));
#2135=CARTESIAN_POINT('Ctrl Pts',(8.4456439231444,-1.07571493294227,6.3999999986377));
#2136=CARTESIAN_POINT('Ctrl Pts',(8.45821645688166,-1.04966271705331,6.42880729230844));
#2137=CARTESIAN_POINT('Ctrl Pts',(8.46933905407805,-1.02344474857279,6.45726308995434));
#2138=CARTESIAN_POINT('Ctrl Pts',(8.47912852879511,-0.997403871504996,6.48508324620295));
#2139=CARTESIAN_POINT('Ctrl Pts',(8.50389737908505,-0.931516517570984,6.55547244532554));
#2140=CARTESIAN_POINT('Ctrl Pts',(8.52214121908161,-0.861429435720705,6.62747744551246));
#2141=CARTESIAN_POINT('Ctrl Pts',(8.53389626792529,-0.788460058864917,6.69999999999987));
#2142=CARTESIAN_POINT('',(8.533896267925,-0.628962908375,6.7));
#2143=CARTESIAN_POINT('',(8.533896267925,1.1,6.7));
#2144=CARTESIAN_POINT('',(8.533896267925,1.1,6.7));
#2145=CARTESIAN_POINT('Origin',(7.2,-4.4,4.3));
#2146=CARTESIAN_POINT('Origin',(7.2,-4.4,4.3));
#2147=CARTESIAN_POINT('Origin',(-1.337774499299,-7.9,7.699999999992));
#2148=CARTESIAN_POINT('Origin',(7.2,-4.4,-0.5));
#2149=CARTESIAN_POINT('Origin',(7.2,-4.4,2.3));
#2150=CARTESIAN_POINT('Origin',(0.,0.,0.));
#2151=CARTESIAN_POINT('',(4.406904771702,4.2,0.));
#2152=CARTESIAN_POINT('',(1.2,1.2,0.));
#2153=CARTESIAN_POINT('',(0.580687409847,0.620644545839,0.));
#2154=CARTESIAN_POINT('',(10.193095228298,4.2,0.));
#2155=CARTESIAN_POINT('',(0.,4.2,0.));
#2156=CARTESIAN_POINT('',(13.2,1.2,0.));
#2157=CARTESIAN_POINT('',(8.688960313059,5.700680962092,0.));
#2158=CARTESIAN_POINT('',(13.2,-10.,0.));
#2159=CARTESIAN_POINT('',(13.2,0.,0.));
#2160=CARTESIAN_POINT('',(10.193095228298,-13.,0.));
#2161=CARTESIAN_POINT('',(12.392406885255,-10.8057386343,-5.551115123126E-16));
#2162=CARTESIAN_POINT('',(0.,-13.,0.));
#2163=CARTESIAN_POINT('',(11.2,-13.,0.));
#2164=CARTESIAN_POINT('',(0.,-8.8,0.));
#2165=CARTESIAN_POINT('',(0.,-8.8,0.));
#2166=CARTESIAN_POINT('',(1.2,-8.8,0.));
#2167=CARTESIAN_POINT('',(0.,-8.8,0.));
#2168=CARTESIAN_POINT('',(1.2,1.030162665127E-16,0.));
#2169=CARTESIAN_POINT('',(2.320213739891,-7.9,0.));
#2170=CARTESIAN_POINT('Origin',(7.2,-4.4,0.));
#2171=CARTESIAN_POINT('Origin',(2.320213739891,-7.9,0.));
#2172=CARTESIAN_POINT('',(2.320213739891,-7.9,9.8));
#2173=CARTESIAN_POINT('',(2.320213739873,-6.149906745774,9.8));
#2174=CARTESIAN_POINT('',(2.320213739891,-7.9,6.7));
#2175=CARTESIAN_POINT('Origin',(7.2,-4.4,9.8));
#2176=CARTESIAN_POINT('',(4.406904771702,-13.,9.8));
#2177=CARTESIAN_POINT('',(1.2,-10.,9.8));
#2178=CARTESIAN_POINT('',(3.006453122432,-11.6899034281,9.8));
#2179=CARTESIAN_POINT('',(7.3,-13.,9.8));
#2180=CARTESIAN_POINT('',(5.803452385851,-13.,9.8));
#2181=CARTESIAN_POINT('',(10.193095228298,-13.,9.8));
#2182=CARTESIAN_POINT('',(10.193095228298,-13.,9.8));
#2183=CARTESIAN_POINT('',(13.2,-10.,9.8));
#2184=CARTESIAN_POINT('',(13.096547887529,-10.10321455482,9.8));
#2185=CARTESIAN_POINT('',(13.2,1.2,9.8));
#2186=CARTESIAN_POINT('',(13.2,-1.6,9.8));
#2187=CARTESIAN_POINT('',(10.193095228298,4.2,9.8));
#2188=CARTESIAN_POINT('',(11.593095501678,2.803214554825,9.8));
#2189=CARTESIAN_POINT('',(7.3,4.2,9.8));
#2190=CARTESIAN_POINT('',(10.193095228298,4.2,9.8));
#2191=CARTESIAN_POINT('',(4.406904771702,4.2,9.8));
#2192=CARTESIAN_POINT('',(4.406904771702,4.2,9.8));
#2193=CARTESIAN_POINT('',(1.2,1.2,9.8));
#2194=CARTESIAN_POINT('',(1.403000736581,1.389903428102,9.8));
#2195=CARTESIAN_POINT('',(1.2,-8.7,9.8));
#2196=CARTESIAN_POINT('',(5.263508324807,-7.899999998844,9.8));
#2197=CARTESIAN_POINT('Origin',(7.2,-4.4,9.8));
#2198=CARTESIAN_POINT('',(4.760106870633,-7.899999999042,9.8));
#2199=CARTESIAN_POINT('Origin',(7.2,-4.4,6.7));
#2200=CARTESIAN_POINT('',(8.533896267925,-8.171037091625,6.7));
#2201=CARTESIAN_POINT('Origin',(7.2,-4.4,6.7));
#2202=CARTESIAN_POINT('',(8.533896267925,-8.171037091625,7.1));
#2203=CARTESIAN_POINT('',(8.533896267925,-8.171037091625,6.7));
#2204=CARTESIAN_POINT('',(6.066103732075,-8.235919609896,7.1));
#2205=CARTESIAN_POINT('Ctrl Pts',(6.0661037320747,-8.23591960989605,7.10000000000005));
#2206=CARTESIAN_POINT('Ctrl Pts',(6.08149339974557,-8.24046878936571,7.19494626751852));
#2207=CARTESIAN_POINT('Ctrl Pts',(6.10832548647863,-8.248344613911,7.28979523627356));
#2208=CARTESIAN_POINT('Ctrl Pts',(6.20981614649118,-8.2760726642576,7.53387398227532));
#2209=CARTESIAN_POINT('Ctrl Pts',(6.30600593168848,-8.30045226101728,7.67393099431682));
#2210=CARTESIAN_POINT('Ctrl Pts',(6.52719773176545,-8.34461939774228,7.8948060919934));
#2211=CARTESIAN_POINT('Ctrl Pts',(6.6671576830291,-8.36735982995898,7.99074881621483));
#2212=CARTESIAN_POINT('Ctrl Pts',(6.97473299750329,-8.3966385540022,8.11836931241119));
#2213=CARTESIAN_POINT('Ctrl Pts',(7.14241397822906,-8.40269068688891,8.15));
#2214=CARTESIAN_POINT('Ctrl Pts',(7.45857804213416,-8.3947841141011,8.15));
#2215=CARTESIAN_POINT('Ctrl Pts',(7.62672121197199,-8.38021454472082,8.11801154502165));
#2216=CARTESIAN_POINT('Ctrl Pts',(7.93454533805636,-8.33505298075078,7.98979404033354));
#2217=CARTESIAN_POINT('Ctrl Pts',(8.07432290638167,-8.30493438920471,7.89363065518289));
#2218=CARTESIAN_POINT('Ctrl Pts',(8.29464845381703,-8.24897764761536,7.67293111842984));
#2219=CARTESIAN_POINT('Ctrl Pts',(8.39044510971777,-8.21934053068307,7.53333709372536));
#2220=CARTESIAN_POINT('Ctrl Pts',(8.49169037511677,-8.18590632976198,7.28970344079513));
#2221=CARTESIAN_POINT('Ctrl Pts',(8.51850754522388,-8.17648041113699,7.19494043754713));
#2222=CARTESIAN_POINT('Ctrl Pts',(8.5338962679253,-8.17103709162545,7.10000000000002));
#2223=CARTESIAN_POINT('',(6.066103732075,-8.235919609896,6.7));
#2224=CARTESIAN_POINT('',(6.066103732075,-8.235919609896,6.7));
#2225=CARTESIAN_POINT('Origin',(7.2,-4.4,6.7));
#2226=CARTESIAN_POINT('',(5.263508324807,-7.899999998844,6.7));
#2227=CARTESIAN_POINT('',(6.066103732075,-0.564080390104,6.7));
#2228=CARTESIAN_POINT('',(8.533896267925,-0.628962908375,6.7));
#2229=CARTESIAN_POINT('Origin',(7.2,-4.4,6.7));
#2230=CARTESIAN_POINT('',(8.533896267925,-8.011539941135,6.7));
#2231=CARTESIAN_POINT('Ctrl Pts',(8.44564392314355,-7.72428506705597,6.39999999863576));
#2232=CARTESIAN_POINT('Ctrl Pts',(8.45821645688116,-7.75033728294552,6.42880729230716));
#2233=CARTESIAN_POINT('Ctrl Pts',(8.46933905407783,-7.77655525142663,6.45726308995371));
#2234=CARTESIAN_POINT('Ctrl Pts',(8.47912852879511,-7.80259612849501,6.48508324620295));
#2235=CARTESIAN_POINT('Ctrl Pts',(8.50389737908505,-7.86848348242902,6.55547244532554));
#2236=CARTESIAN_POINT('Ctrl Pts',(8.52214121908161,-7.9385705642793,6.62747744551246));
#2237=CARTESIAN_POINT('Ctrl Pts',(8.53389626792529,-8.01153994113508,6.69999999999987));
#2238=CARTESIAN_POINT('Origin',(7.2,-4.4,6.7));
#2239=CARTESIAN_POINT('Origin',(7.3,-8.8,6.9));
#2240=CARTESIAN_POINT('',(8.55,-13.9,6.9));
#2241=CARTESIAN_POINT('Origin',(7.3,-13.9,6.9));
#2242=CARTESIAN_POINT('',(8.55,-8.4,6.9));
#2243=CARTESIAN_POINT('',(8.55,-8.8,6.9));
#2244=CARTESIAN_POINT('',(8.533896267925,-8.4,6.7));
#2245=CARTESIAN_POINT('Origin',(7.3,-8.4,6.9));
#2246=CARTESIAN_POINT('',(8.533896267925,-9.9,6.7));
#2247=CARTESIAN_POINT('',(8.533896267925,-9.9,6.7));
#2248=CARTESIAN_POINT('',(6.066103732075,-8.07923623237,6.7));
#2249=CARTESIAN_POINT('Origin',(7.37627485838233,-8.7202834372868,6.92539696138821));
#2250=CARTESIAN_POINT('',(6.066103732075,-9.9,6.7));
#2251=CARTESIAN_POINT('',(6.066103732075,-8.4,6.7));
#2252=CARTESIAN_POINT('',(6.066103732075,-9.9,6.7));
#2253=CARTESIAN_POINT('',(6.066103732075,-8.4,7.1));
#2254=CARTESIAN_POINT('Origin',(7.3,-8.4,6.9));
#2255=CARTESIAN_POINT('',(6.066103732075,-9.9,7.1));
#2256=CARTESIAN_POINT('',(8.533896267925,-8.4,7.1));
#2257=CARTESIAN_POINT('',(8.533896267925,-9.9,7.1));
#2258=CARTESIAN_POINT('Origin',(7.3,-8.4,6.9));
#2259=CARTESIAN_POINT('Origin',(7.2,-0.4,6.7));
#2260=CARTESIAN_POINT('',(8.533896267925,-0.4,6.7));
#2261=CARTESIAN_POINT('Origin',(8.533896267925,1.1,7.1));
#2262=CARTESIAN_POINT('Origin',(6.1,-4.7,6.7));
#2263=CARTESIAN_POINT('Origin',(6.066103732075,1.1,6.7));
#2264=CARTESIAN_POINT('',(6.066103732075,-0.4,6.7));
#2265=CARTESIAN_POINT('Origin',(4.406904771702,-0.4,6.7));
#2266=CARTESIAN_POINT('Origin',(7.3,5.1,6.9));
#2267=CARTESIAN_POINT('',(10.2,5.1,6.9));
#2268=CARTESIAN_POINT('Origin',(7.3,5.1,6.9));
#2269=CARTESIAN_POINT('Origin',(7.2,-4.4,4.3));
#2270=CARTESIAN_POINT('',(9.95,-4.4,4.3));
#2271=CARTESIAN_POINT('Origin',(7.2,-4.4,4.3));
#2272=CARTESIAN_POINT('Origin',(2.320213739891,-7.9,6.7));
#2273=CARTESIAN_POINT('Origin',(6.1,-4.7,6.7));
#2274=CARTESIAN_POINT('Origin',(7.2,-4.4,6.7));
#2275=CARTESIAN_POINT('Origin',(7.2,-4.4,0.));
#2276=CARTESIAN_POINT('Origin',(7.2,-4.4,2.3));
#2277=CARTESIAN_POINT('Origin',(7.2,-4.4,2.3));
#2278=CARTESIAN_POINT('Origin',(1.2,1.2,6.7));
#2279=CARTESIAN_POINT('',(4.406904771702,4.2,2.3));
#2280=CARTESIAN_POINT('',(1.2,1.2,2.3));
#2281=CARTESIAN_POINT('',(1.2,1.2,2.3));
#2282=CARTESIAN_POINT('',(4.406904771702,4.2,7.199999999996));
#2283=CARTESIAN_POINT('',(1.2,1.2,8.25));
#2284=CARTESIAN_POINT('Origin',(-1.337774499299,4.2,7.699999999992));
#2285=CARTESIAN_POINT('',(4.406904771702,4.2,6.7));
#2286=CARTESIAN_POINT('',(10.193095228298,4.2,6.7));
#2287=CARTESIAN_POINT('Origin',(7.3,4.2,6.9));
#2288=CARTESIAN_POINT('',(10.193095228298,4.2,7.199999999996));
#2289=CARTESIAN_POINT('',(1.186557775915,4.2,2.3));
#2290=CARTESIAN_POINT('',(0.43111275035,4.2,2.3));
#2291=CARTESIAN_POINT('',(1.186557775915,4.2,4.3));
#2292=CARTESIAN_POINT('',(1.186557775915,4.2,5.499999999996));
#2293=CARTESIAN_POINT('',(4.406904771702,4.2,4.3));
#2294=CARTESIAN_POINT('',(0.43111275035,4.2,4.3));
#2295=CARTESIAN_POINT('',(4.406904771702,4.2,7.199999999996));
#2296=CARTESIAN_POINT('Origin',(1.2,-6.46629738511,9.8));
#2297=CARTESIAN_POINT('',(1.2,-8.8,2.3));
#2298=CARTESIAN_POINT('',(1.2,-7.633148692555,2.3));
#2299=CARTESIAN_POINT('',(1.2,-8.8,9.8));
#2300=CARTESIAN_POINT('Origin',(10.193095228298,4.2,6.7));
#2301=CARTESIAN_POINT('',(10.1999999999988,4.19311108376159,6.9));
#2302=CARTESIAN_POINT('Origin',(7.3,7.086451798066,6.9));
#2303=CARTESIAN_POINT('',(10.193095228298,4.2,7.1));
#2304=CARTESIAN_POINT('Origin',(7.3,7.086451798066,6.9));
#2305=CARTESIAN_POINT('',(10.193095228298,4.2,6.7));
#2306=CARTESIAN_POINT('',(13.2,1.2,3.35));
#2307=CARTESIAN_POINT('Origin',(-1.337774499299,-8.8,7.699999999992));
#2308=CARTESIAN_POINT('',(-3.857288037648,-8.8,15.885344012765));
#2309=CARTESIAN_POINT('',(-11.04842027895,-8.8,14.139601452084));
#2310=CARTESIAN_POINT('',(-6.286724605661,-8.8,15.295566120638));
#2311=CARTESIAN_POINT('',(-0.35034904028,-8.8,9.691376987312));
#2312=CARTESIAN_POINT('Origin',(-2.984416757311,-8.8,12.289777892118));
#2313=CARTESIAN_POINT('',(0.900681129256,-8.8,6.7));
#2314=CARTESIAN_POINT('Origin',(0.900681129256,-8.8,8.457286495467));
#2315=CARTESIAN_POINT('',(1.2,-8.8,6.7));
#2316=CARTESIAN_POINT('',(2.38111275035,-8.8,6.7));
#2317=CARTESIAN_POINT('',(1.2,-8.8,4.3));
#2318=CARTESIAN_POINT('',(1.2,-8.8,9.8));
#2319=CARTESIAN_POINT('',(-2.020346995787,-8.8,4.3));
#2320=CARTESIAN_POINT('',(-0.06888724964954,-8.8,4.3));
#2321=CARTESIAN_POINT('',(-2.020346995787,-8.8,2.3));
#2322=CARTESIAN_POINT('',(-2.020346995787,-8.8,3.8));
#2323=CARTESIAN_POINT('',(-0.06888724964954,-8.8,2.3));
#2324=CARTESIAN_POINT('',(-0.15272218653,-8.8,0.02575163720722));
#2325=CARTESIAN_POINT('',(-8.015200492942,-8.8,1.351503274845));
#2326=CARTESIAN_POINT('',(-0.831176408909,-8.8,0.284689619607));
#2327=CARTESIAN_POINT('Origin',(0.154878058671,-8.8,1.85));
#2328=CARTESIAN_POINT('',(-12.14765793376,-8.8,7.413414570674));
#2329=CARTESIAN_POINT('',(-8.342836860366,-8.8,5.016598664537));
#2330=CARTESIAN_POINT('Origin',(-10.17554899861,-8.8,10.544035331449));
#2331=CARTESIAN_POINT('',(-4.284416757311,-8.8,12.289777892118));
#2332=CARTESIAN_POINT('Origin',(-2.984416757311,-8.8,12.289777892118));
#2333=CARTESIAN_POINT('',(-8.875548998611,-8.8,10.544035331449));
#2334=CARTESIAN_POINT('Origin',(-10.17554899861,-8.8,10.544035331449));
#2335=CARTESIAN_POINT('Origin',(13.2,0.,0.));
#2336=CARTESIAN_POINT('',(13.2,-10.,6.7));
#2337=CARTESIAN_POINT('Origin',(-8.015200492942,-8.8,1.351503274845));
#2338=CARTESIAN_POINT('',(-0.15272218653,-13.,0.02575163720722));
#2339=CARTESIAN_POINT('',(-0.152722186467,-8.8,0.02575163719655));
#2340=CARTESIAN_POINT('',(-8.015200492942,-13.,1.351503274845));
#2341=CARTESIAN_POINT('Origin',(13.2,-10.,6.7));
#2342=CARTESIAN_POINT('',(10.193095228298,-13.,7.1));
#2343=CARTESIAN_POINT('',(10.193095228298,-13.,6.7));
#2344=CARTESIAN_POINT('',(10.1999999999988,-12.9931110837556,6.9));
#2345=CARTESIAN_POINT('Origin',(7.3,-15.88645179806,6.9));
#2346=CARTESIAN_POINT('',(10.193095228298,-13.,6.7));
#2347=CARTESIAN_POINT('Origin',(7.3,-15.88645179806,6.9));
#2348=CARTESIAN_POINT('',(10.193095228298,-13.,7.199999999996));
#2349=CARTESIAN_POINT('Origin',(-1.337774499299,-13.,7.699999999992));
#2350=CARTESIAN_POINT('',(-3.857288037648,-13.,15.885344012765));
#2351=CARTESIAN_POINT('',(-11.04842027895,-13.,14.139601452084));
#2352=CARTESIAN_POINT('',(-5.143565854099,-13.,15.573083042769));
#2353=CARTESIAN_POINT('',(-12.14765793376,-13.,7.413414570674));
#2354=CARTESIAN_POINT('Origin',(-10.17554899861,-13.,10.544035331449));
#2355=CARTESIAN_POINT('',(-0.831176408909,-13.,0.284689619607));
#2356=CARTESIAN_POINT('',(-8.342836860366,-13.,5.016598664537));
#2357=CARTESIAN_POINT('Origin',(0.154878058671,-13.,1.85));
#2358=CARTESIAN_POINT('',(4.406904771702,-13.,6.7));
#2359=CARTESIAN_POINT('Origin',(7.3,-13.,6.9));
#2360=CARTESIAN_POINT('',(0.900681129256,-13.,6.7));
#2361=CARTESIAN_POINT('',(2.38111275035,-13.,6.7));
#2362=CARTESIAN_POINT('',(-0.35034904028,-13.,9.691376987312));
#2363=CARTESIAN_POINT('Origin',(0.900681129256,-13.,8.457286495467));
#2364=CARTESIAN_POINT('Origin',(-2.984416757311,-13.,12.289777892118));
#2365=CARTESIAN_POINT('',(-4.284416757311,-13.,12.289777892118));
#2366=CARTESIAN_POINT('Origin',(-2.984416757311,-13.,12.289777892118));
#2367=CARTESIAN_POINT('',(-8.875548998611,-13.,10.544035331449));
#2368=CARTESIAN_POINT('Origin',(-10.17554899861,-13.,10.544035331449));
#2369=CARTESIAN_POINT('Origin',(4.406904771702,-13.,9.8));
#2370=CARTESIAN_POINT('',(1.2,-10.,6.7));
#2371=CARTESIAN_POINT('',(3.605178578777,-12.25,6.7));
#2372=CARTESIAN_POINT('',(4.406904771702,-13.,7.1));
#2373=CARTESIAN_POINT('',(4.406904771702,-13.,9.8));
#2374=CARTESIAN_POINT('',(4.406904771702,-13.,8.749999999996));
#2375=CARTESIAN_POINT('',(1.2,-10.,9.8));
#2376=CARTESIAN_POINT('Origin',(1.2,-6.46629738511,9.8));
#2377=CARTESIAN_POINT('',(1.2,1.2,4.3));
#2378=CARTESIAN_POINT('',(1.2,1.2,6.7));
#2379=CARTESIAN_POINT('',(1.2,-2.633148692555,4.3));
#2380=CARTESIAN_POINT('',(1.2,-8.85,6.7));
#2381=CARTESIAN_POINT('Origin',(1.2,1.2,6.7));
#2382=CARTESIAN_POINT('',(2.803452385851,2.7,4.3));
#2383=CARTESIAN_POINT('',(4.406904771702,4.2,7.1));
#2384=CARTESIAN_POINT('',(4.406904771702,4.2,6.7));
#2385=CARTESIAN_POINT('Origin',(7.3,6.906436986056,6.9));
#2386=CARTESIAN_POINT('Origin',(4.406904771702,4.2,9.8));
#2387=CARTESIAN_POINT('Origin',(7.3,4.2,6.9));
#2388=CARTESIAN_POINT('Origin',(10.193095228298,4.2,7.1));
#2389=CARTESIAN_POINT('Origin',(7.3,4.2,6.9));
#2390=CARTESIAN_POINT('Origin',(10.193095228298,-13.,9.8));
#2391=CARTESIAN_POINT('Origin',(7.3,-13.,6.9));
#2392=CARTESIAN_POINT('Origin',(-1.337774499299,-13.,7.699999999992));
#2393=CARTESIAN_POINT('Origin',(7.3,-13.,6.9));
#2394=CARTESIAN_POINT('Origin',(8.533896267925,-9.9,6.7));
#2395=CARTESIAN_POINT('',(8.533896267925,-8.4,6.7));
#2396=CARTESIAN_POINT('Origin',(6.066103732075,-9.9,7.1));
#2397=CARTESIAN_POINT('',(6.066103732075,-8.4,6.7));
#2398=CARTESIAN_POINT('Origin',(10.193095228298,-8.4,6.7));
#2399=CARTESIAN_POINT('Origin',(7.2,-8.4,6.7));
#2400=CARTESIAN_POINT('Origin',(7.2,-4.4,6.7));
#2401=CARTESIAN_POINT('Origin',(7.3,-13.9,6.9));
#2402=CARTESIAN_POINT('',(10.2,-13.9,6.9));
#2403=CARTESIAN_POINT('Origin',(7.3,-13.9,6.9));
#2404=CARTESIAN_POINT('Origin',(7.3,0.,6.9));
#2405=CARTESIAN_POINT('',(10.2,0.,6.9));
#2406=CARTESIAN_POINT('Origin',(7.2,-4.4,3.3));
#2407=CARTESIAN_POINT('',(9.95,-4.4,2.3));
#2408=CARTESIAN_POINT('Origin',(7.2,-4.4,2.3));
#2409=CARTESIAN_POINT('',(9.95,-4.4,3.3));
#2410=CARTESIAN_POINT('Origin',(7.2,-4.4,2.3));
#2411=CARTESIAN_POINT('Origin',(1.2,-8.8,2.3));
#2412=CARTESIAN_POINT('',(-2.020346995787,1.2,2.3));
#2413=CARTESIAN_POINT('',(-2.020346995787,-3.8,2.3));
#2414=CARTESIAN_POINT('',(-0.302943628849,2.806599031651,2.3));
#2415=CARTESIAN_POINT('Origin',(1.2,1.2,4.3));
#2416=CARTESIAN_POINT('',(-2.020346995787,1.2,4.3));
#2417=CARTESIAN_POINT('',(-0.302943628849,2.806599031651,4.3));
#2418=CARTESIAN_POINT('',(-2.020346995787,1.2,4.3));
#2419=CARTESIAN_POINT('Origin',(1.300508757002,4.306599031651,3.3));
#2420=CARTESIAN_POINT('',(-2.020346995787,1.2,2.3));
#2421=CARTESIAN_POINT('Origin',(-6.286724605661,-8.8,15.295566120638));
#2422=CARTESIAN_POINT('',(-11.04842027895,-8.8,14.139601452084));
#2423=CARTESIAN_POINT('',(-3.857288037648,-8.8,15.885344012765));
#2424=CARTESIAN_POINT('Origin',(-10.17554899861,-8.8,10.544035331449));
#2425=CARTESIAN_POINT('',(-12.14765793376,-8.8,7.413414570674));
#2426=CARTESIAN_POINT('Origin',(-12.14765793376,-8.8,7.413414570674));
#2427=CARTESIAN_POINT('',(-0.831176408909,-8.8,0.284689619607));
#2428=CARTESIAN_POINT('Origin',(0.154878058671,-8.8,1.85));
#2429=CARTESIAN_POINT('Origin',(-2.020346995787,1.2,4.3));
#2430=CARTESIAN_POINT('Origin',(6.1,-4.7,6.7));
#2431=CARTESIAN_POINT('',(0.900681129256,-8.8,6.7));
#2432=CARTESIAN_POINT('Origin',(0.900681129256,-8.8,8.457286495467));
#2433=CARTESIAN_POINT('',(-0.35034904028,-8.8,9.691376987312));
#2434=CARTESIAN_POINT('Origin',(-2.984416757311,-8.8,12.289777892118));
#2435=CARTESIAN_POINT('Origin',(-2.984416757311,-8.8,12.289777892118));
#2436=CARTESIAN_POINT('',(-4.284416757311,-8.8,12.289777892118));
#2437=CARTESIAN_POINT('Origin',(-10.17554899861,-8.8,10.544035331449));
#2438=CARTESIAN_POINT('',(-8.87554899861,-8.8,10.544035331449));
#2439=CARTESIAN_POINT('Origin',(7.3,-8.8,6.9));
#2440=CARTESIAN_POINT('Origin',(7.3,-13.,6.9));
#2441=CARTESIAN_POINT('',(10.2,-8.8,6.9));
#2442=CARTESIAN_POINT('Origin',(1.2,-13.,9.8));
#2443=UNCERTAINTY_MEASURE_WITH_UNIT(LENGTH_MEASURE(0.01),#2447,
'DISTANCE_ACCURACY_VALUE',
'Maximum model space distance between geometric entities at asserted c
onnectivities');
#2444=UNCERTAINTY_MEASURE_WITH_UNIT(LENGTH_MEASURE(0.01),#2447,
'DISTANCE_ACCURACY_VALUE',
'Maximum model space distance between geometric entities at asserted c
onnectivities');
#2445=(
GEOMETRIC_REPRESENTATION_CONTEXT(3)
GLOBAL_UNCERTAINTY_ASSIGNED_CONTEXT((#2443))
GLOBAL_UNIT_ASSIGNED_CONTEXT((#2447,#2449,#2450))
REPRESENTATION_CONTEXT('','3D')
);
#2446=(
GEOMETRIC_REPRESENTATION_CONTEXT(3)
GLOBAL_UNCERTAINTY_ASSIGNED_CONTEXT((#2444))
GLOBAL_UNIT_ASSIGNED_CONTEXT((#2447,#2449,#2450))
REPRESENTATION_CONTEXT('','3D')
);
#2447=(
LENGTH_UNIT()
NAMED_UNIT(*)
SI_UNIT(.MILLI.,.METRE.)
);
#2448=(
LENGTH_UNIT()
NAMED_UNIT(*)
SI_UNIT($,.METRE.)
);
#2449=(
NAMED_UNIT(*)
PLANE_ANGLE_UNIT()
SI_UNIT($,.RADIAN.)
);
#2450=(
NAMED_UNIT(*)
SI_UNIT($,.STERADIAN.)
SOLID_ANGLE_UNIT()
);
#2451=SHAPE_DEFINITION_REPRESENTATION(#2452,#2453);
#2452=PRODUCT_DEFINITION_SHAPE('',$,#2455);
#2453=SHAPE_REPRESENTATION('',(#1338),#2445);
#2454=PRODUCT_DEFINITION_CONTEXT('part definition',#2459,'design');
#2455=PRODUCT_DEFINITION('Open CASCADE STEP translator 7.9 2',
'beta\X2\524D8F6E8F6C5411676F\X0\_\X2\5DE6FF085B54\X0\7.10\X2\FF09\X0\',
#2456,#2454);
#2456=PRODUCT_DEFINITION_FORMATION('',$,#2461);
#2457=PRODUCT_RELATED_PRODUCT_CATEGORY(
'beta\X2\524D8F6E8F6C5411676F\X0\_\X2\5DE6FF085B54\X0\7.10\X2\FF09\X0\',
'beta\X2\524D8F6E8F6C5411676F\X0\_\X2\5DE6FF085B54\X0\7.10\X2\FF09\X0\',
(#2461));
#2458=APPLICATION_PROTOCOL_DEFINITION('international standard',
'automotive_design',2009,#2459);
#2459=APPLICATION_CONTEXT(
'Core Data for Automotive Mechanical Design Process');
#2460=PRODUCT_CONTEXT('part definition',#2459,'mechanical');
#2461=PRODUCT('Open CASCADE STEP translator 7.9 2',
'beta\X2\524D8F6E8F6C5411676F\X0\_\X2\5DE6FF085B54\X0\7.10\X2\FF09\X0\',
$,(#2460));
#2462=PRESENTATION_STYLE_ASSIGNMENT((#2463));
#2463=SURFACE_STYLE_USAGE(.BOTH.,#2464);
#2464=SURFACE_SIDE_STYLE('',(#2465));
#2465=SURFACE_STYLE_FILL_AREA(#2466);
#2466=FILL_AREA_STYLE('\X2\94A2\X0\ - \X2\7F0E5149\X0\',(#2467));
#2467=FILL_AREA_STYLE_COLOUR('\X2\94A2\X0\ - \X2\7F0E5149\X0\',#2468);
#2468=COLOUR_RGB('\X2\94A2\X0\ - \X2\7F0E5149\X0\',0.627450980392157,0.627450980392157,
0.627450980392157);
ENDSEC;
END-ISO-10303-21;
