ISO-10303-21;
HEADER;
/* Generated by software containing ST-Developer
 * from STEP Tools, Inc. (www.steptools.com) 
 */

FILE_DESCRIPTION(
/* description */ (''),
/* implementation_level */ '2;1');

FILE_NAME(
/* name */ '',
/* time_stamp */ '2026-08-11T12:20:33+09:00',
/* author */ (''),
/* organization */ (''),
/* preprocessor_version */ 'ST-DEVELOPER v20.1',
/* originating_system */ 'Autodesk Translation Framework v15.8.0.0',
/* authorisation */ '');

FILE_SCHEMA (('AUTOMOTIVE_DESIGN { 1 0 10303 214 3 1 1 }'));
ENDSEC;

DATA;
#10=MECHANICAL_DESIGN_GEOMETRIC_PRESENTATION_REPRESENTATION('',(#13),#3538);
#11=SHAPE_REPRESENTATION_RELATIONSHIP('SRR','None',#3545,#12);
#12=ADVANCED_BREP_SHAPE_REPRESENTATION('',(#2070),#3537);
#13=STYLED_ITEM('',(#3554),#2070);
#14=B_SPLINE_CURVE_WITH_KNOTS('',3,(#3433,#3434,#3435,#3436,#3437,#3438,
#3439,#3440,#3441,#3442),.UNSPECIFIED.,.F.,.F.,(4,3,3,4),(203.786145584951,
212.089496920392,220.84895190328,223.774709529845),.UNSPECIFIED.);
#15=B_SPLINE_CURVE_WITH_KNOTS('',3,(#3443,#3444,#3445,#3446,#3447,#3448,
#3449,#3450,#3451,#3452),.UNSPECIFIED.,.F.,.F.,(4,3,3,4),(203.786145584951,
212.089496920392,220.84895190328,223.774709529845),.UNSPECIFIED.);
#16=B_SPLINE_CURVE_WITH_KNOTS('',3,(#3495,#3496,#3497,#3498,#3499,#3500,
#3501,#3502,#3503,#3504),.UNSPECIFIED.,.F.,.F.,(4,3,3,4),(203.786145584951,
212.089496920392,220.84895190328,223.774709529845),.UNSPECIFIED.);
#17=B_SPLINE_CURVE_WITH_KNOTS('',3,(#3505,#3506,#3507,#3508,#3509,#3510,
#3511,#3512,#3513,#3514),.UNSPECIFIED.,.F.,.F.,(4,3,3,4),(203.786145584951,
212.089496920392,220.84895190328,223.774709529845),.UNSPECIFIED.);
#18=CONICAL_SURFACE('',#2265,2.3,0.486899231811);
#19=CONICAL_SURFACE('',#2283,2.3,0.486899231811);
#20=SPHERICAL_SURFACE('',#2260,2.55);
#21=SPHERICAL_SURFACE('',#2278,2.55);
#22=FACE_BOUND('',#606,.T.);
#23=FACE_BOUND('',#607,.T.);
#24=FACE_BOUND('',#608,.T.);
#25=FACE_BOUND('',#609,.T.);
#26=FACE_BOUND('',#611,.T.);
#27=FACE_BOUND('',#612,.T.);
#28=FACE_BOUND('',#613,.T.);
#29=FACE_BOUND('',#614,.T.);
#30=FACE_BOUND('',#636,.T.);
#31=FACE_BOUND('',#638,.T.);
#32=FACE_BOUND('',#642,.T.);
#33=FACE_BOUND('',#644,.T.);
#34=FACE_BOUND('',#646,.T.);
#35=FACE_BOUND('',#648,.T.);
#36=FACE_BOUND('',#650,.T.);
#37=FACE_BOUND('',#652,.T.);
#38=FACE_BOUND('',#668,.T.);
#39=FACE_BOUND('',#671,.T.);
#40=FACE_BOUND('',#674,.T.);
#41=FACE_BOUND('',#678,.T.);
#42=FACE_BOUND('',#684,.T.);
#43=FACE_BOUND('',#685,.T.);
#44=FACE_BOUND('',#686,.T.);
#45=FACE_BOUND('',#687,.T.);
#46=FACE_BOUND('',#688,.T.);
#47=FACE_BOUND('',#689,.T.);
#48=FACE_BOUND('',#690,.T.);
#49=FACE_BOUND('',#691,.T.);
#50=FACE_BOUND('',#692,.T.);
#51=FACE_BOUND('',#693,.T.);
#52=FACE_BOUND('',#694,.T.);
#53=FACE_BOUND('',#695,.T.);
#54=FACE_BOUND('',#702,.T.);
#55=FACE_BOUND('',#712,.T.);
#56=ORIENTED_CLOSED_SHELL('',*,#2068,.F.);
#57=LINE('',#2914,#244);
#58=LINE('',#2920,#245);
#59=LINE('',#2923,#246);
#60=LINE('',#2926,#247);
#61=LINE('',#2928,#248);
#62=LINE('',#2929,#249);
#63=LINE('',#2934,#250);
#64=LINE('',#2938,#251);
#65=LINE('',#2940,#252);
#66=LINE('',#2941,#253);
#67=LINE('',#2946,#254);
#68=LINE('',#2949,#255);
#69=LINE('',#2950,#256);
#70=LINE('',#2956,#257);
#71=LINE('',#2959,#258);
#72=LINE('',#2962,#259);
#73=LINE('',#2964,#260);
#74=LINE('',#2965,#261);
#75=LINE('',#2970,#262);
#76=LINE('',#2974,#263);
#77=LINE('',#2976,#264);
#78=LINE('',#2977,#265);
#79=LINE('',#2982,#266);
#80=LINE('',#2985,#267);
#81=LINE('',#2986,#268);
#82=LINE('',#2992,#269);
#83=LINE('',#2995,#270);
#84=LINE('',#2998,#271);
#85=LINE('',#3000,#272);
#86=LINE('',#3001,#273);
#87=LINE('',#3006,#274);
#88=LINE('',#3010,#275);
#89=LINE('',#3012,#276);
#90=LINE('',#3013,#277);
#91=LINE('',#3018,#278);
#92=LINE('',#3021,#279);
#93=LINE('',#3022,#280);
#94=LINE('',#3028,#281);
#95=LINE('',#3031,#282);
#96=LINE('',#3034,#283);
#97=LINE('',#3036,#284);
#98=LINE('',#3037,#285);
#99=LINE('',#3042,#286);
#100=LINE('',#3046,#287);
#101=LINE('',#3048,#288);
#102=LINE('',#3049,#289);
#103=LINE('',#3054,#290);
#104=LINE('',#3057,#291);
#105=LINE('',#3058,#292);
#106=LINE('',#3060,#293);
#107=LINE('',#3062,#294);
#108=LINE('',#3064,#295);
#109=LINE('',#3068,#296);
#110=LINE('',#3072,#297);
#111=LINE('',#3073,#298);
#112=LINE('',#3083,#299);
#113=LINE('',#3085,#300);
#114=LINE('',#3087,#301);
#115=LINE('',#3091,#302);
#116=LINE('',#3095,#303);
#117=LINE('',#3096,#304);
#118=LINE('',#3108,#305);
#119=LINE('',#3110,#306);
#120=LINE('',#3112,#307);
#121=LINE('',#3113,#308);
#122=LINE('',#3116,#309);
#123=LINE('',#3118,#310);
#124=LINE('',#3119,#311);
#125=LINE('',#3122,#312);
#126=LINE('',#3124,#313);
#127=LINE('',#3125,#314);
#128=LINE('',#3127,#315);
#129=LINE('',#3128,#316);
#130=LINE('',#3132,#317);
#131=LINE('',#3134,#318);
#132=LINE('',#3136,#319);
#133=LINE('',#3137,#320);
#134=LINE('',#3140,#321);
#135=LINE('',#3142,#322);
#136=LINE('',#3143,#323);
#137=LINE('',#3146,#324);
#138=LINE('',#3148,#325);
#139=LINE('',#3149,#326);
#140=LINE('',#3153,#327);
#141=LINE('',#3155,#328);
#142=LINE('',#3157,#329);
#143=LINE('',#3158,#330);
#144=LINE('',#3161,#331);
#145=LINE('',#3163,#332);
#146=LINE('',#3164,#333);
#147=LINE('',#3167,#334);
#148=LINE('',#3169,#335);
#149=LINE('',#3170,#336);
#150=LINE('',#3173,#337);
#151=LINE('',#3175,#338);
#152=LINE('',#3176,#339);
#153=LINE('',#3179,#340);
#154=LINE('',#3181,#341);
#155=LINE('',#3182,#342);
#156=LINE('',#3186,#343);
#157=LINE('',#3188,#344);
#158=LINE('',#3190,#345);
#159=LINE('',#3191,#346);
#160=LINE('',#3194,#347);
#161=LINE('',#3196,#348);
#162=LINE('',#3197,#349);
#163=LINE('',#3200,#350);
#164=LINE('',#3202,#351);
#165=LINE('',#3203,#352);
#166=LINE('',#3207,#353);
#167=LINE('',#3209,#354);
#168=LINE('',#3211,#355);
#169=LINE('',#3212,#356);
#170=LINE('',#3215,#357);
#171=LINE('',#3217,#358);
#172=LINE('',#3218,#359);
#173=LINE('',#3221,#360);
#174=LINE('',#3223,#361);
#175=LINE('',#3224,#362);
#176=LINE('',#3227,#363);
#177=LINE('',#3229,#364);
#178=LINE('',#3230,#365);
#179=LINE('',#3233,#366);
#180=LINE('',#3235,#367);
#181=LINE('',#3236,#368);
#182=LINE('',#3258,#369);
#183=LINE('',#3259,#370);
#184=LINE('',#3263,#371);
#185=LINE('',#3264,#372);
#186=LINE('',#3268,#373);
#187=LINE('',#3278,#374);
#188=LINE('',#3289,#375);
#189=LINE('',#3290,#376);
#190=LINE('',#3293,#377);
#191=LINE('',#3294,#378);
#192=LINE('',#3298,#379);
#193=LINE('',#3301,#380);
#194=LINE('',#3302,#381);
#195=LINE('',#3305,#382);
#196=LINE('',#3306,#383);
#197=LINE('',#3309,#384);
#198=LINE('',#3313,#385);
#199=LINE('',#3319,#386);
#200=LINE('',#3320,#387);
#201=LINE('',#3323,#388);
#202=LINE('',#3324,#389);
#203=LINE('',#3328,#390);
#204=LINE('',#3329,#391);
#205=LINE('',#3330,#392);
#206=LINE('',#3334,#393);
#207=LINE('',#3336,#394);
#208=LINE('',#3339,#395);
#209=LINE('',#3343,#396);
#210=LINE('',#3350,#397);
#211=LINE('',#3357,#398);
#212=LINE('',#3364,#399);
#213=LINE('',#3368,#400);
#214=LINE('',#3375,#401);
#215=LINE('',#3379,#402);
#216=LINE('',#3383,#403);
#217=LINE('',#3387,#404);
#218=LINE('',#3391,#405);
#219=LINE('',#3392,#406);
#220=LINE('',#3394,#407);
#221=LINE('',#3395,#408);
#222=LINE('',#3399,#409);
#223=LINE('',#3405,#410);
#224=LINE('',#3414,#411);
#225=LINE('',#3416,#412);
#226=LINE('',#3418,#413);
#227=LINE('',#3419,#414);
#228=LINE('',#3455,#415);
#229=LINE('',#3457,#416);
#230=LINE('',#3458,#417);
#231=LINE('',#3464,#418);
#232=LINE('',#3466,#419);
#233=LINE('',#3467,#420);
#234=LINE('',#3476,#421);
#235=LINE('',#3478,#422);
#236=LINE('',#3480,#423);
#237=LINE('',#3481,#424);
#238=LINE('',#3517,#425);
#239=LINE('',#3519,#426);
#240=LINE('',#3520,#427);
#241=LINE('',#3526,#428);
#242=LINE('',#3528,#429);
#243=LINE('',#3529,#430);
#244=VECTOR('',#2307,1.5);
#245=VECTOR('',#2312,10.);
#246=VECTOR('',#2315,10.);
#247=VECTOR('',#2318,10.);
#248=VECTOR('',#2319,10.);
#249=VECTOR('',#2320,10.);
#250=VECTOR('',#2325,10.);
#251=VECTOR('',#2330,10.);
#252=VECTOR('',#2331,10.);
#253=VECTOR('',#2332,10.);
#254=VECTOR('',#2337,10.);
#255=VECTOR('',#2342,10.);
#256=VECTOR('',#2343,10.);
#257=VECTOR('',#2348,10.);
#258=VECTOR('',#2351,10.);
#259=VECTOR('',#2354,10.);
#260=VECTOR('',#2355,10.);
#261=VECTOR('',#2356,10.);
#262=VECTOR('',#2361,10.);
#263=VECTOR('',#2366,10.);
#264=VECTOR('',#2367,10.);
#265=VECTOR('',#2368,10.);
#266=VECTOR('',#2373,10.);
#267=VECTOR('',#2378,10.);
#268=VECTOR('',#2379,10.);
#269=VECTOR('',#2384,10.);
#270=VECTOR('',#2387,10.);
#271=VECTOR('',#2390,10.);
#272=VECTOR('',#2391,10.);
#273=VECTOR('',#2392,10.);
#274=VECTOR('',#2397,10.);
#275=VECTOR('',#2402,10.);
#276=VECTOR('',#2403,10.);
#277=VECTOR('',#2404,10.);
#278=VECTOR('',#2409,10.);
#279=VECTOR('',#2414,10.);
#280=VECTOR('',#2415,10.);
#281=VECTOR('',#2420,10.);
#282=VECTOR('',#2423,10.);
#283=VECTOR('',#2426,10.);
#284=VECTOR('',#2427,10.);
#285=VECTOR('',#2428,10.);
#286=VECTOR('',#2433,10.);
#287=VECTOR('',#2438,10.);
#288=VECTOR('',#2439,10.);
#289=VECTOR('',#2440,10.);
#290=VECTOR('',#2445,10.);
#291=VECTOR('',#2450,10.);
#292=VECTOR('',#2451,10.);
#293=VECTOR('',#2454,10.);
#294=VECTOR('',#2455,10.);
#295=VECTOR('',#2456,10.);
#296=VECTOR('',#2459,10.);
#297=VECTOR('',#2462,10.);
#298=VECTOR('',#2463,10.);
#299=VECTOR('',#2474,10.);
#300=VECTOR('',#2475,10.);
#301=VECTOR('',#2476,10.);
#302=VECTOR('',#2479,10.);
#303=VECTOR('',#2482,10.);
#304=VECTOR('',#2483,10.);
#305=VECTOR('',#2494,10.);
#306=VECTOR('',#2495,10.);
#307=VECTOR('',#2496,10.);
#308=VECTOR('',#2497,10.);
#309=VECTOR('',#2500,10.);
#310=VECTOR('',#2501,10.);
#311=VECTOR('',#2502,10.);
#312=VECTOR('',#2505,10.);
#313=VECTOR('',#2506,10.);
#314=VECTOR('',#2507,10.);
#315=VECTOR('',#2510,10.);
#316=VECTOR('',#2511,10.);
#317=VECTOR('',#2514,10.);
#318=VECTOR('',#2515,10.);
#319=VECTOR('',#2516,10.);
#320=VECTOR('',#2517,10.);
#321=VECTOR('',#2520,10.);
#322=VECTOR('',#2521,10.);
#323=VECTOR('',#2522,10.);
#324=VECTOR('',#2525,10.);
#325=VECTOR('',#2526,10.);
#326=VECTOR('',#2527,10.);
#327=VECTOR('',#2530,10.);
#328=VECTOR('',#2531,10.);
#329=VECTOR('',#2532,10.);
#330=VECTOR('',#2533,10.);
#331=VECTOR('',#2536,10.);
#332=VECTOR('',#2537,10.);
#333=VECTOR('',#2538,10.);
#334=VECTOR('',#2541,10.);
#335=VECTOR('',#2542,10.);
#336=VECTOR('',#2543,10.);
#337=VECTOR('',#2546,10.);
#338=VECTOR('',#2547,10.);
#339=VECTOR('',#2548,10.);
#340=VECTOR('',#2551,10.);
#341=VECTOR('',#2552,10.);
#342=VECTOR('',#2553,10.);
#343=VECTOR('',#2556,10.);
#344=VECTOR('',#2557,10.);
#345=VECTOR('',#2558,10.);
#346=VECTOR('',#2559,10.);
#347=VECTOR('',#2562,10.);
#348=VECTOR('',#2563,10.);
#349=VECTOR('',#2564,10.);
#350=VECTOR('',#2567,10.);
#351=VECTOR('',#2568,10.);
#352=VECTOR('',#2569,10.);
#353=VECTOR('',#2572,10.);
#354=VECTOR('',#2573,10.);
#355=VECTOR('',#2574,10.);
#356=VECTOR('',#2575,10.);
#357=VECTOR('',#2578,10.);
#358=VECTOR('',#2579,10.);
#359=VECTOR('',#2580,10.);
#360=VECTOR('',#2583,10.);
#361=VECTOR('',#2584,10.);
#362=VECTOR('',#2585,10.);
#363=VECTOR('',#2588,10.);
#364=VECTOR('',#2589,10.);
#365=VECTOR('',#2590,10.);
#366=VECTOR('',#2593,10.);
#367=VECTOR('',#2594,10.);
#368=VECTOR('',#2595,10.);
#369=VECTOR('',#2628,2.75);
#370=VECTOR('',#2629,2.75);
#371=VECTOR('',#2634,2.75);
#372=VECTOR('',#2635,2.75);
#373=VECTOR('',#2640,2.75);
#374=VECTOR('',#2653,2.75);
#375=VECTOR('',#2666,10.);
#376=VECTOR('',#2667,10.);
#377=VECTOR('',#2670,10.);
#378=VECTOR('',#2671,10.);
#379=VECTOR('',#2676,10.);
#380=VECTOR('',#2679,10.);
#381=VECTOR('',#2680,10.);
#382=VECTOR('',#2683,10.);
#383=VECTOR('',#2684,10.);
#384=VECTOR('',#2687,3.1);
#385=VECTOR('',#2692,3.1);
#386=VECTOR('',#2699,10.);
#387=VECTOR('',#2700,10.);
#388=VECTOR('',#2703,10.);
#389=VECTOR('',#2704,10.);
#390=VECTOR('',#2707,10.);
#391=VECTOR('',#2708,10.);
#392=VECTOR('',#2709,10.);
#393=VECTOR('',#2714,10.);
#394=VECTOR('',#2717,10.);
#395=VECTOR('',#2720,3.1);
#396=VECTOR('',#2725,3.1);
#397=VECTOR('',#2734,1.5);
#398=VECTOR('',#2743,1.5);
#399=VECTOR('',#2752,1.5);
#400=VECTOR('',#2757,1.5);
#401=VECTOR('',#2766,1.5);
#402=VECTOR('',#2771,1.5);
#403=VECTOR('',#2776,1.5);
#404=VECTOR('',#2781,1.5);
#405=VECTOR('',#2786,10.);
#406=VECTOR('',#2787,10.);
#407=VECTOR('',#2788,10.);
#408=VECTOR('',#2789,10.);
#409=VECTOR('',#2794,4.);
#410=VECTOR('',#2803,4.);
#411=VECTOR('',#2816,10.);
#412=VECTOR('',#2817,10.);
#413=VECTOR('',#2818,10.);
#414=VECTOR('',#2819,10.);
#415=VECTOR('',#2836,1.);
#416=VECTOR('',#2837,1.);
#417=VECTOR('',#2838,1.);
#418=VECTOR('',#2847,1.);
#419=VECTOR('',#2848,1.);
#420=VECTOR('',#2849,1.);
#421=VECTOR('',#2862,10.);
#422=VECTOR('',#2863,10.);
#423=VECTOR('',#2864,10.);
#424=VECTOR('',#2865,10.);
#425=VECTOR('',#2882,1.);
#426=VECTOR('',#2883,1.);
#427=VECTOR('',#2884,1.);
#428=VECTOR('',#2893,1.);
#429=VECTOR('',#2894,1.);
#430=VECTOR('',#2895,1.);
#431=CYLINDRICAL_SURFACE('',#2088,1.5);
#432=CYLINDRICAL_SURFACE('',#2089,0.5);
#433=CYLINDRICAL_SURFACE('',#2093,0.5);
#434=CYLINDRICAL_SURFACE('',#2097,0.5);
#435=CYLINDRICAL_SURFACE('',#2101,0.5);
#436=CYLINDRICAL_SURFACE('',#2105,0.5);
#437=CYLINDRICAL_SURFACE('',#2109,0.5);
#438=CYLINDRICAL_SURFACE('',#2113,0.5);
#439=CYLINDRICAL_SURFACE('',#2117,0.5);
#440=CYLINDRICAL_SURFACE('',#2121,0.5);
#441=CYLINDRICAL_SURFACE('',#2125,0.5);
#442=CYLINDRICAL_SURFACE('',#2129,0.5);
#443=CYLINDRICAL_SURFACE('',#2133,0.5);
#444=CYLINDRICAL_SURFACE('',#2185,2.75);
#445=CYLINDRICAL_SURFACE('',#2187,2.75);
#446=CYLINDRICAL_SURFACE('',#2189,2.75);
#447=CYLINDRICAL_SURFACE('',#2195,2.75);
#448=CYLINDRICAL_SURFACE('',#2201,4.75);
#449=CYLINDRICAL_SURFACE('',#2204,4.75);
#450=CYLINDRICAL_SURFACE('',#2208,3.1);
#451=CYLINDRICAL_SURFACE('',#2210,3.1);
#452=CYLINDRICAL_SURFACE('',#2212,4.75);
#453=CYLINDRICAL_SURFACE('',#2216,4.75);
#454=CYLINDRICAL_SURFACE('',#2219,3.1);
#455=CYLINDRICAL_SURFACE('',#2221,3.1);
#456=CYLINDRICAL_SURFACE('',#2225,1.5);
#457=CYLINDRICAL_SURFACE('',#2229,1.5);
#458=CYLINDRICAL_SURFACE('',#2233,1.5);
#459=CYLINDRICAL_SURFACE('',#2235,1.5);
#460=CYLINDRICAL_SURFACE('',#2239,1.5);
#461=CYLINDRICAL_SURFACE('',#2241,1.5);
#462=CYLINDRICAL_SURFACE('',#2243,1.5);
#463=CYLINDRICAL_SURFACE('',#2245,1.5);
#464=CYLINDRICAL_SURFACE('',#2248,4.);
#465=CYLINDRICAL_SURFACE('',#2268,4.5);
#466=CYLINDRICAL_SURFACE('',#2276,4.5);
#467=CYLINDRICAL_SURFACE('',#2286,4.5);
#468=CYLINDRICAL_SURFACE('',#2294,4.5);
#469=FACE_OUTER_BOUND('',#578,.T.);
#470=FACE_OUTER_BOUND('',#579,.T.);
#471=FACE_OUTER_BOUND('',#580,.T.);
#472=FACE_OUTER_BOUND('',#581,.T.);
#473=FACE_OUTER_BOUND('',#582,.T.);
#474=FACE_OUTER_BOUND('',#583,.T.);
#475=FACE_OUTER_BOUND('',#584,.T.);
#476=FACE_OUTER_BOUND('',#585,.T.);
#477=FACE_OUTER_BOUND('',#586,.T.);
#478=FACE_OUTER_BOUND('',#587,.T.);
#479=FACE_OUTER_BOUND('',#588,.T.);
#480=FACE_OUTER_BOUND('',#589,.T.);
#481=FACE_OUTER_BOUND('',#590,.T.);
#482=FACE_OUTER_BOUND('',#591,.T.);
#483=FACE_OUTER_BOUND('',#592,.T.);
#484=FACE_OUTER_BOUND('',#593,.T.);
#485=FACE_OUTER_BOUND('',#594,.T.);
#486=FACE_OUTER_BOUND('',#595,.T.);
#487=FACE_OUTER_BOUND('',#596,.T.);
#488=FACE_OUTER_BOUND('',#597,.T.);
#489=FACE_OUTER_BOUND('',#598,.T.);
#490=FACE_OUTER_BOUND('',#599,.T.);
#491=FACE_OUTER_BOUND('',#600,.T.);
#492=FACE_OUTER_BOUND('',#601,.T.);
#493=FACE_OUTER_BOUND('',#602,.T.);
#494=FACE_OUTER_BOUND('',#603,.T.);
#495=FACE_OUTER_BOUND('',#604,.T.);
#496=FACE_OUTER_BOUND('',#605,.T.);
#497=FACE_OUTER_BOUND('',#610,.T.);
#498=FACE_OUTER_BOUND('',#615,.T.);
#499=FACE_OUTER_BOUND('',#616,.T.);
#500=FACE_OUTER_BOUND('',#617,.T.);
#501=FACE_OUTER_BOUND('',#618,.T.);
#502=FACE_OUTER_BOUND('',#619,.T.);
#503=FACE_OUTER_BOUND('',#620,.T.);
#504=FACE_OUTER_BOUND('',#621,.T.);
#505=FACE_OUTER_BOUND('',#622,.T.);
#506=FACE_OUTER_BOUND('',#623,.T.);
#507=FACE_OUTER_BOUND('',#624,.T.);
#508=FACE_OUTER_BOUND('',#625,.T.);
#509=FACE_OUTER_BOUND('',#626,.T.);
#510=FACE_OUTER_BOUND('',#627,.T.);
#511=FACE_OUTER_BOUND('',#628,.T.);
#512=FACE_OUTER_BOUND('',#629,.T.);
#513=FACE_OUTER_BOUND('',#630,.T.);
#514=FACE_OUTER_BOUND('',#631,.T.);
#515=FACE_OUTER_BOUND('',#632,.T.);
#516=FACE_OUTER_BOUND('',#633,.T.);
#517=FACE_OUTER_BOUND('',#634,.T.);
#518=FACE_OUTER_BOUND('',#635,.T.);
#519=FACE_OUTER_BOUND('',#637,.T.);
#520=FACE_OUTER_BOUND('',#639,.T.);
#521=FACE_OUTER_BOUND('',#640,.T.);
#522=FACE_OUTER_BOUND('',#641,.T.);
#523=FACE_OUTER_BOUND('',#643,.T.);
#524=FACE_OUTER_BOUND('',#645,.T.);
#525=FACE_OUTER_BOUND('',#647,.T.);
#526=FACE_OUTER_BOUND('',#649,.T.);
#527=FACE_OUTER_BOUND('',#651,.T.);
#528=FACE_OUTER_BOUND('',#653,.T.);
#529=FACE_OUTER_BOUND('',#654,.T.);
#530=FACE_OUTER_BOUND('',#655,.T.);
#531=FACE_OUTER_BOUND('',#656,.T.);
#532=FACE_OUTER_BOUND('',#657,.T.);
#533=FACE_OUTER_BOUND('',#658,.T.);
#534=FACE_OUTER_BOUND('',#659,.T.);
#535=FACE_OUTER_BOUND('',#660,.T.);
#536=FACE_OUTER_BOUND('',#661,.T.);
#537=FACE_OUTER_BOUND('',#662,.T.);
#538=FACE_OUTER_BOUND('',#663,.T.);
#539=FACE_OUTER_BOUND('',#664,.T.);
#540=FACE_OUTER_BOUND('',#665,.T.);
#541=FACE_OUTER_BOUND('',#666,.T.);
#542=FACE_OUTER_BOUND('',#667,.T.);
#543=FACE_OUTER_BOUND('',#669,.T.);
#544=FACE_OUTER_BOUND('',#670,.T.);
#545=FACE_OUTER_BOUND('',#672,.T.);
#546=FACE_OUTER_BOUND('',#673,.T.);
#547=FACE_OUTER_BOUND('',#675,.T.);
#548=FACE_OUTER_BOUND('',#676,.T.);
#549=FACE_OUTER_BOUND('',#677,.T.);
#550=FACE_OUTER_BOUND('',#679,.T.);
#551=FACE_OUTER_BOUND('',#680,.T.);
#552=FACE_OUTER_BOUND('',#681,.T.);
#553=FACE_OUTER_BOUND('',#682,.T.);
#554=FACE_OUTER_BOUND('',#683,.T.);
#555=FACE_OUTER_BOUND('',#696,.T.);
#556=FACE_OUTER_BOUND('',#697,.T.);
#557=FACE_OUTER_BOUND('',#698,.T.);
#558=FACE_OUTER_BOUND('',#699,.T.);
#559=FACE_OUTER_BOUND('',#700,.T.);
#560=FACE_OUTER_BOUND('',#701,.T.);
#561=FACE_OUTER_BOUND('',#703,.T.);
#562=FACE_OUTER_BOUND('',#704,.T.);
#563=FACE_OUTER_BOUND('',#705,.T.);
#564=FACE_OUTER_BOUND('',#706,.T.);
#565=FACE_OUTER_BOUND('',#707,.T.);
#566=FACE_OUTER_BOUND('',#708,.T.);
#567=FACE_OUTER_BOUND('',#709,.T.);
#568=FACE_OUTER_BOUND('',#710,.T.);
#569=FACE_OUTER_BOUND('',#711,.T.);
#570=FACE_OUTER_BOUND('',#713,.T.);
#571=FACE_OUTER_BOUND('',#714,.T.);
#572=FACE_OUTER_BOUND('',#715,.T.);
#573=FACE_OUTER_BOUND('',#716,.T.);
#574=FACE_OUTER_BOUND('',#717,.T.);
#575=FACE_OUTER_BOUND('',#718,.T.);
#576=FACE_OUTER_BOUND('',#719,.T.);
#577=FACE_OUTER_BOUND('',#720,.T.);
#578=EDGE_LOOP('',(#1306));
#579=EDGE_LOOP('',(#1307));
#580=EDGE_LOOP('',(#1308,#1309,#1310,#1311));
#581=EDGE_LOOP('',(#1312,#1313,#1314,#1315));
#582=EDGE_LOOP('',(#1316,#1317,#1318,#1319));
#583=EDGE_LOOP('',(#1320,#1321,#1322,#1323));
#584=EDGE_LOOP('',(#1324,#1325,#1326,#1327));
#585=EDGE_LOOP('',(#1328,#1329,#1330,#1331));
#586=EDGE_LOOP('',(#1332,#1333,#1334,#1335));
#587=EDGE_LOOP('',(#1336,#1337,#1338,#1339));
#588=EDGE_LOOP('',(#1340,#1341,#1342,#1343));
#589=EDGE_LOOP('',(#1344,#1345,#1346,#1347));
#590=EDGE_LOOP('',(#1348,#1349,#1350,#1351));
#591=EDGE_LOOP('',(#1352,#1353,#1354,#1355));
#592=EDGE_LOOP('',(#1356,#1357,#1358,#1359));
#593=EDGE_LOOP('',(#1360,#1361,#1362,#1363));
#594=EDGE_LOOP('',(#1364,#1365,#1366,#1367));
#595=EDGE_LOOP('',(#1368,#1369,#1370,#1371));
#596=EDGE_LOOP('',(#1372,#1373,#1374,#1375));
#597=EDGE_LOOP('',(#1376,#1377,#1378,#1379));
#598=EDGE_LOOP('',(#1380,#1381,#1382,#1383));
#599=EDGE_LOOP('',(#1384,#1385,#1386,#1387));
#600=EDGE_LOOP('',(#1388,#1389,#1390,#1391));
#601=EDGE_LOOP('',(#1392,#1393,#1394,#1395));
#602=EDGE_LOOP('',(#1396,#1397,#1398,#1399));
#603=EDGE_LOOP('',(#1400,#1401,#1402,#1403));
#604=EDGE_LOOP('',(#1404,#1405,#1406,#1407));
#605=EDGE_LOOP('',(#1408,#1409,#1410,#1411,#1412,#1413,#1414,#1415,#1416,
#1417,#1418,#1419,#1420,#1421,#1422,#1423,#1424,#1425));
#606=EDGE_LOOP('',(#1426));
#607=EDGE_LOOP('',(#1427));
#608=EDGE_LOOP('',(#1428));
#609=EDGE_LOOP('',(#1429));
#610=EDGE_LOOP('',(#1430,#1431,#1432,#1433,#1434,#1435,#1436,#1437,#1438,
#1439,#1440,#1441,#1442,#1443,#1444,#1445,#1446,#1447));
#611=EDGE_LOOP('',(#1448));
#612=EDGE_LOOP('',(#1449));
#613=EDGE_LOOP('',(#1450));
#614=EDGE_LOOP('',(#1451));
#615=EDGE_LOOP('',(#1452,#1453,#1454,#1455));
#616=EDGE_LOOP('',(#1456,#1457,#1458,#1459));
#617=EDGE_LOOP('',(#1460,#1461,#1462,#1463));
#618=EDGE_LOOP('',(#1464,#1465,#1466,#1467));
#619=EDGE_LOOP('',(#1468,#1469,#1470,#1471));
#620=EDGE_LOOP('',(#1472,#1473,#1474,#1475));
#621=EDGE_LOOP('',(#1476,#1477,#1478,#1479));
#622=EDGE_LOOP('',(#1480,#1481,#1482,#1483));
#623=EDGE_LOOP('',(#1484,#1485,#1486,#1487));
#624=EDGE_LOOP('',(#1488,#1489,#1490,#1491));
#625=EDGE_LOOP('',(#1492,#1493,#1494,#1495));
#626=EDGE_LOOP('',(#1496,#1497,#1498,#1499));
#627=EDGE_LOOP('',(#1500,#1501,#1502,#1503));
#628=EDGE_LOOP('',(#1504,#1505,#1506,#1507));
#629=EDGE_LOOP('',(#1508,#1509,#1510,#1511));
#630=EDGE_LOOP('',(#1512,#1513,#1514,#1515));
#631=EDGE_LOOP('',(#1516,#1517,#1518,#1519));
#632=EDGE_LOOP('',(#1520,#1521,#1522,#1523));
#633=EDGE_LOOP('',(#1524,#1525,#1526,#1527));
#634=EDGE_LOOP('',(#1528,#1529,#1530,#1531));
#635=EDGE_LOOP('',(#1532,#1533,#1534,#1535,#1536,#1537,#1538,#1539,#1540,
#1541,#1542,#1543,#1544,#1545,#1546,#1547,#1548,#1549,#1550,#1551,#1552,
#1553));
#636=EDGE_LOOP('',(#1554,#1555,#1556,#1557));
#637=EDGE_LOOP('',(#1558,#1559,#1560,#1561,#1562,#1563,#1564,#1565,#1566,
#1567,#1568,#1569,#1570,#1571,#1572,#1573,#1574,#1575,#1576,#1577,#1578,
#1579));
#638=EDGE_LOOP('',(#1580,#1581,#1582,#1583));
#639=EDGE_LOOP('',(#1584,#1585,#1586,#1587,#1588,#1589,#1590,#1591,#1592,
#1593,#1594,#1595));
#640=EDGE_LOOP('',(#1596,#1597,#1598,#1599,#1600,#1601,#1602,#1603,#1604,
#1605,#1606,#1607));
#641=EDGE_LOOP('',(#1608,#1609,#1610,#1611));
#642=EDGE_LOOP('',(#1612,#1613,#1614,#1615));
#643=EDGE_LOOP('',(#1616));
#644=EDGE_LOOP('',(#1617));
#645=EDGE_LOOP('',(#1618));
#646=EDGE_LOOP('',(#1619));
#647=EDGE_LOOP('',(#1620,#1621,#1622,#1623));
#648=EDGE_LOOP('',(#1624,#1625,#1626,#1627));
#649=EDGE_LOOP('',(#1628));
#650=EDGE_LOOP('',(#1629));
#651=EDGE_LOOP('',(#1630));
#652=EDGE_LOOP('',(#1631));
#653=EDGE_LOOP('',(#1632,#1633,#1634,#1635));
#654=EDGE_LOOP('',(#1636,#1637,#1638,#1639));
#655=EDGE_LOOP('',(#1640,#1641,#1642,#1643));
#656=EDGE_LOOP('',(#1644,#1645,#1646,#1647));
#657=EDGE_LOOP('',(#1648,#1649,#1650,#1651));
#658=EDGE_LOOP('',(#1652,#1653,#1654,#1655));
#659=EDGE_LOOP('',(#1656,#1657,#1658,#1659));
#660=EDGE_LOOP('',(#1660,#1661,#1662,#1663));
#661=EDGE_LOOP('',(#1664,#1665,#1666,#1667));
#662=EDGE_LOOP('',(#1668,#1669,#1670,#1671));
#663=EDGE_LOOP('',(#1672,#1673,#1674,#1675));
#664=EDGE_LOOP('',(#1676,#1677,#1678,#1679));
#665=EDGE_LOOP('',(#1680,#1681,#1682,#1683));
#666=EDGE_LOOP('',(#1684,#1685,#1686,#1687));
#667=EDGE_LOOP('',(#1688));
#668=EDGE_LOOP('',(#1689));
#669=EDGE_LOOP('',(#1690,#1691,#1692,#1693));
#670=EDGE_LOOP('',(#1694));
#671=EDGE_LOOP('',(#1695));
#672=EDGE_LOOP('',(#1696,#1697,#1698,#1699));
#673=EDGE_LOOP('',(#1700));
#674=EDGE_LOOP('',(#1701));
#675=EDGE_LOOP('',(#1702,#1703,#1704,#1705));
#676=EDGE_LOOP('',(#1706,#1707,#1708,#1709));
#677=EDGE_LOOP('',(#1710));
#678=EDGE_LOOP('',(#1711));
#679=EDGE_LOOP('',(#1712,#1713,#1714,#1715));
#680=EDGE_LOOP('',(#1716,#1717,#1718,#1719));
#681=EDGE_LOOP('',(#1720,#1721,#1722,#1723));
#682=EDGE_LOOP('',(#1724,#1725,#1726,#1727));
#683=EDGE_LOOP('',(#1728,#1729,#1730,#1731,#1732,#1733,#1734,#1735,#1736,
#1737,#1738,#1739,#1740,#1741));
#684=EDGE_LOOP('',(#1742));
#685=EDGE_LOOP('',(#1743));
#686=EDGE_LOOP('',(#1744));
#687=EDGE_LOOP('',(#1745));
#688=EDGE_LOOP('',(#1746));
#689=EDGE_LOOP('',(#1747));
#690=EDGE_LOOP('',(#1748));
#691=EDGE_LOOP('',(#1749));
#692=EDGE_LOOP('',(#1750,#1751,#1752,#1753,#1754,#1755));
#693=EDGE_LOOP('',(#1756,#1757,#1758,#1759,#1760,#1761));
#694=EDGE_LOOP('',(#1762,#1763,#1764,#1765,#1766,#1767));
#695=EDGE_LOOP('',(#1768,#1769,#1770,#1771,#1772,#1773));
#696=EDGE_LOOP('',(#1774,#1775,#1776,#1777,#1778,#1779,#1780,#1781,#1782,
#1783,#1784,#1785,#1786,#1787,#1788,#1789,#1790,#1791,#1792,#1793));
#697=EDGE_LOOP('',(#1794,#1795,#1796));
#698=EDGE_LOOP('',(#1797,#1798,#1799));
#699=EDGE_LOOP('',(#1800,#1801,#1802));
#700=EDGE_LOOP('',(#1803,#1804,#1805));
#701=EDGE_LOOP('',(#1806));
#702=EDGE_LOOP('',(#1807,#1808,#1809,#1810));
#703=EDGE_LOOP('',(#1811,#1812,#1813,#1814));
#704=EDGE_LOOP('',(#1815,#1816,#1817,#1818));
#705=EDGE_LOOP('',(#1819,#1820,#1821,#1822,#1823));
#706=EDGE_LOOP('',(#1824,#1825,#1826,#1827));
#707=EDGE_LOOP('',(#1828,#1829,#1830,#1831,#1832));
#708=EDGE_LOOP('',(#1833,#1834,#1835,#1836,#1837,#1838));
#709=EDGE_LOOP('',(#1839,#1840,#1841,#1842,#1843,#1844));
#710=EDGE_LOOP('',(#1845,#1846,#1847,#1848));
#711=EDGE_LOOP('',(#1849));
#712=EDGE_LOOP('',(#1850,#1851,#1852,#1853));
#713=EDGE_LOOP('',(#1854,#1855,#1856,#1857));
#714=EDGE_LOOP('',(#1858,#1859,#1860,#1861));
#715=EDGE_LOOP('',(#1862,#1863,#1864,#1865,#1866));
#716=EDGE_LOOP('',(#1867,#1868,#1869,#1870));
#717=EDGE_LOOP('',(#1871,#1872,#1873,#1874,#1875));
#718=EDGE_LOOP('',(#1876,#1877,#1878,#1879,#1880,#1881));
#719=EDGE_LOOP('',(#1882,#1883,#1884,#1885,#1886,#1887));
#720=EDGE_LOOP('',(#1888,#1889,#1890,#1891));
#721=CIRCLE('',#2085,1.5);
#722=CIRCLE('',#2087,1.5);
#723=CIRCLE('',#2090,0.5);
#724=CIRCLE('',#2091,0.5);
#725=CIRCLE('',#2094,0.5);
#726=CIRCLE('',#2095,0.5);
#727=CIRCLE('',#2098,0.5);
#728=CIRCLE('',#2099,0.5);
#729=CIRCLE('',#2102,0.5);
#730=CIRCLE('',#2103,0.5);
#731=CIRCLE('',#2106,0.5);
#732=CIRCLE('',#2107,0.5);
#733=CIRCLE('',#2110,0.5);
#734=CIRCLE('',#2111,0.5);
#735=CIRCLE('',#2114,0.5);
#736=CIRCLE('',#2115,0.5);
#737=CIRCLE('',#2118,0.5);
#738=CIRCLE('',#2119,0.5);
#739=CIRCLE('',#2122,0.5);
#740=CIRCLE('',#2123,0.5);
#741=CIRCLE('',#2126,0.5);
#742=CIRCLE('',#2127,0.5);
#743=CIRCLE('',#2130,0.5);
#744=CIRCLE('',#2131,0.5);
#745=CIRCLE('',#2134,0.5);
#746=CIRCLE('',#2135,0.5);
#747=CIRCLE('',#2138,4.75);
#748=CIRCLE('',#2139,4.75);
#749=CIRCLE('',#2140,2.75);
#750=CIRCLE('',#2141,2.75);
#751=CIRCLE('',#2142,3.1);
#752=CIRCLE('',#2143,3.1);
#753=CIRCLE('',#2145,4.75);
#754=CIRCLE('',#2146,4.75);
#755=CIRCLE('',#2147,2.75);
#756=CIRCLE('',#2148,3.1);
#757=CIRCLE('',#2149,3.1);
#758=CIRCLE('',#2150,2.75);
#759=CIRCLE('',#2172,2.75);
#760=CIRCLE('',#2173,2.75);
#761=CIRCLE('',#2174,2.75);
#762=CIRCLE('',#2175,2.75);
#763=CIRCLE('',#2176,2.75);
#764=CIRCLE('',#2177,2.75);
#765=CIRCLE('',#2179,2.75);
#766=CIRCLE('',#2180,2.75);
#767=CIRCLE('',#2181,2.75);
#768=CIRCLE('',#2182,2.75);
#769=CIRCLE('',#2183,2.75);
#770=CIRCLE('',#2184,2.75);
#771=CIRCLE('',#2186,2.75);
#772=CIRCLE('',#2188,2.75);
#773=CIRCLE('',#2190,2.75);
#774=CIRCLE('',#2192,1.5);
#775=CIRCLE('',#2194,1.5);
#776=CIRCLE('',#2196,2.75);
#777=CIRCLE('',#2198,1.5);
#778=CIRCLE('',#2200,1.5);
#779=CIRCLE('',#2202,4.75);
#780=CIRCLE('',#2205,4.75);
#781=CIRCLE('',#2209,3.1);
#782=CIRCLE('',#2211,3.1);
#783=CIRCLE('',#2213,4.75);
#784=CIRCLE('',#2217,4.75);
#785=CIRCLE('',#2220,3.1);
#786=CIRCLE('',#2222,3.1);
#787=CIRCLE('',#2224,1.5);
#788=CIRCLE('',#2226,1.5);
#789=CIRCLE('',#2228,1.5);
#790=CIRCLE('',#2230,1.5);
#791=CIRCLE('',#2232,1.5);
#792=CIRCLE('',#2234,1.5);
#793=CIRCLE('',#2236,1.5);
#794=CIRCLE('',#2238,1.5);
#795=CIRCLE('',#2240,1.5);
#796=CIRCLE('',#2242,1.5);
#797=CIRCLE('',#2244,1.5);
#798=CIRCLE('',#2246,1.5);
#799=CIRCLE('',#2249,4.);
#800=CIRCLE('',#2250,4.);
#801=CIRCLE('',#2251,4.);
#802=CIRCLE('',#2252,4.);
#803=CIRCLE('',#2253,4.);
#804=CIRCLE('',#2254,4.);
#805=CIRCLE('',#2261,2.074144124376);
#806=CIRCLE('',#2262,2.509980079602);
#807=CIRCLE('',#2263,1.700735135169);
#808=CIRCLE('',#2264,2.509980079602);
#809=CIRCLE('',#2266,2.294705882353);
#810=CIRCLE('',#2269,4.5);
#811=CIRCLE('',#2270,4.5);
#812=CIRCLE('',#2273,4.5);
#813=CIRCLE('',#2275,4.5);
#814=CIRCLE('',#2279,2.074144124376);
#815=CIRCLE('',#2280,2.509980079602);
#816=CIRCLE('',#2281,1.700735135169);
#817=CIRCLE('',#2282,2.509980079602);
#818=CIRCLE('',#2284,2.294705882353);
#819=CIRCLE('',#2287,4.5);
#820=CIRCLE('',#2288,4.5);
#821=CIRCLE('',#2291,4.5);
#822=CIRCLE('',#2293,4.5);
#823=VERTEX_POINT('',#2908);
#824=VERTEX_POINT('',#2911);
#825=VERTEX_POINT('',#2916);
#826=VERTEX_POINT('',#2917);
#827=VERTEX_POINT('',#2919);
#828=VERTEX_POINT('',#2921);
#829=VERTEX_POINT('',#2925);
#830=VERTEX_POINT('',#2927);
#831=VERTEX_POINT('',#2931);
#832=VERTEX_POINT('',#2933);
#833=VERTEX_POINT('',#2937);
#834=VERTEX_POINT('',#2939);
#835=VERTEX_POINT('',#2943);
#836=VERTEX_POINT('',#2945);
#837=VERTEX_POINT('',#2952);
#838=VERTEX_POINT('',#2953);
#839=VERTEX_POINT('',#2955);
#840=VERTEX_POINT('',#2957);
#841=VERTEX_POINT('',#2961);
#842=VERTEX_POINT('',#2963);
#843=VERTEX_POINT('',#2967);
#844=VERTEX_POINT('',#2969);
#845=VERTEX_POINT('',#2973);
#846=VERTEX_POINT('',#2975);
#847=VERTEX_POINT('',#2979);
#848=VERTEX_POINT('',#2981);
#849=VERTEX_POINT('',#2988);
#850=VERTEX_POINT('',#2989);
#851=VERTEX_POINT('',#2991);
#852=VERTEX_POINT('',#2993);
#853=VERTEX_POINT('',#2997);
#854=VERTEX_POINT('',#2999);
#855=VERTEX_POINT('',#3003);
#856=VERTEX_POINT('',#3005);
#857=VERTEX_POINT('',#3009);
#858=VERTEX_POINT('',#3011);
#859=VERTEX_POINT('',#3015);
#860=VERTEX_POINT('',#3017);
#861=VERTEX_POINT('',#3024);
#862=VERTEX_POINT('',#3025);
#863=VERTEX_POINT('',#3027);
#864=VERTEX_POINT('',#3029);
#865=VERTEX_POINT('',#3033);
#866=VERTEX_POINT('',#3035);
#867=VERTEX_POINT('',#3039);
#868=VERTEX_POINT('',#3041);
#869=VERTEX_POINT('',#3045);
#870=VERTEX_POINT('',#3047);
#871=VERTEX_POINT('',#3051);
#872=VERTEX_POINT('',#3053);
#873=VERTEX_POINT('',#3061);
#874=VERTEX_POINT('',#3063);
#875=VERTEX_POINT('',#3065);
#876=VERTEX_POINT('',#3067);
#877=VERTEX_POINT('',#3069);
#878=VERTEX_POINT('',#3071);
#879=VERTEX_POINT('',#3074);
#880=VERTEX_POINT('',#3076);
#881=VERTEX_POINT('',#3078);
#882=VERTEX_POINT('',#3080);
#883=VERTEX_POINT('',#3084);
#884=VERTEX_POINT('',#3086);
#885=VERTEX_POINT('',#3088);
#886=VERTEX_POINT('',#3090);
#887=VERTEX_POINT('',#3092);
#888=VERTEX_POINT('',#3094);
#889=VERTEX_POINT('',#3097);
#890=VERTEX_POINT('',#3099);
#891=VERTEX_POINT('',#3101);
#892=VERTEX_POINT('',#3103);
#893=VERTEX_POINT('',#3106);
#894=VERTEX_POINT('',#3107);
#895=VERTEX_POINT('',#3109);
#896=VERTEX_POINT('',#3111);
#897=VERTEX_POINT('',#3115);
#898=VERTEX_POINT('',#3117);
#899=VERTEX_POINT('',#3121);
#900=VERTEX_POINT('',#3123);
#901=VERTEX_POINT('',#3130);
#902=VERTEX_POINT('',#3131);
#903=VERTEX_POINT('',#3133);
#904=VERTEX_POINT('',#3135);
#905=VERTEX_POINT('',#3139);
#906=VERTEX_POINT('',#3141);
#907=VERTEX_POINT('',#3145);
#908=VERTEX_POINT('',#3147);
#909=VERTEX_POINT('',#3151);
#910=VERTEX_POINT('',#3152);
#911=VERTEX_POINT('',#3154);
#912=VERTEX_POINT('',#3156);
#913=VERTEX_POINT('',#3160);
#914=VERTEX_POINT('',#3162);
#915=VERTEX_POINT('',#3166);
#916=VERTEX_POINT('',#3168);
#917=VERTEX_POINT('',#3172);
#918=VERTEX_POINT('',#3174);
#919=VERTEX_POINT('',#3178);
#920=VERTEX_POINT('',#3180);
#921=VERTEX_POINT('',#3184);
#922=VERTEX_POINT('',#3185);
#923=VERTEX_POINT('',#3187);
#924=VERTEX_POINT('',#3189);
#925=VERTEX_POINT('',#3193);
#926=VERTEX_POINT('',#3195);
#927=VERTEX_POINT('',#3199);
#928=VERTEX_POINT('',#3201);
#929=VERTEX_POINT('',#3205);
#930=VERTEX_POINT('',#3206);
#931=VERTEX_POINT('',#3208);
#932=VERTEX_POINT('',#3210);
#933=VERTEX_POINT('',#3214);
#934=VERTEX_POINT('',#3216);
#935=VERTEX_POINT('',#3220);
#936=VERTEX_POINT('',#3222);
#937=VERTEX_POINT('',#3226);
#938=VERTEX_POINT('',#3228);
#939=VERTEX_POINT('',#3232);
#940=VERTEX_POINT('',#3234);
#941=VERTEX_POINT('',#3239);
#942=VERTEX_POINT('',#3242);
#943=VERTEX_POINT('',#3248);
#944=VERTEX_POINT('',#3251);
#945=VERTEX_POINT('',#3256);
#946=VERTEX_POINT('',#3261);
#947=VERTEX_POINT('',#3266);
#948=VERTEX_POINT('',#3270);
#949=VERTEX_POINT('',#3273);
#950=VERTEX_POINT('',#3276);
#951=VERTEX_POINT('',#3280);
#952=VERTEX_POINT('',#3283);
#953=VERTEX_POINT('',#3286);
#954=VERTEX_POINT('',#3287);
#955=VERTEX_POINT('',#3292);
#956=VERTEX_POINT('',#3296);
#957=VERTEX_POINT('',#3300);
#958=VERTEX_POINT('',#3304);
#959=VERTEX_POINT('',#3308);
#960=VERTEX_POINT('',#3312);
#961=VERTEX_POINT('',#3316);
#962=VERTEX_POINT('',#3317);
#963=VERTEX_POINT('',#3322);
#964=VERTEX_POINT('',#3326);
#965=VERTEX_POINT('',#3327);
#966=VERTEX_POINT('',#3332);
#967=VERTEX_POINT('',#3338);
#968=VERTEX_POINT('',#3342);
#969=VERTEX_POINT('',#3346);
#970=VERTEX_POINT('',#3349);
#971=VERTEX_POINT('',#3353);
#972=VERTEX_POINT('',#3356);
#973=VERTEX_POINT('',#3360);
#974=VERTEX_POINT('',#3363);
#975=VERTEX_POINT('',#3367);
#976=VERTEX_POINT('',#3371);
#977=VERTEX_POINT('',#3374);
#978=VERTEX_POINT('',#3378);
#979=VERTEX_POINT('',#3382);
#980=VERTEX_POINT('',#3386);
#981=VERTEX_POINT('',#3390);
#982=VERTEX_POINT('',#3393);
#983=VERTEX_POINT('',#3397);
#984=VERTEX_POINT('',#3404);
#985=VERTEX_POINT('',#3412);
#986=VERTEX_POINT('',#3413);
#987=VERTEX_POINT('',#3415);
#988=VERTEX_POINT('',#3417);
#989=VERTEX_POINT('',#3421);
#990=VERTEX_POINT('',#3422);
#991=VERTEX_POINT('',#3424);
#992=VERTEX_POINT('',#3426);
#993=VERTEX_POINT('',#3430);
#994=VERTEX_POINT('',#3431);
#995=VERTEX_POINT('',#3454);
#996=VERTEX_POINT('',#3456);
#997=VERTEX_POINT('',#3463);
#998=VERTEX_POINT('',#3465);
#999=VERTEX_POINT('',#3474);
#1000=VERTEX_POINT('',#3475);
#1001=VERTEX_POINT('',#3477);
#1002=VERTEX_POINT('',#3479);
#1003=VERTEX_POINT('',#3483);
#1004=VERTEX_POINT('',#3484);
#1005=VERTEX_POINT('',#3486);
#1006=VERTEX_POINT('',#3488);
#1007=VERTEX_POINT('',#3492);
#1008=VERTEX_POINT('',#3493);
#1009=VERTEX_POINT('',#3516);
#1010=VERTEX_POINT('',#3518);
#1011=VERTEX_POINT('',#3525);
#1012=VERTEX_POINT('',#3527);
#1013=EDGE_CURVE('',#823,#823,#721,.T.);
#1014=EDGE_CURVE('',#824,#824,#722,.T.);
#1015=EDGE_CURVE('',#823,#824,#57,.T.);
#1016=EDGE_CURVE('',#825,#826,#723,.F.);
#1017=EDGE_CURVE('',#825,#827,#58,.T.);
#1018=EDGE_CURVE('',#827,#828,#724,.T.);
#1019=EDGE_CURVE('',#828,#826,#59,.T.);
#1020=EDGE_CURVE('',#829,#825,#60,.T.);
#1021=EDGE_CURVE('',#830,#829,#61,.T.);
#1022=EDGE_CURVE('',#827,#830,#62,.T.);
#1023=EDGE_CURVE('',#829,#831,#725,.T.);
#1024=EDGE_CURVE('',#831,#832,#63,.T.);
#1025=EDGE_CURVE('',#832,#830,#726,.T.);
#1026=EDGE_CURVE('',#833,#831,#64,.T.);
#1027=EDGE_CURVE('',#834,#833,#65,.T.);
#1028=EDGE_CURVE('',#832,#834,#66,.T.);
#1029=EDGE_CURVE('',#833,#835,#727,.T.);
#1030=EDGE_CURVE('',#835,#836,#67,.T.);
#1031=EDGE_CURVE('',#836,#834,#728,.T.);
#1032=EDGE_CURVE('',#836,#828,#68,.T.);
#1033=EDGE_CURVE('',#826,#835,#69,.T.);
#1034=EDGE_CURVE('',#837,#838,#729,.T.);
#1035=EDGE_CURVE('',#838,#839,#70,.T.);
#1036=EDGE_CURVE('',#839,#840,#730,.T.);
#1037=EDGE_CURVE('',#840,#837,#71,.T.);
#1038=EDGE_CURVE('',#841,#838,#72,.T.);
#1039=EDGE_CURVE('',#842,#841,#73,.T.);
#1040=EDGE_CURVE('',#839,#842,#74,.T.);
#1041=EDGE_CURVE('',#843,#841,#731,.F.);
#1042=EDGE_CURVE('',#843,#844,#75,.T.);
#1043=EDGE_CURVE('',#844,#842,#732,.T.);
#1044=EDGE_CURVE('',#845,#843,#76,.T.);
#1045=EDGE_CURVE('',#846,#845,#77,.T.);
#1046=EDGE_CURVE('',#844,#846,#78,.T.);
#1047=EDGE_CURVE('',#845,#847,#733,.T.);
#1048=EDGE_CURVE('',#847,#848,#79,.T.);
#1049=EDGE_CURVE('',#848,#846,#734,.T.);
#1050=EDGE_CURVE('',#848,#840,#80,.T.);
#1051=EDGE_CURVE('',#837,#847,#81,.T.);
#1052=EDGE_CURVE('',#849,#850,#735,.F.);
#1053=EDGE_CURVE('',#849,#851,#82,.T.);
#1054=EDGE_CURVE('',#851,#852,#736,.T.);
#1055=EDGE_CURVE('',#852,#850,#83,.T.);
#1056=EDGE_CURVE('',#853,#849,#84,.T.);
#1057=EDGE_CURVE('',#854,#853,#85,.T.);
#1058=EDGE_CURVE('',#851,#854,#86,.T.);
#1059=EDGE_CURVE('',#853,#855,#737,.T.);
#1060=EDGE_CURVE('',#855,#856,#87,.T.);
#1061=EDGE_CURVE('',#856,#854,#738,.T.);
#1062=EDGE_CURVE('',#857,#855,#88,.T.);
#1063=EDGE_CURVE('',#858,#857,#89,.T.);
#1064=EDGE_CURVE('',#856,#858,#90,.T.);
#1065=EDGE_CURVE('',#857,#859,#739,.T.);
#1066=EDGE_CURVE('',#859,#860,#91,.T.);
#1067=EDGE_CURVE('',#860,#858,#740,.T.);
#1068=EDGE_CURVE('',#860,#852,#92,.T.);
#1069=EDGE_CURVE('',#850,#859,#93,.T.);
#1070=EDGE_CURVE('',#861,#862,#741,.F.);
#1071=EDGE_CURVE('',#861,#863,#94,.T.);
#1072=EDGE_CURVE('',#863,#864,#742,.T.);
#1073=EDGE_CURVE('',#864,#862,#95,.T.);
#1074=EDGE_CURVE('',#865,#861,#96,.T.);
#1075=EDGE_CURVE('',#866,#865,#97,.T.);
#1076=EDGE_CURVE('',#863,#866,#98,.T.);
#1077=EDGE_CURVE('',#865,#867,#743,.T.);
#1078=EDGE_CURVE('',#867,#868,#99,.T.);
#1079=EDGE_CURVE('',#868,#866,#744,.T.);
#1080=EDGE_CURVE('',#869,#867,#100,.T.);
#1081=EDGE_CURVE('',#870,#869,#101,.T.);
#1082=EDGE_CURVE('',#868,#870,#102,.T.);
#1083=EDGE_CURVE('',#869,#871,#745,.T.);
#1084=EDGE_CURVE('',#871,#872,#103,.T.);
#1085=EDGE_CURVE('',#872,#870,#746,.T.);
#1086=EDGE_CURVE('',#872,#864,#104,.T.);
#1087=EDGE_CURVE('',#862,#871,#105,.T.);
#1088=EDGE_CURVE('',#849,#865,#106,.T.);
#1089=EDGE_CURVE('',#873,#853,#107,.T.);
#1090=EDGE_CURVE('',#873,#874,#108,.T.);
#1091=EDGE_CURVE('',#874,#875,#747,.T.);
#1092=EDGE_CURVE('',#875,#876,#109,.T.);
#1093=EDGE_CURVE('',#876,#877,#748,.T.);
#1094=EDGE_CURVE('',#877,#878,#110,.T.);
#1095=EDGE_CURVE('',#861,#878,#111,.T.);
#1096=EDGE_CURVE('',#879,#879,#749,.T.);
#1097=EDGE_CURVE('',#880,#880,#750,.T.);
#1098=EDGE_CURVE('',#881,#881,#751,.T.);
#1099=EDGE_CURVE('',#882,#882,#752,.T.);
#1100=EDGE_CURVE('',#825,#845,#112,.T.);
#1101=EDGE_CURVE('',#883,#829,#113,.T.);
#1102=EDGE_CURVE('',#883,#884,#114,.T.);
#1103=EDGE_CURVE('',#884,#885,#753,.T.);
#1104=EDGE_CURVE('',#885,#886,#115,.T.);
#1105=EDGE_CURVE('',#886,#887,#754,.T.);
#1106=EDGE_CURVE('',#887,#888,#116,.T.);
#1107=EDGE_CURVE('',#843,#888,#117,.T.);
#1108=EDGE_CURVE('',#889,#889,#755,.T.);
#1109=EDGE_CURVE('',#890,#890,#756,.T.);
#1110=EDGE_CURVE('',#891,#891,#757,.T.);
#1111=EDGE_CURVE('',#892,#892,#758,.T.);
#1112=EDGE_CURVE('',#893,#894,#118,.T.);
#1113=EDGE_CURVE('',#894,#895,#119,.T.);
#1114=EDGE_CURVE('',#896,#895,#120,.T.);
#1115=EDGE_CURVE('',#893,#896,#121,.T.);
#1116=EDGE_CURVE('',#897,#893,#122,.T.);
#1117=EDGE_CURVE('',#898,#896,#123,.T.);
#1118=EDGE_CURVE('',#897,#898,#124,.T.);
#1119=EDGE_CURVE('',#899,#897,#125,.T.);
#1120=EDGE_CURVE('',#900,#898,#126,.T.);
#1121=EDGE_CURVE('',#899,#900,#127,.T.);
#1122=EDGE_CURVE('',#894,#899,#128,.T.);
#1123=EDGE_CURVE('',#895,#900,#129,.T.);
#1124=EDGE_CURVE('',#901,#902,#130,.T.);
#1125=EDGE_CURVE('',#901,#903,#131,.T.);
#1126=EDGE_CURVE('',#904,#903,#132,.T.);
#1127=EDGE_CURVE('',#902,#904,#133,.T.);
#1128=EDGE_CURVE('',#902,#905,#134,.T.);
#1129=EDGE_CURVE('',#906,#904,#135,.T.);
#1130=EDGE_CURVE('',#905,#906,#136,.T.);
#1131=EDGE_CURVE('',#907,#905,#137,.T.);
#1132=EDGE_CURVE('',#908,#906,#138,.T.);
#1133=EDGE_CURVE('',#907,#908,#139,.T.);
#1134=EDGE_CURVE('',#909,#910,#140,.T.);
#1135=EDGE_CURVE('',#909,#911,#141,.T.);
#1136=EDGE_CURVE('',#912,#911,#142,.T.);
#1137=EDGE_CURVE('',#910,#912,#143,.T.);
#1138=EDGE_CURVE('',#913,#910,#144,.T.);
#1139=EDGE_CURVE('',#914,#912,#145,.T.);
#1140=EDGE_CURVE('',#913,#914,#146,.T.);
#1141=EDGE_CURVE('',#913,#915,#147,.T.);
#1142=EDGE_CURVE('',#916,#914,#148,.T.);
#1143=EDGE_CURVE('',#915,#916,#149,.T.);
#1144=EDGE_CURVE('',#915,#917,#150,.T.);
#1145=EDGE_CURVE('',#918,#916,#151,.T.);
#1146=EDGE_CURVE('',#917,#918,#152,.T.);
#1147=EDGE_CURVE('',#917,#919,#153,.T.);
#1148=EDGE_CURVE('',#920,#918,#154,.T.);
#1149=EDGE_CURVE('',#919,#920,#155,.T.);
#1150=EDGE_CURVE('',#921,#922,#156,.T.);
#1151=EDGE_CURVE('',#922,#923,#157,.T.);
#1152=EDGE_CURVE('',#924,#923,#158,.T.);
#1153=EDGE_CURVE('',#921,#924,#159,.T.);
#1154=EDGE_CURVE('',#925,#921,#160,.T.);
#1155=EDGE_CURVE('',#926,#924,#161,.T.);
#1156=EDGE_CURVE('',#925,#926,#162,.T.);
#1157=EDGE_CURVE('',#927,#925,#163,.T.);
#1158=EDGE_CURVE('',#928,#926,#164,.T.);
#1159=EDGE_CURVE('',#927,#928,#165,.T.);
#1160=EDGE_CURVE('',#929,#930,#166,.T.);
#1161=EDGE_CURVE('',#929,#931,#167,.T.);
#1162=EDGE_CURVE('',#932,#931,#168,.T.);
#1163=EDGE_CURVE('',#930,#932,#169,.T.);
#1164=EDGE_CURVE('',#930,#933,#170,.T.);
#1165=EDGE_CURVE('',#934,#932,#171,.T.);
#1166=EDGE_CURVE('',#933,#934,#172,.T.);
#1167=EDGE_CURVE('',#935,#933,#173,.T.);
#1168=EDGE_CURVE('',#936,#934,#174,.T.);
#1169=EDGE_CURVE('',#935,#936,#175,.T.);
#1170=EDGE_CURVE('',#937,#935,#176,.T.);
#1171=EDGE_CURVE('',#938,#936,#177,.T.);
#1172=EDGE_CURVE('',#937,#938,#178,.T.);
#1173=EDGE_CURVE('',#939,#937,#179,.T.);
#1174=EDGE_CURVE('',#940,#938,#180,.T.);
#1175=EDGE_CURVE('',#939,#940,#181,.T.);
#1176=EDGE_CURVE('',#928,#931,#759,.T.);
#1177=EDGE_CURVE('',#941,#923,#760,.T.);
#1178=EDGE_CURVE('',#920,#941,#761,.T.);
#1179=EDGE_CURVE('',#942,#911,#762,.T.);
#1180=EDGE_CURVE('',#908,#942,#763,.T.);
#1181=EDGE_CURVE('',#940,#903,#764,.T.);
#1182=EDGE_CURVE('',#901,#939,#765,.T.);
#1183=EDGE_CURVE('',#943,#907,#766,.T.);
#1184=EDGE_CURVE('',#909,#943,#767,.T.);
#1185=EDGE_CURVE('',#944,#919,#768,.T.);
#1186=EDGE_CURVE('',#922,#944,#769,.T.);
#1187=EDGE_CURVE('',#929,#927,#770,.T.);
#1188=EDGE_CURVE('',#945,#945,#771,.T.);
#1189=EDGE_CURVE('',#945,#942,#182,.T.);
#1190=EDGE_CURVE('',#943,#889,#183,.T.);
#1191=EDGE_CURVE('',#946,#946,#772,.T.);
#1192=EDGE_CURVE('',#946,#941,#184,.T.);
#1193=EDGE_CURVE('',#944,#892,#185,.T.);
#1194=EDGE_CURVE('',#947,#947,#773,.T.);
#1195=EDGE_CURVE('',#947,#879,#186,.T.);
#1196=EDGE_CURVE('',#948,#948,#774,.T.);
#1197=EDGE_CURVE('',#949,#949,#775,.T.);
#1198=EDGE_CURVE('',#950,#950,#776,.T.);
#1199=EDGE_CURVE('',#950,#880,#187,.T.);
#1200=EDGE_CURVE('',#951,#951,#777,.T.);
#1201=EDGE_CURVE('',#952,#952,#778,.T.);
#1202=EDGE_CURVE('',#953,#954,#779,.T.);
#1203=EDGE_CURVE('',#954,#875,#188,.T.);
#1204=EDGE_CURVE('',#953,#874,#189,.T.);
#1205=EDGE_CURVE('',#954,#955,#190,.T.);
#1206=EDGE_CURVE('',#955,#876,#191,.T.);
#1207=EDGE_CURVE('',#955,#956,#780,.T.);
#1208=EDGE_CURVE('',#956,#877,#192,.T.);
#1209=EDGE_CURVE('',#956,#957,#193,.T.);
#1210=EDGE_CURVE('',#878,#957,#194,.T.);
#1211=EDGE_CURVE('',#953,#958,#195,.T.);
#1212=EDGE_CURVE('',#958,#873,#196,.T.);
#1213=EDGE_CURVE('',#882,#959,#197,.T.);
#1214=EDGE_CURVE('',#959,#959,#781,.T.);
#1215=EDGE_CURVE('',#881,#960,#198,.T.);
#1216=EDGE_CURVE('',#960,#960,#782,.T.);
#1217=EDGE_CURVE('',#961,#962,#783,.T.);
#1218=EDGE_CURVE('',#962,#887,#199,.T.);
#1219=EDGE_CURVE('',#961,#886,#200,.T.);
#1220=EDGE_CURVE('',#963,#962,#201,.T.);
#1221=EDGE_CURVE('',#888,#963,#202,.T.);
#1222=EDGE_CURVE('',#964,#965,#203,.T.);
#1223=EDGE_CURVE('',#964,#884,#204,.T.);
#1224=EDGE_CURVE('',#965,#883,#205,.T.);
#1225=EDGE_CURVE('',#964,#966,#784,.T.);
#1226=EDGE_CURVE('',#966,#885,#206,.T.);
#1227=EDGE_CURVE('',#961,#966,#207,.T.);
#1228=EDGE_CURVE('',#891,#967,#208,.T.);
#1229=EDGE_CURVE('',#967,#967,#785,.T.);
#1230=EDGE_CURVE('',#890,#968,#209,.T.);
#1231=EDGE_CURVE('',#968,#968,#786,.T.);
#1232=EDGE_CURVE('',#969,#969,#787,.T.);
#1233=EDGE_CURVE('',#969,#970,#210,.T.);
#1234=EDGE_CURVE('',#970,#970,#788,.T.);
#1235=EDGE_CURVE('',#971,#971,#789,.T.);
#1236=EDGE_CURVE('',#971,#972,#211,.T.);
#1237=EDGE_CURVE('',#972,#972,#790,.T.);
#1238=EDGE_CURVE('',#973,#973,#791,.T.);
#1239=EDGE_CURVE('',#973,#974,#212,.T.);
#1240=EDGE_CURVE('',#974,#974,#792,.T.);
#1241=EDGE_CURVE('',#948,#975,#213,.T.);
#1242=EDGE_CURVE('',#975,#975,#793,.T.);
#1243=EDGE_CURVE('',#976,#976,#794,.T.);
#1244=EDGE_CURVE('',#976,#977,#214,.T.);
#1245=EDGE_CURVE('',#977,#977,#795,.T.);
#1246=EDGE_CURVE('',#951,#978,#215,.T.);
#1247=EDGE_CURVE('',#978,#978,#796,.T.);
#1248=EDGE_CURVE('',#949,#979,#216,.T.);
#1249=EDGE_CURVE('',#979,#979,#797,.T.);
#1250=EDGE_CURVE('',#952,#980,#217,.T.);
#1251=EDGE_CURVE('',#980,#980,#798,.T.);
#1252=EDGE_CURVE('',#958,#981,#218,.T.);
#1253=EDGE_CURVE('',#963,#981,#219,.T.);
#1254=EDGE_CURVE('',#965,#982,#220,.T.);
#1255=EDGE_CURVE('',#957,#982,#221,.T.);
#1256=EDGE_CURVE('',#983,#983,#799,.T.);
#1257=EDGE_CURVE('',#983,#878,#222,.T.);
#1258=EDGE_CURVE('',#878,#982,#800,.T.);
#1259=EDGE_CURVE('',#982,#883,#801,.T.);
#1260=EDGE_CURVE('',#888,#981,#802,.T.);
#1261=EDGE_CURVE('',#981,#873,#803,.T.);
#1262=EDGE_CURVE('',#873,#984,#223,.T.);
#1263=EDGE_CURVE('',#984,#984,#804,.T.);
#1264=EDGE_CURVE('',#985,#986,#224,.T.);
#1265=EDGE_CURVE('',#986,#987,#225,.T.);
#1266=EDGE_CURVE('',#987,#988,#226,.T.);
#1267=EDGE_CURVE('',#988,#985,#227,.T.);
#1268=EDGE_CURVE('',#989,#990,#805,.T.);
#1269=EDGE_CURVE('',#990,#991,#806,.T.);
#1270=EDGE_CURVE('',#991,#992,#807,.T.);
#1271=EDGE_CURVE('',#989,#992,#808,.T.);
#1272=EDGE_CURVE('',#993,#994,#809,.T.);
#1273=EDGE_CURVE('',#990,#993,#14,.F.);
#1274=EDGE_CURVE('',#989,#994,#15,.F.);
#1275=EDGE_CURVE('',#993,#995,#228,.T.);
#1276=EDGE_CURVE('',#995,#996,#229,.T.);
#1277=EDGE_CURVE('',#991,#996,#230,.T.);
#1278=EDGE_CURVE('',#996,#985,#810,.T.);
#1279=EDGE_CURVE('',#995,#986,#811,.T.);
#1280=EDGE_CURVE('',#994,#997,#231,.T.);
#1281=EDGE_CURVE('',#992,#998,#232,.T.);
#1282=EDGE_CURVE('',#997,#998,#233,.T.);
#1283=EDGE_CURVE('',#988,#998,#812,.T.);
#1284=EDGE_CURVE('',#987,#997,#813,.T.);
#1285=EDGE_CURVE('',#999,#1000,#234,.T.);
#1286=EDGE_CURVE('',#1000,#1001,#235,.T.);
#1287=EDGE_CURVE('',#1001,#1002,#236,.T.);
#1288=EDGE_CURVE('',#1002,#999,#237,.T.);
#1289=EDGE_CURVE('',#1003,#1004,#814,.T.);
#1290=EDGE_CURVE('',#1003,#1005,#815,.T.);
#1291=EDGE_CURVE('',#1006,#1005,#816,.T.);
#1292=EDGE_CURVE('',#1004,#1006,#817,.T.);
#1293=EDGE_CURVE('',#1007,#1008,#818,.T.);
#1294=EDGE_CURVE('',#1003,#1008,#16,.F.);
#1295=EDGE_CURVE('',#1004,#1007,#17,.F.);
#1296=EDGE_CURVE('',#1007,#1009,#238,.T.);
#1297=EDGE_CURVE('',#1006,#1010,#239,.T.);
#1298=EDGE_CURVE('',#1009,#1010,#240,.T.);
#1299=EDGE_CURVE('',#1010,#1000,#819,.T.);
#1300=EDGE_CURVE('',#1009,#999,#820,.T.);
#1301=EDGE_CURVE('',#1008,#1011,#241,.T.);
#1302=EDGE_CURVE('',#1011,#1012,#242,.T.);
#1303=EDGE_CURVE('',#1005,#1012,#243,.T.);
#1304=EDGE_CURVE('',#1001,#1012,#821,.T.);
#1305=EDGE_CURVE('',#1002,#1011,#822,.T.);
#1306=ORIENTED_EDGE('',*,*,#1013,.F.);
#1307=ORIENTED_EDGE('',*,*,#1014,.F.);
#1308=ORIENTED_EDGE('',*,*,#1013,.T.);
#1309=ORIENTED_EDGE('',*,*,#1015,.T.);
#1310=ORIENTED_EDGE('',*,*,#1014,.T.);
#1311=ORIENTED_EDGE('',*,*,#1015,.F.);
#1312=ORIENTED_EDGE('',*,*,#1016,.F.);
#1313=ORIENTED_EDGE('',*,*,#1017,.T.);
#1314=ORIENTED_EDGE('',*,*,#1018,.T.);
#1315=ORIENTED_EDGE('',*,*,#1019,.T.);
#1316=ORIENTED_EDGE('',*,*,#1017,.F.);
#1317=ORIENTED_EDGE('',*,*,#1020,.F.);
#1318=ORIENTED_EDGE('',*,*,#1021,.F.);
#1319=ORIENTED_EDGE('',*,*,#1022,.F.);
#1320=ORIENTED_EDGE('',*,*,#1023,.T.);
#1321=ORIENTED_EDGE('',*,*,#1024,.T.);
#1322=ORIENTED_EDGE('',*,*,#1025,.T.);
#1323=ORIENTED_EDGE('',*,*,#1021,.T.);
#1324=ORIENTED_EDGE('',*,*,#1024,.F.);
#1325=ORIENTED_EDGE('',*,*,#1026,.F.);
#1326=ORIENTED_EDGE('',*,*,#1027,.F.);
#1327=ORIENTED_EDGE('',*,*,#1028,.F.);
#1328=ORIENTED_EDGE('',*,*,#1029,.T.);
#1329=ORIENTED_EDGE('',*,*,#1030,.T.);
#1330=ORIENTED_EDGE('',*,*,#1031,.T.);
#1331=ORIENTED_EDGE('',*,*,#1027,.T.);
#1332=ORIENTED_EDGE('',*,*,#1019,.F.);
#1333=ORIENTED_EDGE('',*,*,#1032,.F.);
#1334=ORIENTED_EDGE('',*,*,#1030,.F.);
#1335=ORIENTED_EDGE('',*,*,#1033,.F.);
#1336=ORIENTED_EDGE('',*,*,#1034,.T.);
#1337=ORIENTED_EDGE('',*,*,#1035,.T.);
#1338=ORIENTED_EDGE('',*,*,#1036,.T.);
#1339=ORIENTED_EDGE('',*,*,#1037,.T.);
#1340=ORIENTED_EDGE('',*,*,#1035,.F.);
#1341=ORIENTED_EDGE('',*,*,#1038,.F.);
#1342=ORIENTED_EDGE('',*,*,#1039,.F.);
#1343=ORIENTED_EDGE('',*,*,#1040,.F.);
#1344=ORIENTED_EDGE('',*,*,#1041,.F.);
#1345=ORIENTED_EDGE('',*,*,#1042,.T.);
#1346=ORIENTED_EDGE('',*,*,#1043,.T.);
#1347=ORIENTED_EDGE('',*,*,#1039,.T.);
#1348=ORIENTED_EDGE('',*,*,#1042,.F.);
#1349=ORIENTED_EDGE('',*,*,#1044,.F.);
#1350=ORIENTED_EDGE('',*,*,#1045,.F.);
#1351=ORIENTED_EDGE('',*,*,#1046,.F.);
#1352=ORIENTED_EDGE('',*,*,#1047,.T.);
#1353=ORIENTED_EDGE('',*,*,#1048,.T.);
#1354=ORIENTED_EDGE('',*,*,#1049,.T.);
#1355=ORIENTED_EDGE('',*,*,#1045,.T.);
#1356=ORIENTED_EDGE('',*,*,#1037,.F.);
#1357=ORIENTED_EDGE('',*,*,#1050,.F.);
#1358=ORIENTED_EDGE('',*,*,#1048,.F.);
#1359=ORIENTED_EDGE('',*,*,#1051,.F.);
#1360=ORIENTED_EDGE('',*,*,#1052,.F.);
#1361=ORIENTED_EDGE('',*,*,#1053,.T.);
#1362=ORIENTED_EDGE('',*,*,#1054,.T.);
#1363=ORIENTED_EDGE('',*,*,#1055,.T.);
#1364=ORIENTED_EDGE('',*,*,#1053,.F.);
#1365=ORIENTED_EDGE('',*,*,#1056,.F.);
#1366=ORIENTED_EDGE('',*,*,#1057,.F.);
#1367=ORIENTED_EDGE('',*,*,#1058,.F.);
#1368=ORIENTED_EDGE('',*,*,#1059,.T.);
#1369=ORIENTED_EDGE('',*,*,#1060,.T.);
#1370=ORIENTED_EDGE('',*,*,#1061,.T.);
#1371=ORIENTED_EDGE('',*,*,#1057,.T.);
#1372=ORIENTED_EDGE('',*,*,#1060,.F.);
#1373=ORIENTED_EDGE('',*,*,#1062,.F.);
#1374=ORIENTED_EDGE('',*,*,#1063,.F.);
#1375=ORIENTED_EDGE('',*,*,#1064,.F.);
#1376=ORIENTED_EDGE('',*,*,#1065,.T.);
#1377=ORIENTED_EDGE('',*,*,#1066,.T.);
#1378=ORIENTED_EDGE('',*,*,#1067,.T.);
#1379=ORIENTED_EDGE('',*,*,#1063,.T.);
#1380=ORIENTED_EDGE('',*,*,#1055,.F.);
#1381=ORIENTED_EDGE('',*,*,#1068,.F.);
#1382=ORIENTED_EDGE('',*,*,#1066,.F.);
#1383=ORIENTED_EDGE('',*,*,#1069,.F.);
#1384=ORIENTED_EDGE('',*,*,#1070,.F.);
#1385=ORIENTED_EDGE('',*,*,#1071,.T.);
#1386=ORIENTED_EDGE('',*,*,#1072,.T.);
#1387=ORIENTED_EDGE('',*,*,#1073,.T.);
#1388=ORIENTED_EDGE('',*,*,#1071,.F.);
#1389=ORIENTED_EDGE('',*,*,#1074,.F.);
#1390=ORIENTED_EDGE('',*,*,#1075,.F.);
#1391=ORIENTED_EDGE('',*,*,#1076,.F.);
#1392=ORIENTED_EDGE('',*,*,#1077,.T.);
#1393=ORIENTED_EDGE('',*,*,#1078,.T.);
#1394=ORIENTED_EDGE('',*,*,#1079,.T.);
#1395=ORIENTED_EDGE('',*,*,#1075,.T.);
#1396=ORIENTED_EDGE('',*,*,#1078,.F.);
#1397=ORIENTED_EDGE('',*,*,#1080,.F.);
#1398=ORIENTED_EDGE('',*,*,#1081,.F.);
#1399=ORIENTED_EDGE('',*,*,#1082,.F.);
#1400=ORIENTED_EDGE('',*,*,#1083,.T.);
#1401=ORIENTED_EDGE('',*,*,#1084,.T.);
#1402=ORIENTED_EDGE('',*,*,#1085,.T.);
#1403=ORIENTED_EDGE('',*,*,#1081,.T.);
#1404=ORIENTED_EDGE('',*,*,#1073,.F.);
#1405=ORIENTED_EDGE('',*,*,#1086,.F.);
#1406=ORIENTED_EDGE('',*,*,#1084,.F.);
#1407=ORIENTED_EDGE('',*,*,#1087,.F.);
#1408=ORIENTED_EDGE('',*,*,#1087,.T.);
#1409=ORIENTED_EDGE('',*,*,#1083,.F.);
#1410=ORIENTED_EDGE('',*,*,#1080,.T.);
#1411=ORIENTED_EDGE('',*,*,#1077,.F.);
#1412=ORIENTED_EDGE('',*,*,#1088,.F.);
#1413=ORIENTED_EDGE('',*,*,#1052,.T.);
#1414=ORIENTED_EDGE('',*,*,#1069,.T.);
#1415=ORIENTED_EDGE('',*,*,#1065,.F.);
#1416=ORIENTED_EDGE('',*,*,#1062,.T.);
#1417=ORIENTED_EDGE('',*,*,#1059,.F.);
#1418=ORIENTED_EDGE('',*,*,#1089,.F.);
#1419=ORIENTED_EDGE('',*,*,#1090,.T.);
#1420=ORIENTED_EDGE('',*,*,#1091,.T.);
#1421=ORIENTED_EDGE('',*,*,#1092,.T.);
#1422=ORIENTED_EDGE('',*,*,#1093,.T.);
#1423=ORIENTED_EDGE('',*,*,#1094,.T.);
#1424=ORIENTED_EDGE('',*,*,#1095,.F.);
#1425=ORIENTED_EDGE('',*,*,#1070,.T.);
#1426=ORIENTED_EDGE('',*,*,#1096,.T.);
#1427=ORIENTED_EDGE('',*,*,#1097,.T.);
#1428=ORIENTED_EDGE('',*,*,#1098,.T.);
#1429=ORIENTED_EDGE('',*,*,#1099,.T.);
#1430=ORIENTED_EDGE('',*,*,#1038,.T.);
#1431=ORIENTED_EDGE('',*,*,#1034,.F.);
#1432=ORIENTED_EDGE('',*,*,#1051,.T.);
#1433=ORIENTED_EDGE('',*,*,#1047,.F.);
#1434=ORIENTED_EDGE('',*,*,#1100,.F.);
#1435=ORIENTED_EDGE('',*,*,#1016,.T.);
#1436=ORIENTED_EDGE('',*,*,#1033,.T.);
#1437=ORIENTED_EDGE('',*,*,#1029,.F.);
#1438=ORIENTED_EDGE('',*,*,#1026,.T.);
#1439=ORIENTED_EDGE('',*,*,#1023,.F.);
#1440=ORIENTED_EDGE('',*,*,#1101,.F.);
#1441=ORIENTED_EDGE('',*,*,#1102,.T.);
#1442=ORIENTED_EDGE('',*,*,#1103,.T.);
#1443=ORIENTED_EDGE('',*,*,#1104,.T.);
#1444=ORIENTED_EDGE('',*,*,#1105,.T.);
#1445=ORIENTED_EDGE('',*,*,#1106,.T.);
#1446=ORIENTED_EDGE('',*,*,#1107,.F.);
#1447=ORIENTED_EDGE('',*,*,#1041,.T.);
#1448=ORIENTED_EDGE('',*,*,#1108,.T.);
#1449=ORIENTED_EDGE('',*,*,#1109,.T.);
#1450=ORIENTED_EDGE('',*,*,#1110,.T.);
#1451=ORIENTED_EDGE('',*,*,#1111,.T.);
#1452=ORIENTED_EDGE('',*,*,#1112,.T.);
#1453=ORIENTED_EDGE('',*,*,#1113,.T.);
#1454=ORIENTED_EDGE('',*,*,#1114,.F.);
#1455=ORIENTED_EDGE('',*,*,#1115,.F.);
#1456=ORIENTED_EDGE('',*,*,#1116,.T.);
#1457=ORIENTED_EDGE('',*,*,#1115,.T.);
#1458=ORIENTED_EDGE('',*,*,#1117,.F.);
#1459=ORIENTED_EDGE('',*,*,#1118,.F.);
#1460=ORIENTED_EDGE('',*,*,#1119,.T.);
#1461=ORIENTED_EDGE('',*,*,#1118,.T.);
#1462=ORIENTED_EDGE('',*,*,#1120,.F.);
#1463=ORIENTED_EDGE('',*,*,#1121,.F.);
#1464=ORIENTED_EDGE('',*,*,#1122,.T.);
#1465=ORIENTED_EDGE('',*,*,#1121,.T.);
#1466=ORIENTED_EDGE('',*,*,#1123,.F.);
#1467=ORIENTED_EDGE('',*,*,#1113,.F.);
#1468=ORIENTED_EDGE('',*,*,#1124,.F.);
#1469=ORIENTED_EDGE('',*,*,#1125,.T.);
#1470=ORIENTED_EDGE('',*,*,#1126,.F.);
#1471=ORIENTED_EDGE('',*,*,#1127,.F.);
#1472=ORIENTED_EDGE('',*,*,#1128,.F.);
#1473=ORIENTED_EDGE('',*,*,#1127,.T.);
#1474=ORIENTED_EDGE('',*,*,#1129,.F.);
#1475=ORIENTED_EDGE('',*,*,#1130,.F.);
#1476=ORIENTED_EDGE('',*,*,#1131,.T.);
#1477=ORIENTED_EDGE('',*,*,#1130,.T.);
#1478=ORIENTED_EDGE('',*,*,#1132,.F.);
#1479=ORIENTED_EDGE('',*,*,#1133,.F.);
#1480=ORIENTED_EDGE('',*,*,#1134,.F.);
#1481=ORIENTED_EDGE('',*,*,#1135,.T.);
#1482=ORIENTED_EDGE('',*,*,#1136,.F.);
#1483=ORIENTED_EDGE('',*,*,#1137,.F.);
#1484=ORIENTED_EDGE('',*,*,#1138,.T.);
#1485=ORIENTED_EDGE('',*,*,#1137,.T.);
#1486=ORIENTED_EDGE('',*,*,#1139,.F.);
#1487=ORIENTED_EDGE('',*,*,#1140,.F.);
#1488=ORIENTED_EDGE('',*,*,#1141,.F.);
#1489=ORIENTED_EDGE('',*,*,#1140,.T.);
#1490=ORIENTED_EDGE('',*,*,#1142,.F.);
#1491=ORIENTED_EDGE('',*,*,#1143,.F.);
#1492=ORIENTED_EDGE('',*,*,#1144,.F.);
#1493=ORIENTED_EDGE('',*,*,#1143,.T.);
#1494=ORIENTED_EDGE('',*,*,#1145,.F.);
#1495=ORIENTED_EDGE('',*,*,#1146,.F.);
#1496=ORIENTED_EDGE('',*,*,#1147,.F.);
#1497=ORIENTED_EDGE('',*,*,#1146,.T.);
#1498=ORIENTED_EDGE('',*,*,#1148,.F.);
#1499=ORIENTED_EDGE('',*,*,#1149,.F.);
#1500=ORIENTED_EDGE('',*,*,#1150,.T.);
#1501=ORIENTED_EDGE('',*,*,#1151,.T.);
#1502=ORIENTED_EDGE('',*,*,#1152,.F.);
#1503=ORIENTED_EDGE('',*,*,#1153,.F.);
#1504=ORIENTED_EDGE('',*,*,#1154,.T.);
#1505=ORIENTED_EDGE('',*,*,#1153,.T.);
#1506=ORIENTED_EDGE('',*,*,#1155,.F.);
#1507=ORIENTED_EDGE('',*,*,#1156,.F.);
#1508=ORIENTED_EDGE('',*,*,#1157,.T.);
#1509=ORIENTED_EDGE('',*,*,#1156,.T.);
#1510=ORIENTED_EDGE('',*,*,#1158,.F.);
#1511=ORIENTED_EDGE('',*,*,#1159,.F.);
#1512=ORIENTED_EDGE('',*,*,#1160,.F.);
#1513=ORIENTED_EDGE('',*,*,#1161,.T.);
#1514=ORIENTED_EDGE('',*,*,#1162,.F.);
#1515=ORIENTED_EDGE('',*,*,#1163,.F.);
#1516=ORIENTED_EDGE('',*,*,#1164,.F.);
#1517=ORIENTED_EDGE('',*,*,#1163,.T.);
#1518=ORIENTED_EDGE('',*,*,#1165,.F.);
#1519=ORIENTED_EDGE('',*,*,#1166,.F.);
#1520=ORIENTED_EDGE('',*,*,#1167,.T.);
#1521=ORIENTED_EDGE('',*,*,#1166,.T.);
#1522=ORIENTED_EDGE('',*,*,#1168,.F.);
#1523=ORIENTED_EDGE('',*,*,#1169,.F.);
#1524=ORIENTED_EDGE('',*,*,#1170,.T.);
#1525=ORIENTED_EDGE('',*,*,#1169,.T.);
#1526=ORIENTED_EDGE('',*,*,#1171,.F.);
#1527=ORIENTED_EDGE('',*,*,#1172,.F.);
#1528=ORIENTED_EDGE('',*,*,#1173,.T.);
#1529=ORIENTED_EDGE('',*,*,#1172,.T.);
#1530=ORIENTED_EDGE('',*,*,#1174,.F.);
#1531=ORIENTED_EDGE('',*,*,#1175,.F.);
#1532=ORIENTED_EDGE('',*,*,#1174,.T.);
#1533=ORIENTED_EDGE('',*,*,#1171,.T.);
#1534=ORIENTED_EDGE('',*,*,#1168,.T.);
#1535=ORIENTED_EDGE('',*,*,#1165,.T.);
#1536=ORIENTED_EDGE('',*,*,#1162,.T.);
#1537=ORIENTED_EDGE('',*,*,#1176,.F.);
#1538=ORIENTED_EDGE('',*,*,#1158,.T.);
#1539=ORIENTED_EDGE('',*,*,#1155,.T.);
#1540=ORIENTED_EDGE('',*,*,#1152,.T.);
#1541=ORIENTED_EDGE('',*,*,#1177,.F.);
#1542=ORIENTED_EDGE('',*,*,#1178,.F.);
#1543=ORIENTED_EDGE('',*,*,#1148,.T.);
#1544=ORIENTED_EDGE('',*,*,#1145,.T.);
#1545=ORIENTED_EDGE('',*,*,#1142,.T.);
#1546=ORIENTED_EDGE('',*,*,#1139,.T.);
#1547=ORIENTED_EDGE('',*,*,#1136,.T.);
#1548=ORIENTED_EDGE('',*,*,#1179,.F.);
#1549=ORIENTED_EDGE('',*,*,#1180,.F.);
#1550=ORIENTED_EDGE('',*,*,#1132,.T.);
#1551=ORIENTED_EDGE('',*,*,#1129,.T.);
#1552=ORIENTED_EDGE('',*,*,#1126,.T.);
#1553=ORIENTED_EDGE('',*,*,#1181,.F.);
#1554=ORIENTED_EDGE('',*,*,#1123,.T.);
#1555=ORIENTED_EDGE('',*,*,#1120,.T.);
#1556=ORIENTED_EDGE('',*,*,#1117,.T.);
#1557=ORIENTED_EDGE('',*,*,#1114,.T.);
#1558=ORIENTED_EDGE('',*,*,#1173,.F.);
#1559=ORIENTED_EDGE('',*,*,#1182,.F.);
#1560=ORIENTED_EDGE('',*,*,#1124,.T.);
#1561=ORIENTED_EDGE('',*,*,#1128,.T.);
#1562=ORIENTED_EDGE('',*,*,#1131,.F.);
#1563=ORIENTED_EDGE('',*,*,#1183,.F.);
#1564=ORIENTED_EDGE('',*,*,#1184,.F.);
#1565=ORIENTED_EDGE('',*,*,#1134,.T.);
#1566=ORIENTED_EDGE('',*,*,#1138,.F.);
#1567=ORIENTED_EDGE('',*,*,#1141,.T.);
#1568=ORIENTED_EDGE('',*,*,#1144,.T.);
#1569=ORIENTED_EDGE('',*,*,#1147,.T.);
#1570=ORIENTED_EDGE('',*,*,#1185,.F.);
#1571=ORIENTED_EDGE('',*,*,#1186,.F.);
#1572=ORIENTED_EDGE('',*,*,#1150,.F.);
#1573=ORIENTED_EDGE('',*,*,#1154,.F.);
#1574=ORIENTED_EDGE('',*,*,#1157,.F.);
#1575=ORIENTED_EDGE('',*,*,#1187,.F.);
#1576=ORIENTED_EDGE('',*,*,#1160,.T.);
#1577=ORIENTED_EDGE('',*,*,#1164,.T.);
#1578=ORIENTED_EDGE('',*,*,#1167,.F.);
#1579=ORIENTED_EDGE('',*,*,#1170,.F.);
#1580=ORIENTED_EDGE('',*,*,#1122,.F.);
#1581=ORIENTED_EDGE('',*,*,#1112,.F.);
#1582=ORIENTED_EDGE('',*,*,#1116,.F.);
#1583=ORIENTED_EDGE('',*,*,#1119,.F.);
#1584=ORIENTED_EDGE('',*,*,#1188,.F.);
#1585=ORIENTED_EDGE('',*,*,#1189,.T.);
#1586=ORIENTED_EDGE('',*,*,#1179,.T.);
#1587=ORIENTED_EDGE('',*,*,#1135,.F.);
#1588=ORIENTED_EDGE('',*,*,#1184,.T.);
#1589=ORIENTED_EDGE('',*,*,#1190,.T.);
#1590=ORIENTED_EDGE('',*,*,#1108,.F.);
#1591=ORIENTED_EDGE('',*,*,#1190,.F.);
#1592=ORIENTED_EDGE('',*,*,#1183,.T.);
#1593=ORIENTED_EDGE('',*,*,#1133,.T.);
#1594=ORIENTED_EDGE('',*,*,#1180,.T.);
#1595=ORIENTED_EDGE('',*,*,#1189,.F.);
#1596=ORIENTED_EDGE('',*,*,#1191,.F.);
#1597=ORIENTED_EDGE('',*,*,#1192,.T.);
#1598=ORIENTED_EDGE('',*,*,#1177,.T.);
#1599=ORIENTED_EDGE('',*,*,#1151,.F.);
#1600=ORIENTED_EDGE('',*,*,#1186,.T.);
#1601=ORIENTED_EDGE('',*,*,#1193,.T.);
#1602=ORIENTED_EDGE('',*,*,#1111,.F.);
#1603=ORIENTED_EDGE('',*,*,#1193,.F.);
#1604=ORIENTED_EDGE('',*,*,#1185,.T.);
#1605=ORIENTED_EDGE('',*,*,#1149,.T.);
#1606=ORIENTED_EDGE('',*,*,#1178,.T.);
#1607=ORIENTED_EDGE('',*,*,#1192,.F.);
#1608=ORIENTED_EDGE('',*,*,#1194,.F.);
#1609=ORIENTED_EDGE('',*,*,#1195,.T.);
#1610=ORIENTED_EDGE('',*,*,#1096,.F.);
#1611=ORIENTED_EDGE('',*,*,#1195,.F.);
#1612=ORIENTED_EDGE('',*,*,#1161,.F.);
#1613=ORIENTED_EDGE('',*,*,#1187,.T.);
#1614=ORIENTED_EDGE('',*,*,#1159,.T.);
#1615=ORIENTED_EDGE('',*,*,#1176,.T.);
#1616=ORIENTED_EDGE('',*,*,#1191,.T.);
#1617=ORIENTED_EDGE('',*,*,#1196,.T.);
#1618=ORIENTED_EDGE('',*,*,#1194,.T.);
#1619=ORIENTED_EDGE('',*,*,#1197,.T.);
#1620=ORIENTED_EDGE('',*,*,#1198,.F.);
#1621=ORIENTED_EDGE('',*,*,#1199,.T.);
#1622=ORIENTED_EDGE('',*,*,#1097,.F.);
#1623=ORIENTED_EDGE('',*,*,#1199,.F.);
#1624=ORIENTED_EDGE('',*,*,#1175,.T.);
#1625=ORIENTED_EDGE('',*,*,#1181,.T.);
#1626=ORIENTED_EDGE('',*,*,#1125,.F.);
#1627=ORIENTED_EDGE('',*,*,#1182,.T.);
#1628=ORIENTED_EDGE('',*,*,#1198,.T.);
#1629=ORIENTED_EDGE('',*,*,#1200,.T.);
#1630=ORIENTED_EDGE('',*,*,#1188,.T.);
#1631=ORIENTED_EDGE('',*,*,#1201,.T.);
#1632=ORIENTED_EDGE('',*,*,#1202,.T.);
#1633=ORIENTED_EDGE('',*,*,#1203,.T.);
#1634=ORIENTED_EDGE('',*,*,#1091,.F.);
#1635=ORIENTED_EDGE('',*,*,#1204,.F.);
#1636=ORIENTED_EDGE('',*,*,#1205,.T.);
#1637=ORIENTED_EDGE('',*,*,#1206,.T.);
#1638=ORIENTED_EDGE('',*,*,#1092,.F.);
#1639=ORIENTED_EDGE('',*,*,#1203,.F.);
#1640=ORIENTED_EDGE('',*,*,#1207,.T.);
#1641=ORIENTED_EDGE('',*,*,#1208,.T.);
#1642=ORIENTED_EDGE('',*,*,#1093,.F.);
#1643=ORIENTED_EDGE('',*,*,#1206,.F.);
#1644=ORIENTED_EDGE('',*,*,#1209,.T.);
#1645=ORIENTED_EDGE('',*,*,#1210,.F.);
#1646=ORIENTED_EDGE('',*,*,#1094,.F.);
#1647=ORIENTED_EDGE('',*,*,#1208,.F.);
#1648=ORIENTED_EDGE('',*,*,#1211,.F.);
#1649=ORIENTED_EDGE('',*,*,#1204,.T.);
#1650=ORIENTED_EDGE('',*,*,#1090,.F.);
#1651=ORIENTED_EDGE('',*,*,#1212,.F.);
#1652=ORIENTED_EDGE('',*,*,#1099,.F.);
#1653=ORIENTED_EDGE('',*,*,#1213,.T.);
#1654=ORIENTED_EDGE('',*,*,#1214,.T.);
#1655=ORIENTED_EDGE('',*,*,#1213,.F.);
#1656=ORIENTED_EDGE('',*,*,#1098,.F.);
#1657=ORIENTED_EDGE('',*,*,#1215,.T.);
#1658=ORIENTED_EDGE('',*,*,#1216,.T.);
#1659=ORIENTED_EDGE('',*,*,#1215,.F.);
#1660=ORIENTED_EDGE('',*,*,#1217,.T.);
#1661=ORIENTED_EDGE('',*,*,#1218,.T.);
#1662=ORIENTED_EDGE('',*,*,#1105,.F.);
#1663=ORIENTED_EDGE('',*,*,#1219,.F.);
#1664=ORIENTED_EDGE('',*,*,#1220,.F.);
#1665=ORIENTED_EDGE('',*,*,#1221,.F.);
#1666=ORIENTED_EDGE('',*,*,#1106,.F.);
#1667=ORIENTED_EDGE('',*,*,#1218,.F.);
#1668=ORIENTED_EDGE('',*,*,#1222,.F.);
#1669=ORIENTED_EDGE('',*,*,#1223,.T.);
#1670=ORIENTED_EDGE('',*,*,#1102,.F.);
#1671=ORIENTED_EDGE('',*,*,#1224,.F.);
#1672=ORIENTED_EDGE('',*,*,#1225,.T.);
#1673=ORIENTED_EDGE('',*,*,#1226,.T.);
#1674=ORIENTED_EDGE('',*,*,#1103,.F.);
#1675=ORIENTED_EDGE('',*,*,#1223,.F.);
#1676=ORIENTED_EDGE('',*,*,#1227,.F.);
#1677=ORIENTED_EDGE('',*,*,#1219,.T.);
#1678=ORIENTED_EDGE('',*,*,#1104,.F.);
#1679=ORIENTED_EDGE('',*,*,#1226,.F.);
#1680=ORIENTED_EDGE('',*,*,#1110,.F.);
#1681=ORIENTED_EDGE('',*,*,#1228,.T.);
#1682=ORIENTED_EDGE('',*,*,#1229,.T.);
#1683=ORIENTED_EDGE('',*,*,#1228,.F.);
#1684=ORIENTED_EDGE('',*,*,#1109,.F.);
#1685=ORIENTED_EDGE('',*,*,#1230,.T.);
#1686=ORIENTED_EDGE('',*,*,#1231,.T.);
#1687=ORIENTED_EDGE('',*,*,#1230,.F.);
#1688=ORIENTED_EDGE('',*,*,#1229,.F.);
#1689=ORIENTED_EDGE('',*,*,#1232,.T.);
#1690=ORIENTED_EDGE('',*,*,#1232,.F.);
#1691=ORIENTED_EDGE('',*,*,#1233,.T.);
#1692=ORIENTED_EDGE('',*,*,#1234,.T.);
#1693=ORIENTED_EDGE('',*,*,#1233,.F.);
#1694=ORIENTED_EDGE('',*,*,#1216,.F.);
#1695=ORIENTED_EDGE('',*,*,#1235,.T.);
#1696=ORIENTED_EDGE('',*,*,#1235,.F.);
#1697=ORIENTED_EDGE('',*,*,#1236,.T.);
#1698=ORIENTED_EDGE('',*,*,#1237,.T.);
#1699=ORIENTED_EDGE('',*,*,#1236,.F.);
#1700=ORIENTED_EDGE('',*,*,#1214,.F.);
#1701=ORIENTED_EDGE('',*,*,#1238,.T.);
#1702=ORIENTED_EDGE('',*,*,#1238,.F.);
#1703=ORIENTED_EDGE('',*,*,#1239,.T.);
#1704=ORIENTED_EDGE('',*,*,#1240,.T.);
#1705=ORIENTED_EDGE('',*,*,#1239,.F.);
#1706=ORIENTED_EDGE('',*,*,#1196,.F.);
#1707=ORIENTED_EDGE('',*,*,#1241,.T.);
#1708=ORIENTED_EDGE('',*,*,#1242,.T.);
#1709=ORIENTED_EDGE('',*,*,#1241,.F.);
#1710=ORIENTED_EDGE('',*,*,#1231,.F.);
#1711=ORIENTED_EDGE('',*,*,#1243,.T.);
#1712=ORIENTED_EDGE('',*,*,#1243,.F.);
#1713=ORIENTED_EDGE('',*,*,#1244,.T.);
#1714=ORIENTED_EDGE('',*,*,#1245,.T.);
#1715=ORIENTED_EDGE('',*,*,#1244,.F.);
#1716=ORIENTED_EDGE('',*,*,#1200,.F.);
#1717=ORIENTED_EDGE('',*,*,#1246,.T.);
#1718=ORIENTED_EDGE('',*,*,#1247,.T.);
#1719=ORIENTED_EDGE('',*,*,#1246,.F.);
#1720=ORIENTED_EDGE('',*,*,#1197,.F.);
#1721=ORIENTED_EDGE('',*,*,#1248,.T.);
#1722=ORIENTED_EDGE('',*,*,#1249,.T.);
#1723=ORIENTED_EDGE('',*,*,#1248,.F.);
#1724=ORIENTED_EDGE('',*,*,#1201,.F.);
#1725=ORIENTED_EDGE('',*,*,#1250,.T.);
#1726=ORIENTED_EDGE('',*,*,#1251,.T.);
#1727=ORIENTED_EDGE('',*,*,#1250,.F.);
#1728=ORIENTED_EDGE('',*,*,#1209,.F.);
#1729=ORIENTED_EDGE('',*,*,#1207,.F.);
#1730=ORIENTED_EDGE('',*,*,#1205,.F.);
#1731=ORIENTED_EDGE('',*,*,#1202,.F.);
#1732=ORIENTED_EDGE('',*,*,#1211,.T.);
#1733=ORIENTED_EDGE('',*,*,#1252,.T.);
#1734=ORIENTED_EDGE('',*,*,#1253,.F.);
#1735=ORIENTED_EDGE('',*,*,#1220,.T.);
#1736=ORIENTED_EDGE('',*,*,#1217,.F.);
#1737=ORIENTED_EDGE('',*,*,#1227,.T.);
#1738=ORIENTED_EDGE('',*,*,#1225,.F.);
#1739=ORIENTED_EDGE('',*,*,#1222,.T.);
#1740=ORIENTED_EDGE('',*,*,#1254,.T.);
#1741=ORIENTED_EDGE('',*,*,#1255,.F.);
#1742=ORIENTED_EDGE('',*,*,#1249,.F.);
#1743=ORIENTED_EDGE('',*,*,#1247,.F.);
#1744=ORIENTED_EDGE('',*,*,#1240,.F.);
#1745=ORIENTED_EDGE('',*,*,#1237,.F.);
#1746=ORIENTED_EDGE('',*,*,#1234,.F.);
#1747=ORIENTED_EDGE('',*,*,#1242,.F.);
#1748=ORIENTED_EDGE('',*,*,#1245,.F.);
#1749=ORIENTED_EDGE('',*,*,#1251,.F.);
#1750=ORIENTED_EDGE('',*,*,#1028,.T.);
#1751=ORIENTED_EDGE('',*,*,#1031,.F.);
#1752=ORIENTED_EDGE('',*,*,#1032,.T.);
#1753=ORIENTED_EDGE('',*,*,#1018,.F.);
#1754=ORIENTED_EDGE('',*,*,#1022,.T.);
#1755=ORIENTED_EDGE('',*,*,#1025,.F.);
#1756=ORIENTED_EDGE('',*,*,#1058,.T.);
#1757=ORIENTED_EDGE('',*,*,#1061,.F.);
#1758=ORIENTED_EDGE('',*,*,#1064,.T.);
#1759=ORIENTED_EDGE('',*,*,#1067,.F.);
#1760=ORIENTED_EDGE('',*,*,#1068,.T.);
#1761=ORIENTED_EDGE('',*,*,#1054,.F.);
#1762=ORIENTED_EDGE('',*,*,#1076,.T.);
#1763=ORIENTED_EDGE('',*,*,#1079,.F.);
#1764=ORIENTED_EDGE('',*,*,#1082,.T.);
#1765=ORIENTED_EDGE('',*,*,#1085,.F.);
#1766=ORIENTED_EDGE('',*,*,#1086,.T.);
#1767=ORIENTED_EDGE('',*,*,#1072,.F.);
#1768=ORIENTED_EDGE('',*,*,#1046,.T.);
#1769=ORIENTED_EDGE('',*,*,#1049,.F.);
#1770=ORIENTED_EDGE('',*,*,#1050,.T.);
#1771=ORIENTED_EDGE('',*,*,#1036,.F.);
#1772=ORIENTED_EDGE('',*,*,#1040,.T.);
#1773=ORIENTED_EDGE('',*,*,#1043,.F.);
#1774=ORIENTED_EDGE('',*,*,#1256,.F.);
#1775=ORIENTED_EDGE('',*,*,#1257,.T.);
#1776=ORIENTED_EDGE('',*,*,#1258,.T.);
#1777=ORIENTED_EDGE('',*,*,#1259,.T.);
#1778=ORIENTED_EDGE('',*,*,#1101,.T.);
#1779=ORIENTED_EDGE('',*,*,#1020,.T.);
#1780=ORIENTED_EDGE('',*,*,#1100,.T.);
#1781=ORIENTED_EDGE('',*,*,#1044,.T.);
#1782=ORIENTED_EDGE('',*,*,#1107,.T.);
#1783=ORIENTED_EDGE('',*,*,#1260,.T.);
#1784=ORIENTED_EDGE('',*,*,#1261,.T.);
#1785=ORIENTED_EDGE('',*,*,#1262,.T.);
#1786=ORIENTED_EDGE('',*,*,#1263,.F.);
#1787=ORIENTED_EDGE('',*,*,#1262,.F.);
#1788=ORIENTED_EDGE('',*,*,#1089,.T.);
#1789=ORIENTED_EDGE('',*,*,#1056,.T.);
#1790=ORIENTED_EDGE('',*,*,#1088,.T.);
#1791=ORIENTED_EDGE('',*,*,#1074,.T.);
#1792=ORIENTED_EDGE('',*,*,#1095,.T.);
#1793=ORIENTED_EDGE('',*,*,#1257,.F.);
#1794=ORIENTED_EDGE('',*,*,#1260,.F.);
#1795=ORIENTED_EDGE('',*,*,#1221,.T.);
#1796=ORIENTED_EDGE('',*,*,#1253,.T.);
#1797=ORIENTED_EDGE('',*,*,#1259,.F.);
#1798=ORIENTED_EDGE('',*,*,#1254,.F.);
#1799=ORIENTED_EDGE('',*,*,#1224,.T.);
#1800=ORIENTED_EDGE('',*,*,#1258,.F.);
#1801=ORIENTED_EDGE('',*,*,#1210,.T.);
#1802=ORIENTED_EDGE('',*,*,#1255,.T.);
#1803=ORIENTED_EDGE('',*,*,#1261,.F.);
#1804=ORIENTED_EDGE('',*,*,#1252,.F.);
#1805=ORIENTED_EDGE('',*,*,#1212,.T.);
#1806=ORIENTED_EDGE('',*,*,#1263,.T.);
#1807=ORIENTED_EDGE('',*,*,#1264,.T.);
#1808=ORIENTED_EDGE('',*,*,#1265,.T.);
#1809=ORIENTED_EDGE('',*,*,#1266,.T.);
#1810=ORIENTED_EDGE('',*,*,#1267,.T.);
#1811=ORIENTED_EDGE('',*,*,#1268,.T.);
#1812=ORIENTED_EDGE('',*,*,#1269,.T.);
#1813=ORIENTED_EDGE('',*,*,#1270,.T.);
#1814=ORIENTED_EDGE('',*,*,#1271,.F.);
#1815=ORIENTED_EDGE('',*,*,#1272,.F.);
#1816=ORIENTED_EDGE('',*,*,#1273,.F.);
#1817=ORIENTED_EDGE('',*,*,#1268,.F.);
#1818=ORIENTED_EDGE('',*,*,#1274,.T.);
#1819=ORIENTED_EDGE('',*,*,#1275,.T.);
#1820=ORIENTED_EDGE('',*,*,#1276,.T.);
#1821=ORIENTED_EDGE('',*,*,#1277,.F.);
#1822=ORIENTED_EDGE('',*,*,#1269,.F.);
#1823=ORIENTED_EDGE('',*,*,#1273,.T.);
#1824=ORIENTED_EDGE('',*,*,#1278,.F.);
#1825=ORIENTED_EDGE('',*,*,#1276,.F.);
#1826=ORIENTED_EDGE('',*,*,#1279,.T.);
#1827=ORIENTED_EDGE('',*,*,#1264,.F.);
#1828=ORIENTED_EDGE('',*,*,#1280,.F.);
#1829=ORIENTED_EDGE('',*,*,#1274,.F.);
#1830=ORIENTED_EDGE('',*,*,#1271,.T.);
#1831=ORIENTED_EDGE('',*,*,#1281,.T.);
#1832=ORIENTED_EDGE('',*,*,#1282,.F.);
#1833=ORIENTED_EDGE('',*,*,#1267,.F.);
#1834=ORIENTED_EDGE('',*,*,#1283,.T.);
#1835=ORIENTED_EDGE('',*,*,#1281,.F.);
#1836=ORIENTED_EDGE('',*,*,#1270,.F.);
#1837=ORIENTED_EDGE('',*,*,#1277,.T.);
#1838=ORIENTED_EDGE('',*,*,#1278,.T.);
#1839=ORIENTED_EDGE('',*,*,#1265,.F.);
#1840=ORIENTED_EDGE('',*,*,#1279,.F.);
#1841=ORIENTED_EDGE('',*,*,#1275,.F.);
#1842=ORIENTED_EDGE('',*,*,#1272,.T.);
#1843=ORIENTED_EDGE('',*,*,#1280,.T.);
#1844=ORIENTED_EDGE('',*,*,#1284,.F.);
#1845=ORIENTED_EDGE('',*,*,#1283,.F.);
#1846=ORIENTED_EDGE('',*,*,#1266,.F.);
#1847=ORIENTED_EDGE('',*,*,#1284,.T.);
#1848=ORIENTED_EDGE('',*,*,#1282,.T.);
#1849=ORIENTED_EDGE('',*,*,#1256,.T.);
#1850=ORIENTED_EDGE('',*,*,#1285,.T.);
#1851=ORIENTED_EDGE('',*,*,#1286,.T.);
#1852=ORIENTED_EDGE('',*,*,#1287,.T.);
#1853=ORIENTED_EDGE('',*,*,#1288,.T.);
#1854=ORIENTED_EDGE('',*,*,#1289,.F.);
#1855=ORIENTED_EDGE('',*,*,#1290,.T.);
#1856=ORIENTED_EDGE('',*,*,#1291,.F.);
#1857=ORIENTED_EDGE('',*,*,#1292,.F.);
#1858=ORIENTED_EDGE('',*,*,#1293,.T.);
#1859=ORIENTED_EDGE('',*,*,#1294,.F.);
#1860=ORIENTED_EDGE('',*,*,#1289,.T.);
#1861=ORIENTED_EDGE('',*,*,#1295,.T.);
#1862=ORIENTED_EDGE('',*,*,#1296,.F.);
#1863=ORIENTED_EDGE('',*,*,#1295,.F.);
#1864=ORIENTED_EDGE('',*,*,#1292,.T.);
#1865=ORIENTED_EDGE('',*,*,#1297,.T.);
#1866=ORIENTED_EDGE('',*,*,#1298,.F.);
#1867=ORIENTED_EDGE('',*,*,#1299,.T.);
#1868=ORIENTED_EDGE('',*,*,#1285,.F.);
#1869=ORIENTED_EDGE('',*,*,#1300,.F.);
#1870=ORIENTED_EDGE('',*,*,#1298,.T.);
#1871=ORIENTED_EDGE('',*,*,#1301,.T.);
#1872=ORIENTED_EDGE('',*,*,#1302,.T.);
#1873=ORIENTED_EDGE('',*,*,#1303,.F.);
#1874=ORIENTED_EDGE('',*,*,#1290,.F.);
#1875=ORIENTED_EDGE('',*,*,#1294,.T.);
#1876=ORIENTED_EDGE('',*,*,#1286,.F.);
#1877=ORIENTED_EDGE('',*,*,#1299,.F.);
#1878=ORIENTED_EDGE('',*,*,#1297,.F.);
#1879=ORIENTED_EDGE('',*,*,#1291,.T.);
#1880=ORIENTED_EDGE('',*,*,#1303,.T.);
#1881=ORIENTED_EDGE('',*,*,#1304,.F.);
#1882=ORIENTED_EDGE('',*,*,#1288,.F.);
#1883=ORIENTED_EDGE('',*,*,#1305,.T.);
#1884=ORIENTED_EDGE('',*,*,#1301,.F.);
#1885=ORIENTED_EDGE('',*,*,#1293,.F.);
#1886=ORIENTED_EDGE('',*,*,#1296,.T.);
#1887=ORIENTED_EDGE('',*,*,#1300,.T.);
#1888=ORIENTED_EDGE('',*,*,#1304,.T.);
#1889=ORIENTED_EDGE('',*,*,#1302,.F.);
#1890=ORIENTED_EDGE('',*,*,#1305,.F.);
#1891=ORIENTED_EDGE('',*,*,#1287,.F.);
#1892=PLANE('',#2084);
#1893=PLANE('',#2086);
#1894=PLANE('',#2092);
#1895=PLANE('',#2096);
#1896=PLANE('',#2100);
#1897=PLANE('',#2104);
#1898=PLANE('',#2108);
#1899=PLANE('',#2112);
#1900=PLANE('',#2116);
#1901=PLANE('',#2120);
#1902=PLANE('',#2124);
#1903=PLANE('',#2128);
#1904=PLANE('',#2132);
#1905=PLANE('',#2136);
#1906=PLANE('',#2137);
#1907=PLANE('',#2144);
#1908=PLANE('',#2151);
#1909=PLANE('',#2152);
#1910=PLANE('',#2153);
#1911=PLANE('',#2154);
#1912=PLANE('',#2155);
#1913=PLANE('',#2156);
#1914=PLANE('',#2157);
#1915=PLANE('',#2158);
#1916=PLANE('',#2159);
#1917=PLANE('',#2160);
#1918=PLANE('',#2161);
#1919=PLANE('',#2162);
#1920=PLANE('',#2163);
#1921=PLANE('',#2164);
#1922=PLANE('',#2165);
#1923=PLANE('',#2166);
#1924=PLANE('',#2167);
#1925=PLANE('',#2168);
#1926=PLANE('',#2169);
#1927=PLANE('',#2170);
#1928=PLANE('',#2171);
#1929=PLANE('',#2178);
#1930=PLANE('',#2191);
#1931=PLANE('',#2193);
#1932=PLANE('',#2197);
#1933=PLANE('',#2199);
#1934=PLANE('',#2203);
#1935=PLANE('',#2206);
#1936=PLANE('',#2207);
#1937=PLANE('',#2214);
#1938=PLANE('',#2215);
#1939=PLANE('',#2218);
#1940=PLANE('',#2223);
#1941=PLANE('',#2227);
#1942=PLANE('',#2231);
#1943=PLANE('',#2237);
#1944=PLANE('',#2247);
#1945=PLANE('',#2255);
#1946=PLANE('',#2256);
#1947=PLANE('',#2257);
#1948=PLANE('',#2258);
#1949=PLANE('',#2259);
#1950=PLANE('',#2267);
#1951=PLANE('',#2271);
#1952=PLANE('',#2272);
#1953=PLANE('',#2274);
#1954=PLANE('',#2277);
#1955=PLANE('',#2285);
#1956=PLANE('',#2289);
#1957=PLANE('',#2290);
#1958=PLANE('',#2292);
#1959=ADVANCED_FACE('',(#469),#1892,.T.);
#1960=ADVANCED_FACE('',(#470),#1893,.F.);
#1961=ADVANCED_FACE('',(#471),#431,.F.);
#1962=ADVANCED_FACE('',(#472),#432,.F.);
#1963=ADVANCED_FACE('',(#473),#1894,.F.);
#1964=ADVANCED_FACE('',(#474),#433,.F.);
#1965=ADVANCED_FACE('',(#475),#1895,.F.);
#1966=ADVANCED_FACE('',(#476),#434,.F.);
#1967=ADVANCED_FACE('',(#477),#1896,.F.);
#1968=ADVANCED_FACE('',(#478),#435,.F.);
#1969=ADVANCED_FACE('',(#479),#1897,.F.);
#1970=ADVANCED_FACE('',(#480),#436,.F.);
#1971=ADVANCED_FACE('',(#481),#1898,.F.);
#1972=ADVANCED_FACE('',(#482),#437,.F.);
#1973=ADVANCED_FACE('',(#483),#1899,.F.);
#1974=ADVANCED_FACE('',(#484),#438,.F.);
#1975=ADVANCED_FACE('',(#485),#1900,.F.);
#1976=ADVANCED_FACE('',(#486),#439,.F.);
#1977=ADVANCED_FACE('',(#487),#1901,.F.);
#1978=ADVANCED_FACE('',(#488),#440,.F.);
#1979=ADVANCED_FACE('',(#489),#1902,.F.);
#1980=ADVANCED_FACE('',(#490),#441,.F.);
#1981=ADVANCED_FACE('',(#491),#1903,.F.);
#1982=ADVANCED_FACE('',(#492),#442,.F.);
#1983=ADVANCED_FACE('',(#493),#1904,.F.);
#1984=ADVANCED_FACE('',(#494),#443,.F.);
#1985=ADVANCED_FACE('',(#495),#1905,.F.);
#1986=ADVANCED_FACE('',(#496,#22,#23,#24,#25),#1906,.T.);
#1987=ADVANCED_FACE('',(#497,#26,#27,#28,#29),#1907,.T.);
#1988=ADVANCED_FACE('',(#498),#1908,.T.);
#1989=ADVANCED_FACE('',(#499),#1909,.T.);
#1990=ADVANCED_FACE('',(#500),#1910,.T.);
#1991=ADVANCED_FACE('',(#501),#1911,.T.);
#1992=ADVANCED_FACE('',(#502),#1912,.T.);
#1993=ADVANCED_FACE('',(#503),#1913,.T.);
#1994=ADVANCED_FACE('',(#504),#1914,.T.);
#1995=ADVANCED_FACE('',(#505),#1915,.T.);
#1996=ADVANCED_FACE('',(#506),#1916,.T.);
#1997=ADVANCED_FACE('',(#507),#1917,.T.);
#1998=ADVANCED_FACE('',(#508),#1918,.T.);
#1999=ADVANCED_FACE('',(#509),#1919,.T.);
#2000=ADVANCED_FACE('',(#510),#1920,.T.);
#2001=ADVANCED_FACE('',(#511),#1921,.T.);
#2002=ADVANCED_FACE('',(#512),#1922,.T.);
#2003=ADVANCED_FACE('',(#513),#1923,.T.);
#2004=ADVANCED_FACE('',(#514),#1924,.T.);
#2005=ADVANCED_FACE('',(#515),#1925,.T.);
#2006=ADVANCED_FACE('',(#516),#1926,.T.);
#2007=ADVANCED_FACE('',(#517),#1927,.T.);
#2008=ADVANCED_FACE('',(#518,#30),#1928,.T.);
#2009=ADVANCED_FACE('',(#519,#31),#1929,.F.);
#2010=ADVANCED_FACE('',(#520),#444,.T.);
#2011=ADVANCED_FACE('',(#521),#445,.T.);
#2012=ADVANCED_FACE('',(#522,#32),#446,.T.);
#2013=ADVANCED_FACE('',(#523,#33),#1930,.T.);
#2014=ADVANCED_FACE('',(#524,#34),#1931,.T.);
#2015=ADVANCED_FACE('',(#525,#35),#447,.T.);
#2016=ADVANCED_FACE('',(#526,#36),#1932,.T.);
#2017=ADVANCED_FACE('',(#527,#37),#1933,.T.);
#2018=ADVANCED_FACE('',(#528),#448,.T.);
#2019=ADVANCED_FACE('',(#529),#1934,.T.);
#2020=ADVANCED_FACE('',(#530),#449,.T.);
#2021=ADVANCED_FACE('',(#531),#1935,.T.);
#2022=ADVANCED_FACE('',(#532),#1936,.T.);
#2023=ADVANCED_FACE('',(#533),#450,.F.);
#2024=ADVANCED_FACE('',(#534),#451,.F.);
#2025=ADVANCED_FACE('',(#535),#452,.T.);
#2026=ADVANCED_FACE('',(#536),#1937,.T.);
#2027=ADVANCED_FACE('',(#537),#1938,.T.);
#2028=ADVANCED_FACE('',(#538),#453,.T.);
#2029=ADVANCED_FACE('',(#539),#1939,.T.);
#2030=ADVANCED_FACE('',(#540),#454,.F.);
#2031=ADVANCED_FACE('',(#541),#455,.F.);
#2032=ADVANCED_FACE('',(#542,#38),#1940,.T.);
#2033=ADVANCED_FACE('',(#543),#456,.F.);
#2034=ADVANCED_FACE('',(#544,#39),#1941,.T.);
#2035=ADVANCED_FACE('',(#545),#457,.F.);
#2036=ADVANCED_FACE('',(#546,#40),#1942,.T.);
#2037=ADVANCED_FACE('',(#547),#458,.F.);
#2038=ADVANCED_FACE('',(#548),#459,.F.);
#2039=ADVANCED_FACE('',(#549,#41),#1943,.T.);
#2040=ADVANCED_FACE('',(#550),#460,.F.);
#2041=ADVANCED_FACE('',(#551),#461,.F.);
#2042=ADVANCED_FACE('',(#552),#462,.F.);
#2043=ADVANCED_FACE('',(#553),#463,.F.);
#2044=ADVANCED_FACE('',(#554,#42,#43,#44,#45,#46,#47,#48,#49,#50,#51,#52,
#53),#1944,.F.);
#2045=ADVANCED_FACE('',(#555),#464,.T.);
#2046=ADVANCED_FACE('',(#556),#1945,.T.);
#2047=ADVANCED_FACE('',(#557),#1946,.T.);
#2048=ADVANCED_FACE('',(#558),#1947,.T.);
#2049=ADVANCED_FACE('',(#559),#1948,.T.);
#2050=ADVANCED_FACE('',(#560,#54),#1949,.T.);
#2051=ADVANCED_FACE('',(#561),#20,.F.);
#2052=ADVANCED_FACE('',(#562),#18,.F.);
#2053=ADVANCED_FACE('',(#563),#1950,.T.);
#2054=ADVANCED_FACE('',(#564),#465,.T.);
#2055=ADVANCED_FACE('',(#565),#1951,.F.);
#2056=ADVANCED_FACE('',(#566),#1952,.T.);
#2057=ADVANCED_FACE('',(#567),#1953,.F.);
#2058=ADVANCED_FACE('',(#568),#466,.T.);
#2059=ADVANCED_FACE('',(#569,#55),#1954,.T.);
#2060=ADVANCED_FACE('',(#570),#21,.F.);
#2061=ADVANCED_FACE('',(#571),#19,.F.);
#2062=ADVANCED_FACE('',(#572),#1955,.F.);
#2063=ADVANCED_FACE('',(#573),#467,.T.);
#2064=ADVANCED_FACE('',(#574),#1956,.T.);
#2065=ADVANCED_FACE('',(#575),#1957,.F.);
#2066=ADVANCED_FACE('',(#576),#1958,.T.);
#2067=ADVANCED_FACE('',(#577),#468,.T.);
#2068=CLOSED_SHELL('',(#1959,#1960,#1961));
#2069=CLOSED_SHELL('',(#1962,#1963,#1964,#1965,#1966,#1967,#1968,#1969,
#1970,#1971,#1972,#1973,#1974,#1975,#1976,#1977,#1978,#1979,#1980,#1981,
#1982,#1983,#1984,#1985,#1986,#1987,#1988,#1989,#1990,#1991,#1992,#1993,
#1994,#1995,#1996,#1997,#1998,#1999,#2000,#2001,#2002,#2003,#2004,#2005,
#2006,#2007,#2008,#2009,#2010,#2011,#2012,#2013,#2014,#2015,#2016,#2017,
#2018,#2019,#2020,#2021,#2022,#2023,#2024,#2025,#2026,#2027,#2028,#2029,
#2030,#2031,#2032,#2033,#2034,#2035,#2036,#2037,#2038,#2039,#2040,#2041,
#2042,#2043,#2044,#2045,#2046,#2047,#2048,#2049,#2050,#2051,#2052,#2053,
#2054,#2055,#2056,#2057,#2058,#2059,#2060,#2061,#2062,#2063,#2064,#2065,
#2066,#2067));
#2070=BREP_WITH_VOIDS('\X2\5B9E4F53\X0\1',#2069,(#56));
#2071=DERIVED_UNIT_ELEMENT(#2073,1.);
#2072=DERIVED_UNIT_ELEMENT(#3540,-3.);
#2073=(
MASS_UNIT()
NAMED_UNIT(*)
SI_UNIT(.KILO.,.GRAM.)
);
#2074=DERIVED_UNIT((#2071,#2072));
#2075=MEASURE_REPRESENTATION_ITEM('density measure',
POSITIVE_RATIO_MEASURE(7850.),#2074);
#2076=PROPERTY_DEFINITION_REPRESENTATION(#2081,#2078);
#2077=PROPERTY_DEFINITION_REPRESENTATION(#2082,#2079);
#2078=REPRESENTATION('material name',(#2080),#3537);
#2079=REPRESENTATION('density',(#2075),#3537);
#2080=DESCRIPTIVE_REPRESENTATION_ITEM('\X2\94A2\X0\','\X2\94A2\X0\');
#2081=PROPERTY_DEFINITION('material property','material name',#3547);
#2082=PROPERTY_DEFINITION('material property','density of part',#3547);
#2083=AXIS2_PLACEMENT_3D('',#2906,#2295,#2296);
#2084=AXIS2_PLACEMENT_3D('',#2907,#2297,#2298);
#2085=AXIS2_PLACEMENT_3D('',#2909,#2299,#2300);
#2086=AXIS2_PLACEMENT_3D('',#2910,#2301,#2302);
#2087=AXIS2_PLACEMENT_3D('',#2912,#2303,#2304);
#2088=AXIS2_PLACEMENT_3D('',#2913,#2305,#2306);
#2089=AXIS2_PLACEMENT_3D('',#2915,#2308,#2309);
#2090=AXIS2_PLACEMENT_3D('',#2918,#2310,#2311);
#2091=AXIS2_PLACEMENT_3D('',#2922,#2313,#2314);
#2092=AXIS2_PLACEMENT_3D('',#2924,#2316,#2317);
#2093=AXIS2_PLACEMENT_3D('',#2930,#2321,#2322);
#2094=AXIS2_PLACEMENT_3D('',#2932,#2323,#2324);
#2095=AXIS2_PLACEMENT_3D('',#2935,#2326,#2327);
#2096=AXIS2_PLACEMENT_3D('',#2936,#2328,#2329);
#2097=AXIS2_PLACEMENT_3D('',#2942,#2333,#2334);
#2098=AXIS2_PLACEMENT_3D('',#2944,#2335,#2336);
#2099=AXIS2_PLACEMENT_3D('',#2947,#2338,#2339);
#2100=AXIS2_PLACEMENT_3D('',#2948,#2340,#2341);
#2101=AXIS2_PLACEMENT_3D('',#2951,#2344,#2345);
#2102=AXIS2_PLACEMENT_3D('',#2954,#2346,#2347);
#2103=AXIS2_PLACEMENT_3D('',#2958,#2349,#2350);
#2104=AXIS2_PLACEMENT_3D('',#2960,#2352,#2353);
#2105=AXIS2_PLACEMENT_3D('',#2966,#2357,#2358);
#2106=AXIS2_PLACEMENT_3D('',#2968,#2359,#2360);
#2107=AXIS2_PLACEMENT_3D('',#2971,#2362,#2363);
#2108=AXIS2_PLACEMENT_3D('',#2972,#2364,#2365);
#2109=AXIS2_PLACEMENT_3D('',#2978,#2369,#2370);
#2110=AXIS2_PLACEMENT_3D('',#2980,#2371,#2372);
#2111=AXIS2_PLACEMENT_3D('',#2983,#2374,#2375);
#2112=AXIS2_PLACEMENT_3D('',#2984,#2376,#2377);
#2113=AXIS2_PLACEMENT_3D('',#2987,#2380,#2381);
#2114=AXIS2_PLACEMENT_3D('',#2990,#2382,#2383);
#2115=AXIS2_PLACEMENT_3D('',#2994,#2385,#2386);
#2116=AXIS2_PLACEMENT_3D('',#2996,#2388,#2389);
#2117=AXIS2_PLACEMENT_3D('',#3002,#2393,#2394);
#2118=AXIS2_PLACEMENT_3D('',#3004,#2395,#2396);
#2119=AXIS2_PLACEMENT_3D('',#3007,#2398,#2399);
#2120=AXIS2_PLACEMENT_3D('',#3008,#2400,#2401);
#2121=AXIS2_PLACEMENT_3D('',#3014,#2405,#2406);
#2122=AXIS2_PLACEMENT_3D('',#3016,#2407,#2408);
#2123=AXIS2_PLACEMENT_3D('',#3019,#2410,#2411);
#2124=AXIS2_PLACEMENT_3D('',#3020,#2412,#2413);
#2125=AXIS2_PLACEMENT_3D('',#3023,#2416,#2417);
#2126=AXIS2_PLACEMENT_3D('',#3026,#2418,#2419);
#2127=AXIS2_PLACEMENT_3D('',#3030,#2421,#2422);
#2128=AXIS2_PLACEMENT_3D('',#3032,#2424,#2425);
#2129=AXIS2_PLACEMENT_3D('',#3038,#2429,#2430);
#2130=AXIS2_PLACEMENT_3D('',#3040,#2431,#2432);
#2131=AXIS2_PLACEMENT_3D('',#3043,#2434,#2435);
#2132=AXIS2_PLACEMENT_3D('',#3044,#2436,#2437);
#2133=AXIS2_PLACEMENT_3D('',#3050,#2441,#2442);
#2134=AXIS2_PLACEMENT_3D('',#3052,#2443,#2444);
#2135=AXIS2_PLACEMENT_3D('',#3055,#2446,#2447);
#2136=AXIS2_PLACEMENT_3D('',#3056,#2448,#2449);
#2137=AXIS2_PLACEMENT_3D('',#3059,#2452,#2453);
#2138=AXIS2_PLACEMENT_3D('',#3066,#2457,#2458);
#2139=AXIS2_PLACEMENT_3D('',#3070,#2460,#2461);
#2140=AXIS2_PLACEMENT_3D('',#3075,#2464,#2465);
#2141=AXIS2_PLACEMENT_3D('',#3077,#2466,#2467);
#2142=AXIS2_PLACEMENT_3D('',#3079,#2468,#2469);
#2143=AXIS2_PLACEMENT_3D('',#3081,#2470,#2471);
#2144=AXIS2_PLACEMENT_3D('',#3082,#2472,#2473);
#2145=AXIS2_PLACEMENT_3D('',#3089,#2477,#2478);
#2146=AXIS2_PLACEMENT_3D('',#3093,#2480,#2481);
#2147=AXIS2_PLACEMENT_3D('',#3098,#2484,#2485);
#2148=AXIS2_PLACEMENT_3D('',#3100,#2486,#2487);
#2149=AXIS2_PLACEMENT_3D('',#3102,#2488,#2489);
#2150=AXIS2_PLACEMENT_3D('',#3104,#2490,#2491);
#2151=AXIS2_PLACEMENT_3D('',#3105,#2492,#2493);
#2152=AXIS2_PLACEMENT_3D('',#3114,#2498,#2499);
#2153=AXIS2_PLACEMENT_3D('',#3120,#2503,#2504);
#2154=AXIS2_PLACEMENT_3D('',#3126,#2508,#2509);
#2155=AXIS2_PLACEMENT_3D('',#3129,#2512,#2513);
#2156=AXIS2_PLACEMENT_3D('',#3138,#2518,#2519);
#2157=AXIS2_PLACEMENT_3D('',#3144,#2523,#2524);
#2158=AXIS2_PLACEMENT_3D('',#3150,#2528,#2529);
#2159=AXIS2_PLACEMENT_3D('',#3159,#2534,#2535);
#2160=AXIS2_PLACEMENT_3D('',#3165,#2539,#2540);
#2161=AXIS2_PLACEMENT_3D('',#3171,#2544,#2545);
#2162=AXIS2_PLACEMENT_3D('',#3177,#2549,#2550);
#2163=AXIS2_PLACEMENT_3D('',#3183,#2554,#2555);
#2164=AXIS2_PLACEMENT_3D('',#3192,#2560,#2561);
#2165=AXIS2_PLACEMENT_3D('',#3198,#2565,#2566);
#2166=AXIS2_PLACEMENT_3D('',#3204,#2570,#2571);
#2167=AXIS2_PLACEMENT_3D('',#3213,#2576,#2577);
#2168=AXIS2_PLACEMENT_3D('',#3219,#2581,#2582);
#2169=AXIS2_PLACEMENT_3D('',#3225,#2586,#2587);
#2170=AXIS2_PLACEMENT_3D('',#3231,#2591,#2592);
#2171=AXIS2_PLACEMENT_3D('',#3237,#2596,#2597);
#2172=AXIS2_PLACEMENT_3D('',#3238,#2598,#2599);
#2173=AXIS2_PLACEMENT_3D('',#3240,#2600,#2601);
#2174=AXIS2_PLACEMENT_3D('',#3241,#2602,#2603);
#2175=AXIS2_PLACEMENT_3D('',#3243,#2604,#2605);
#2176=AXIS2_PLACEMENT_3D('',#3244,#2606,#2607);
#2177=AXIS2_PLACEMENT_3D('',#3245,#2608,#2609);
#2178=AXIS2_PLACEMENT_3D('',#3246,#2610,#2611);
#2179=AXIS2_PLACEMENT_3D('',#3247,#2612,#2613);
#2180=AXIS2_PLACEMENT_3D('',#3249,#2614,#2615);
#2181=AXIS2_PLACEMENT_3D('',#3250,#2616,#2617);
#2182=AXIS2_PLACEMENT_3D('',#3252,#2618,#2619);
#2183=AXIS2_PLACEMENT_3D('',#3253,#2620,#2621);
#2184=AXIS2_PLACEMENT_3D('',#3254,#2622,#2623);
#2185=AXIS2_PLACEMENT_3D('',#3255,#2624,#2625);
#2186=AXIS2_PLACEMENT_3D('',#3257,#2626,#2627);
#2187=AXIS2_PLACEMENT_3D('',#3260,#2630,#2631);
#2188=AXIS2_PLACEMENT_3D('',#3262,#2632,#2633);
#2189=AXIS2_PLACEMENT_3D('',#3265,#2636,#2637);
#2190=AXIS2_PLACEMENT_3D('',#3267,#2638,#2639);
#2191=AXIS2_PLACEMENT_3D('',#3269,#2641,#2642);
#2192=AXIS2_PLACEMENT_3D('',#3271,#2643,#2644);
#2193=AXIS2_PLACEMENT_3D('',#3272,#2645,#2646);
#2194=AXIS2_PLACEMENT_3D('',#3274,#2647,#2648);
#2195=AXIS2_PLACEMENT_3D('',#3275,#2649,#2650);
#2196=AXIS2_PLACEMENT_3D('',#3277,#2651,#2652);
#2197=AXIS2_PLACEMENT_3D('',#3279,#2654,#2655);
#2198=AXIS2_PLACEMENT_3D('',#3281,#2656,#2657);
#2199=AXIS2_PLACEMENT_3D('',#3282,#2658,#2659);
#2200=AXIS2_PLACEMENT_3D('',#3284,#2660,#2661);
#2201=AXIS2_PLACEMENT_3D('',#3285,#2662,#2663);
#2202=AXIS2_PLACEMENT_3D('',#3288,#2664,#2665);
#2203=AXIS2_PLACEMENT_3D('',#3291,#2668,#2669);
#2204=AXIS2_PLACEMENT_3D('',#3295,#2672,#2673);
#2205=AXIS2_PLACEMENT_3D('',#3297,#2674,#2675);
#2206=AXIS2_PLACEMENT_3D('',#3299,#2677,#2678);
#2207=AXIS2_PLACEMENT_3D('',#3303,#2681,#2682);
#2208=AXIS2_PLACEMENT_3D('',#3307,#2685,#2686);
#2209=AXIS2_PLACEMENT_3D('',#3310,#2688,#2689);
#2210=AXIS2_PLACEMENT_3D('',#3311,#2690,#2691);
#2211=AXIS2_PLACEMENT_3D('',#3314,#2693,#2694);
#2212=AXIS2_PLACEMENT_3D('',#3315,#2695,#2696);
#2213=AXIS2_PLACEMENT_3D('',#3318,#2697,#2698);
#2214=AXIS2_PLACEMENT_3D('',#3321,#2701,#2702);
#2215=AXIS2_PLACEMENT_3D('',#3325,#2705,#2706);
#2216=AXIS2_PLACEMENT_3D('',#3331,#2710,#2711);
#2217=AXIS2_PLACEMENT_3D('',#3333,#2712,#2713);
#2218=AXIS2_PLACEMENT_3D('',#3335,#2715,#2716);
#2219=AXIS2_PLACEMENT_3D('',#3337,#2718,#2719);
#2220=AXIS2_PLACEMENT_3D('',#3340,#2721,#2722);
#2221=AXIS2_PLACEMENT_3D('',#3341,#2723,#2724);
#2222=AXIS2_PLACEMENT_3D('',#3344,#2726,#2727);
#2223=AXIS2_PLACEMENT_3D('',#3345,#2728,#2729);
#2224=AXIS2_PLACEMENT_3D('',#3347,#2730,#2731);
#2225=AXIS2_PLACEMENT_3D('',#3348,#2732,#2733);
#2226=AXIS2_PLACEMENT_3D('',#3351,#2735,#2736);
#2227=AXIS2_PLACEMENT_3D('',#3352,#2737,#2738);
#2228=AXIS2_PLACEMENT_3D('',#3354,#2739,#2740);
#2229=AXIS2_PLACEMENT_3D('',#3355,#2741,#2742);
#2230=AXIS2_PLACEMENT_3D('',#3358,#2744,#2745);
#2231=AXIS2_PLACEMENT_3D('',#3359,#2746,#2747);
#2232=AXIS2_PLACEMENT_3D('',#3361,#2748,#2749);
#2233=AXIS2_PLACEMENT_3D('',#3362,#2750,#2751);
#2234=AXIS2_PLACEMENT_3D('',#3365,#2753,#2754);
#2235=AXIS2_PLACEMENT_3D('',#3366,#2755,#2756);
#2236=AXIS2_PLACEMENT_3D('',#3369,#2758,#2759);
#2237=AXIS2_PLACEMENT_3D('',#3370,#2760,#2761);
#2238=AXIS2_PLACEMENT_3D('',#3372,#2762,#2763);
#2239=AXIS2_PLACEMENT_3D('',#3373,#2764,#2765);
#2240=AXIS2_PLACEMENT_3D('',#3376,#2767,#2768);
#2241=AXIS2_PLACEMENT_3D('',#3377,#2769,#2770);
#2242=AXIS2_PLACEMENT_3D('',#3380,#2772,#2773);
#2243=AXIS2_PLACEMENT_3D('',#3381,#2774,#2775);
#2244=AXIS2_PLACEMENT_3D('',#3384,#2777,#2778);
#2245=AXIS2_PLACEMENT_3D('',#3385,#2779,#2780);
#2246=AXIS2_PLACEMENT_3D('',#3388,#2782,#2783);
#2247=AXIS2_PLACEMENT_3D('',#3389,#2784,#2785);
#2248=AXIS2_PLACEMENT_3D('',#3396,#2790,#2791);
#2249=AXIS2_PLACEMENT_3D('',#3398,#2792,#2793);
#2250=AXIS2_PLACEMENT_3D('',#3400,#2795,#2796);
#2251=AXIS2_PLACEMENT_3D('',#3401,#2797,#2798);
#2252=AXIS2_PLACEMENT_3D('',#3402,#2799,#2800);
#2253=AXIS2_PLACEMENT_3D('',#3403,#2801,#2802);
#2254=AXIS2_PLACEMENT_3D('',#3406,#2804,#2805);
#2255=AXIS2_PLACEMENT_3D('',#3407,#2806,#2807);
#2256=AXIS2_PLACEMENT_3D('',#3408,#2808,#2809);
#2257=AXIS2_PLACEMENT_3D('',#3409,#2810,#2811);
#2258=AXIS2_PLACEMENT_3D('',#3410,#2812,#2813);
#2259=AXIS2_PLACEMENT_3D('',#3411,#2814,#2815);
#2260=AXIS2_PLACEMENT_3D('',#3420,#2820,#2821);
#2261=AXIS2_PLACEMENT_3D('',#3423,#2822,#2823);
#2262=AXIS2_PLACEMENT_3D('',#3425,#2824,#2825);
#2263=AXIS2_PLACEMENT_3D('',#3427,#2826,#2827);
#2264=AXIS2_PLACEMENT_3D('',#3428,#2828,#2829);
#2265=AXIS2_PLACEMENT_3D('',#3429,#2830,#2831);
#2266=AXIS2_PLACEMENT_3D('',#3432,#2832,#2833);
#2267=AXIS2_PLACEMENT_3D('',#3453,#2834,#2835);
#2268=AXIS2_PLACEMENT_3D('',#3459,#2839,#2840);
#2269=AXIS2_PLACEMENT_3D('',#3460,#2841,#2842);
#2270=AXIS2_PLACEMENT_3D('',#3461,#2843,#2844);
#2271=AXIS2_PLACEMENT_3D('',#3462,#2845,#2846);
#2272=AXIS2_PLACEMENT_3D('',#3468,#2850,#2851);
#2273=AXIS2_PLACEMENT_3D('',#3469,#2852,#2853);
#2274=AXIS2_PLACEMENT_3D('',#3470,#2854,#2855);
#2275=AXIS2_PLACEMENT_3D('',#3471,#2856,#2857);
#2276=AXIS2_PLACEMENT_3D('',#3472,#2858,#2859);
#2277=AXIS2_PLACEMENT_3D('',#3473,#2860,#2861);
#2278=AXIS2_PLACEMENT_3D('',#3482,#2866,#2867);
#2279=AXIS2_PLACEMENT_3D('',#3485,#2868,#2869);
#2280=AXIS2_PLACEMENT_3D('',#3487,#2870,#2871);
#2281=AXIS2_PLACEMENT_3D('',#3489,#2872,#2873);
#2282=AXIS2_PLACEMENT_3D('',#3490,#2874,#2875);
#2283=AXIS2_PLACEMENT_3D('',#3491,#2876,#2877);
#2284=AXIS2_PLACEMENT_3D('',#3494,#2878,#2879);
#2285=AXIS2_PLACEMENT_3D('',#3515,#2880,#2881);
#2286=AXIS2_PLACEMENT_3D('',#3521,#2885,#2886);
#2287=AXIS2_PLACEMENT_3D('',#3522,#2887,#2888);
#2288=AXIS2_PLACEMENT_3D('',#3523,#2889,#2890);
#2289=AXIS2_PLACEMENT_3D('',#3524,#2891,#2892);
#2290=AXIS2_PLACEMENT_3D('',#3530,#2896,#2897);
#2291=AXIS2_PLACEMENT_3D('',#3531,#2898,#2899);
#2292=AXIS2_PLACEMENT_3D('',#3532,#2900,#2901);
#2293=AXIS2_PLACEMENT_3D('',#3533,#2902,#2903);
#2294=AXIS2_PLACEMENT_3D('',#3534,#2904,#2905);
#2295=DIRECTION('axis',(0.,0.,1.));
#2296=DIRECTION('refdir',(1.,0.,0.));
#2297=DIRECTION('center_axis',(0.,1.,0.));
#2298=DIRECTION('ref_axis',(-1.22464679914735E-16,0.,-1.));
#2299=DIRECTION('center_axis',(0.,-1.,0.));
#2300=DIRECTION('ref_axis',(1.,0.,0.));
#2301=DIRECTION('center_axis',(0.,1.,0.));
#2302=DIRECTION('ref_axis',(-1.22464679914735E-16,0.,-1.));
#2303=DIRECTION('center_axis',(0.,1.,0.));
#2304=DIRECTION('ref_axis',(1.,0.,0.));
#2305=DIRECTION('center_axis',(0.,1.,0.));
#2306=DIRECTION('ref_axis',(1.,0.,0.));
#2307=DIRECTION('',(0.,1.,0.));
#2308=DIRECTION('center_axis',(0.,0.,-1.));
#2309=DIRECTION('ref_axis',(-0.756901361632728,0.653529133825358,0.));
#2310=DIRECTION('center_axis',(0.,0.,1.));
#2311=DIRECTION('ref_axis',(-0.756901361632728,0.653529133825358,0.));
#2312=DIRECTION('',(0.,0.,-1.));
#2313=DIRECTION('center_axis',(0.,0.,-1.));
#2314=DIRECTION('ref_axis',(-0.756901361632728,0.653529133825358,0.));
#2315=DIRECTION('',(0.,0.,1.));
#2316=DIRECTION('center_axis',(-1.,0.,0.));
#2317=DIRECTION('ref_axis',(0.,1.,0.));
#2318=DIRECTION('',(0.,1.,0.));
#2319=DIRECTION('',(0.,0.,1.));
#2320=DIRECTION('',(0.,-1.,0.));
#2321=DIRECTION('center_axis',(0.,0.,-1.));
#2322=DIRECTION('ref_axis',(-0.426862900982793,-0.904316351596362,0.));
#2323=DIRECTION('center_axis',(0.,0.,1.));
#2324=DIRECTION('ref_axis',(-0.426862900982793,-0.904316351596362,0.));
#2325=DIRECTION('',(0.,0.,-1.));
#2326=DIRECTION('center_axis',(0.,0.,-1.));
#2327=DIRECTION('ref_axis',(-0.426862900982793,-0.904316351596362,0.));
#2328=DIRECTION('center_axis',(0.635576127529118,-0.772038202497189,0.));
#2329=DIRECTION('ref_axis',(-0.772038202497189,-0.635576127529118,0.));
#2330=DIRECTION('',(-0.772038202497189,-0.635576127529118,0.));
#2331=DIRECTION('',(0.,0.,1.));
#2332=DIRECTION('',(0.772038202497189,0.635576127529118,0.));
#2333=DIRECTION('center_axis',(0.,0.,-1.));
#2334=DIRECTION('ref_axis',(0.914090192947244,0.405510935928577,0.));
#2335=DIRECTION('center_axis',(0.,0.,1.));
#2336=DIRECTION('ref_axis',(0.914090192947244,0.405510935928577,0.));
#2337=DIRECTION('',(0.,0.,-1.));
#2338=DIRECTION('center_axis',(0.,0.,-1.));
#2339=DIRECTION('ref_axis',(0.914090192947244,0.405510935928577,0.));
#2340=DIRECTION('center_axis',(-0.145799342482964,0.98931418251814,0.));
#2341=DIRECTION('ref_axis',(0.98931418251814,0.145799342482964,0.));
#2342=DIRECTION('',(-0.98931418251814,-0.145799342482964,0.));
#2343=DIRECTION('',(0.98931418251814,0.145799342482964,0.));
#2344=DIRECTION('center_axis',(0.,0.,-1.));
#2345=DIRECTION('ref_axis',(0.914090143039901,-0.405511048428145,0.));
#2346=DIRECTION('center_axis',(0.,0.,1.));
#2347=DIRECTION('ref_axis',(0.914090143039901,-0.405511048428145,0.));
#2348=DIRECTION('',(0.,0.,-1.));
#2349=DIRECTION('center_axis',(0.,0.,-1.));
#2350=DIRECTION('ref_axis',(0.914090143039901,-0.405511048428145,0.));
#2351=DIRECTION('',(0.,0.,1.));
#2352=DIRECTION('center_axis',(0.635576127529781,0.772038202496643,0.));
#2353=DIRECTION('ref_axis',(0.772038202496643,-0.635576127529781,0.));
#2354=DIRECTION('',(0.772038202496643,-0.635576127529781,0.));
#2355=DIRECTION('',(0.,0.,1.));
#2356=DIRECTION('',(-0.772038202496643,0.635576127529781,0.));
#2357=DIRECTION('center_axis',(0.,0.,-1.));
#2358=DIRECTION('ref_axis',(-0.426862900982398,0.904316351596548,0.));
#2359=DIRECTION('center_axis',(0.,0.,1.));
#2360=DIRECTION('ref_axis',(-0.426862900982398,0.904316351596548,0.));
#2361=DIRECTION('',(0.,0.,-1.));
#2362=DIRECTION('center_axis',(0.,0.,-1.));
#2363=DIRECTION('ref_axis',(-0.426862900982398,0.904316351596548,0.));
#2364=DIRECTION('center_axis',(-1.,0.,0.));
#2365=DIRECTION('ref_axis',(0.,1.,0.));
#2366=DIRECTION('',(0.,1.,0.));
#2367=DIRECTION('',(0.,0.,1.));
#2368=DIRECTION('',(0.,-1.,0.));
#2369=DIRECTION('center_axis',(0.,0.,-1.));
#2370=DIRECTION('ref_axis',(-0.756901442064065,-0.653529040671751,0.));
#2371=DIRECTION('center_axis',(0.,0.,1.));
#2372=DIRECTION('ref_axis',(-0.756901442064065,-0.653529040671751,0.));
#2373=DIRECTION('',(0.,0.,-1.));
#2374=DIRECTION('center_axis',(0.,0.,-1.));
#2375=DIRECTION('ref_axis',(-0.756901442064065,-0.653529040671751,0.));
#2376=DIRECTION('center_axis',(-0.145799585997323,-0.989314146630386,0.));
#2377=DIRECTION('ref_axis',(-0.989314146630386,0.145799585997323,0.));
#2378=DIRECTION('',(0.989314146630386,-0.145799585997323,0.));
#2379=DIRECTION('',(-0.989314146630386,0.145799585997323,0.));
#2380=DIRECTION('center_axis',(0.,0.,-1.));
#2381=DIRECTION('ref_axis',(0.756901315851966,-0.653529186847506,0.));
#2382=DIRECTION('center_axis',(0.,0.,1.));
#2383=DIRECTION('ref_axis',(0.756901315851966,-0.653529186847506,0.));
#2384=DIRECTION('',(0.,0.,-1.));
#2385=DIRECTION('center_axis',(0.,0.,-1.));
#2386=DIRECTION('ref_axis',(0.756901315851966,-0.653529186847506,0.));
#2387=DIRECTION('',(0.,0.,1.));
#2388=DIRECTION('center_axis',(1.,0.,0.));
#2389=DIRECTION('ref_axis',(0.,-1.,0.));
#2390=DIRECTION('',(0.,-1.,0.));
#2391=DIRECTION('',(0.,0.,1.));
#2392=DIRECTION('',(0.,1.,0.));
#2393=DIRECTION('center_axis',(0.,0.,-1.));
#2394=DIRECTION('ref_axis',(0.426862900982745,0.904316351596384,0.));
#2395=DIRECTION('center_axis',(0.,0.,1.));
#2396=DIRECTION('ref_axis',(0.426862900982745,0.904316351596384,0.));
#2397=DIRECTION('',(0.,0.,-1.));
#2398=DIRECTION('center_axis',(0.,0.,-1.));
#2399=DIRECTION('ref_axis',(0.426862900982745,0.904316351596384,0.));
#2400=DIRECTION('center_axis',(-0.635576127529182,0.772038202497137,0.));
#2401=DIRECTION('ref_axis',(0.772038202497137,0.635576127529182,0.));
#2402=DIRECTION('',(0.772038202497137,0.635576127529182,0.));
#2403=DIRECTION('',(0.,0.,1.));
#2404=DIRECTION('',(-0.772038202497137,-0.635576127529182,0.));
#2405=DIRECTION('center_axis',(0.,0.,-1.));
#2406=DIRECTION('ref_axis',(-0.914090221353923,-0.405510871895115,0.));
#2407=DIRECTION('center_axis',(0.,0.,1.));
#2408=DIRECTION('ref_axis',(-0.914090221353923,-0.405510871895115,0.));
#2409=DIRECTION('',(0.,0.,-1.));
#2410=DIRECTION('center_axis',(0.,0.,-1.));
#2411=DIRECTION('ref_axis',(-0.914090221353923,-0.405510871895115,0.));
#2412=DIRECTION('center_axis',(0.14579920387687,-0.989314202945086,0.));
#2413=DIRECTION('ref_axis',(-0.989314202945086,-0.14579920387687,0.));
#2414=DIRECTION('',(0.989314202945086,0.14579920387687,0.));
#2415=DIRECTION('',(-0.989314202945086,-0.14579920387687,0.));
#2416=DIRECTION('center_axis',(0.,0.,-1.));
#2417=DIRECTION('ref_axis',(0.4268629009824,-0.904316351596547,0.));
#2418=DIRECTION('center_axis',(0.,0.,1.));
#2419=DIRECTION('ref_axis',(0.4268629009824,-0.904316351596547,0.));
#2420=DIRECTION('',(0.,0.,-1.));
#2421=DIRECTION('center_axis',(0.,0.,-1.));
#2422=DIRECTION('ref_axis',(0.4268629009824,-0.904316351596547,0.));
#2423=DIRECTION('',(0.,0.,1.));
#2424=DIRECTION('center_axis',(1.,0.,0.));
#2425=DIRECTION('ref_axis',(0.,-1.,0.));
#2426=DIRECTION('',(0.,-1.,0.));
#2427=DIRECTION('',(0.,0.,1.));
#2428=DIRECTION('',(0.,1.,0.));
#2429=DIRECTION('center_axis',(0.,0.,-1.));
#2430=DIRECTION('ref_axis',(0.756901399113256,0.65352909041633,0.));
#2431=DIRECTION('center_axis',(0.,0.,1.));
#2432=DIRECTION('ref_axis',(0.756901399113256,0.65352909041633,0.));
#2433=DIRECTION('',(0.,0.,-1.));
#2434=DIRECTION('center_axis',(0.,0.,-1.));
#2435=DIRECTION('ref_axis',(0.756901399113256,0.65352909041633,0.));
#2436=DIRECTION('center_axis',(0.145799455959217,0.989314165794666,0.));
#2437=DIRECTION('ref_axis',(0.989314165794666,-0.145799455959217,0.));
#2438=DIRECTION('',(0.989314165794666,-0.145799455959217,0.));
#2439=DIRECTION('',(0.,0.,1.));
#2440=DIRECTION('',(-0.989314165794666,0.145799455959217,0.));
#2441=DIRECTION('center_axis',(0.,0.,-1.));
#2442=DIRECTION('ref_axis',(-0.914090169690629,0.405510988352914,0.));
#2443=DIRECTION('center_axis',(0.,0.,1.));
#2444=DIRECTION('ref_axis',(-0.914090169690629,0.405510988352914,0.));
#2445=DIRECTION('',(0.,0.,-1.));
#2446=DIRECTION('center_axis',(0.,0.,-1.));
#2447=DIRECTION('ref_axis',(-0.914090169690629,0.405510988352914,0.));
#2448=DIRECTION('center_axis',(-0.635576127529781,-0.772038202496643,0.));
#2449=DIRECTION('ref_axis',(-0.772038202496643,0.635576127529781,0.));
#2450=DIRECTION('',(0.772038202496643,-0.635576127529781,0.));
#2451=DIRECTION('',(-0.772038202496643,0.635576127529781,0.));
#2452=DIRECTION('center_axis',(0.,0.,1.));
#2453=DIRECTION('ref_axis',(1.,0.,0.));
#2454=DIRECTION('',(0.,-1.,0.));
#2455=DIRECTION('',(0.,-1.,0.));
#2456=DIRECTION('',(-0.772038202497125,-0.635576127529196,0.));
#2457=DIRECTION('center_axis',(0.,0.,1.));
#2458=DIRECTION('ref_axis',(1.,0.,0.));
#2459=DIRECTION('',(4.07451510539351E-13,-1.,0.));
#2460=DIRECTION('center_axis',(0.,0.,1.));
#2461=DIRECTION('ref_axis',(1.,0.,0.));
#2462=DIRECTION('',(0.772038202497038,-0.635576127529301,0.));
#2463=DIRECTION('',(0.,-1.,0.));
#2464=DIRECTION('center_axis',(0.,0.,-1.));
#2465=DIRECTION('ref_axis',(1.,0.,0.));
#2466=DIRECTION('center_axis',(0.,0.,-1.));
#2467=DIRECTION('ref_axis',(1.,0.,0.));
#2468=DIRECTION('center_axis',(0.,0.,-1.));
#2469=DIRECTION('ref_axis',(1.,0.,0.));
#2470=DIRECTION('center_axis',(0.,0.,-1.));
#2471=DIRECTION('ref_axis',(1.,0.,0.));
#2472=DIRECTION('center_axis',(0.,0.,1.));
#2473=DIRECTION('ref_axis',(1.,0.,0.));
#2474=DIRECTION('',(0.,1.,0.));
#2475=DIRECTION('',(0.,1.,0.));
#2476=DIRECTION('',(0.772038202497189,0.635576127529117,0.));
#2477=DIRECTION('center_axis',(0.,0.,1.));
#2478=DIRECTION('ref_axis',(1.,0.,0.));
#2479=DIRECTION('',(-5.34850520492595E-13,1.,0.));
#2480=DIRECTION('center_axis',(0.,0.,1.));
#2481=DIRECTION('ref_axis',(1.,0.,0.));
#2482=DIRECTION('',(-0.772038202497114,0.635576127529209,0.));
#2483=DIRECTION('',(0.,1.,0.));
#2484=DIRECTION('center_axis',(0.,0.,-1.));
#2485=DIRECTION('ref_axis',(1.,0.,0.));
#2486=DIRECTION('center_axis',(0.,0.,-1.));
#2487=DIRECTION('ref_axis',(1.,0.,0.));
#2488=DIRECTION('center_axis',(0.,0.,-1.));
#2489=DIRECTION('ref_axis',(1.,0.,0.));
#2490=DIRECTION('center_axis',(0.,0.,-1.));
#2491=DIRECTION('ref_axis',(1.,0.,0.));
#2492=DIRECTION('center_axis',(-1.,2.8449465006021E-15,0.));
#2493=DIRECTION('ref_axis',(-2.8449465006021E-15,-1.,0.));
#2494=DIRECTION('',(-2.8449465006021E-15,-1.,0.));
#2495=DIRECTION('',(0.,0.,1.));
#2496=DIRECTION('',(-2.8449465006021E-15,-1.,0.));
#2497=DIRECTION('',(0.,0.,1.));
#2498=DIRECTION('center_axis',(2.48097166138152E-15,-1.,0.));
#2499=DIRECTION('ref_axis',(1.,2.48097166138152E-15,0.));
#2500=DIRECTION('',(1.,2.48097166138152E-15,0.));
#2501=DIRECTION('',(1.,2.48097166138152E-15,0.));
#2502=DIRECTION('',(0.,0.,1.));
#2503=DIRECTION('center_axis',(1.,6.93889390390723E-17,0.));
#2504=DIRECTION('ref_axis',(-6.93889390390723E-17,1.,0.));
#2505=DIRECTION('',(-6.93889390390723E-17,1.,0.));
#2506=DIRECTION('',(-6.93889390390723E-17,1.,0.));
#2507=DIRECTION('',(0.,0.,1.));
#2508=DIRECTION('center_axis',(2.48662307746661E-15,1.,0.));
#2509=DIRECTION('ref_axis',(-1.,2.48662307746661E-15,0.));
#2510=DIRECTION('',(-1.,2.48662307746661E-15,0.));
#2511=DIRECTION('',(-1.,2.48662307746661E-15,0.));
#2512=DIRECTION('center_axis',(0.965925826289068,0.258819045102522,0.));
#2513=DIRECTION('ref_axis',(-0.258819045102522,0.965925826289068,0.));
#2514=DIRECTION('',(0.258819045102522,-0.965925826289068,0.));
#2515=DIRECTION('',(0.,0.,1.));
#2516=DIRECTION('',(-0.258819045102522,0.965925826289068,0.));
#2517=DIRECTION('',(0.,0.,1.));
#2518=DIRECTION('center_axis',(-7.94346721602154E-14,1.,0.));
#2519=DIRECTION('ref_axis',(-1.,-7.94346721602154E-14,0.));
#2520=DIRECTION('',(1.,7.94346721602154E-14,0.));
#2521=DIRECTION('',(-1.,-7.94346721602154E-14,0.));
#2522=DIRECTION('',(0.,0.,1.));
#2523=DIRECTION('center_axis',(-0.965925826289068,0.258819045102521,0.));
#2524=DIRECTION('ref_axis',(-0.258819045102521,-0.965925826289068,0.));
#2525=DIRECTION('',(-0.258819045102521,-0.965925826289068,0.));
#2526=DIRECTION('',(-0.258819045102521,-0.965925826289068,0.));
#2527=DIRECTION('',(0.,0.,1.));
#2528=DIRECTION('center_axis',(0.96592582628907,-0.258819045102516,0.));
#2529=DIRECTION('ref_axis',(0.258819045102516,0.96592582628907,0.));
#2530=DIRECTION('',(-0.258819045102516,-0.96592582628907,0.));
#2531=DIRECTION('',(0.,0.,1.));
#2532=DIRECTION('',(0.258819045102516,0.96592582628907,0.));
#2533=DIRECTION('',(0.,0.,1.));
#2534=DIRECTION('center_axis',(2.48097166138152E-15,-1.,0.));
#2535=DIRECTION('ref_axis',(1.,2.48097166138152E-15,0.));
#2536=DIRECTION('',(1.,2.48097166138152E-15,0.));
#2537=DIRECTION('',(1.,2.48097166138152E-15,0.));
#2538=DIRECTION('',(0.,0.,1.));
#2539=DIRECTION('center_axis',(1.,3.63598040564757E-14,0.));
#2540=DIRECTION('ref_axis',(-3.63598040564757E-14,1.,0.));
#2541=DIRECTION('',(3.63598040564757E-14,-1.,0.));
#2542=DIRECTION('',(-3.63598040564757E-14,1.,0.));
#2543=DIRECTION('',(0.,0.,1.));
#2544=DIRECTION('center_axis',(2.48662307746661E-15,1.,0.));
#2545=DIRECTION('ref_axis',(-1.,2.48662307746661E-15,0.));
#2546=DIRECTION('',(1.,-2.48662307746661E-15,0.));
#2547=DIRECTION('',(-1.,2.48662307746661E-15,0.));
#2548=DIRECTION('',(0.,0.,1.));
#2549=DIRECTION('center_axis',(0.965925826288985,0.258819045102833,0.));
#2550=DIRECTION('ref_axis',(-0.258819045102833,0.965925826288985,0.));
#2551=DIRECTION('',(0.258819045102833,-0.965925826288985,0.));
#2552=DIRECTION('',(-0.258819045102833,0.965925826288985,0.));
#2553=DIRECTION('',(0.,0.,1.));
#2554=DIRECTION('center_axis',(-0.965925826289068,-0.258819045102521,0.));
#2555=DIRECTION('ref_axis',(0.258819045102521,-0.965925826289068,0.));
#2556=DIRECTION('',(0.258819045102521,-0.965925826289068,0.));
#2557=DIRECTION('',(0.,0.,1.));
#2558=DIRECTION('',(0.258819045102521,-0.965925826289068,0.));
#2559=DIRECTION('',(0.,0.,1.));
#2560=DIRECTION('center_axis',(-4.45521755688367E-14,-1.,0.));
#2561=DIRECTION('ref_axis',(1.,-4.45521755688367E-14,0.));
#2562=DIRECTION('',(1.,-4.45521755688367E-14,0.));
#2563=DIRECTION('',(1.,-4.45521755688367E-14,0.));
#2564=DIRECTION('',(0.,0.,1.));
#2565=DIRECTION('center_axis',(0.965925826289068,-0.258819045102521,0.));
#2566=DIRECTION('ref_axis',(0.258819045102521,0.965925826289068,0.));
#2567=DIRECTION('',(0.258819045102521,0.965925826289068,0.));
#2568=DIRECTION('',(0.258819045102521,0.965925826289068,0.));
#2569=DIRECTION('',(0.,0.,1.));
#2570=DIRECTION('center_axis',(-0.965925826289068,0.258819045102522,0.));
#2571=DIRECTION('ref_axis',(-0.258819045102522,-0.965925826289068,0.));
#2572=DIRECTION('',(0.258819045102522,0.965925826289068,0.));
#2573=DIRECTION('',(0.,0.,1.));
#2574=DIRECTION('',(-0.258819045102522,-0.965925826289068,0.));
#2575=DIRECTION('',(0.,0.,1.));
#2576=DIRECTION('center_axis',(2.48662307746661E-15,1.,0.));
#2577=DIRECTION('ref_axis',(-1.,2.48662307746661E-15,0.));
#2578=DIRECTION('',(1.,-2.48662307746661E-15,0.));
#2579=DIRECTION('',(-1.,2.48662307746661E-15,0.));
#2580=DIRECTION('',(0.,0.,1.));
#2581=DIRECTION('center_axis',(-1.,-3.89965837399586E-14,0.));
#2582=DIRECTION('ref_axis',(3.89965837399586E-14,-1.,0.));
#2583=DIRECTION('',(3.89965837399586E-14,-1.,0.));
#2584=DIRECTION('',(3.89965837399586E-14,-1.,0.));
#2585=DIRECTION('',(0.,0.,1.));
#2586=DIRECTION('center_axis',(2.48097166138152E-15,-1.,0.));
#2587=DIRECTION('ref_axis',(1.,2.48097166138152E-15,0.));
#2588=DIRECTION('',(1.,2.48097166138152E-15,0.));
#2589=DIRECTION('',(1.,2.48097166138152E-15,0.));
#2590=DIRECTION('',(0.,0.,1.));
#2591=DIRECTION('center_axis',(-0.965925826289069,-0.25881904510252,0.));
#2592=DIRECTION('ref_axis',(0.25881904510252,-0.965925826289068,0.));
#2593=DIRECTION('',(0.25881904510252,-0.965925826289068,0.));
#2594=DIRECTION('',(0.25881904510252,-0.965925826289068,0.));
#2595=DIRECTION('',(0.,0.,1.));
#2596=DIRECTION('center_axis',(0.,0.,1.));
#2597=DIRECTION('ref_axis',(1.,0.,0.));
#2598=DIRECTION('center_axis',(0.,0.,1.));
#2599=DIRECTION('ref_axis',(1.,0.,0.));
#2600=DIRECTION('center_axis',(0.,0.,1.));
#2601=DIRECTION('ref_axis',(1.,0.,0.));
#2602=DIRECTION('center_axis',(0.,0.,1.));
#2603=DIRECTION('ref_axis',(1.,0.,0.));
#2604=DIRECTION('center_axis',(0.,0.,1.));
#2605=DIRECTION('ref_axis',(1.,0.,0.));
#2606=DIRECTION('center_axis',(0.,0.,1.));
#2607=DIRECTION('ref_axis',(1.,0.,0.));
#2608=DIRECTION('center_axis',(0.,0.,1.));
#2609=DIRECTION('ref_axis',(1.,0.,0.));
#2610=DIRECTION('center_axis',(0.,0.,1.));
#2611=DIRECTION('ref_axis',(1.,0.,0.));
#2612=DIRECTION('center_axis',(0.,0.,-1.));
#2613=DIRECTION('ref_axis',(1.,0.,0.));
#2614=DIRECTION('center_axis',(0.,0.,-1.));
#2615=DIRECTION('ref_axis',(1.,0.,0.));
#2616=DIRECTION('center_axis',(0.,0.,-1.));
#2617=DIRECTION('ref_axis',(1.,0.,0.));
#2618=DIRECTION('center_axis',(0.,0.,-1.));
#2619=DIRECTION('ref_axis',(1.,0.,0.));
#2620=DIRECTION('center_axis',(0.,0.,-1.));
#2621=DIRECTION('ref_axis',(1.,0.,0.));
#2622=DIRECTION('center_axis',(0.,0.,-1.));
#2623=DIRECTION('ref_axis',(1.,0.,0.));
#2624=DIRECTION('center_axis',(0.,0.,1.));
#2625=DIRECTION('ref_axis',(1.,0.,0.));
#2626=DIRECTION('center_axis',(0.,0.,1.));
#2627=DIRECTION('ref_axis',(1.,0.,0.));
#2628=DIRECTION('',(0.,0.,-1.));
#2629=DIRECTION('',(0.,0.,-1.));
#2630=DIRECTION('center_axis',(0.,0.,1.));
#2631=DIRECTION('ref_axis',(1.,0.,0.));
#2632=DIRECTION('center_axis',(0.,0.,1.));
#2633=DIRECTION('ref_axis',(1.,0.,0.));
#2634=DIRECTION('',(0.,0.,-1.));
#2635=DIRECTION('',(0.,0.,-1.));
#2636=DIRECTION('center_axis',(0.,0.,1.));
#2637=DIRECTION('ref_axis',(1.,0.,0.));
#2638=DIRECTION('center_axis',(0.,0.,1.));
#2639=DIRECTION('ref_axis',(1.,0.,0.));
#2640=DIRECTION('',(0.,0.,-1.));
#2641=DIRECTION('center_axis',(0.,0.,1.));
#2642=DIRECTION('ref_axis',(1.,0.,0.));
#2643=DIRECTION('center_axis',(0.,0.,-1.));
#2644=DIRECTION('ref_axis',(1.,0.,0.));
#2645=DIRECTION('center_axis',(0.,0.,1.));
#2646=DIRECTION('ref_axis',(1.,0.,0.));
#2647=DIRECTION('center_axis',(0.,0.,-1.));
#2648=DIRECTION('ref_axis',(1.,0.,0.));
#2649=DIRECTION('center_axis',(0.,0.,1.));
#2650=DIRECTION('ref_axis',(1.,0.,0.));
#2651=DIRECTION('center_axis',(0.,0.,1.));
#2652=DIRECTION('ref_axis',(1.,0.,0.));
#2653=DIRECTION('',(0.,0.,-1.));
#2654=DIRECTION('center_axis',(0.,0.,1.));
#2655=DIRECTION('ref_axis',(1.,0.,0.));
#2656=DIRECTION('center_axis',(0.,0.,-1.));
#2657=DIRECTION('ref_axis',(1.,0.,0.));
#2658=DIRECTION('center_axis',(0.,0.,1.));
#2659=DIRECTION('ref_axis',(1.,0.,0.));
#2660=DIRECTION('center_axis',(0.,0.,-1.));
#2661=DIRECTION('ref_axis',(1.,0.,0.));
#2662=DIRECTION('center_axis',(0.,0.,1.));
#2663=DIRECTION('ref_axis',(1.,0.,0.));
#2664=DIRECTION('center_axis',(0.,0.,1.));
#2665=DIRECTION('ref_axis',(1.,0.,0.));
#2666=DIRECTION('',(0.,0.,1.));
#2667=DIRECTION('',(0.,0.,1.));
#2668=DIRECTION('center_axis',(-1.,-4.07451510539351E-13,0.));
#2669=DIRECTION('ref_axis',(4.07451510539351E-13,-1.,0.));
#2670=DIRECTION('',(4.07451510539351E-13,-1.,0.));
#2671=DIRECTION('',(0.,0.,1.));
#2672=DIRECTION('center_axis',(0.,0.,1.));
#2673=DIRECTION('ref_axis',(1.,0.,0.));
#2674=DIRECTION('center_axis',(0.,0.,1.));
#2675=DIRECTION('ref_axis',(1.,0.,0.));
#2676=DIRECTION('',(0.,0.,1.));
#2677=DIRECTION('center_axis',(-0.635576127529301,-0.772038202497038,0.));
#2678=DIRECTION('ref_axis',(0.772038202497038,-0.635576127529301,0.));
#2679=DIRECTION('',(0.772038202497038,-0.635576127529301,0.));
#2680=DIRECTION('',(0.,0.,-1.));
#2681=DIRECTION('center_axis',(-0.635576127529196,0.772038202497125,0.));
#2682=DIRECTION('ref_axis',(-0.772038202497125,-0.635576127529196,0.));
#2683=DIRECTION('',(0.772038202497125,0.635576127529196,0.));
#2684=DIRECTION('',(0.,0.,1.));
#2685=DIRECTION('center_axis',(0.,0.,1.));
#2686=DIRECTION('ref_axis',(1.,0.,0.));
#2687=DIRECTION('',(0.,0.,-1.));
#2688=DIRECTION('center_axis',(0.,0.,-1.));
#2689=DIRECTION('ref_axis',(1.,0.,0.));
#2690=DIRECTION('center_axis',(0.,0.,1.));
#2691=DIRECTION('ref_axis',(1.,0.,0.));
#2692=DIRECTION('',(0.,0.,-1.));
#2693=DIRECTION('center_axis',(0.,0.,-1.));
#2694=DIRECTION('ref_axis',(1.,0.,0.));
#2695=DIRECTION('center_axis',(0.,0.,1.));
#2696=DIRECTION('ref_axis',(1.,0.,0.));
#2697=DIRECTION('center_axis',(0.,0.,1.));
#2698=DIRECTION('ref_axis',(1.,0.,0.));
#2699=DIRECTION('',(0.,0.,1.));
#2700=DIRECTION('',(0.,0.,1.));
#2701=DIRECTION('center_axis',(0.635576127529209,0.772038202497114,0.));
#2702=DIRECTION('ref_axis',(-0.772038202497114,0.635576127529209,0.));
#2703=DIRECTION('',(0.772038202497114,-0.635576127529209,0.));
#2704=DIRECTION('',(0.,0.,-1.));
#2705=DIRECTION('center_axis',(0.635576127529117,-0.772038202497189,0.));
#2706=DIRECTION('ref_axis',(0.772038202497189,0.635576127529117,0.));
#2707=DIRECTION('',(-0.772038202497189,-0.635576127529117,0.));
#2708=DIRECTION('',(0.,0.,1.));
#2709=DIRECTION('',(0.,0.,1.));
#2710=DIRECTION('center_axis',(0.,0.,1.));
#2711=DIRECTION('ref_axis',(1.,0.,0.));
#2712=DIRECTION('center_axis',(0.,0.,1.));
#2713=DIRECTION('ref_axis',(1.,0.,0.));
#2714=DIRECTION('',(0.,0.,1.));
#2715=DIRECTION('center_axis',(1.,5.34850520492595E-13,0.));
#2716=DIRECTION('ref_axis',(-5.34850520492595E-13,1.,0.));
#2717=DIRECTION('',(5.34850520492595E-13,-1.,0.));
#2718=DIRECTION('center_axis',(0.,0.,1.));
#2719=DIRECTION('ref_axis',(1.,0.,0.));
#2720=DIRECTION('',(0.,0.,-1.));
#2721=DIRECTION('center_axis',(0.,0.,-1.));
#2722=DIRECTION('ref_axis',(1.,0.,0.));
#2723=DIRECTION('center_axis',(0.,0.,1.));
#2724=DIRECTION('ref_axis',(1.,0.,0.));
#2725=DIRECTION('',(0.,0.,-1.));
#2726=DIRECTION('center_axis',(0.,0.,-1.));
#2727=DIRECTION('ref_axis',(1.,0.,0.));
#2728=DIRECTION('center_axis',(0.,0.,1.));
#2729=DIRECTION('ref_axis',(1.,0.,0.));
#2730=DIRECTION('center_axis',(0.,0.,-1.));
#2731=DIRECTION('ref_axis',(1.,0.,0.));
#2732=DIRECTION('center_axis',(0.,0.,1.));
#2733=DIRECTION('ref_axis',(1.,0.,0.));
#2734=DIRECTION('',(0.,0.,-1.));
#2735=DIRECTION('center_axis',(0.,0.,-1.));
#2736=DIRECTION('ref_axis',(1.,0.,0.));
#2737=DIRECTION('center_axis',(0.,0.,1.));
#2738=DIRECTION('ref_axis',(1.,0.,0.));
#2739=DIRECTION('center_axis',(0.,0.,-1.));
#2740=DIRECTION('ref_axis',(1.,0.,0.));
#2741=DIRECTION('center_axis',(0.,0.,1.));
#2742=DIRECTION('ref_axis',(1.,0.,0.));
#2743=DIRECTION('',(0.,0.,-1.));
#2744=DIRECTION('center_axis',(0.,0.,-1.));
#2745=DIRECTION('ref_axis',(1.,0.,0.));
#2746=DIRECTION('center_axis',(0.,0.,1.));
#2747=DIRECTION('ref_axis',(1.,0.,0.));
#2748=DIRECTION('center_axis',(0.,0.,-1.));
#2749=DIRECTION('ref_axis',(1.,0.,0.));
#2750=DIRECTION('center_axis',(0.,0.,1.));
#2751=DIRECTION('ref_axis',(1.,0.,0.));
#2752=DIRECTION('',(0.,0.,-1.));
#2753=DIRECTION('center_axis',(0.,0.,-1.));
#2754=DIRECTION('ref_axis',(1.,0.,0.));
#2755=DIRECTION('center_axis',(0.,0.,1.));
#2756=DIRECTION('ref_axis',(1.,0.,0.));
#2757=DIRECTION('',(0.,0.,-1.));
#2758=DIRECTION('center_axis',(0.,0.,-1.));
#2759=DIRECTION('ref_axis',(1.,0.,0.));
#2760=DIRECTION('center_axis',(0.,0.,1.));
#2761=DIRECTION('ref_axis',(1.,0.,0.));
#2762=DIRECTION('center_axis',(0.,0.,-1.));
#2763=DIRECTION('ref_axis',(1.,0.,0.));
#2764=DIRECTION('center_axis',(0.,0.,1.));
#2765=DIRECTION('ref_axis',(1.,0.,0.));
#2766=DIRECTION('',(0.,0.,-1.));
#2767=DIRECTION('center_axis',(0.,0.,-1.));
#2768=DIRECTION('ref_axis',(1.,0.,0.));
#2769=DIRECTION('center_axis',(0.,0.,1.));
#2770=DIRECTION('ref_axis',(1.,0.,0.));
#2771=DIRECTION('',(0.,0.,-1.));
#2772=DIRECTION('center_axis',(0.,0.,-1.));
#2773=DIRECTION('ref_axis',(1.,0.,0.));
#2774=DIRECTION('center_axis',(0.,0.,1.));
#2775=DIRECTION('ref_axis',(1.,0.,0.));
#2776=DIRECTION('',(0.,0.,-1.));
#2777=DIRECTION('center_axis',(0.,0.,-1.));
#2778=DIRECTION('ref_axis',(1.,0.,0.));
#2779=DIRECTION('center_axis',(0.,0.,1.));
#2780=DIRECTION('ref_axis',(1.,0.,0.));
#2781=DIRECTION('',(0.,0.,-1.));
#2782=DIRECTION('center_axis',(0.,0.,-1.));
#2783=DIRECTION('ref_axis',(1.,0.,0.));
#2784=DIRECTION('center_axis',(0.,0.,1.));
#2785=DIRECTION('ref_axis',(1.,0.,0.));
#2786=DIRECTION('',(1.,0.,0.));
#2787=DIRECTION('',(-1.,0.,0.));
#2788=DIRECTION('',(-1.,0.,0.));
#2789=DIRECTION('',(1.,0.,0.));
#2790=DIRECTION('center_axis',(0.,1.,0.));
#2791=DIRECTION('ref_axis',(1.,0.,0.));
#2792=DIRECTION('center_axis',(0.,-1.,0.));
#2793=DIRECTION('ref_axis',(1.,0.,0.));
#2794=DIRECTION('',(0.,1.,0.));
#2795=DIRECTION('center_axis',(0.,-1.,0.));
#2796=DIRECTION('ref_axis',(1.,0.,0.));
#2797=DIRECTION('center_axis',(0.,-1.,0.));
#2798=DIRECTION('ref_axis',(1.,0.,0.));
#2799=DIRECTION('center_axis',(0.,1.,0.));
#2800=DIRECTION('ref_axis',(1.,0.,0.));
#2801=DIRECTION('center_axis',(0.,1.,0.));
#2802=DIRECTION('ref_axis',(1.,0.,0.));
#2803=DIRECTION('',(0.,1.,0.));
#2804=DIRECTION('center_axis',(0.,1.,0.));
#2805=DIRECTION('ref_axis',(1.,0.,0.));
#2806=DIRECTION('center_axis',(0.,1.,0.));
#2807=DIRECTION('ref_axis',(0.,0.,-1.));
#2808=DIRECTION('center_axis',(0.,-1.,0.));
#2809=DIRECTION('ref_axis',(0.,0.,1.));
#2810=DIRECTION('center_axis',(0.,-1.,0.));
#2811=DIRECTION('ref_axis',(0.,0.,-1.));
#2812=DIRECTION('center_axis',(0.,1.,0.));
#2813=DIRECTION('ref_axis',(0.,0.,1.));
#2814=DIRECTION('center_axis',(0.,1.,0.));
#2815=DIRECTION('ref_axis',(-1.,0.,0.));
#2816=DIRECTION('',(1.22464679914735E-16,0.,1.));
#2817=DIRECTION('',(-1.,0.,1.22464679914735E-16));
#2818=DIRECTION('',(-1.22464679914735E-16,0.,-1.));
#2819=DIRECTION('',(1.,0.,-1.22464679914735E-16));
#2820=DIRECTION('center_axis',(-1.22272529652579E-16,0.,-1.));
#2821=DIRECTION('ref_axis',(0.0031380519230465,-0.999995076302943,0.));
#2822=DIRECTION('center_axis',(1.22464679914735E-16,0.,1.));
#2823=DIRECTION('ref_axis',(0.,1.,0.));
#2824=DIRECTION('center_axis',(-1.,0.,1.22464679914735E-16));
#2825=DIRECTION('ref_axis',(-1.22464679914735E-16,0.,-1.));
#2826=DIRECTION('center_axis',(-1.22464679914735E-16,0.,-1.));
#2827=DIRECTION('ref_axis',(-1.,0.,1.22464679914735E-16));
#2828=DIRECTION('center_axis',(-1.,0.,1.22464679914735E-16));
#2829=DIRECTION('ref_axis',(-1.22464679914735E-16,0.,-1.));
#2830=DIRECTION('center_axis',(1.22464679914735E-16,0.,1.));
#2831=DIRECTION('ref_axis',(8.26946079742758E-16,-1.,-8.03866411570325E-32));
#2832=DIRECTION('center_axis',(-1.22464679914735E-16,0.,-1.));
#2833=DIRECTION('ref_axis',(-1.,0.,1.22464679914735E-16));
#2834=DIRECTION('center_axis',(-1.,0.,1.22464679914735E-16));
#2835=DIRECTION('ref_axis',(-1.22464679914735E-16,0.,-1.));
#2836=DIRECTION('',(0.,1.,0.));
#2837=DIRECTION('',(-1.22464679914735E-16,0.,-1.));
#2838=DIRECTION('',(0.,1.,0.));
#2839=DIRECTION('center_axis',(-1.22464679914735E-16,0.,-1.));
#2840=DIRECTION('ref_axis',(0.982406627155271,0.186754434810542,-1.20310113140685E-16));
#2841=DIRECTION('center_axis',(-1.22464679914735E-16,0.,-1.));
#2842=DIRECTION('ref_axis',(-1.,0.,1.22464679914735E-16));
#2843=DIRECTION('center_axis',(-1.22464679914735E-16,0.,-1.));
#2844=DIRECTION('ref_axis',(-1.,0.,1.22464679914735E-16));
#2845=DIRECTION('center_axis',(-1.,0.,1.22464679914735E-16));
#2846=DIRECTION('ref_axis',(-1.22464679914735E-16,0.,-1.));
#2847=DIRECTION('',(0.,1.,0.));
#2848=DIRECTION('',(0.,1.,0.));
#2849=DIRECTION('',(-1.22464679914735E-16,0.,-1.));
#2850=DIRECTION('center_axis',(-1.22464679914735E-16,0.,-1.));
#2851=DIRECTION('ref_axis',(-1.,0.,1.22464679914735E-16));
#2852=DIRECTION('center_axis',(-1.22464679914735E-16,0.,-1.));
#2853=DIRECTION('ref_axis',(-1.,0.,1.22464679914735E-16));
#2854=DIRECTION('center_axis',(-1.22464679914735E-16,0.,-1.));
#2855=DIRECTION('ref_axis',(-1.,0.,1.22464679914735E-16));
#2856=DIRECTION('center_axis',(-1.22464679914735E-16,0.,-1.));
#2857=DIRECTION('ref_axis',(-1.,0.,1.22464679914735E-16));
#2858=DIRECTION('center_axis',(-1.22464679914735E-16,0.,-1.));
#2859=DIRECTION('ref_axis',(-1.,0.,1.22464679914735E-16));
#2860=DIRECTION('center_axis',(0.,-1.,0.));
#2861=DIRECTION('ref_axis',(1.,0.,0.));
#2862=DIRECTION('',(-1.22464679914735E-16,0.,-1.));
#2863=DIRECTION('',(-1.,0.,1.22464679914735E-16));
#2864=DIRECTION('',(1.22464679914735E-16,0.,1.));
#2865=DIRECTION('',(1.,0.,-1.22464679914735E-16));
#2866=DIRECTION('center_axis',(-1.22656830176891E-16,0.,-1.));
#2867=DIRECTION('ref_axis',(-0.00313805192304282,-0.999995076302943,0.));
#2868=DIRECTION('center_axis',(-1.22464679914735E-16,0.,-1.));
#2869=DIRECTION('ref_axis',(0.,-1.,0.));
#2870=DIRECTION('center_axis',(1.,0.,-1.22464679914735E-16));
#2871=DIRECTION('ref_axis',(-1.22464679914735E-16,0.,-1.));
#2872=DIRECTION('center_axis',(1.22464679914735E-16,0.,1.));
#2873=DIRECTION('ref_axis',(-1.,0.,1.22464679914735E-16));
#2874=DIRECTION('center_axis',(1.,0.,-1.22464679914735E-16));
#2875=DIRECTION('ref_axis',(-1.22464679914735E-16,0.,-1.));
#2876=DIRECTION('center_axis',(1.22464679914735E-16,0.,1.));
#2877=DIRECTION('ref_axis',(8.26946079742758E-16,1.,-8.03866411570325E-32));
#2878=DIRECTION('center_axis',(1.22464679914735E-16,0.,1.));
#2879=DIRECTION('ref_axis',(-1.,0.,1.22464679914735E-16));
#2880=DIRECTION('center_axis',(1.,0.,-1.22464679914735E-16));
#2881=DIRECTION('ref_axis',(-1.22464679914735E-16,0.,-1.));
#2882=DIRECTION('',(0.,-1.,0.));
#2883=DIRECTION('',(0.,-1.,0.));
#2884=DIRECTION('',(-1.22464679914735E-16,0.,-1.));
#2885=DIRECTION('center_axis',(1.22464679914735E-16,0.,1.));
#2886=DIRECTION('ref_axis',(0.98240662715527,-0.186754434810544,-1.20310113140685E-16));
#2887=DIRECTION('center_axis',(1.22464679914735E-16,0.,1.));
#2888=DIRECTION('ref_axis',(-1.,0.,1.22464679914735E-16));
#2889=DIRECTION('center_axis',(1.22464679914735E-16,0.,1.));
#2890=DIRECTION('ref_axis',(-1.,0.,1.22464679914735E-16));
#2891=DIRECTION('center_axis',(1.,0.,-1.22464679914735E-16));
#2892=DIRECTION('ref_axis',(-1.22464679914735E-16,0.,-1.));
#2893=DIRECTION('',(0.,-1.,0.));
#2894=DIRECTION('',(-1.22464679914735E-16,0.,-1.));
#2895=DIRECTION('',(0.,-1.,0.));
#2896=DIRECTION('center_axis',(1.22464679914735E-16,0.,1.));
#2897=DIRECTION('ref_axis',(-1.,0.,1.22464679914735E-16));
#2898=DIRECTION('center_axis',(1.22464679914735E-16,0.,1.));
#2899=DIRECTION('ref_axis',(-1.,0.,1.22464679914735E-16));
#2900=DIRECTION('center_axis',(1.22464679914735E-16,0.,1.));
#2901=DIRECTION('ref_axis',(-1.,0.,1.22464679914735E-16));
#2902=DIRECTION('center_axis',(1.22464679914735E-16,0.,1.));
#2903=DIRECTION('ref_axis',(-1.,0.,1.22464679914735E-16));
#2904=DIRECTION('center_axis',(1.22464679914735E-16,0.,1.));
#2905=DIRECTION('ref_axis',(-1.,0.,1.22464679914735E-16));
#2906=CARTESIAN_POINT('',(0.,0.,0.));
#2907=CARTESIAN_POINT('Origin',(2.5,-45.5,5.9));
#2908=CARTESIAN_POINT('',(-1.5,-45.5,4.));
#2909=CARTESIAN_POINT('Origin',(-2.77555756156289E-16,-45.5,4.));
#2910=CARTESIAN_POINT('Origin',(2.5,45.5,5.9));
#2911=CARTESIAN_POINT('',(-1.5,45.5,4.));
#2912=CARTESIAN_POINT('Origin',(-2.77555756156289E-16,45.5,4.));
#2913=CARTESIAN_POINT('Origin',(-2.77555756156289E-16,-40.,4.));
#2914=CARTESIAN_POINT('',(-1.5,-40.,4.));
#2915=CARTESIAN_POINT('Origin',(4.5,-15.3807659009502,4.));
#2916=CARTESIAN_POINT('',(4.,-15.3807659009502,4.));
#2917=CARTESIAN_POINT('',(4.42710032875852,-14.8861088096911,4.));
#2918=CARTESIAN_POINT('Origin',(4.5,-15.3807659009502,4.));
#2919=CARTESIAN_POINT('',(4.,-15.3807659009502,0.));
#2920=CARTESIAN_POINT('',(4.,-15.3807659009502,4.));
#2921=CARTESIAN_POINT('',(4.42710032875852,-14.8861088096911,0.));
#2922=CARTESIAN_POINT('Origin',(4.5,-15.3807659009502,0.));
#2923=CARTESIAN_POINT('',(4.42710032875852,-14.8861088096911,4.));
#2924=CARTESIAN_POINT('Origin',(4.,-26.7618182728347,4.));
#2925=CARTESIAN_POINT('',(4.,-25.7025597269241,4.));
#2926=CARTESIAN_POINT('',(4.,-20.,4.));
#2927=CARTESIAN_POINT('',(4.,-25.7025597269241,0.));
#2928=CARTESIAN_POINT('',(4.,-25.7025597269241,4.));
#2929=CARTESIAN_POINT('',(4.,-13.3809091364173,0.));
#2930=CARTESIAN_POINT('Origin',(4.5,-25.7025597269241,4.));
#2931=CARTESIAN_POINT('',(4.81778806376456,-26.0885788281727,4.));
#2932=CARTESIAN_POINT('Origin',(4.5,-25.7025597269241,4.));
#2933=CARTESIAN_POINT('',(4.81778806376455,-26.0885788281727,-2.77555756156289E-16));
#2934=CARTESIAN_POINT('',(4.81778806376456,-26.0885788281727,4.));
#2935=CARTESIAN_POINT('Origin',(4.5,-25.7025597269241,0.));
#2936=CARTESIAN_POINT('Origin',(21.477860577031,-12.3732674121231,4.));
#2937=CARTESIAN_POINT('',(20.0896451993225,-13.5161079491411,4.));
#2938=CARTESIAN_POINT('',(22.8810538115102,-11.2180964383802,4.));
#2939=CARTESIAN_POINT('',(20.0896451993225,-13.5161079491411,-2.77555756156289E-16));
#2940=CARTESIAN_POINT('',(20.0896451993225,-13.5161079491411,4.));
#2941=CARTESIAN_POINT('',(18.1127099225895,-15.1436088467618,-2.77555756156289E-16));
#2942=CARTESIAN_POINT('Origin',(19.7718571355579,-13.1300888478925,4.));
#2943=CARTESIAN_POINT('',(19.6989574643164,-12.6354317566334,4.));
#2944=CARTESIAN_POINT('Origin',(19.7718571355579,-13.1300888478925,4.));
#2945=CARTESIAN_POINT('',(19.6989574643164,-12.6354317566334,0.));
#2946=CARTESIAN_POINT('',(19.6989574643165,-12.6354317566334,4.));
#2947=CARTESIAN_POINT('Origin',(19.7718571355579,-13.1300888478925,0.));
#2948=CARTESIAN_POINT('Origin',(4.,-14.9490523600896,4.));
#2949=CARTESIAN_POINT('',(3.12065069807208,-15.0786457211264,0.));
#2950=CARTESIAN_POINT('',(10.9505911119244,-13.9247148625647,4.));
#2951=CARTESIAN_POINT('Origin',(19.7718604189804,13.1300861448078,4.));
#2952=CARTESIAN_POINT('',(19.6989606259818,12.6354290714926,4.));
#2953=CARTESIAN_POINT('',(20.0896484827453,13.5161052460561,4.));
#2954=CARTESIAN_POINT('Origin',(19.7718604189804,13.1300861448078,4.));
#2955=CARTESIAN_POINT('',(20.0896484827453,13.5161052460561,0.));
#2956=CARTESIAN_POINT('',(20.0896484827453,13.5161052460561,4.));
#2957=CARTESIAN_POINT('',(19.6989606259818,12.6354290714926,0.));
#2958=CARTESIAN_POINT('Origin',(19.7718604189804,13.1300861448078,0.));
#2959=CARTESIAN_POINT('',(19.6989606259818,12.6354290714926,4.));
#2960=CARTESIAN_POINT('Origin',(4.,26.7618182728323,4.));
#2961=CARTESIAN_POINT('',(4.81778806376489,26.0885788281689,4.));
#2962=CARTESIAN_POINT('',(14.1421235229913,18.4123718687218,4.));
#2963=CARTESIAN_POINT('',(4.81778806376489,26.0885788281689,0.));
#2964=CARTESIAN_POINT('',(4.81778806376489,26.0885788281689,4.));
#2965=CARTESIAN_POINT('',(9.37377963407732,22.3378842771048,0.));
#2966=CARTESIAN_POINT('Origin',(4.5,25.7025597269206,4.));
#2967=CARTESIAN_POINT('',(4.,25.7025597269206,4.));
#2968=CARTESIAN_POINT('Origin',(4.5,25.7025597269206,4.));
#2969=CARTESIAN_POINT('',(4.,25.7025597269206,0.));
#2970=CARTESIAN_POINT('',(4.,25.7025597269206,4.));
#2971=CARTESIAN_POINT('Origin',(4.5,25.7025597269206,0.));
#2972=CARTESIAN_POINT('Origin',(4.,14.9490540890388,4.));
#2973=CARTESIAN_POINT('',(4.,15.3807675224876,4.));
#2974=CARTESIAN_POINT('',(4.,-20.,4.));
#2975=CARTESIAN_POINT('',(4.,15.3807675224876,0.));
#2976=CARTESIAN_POINT('',(4.,15.3807675224876,4.));
#2977=CARTESIAN_POINT('',(4.,7.47452704451939,0.));
#2978=CARTESIAN_POINT('Origin',(4.5,15.3807675224876,4.));
#2979=CARTESIAN_POINT('',(4.42710020700134,14.8861104491724,4.));
#2980=CARTESIAN_POINT('Origin',(4.5,15.3807675224876,4.));
#2981=CARTESIAN_POINT('',(4.42710020700134,14.8861104491724,0.));
#2982=CARTESIAN_POINT('',(4.42710020700134,14.8861104491724,4.));
#2983=CARTESIAN_POINT('Origin',(4.5,15.3807675224876,0.));
#2984=CARTESIAN_POINT('Origin',(21.477864522379,12.3732641641099,4.));
#2985=CARTESIAN_POINT('',(11.8595849875666,13.7907524098391,0.));
#2986=CARTESIAN_POINT('',(19.6895248333507,12.636819665839,4.));
#2987=CARTESIAN_POINT('Origin',(-4.5,15.3807649779876,4.));
#2988=CARTESIAN_POINT('',(-4.,15.3807649779876,4.));
#2989=CARTESIAN_POINT('',(-4.42710039806156,14.886107876515,4.));
#2990=CARTESIAN_POINT('Origin',(-4.5,15.3807649779876,4.));
#2991=CARTESIAN_POINT('',(-4.,15.3807649779876,0.));
#2992=CARTESIAN_POINT('',(-4.,15.3807649779876,4.));
#2993=CARTESIAN_POINT('',(-4.42710039806156,14.886107876515,0.));
#2994=CARTESIAN_POINT('Origin',(-4.5,15.3807649779876,0.));
#2995=CARTESIAN_POINT('',(-4.42710039806156,14.886107876515,4.));
#2996=CARTESIAN_POINT('Origin',(-4.,26.7618182728344,4.));
#2997=CARTESIAN_POINT('',(-4.,25.7025597269238,4.));
#2998=CARTESIAN_POINT('',(-4.,20.0000000000001,4.));
#2999=CARTESIAN_POINT('',(-4.,25.7025597269238,0.));
#3000=CARTESIAN_POINT('',(-4.,25.7025597269238,4.));
#3001=CARTESIAN_POINT('',(-4.,13.3809091364172,0.));
#3002=CARTESIAN_POINT('Origin',(-4.5,25.7025597269238,4.));
#3003=CARTESIAN_POINT('',(-4.81778806376459,26.0885788281723,4.));
#3004=CARTESIAN_POINT('Origin',(-4.5,25.7025597269238,4.));
#3005=CARTESIAN_POINT('',(-4.81778806376459,26.0885788281723,0.));
#3006=CARTESIAN_POINT('',(-4.81778806376459,26.0885788281723,4.));
#3007=CARTESIAN_POINT('Origin',(-4.5,25.7025597269238,0.));
#3008=CARTESIAN_POINT('Origin',(-21.4778583313483,12.373269260866,4.));
#3009=CARTESIAN_POINT('',(-20.0896433304034,13.5161094877158,4.));
#3010=CARTESIAN_POINT('',(-22.8810526886685,11.2180973627504,4.));
#3011=CARTESIAN_POINT('',(-20.0896433304034,13.5161094877158,0.));
#3012=CARTESIAN_POINT('',(-20.0896433304034,13.5161094877158,4.));
#3013=CARTESIAN_POINT('',(-18.1127087997485,15.1436097711322,0.));
#3014=CARTESIAN_POINT('Origin',(-19.7718552666388,13.1300903864672,4.));
#3015=CARTESIAN_POINT('',(-19.6989556647004,12.6354332849947,4.));
#3016=CARTESIAN_POINT('Origin',(-19.7718552666388,13.1300903864672,4.));
#3017=CARTESIAN_POINT('',(-19.6989556647004,12.6354332849947,0.));
#3018=CARTESIAN_POINT('',(-19.6989556647004,12.6354332849947,4.));
#3019=CARTESIAN_POINT('Origin',(-19.7718552666388,13.1300903864672,0.));
#3020=CARTESIAN_POINT('Origin',(-4.,14.9490513759892,4.));
#3021=CARTESIAN_POINT('',(-3.12064954358015,15.0786447812927,0.));
#3022=CARTESIAN_POINT('',(-10.9505902807711,13.9247149959049,4.));
#3023=CARTESIAN_POINT('Origin',(-4.5,-25.7025597269294,4.));
#3024=CARTESIAN_POINT('',(-4.,-25.7025597269294,4.));
#3025=CARTESIAN_POINT('',(-4.81778806376489,-26.0885788281777,4.));
#3026=CARTESIAN_POINT('Origin',(-4.5,-25.7025597269294,4.));
#3027=CARTESIAN_POINT('',(-4.,-25.7025597269294,0.));
#3028=CARTESIAN_POINT('',(-4.,-25.7025597269294,4.));
#3029=CARTESIAN_POINT('',(-4.81778806376489,-26.0885788281777,0.));
#3030=CARTESIAN_POINT('Origin',(-4.5,-25.7025597269294,0.));
#3031=CARTESIAN_POINT('',(-4.81778806376489,-26.0885788281777,4.));
#3032=CARTESIAN_POINT('Origin',(-4.,-14.9490531657688,4.));
#3033=CARTESIAN_POINT('',(-4.,-15.3807666565761,4.));
#3034=CARTESIAN_POINT('',(-4.,20.0000000000001,4.));
#3035=CARTESIAN_POINT('',(-4.,-15.3807666565761,0.));
#3036=CARTESIAN_POINT('',(-4.,-15.3807666565761,4.));
#3037=CARTESIAN_POINT('',(-4.,-7.47452658288438,0.));
#3038=CARTESIAN_POINT('Origin',(-4.5,-15.3807666565761,4.));
#3039=CARTESIAN_POINT('',(-4.42710027202039,-14.8861095736788,4.));
#3040=CARTESIAN_POINT('Origin',(-4.5,-15.3807666565761,4.));
#3041=CARTESIAN_POINT('',(-4.42710027202039,-14.8861095736788,-2.77555756156289E-16));
#3042=CARTESIAN_POINT('',(-4.42710027202039,-14.8861095736788,4.));
#3043=CARTESIAN_POINT('Origin',(-4.5,-15.3807666565761,0.));
#3044=CARTESIAN_POINT('Origin',(-21.477862415532,-12.3732658985687,4.));
#3045=CARTESIAN_POINT('',(-19.6989589376276,-12.6354305053739,4.));
#3046=CARTESIAN_POINT('',(-19.6895230001521,-12.6368211197995,4.));
#3047=CARTESIAN_POINT('',(-19.6989589376276,-12.6354305053739,-2.77555756156289E-16));
#3048=CARTESIAN_POINT('',(-19.6989589376276,-12.6354305053739,4.));
#3049=CARTESIAN_POINT('',(-11.8595828510161,-13.7907528569644,-2.77555756156289E-16));
#3050=CARTESIAN_POINT('Origin',(-19.7718586656072,-13.1300875882712,4.));
#3051=CARTESIAN_POINT('',(-20.0896467293721,-13.5161066895195,4.));
#3052=CARTESIAN_POINT('Origin',(-19.7718586656072,-13.1300875882712,4.));
#3053=CARTESIAN_POINT('',(-20.0896467293721,-13.5161066895195,0.));
#3054=CARTESIAN_POINT('',(-20.0896467293721,-13.5161066895195,4.));
#3055=CARTESIAN_POINT('Origin',(-19.7718586656072,-13.1300875882712,0.));
#3056=CARTESIAN_POINT('Origin',(-4.,-26.7618182728411,4.));
#3057=CARTESIAN_POINT('',(-9.37377963407947,-22.3378842771118,0.));
#3058=CARTESIAN_POINT('',(-14.1421235229935,-18.4123718687288,4.));
#3059=CARTESIAN_POINT('Origin',(-16.,1.55431223447522E-13,4.));
#3060=CARTESIAN_POINT('',(-4.,20.0000000000001,4.));
#3061=CARTESIAN_POINT('',(-4.,30.,4.));
#3062=CARTESIAN_POINT('',(-4.,20.0000000000001,4.));
#3063=CARTESIAN_POINT('',(-26.2689866057641,11.6671814618607,4.));
#3064=CARTESIAN_POINT('',(-26.2689866057641,11.6671814618607,4.));
#3065=CARTESIAN_POINT('',(-27.9999999999906,7.9999999999993,4.));
#3066=CARTESIAN_POINT('Origin',(-23.25,8.00000000000033,4.));
#3067=CARTESIAN_POINT('',(-27.9999999999841,-8.00001333157306,4.));
#3068=CARTESIAN_POINT('',(-27.9999999999906,7.9999999999993,4.));
#3069=CARTESIAN_POINT('',(-26.2689925354624,-11.6671765802643,4.));
#3070=CARTESIAN_POINT('Origin',(-23.2500000000001,-8.00000000000079,4.));
#3071=CARTESIAN_POINT('',(-4.,-29.9999999999997,4.));
#3072=CARTESIAN_POINT('',(-26.2689925354624,-11.6671765802643,4.));
#3073=CARTESIAN_POINT('',(-4.,20.0000000000001,4.));
#3074=CARTESIAN_POINT('',(-26.,-8.00000000000039,4.));
#3075=CARTESIAN_POINT('Origin',(-23.25,-8.00000000000039,4.));
#3076=CARTESIAN_POINT('',(-26.,8.0000000000004,4.));
#3077=CARTESIAN_POINT('Origin',(-23.25,8.0000000000004,4.));
#3078=CARTESIAN_POINT('',(-13.1,8.,4.));
#3079=CARTESIAN_POINT('Origin',(-10.,8.,4.));
#3080=CARTESIAN_POINT('',(-13.1,-8.,4.));
#3081=CARTESIAN_POINT('Origin',(-10.,-8.,4.));
#3082=CARTESIAN_POINT('Origin',(16.0000000000001,-1.77635683940025E-14,
4.));
#3083=CARTESIAN_POINT('',(4.,-20.,4.));
#3084=CARTESIAN_POINT('',(4.,-30.,4.));
#3085=CARTESIAN_POINT('',(4.,-20.,4.));
#3086=CARTESIAN_POINT('',(26.268989866186,-11.6671787777404,4.));
#3087=CARTESIAN_POINT('',(26.268989866186,-11.6671787777404,4.));
#3088=CARTESIAN_POINT('',(27.9999999999992,-7.99999857206981,4.));
#3089=CARTESIAN_POINT('Origin',(23.249999999996,-7.99999999999692,4.));
#3090=CARTESIAN_POINT('',(27.9999999999906,7.99998412576732,4.));
#3091=CARTESIAN_POINT('',(27.9999999999906,7.99998412576732,4.));
#3092=CARTESIAN_POINT('',(26.2689955943161,11.6671740620849,4.));
#3093=CARTESIAN_POINT('Origin',(23.2500000000003,7.99999999998958,4.));
#3094=CARTESIAN_POINT('',(4.,30.,4.));
#3095=CARTESIAN_POINT('',(4.,30.,4.));
#3096=CARTESIAN_POINT('',(4.,-20.,4.));
#3097=CARTESIAN_POINT('',(20.5,8.00000000000404,4.));
#3098=CARTESIAN_POINT('Origin',(23.25,8.00000000000404,4.));
#3099=CARTESIAN_POINT('',(6.8999999999987,8.00000000000206,4.));
#3100=CARTESIAN_POINT('Origin',(9.9999999999987,8.00000000000206,4.));
#3101=CARTESIAN_POINT('',(6.9,-8.,4.));
#3102=CARTESIAN_POINT('Origin',(10.,-8.,4.));
#3103=CARTESIAN_POINT('',(20.4999999999917,-8.00000000000099,4.));
#3104=CARTESIAN_POINT('Origin',(23.2499999999917,-8.00000000000099,4.));
#3105=CARTESIAN_POINT('Origin',(8.50000000000007,2.25000000000243,12.));
#3106=CARTESIAN_POINT('',(8.50000000000007,2.25000000000243,12.));
#3107=CARTESIAN_POINT('',(8.50000000000006,-2.25000000000243,12.));
#3108=CARTESIAN_POINT('',(8.50000000000009,7.99999999999921,12.));
#3109=CARTESIAN_POINT('',(8.50000000000006,-2.25000000000243,15.));
#3110=CARTESIAN_POINT('',(8.50000000000006,-2.25000000000243,12.));
#3111=CARTESIAN_POINT('',(8.50000000000007,2.25000000000243,15.));
#3112=CARTESIAN_POINT('',(8.50000000000009,7.99999999999921,15.));
#3113=CARTESIAN_POINT('',(8.50000000000007,2.25000000000243,12.));
#3114=CARTESIAN_POINT('Origin',(-8.5,2.25000000000239,12.));
#3115=CARTESIAN_POINT('',(-8.5,2.25000000000239,12.));
#3116=CARTESIAN_POINT('',(-24.5563016396493,2.25000000000235,12.));
#3117=CARTESIAN_POINT('',(-8.5,2.25000000000239,15.));
#3118=CARTESIAN_POINT('',(-24.5563016396493,2.25000000000235,15.));
#3119=CARTESIAN_POINT('',(-8.5,2.25000000000239,12.));
#3120=CARTESIAN_POINT('Origin',(-8.5,-2.25000000000239,12.));
#3121=CARTESIAN_POINT('',(-8.5,-2.25000000000239,12.));
#3122=CARTESIAN_POINT('',(-8.5,8.,12.));
#3123=CARTESIAN_POINT('',(-8.5,-2.25000000000239,15.));
#3124=CARTESIAN_POINT('',(-8.5,8.,15.));
#3125=CARTESIAN_POINT('',(-8.5,-2.25000000000239,12.));
#3126=CARTESIAN_POINT('Origin',(8.50000000000006,-2.25000000000243,12.));
#3127=CARTESIAN_POINT('',(-24.5563016396493,-2.25000000000235,12.));
#3128=CARTESIAN_POINT('',(-24.5563016396493,-2.25000000000235,15.));
#3129=CARTESIAN_POINT('Origin',(-19.6661302246868,5.25000000000081,12.));
#3130=CARTESIAN_POINT('',(-20.5937039777051,8.71175237403233,12.));
#3131=CARTESIAN_POINT('',(-19.6661302246868,5.25000000000081,12.));
#3132=CARTESIAN_POINT('',(-20.5937039777051,8.71175237403233,12.));
#3133=CARTESIAN_POINT('',(-20.5937039777051,8.71175237403233,15.));
#3134=CARTESIAN_POINT('',(-20.5937039777051,8.71175237403233,2.));
#3135=CARTESIAN_POINT('',(-19.6661302246868,5.25000000000081,15.));
#3136=CARTESIAN_POINT('',(-20.5937039777051,8.71175237403233,15.));
#3137=CARTESIAN_POINT('',(-19.6661302246868,5.25000000000081,12.));
#3138=CARTESIAN_POINT('Origin',(19.6661302246866,5.2500000000038,12.));
#3139=CARTESIAN_POINT('',(19.6661302246866,5.2500000000038,12.));
#3140=CARTESIAN_POINT('',(-23.2499999999998,5.2500000000004,12.));
#3141=CARTESIAN_POINT('',(19.6661302246866,5.2500000000038,15.));
#3142=CARTESIAN_POINT('',(-23.2499999999998,5.2500000000004,15.));
#3143=CARTESIAN_POINT('',(19.6661302246866,5.2500000000038,12.));
#3144=CARTESIAN_POINT('Origin',(20.5937039777051,8.71175237403597,12.));
#3145=CARTESIAN_POINT('',(20.5937039777051,8.71175237403597,12.));
#3146=CARTESIAN_POINT('',(20.5937039777051,8.71175237403597,12.));
#3147=CARTESIAN_POINT('',(20.5937039777051,8.71175237403597,15.));
#3148=CARTESIAN_POINT('',(20.5937039777051,8.71175237403597,15.));
#3149=CARTESIAN_POINT('',(20.5937039777051,8.71175237403597,2.));
#3150=CARTESIAN_POINT('Origin',(24.5563016396484,2.25000000000247,12.));
#3151=CARTESIAN_POINT('',(25.906296022295,7.28824762597211,12.));
#3152=CARTESIAN_POINT('',(24.5563016396484,2.25000000000247,12.));
#3153=CARTESIAN_POINT('',(25.906296022295,7.28824762597211,12.));
#3154=CARTESIAN_POINT('',(25.906296022295,7.28824762597211,15.));
#3155=CARTESIAN_POINT('',(25.906296022295,7.28824762597212,2.));
#3156=CARTESIAN_POINT('',(24.5563016396484,2.25000000000247,15.));
#3157=CARTESIAN_POINT('',(25.906296022295,7.28824762597211,15.));
#3158=CARTESIAN_POINT('',(24.5563016396484,2.25000000000247,12.));
#3159=CARTESIAN_POINT('Origin',(11.5000000000003,2.25000000000243,12.));
#3160=CARTESIAN_POINT('',(11.5000000000003,2.25000000000243,12.));
#3161=CARTESIAN_POINT('',(-24.5563016396493,2.25000000000235,12.));
#3162=CARTESIAN_POINT('',(11.5000000000003,2.25000000000243,15.));
#3163=CARTESIAN_POINT('',(-24.5563016396493,2.25000000000235,15.));
#3164=CARTESIAN_POINT('',(11.5000000000003,2.25000000000243,12.));
#3165=CARTESIAN_POINT('Origin',(11.5000000000005,-2.25000000000243,12.));
#3166=CARTESIAN_POINT('',(11.5000000000005,-2.25000000000243,12.));
#3167=CARTESIAN_POINT('',(11.5000000000001,7.99999999999932,12.));
#3168=CARTESIAN_POINT('',(11.5000000000005,-2.25000000000243,15.));
#3169=CARTESIAN_POINT('',(11.5000000000001,7.99999999999932,15.));
#3170=CARTESIAN_POINT('',(11.5000000000005,-2.25000000000243,12.));
#3171=CARTESIAN_POINT('Origin',(24.5563016396497,-2.25000000000247,12.));
#3172=CARTESIAN_POINT('',(24.5563016396497,-2.25000000000247,12.));
#3173=CARTESIAN_POINT('',(-24.5563016396493,-2.25000000000235,12.));
#3174=CARTESIAN_POINT('',(24.5563016396497,-2.25000000000247,15.));
#3175=CARTESIAN_POINT('',(-24.5563016396493,-2.25000000000235,15.));
#3176=CARTESIAN_POINT('',(24.5563016396497,-2.25000000000247,12.));
#3177=CARTESIAN_POINT('Origin',(25.9062960222965,-7.28824762596643,12.));
#3178=CARTESIAN_POINT('',(25.9062960222965,-7.28824762596643,12.));
#3179=CARTESIAN_POINT('',(24.5563016396497,-2.25000000000247,12.));
#3180=CARTESIAN_POINT('',(25.9062960222965,-7.28824762596643,15.));
#3181=CARTESIAN_POINT('',(24.5563016396497,-2.25000000000247,15.));
#3182=CARTESIAN_POINT('',(25.9062960222962,-7.28824762596557,2.));
#3183=CARTESIAN_POINT('Origin',(19.6661302246787,-5.25000000000236,12.));
#3184=CARTESIAN_POINT('',(19.6661302246787,-5.25000000000236,12.));
#3185=CARTESIAN_POINT('',(20.5937039776968,-8.71175237403292,12.));
#3186=CARTESIAN_POINT('',(19.6661302246787,-5.25000000000236,12.));
#3187=CARTESIAN_POINT('',(20.5937039776968,-8.71175237403292,15.));
#3188=CARTESIAN_POINT('',(20.5937039776968,-8.71175237403292,2.));
#3189=CARTESIAN_POINT('',(19.6661302246787,-5.25000000000236,15.));
#3190=CARTESIAN_POINT('',(19.6661302246787,-5.25000000000236,15.));
#3191=CARTESIAN_POINT('',(19.6661302246787,-5.25000000000236,12.));
#3192=CARTESIAN_POINT('Origin',(-19.6661302246868,-5.25000000000061,12.));
#3193=CARTESIAN_POINT('',(-19.6661302246868,-5.25000000000061,12.));
#3194=CARTESIAN_POINT('',(-23.2499999999999,-5.25000000000045,12.));
#3195=CARTESIAN_POINT('',(-19.6661302246868,-5.25000000000061,15.));
#3196=CARTESIAN_POINT('',(-23.2499999999999,-5.25000000000045,15.));
#3197=CARTESIAN_POINT('',(-19.6661302246868,-5.25000000000061,12.));
#3198=CARTESIAN_POINT('Origin',(-20.5937039777051,-8.71175237403233,12.));
#3199=CARTESIAN_POINT('',(-20.5937039777051,-8.71175237403233,12.));
#3200=CARTESIAN_POINT('',(-20.5937039777051,-8.71175237403233,12.));
#3201=CARTESIAN_POINT('',(-20.5937039777051,-8.71175237403233,15.));
#3202=CARTESIAN_POINT('',(-20.5937039777051,-8.71175237403233,15.));
#3203=CARTESIAN_POINT('',(-20.5937039777051,-8.71175237403233,2.));
#3204=CARTESIAN_POINT('Origin',(-24.5563016396493,-2.25000000000234,12.));
#3205=CARTESIAN_POINT('',(-25.9062960222949,-7.28824762596846,12.));
#3206=CARTESIAN_POINT('',(-24.5563016396493,-2.25000000000234,12.));
#3207=CARTESIAN_POINT('',(-25.9062960222949,-7.28824762596846,12.));
#3208=CARTESIAN_POINT('',(-25.9062960222949,-7.28824762596846,15.));
#3209=CARTESIAN_POINT('',(-25.9062960222949,-7.28824762596846,2.));
#3210=CARTESIAN_POINT('',(-24.5563016396493,-2.25000000000234,15.));
#3211=CARTESIAN_POINT('',(-25.9062960222949,-7.28824762596846,15.));
#3212=CARTESIAN_POINT('',(-24.5563016396493,-2.25000000000234,12.));
#3213=CARTESIAN_POINT('Origin',(-11.4999999999996,-2.25000000000238,12.));
#3214=CARTESIAN_POINT('',(-11.4999999999996,-2.25000000000238,12.));
#3215=CARTESIAN_POINT('',(-24.5563016396493,-2.25000000000235,12.));
#3216=CARTESIAN_POINT('',(-11.4999999999996,-2.25000000000238,15.));
#3217=CARTESIAN_POINT('',(-24.5563016396493,-2.25000000000235,15.));
#3218=CARTESIAN_POINT('',(-11.4999999999996,-2.25000000000238,12.));
#3219=CARTESIAN_POINT('Origin',(-11.4999999999998,2.25000000000238,12.));
#3220=CARTESIAN_POINT('',(-11.4999999999998,2.25000000000238,12.));
#3221=CARTESIAN_POINT('',(-11.5,7.99999999999988,12.));
#3222=CARTESIAN_POINT('',(-11.4999999999998,2.25000000000238,15.));
#3223=CARTESIAN_POINT('',(-11.5,7.99999999999988,15.));
#3224=CARTESIAN_POINT('',(-11.4999999999998,2.25000000000238,12.));
#3225=CARTESIAN_POINT('Origin',(-24.5563016396493,2.25000000000235,12.));
#3226=CARTESIAN_POINT('',(-24.5563016396493,2.25000000000235,12.));
#3227=CARTESIAN_POINT('',(-24.5563016396493,2.25000000000235,12.));
#3228=CARTESIAN_POINT('',(-24.5563016396493,2.25000000000235,15.));
#3229=CARTESIAN_POINT('',(-24.5563016396493,2.25000000000235,15.));
#3230=CARTESIAN_POINT('',(-24.5563016396493,2.25000000000235,12.));
#3231=CARTESIAN_POINT('Origin',(-25.906296022295,7.28824762596846,12.));
#3232=CARTESIAN_POINT('',(-25.906296022295,7.28824762596846,12.));
#3233=CARTESIAN_POINT('',(-25.906296022295,7.28824762596846,12.));
#3234=CARTESIAN_POINT('',(-25.906296022295,7.28824762596846,15.));
#3235=CARTESIAN_POINT('',(-25.906296022295,7.28824762596846,15.));
#3236=CARTESIAN_POINT('',(-25.906296022295,7.28824762596847,2.));
#3237=CARTESIAN_POINT('Origin',(7.54951656745106E-13,1.52433621281034E-12,
15.));
#3238=CARTESIAN_POINT('Origin',(-23.25,-8.00000000000039,15.));
#3239=CARTESIAN_POINT('',(20.4999999999917,-8.00000000000099,15.));
#3240=CARTESIAN_POINT('Origin',(23.2499999999917,-8.00000000000099,15.));
#3241=CARTESIAN_POINT('Origin',(23.2499999999917,-8.00000000000099,15.));
#3242=CARTESIAN_POINT('',(20.5,8.00000000000404,15.));
#3243=CARTESIAN_POINT('Origin',(23.25,8.00000000000404,15.));
#3244=CARTESIAN_POINT('Origin',(23.25,8.00000000000404,15.));
#3245=CARTESIAN_POINT('Origin',(-23.25,8.0000000000004,15.));
#3246=CARTESIAN_POINT('Origin',(7.54951656745106E-13,1.52433621281034E-12,
12.));
#3247=CARTESIAN_POINT('Origin',(-23.25,8.0000000000004,12.));
#3248=CARTESIAN_POINT('',(20.5,8.00000000000404,12.));
#3249=CARTESIAN_POINT('Origin',(23.25,8.00000000000404,12.));
#3250=CARTESIAN_POINT('Origin',(23.25,8.00000000000404,12.));
#3251=CARTESIAN_POINT('',(20.4999999999917,-8.00000000000099,12.));
#3252=CARTESIAN_POINT('Origin',(23.2499999999917,-8.00000000000099,12.));
#3253=CARTESIAN_POINT('Origin',(23.2499999999917,-8.00000000000099,12.));
#3254=CARTESIAN_POINT('Origin',(-23.25,-8.00000000000039,12.));
#3255=CARTESIAN_POINT('Origin',(23.25,8.00000000000404,2.));
#3256=CARTESIAN_POINT('',(20.5,8.00000000000404,35.));
#3257=CARTESIAN_POINT('Origin',(23.25,8.00000000000404,35.));
#3258=CARTESIAN_POINT('',(20.5,8.00000000000404,2.));
#3259=CARTESIAN_POINT('',(20.5,8.00000000000404,2.));
#3260=CARTESIAN_POINT('Origin',(23.2499999999917,-8.00000000000099,2.));
#3261=CARTESIAN_POINT('',(20.4999999999917,-8.00000000000099,35.));
#3262=CARTESIAN_POINT('Origin',(23.2499999999917,-8.00000000000099,35.));
#3263=CARTESIAN_POINT('',(20.4999999999917,-8.00000000000099,2.));
#3264=CARTESIAN_POINT('',(20.4999999999917,-8.00000000000099,2.));
#3265=CARTESIAN_POINT('Origin',(-23.25,-8.00000000000039,2.));
#3266=CARTESIAN_POINT('',(-26.,-8.00000000000039,35.));
#3267=CARTESIAN_POINT('Origin',(-23.25,-8.00000000000039,35.));
#3268=CARTESIAN_POINT('',(-26.,-8.00000000000039,2.));
#3269=CARTESIAN_POINT('Origin',(23.2499999999917,-8.00000000000099,35.));
#3270=CARTESIAN_POINT('',(21.7499999999998,-8.00000000000064,35.));
#3271=CARTESIAN_POINT('Origin',(23.2499999999998,-8.00000000000064,35.));
#3272=CARTESIAN_POINT('Origin',(-23.25,-8.00000000000039,35.));
#3273=CARTESIAN_POINT('',(-24.7500000000003,-8.00000000000079,35.));
#3274=CARTESIAN_POINT('Origin',(-23.2500000000003,-8.00000000000079,35.));
#3275=CARTESIAN_POINT('Origin',(-23.25,8.0000000000004,2.));
#3276=CARTESIAN_POINT('',(-26.,8.0000000000004,35.));
#3277=CARTESIAN_POINT('Origin',(-23.25,8.0000000000004,35.));
#3278=CARTESIAN_POINT('',(-26.,8.0000000000004,2.));
#3279=CARTESIAN_POINT('Origin',(-23.25,8.0000000000004,35.));
#3280=CARTESIAN_POINT('',(-24.75,7.99999999999977,35.));
#3281=CARTESIAN_POINT('Origin',(-23.25,7.99999999999977,35.));
#3282=CARTESIAN_POINT('Origin',(23.25,8.00000000000404,35.));
#3283=CARTESIAN_POINT('',(21.7500000000004,7.99999999999569,35.));
#3284=CARTESIAN_POINT('Origin',(23.2500000000004,7.99999999999569,35.));
#3285=CARTESIAN_POINT('Origin',(-23.25,8.00000000000033,0.));
#3286=CARTESIAN_POINT('',(-26.2689866057641,11.6671814618607,0.));
#3287=CARTESIAN_POINT('',(-27.9999999999906,7.9999999999993,0.));
#3288=CARTESIAN_POINT('Origin',(-23.25,8.00000000000033,0.));
#3289=CARTESIAN_POINT('',(-27.9999999999906,7.9999999999993,0.));
#3290=CARTESIAN_POINT('',(-26.2689866057641,11.6671814618607,0.));
#3291=CARTESIAN_POINT('Origin',(-27.9999999999906,7.9999999999993,0.));
#3292=CARTESIAN_POINT('',(-27.9999999999841,-8.00001333157306,0.));
#3293=CARTESIAN_POINT('',(-27.9999999999906,7.9999999999993,0.));
#3294=CARTESIAN_POINT('',(-27.9999999999841,-8.00001333157306,0.));
#3295=CARTESIAN_POINT('Origin',(-23.2500000000001,-8.00000000000079,0.));
#3296=CARTESIAN_POINT('',(-26.2689925354624,-11.6671765802643,0.));
#3297=CARTESIAN_POINT('Origin',(-23.2500000000001,-8.00000000000079,0.));
#3298=CARTESIAN_POINT('',(-26.2689925354624,-11.6671765802643,0.));
#3299=CARTESIAN_POINT('Origin',(-26.2689925354624,-11.6671765802643,0.));
#3300=CARTESIAN_POINT('',(-4.,-29.9999999999997,0.));
#3301=CARTESIAN_POINT('',(-26.2689925354624,-11.6671765802643,0.));
#3302=CARTESIAN_POINT('',(-4.,-29.9999999999997,0.));
#3303=CARTESIAN_POINT('Origin',(-4.,30.,0.));
#3304=CARTESIAN_POINT('',(-4.,30.,0.));
#3305=CARTESIAN_POINT('',(-26.2689866057641,11.6671814618607,0.));
#3306=CARTESIAN_POINT('',(-4.,30.,0.));
#3307=CARTESIAN_POINT('Origin',(-10.,-8.,0.));
#3308=CARTESIAN_POINT('',(-13.1,-8.,2.));
#3309=CARTESIAN_POINT('',(-13.1,-8.,0.));
#3310=CARTESIAN_POINT('Origin',(-10.,-8.,2.));
#3311=CARTESIAN_POINT('Origin',(-10.,8.,0.));
#3312=CARTESIAN_POINT('',(-13.1,8.,2.));
#3313=CARTESIAN_POINT('',(-13.1,8.,0.));
#3314=CARTESIAN_POINT('Origin',(-10.,8.,2.));
#3315=CARTESIAN_POINT('Origin',(23.2500000000003,7.99999999998958,0.));
#3316=CARTESIAN_POINT('',(27.9999999999906,7.99998412576732,0.));
#3317=CARTESIAN_POINT('',(26.2689955943161,11.6671740620849,0.));
#3318=CARTESIAN_POINT('Origin',(23.2500000000003,7.99999999998958,0.));
#3319=CARTESIAN_POINT('',(26.2689955943161,11.6671740620849,0.));
#3320=CARTESIAN_POINT('',(27.9999999999906,7.99998412576732,0.));
#3321=CARTESIAN_POINT('Origin',(26.2689955943161,11.6671740620849,0.));
#3322=CARTESIAN_POINT('',(4.,30.,0.));
#3323=CARTESIAN_POINT('',(4.,30.,0.));
#3324=CARTESIAN_POINT('',(3.99999999999999,30.,0.));
#3325=CARTESIAN_POINT('Origin',(4.,-30.,0.));
#3326=CARTESIAN_POINT('',(26.268989866186,-11.6671787777404,0.));
#3327=CARTESIAN_POINT('',(4.,-30.,0.));
#3328=CARTESIAN_POINT('',(26.268989866186,-11.6671787777404,0.));
#3329=CARTESIAN_POINT('',(26.268989866186,-11.6671787777404,0.));
#3330=CARTESIAN_POINT('',(4.,-30.,0.));
#3331=CARTESIAN_POINT('Origin',(23.249999999996,-7.99999999999692,0.));
#3332=CARTESIAN_POINT('',(27.9999999999992,-7.99999857206981,0.));
#3333=CARTESIAN_POINT('Origin',(23.249999999996,-7.99999999999692,0.));
#3334=CARTESIAN_POINT('',(27.9999999999992,-7.99999857206981,0.));
#3335=CARTESIAN_POINT('Origin',(27.9999999999992,-7.99999857206981,0.));
#3336=CARTESIAN_POINT('',(27.9999999999906,7.99998412576732,0.));
#3337=CARTESIAN_POINT('Origin',(10.,-8.,0.));
#3338=CARTESIAN_POINT('',(6.9,-8.,2.));
#3339=CARTESIAN_POINT('',(6.9,-8.,0.));
#3340=CARTESIAN_POINT('Origin',(10.,-8.,2.));
#3341=CARTESIAN_POINT('Origin',(9.9999999999987,8.00000000000206,0.));
#3342=CARTESIAN_POINT('',(6.8999999999987,8.00000000000206,2.));
#3343=CARTESIAN_POINT('',(6.8999999999987,8.00000000000206,0.));
#3344=CARTESIAN_POINT('Origin',(9.9999999999987,8.00000000000206,2.));
#3345=CARTESIAN_POINT('Origin',(10.,-8.,2.));
#3346=CARTESIAN_POINT('',(8.5,-8.,2.));
#3347=CARTESIAN_POINT('Origin',(10.,-8.,2.));
#3348=CARTESIAN_POINT('Origin',(10.,-8.,0.));
#3349=CARTESIAN_POINT('',(8.5,-8.,0.));
#3350=CARTESIAN_POINT('',(8.5,-8.,0.));
#3351=CARTESIAN_POINT('Origin',(10.,-8.,0.));
#3352=CARTESIAN_POINT('Origin',(-10.,8.,2.));
#3353=CARTESIAN_POINT('',(-11.5,8.,2.));
#3354=CARTESIAN_POINT('Origin',(-10.,8.,2.));
#3355=CARTESIAN_POINT('Origin',(-10.,8.,0.));
#3356=CARTESIAN_POINT('',(-11.5,8.,0.));
#3357=CARTESIAN_POINT('',(-11.5,8.,0.));
#3358=CARTESIAN_POINT('Origin',(-10.,8.,0.));
#3359=CARTESIAN_POINT('Origin',(-10.,-8.,2.));
#3360=CARTESIAN_POINT('',(-11.5,-8.,2.));
#3361=CARTESIAN_POINT('Origin',(-10.,-8.,2.));
#3362=CARTESIAN_POINT('Origin',(-10.,-8.,0.));
#3363=CARTESIAN_POINT('',(-11.5,-8.,0.));
#3364=CARTESIAN_POINT('',(-11.5,-8.,0.));
#3365=CARTESIAN_POINT('Origin',(-10.,-8.,0.));
#3366=CARTESIAN_POINT('Origin',(23.2499999999998,-8.00000000000064,0.));
#3367=CARTESIAN_POINT('',(21.7499999999998,-8.00000000000064,0.));
#3368=CARTESIAN_POINT('',(21.7499999999998,-8.00000000000064,0.));
#3369=CARTESIAN_POINT('Origin',(23.2499999999998,-8.00000000000064,0.));
#3370=CARTESIAN_POINT('Origin',(9.9999999999987,8.00000000000206,2.));
#3371=CARTESIAN_POINT('',(8.50000000000009,7.99999999999921,2.));
#3372=CARTESIAN_POINT('Origin',(10.0000000000001,7.99999999999921,2.));
#3373=CARTESIAN_POINT('Origin',(10.0000000000001,7.99999999999921,0.));
#3374=CARTESIAN_POINT('',(8.50000000000009,7.99999999999921,0.));
#3375=CARTESIAN_POINT('',(8.50000000000009,7.99999999999921,0.));
#3376=CARTESIAN_POINT('Origin',(10.0000000000001,7.99999999999921,0.));
#3377=CARTESIAN_POINT('Origin',(-23.25,7.99999999999977,0.));
#3378=CARTESIAN_POINT('',(-24.75,7.99999999999977,0.));
#3379=CARTESIAN_POINT('',(-24.75,7.99999999999977,0.));
#3380=CARTESIAN_POINT('Origin',(-23.25,7.99999999999977,0.));
#3381=CARTESIAN_POINT('Origin',(-23.2500000000003,-8.00000000000079,0.));
#3382=CARTESIAN_POINT('',(-24.7500000000003,-8.00000000000079,0.));
#3383=CARTESIAN_POINT('',(-24.7500000000003,-8.00000000000079,0.));
#3384=CARTESIAN_POINT('Origin',(-23.2500000000003,-8.00000000000079,0.));
#3385=CARTESIAN_POINT('Origin',(23.2500000000004,7.99999999999569,0.));
#3386=CARTESIAN_POINT('',(21.7500000000004,7.99999999999569,0.));
#3387=CARTESIAN_POINT('',(21.7500000000004,7.99999999999569,0.));
#3388=CARTESIAN_POINT('Origin',(23.2500000000004,7.99999999999569,0.));
#3389=CARTESIAN_POINT('Origin',(0.,0.,0.));
#3390=CARTESIAN_POINT('',(-2.77555756156289E-16,30.,0.));
#3391=CARTESIAN_POINT('',(-4.,30.,0.));
#3392=CARTESIAN_POINT('',(4.,30.,0.));
#3393=CARTESIAN_POINT('',(-2.77555756156289E-16,-30.,0.));
#3394=CARTESIAN_POINT('',(4.,-30.,0.));
#3395=CARTESIAN_POINT('',(-4.,-29.9999999999997,0.));
#3396=CARTESIAN_POINT('Origin',(-2.77555756156289E-16,-40.,4.));
#3397=CARTESIAN_POINT('',(-4.,-50.,4.));
#3398=CARTESIAN_POINT('Origin',(-2.77555756156289E-16,-50.,4.));
#3399=CARTESIAN_POINT('',(-4.,-40.,4.));
#3400=CARTESIAN_POINT('Origin',(-2.77555756156289E-16,-29.9999999999997,
4.));
#3401=CARTESIAN_POINT('Origin',(-2.77555756156289E-16,-30.,4.));
#3402=CARTESIAN_POINT('Origin',(-2.77555756156289E-16,30.,4.));
#3403=CARTESIAN_POINT('Origin',(-2.77555756156289E-16,30.,4.));
#3404=CARTESIAN_POINT('',(-4.,50.,4.));
#3405=CARTESIAN_POINT('',(-4.,-40.,4.));
#3406=CARTESIAN_POINT('Origin',(-2.77555756156289E-16,50.,4.));
#3407=CARTESIAN_POINT('Origin',(3.99999999999999,30.,4.));
#3408=CARTESIAN_POINT('Origin',(4.,-30.,0.));
#3409=CARTESIAN_POINT('Origin',(-4.,-29.9999999999997,4.));
#3410=CARTESIAN_POINT('Origin',(-4.,30.,0.));
#3411=CARTESIAN_POINT('Origin',(4.,50.,0.));
#3412=CARTESIAN_POINT('',(2.061552812809,50.,2.1));
#3413=CARTESIAN_POINT('',(2.061552812809,50.,5.9));
#3414=CARTESIAN_POINT('',(2.06155281280882,50.,5.9));
#3415=CARTESIAN_POINT('',(-2.061552812809,50.,5.9));
#3416=CARTESIAN_POINT('',(2.,50.,5.9));
#3417=CARTESIAN_POINT('',(-2.061552812809,50.,2.1));
#3418=CARTESIAN_POINT('',(-2.06155281280882,50.,5.9));
#3419=CARTESIAN_POINT('',(2.,50.,2.1));
#3420=CARTESIAN_POINT('Origin',(0.,54.,4.));
#3421=CARTESIAN_POINT('',(-0.450000000000008,56.02474043983,5.483383346043));
#3422=CARTESIAN_POINT('',(0.449999999999999,56.02474043983,5.483383346043));
#3423=CARTESIAN_POINT('Origin',(0.,54.,5.483383346043));
#3424=CARTESIAN_POINT('',(0.449999999999999,55.640121946686,2.1));
#3425=CARTESIAN_POINT('Origin',(0.449999999999999,54.,4.));
#3426=CARTESIAN_POINT('',(-0.450000000000008,55.640121946686,2.1));
#3427=CARTESIAN_POINT('Origin',(0.,54.,2.1));
#3428=CARTESIAN_POINT('Origin',(-0.450000000000008,54.,4.));
#3429=CARTESIAN_POINT('Origin',(0.,54.,5.91));
#3430=CARTESIAN_POINT('',(0.449999999999999,56.250150014222,5.9));
#3431=CARTESIAN_POINT('',(-0.450000000000008,56.250150014222,5.9));
#3432=CARTESIAN_POINT('Origin',(0.,54.,5.9));
#3433=CARTESIAN_POINT('Ctrl Pts',(0.449999999999999,56.2501500142217,5.90000000000015));
#3434=CARTESIAN_POINT('Ctrl Pts',(0.449999999999999,56.2159140576433,5.8365877266954));
#3435=CARTESIAN_POINT('Ctrl Pts',(0.449999999999999,56.1830554102159,5.77578210055205));
#3436=CARTESIAN_POINT('Ctrl Pts',(0.449999999999999,56.1514183007596,5.71728894886788));
#3437=CARTESIAN_POINT('Ctrl Pts',(0.449999999999999,56.1180433627525,5.6555827644267));
#3438=CARTESIAN_POINT('Ctrl Pts',(0.449999999999999,56.0860279652227,5.59645030432532));
#3439=CARTESIAN_POINT('Ctrl Pts',(0.449999999999999,56.0552163835614,5.53959749579119));
#3440=CARTESIAN_POINT('Ctrl Pts',(0.449999999999999,56.0449249647223,5.52060801088769));
#3441=CARTESIAN_POINT('Ctrl Pts',(0.449999999999999,56.0347680544663,5.50187324228255));
#3442=CARTESIAN_POINT('Ctrl Pts',(0.449999999999999,56.0247404398293,5.4833833460434));
#3443=CARTESIAN_POINT('Ctrl Pts',(-0.450000000000008,56.2501500142217,5.90000000000015));
#3444=CARTESIAN_POINT('Ctrl Pts',(-0.450000000000008,56.2159140576433,5.8365877266954));
#3445=CARTESIAN_POINT('Ctrl Pts',(-0.450000000000008,56.1830554102159,5.77578210055205));
#3446=CARTESIAN_POINT('Ctrl Pts',(-0.450000000000008,56.1514183007596,5.71728894886788));
#3447=CARTESIAN_POINT('Ctrl Pts',(-0.450000000000008,56.1180433627525,5.6555827644267));
#3448=CARTESIAN_POINT('Ctrl Pts',(-0.450000000000008,56.0860279652227,5.59645030432532));
#3449=CARTESIAN_POINT('Ctrl Pts',(-0.450000000000008,56.0552163835614,5.53959749579119));
#3450=CARTESIAN_POINT('Ctrl Pts',(-0.450000000000008,56.0449249647223,5.52060801088769));
#3451=CARTESIAN_POINT('Ctrl Pts',(-0.450000000000008,56.0347680544663,5.50187324228255));
#3452=CARTESIAN_POINT('Ctrl Pts',(-0.450000000000008,56.0247404398293,5.4833833460434));
#3453=CARTESIAN_POINT('Origin',(0.449999999999999,54.,6.));
#3454=CARTESIAN_POINT('',(0.449999999999999,58.47744346698,5.9));
#3455=CARTESIAN_POINT('',(0.449999999999999,54.,5.9));
#3456=CARTESIAN_POINT('',(0.449999999999999,58.47744346698,2.1));
#3457=CARTESIAN_POINT('',(0.449999999999999,58.47744346698,5.9));
#3458=CARTESIAN_POINT('',(0.449999999999999,54.,2.1));
#3459=CARTESIAN_POINT('Origin',(0.,54.,5.9));
#3460=CARTESIAN_POINT('Origin',(0.,54.,2.1));
#3461=CARTESIAN_POINT('Origin',(0.,54.,5.9));
#3462=CARTESIAN_POINT('Origin',(-0.450000000000008,54.,6.));
#3463=CARTESIAN_POINT('',(-0.450000000000008,58.47744346698,5.9));
#3464=CARTESIAN_POINT('',(-0.450000000000008,54.,5.9));
#3465=CARTESIAN_POINT('',(-0.450000000000008,58.47744346698,2.1));
#3466=CARTESIAN_POINT('',(-0.450000000000008,54.,2.1));
#3467=CARTESIAN_POINT('',(-0.450000000000008,58.47744346698,5.9));
#3468=CARTESIAN_POINT('Origin',(0.,54.,2.1));
#3469=CARTESIAN_POINT('Origin',(0.,54.,2.1));
#3470=CARTESIAN_POINT('Origin',(0.,54.,5.9));
#3471=CARTESIAN_POINT('Origin',(0.,54.,5.9));
#3472=CARTESIAN_POINT('Origin',(0.,54.,5.9));
#3473=CARTESIAN_POINT('Origin',(-4.,-50.,0.));
#3474=CARTESIAN_POINT('',(2.061552812809,-50.,5.9));
#3475=CARTESIAN_POINT('',(2.061552812809,-50.,2.1));
#3476=CARTESIAN_POINT('',(2.06155281280884,-50.,5.9));
#3477=CARTESIAN_POINT('',(-2.061552812809,-50.,2.1));
#3478=CARTESIAN_POINT('',(-2.,-50.,2.1));
#3479=CARTESIAN_POINT('',(-2.061552812809,-50.,5.9));
#3480=CARTESIAN_POINT('',(-2.06155281280884,-50.,5.9));
#3481=CARTESIAN_POINT('',(-2.,-50.,5.9));
#3482=CARTESIAN_POINT('Origin',(0.,-54.,4.));
#3483=CARTESIAN_POINT('',(-0.450000000000008,-56.02474043983,5.483383346043));
#3484=CARTESIAN_POINT('',(0.449999999999999,-56.02474043983,5.483383346043));
#3485=CARTESIAN_POINT('Origin',(0.,-54.,5.483383346043));
#3486=CARTESIAN_POINT('',(-0.450000000000008,-55.640121946686,2.1));
#3487=CARTESIAN_POINT('Origin',(-0.450000000000008,-54.,4.));
#3488=CARTESIAN_POINT('',(0.449999999999999,-55.640121946686,2.1));
#3489=CARTESIAN_POINT('Origin',(0.,-54.,2.1));
#3490=CARTESIAN_POINT('Origin',(0.449999999999999,-54.,4.));
#3491=CARTESIAN_POINT('Origin',(0.,-54.,5.91));
#3492=CARTESIAN_POINT('',(0.449999999999999,-56.250150014222,5.9));
#3493=CARTESIAN_POINT('',(-0.450000000000008,-56.250150014222,5.9));
#3494=CARTESIAN_POINT('Origin',(0.,-54.,5.9));
#3495=CARTESIAN_POINT('Ctrl Pts',(-0.450000000000008,-56.2501500142217,
5.90000000000015));
#3496=CARTESIAN_POINT('Ctrl Pts',(-0.450000000000008,-56.2159140576433,
5.8365877266954));
#3497=CARTESIAN_POINT('Ctrl Pts',(-0.450000000000008,-56.1830554102159,
5.77578210055205));
#3498=CARTESIAN_POINT('Ctrl Pts',(-0.450000000000008,-56.1514183007596,
5.71728894886788));
#3499=CARTESIAN_POINT('Ctrl Pts',(-0.450000000000008,-56.1180433627525,
5.6555827644267));
#3500=CARTESIAN_POINT('Ctrl Pts',(-0.450000000000008,-56.0860279652227,
5.59645030432532));
#3501=CARTESIAN_POINT('Ctrl Pts',(-0.450000000000008,-56.0552163835614,
5.53959749579119));
#3502=CARTESIAN_POINT('Ctrl Pts',(-0.450000000000008,-56.0449249647222,
5.52060801088769));
#3503=CARTESIAN_POINT('Ctrl Pts',(-0.450000000000008,-56.0347680544663,
5.50187324228255));
#3504=CARTESIAN_POINT('Ctrl Pts',(-0.450000000000008,-56.0247404398293,
5.4833833460434));
#3505=CARTESIAN_POINT('Ctrl Pts',(0.449999999999999,-56.2501500142217,5.90000000000015));
#3506=CARTESIAN_POINT('Ctrl Pts',(0.449999999999999,-56.2159140576433,5.8365877266954));
#3507=CARTESIAN_POINT('Ctrl Pts',(0.449999999999999,-56.1830554102159,5.77578210055205));
#3508=CARTESIAN_POINT('Ctrl Pts',(0.449999999999999,-56.1514183007596,5.71728894886788));
#3509=CARTESIAN_POINT('Ctrl Pts',(0.449999999999999,-56.1180433627525,5.6555827644267));
#3510=CARTESIAN_POINT('Ctrl Pts',(0.449999999999999,-56.0860279652227,5.59645030432532));
#3511=CARTESIAN_POINT('Ctrl Pts',(0.449999999999999,-56.0552163835614,5.53959749579119));
#3512=CARTESIAN_POINT('Ctrl Pts',(0.449999999999999,-56.0449249647222,5.52060801088769));
#3513=CARTESIAN_POINT('Ctrl Pts',(0.449999999999999,-56.0347680544663,5.50187324228255));
#3514=CARTESIAN_POINT('Ctrl Pts',(0.449999999999999,-56.0247404398293,5.4833833460434));
#3515=CARTESIAN_POINT('Origin',(0.449999999999999,-54.,6.));
#3516=CARTESIAN_POINT('',(0.449999999999999,-58.47744346698,5.9));
#3517=CARTESIAN_POINT('',(0.449999999999999,-54.,5.9));
#3518=CARTESIAN_POINT('',(0.449999999999999,-58.47744346698,2.1));
#3519=CARTESIAN_POINT('',(0.449999999999999,-54.,2.1));
#3520=CARTESIAN_POINT('',(0.449999999999999,-58.47744346698,5.9));
#3521=CARTESIAN_POINT('Origin',(0.,-54.,5.9));
#3522=CARTESIAN_POINT('Origin',(0.,-54.,2.1));
#3523=CARTESIAN_POINT('Origin',(0.,-54.,5.9));
#3524=CARTESIAN_POINT('Origin',(-0.450000000000008,-54.,6.));
#3525=CARTESIAN_POINT('',(-0.450000000000008,-58.47744346698,5.9));
#3526=CARTESIAN_POINT('',(-0.450000000000008,-54.,5.9));
#3527=CARTESIAN_POINT('',(-0.450000000000008,-58.47744346698,2.1));
#3528=CARTESIAN_POINT('',(-0.450000000000008,-58.47744346698,5.9));
#3529=CARTESIAN_POINT('',(-0.450000000000008,-54.,2.1));
#3530=CARTESIAN_POINT('Origin',(0.,-54.,2.1));
#3531=CARTESIAN_POINT('Origin',(0.,-54.,2.1));
#3532=CARTESIAN_POINT('Origin',(0.,-54.,5.9));
#3533=CARTESIAN_POINT('Origin',(0.,-54.,5.9));
#3534=CARTESIAN_POINT('Origin',(0.,-54.,5.9));
#3535=UNCERTAINTY_MEASURE_WITH_UNIT(LENGTH_MEASURE(0.01),#3539,
'DISTANCE_ACCURACY_VALUE',
'Maximum model space distance between geometric entities at asserted c
onnectivities');
#3536=UNCERTAINTY_MEASURE_WITH_UNIT(LENGTH_MEASURE(0.01),#3539,
'DISTANCE_ACCURACY_VALUE',
'Maximum model space distance between geometric entities at asserted c
onnectivities');
#3537=(
GEOMETRIC_REPRESENTATION_CONTEXT(3)
GLOBAL_UNCERTAINTY_ASSIGNED_CONTEXT((#3535))
GLOBAL_UNIT_ASSIGNED_CONTEXT((#3539,#3541,#3542))
REPRESENTATION_CONTEXT('','3D')
);
#3538=(
GEOMETRIC_REPRESENTATION_CONTEXT(3)
GLOBAL_UNCERTAINTY_ASSIGNED_CONTEXT((#3536))
GLOBAL_UNIT_ASSIGNED_CONTEXT((#3539,#3541,#3542))
REPRESENTATION_CONTEXT('','3D')
);
#3539=(
LENGTH_UNIT()
NAMED_UNIT(*)
SI_UNIT(.MILLI.,.METRE.)
);
#3540=(
LENGTH_UNIT()
NAMED_UNIT(*)
SI_UNIT($,.METRE.)
);
#3541=(
NAMED_UNIT(*)
PLANE_ANGLE_UNIT()
SI_UNIT($,.RADIAN.)
);
#3542=(
NAMED_UNIT(*)
SI_UNIT($,.STERADIAN.)
SOLID_ANGLE_UNIT()
);
#3543=SHAPE_DEFINITION_REPRESENTATION(#3544,#3545);
#3544=PRODUCT_DEFINITION_SHAPE('',$,#3547);
#3545=SHAPE_REPRESENTATION('',(#2083),#3537);
#3546=PRODUCT_DEFINITION_CONTEXT('part definition',#3551,'design');
#3547=PRODUCT_DEFINITION('2026-07-05-13-21-00-152',
'\X2\221A\X0\beta2\X2\524D8F6E8F6C541156FA5B9A5E95677FFF08\X0\5.1\X2\FF09FF088FC77EBFFF09\X0\',
#3548,#3546);
#3548=PRODUCT_DEFINITION_FORMATION('',$,#3553);
#3549=PRODUCT_RELATED_PRODUCT_CATEGORY(
'\X2\221A\X0\beta2\X2\524D8F6E8F6C541156FA5B9A5E95677FFF08\X0\5.1\X2\FF09FF088FC77EBFFF09\X0\',
'\X2\221A\X0\beta2\X2\524D8F6E8F6C541156FA5B9A5E95677FFF08\X0\5.1\X2\FF09FF088FC77EBFFF09\X0\',
(#3553));
#3550=APPLICATION_PROTOCOL_DEFINITION('international standard',
'automotive_design',2009,#3551);
#3551=APPLICATION_CONTEXT(
'Core Data for Automotive Mechanical Design Process');
#3552=PRODUCT_CONTEXT('part definition',#3551,'mechanical');
#3553=PRODUCT('2026-07-05-13-21-00-152',
'\X2\221A\X0\beta2\X2\524D8F6E8F6C541156FA5B9A5E95677FFF08\X0\5.1\X2\FF09FF088FC77EBFFF09\X0\',
$,(#3552));
#3554=PRESENTATION_STYLE_ASSIGNMENT((#3555));
#3555=SURFACE_STYLE_USAGE(.BOTH.,#3556);
#3556=SURFACE_SIDE_STYLE('',(#3557));
#3557=SURFACE_STYLE_FILL_AREA(#3558);
#3558=FILL_AREA_STYLE('\X2\94A2\X0\ - \X2\7F0E5149\X0\',(#3559));
#3559=FILL_AREA_STYLE_COLOUR('\X2\94A2\X0\ - \X2\7F0E5149\X0\',#3560);
#3560=COLOUR_RGB('\X2\94A2\X0\ - \X2\7F0E5149\X0\',0.627450980392157,0.627450980392157,
0.627450980392157);
ENDSEC;
END-ISO-10303-21;
