ISO-10303-21;
HEADER;
/* Generated by software containing ST-Developer
 * from STEP Tools, Inc. (www.steptools.com) 
 */

FILE_DESCRIPTION(
/* description */ (''),
/* implementation_level */ '2;1');

FILE_NAME(
/* name */ '',
/* time_stamp */ '2026-08-11T12:21:52+09:00',
/* author */ (''),
/* organization */ (''),
/* preprocessor_version */ 'ST-DEVELOPER v20.1',
/* originating_system */ 'Autodesk Translation Framework v15.8.0.0',
/* authorisation */ '');

FILE_SCHEMA (('AUTOMOTIVE_DESIGN { 1 0 10303 214 3 1 1 }'));
ENDSEC;

DATA;
#10=MECHANICAL_DESIGN_GEOMETRIC_PRESENTATION_REPRESENTATION('',(#13,#14),
#3254);
#11=SHAPE_REPRESENTATION_RELATIONSHIP('SRR','None',#3261,#12);
#12=ADVANCED_BREP_SHAPE_REPRESENTATION('',(#15,#16),#3253);
#13=STYLED_ITEM('',(#3270),#15);
#14=STYLED_ITEM('',(#3270),#16);
#15=MANIFOLD_SOLID_BREP('\X2\5B9E4F53\X0\4',#1977);
#16=MANIFOLD_SOLID_BREP('\X2\5B9E4F53\X0\11',#1978);
#17=CYLINDRICAL_SURFACE('',#1998,3.15007346622524);
#18=CYLINDRICAL_SURFACE('',#2005,3.15007346622524);
#19=CYLINDRICAL_SURFACE('',#2036,0.2);
#20=CYLINDRICAL_SURFACE('',#2038,0.2);
#21=CYLINDRICAL_SURFACE('',#2040,0.2);
#22=CYLINDRICAL_SURFACE('',#2043,0.2);
#23=CYLINDRICAL_SURFACE('',#2046,0.2);
#24=CYLINDRICAL_SURFACE('',#2049,0.2);
#25=CYLINDRICAL_SURFACE('',#2052,0.2);
#26=CYLINDRICAL_SURFACE('',#2053,0.2);
#27=CYLINDRICAL_SURFACE('',#2060,1.5);
#28=CYLINDRICAL_SURFACE('',#2062,1.5);
#29=CYLINDRICAL_SURFACE('',#2066,2.1);
#30=CYLINDRICAL_SURFACE('',#2067,2.1);
#31=CYLINDRICAL_SURFACE('',#2078,3.15007346622525);
#32=CYLINDRICAL_SURFACE('',#2080,3.15007346622522);
#33=CYLINDRICAL_SURFACE('',#2117,0.2);
#34=CYLINDRICAL_SURFACE('',#2120,0.2);
#35=CYLINDRICAL_SURFACE('',#2122,0.2);
#36=CYLINDRICAL_SURFACE('',#2123,0.2);
#37=CYLINDRICAL_SURFACE('',#2126,0.2);
#38=CYLINDRICAL_SURFACE('',#2128,0.2);
#39=CYLINDRICAL_SURFACE('',#2131,0.2);
#40=CYLINDRICAL_SURFACE('',#2134,0.2);
#41=CYLINDRICAL_SURFACE('',#2144,1.5);
#42=CYLINDRICAL_SURFACE('',#2145,2.1);
#43=CYLINDRICAL_SURFACE('',#2146,2.1);
#44=CYLINDRICAL_SURFACE('',#2147,1.5);
#45=FACE_BOUND('',#162,.T.);
#46=FACE_BOUND('',#164,.T.);
#47=FACE_BOUND('',#182,.T.);
#48=FACE_BOUND('',#184,.T.);
#49=FACE_BOUND('',#185,.T.);
#50=FACE_BOUND('',#212,.T.);
#51=FACE_BOUND('',#213,.T.);
#52=FACE_BOUND('',#220,.T.);
#53=FACE_BOUND('',#222,.T.);
#54=FACE_BOUND('',#224,.T.);
#55=FACE_BOUND('',#242,.T.);
#56=FACE_BOUND('',#243,.T.);
#57=FACE_BOUND('',#245,.T.);
#58=FACE_BOUND('',#246,.T.);
#59=FACE_BOUND('',#271,.T.);
#60=FACE_BOUND('',#272,.T.);
#61=FACE_OUTER_BOUND('',#161,.T.);
#62=FACE_OUTER_BOUND('',#163,.T.);
#63=FACE_OUTER_BOUND('',#165,.T.);
#64=FACE_OUTER_BOUND('',#166,.T.);
#65=FACE_OUTER_BOUND('',#167,.T.);
#66=FACE_OUTER_BOUND('',#168,.T.);
#67=FACE_OUTER_BOUND('',#169,.T.);
#68=FACE_OUTER_BOUND('',#170,.T.);
#69=FACE_OUTER_BOUND('',#171,.T.);
#70=FACE_OUTER_BOUND('',#172,.T.);
#71=FACE_OUTER_BOUND('',#173,.T.);
#72=FACE_OUTER_BOUND('',#174,.T.);
#73=FACE_OUTER_BOUND('',#175,.T.);
#74=FACE_OUTER_BOUND('',#176,.T.);
#75=FACE_OUTER_BOUND('',#177,.T.);
#76=FACE_OUTER_BOUND('',#178,.T.);
#77=FACE_OUTER_BOUND('',#179,.T.);
#78=FACE_OUTER_BOUND('',#180,.T.);
#79=FACE_OUTER_BOUND('',#181,.T.);
#80=FACE_OUTER_BOUND('',#183,.T.);
#81=FACE_OUTER_BOUND('',#186,.T.);
#82=FACE_OUTER_BOUND('',#187,.T.);
#83=FACE_OUTER_BOUND('',#188,.T.);
#84=FACE_OUTER_BOUND('',#189,.T.);
#85=FACE_OUTER_BOUND('',#190,.T.);
#86=FACE_OUTER_BOUND('',#191,.T.);
#87=FACE_OUTER_BOUND('',#192,.T.);
#88=FACE_OUTER_BOUND('',#193,.T.);
#89=FACE_OUTER_BOUND('',#194,.T.);
#90=FACE_OUTER_BOUND('',#195,.T.);
#91=FACE_OUTER_BOUND('',#196,.T.);
#92=FACE_OUTER_BOUND('',#197,.T.);
#93=FACE_OUTER_BOUND('',#198,.T.);
#94=FACE_OUTER_BOUND('',#199,.T.);
#95=FACE_OUTER_BOUND('',#200,.T.);
#96=FACE_OUTER_BOUND('',#201,.T.);
#97=FACE_OUTER_BOUND('',#202,.T.);
#98=FACE_OUTER_BOUND('',#203,.T.);
#99=FACE_OUTER_BOUND('',#204,.T.);
#100=FACE_OUTER_BOUND('',#205,.T.);
#101=FACE_OUTER_BOUND('',#206,.T.);
#102=FACE_OUTER_BOUND('',#207,.T.);
#103=FACE_OUTER_BOUND('',#208,.T.);
#104=FACE_OUTER_BOUND('',#209,.T.);
#105=FACE_OUTER_BOUND('',#210,.T.);
#106=FACE_OUTER_BOUND('',#211,.T.);
#107=FACE_OUTER_BOUND('',#214,.T.);
#108=FACE_OUTER_BOUND('',#215,.T.);
#109=FACE_OUTER_BOUND('',#216,.T.);
#110=FACE_OUTER_BOUND('',#217,.T.);
#111=FACE_OUTER_BOUND('',#218,.T.);
#112=FACE_OUTER_BOUND('',#219,.T.);
#113=FACE_OUTER_BOUND('',#221,.T.);
#114=FACE_OUTER_BOUND('',#223,.T.);
#115=FACE_OUTER_BOUND('',#225,.T.);
#116=FACE_OUTER_BOUND('',#226,.T.);
#117=FACE_OUTER_BOUND('',#227,.T.);
#118=FACE_OUTER_BOUND('',#228,.T.);
#119=FACE_OUTER_BOUND('',#229,.T.);
#120=FACE_OUTER_BOUND('',#230,.T.);
#121=FACE_OUTER_BOUND('',#231,.T.);
#122=FACE_OUTER_BOUND('',#232,.T.);
#123=FACE_OUTER_BOUND('',#233,.T.);
#124=FACE_OUTER_BOUND('',#234,.T.);
#125=FACE_OUTER_BOUND('',#235,.T.);
#126=FACE_OUTER_BOUND('',#236,.T.);
#127=FACE_OUTER_BOUND('',#237,.T.);
#128=FACE_OUTER_BOUND('',#238,.T.);
#129=FACE_OUTER_BOUND('',#239,.T.);
#130=FACE_OUTER_BOUND('',#240,.T.);
#131=FACE_OUTER_BOUND('',#241,.T.);
#132=FACE_OUTER_BOUND('',#244,.T.);
#133=FACE_OUTER_BOUND('',#247,.T.);
#134=FACE_OUTER_BOUND('',#248,.T.);
#135=FACE_OUTER_BOUND('',#249,.T.);
#136=FACE_OUTER_BOUND('',#250,.T.);
#137=FACE_OUTER_BOUND('',#251,.T.);
#138=FACE_OUTER_BOUND('',#252,.T.);
#139=FACE_OUTER_BOUND('',#253,.T.);
#140=FACE_OUTER_BOUND('',#254,.T.);
#141=FACE_OUTER_BOUND('',#255,.T.);
#142=FACE_OUTER_BOUND('',#256,.T.);
#143=FACE_OUTER_BOUND('',#257,.T.);
#144=FACE_OUTER_BOUND('',#258,.T.);
#145=FACE_OUTER_BOUND('',#259,.T.);
#146=FACE_OUTER_BOUND('',#260,.T.);
#147=FACE_OUTER_BOUND('',#261,.T.);
#148=FACE_OUTER_BOUND('',#262,.T.);
#149=FACE_OUTER_BOUND('',#263,.T.);
#150=FACE_OUTER_BOUND('',#264,.T.);
#151=FACE_OUTER_BOUND('',#265,.T.);
#152=FACE_OUTER_BOUND('',#266,.T.);
#153=FACE_OUTER_BOUND('',#267,.T.);
#154=FACE_OUTER_BOUND('',#268,.T.);
#155=FACE_OUTER_BOUND('',#269,.T.);
#156=FACE_OUTER_BOUND('',#270,.T.);
#157=FACE_OUTER_BOUND('',#273,.T.);
#158=FACE_OUTER_BOUND('',#274,.T.);
#159=FACE_OUTER_BOUND('',#275,.T.);
#160=FACE_OUTER_BOUND('',#276,.T.);
#161=EDGE_LOOP('',(#1245,#1246,#1247,#1248,#1249,#1250));
#162=EDGE_LOOP('',(#1251));
#163=EDGE_LOOP('',(#1252,#1253,#1254,#1255,#1256,#1257));
#164=EDGE_LOOP('',(#1258));
#165=EDGE_LOOP('',(#1259,#1260,#1261,#1262));
#166=EDGE_LOOP('',(#1263,#1264,#1265,#1266,#1267,#1268,#1269,#1270,#1271,
#1272,#1273,#1274,#1275,#1276));
#167=EDGE_LOOP('',(#1277,#1278,#1279,#1280));
#168=EDGE_LOOP('',(#1281,#1282,#1283,#1284,#1285));
#169=EDGE_LOOP('',(#1286,#1287,#1288,#1289,#1290));
#170=EDGE_LOOP('',(#1291,#1292,#1293,#1294));
#171=EDGE_LOOP('',(#1295,#1296,#1297,#1298,#1299));
#172=EDGE_LOOP('',(#1300,#1301,#1302,#1303,#1304));
#173=EDGE_LOOP('',(#1305,#1306,#1307,#1308));
#174=EDGE_LOOP('',(#1309,#1310,#1311,#1312,#1313,#1314,#1315,#1316,#1317,
#1318,#1319,#1320));
#175=EDGE_LOOP('',(#1321,#1322,#1323,#1324));
#176=EDGE_LOOP('',(#1325,#1326,#1327,#1328));
#177=EDGE_LOOP('',(#1329,#1330,#1331,#1332));
#178=EDGE_LOOP('',(#1333,#1334,#1335,#1336));
#179=EDGE_LOOP('',(#1337,#1338,#1339,#1340,#1341,#1342,#1343,#1344,#1345,
#1346,#1347,#1348,#1349,#1350,#1351,#1352));
#180=EDGE_LOOP('',(#1353,#1354,#1355,#1356));
#181=EDGE_LOOP('',(#1357,#1358,#1359,#1360,#1361,#1362,#1363,#1364));
#182=EDGE_LOOP('',(#1365));
#183=EDGE_LOOP('',(#1366,#1367,#1368,#1369,#1370,#1371));
#184=EDGE_LOOP('',(#1372));
#185=EDGE_LOOP('',(#1373));
#186=EDGE_LOOP('',(#1374,#1375,#1376,#1377));
#187=EDGE_LOOP('',(#1378,#1379,#1380,#1381,#1382,#1383,#1384,#1385,#1386,
#1387,#1388,#1389,#1390,#1391,#1392,#1393));
#188=EDGE_LOOP('',(#1394,#1395,#1396,#1397));
#189=EDGE_LOOP('',(#1398,#1399,#1400,#1401));
#190=EDGE_LOOP('',(#1402,#1403,#1404,#1405));
#191=EDGE_LOOP('',(#1406,#1407,#1408,#1409));
#192=EDGE_LOOP('',(#1410,#1411,#1412,#1413));
#193=EDGE_LOOP('',(#1414,#1415,#1416,#1417));
#194=EDGE_LOOP('',(#1418,#1419,#1420,#1421));
#195=EDGE_LOOP('',(#1422,#1423,#1424,#1425));
#196=EDGE_LOOP('',(#1426,#1427,#1428,#1429));
#197=EDGE_LOOP('',(#1430,#1431,#1432,#1433));
#198=EDGE_LOOP('',(#1434,#1435,#1436,#1437));
#199=EDGE_LOOP('',(#1438,#1439,#1440,#1441));
#200=EDGE_LOOP('',(#1442,#1443,#1444,#1445));
#201=EDGE_LOOP('',(#1446,#1447,#1448,#1449));
#202=EDGE_LOOP('',(#1450,#1451,#1452,#1453));
#203=EDGE_LOOP('',(#1454,#1455,#1456,#1457));
#204=EDGE_LOOP('',(#1458,#1459,#1460,#1461,#1462,#1463,#1464,#1465,#1466,
#1467,#1468,#1469,#1470,#1471));
#205=EDGE_LOOP('',(#1472,#1473,#1474,#1475));
#206=EDGE_LOOP('',(#1476,#1477,#1478,#1479));
#207=EDGE_LOOP('',(#1480,#1481,#1482,#1483));
#208=EDGE_LOOP('',(#1484,#1485,#1486,#1487));
#209=EDGE_LOOP('',(#1488,#1489,#1490,#1491));
#210=EDGE_LOOP('',(#1492,#1493,#1494,#1495));
#211=EDGE_LOOP('',(#1496,#1497,#1498,#1499,#1500,#1501));
#212=EDGE_LOOP('',(#1502));
#213=EDGE_LOOP('',(#1503));
#214=EDGE_LOOP('',(#1504,#1505,#1506,#1507));
#215=EDGE_LOOP('',(#1508,#1509,#1510,#1511));
#216=EDGE_LOOP('',(#1512,#1513,#1514,#1515));
#217=EDGE_LOOP('',(#1516,#1517,#1518,#1519));
#218=EDGE_LOOP('',(#1520,#1521,#1522,#1523,#1524,#1525,#1526,#1527));
#219=EDGE_LOOP('',(#1528,#1529,#1530,#1531,#1532,#1533,#1534,#1535));
#220=EDGE_LOOP('',(#1536));
#221=EDGE_LOOP('',(#1537,#1538,#1539,#1540,#1541,#1542));
#222=EDGE_LOOP('',(#1543));
#223=EDGE_LOOP('',(#1544,#1545,#1546,#1547,#1548,#1549));
#224=EDGE_LOOP('',(#1550));
#225=EDGE_LOOP('',(#1551,#1552,#1553,#1554));
#226=EDGE_LOOP('',(#1555,#1556,#1557,#1558));
#227=EDGE_LOOP('',(#1559,#1560,#1561,#1562,#1563,#1564,#1565,#1566));
#228=EDGE_LOOP('',(#1567,#1568,#1569,#1570,#1571,#1572,#1573,#1574,#1575,
#1576,#1577,#1578,#1579,#1580));
#229=EDGE_LOOP('',(#1581,#1582,#1583,#1584,#1585));
#230=EDGE_LOOP('',(#1586,#1587,#1588,#1589,#1590));
#231=EDGE_LOOP('',(#1591,#1592,#1593,#1594));
#232=EDGE_LOOP('',(#1595,#1596,#1597,#1598,#1599));
#233=EDGE_LOOP('',(#1600,#1601,#1602,#1603,#1604));
#234=EDGE_LOOP('',(#1605,#1606,#1607,#1608));
#235=EDGE_LOOP('',(#1609,#1610,#1611,#1612));
#236=EDGE_LOOP('',(#1613,#1614,#1615,#1616));
#237=EDGE_LOOP('',(#1617,#1618,#1619,#1620,#1621,#1622,#1623,#1624,#1625,
#1626,#1627,#1628,#1629,#1630,#1631,#1632));
#238=EDGE_LOOP('',(#1633,#1634,#1635,#1636));
#239=EDGE_LOOP('',(#1637,#1638,#1639,#1640));
#240=EDGE_LOOP('',(#1641,#1642,#1643,#1644));
#241=EDGE_LOOP('',(#1645,#1646,#1647,#1648,#1649,#1650,#1651,#1652,#1653,
#1654,#1655,#1656));
#242=EDGE_LOOP('',(#1657));
#243=EDGE_LOOP('',(#1658));
#244=EDGE_LOOP('',(#1659,#1660,#1661,#1662,#1663,#1664));
#245=EDGE_LOOP('',(#1665));
#246=EDGE_LOOP('',(#1666));
#247=EDGE_LOOP('',(#1667,#1668,#1669,#1670));
#248=EDGE_LOOP('',(#1671,#1672,#1673,#1674,#1675,#1676,#1677,#1678,#1679,
#1680,#1681,#1682,#1683,#1684,#1685,#1686));
#249=EDGE_LOOP('',(#1687,#1688,#1689,#1690));
#250=EDGE_LOOP('',(#1691,#1692,#1693,#1694));
#251=EDGE_LOOP('',(#1695,#1696,#1697,#1698));
#252=EDGE_LOOP('',(#1699,#1700,#1701,#1702));
#253=EDGE_LOOP('',(#1703,#1704,#1705,#1706));
#254=EDGE_LOOP('',(#1707,#1708,#1709,#1710));
#255=EDGE_LOOP('',(#1711,#1712,#1713,#1714));
#256=EDGE_LOOP('',(#1715,#1716,#1717,#1718));
#257=EDGE_LOOP('',(#1719,#1720,#1721,#1722));
#258=EDGE_LOOP('',(#1723,#1724,#1725,#1726));
#259=EDGE_LOOP('',(#1727,#1728,#1729,#1730));
#260=EDGE_LOOP('',(#1731,#1732,#1733,#1734));
#261=EDGE_LOOP('',(#1735,#1736,#1737,#1738));
#262=EDGE_LOOP('',(#1739,#1740,#1741,#1742));
#263=EDGE_LOOP('',(#1743,#1744,#1745,#1746));
#264=EDGE_LOOP('',(#1747,#1748,#1749,#1750));
#265=EDGE_LOOP('',(#1751,#1752,#1753,#1754));
#266=EDGE_LOOP('',(#1755,#1756,#1757,#1758,#1759,#1760,#1761,#1762,#1763,
#1764,#1765,#1766,#1767,#1768));
#267=EDGE_LOOP('',(#1769,#1770,#1771,#1772));
#268=EDGE_LOOP('',(#1773,#1774,#1775,#1776));
#269=EDGE_LOOP('',(#1777,#1778,#1779,#1780));
#270=EDGE_LOOP('',(#1781,#1782,#1783,#1784,#1785,#1786));
#271=EDGE_LOOP('',(#1787));
#272=EDGE_LOOP('',(#1788));
#273=EDGE_LOOP('',(#1789,#1790,#1791,#1792));
#274=EDGE_LOOP('',(#1793,#1794,#1795,#1796));
#275=EDGE_LOOP('',(#1797,#1798,#1799,#1800));
#276=EDGE_LOOP('',(#1801,#1802,#1803,#1804));
#277=CIRCLE('',#1993,3.15007346622524);
#278=CIRCLE('',#1994,1.5);
#279=CIRCLE('',#1996,3.15007346622524);
#280=CIRCLE('',#1997,1.5);
#281=CIRCLE('',#1999,3.15007346622524);
#282=CIRCLE('',#2001,0.2);
#283=CIRCLE('',#2002,0.2);
#284=CIRCLE('',#2003,0.2);
#285=CIRCLE('',#2004,0.2);
#286=CIRCLE('',#2006,3.15007346622524);
#287=CIRCLE('',#2019,0.2);
#288=CIRCLE('',#2020,0.2);
#289=CIRCLE('',#2021,0.2);
#290=CIRCLE('',#2022,0.2);
#291=CIRCLE('',#2025,1.5);
#292=CIRCLE('',#2027,2.1);
#293=CIRCLE('',#2028,2.1);
#294=CIRCLE('',#2031,0.2);
#295=CIRCLE('',#2032,0.2);
#296=CIRCLE('',#2033,0.2);
#297=CIRCLE('',#2034,0.2);
#298=CIRCLE('',#2041,0.2);
#299=CIRCLE('',#2044,0.2);
#300=CIRCLE('',#2047,0.2);
#301=CIRCLE('',#2050,0.2);
#302=CIRCLE('',#2061,1.5);
#303=CIRCLE('',#2064,2.1);
#304=CIRCLE('',#2065,2.1);
#305=CIRCLE('',#2073,3.15007346622525);
#306=CIRCLE('',#2074,1.5);
#307=CIRCLE('',#2076,3.15007346622522);
#308=CIRCLE('',#2077,1.5);
#309=CIRCLE('',#2079,3.15007346622525);
#310=CIRCLE('',#2081,3.15007346622522);
#311=CIRCLE('',#2084,0.2);
#312=CIRCLE('',#2085,0.2);
#313=CIRCLE('',#2086,0.2);
#314=CIRCLE('',#2087,0.2);
#315=CIRCLE('',#2097,0.2);
#316=CIRCLE('',#2098,0.2);
#317=CIRCLE('',#2099,0.2);
#318=CIRCLE('',#2100,0.2);
#319=CIRCLE('',#2105,1.5);
#320=CIRCLE('',#2106,1.5);
#321=CIRCLE('',#2108,2.1);
#322=CIRCLE('',#2109,2.1);
#323=CIRCLE('',#2112,0.2);
#324=CIRCLE('',#2113,0.2);
#325=CIRCLE('',#2114,0.2);
#326=CIRCLE('',#2115,0.2);
#327=CIRCLE('',#2118,0.2);
#328=CIRCLE('',#2129,0.2);
#329=CIRCLE('',#2132,0.2);
#330=CIRCLE('',#2135,0.2);
#331=CIRCLE('',#2142,2.1);
#332=CIRCLE('',#2143,2.1);
#333=LINE('',#2690,#557);
#334=LINE('',#2692,#558);
#335=LINE('',#2694,#559);
#336=LINE('',#2698,#560);
#337=LINE('',#2699,#561);
#338=LINE('',#2705,#562);
#339=LINE('',#2707,#563);
#340=LINE('',#2709,#564);
#341=LINE('',#2713,#565);
#342=LINE('',#2714,#566);
#343=LINE('',#2719,#567);
#344=LINE('',#2722,#568);
#345=LINE('',#2725,#569);
#346=LINE('',#2727,#570);
#347=LINE('',#2729,#571);
#348=LINE('',#2733,#572);
#349=LINE('',#2737,#573);
#350=LINE('',#2741,#574);
#351=LINE('',#2745,#575);
#352=LINE('',#2746,#576);
#353=LINE('',#2749,#577);
#354=LINE('',#2752,#578);
#355=LINE('',#2756,#579);
#356=LINE('',#2757,#580);
#357=LINE('',#2759,#581);
#358=LINE('',#2760,#582);
#359=LINE('',#2764,#583);
#360=LINE('',#2766,#584);
#361=LINE('',#2767,#585);
#362=LINE('',#2768,#586);
#363=LINE('',#2770,#587);
#364=LINE('',#2773,#588);
#365=LINE('',#2775,#589);
#366=LINE('',#2776,#590);
#367=LINE('',#2780,#591);
#368=LINE('',#2782,#592);
#369=LINE('',#2783,#593);
#370=LINE('',#2784,#594);
#371=LINE('',#2786,#595);
#372=LINE('',#2789,#596);
#373=LINE('',#2791,#597);
#374=LINE('',#2793,#598);
#375=LINE('',#2795,#599);
#376=LINE('',#2796,#600);
#377=LINE('',#2797,#601);
#378=LINE('',#2800,#602);
#379=LINE('',#2801,#603);
#380=LINE('',#2803,#604);
#381=LINE('',#2806,#605);
#382=LINE('',#2808,#606);
#383=LINE('',#2809,#607);
#384=LINE('',#2811,#608);
#385=LINE('',#2814,#609);
#386=LINE('',#2816,#610);
#387=LINE('',#2818,#611);
#388=LINE('',#2820,#612);
#389=LINE('',#2822,#613);
#390=LINE('',#2824,#614);
#391=LINE('',#2828,#615);
#392=LINE('',#2832,#616);
#393=LINE('',#2836,#617);
#394=LINE('',#2839,#618);
#395=LINE('',#2842,#619);
#396=LINE('',#2844,#620);
#397=LINE('',#2845,#621);
#398=LINE('',#2849,#622);
#399=LINE('',#2851,#623);
#400=LINE('',#2852,#624);
#401=LINE('',#2854,#625);
#402=LINE('',#2856,#626);
#403=LINE('',#2857,#627);
#404=LINE('',#2862,#628);
#405=LINE('',#2864,#629);
#406=LINE('',#2866,#630);
#407=LINE('',#2867,#631);
#408=LINE('',#2873,#632);
#409=LINE('',#2874,#633);
#410=LINE('',#2877,#634);
#411=LINE('',#2878,#635);
#412=LINE('',#2880,#636);
#413=LINE('',#2884,#637);
#414=LINE('',#2888,#638);
#415=LINE('',#2892,#639);
#416=LINE('',#2895,#640);
#417=LINE('',#2897,#641);
#418=LINE('',#2899,#642);
#419=LINE('',#2901,#643);
#420=LINE('',#2903,#644);
#421=LINE('',#2906,#645);
#422=LINE('',#2907,#646);
#423=LINE('',#2910,#647);
#424=LINE('',#2914,#648);
#425=LINE('',#2915,#649);
#426=LINE('',#2918,#650);
#427=LINE('',#2922,#651);
#428=LINE('',#2923,#652);
#429=LINE('',#2926,#653);
#430=LINE('',#2930,#654);
#431=LINE('',#2931,#655);
#432=LINE('',#2934,#656);
#433=LINE('',#2937,#657);
#434=LINE('',#2939,#658);
#435=LINE('',#2941,#659);
#436=LINE('',#2942,#660);
#437=LINE('',#2944,#661);
#438=LINE('',#2946,#662);
#439=LINE('',#2950,#663);
#440=LINE('',#2953,#664);
#441=LINE('',#2955,#665);
#442=LINE('',#2956,#666);
#443=LINE('',#2959,#667);
#444=LINE('',#2962,#668);
#445=LINE('',#2969,#669);
#446=LINE('',#2971,#670);
#447=LINE('',#2974,#671);
#448=LINE('',#2975,#672);
#449=LINE('',#2977,#673);
#450=LINE('',#2979,#674);
#451=LINE('',#2984,#675);
#452=LINE('',#2986,#676);
#453=LINE('',#2988,#677);
#454=LINE('',#2992,#678);
#455=LINE('',#2993,#679);
#456=LINE('',#2999,#680);
#457=LINE('',#3001,#681);
#458=LINE('',#3003,#682);
#459=LINE('',#3007,#683);
#460=LINE('',#3008,#684);
#461=LINE('',#3013,#685);
#462=LINE('',#3016,#686);
#463=LINE('',#3019,#687);
#464=LINE('',#3022,#688);
#465=LINE('',#3025,#689);
#466=LINE('',#3027,#690);
#467=LINE('',#3028,#691);
#468=LINE('',#3029,#692);
#469=LINE('',#3032,#693);
#470=LINE('',#3034,#694);
#471=LINE('',#3036,#695);
#472=LINE('',#3040,#696);
#473=LINE('',#3044,#697);
#474=LINE('',#3048,#698);
#475=LINE('',#3052,#699);
#476=LINE('',#3053,#700);
#477=LINE('',#3056,#701);
#478=LINE('',#3058,#702);
#479=LINE('',#3059,#703);
#480=LINE('',#3062,#704);
#481=LINE('',#3064,#705);
#482=LINE('',#3065,#706);
#483=LINE('',#3067,#707);
#484=LINE('',#3070,#708);
#485=LINE('',#3072,#709);
#486=LINE('',#3073,#710);
#487=LINE('',#3077,#711);
#488=LINE('',#3079,#712);
#489=LINE('',#3080,#713);
#490=LINE('',#3081,#714);
#491=LINE('',#3083,#715);
#492=LINE('',#3086,#716);
#493=LINE('',#3087,#717);
#494=LINE('',#3090,#718);
#495=LINE('',#3092,#719);
#496=LINE('',#3093,#720);
#497=LINE('',#3097,#721);
#498=LINE('',#3099,#722);
#499=LINE('',#3101,#723);
#500=LINE('',#3103,#724);
#501=LINE('',#3107,#725);
#502=LINE('',#3111,#726);
#503=LINE('',#3115,#727);
#504=LINE('',#3118,#728);
#505=LINE('',#3120,#729);
#506=LINE('',#3121,#730);
#507=LINE('',#3124,#731);
#508=LINE('',#3126,#732);
#509=LINE('',#3127,#733);
#510=LINE('',#3129,#734);
#511=LINE('',#3131,#735);
#512=LINE('',#3134,#736);
#513=LINE('',#3136,#737);
#514=LINE('',#3138,#738);
#515=LINE('',#3140,#739);
#516=LINE('',#3141,#740);
#517=LINE('',#3142,#741);
#518=LINE('',#3149,#742);
#519=LINE('',#3151,#743);
#520=LINE('',#3153,#744);
#521=LINE('',#3154,#745);
#522=LINE('',#3160,#746);
#523=LINE('',#3161,#747);
#524=LINE('',#3164,#748);
#525=LINE('',#3165,#749);
#526=LINE('',#3167,#750);
#527=LINE('',#3171,#751);
#528=LINE('',#3175,#752);
#529=LINE('',#3179,#753);
#530=LINE('',#3182,#754);
#531=LINE('',#3185,#755);
#532=LINE('',#3186,#756);
#533=LINE('',#3189,#757);
#534=LINE('',#3192,#758);
#535=LINE('',#3194,#759);
#536=LINE('',#3196,#760);
#537=LINE('',#3198,#761);
#538=LINE('',#3200,#762);
#539=LINE('',#3201,#763);
#540=LINE('',#3204,#764);
#541=LINE('',#3206,#765);
#542=LINE('',#3209,#766);
#543=LINE('',#3210,#767);
#544=LINE('',#3213,#768);
#545=LINE('',#3216,#769);
#546=LINE('',#3219,#770);
#547=LINE('',#3220,#771);
#548=LINE('',#3224,#772);
#549=LINE('',#3227,#773);
#550=LINE('',#3228,#774);
#551=LINE('',#3232,#775);
#552=LINE('',#3237,#776);
#553=LINE('',#3244,#777);
#554=LINE('',#3246,#778);
#555=LINE('',#3248,#779);
#556=LINE('',#3250,#780);
#557=VECTOR('',#2152,10.);
#558=VECTOR('',#2153,10.);
#559=VECTOR('',#2154,10.);
#560=VECTOR('',#2157,10.);
#561=VECTOR('',#2158,10.);
#562=VECTOR('',#2163,10.);
#563=VECTOR('',#2164,10.);
#564=VECTOR('',#2165,10.);
#565=VECTOR('',#2168,10.);
#566=VECTOR('',#2169,10.);
#567=VECTOR('',#2174,10.);
#568=VECTOR('',#2177,10.);
#569=VECTOR('',#2180,10.);
#570=VECTOR('',#2181,10.);
#571=VECTOR('',#2182,10.);
#572=VECTOR('',#2185,10.);
#573=VECTOR('',#2188,10.);
#574=VECTOR('',#2191,10.);
#575=VECTOR('',#2194,10.);
#576=VECTOR('',#2195,10.);
#577=VECTOR('',#2198,10.);
#578=VECTOR('',#2201,10.);
#579=VECTOR('',#2204,10.);
#580=VECTOR('',#2205,10.);
#581=VECTOR('',#2206,10.);
#582=VECTOR('',#2207,10.);
#583=VECTOR('',#2210,10.);
#584=VECTOR('',#2211,10.);
#585=VECTOR('',#2212,10.);
#586=VECTOR('',#2213,10.);
#587=VECTOR('',#2216,10.);
#588=VECTOR('',#2219,10.);
#589=VECTOR('',#2220,10.);
#590=VECTOR('',#2221,10.);
#591=VECTOR('',#2224,10.);
#592=VECTOR('',#2225,10.);
#593=VECTOR('',#2226,10.);
#594=VECTOR('',#2227,10.);
#595=VECTOR('',#2230,10.);
#596=VECTOR('',#2233,10.);
#597=VECTOR('',#2234,10.);
#598=VECTOR('',#2235,10.);
#599=VECTOR('',#2236,10.);
#600=VECTOR('',#2237,10.);
#601=VECTOR('',#2238,10.);
#602=VECTOR('',#2241,10.);
#603=VECTOR('',#2242,10.);
#604=VECTOR('',#2245,10.);
#605=VECTOR('',#2248,10.);
#606=VECTOR('',#2249,10.);
#607=VECTOR('',#2250,10.);
#608=VECTOR('',#2253,10.);
#609=VECTOR('',#2256,10.);
#610=VECTOR('',#2257,10.);
#611=VECTOR('',#2258,10.);
#612=VECTOR('',#2259,10.);
#613=VECTOR('',#2260,10.);
#614=VECTOR('',#2261,10.);
#615=VECTOR('',#2264,10.);
#616=VECTOR('',#2267,10.);
#617=VECTOR('',#2270,10.);
#618=VECTOR('',#2273,10.);
#619=VECTOR('',#2276,10.);
#620=VECTOR('',#2277,10.);
#621=VECTOR('',#2278,10.);
#622=VECTOR('',#2281,10.);
#623=VECTOR('',#2282,10.);
#624=VECTOR('',#2283,10.);
#625=VECTOR('',#2284,10.);
#626=VECTOR('',#2285,10.);
#627=VECTOR('',#2286,10.);
#628=VECTOR('',#2291,10.);
#629=VECTOR('',#2292,10.);
#630=VECTOR('',#2293,10.);
#631=VECTOR('',#2294,10.);
#632=VECTOR('',#2301,10.);
#633=VECTOR('',#2302,10.);
#634=VECTOR('',#2305,10.);
#635=VECTOR('',#2306,10.);
#636=VECTOR('',#2307,10.);
#637=VECTOR('',#2310,10.);
#638=VECTOR('',#2313,10.);
#639=VECTOR('',#2316,10.);
#640=VECTOR('',#2319,10.);
#641=VECTOR('',#2322,10.);
#642=VECTOR('',#2325,10.);
#643=VECTOR('',#2328,10.);
#644=VECTOR('',#2331,10.);
#645=VECTOR('',#2334,10.);
#646=VECTOR('',#2335,10.);
#647=VECTOR('',#2338,10.);
#648=VECTOR('',#2343,10.);
#649=VECTOR('',#2344,10.);
#650=VECTOR('',#2347,10.);
#651=VECTOR('',#2352,10.);
#652=VECTOR('',#2353,10.);
#653=VECTOR('',#2356,10.);
#654=VECTOR('',#2361,10.);
#655=VECTOR('',#2362,10.);
#656=VECTOR('',#2365,10.);
#657=VECTOR('',#2370,10.);
#658=VECTOR('',#2373,10.);
#659=VECTOR('',#2376,10.);
#660=VECTOR('',#2377,10.);
#661=VECTOR('',#2380,10.);
#662=VECTOR('',#2383,10.);
#663=VECTOR('',#2390,10.);
#664=VECTOR('',#2393,10.);
#665=VECTOR('',#2394,10.);
#666=VECTOR('',#2395,10.);
#667=VECTOR('',#2398,1.5);
#668=VECTOR('',#2403,1.5);
#669=VECTOR('',#2412,2.1);
#670=VECTOR('',#2415,2.1);
#671=VECTOR('',#2418,10.);
#672=VECTOR('',#2419,10.);
#673=VECTOR('',#2422,10.);
#674=VECTOR('',#2425,10.);
#675=VECTOR('',#2430,10.);
#676=VECTOR('',#2431,10.);
#677=VECTOR('',#2432,10.);
#678=VECTOR('',#2435,10.);
#679=VECTOR('',#2436,10.);
#680=VECTOR('',#2441,10.);
#681=VECTOR('',#2442,10.);
#682=VECTOR('',#2443,10.);
#683=VECTOR('',#2446,10.);
#684=VECTOR('',#2447,10.);
#685=VECTOR('',#2452,10.);
#686=VECTOR('',#2455,10.);
#687=VECTOR('',#2458,10.);
#688=VECTOR('',#2461,10.);
#689=VECTOR('',#2464,10.);
#690=VECTOR('',#2465,10.);
#691=VECTOR('',#2466,10.);
#692=VECTOR('',#2467,10.);
#693=VECTOR('',#2470,10.);
#694=VECTOR('',#2471,10.);
#695=VECTOR('',#2472,10.);
#696=VECTOR('',#2475,10.);
#697=VECTOR('',#2478,10.);
#698=VECTOR('',#2481,10.);
#699=VECTOR('',#2484,10.);
#700=VECTOR('',#2485,10.);
#701=VECTOR('',#2488,10.);
#702=VECTOR('',#2489,10.);
#703=VECTOR('',#2490,10.);
#704=VECTOR('',#2493,10.);
#705=VECTOR('',#2494,10.);
#706=VECTOR('',#2495,10.);
#707=VECTOR('',#2498,10.);
#708=VECTOR('',#2501,10.);
#709=VECTOR('',#2502,10.);
#710=VECTOR('',#2503,10.);
#711=VECTOR('',#2506,10.);
#712=VECTOR('',#2507,10.);
#713=VECTOR('',#2508,10.);
#714=VECTOR('',#2509,10.);
#715=VECTOR('',#2512,10.);
#716=VECTOR('',#2515,10.);
#717=VECTOR('',#2516,10.);
#718=VECTOR('',#2519,10.);
#719=VECTOR('',#2520,10.);
#720=VECTOR('',#2521,10.);
#721=VECTOR('',#2524,10.);
#722=VECTOR('',#2525,10.);
#723=VECTOR('',#2526,10.);
#724=VECTOR('',#2527,10.);
#725=VECTOR('',#2530,10.);
#726=VECTOR('',#2533,10.);
#727=VECTOR('',#2536,10.);
#728=VECTOR('',#2539,10.);
#729=VECTOR('',#2540,10.);
#730=VECTOR('',#2541,10.);
#731=VECTOR('',#2544,10.);
#732=VECTOR('',#2545,10.);
#733=VECTOR('',#2546,10.);
#734=VECTOR('',#2549,10.);
#735=VECTOR('',#2552,10.);
#736=VECTOR('',#2555,10.);
#737=VECTOR('',#2556,10.);
#738=VECTOR('',#2557,10.);
#739=VECTOR('',#2558,10.);
#740=VECTOR('',#2559,10.);
#741=VECTOR('',#2560,10.);
#742=VECTOR('',#2567,10.);
#743=VECTOR('',#2568,10.);
#744=VECTOR('',#2569,10.);
#745=VECTOR('',#2570,10.);
#746=VECTOR('',#2577,10.);
#747=VECTOR('',#2578,10.);
#748=VECTOR('',#2581,10.);
#749=VECTOR('',#2582,10.);
#750=VECTOR('',#2583,10.);
#751=VECTOR('',#2586,10.);
#752=VECTOR('',#2589,10.);
#753=VECTOR('',#2592,10.);
#754=VECTOR('',#2595,10.);
#755=VECTOR('',#2598,10.);
#756=VECTOR('',#2599,10.);
#757=VECTOR('',#2602,10.);
#758=VECTOR('',#2607,10.);
#759=VECTOR('',#2610,10.);
#760=VECTOR('',#2613,10.);
#761=VECTOR('',#2616,10.);
#762=VECTOR('',#2619,10.);
#763=VECTOR('',#2620,10.);
#764=VECTOR('',#2625,10.);
#765=VECTOR('',#2628,10.);
#766=VECTOR('',#2631,10.);
#767=VECTOR('',#2632,10.);
#768=VECTOR('',#2635,10.);
#769=VECTOR('',#2638,10.);
#770=VECTOR('',#2641,10.);
#771=VECTOR('',#2642,10.);
#772=VECTOR('',#2647,10.);
#773=VECTOR('',#2650,10.);
#774=VECTOR('',#2651,10.);
#775=VECTOR('',#2658,10.);
#776=VECTOR('',#2667,10.);
#777=VECTOR('',#2676,1.5);
#778=VECTOR('',#2679,2.1);
#779=VECTOR('',#2682,2.1);
#780=VECTOR('',#2685,1.5);
#781=VERTEX_POINT('',#2688);
#782=VERTEX_POINT('',#2689);
#783=VERTEX_POINT('',#2691);
#784=VERTEX_POINT('',#2693);
#785=VERTEX_POINT('',#2695);
#786=VERTEX_POINT('',#2697);
#787=VERTEX_POINT('',#2700);
#788=VERTEX_POINT('',#2703);
#789=VERTEX_POINT('',#2704);
#790=VERTEX_POINT('',#2706);
#791=VERTEX_POINT('',#2708);
#792=VERTEX_POINT('',#2710);
#793=VERTEX_POINT('',#2712);
#794=VERTEX_POINT('',#2715);
#795=VERTEX_POINT('',#2718);
#796=VERTEX_POINT('',#2720);
#797=VERTEX_POINT('',#2724);
#798=VERTEX_POINT('',#2726);
#799=VERTEX_POINT('',#2728);
#800=VERTEX_POINT('',#2730);
#801=VERTEX_POINT('',#2732);
#802=VERTEX_POINT('',#2734);
#803=VERTEX_POINT('',#2736);
#804=VERTEX_POINT('',#2738);
#805=VERTEX_POINT('',#2740);
#806=VERTEX_POINT('',#2742);
#807=VERTEX_POINT('',#2744);
#808=VERTEX_POINT('',#2748);
#809=VERTEX_POINT('',#2750);
#810=VERTEX_POINT('',#2754);
#811=VERTEX_POINT('',#2755);
#812=VERTEX_POINT('',#2758);
#813=VERTEX_POINT('',#2762);
#814=VERTEX_POINT('',#2763);
#815=VERTEX_POINT('',#2765);
#816=VERTEX_POINT('',#2772);
#817=VERTEX_POINT('',#2774);
#818=VERTEX_POINT('',#2778);
#819=VERTEX_POINT('',#2779);
#820=VERTEX_POINT('',#2781);
#821=VERTEX_POINT('',#2788);
#822=VERTEX_POINT('',#2790);
#823=VERTEX_POINT('',#2792);
#824=VERTEX_POINT('',#2794);
#825=VERTEX_POINT('',#2799);
#826=VERTEX_POINT('',#2805);
#827=VERTEX_POINT('',#2807);
#828=VERTEX_POINT('',#2813);
#829=VERTEX_POINT('',#2815);
#830=VERTEX_POINT('',#2817);
#831=VERTEX_POINT('',#2819);
#832=VERTEX_POINT('',#2821);
#833=VERTEX_POINT('',#2823);
#834=VERTEX_POINT('',#2825);
#835=VERTEX_POINT('',#2827);
#836=VERTEX_POINT('',#2829);
#837=VERTEX_POINT('',#2831);
#838=VERTEX_POINT('',#2833);
#839=VERTEX_POINT('',#2835);
#840=VERTEX_POINT('',#2837);
#841=VERTEX_POINT('',#2841);
#842=VERTEX_POINT('',#2843);
#843=VERTEX_POINT('',#2847);
#844=VERTEX_POINT('',#2848);
#845=VERTEX_POINT('',#2850);
#846=VERTEX_POINT('',#2853);
#847=VERTEX_POINT('',#2855);
#848=VERTEX_POINT('',#2858);
#849=VERTEX_POINT('',#2861);
#850=VERTEX_POINT('',#2863);
#851=VERTEX_POINT('',#2865);
#852=VERTEX_POINT('',#2868);
#853=VERTEX_POINT('',#2870);
#854=VERTEX_POINT('',#2876);
#855=VERTEX_POINT('',#2879);
#856=VERTEX_POINT('',#2881);
#857=VERTEX_POINT('',#2883);
#858=VERTEX_POINT('',#2885);
#859=VERTEX_POINT('',#2887);
#860=VERTEX_POINT('',#2889);
#861=VERTEX_POINT('',#2891);
#862=VERTEX_POINT('',#2893);
#863=VERTEX_POINT('',#2905);
#864=VERTEX_POINT('',#2909);
#865=VERTEX_POINT('',#2913);
#866=VERTEX_POINT('',#2917);
#867=VERTEX_POINT('',#2921);
#868=VERTEX_POINT('',#2925);
#869=VERTEX_POINT('',#2929);
#870=VERTEX_POINT('',#2933);
#871=VERTEX_POINT('',#2952);
#872=VERTEX_POINT('',#2954);
#873=VERTEX_POINT('',#2958);
#874=VERTEX_POINT('',#2964);
#875=VERTEX_POINT('',#2966);
#876=VERTEX_POINT('',#2973);
#877=VERTEX_POINT('',#2982);
#878=VERTEX_POINT('',#2983);
#879=VERTEX_POINT('',#2985);
#880=VERTEX_POINT('',#2987);
#881=VERTEX_POINT('',#2989);
#882=VERTEX_POINT('',#2991);
#883=VERTEX_POINT('',#2994);
#884=VERTEX_POINT('',#2997);
#885=VERTEX_POINT('',#2998);
#886=VERTEX_POINT('',#3000);
#887=VERTEX_POINT('',#3002);
#888=VERTEX_POINT('',#3004);
#889=VERTEX_POINT('',#3006);
#890=VERTEX_POINT('',#3009);
#891=VERTEX_POINT('',#3012);
#892=VERTEX_POINT('',#3014);
#893=VERTEX_POINT('',#3018);
#894=VERTEX_POINT('',#3020);
#895=VERTEX_POINT('',#3024);
#896=VERTEX_POINT('',#3026);
#897=VERTEX_POINT('',#3031);
#898=VERTEX_POINT('',#3033);
#899=VERTEX_POINT('',#3035);
#900=VERTEX_POINT('',#3037);
#901=VERTEX_POINT('',#3039);
#902=VERTEX_POINT('',#3041);
#903=VERTEX_POINT('',#3043);
#904=VERTEX_POINT('',#3045);
#905=VERTEX_POINT('',#3047);
#906=VERTEX_POINT('',#3049);
#907=VERTEX_POINT('',#3051);
#908=VERTEX_POINT('',#3055);
#909=VERTEX_POINT('',#3057);
#910=VERTEX_POINT('',#3061);
#911=VERTEX_POINT('',#3063);
#912=VERTEX_POINT('',#3069);
#913=VERTEX_POINT('',#3071);
#914=VERTEX_POINT('',#3075);
#915=VERTEX_POINT('',#3076);
#916=VERTEX_POINT('',#3078);
#917=VERTEX_POINT('',#3085);
#918=VERTEX_POINT('',#3089);
#919=VERTEX_POINT('',#3091);
#920=VERTEX_POINT('',#3095);
#921=VERTEX_POINT('',#3096);
#922=VERTEX_POINT('',#3098);
#923=VERTEX_POINT('',#3100);
#924=VERTEX_POINT('',#3102);
#925=VERTEX_POINT('',#3104);
#926=VERTEX_POINT('',#3106);
#927=VERTEX_POINT('',#3108);
#928=VERTEX_POINT('',#3110);
#929=VERTEX_POINT('',#3112);
#930=VERTEX_POINT('',#3114);
#931=VERTEX_POINT('',#3116);
#932=VERTEX_POINT('',#3119);
#933=VERTEX_POINT('',#3123);
#934=VERTEX_POINT('',#3125);
#935=VERTEX_POINT('',#3133);
#936=VERTEX_POINT('',#3135);
#937=VERTEX_POINT('',#3137);
#938=VERTEX_POINT('',#3139);
#939=VERTEX_POINT('',#3143);
#940=VERTEX_POINT('',#3145);
#941=VERTEX_POINT('',#3148);
#942=VERTEX_POINT('',#3150);
#943=VERTEX_POINT('',#3152);
#944=VERTEX_POINT('',#3155);
#945=VERTEX_POINT('',#3157);
#946=VERTEX_POINT('',#3163);
#947=VERTEX_POINT('',#3166);
#948=VERTEX_POINT('',#3168);
#949=VERTEX_POINT('',#3170);
#950=VERTEX_POINT('',#3172);
#951=VERTEX_POINT('',#3174);
#952=VERTEX_POINT('',#3176);
#953=VERTEX_POINT('',#3178);
#954=VERTEX_POINT('',#3180);
#955=VERTEX_POINT('',#3184);
#956=VERTEX_POINT('',#3188);
#957=VERTEX_POINT('',#3208);
#958=VERTEX_POINT('',#3212);
#959=VERTEX_POINT('',#3214);
#960=VERTEX_POINT('',#3218);
#961=VERTEX_POINT('',#3222);
#962=VERTEX_POINT('',#3226);
#963=VERTEX_POINT('',#3239);
#964=VERTEX_POINT('',#3241);
#965=EDGE_CURVE('',#781,#782,#333,.T.);
#966=EDGE_CURVE('',#783,#781,#334,.T.);
#967=EDGE_CURVE('',#784,#783,#335,.T.);
#968=EDGE_CURVE('',#785,#784,#277,.T.);
#969=EDGE_CURVE('',#786,#785,#336,.T.);
#970=EDGE_CURVE('',#782,#786,#337,.T.);
#971=EDGE_CURVE('',#787,#787,#278,.T.);
#972=EDGE_CURVE('',#788,#789,#338,.T.);
#973=EDGE_CURVE('',#790,#788,#339,.T.);
#974=EDGE_CURVE('',#791,#790,#340,.T.);
#975=EDGE_CURVE('',#792,#791,#279,.T.);
#976=EDGE_CURVE('',#793,#792,#341,.T.);
#977=EDGE_CURVE('',#789,#793,#342,.T.);
#978=EDGE_CURVE('',#794,#794,#280,.T.);
#979=EDGE_CURVE('',#784,#795,#343,.T.);
#980=EDGE_CURVE('',#796,#795,#281,.T.);
#981=EDGE_CURVE('',#785,#796,#344,.T.);
#982=EDGE_CURVE('',#783,#797,#345,.T.);
#983=EDGE_CURVE('',#798,#797,#346,.T.);
#984=EDGE_CURVE('',#798,#799,#347,.T.);
#985=EDGE_CURVE('',#800,#799,#282,.T.);
#986=EDGE_CURVE('',#800,#801,#348,.T.);
#987=EDGE_CURVE('',#802,#801,#283,.T.);
#988=EDGE_CURVE('',#802,#803,#349,.T.);
#989=EDGE_CURVE('',#804,#803,#284,.T.);
#990=EDGE_CURVE('',#804,#805,#350,.T.);
#991=EDGE_CURVE('',#806,#805,#285,.T.);
#992=EDGE_CURVE('',#806,#807,#351,.T.);
#993=EDGE_CURVE('',#795,#807,#352,.T.);
#994=EDGE_CURVE('',#791,#808,#353,.T.);
#995=EDGE_CURVE('',#809,#808,#286,.T.);
#996=EDGE_CURVE('',#792,#809,#354,.T.);
#997=EDGE_CURVE('',#810,#811,#355,.T.);
#998=EDGE_CURVE('',#790,#810,#356,.T.);
#999=EDGE_CURVE('',#812,#788,#357,.T.);
#1000=EDGE_CURVE('',#811,#812,#358,.T.);
#1001=EDGE_CURVE('',#813,#814,#359,.T.);
#1002=EDGE_CURVE('',#815,#813,#360,.T.);
#1003=EDGE_CURVE('',#815,#789,#361,.T.);
#1004=EDGE_CURVE('',#814,#793,#362,.T.);
#1005=EDGE_CURVE('',#812,#815,#363,.F.);
#1006=EDGE_CURVE('',#797,#816,#364,.T.);
#1007=EDGE_CURVE('',#817,#781,#365,.T.);
#1008=EDGE_CURVE('',#816,#817,#366,.T.);
#1009=EDGE_CURVE('',#818,#819,#367,.T.);
#1010=EDGE_CURVE('',#820,#818,#368,.T.);
#1011=EDGE_CURVE('',#820,#782,#369,.T.);
#1012=EDGE_CURVE('',#819,#786,#370,.T.);
#1013=EDGE_CURVE('',#817,#820,#371,.F.);
#1014=EDGE_CURVE('',#821,#796,#372,.T.);
#1015=EDGE_CURVE('',#822,#821,#373,.T.);
#1016=EDGE_CURVE('',#823,#822,#374,.T.);
#1017=EDGE_CURVE('',#824,#823,#375,.T.);
#1018=EDGE_CURVE('',#808,#824,#376,.T.);
#1019=EDGE_CURVE('',#819,#810,#377,.T.);
#1020=EDGE_CURVE('',#816,#825,#378,.T.);
#1021=EDGE_CURVE('',#825,#798,#379,.T.);
#1022=EDGE_CURVE('',#811,#818,#380,.T.);
#1023=EDGE_CURVE('',#814,#826,#381,.T.);
#1024=EDGE_CURVE('',#826,#827,#382,.T.);
#1025=EDGE_CURVE('',#827,#813,#383,.T.);
#1026=EDGE_CURVE('',#820,#812,#384,.T.);
#1027=EDGE_CURVE('',#828,#817,#385,.T.);
#1028=EDGE_CURVE('',#829,#828,#386,.T.);
#1029=EDGE_CURVE('',#830,#829,#387,.T.);
#1030=EDGE_CURVE('',#830,#831,#388,.T.);
#1031=EDGE_CURVE('',#832,#831,#389,.T.);
#1032=EDGE_CURVE('',#833,#832,#390,.T.);
#1033=EDGE_CURVE('',#834,#833,#287,.T.);
#1034=EDGE_CURVE('',#835,#834,#391,.T.);
#1035=EDGE_CURVE('',#836,#835,#288,.T.);
#1036=EDGE_CURVE('',#837,#836,#392,.T.);
#1037=EDGE_CURVE('',#838,#837,#289,.T.);
#1038=EDGE_CURVE('',#839,#838,#393,.T.);
#1039=EDGE_CURVE('',#840,#839,#290,.T.);
#1040=EDGE_CURVE('',#825,#840,#394,.T.);
#1041=EDGE_CURVE('',#830,#841,#395,.T.);
#1042=EDGE_CURVE('',#842,#841,#396,.T.);
#1043=EDGE_CURVE('',#831,#842,#397,.F.);
#1044=EDGE_CURVE('',#843,#844,#398,.T.);
#1045=EDGE_CURVE('',#844,#845,#399,.T.);
#1046=EDGE_CURVE('',#845,#809,#400,.T.);
#1047=EDGE_CURVE('',#824,#846,#401,.T.);
#1048=EDGE_CURVE('',#846,#847,#402,.T.);
#1049=EDGE_CURVE('',#847,#843,#403,.F.);
#1050=EDGE_CURVE('',#848,#848,#291,.T.);
#1051=EDGE_CURVE('',#849,#829,#404,.T.);
#1052=EDGE_CURVE('',#849,#850,#405,.T.);
#1053=EDGE_CURVE('',#851,#850,#406,.T.);
#1054=EDGE_CURVE('',#841,#851,#407,.T.);
#1055=EDGE_CURVE('',#852,#852,#292,.T.);
#1056=EDGE_CURVE('',#853,#853,#293,.T.);
#1057=EDGE_CURVE('',#843,#850,#408,.T.);
#1058=EDGE_CURVE('',#847,#851,#409,.F.);
#1059=EDGE_CURVE('',#854,#849,#410,.T.);
#1060=EDGE_CURVE('',#815,#854,#411,.T.);
#1061=EDGE_CURVE('',#855,#827,#412,.T.);
#1062=EDGE_CURVE('',#856,#855,#294,.T.);
#1063=EDGE_CURVE('',#857,#856,#413,.T.);
#1064=EDGE_CURVE('',#858,#857,#295,.T.);
#1065=EDGE_CURVE('',#859,#858,#414,.T.);
#1066=EDGE_CURVE('',#860,#859,#296,.T.);
#1067=EDGE_CURVE('',#861,#860,#415,.T.);
#1068=EDGE_CURVE('',#862,#861,#297,.T.);
#1069=EDGE_CURVE('',#844,#862,#416,.T.);
#1070=EDGE_CURVE('',#799,#840,#417,.T.);
#1071=EDGE_CURVE('',#839,#800,#418,.T.);
#1072=EDGE_CURVE('',#801,#838,#419,.T.);
#1073=EDGE_CURVE('',#837,#802,#420,.T.);
#1074=EDGE_CURVE('',#863,#862,#421,.T.);
#1075=EDGE_CURVE('',#845,#863,#422,.T.);
#1076=EDGE_CURVE('',#861,#864,#423,.T.);
#1077=EDGE_CURVE('',#864,#863,#298,.T.);
#1078=EDGE_CURVE('',#865,#860,#424,.T.);
#1079=EDGE_CURVE('',#864,#865,#425,.T.);
#1080=EDGE_CURVE('',#859,#866,#426,.T.);
#1081=EDGE_CURVE('',#866,#865,#299,.T.);
#1082=EDGE_CURVE('',#867,#858,#427,.T.);
#1083=EDGE_CURVE('',#866,#867,#428,.T.);
#1084=EDGE_CURVE('',#857,#868,#429,.T.);
#1085=EDGE_CURVE('',#868,#867,#300,.T.);
#1086=EDGE_CURVE('',#869,#856,#430,.T.);
#1087=EDGE_CURVE('',#868,#869,#431,.T.);
#1088=EDGE_CURVE('',#855,#870,#432,.T.);
#1089=EDGE_CURVE('',#870,#869,#301,.T.);
#1090=EDGE_CURVE('',#803,#836,#433,.T.);
#1091=EDGE_CURVE('',#835,#804,#434,.T.);
#1092=EDGE_CURVE('',#833,#806,#435,.T.);
#1093=EDGE_CURVE('',#805,#834,#436,.T.);
#1094=EDGE_CURVE('',#807,#832,#437,.T.);
#1095=EDGE_CURVE('',#870,#826,#438,.T.);
#1096=EDGE_CURVE('',#854,#828,#439,.T.);
#1097=EDGE_CURVE('',#821,#871,#440,.T.);
#1098=EDGE_CURVE('',#871,#872,#441,.T.);
#1099=EDGE_CURVE('',#822,#872,#442,.T.);
#1100=EDGE_CURVE('',#787,#873,#443,.T.);
#1101=EDGE_CURVE('',#873,#873,#302,.T.);
#1102=EDGE_CURVE('',#794,#848,#444,.T.);
#1103=EDGE_CURVE('',#874,#874,#303,.T.);
#1104=EDGE_CURVE('',#875,#875,#304,.T.);
#1105=EDGE_CURVE('',#875,#852,#445,.T.);
#1106=EDGE_CURVE('',#874,#853,#446,.T.);
#1107=EDGE_CURVE('',#823,#876,#447,.T.);
#1108=EDGE_CURVE('',#876,#846,#448,.T.);
#1109=EDGE_CURVE('',#872,#876,#449,.T.);
#1110=EDGE_CURVE('',#842,#871,#450,.T.);
#1111=EDGE_CURVE('',#877,#878,#451,.T.);
#1112=EDGE_CURVE('',#879,#877,#452,.T.);
#1113=EDGE_CURVE('',#880,#879,#453,.T.);
#1114=EDGE_CURVE('',#881,#880,#305,.T.);
#1115=EDGE_CURVE('',#882,#881,#454,.T.);
#1116=EDGE_CURVE('',#878,#882,#455,.T.);
#1117=EDGE_CURVE('',#883,#883,#306,.T.);
#1118=EDGE_CURVE('',#884,#885,#456,.T.);
#1119=EDGE_CURVE('',#886,#884,#457,.T.);
#1120=EDGE_CURVE('',#887,#886,#458,.T.);
#1121=EDGE_CURVE('',#888,#887,#307,.T.);
#1122=EDGE_CURVE('',#889,#888,#459,.T.);
#1123=EDGE_CURVE('',#885,#889,#460,.T.);
#1124=EDGE_CURVE('',#890,#890,#308,.T.);
#1125=EDGE_CURVE('',#880,#891,#461,.T.);
#1126=EDGE_CURVE('',#892,#891,#309,.T.);
#1127=EDGE_CURVE('',#881,#892,#462,.T.);
#1128=EDGE_CURVE('',#887,#893,#463,.T.);
#1129=EDGE_CURVE('',#894,#893,#310,.T.);
#1130=EDGE_CURVE('',#888,#894,#464,.T.);
#1131=EDGE_CURVE('',#879,#895,#465,.T.);
#1132=EDGE_CURVE('',#896,#895,#466,.T.);
#1133=EDGE_CURVE('',#896,#889,#467,.T.);
#1134=EDGE_CURVE('',#891,#894,#468,.T.);
#1135=EDGE_CURVE('',#886,#897,#469,.T.);
#1136=EDGE_CURVE('',#898,#897,#470,.T.);
#1137=EDGE_CURVE('',#898,#899,#471,.T.);
#1138=EDGE_CURVE('',#900,#899,#311,.T.);
#1139=EDGE_CURVE('',#900,#901,#472,.T.);
#1140=EDGE_CURVE('',#902,#901,#312,.T.);
#1141=EDGE_CURVE('',#902,#903,#473,.T.);
#1142=EDGE_CURVE('',#904,#903,#313,.T.);
#1143=EDGE_CURVE('',#904,#905,#474,.T.);
#1144=EDGE_CURVE('',#906,#905,#314,.T.);
#1145=EDGE_CURVE('',#906,#907,#475,.T.);
#1146=EDGE_CURVE('',#893,#907,#476,.T.);
#1147=EDGE_CURVE('',#897,#908,#477,.T.);
#1148=EDGE_CURVE('',#909,#884,#478,.T.);
#1149=EDGE_CURVE('',#908,#909,#479,.T.);
#1150=EDGE_CURVE('',#910,#896,#480,.T.);
#1151=EDGE_CURVE('',#911,#910,#481,.T.);
#1152=EDGE_CURVE('',#911,#885,#482,.T.);
#1153=EDGE_CURVE('',#909,#911,#483,.F.);
#1154=EDGE_CURVE('',#895,#912,#484,.T.);
#1155=EDGE_CURVE('',#913,#877,#485,.T.);
#1156=EDGE_CURVE('',#912,#913,#486,.T.);
#1157=EDGE_CURVE('',#914,#915,#487,.T.);
#1158=EDGE_CURVE('',#916,#914,#488,.T.);
#1159=EDGE_CURVE('',#916,#878,#489,.T.);
#1160=EDGE_CURVE('',#915,#882,#490,.T.);
#1161=EDGE_CURVE('',#913,#916,#491,.F.);
#1162=EDGE_CURVE('',#908,#917,#492,.T.);
#1163=EDGE_CURVE('',#917,#898,#493,.T.);
#1164=EDGE_CURVE('',#915,#918,#494,.T.);
#1165=EDGE_CURVE('',#918,#919,#495,.T.);
#1166=EDGE_CURVE('',#919,#914,#496,.T.);
#1167=EDGE_CURVE('',#920,#921,#497,.T.);
#1168=EDGE_CURVE('',#920,#922,#498,.T.);
#1169=EDGE_CURVE('',#923,#922,#499,.T.);
#1170=EDGE_CURVE('',#924,#923,#500,.T.);
#1171=EDGE_CURVE('',#925,#924,#315,.T.);
#1172=EDGE_CURVE('',#926,#925,#501,.T.);
#1173=EDGE_CURVE('',#927,#926,#316,.T.);
#1174=EDGE_CURVE('',#928,#927,#502,.T.);
#1175=EDGE_CURVE('',#929,#928,#317,.T.);
#1176=EDGE_CURVE('',#930,#929,#503,.T.);
#1177=EDGE_CURVE('',#931,#930,#318,.T.);
#1178=EDGE_CURVE('',#917,#931,#504,.T.);
#1179=EDGE_CURVE('',#932,#909,#505,.T.);
#1180=EDGE_CURVE('',#921,#932,#506,.T.);
#1181=EDGE_CURVE('',#920,#933,#507,.T.);
#1182=EDGE_CURVE('',#934,#933,#508,.T.);
#1183=EDGE_CURVE('',#922,#934,#509,.F.);
#1184=EDGE_CURVE('',#912,#910,#510,.T.);
#1185=EDGE_CURVE('',#911,#913,#511,.T.);
#1186=EDGE_CURVE('',#934,#935,#512,.T.);
#1187=EDGE_CURVE('',#935,#936,#513,.F.);
#1188=EDGE_CURVE('',#936,#937,#514,.T.);
#1189=EDGE_CURVE('',#937,#938,#515,.T.);
#1190=EDGE_CURVE('',#938,#892,#516,.T.);
#1191=EDGE_CURVE('',#907,#923,#517,.T.);
#1192=EDGE_CURVE('',#939,#939,#319,.T.);
#1193=EDGE_CURVE('',#940,#940,#320,.T.);
#1194=EDGE_CURVE('',#941,#921,#518,.T.);
#1195=EDGE_CURVE('',#941,#942,#519,.T.);
#1196=EDGE_CURVE('',#943,#942,#520,.T.);
#1197=EDGE_CURVE('',#933,#943,#521,.T.);
#1198=EDGE_CURVE('',#944,#944,#321,.T.);
#1199=EDGE_CURVE('',#945,#945,#322,.T.);
#1200=EDGE_CURVE('',#936,#942,#522,.T.);
#1201=EDGE_CURVE('',#935,#943,#523,.F.);
#1202=EDGE_CURVE('',#946,#941,#524,.T.);
#1203=EDGE_CURVE('',#916,#946,#525,.T.);
#1204=EDGE_CURVE('',#947,#919,#526,.T.);
#1205=EDGE_CURVE('',#948,#947,#323,.T.);
#1206=EDGE_CURVE('',#949,#948,#527,.T.);
#1207=EDGE_CURVE('',#950,#949,#324,.T.);
#1208=EDGE_CURVE('',#951,#950,#528,.T.);
#1209=EDGE_CURVE('',#952,#951,#325,.T.);
#1210=EDGE_CURVE('',#953,#952,#529,.T.);
#1211=EDGE_CURVE('',#954,#953,#326,.T.);
#1212=EDGE_CURVE('',#937,#954,#530,.T.);
#1213=EDGE_CURVE('',#955,#954,#531,.T.);
#1214=EDGE_CURVE('',#938,#955,#532,.T.);
#1215=EDGE_CURVE('',#953,#956,#533,.T.);
#1216=EDGE_CURVE('',#956,#955,#327,.T.);
#1217=EDGE_CURVE('',#899,#931,#534,.T.);
#1218=EDGE_CURVE('',#930,#900,#535,.T.);
#1219=EDGE_CURVE('',#901,#929,#536,.T.);
#1220=EDGE_CURVE('',#928,#902,#537,.T.);
#1221=EDGE_CURVE('',#924,#906,#538,.T.);
#1222=EDGE_CURVE('',#905,#925,#539,.T.);
#1223=EDGE_CURVE('',#903,#927,#540,.T.);
#1224=EDGE_CURVE('',#926,#904,#541,.T.);
#1225=EDGE_CURVE('',#957,#952,#542,.T.);
#1226=EDGE_CURVE('',#956,#957,#543,.T.);
#1227=EDGE_CURVE('',#947,#958,#544,.T.);
#1228=EDGE_CURVE('',#958,#959,#328,.T.);
#1229=EDGE_CURVE('',#959,#948,#545,.T.);
#1230=EDGE_CURVE('',#960,#959,#546,.T.);
#1231=EDGE_CURVE('',#949,#960,#547,.T.);
#1232=EDGE_CURVE('',#960,#961,#329,.T.);
#1233=EDGE_CURVE('',#961,#950,#548,.T.);
#1234=EDGE_CURVE('',#962,#961,#549,.T.);
#1235=EDGE_CURVE('',#951,#962,#550,.T.);
#1236=EDGE_CURVE('',#962,#957,#330,.T.);
#1237=EDGE_CURVE('',#958,#918,#551,.T.);
#1238=EDGE_CURVE('',#946,#932,#552,.T.);
#1239=EDGE_CURVE('',#963,#963,#331,.T.);
#1240=EDGE_CURVE('',#964,#964,#332,.T.);
#1241=EDGE_CURVE('',#883,#940,#553,.T.);
#1242=EDGE_CURVE('',#964,#945,#554,.T.);
#1243=EDGE_CURVE('',#963,#944,#555,.T.);
#1244=EDGE_CURVE('',#890,#939,#556,.T.);
#1245=ORIENTED_EDGE('',*,*,#965,.F.);
#1246=ORIENTED_EDGE('',*,*,#966,.F.);
#1247=ORIENTED_EDGE('',*,*,#967,.F.);
#1248=ORIENTED_EDGE('',*,*,#968,.F.);
#1249=ORIENTED_EDGE('',*,*,#969,.F.);
#1250=ORIENTED_EDGE('',*,*,#970,.F.);
#1251=ORIENTED_EDGE('',*,*,#971,.F.);
#1252=ORIENTED_EDGE('',*,*,#972,.F.);
#1253=ORIENTED_EDGE('',*,*,#973,.F.);
#1254=ORIENTED_EDGE('',*,*,#974,.F.);
#1255=ORIENTED_EDGE('',*,*,#975,.F.);
#1256=ORIENTED_EDGE('',*,*,#976,.F.);
#1257=ORIENTED_EDGE('',*,*,#977,.F.);
#1258=ORIENTED_EDGE('',*,*,#978,.F.);
#1259=ORIENTED_EDGE('',*,*,#968,.T.);
#1260=ORIENTED_EDGE('',*,*,#979,.T.);
#1261=ORIENTED_EDGE('',*,*,#980,.F.);
#1262=ORIENTED_EDGE('',*,*,#981,.F.);
#1263=ORIENTED_EDGE('',*,*,#967,.T.);
#1264=ORIENTED_EDGE('',*,*,#982,.T.);
#1265=ORIENTED_EDGE('',*,*,#983,.F.);
#1266=ORIENTED_EDGE('',*,*,#984,.T.);
#1267=ORIENTED_EDGE('',*,*,#985,.F.);
#1268=ORIENTED_EDGE('',*,*,#986,.T.);
#1269=ORIENTED_EDGE('',*,*,#987,.F.);
#1270=ORIENTED_EDGE('',*,*,#988,.T.);
#1271=ORIENTED_EDGE('',*,*,#989,.F.);
#1272=ORIENTED_EDGE('',*,*,#990,.T.);
#1273=ORIENTED_EDGE('',*,*,#991,.F.);
#1274=ORIENTED_EDGE('',*,*,#992,.T.);
#1275=ORIENTED_EDGE('',*,*,#993,.F.);
#1276=ORIENTED_EDGE('',*,*,#979,.F.);
#1277=ORIENTED_EDGE('',*,*,#975,.T.);
#1278=ORIENTED_EDGE('',*,*,#994,.T.);
#1279=ORIENTED_EDGE('',*,*,#995,.F.);
#1280=ORIENTED_EDGE('',*,*,#996,.F.);
#1281=ORIENTED_EDGE('',*,*,#997,.F.);
#1282=ORIENTED_EDGE('',*,*,#998,.F.);
#1283=ORIENTED_EDGE('',*,*,#973,.T.);
#1284=ORIENTED_EDGE('',*,*,#999,.F.);
#1285=ORIENTED_EDGE('',*,*,#1000,.F.);
#1286=ORIENTED_EDGE('',*,*,#1001,.F.);
#1287=ORIENTED_EDGE('',*,*,#1002,.F.);
#1288=ORIENTED_EDGE('',*,*,#1003,.T.);
#1289=ORIENTED_EDGE('',*,*,#977,.T.);
#1290=ORIENTED_EDGE('',*,*,#1004,.F.);
#1291=ORIENTED_EDGE('',*,*,#1005,.F.);
#1292=ORIENTED_EDGE('',*,*,#999,.T.);
#1293=ORIENTED_EDGE('',*,*,#972,.T.);
#1294=ORIENTED_EDGE('',*,*,#1003,.F.);
#1295=ORIENTED_EDGE('',*,*,#1006,.F.);
#1296=ORIENTED_EDGE('',*,*,#982,.F.);
#1297=ORIENTED_EDGE('',*,*,#966,.T.);
#1298=ORIENTED_EDGE('',*,*,#1007,.F.);
#1299=ORIENTED_EDGE('',*,*,#1008,.F.);
#1300=ORIENTED_EDGE('',*,*,#1009,.F.);
#1301=ORIENTED_EDGE('',*,*,#1010,.F.);
#1302=ORIENTED_EDGE('',*,*,#1011,.T.);
#1303=ORIENTED_EDGE('',*,*,#970,.T.);
#1304=ORIENTED_EDGE('',*,*,#1012,.F.);
#1305=ORIENTED_EDGE('',*,*,#1013,.F.);
#1306=ORIENTED_EDGE('',*,*,#1007,.T.);
#1307=ORIENTED_EDGE('',*,*,#965,.T.);
#1308=ORIENTED_EDGE('',*,*,#1011,.F.);
#1309=ORIENTED_EDGE('',*,*,#969,.T.);
#1310=ORIENTED_EDGE('',*,*,#981,.T.);
#1311=ORIENTED_EDGE('',*,*,#1014,.F.);
#1312=ORIENTED_EDGE('',*,*,#1015,.F.);
#1313=ORIENTED_EDGE('',*,*,#1016,.F.);
#1314=ORIENTED_EDGE('',*,*,#1017,.F.);
#1315=ORIENTED_EDGE('',*,*,#1018,.F.);
#1316=ORIENTED_EDGE('',*,*,#994,.F.);
#1317=ORIENTED_EDGE('',*,*,#974,.T.);
#1318=ORIENTED_EDGE('',*,*,#998,.T.);
#1319=ORIENTED_EDGE('',*,*,#1019,.F.);
#1320=ORIENTED_EDGE('',*,*,#1012,.T.);
#1321=ORIENTED_EDGE('',*,*,#1006,.T.);
#1322=ORIENTED_EDGE('',*,*,#1020,.T.);
#1323=ORIENTED_EDGE('',*,*,#1021,.T.);
#1324=ORIENTED_EDGE('',*,*,#983,.T.);
#1325=ORIENTED_EDGE('',*,*,#997,.T.);
#1326=ORIENTED_EDGE('',*,*,#1022,.T.);
#1327=ORIENTED_EDGE('',*,*,#1009,.T.);
#1328=ORIENTED_EDGE('',*,*,#1019,.T.);
#1329=ORIENTED_EDGE('',*,*,#1001,.T.);
#1330=ORIENTED_EDGE('',*,*,#1023,.T.);
#1331=ORIENTED_EDGE('',*,*,#1024,.T.);
#1332=ORIENTED_EDGE('',*,*,#1025,.T.);
#1333=ORIENTED_EDGE('',*,*,#1022,.F.);
#1334=ORIENTED_EDGE('',*,*,#1000,.T.);
#1335=ORIENTED_EDGE('',*,*,#1026,.F.);
#1336=ORIENTED_EDGE('',*,*,#1010,.T.);
#1337=ORIENTED_EDGE('',*,*,#1020,.F.);
#1338=ORIENTED_EDGE('',*,*,#1008,.T.);
#1339=ORIENTED_EDGE('',*,*,#1027,.F.);
#1340=ORIENTED_EDGE('',*,*,#1028,.F.);
#1341=ORIENTED_EDGE('',*,*,#1029,.F.);
#1342=ORIENTED_EDGE('',*,*,#1030,.T.);
#1343=ORIENTED_EDGE('',*,*,#1031,.F.);
#1344=ORIENTED_EDGE('',*,*,#1032,.F.);
#1345=ORIENTED_EDGE('',*,*,#1033,.F.);
#1346=ORIENTED_EDGE('',*,*,#1034,.F.);
#1347=ORIENTED_EDGE('',*,*,#1035,.F.);
#1348=ORIENTED_EDGE('',*,*,#1036,.F.);
#1349=ORIENTED_EDGE('',*,*,#1037,.F.);
#1350=ORIENTED_EDGE('',*,*,#1038,.F.);
#1351=ORIENTED_EDGE('',*,*,#1039,.F.);
#1352=ORIENTED_EDGE('',*,*,#1040,.F.);
#1353=ORIENTED_EDGE('',*,*,#1030,.F.);
#1354=ORIENTED_EDGE('',*,*,#1041,.T.);
#1355=ORIENTED_EDGE('',*,*,#1042,.F.);
#1356=ORIENTED_EDGE('',*,*,#1043,.F.);
#1357=ORIENTED_EDGE('',*,*,#1044,.T.);
#1358=ORIENTED_EDGE('',*,*,#1045,.T.);
#1359=ORIENTED_EDGE('',*,*,#1046,.T.);
#1360=ORIENTED_EDGE('',*,*,#995,.T.);
#1361=ORIENTED_EDGE('',*,*,#1018,.T.);
#1362=ORIENTED_EDGE('',*,*,#1047,.T.);
#1363=ORIENTED_EDGE('',*,*,#1048,.T.);
#1364=ORIENTED_EDGE('',*,*,#1049,.T.);
#1365=ORIENTED_EDGE('',*,*,#1050,.F.);
#1366=ORIENTED_EDGE('',*,*,#1029,.T.);
#1367=ORIENTED_EDGE('',*,*,#1051,.F.);
#1368=ORIENTED_EDGE('',*,*,#1052,.T.);
#1369=ORIENTED_EDGE('',*,*,#1053,.F.);
#1370=ORIENTED_EDGE('',*,*,#1054,.F.);
#1371=ORIENTED_EDGE('',*,*,#1041,.F.);
#1372=ORIENTED_EDGE('',*,*,#1055,.F.);
#1373=ORIENTED_EDGE('',*,*,#1056,.F.);
#1374=ORIENTED_EDGE('',*,*,#1057,.F.);
#1375=ORIENTED_EDGE('',*,*,#1049,.F.);
#1376=ORIENTED_EDGE('',*,*,#1058,.T.);
#1377=ORIENTED_EDGE('',*,*,#1053,.T.);
#1378=ORIENTED_EDGE('',*,*,#1044,.F.);
#1379=ORIENTED_EDGE('',*,*,#1057,.T.);
#1380=ORIENTED_EDGE('',*,*,#1052,.F.);
#1381=ORIENTED_EDGE('',*,*,#1059,.F.);
#1382=ORIENTED_EDGE('',*,*,#1060,.F.);
#1383=ORIENTED_EDGE('',*,*,#1002,.T.);
#1384=ORIENTED_EDGE('',*,*,#1025,.F.);
#1385=ORIENTED_EDGE('',*,*,#1061,.F.);
#1386=ORIENTED_EDGE('',*,*,#1062,.F.);
#1387=ORIENTED_EDGE('',*,*,#1063,.F.);
#1388=ORIENTED_EDGE('',*,*,#1064,.F.);
#1389=ORIENTED_EDGE('',*,*,#1065,.F.);
#1390=ORIENTED_EDGE('',*,*,#1066,.F.);
#1391=ORIENTED_EDGE('',*,*,#1067,.F.);
#1392=ORIENTED_EDGE('',*,*,#1068,.F.);
#1393=ORIENTED_EDGE('',*,*,#1069,.F.);
#1394=ORIENTED_EDGE('',*,*,#1040,.T.);
#1395=ORIENTED_EDGE('',*,*,#1070,.F.);
#1396=ORIENTED_EDGE('',*,*,#984,.F.);
#1397=ORIENTED_EDGE('',*,*,#1021,.F.);
#1398=ORIENTED_EDGE('',*,*,#1039,.T.);
#1399=ORIENTED_EDGE('',*,*,#1071,.T.);
#1400=ORIENTED_EDGE('',*,*,#985,.T.);
#1401=ORIENTED_EDGE('',*,*,#1070,.T.);
#1402=ORIENTED_EDGE('',*,*,#1038,.T.);
#1403=ORIENTED_EDGE('',*,*,#1072,.F.);
#1404=ORIENTED_EDGE('',*,*,#986,.F.);
#1405=ORIENTED_EDGE('',*,*,#1071,.F.);
#1406=ORIENTED_EDGE('',*,*,#1037,.T.);
#1407=ORIENTED_EDGE('',*,*,#1073,.T.);
#1408=ORIENTED_EDGE('',*,*,#987,.T.);
#1409=ORIENTED_EDGE('',*,*,#1072,.T.);
#1410=ORIENTED_EDGE('',*,*,#1069,.T.);
#1411=ORIENTED_EDGE('',*,*,#1074,.F.);
#1412=ORIENTED_EDGE('',*,*,#1075,.F.);
#1413=ORIENTED_EDGE('',*,*,#1045,.F.);
#1414=ORIENTED_EDGE('',*,*,#1068,.T.);
#1415=ORIENTED_EDGE('',*,*,#1076,.T.);
#1416=ORIENTED_EDGE('',*,*,#1077,.T.);
#1417=ORIENTED_EDGE('',*,*,#1074,.T.);
#1418=ORIENTED_EDGE('',*,*,#1067,.T.);
#1419=ORIENTED_EDGE('',*,*,#1078,.F.);
#1420=ORIENTED_EDGE('',*,*,#1079,.F.);
#1421=ORIENTED_EDGE('',*,*,#1076,.F.);
#1422=ORIENTED_EDGE('',*,*,#1066,.T.);
#1423=ORIENTED_EDGE('',*,*,#1080,.T.);
#1424=ORIENTED_EDGE('',*,*,#1081,.T.);
#1425=ORIENTED_EDGE('',*,*,#1078,.T.);
#1426=ORIENTED_EDGE('',*,*,#1065,.T.);
#1427=ORIENTED_EDGE('',*,*,#1082,.F.);
#1428=ORIENTED_EDGE('',*,*,#1083,.F.);
#1429=ORIENTED_EDGE('',*,*,#1080,.F.);
#1430=ORIENTED_EDGE('',*,*,#1064,.T.);
#1431=ORIENTED_EDGE('',*,*,#1084,.T.);
#1432=ORIENTED_EDGE('',*,*,#1085,.T.);
#1433=ORIENTED_EDGE('',*,*,#1082,.T.);
#1434=ORIENTED_EDGE('',*,*,#1063,.T.);
#1435=ORIENTED_EDGE('',*,*,#1086,.F.);
#1436=ORIENTED_EDGE('',*,*,#1087,.F.);
#1437=ORIENTED_EDGE('',*,*,#1084,.F.);
#1438=ORIENTED_EDGE('',*,*,#1062,.T.);
#1439=ORIENTED_EDGE('',*,*,#1088,.T.);
#1440=ORIENTED_EDGE('',*,*,#1089,.T.);
#1441=ORIENTED_EDGE('',*,*,#1086,.T.);
#1442=ORIENTED_EDGE('',*,*,#1036,.T.);
#1443=ORIENTED_EDGE('',*,*,#1090,.F.);
#1444=ORIENTED_EDGE('',*,*,#988,.F.);
#1445=ORIENTED_EDGE('',*,*,#1073,.F.);
#1446=ORIENTED_EDGE('',*,*,#1035,.T.);
#1447=ORIENTED_EDGE('',*,*,#1091,.T.);
#1448=ORIENTED_EDGE('',*,*,#989,.T.);
#1449=ORIENTED_EDGE('',*,*,#1090,.T.);
#1450=ORIENTED_EDGE('',*,*,#1033,.T.);
#1451=ORIENTED_EDGE('',*,*,#1092,.T.);
#1452=ORIENTED_EDGE('',*,*,#991,.T.);
#1453=ORIENTED_EDGE('',*,*,#1093,.T.);
#1454=ORIENTED_EDGE('',*,*,#1032,.T.);
#1455=ORIENTED_EDGE('',*,*,#1094,.F.);
#1456=ORIENTED_EDGE('',*,*,#992,.F.);
#1457=ORIENTED_EDGE('',*,*,#1092,.F.);
#1458=ORIENTED_EDGE('',*,*,#976,.T.);
#1459=ORIENTED_EDGE('',*,*,#996,.T.);
#1460=ORIENTED_EDGE('',*,*,#1046,.F.);
#1461=ORIENTED_EDGE('',*,*,#1075,.T.);
#1462=ORIENTED_EDGE('',*,*,#1077,.F.);
#1463=ORIENTED_EDGE('',*,*,#1079,.T.);
#1464=ORIENTED_EDGE('',*,*,#1081,.F.);
#1465=ORIENTED_EDGE('',*,*,#1083,.T.);
#1466=ORIENTED_EDGE('',*,*,#1085,.F.);
#1467=ORIENTED_EDGE('',*,*,#1087,.T.);
#1468=ORIENTED_EDGE('',*,*,#1089,.F.);
#1469=ORIENTED_EDGE('',*,*,#1095,.T.);
#1470=ORIENTED_EDGE('',*,*,#1023,.F.);
#1471=ORIENTED_EDGE('',*,*,#1004,.T.);
#1472=ORIENTED_EDGE('',*,*,#1061,.T.);
#1473=ORIENTED_EDGE('',*,*,#1024,.F.);
#1474=ORIENTED_EDGE('',*,*,#1095,.F.);
#1475=ORIENTED_EDGE('',*,*,#1088,.F.);
#1476=ORIENTED_EDGE('',*,*,#1034,.T.);
#1477=ORIENTED_EDGE('',*,*,#1093,.F.);
#1478=ORIENTED_EDGE('',*,*,#990,.F.);
#1479=ORIENTED_EDGE('',*,*,#1091,.F.);
#1480=ORIENTED_EDGE('',*,*,#1051,.T.);
#1481=ORIENTED_EDGE('',*,*,#1028,.T.);
#1482=ORIENTED_EDGE('',*,*,#1096,.F.);
#1483=ORIENTED_EDGE('',*,*,#1059,.T.);
#1484=ORIENTED_EDGE('',*,*,#1015,.T.);
#1485=ORIENTED_EDGE('',*,*,#1097,.T.);
#1486=ORIENTED_EDGE('',*,*,#1098,.T.);
#1487=ORIENTED_EDGE('',*,*,#1099,.F.);
#1488=ORIENTED_EDGE('',*,*,#971,.T.);
#1489=ORIENTED_EDGE('',*,*,#1100,.T.);
#1490=ORIENTED_EDGE('',*,*,#1101,.T.);
#1491=ORIENTED_EDGE('',*,*,#1100,.F.);
#1492=ORIENTED_EDGE('',*,*,#978,.T.);
#1493=ORIENTED_EDGE('',*,*,#1102,.T.);
#1494=ORIENTED_EDGE('',*,*,#1050,.T.);
#1495=ORIENTED_EDGE('',*,*,#1102,.F.);
#1496=ORIENTED_EDGE('',*,*,#1026,.T.);
#1497=ORIENTED_EDGE('',*,*,#1005,.T.);
#1498=ORIENTED_EDGE('',*,*,#1060,.T.);
#1499=ORIENTED_EDGE('',*,*,#1096,.T.);
#1500=ORIENTED_EDGE('',*,*,#1027,.T.);
#1501=ORIENTED_EDGE('',*,*,#1013,.T.);
#1502=ORIENTED_EDGE('',*,*,#1103,.T.);
#1503=ORIENTED_EDGE('',*,*,#1104,.T.);
#1504=ORIENTED_EDGE('',*,*,#1104,.F.);
#1505=ORIENTED_EDGE('',*,*,#1105,.T.);
#1506=ORIENTED_EDGE('',*,*,#1055,.T.);
#1507=ORIENTED_EDGE('',*,*,#1105,.F.);
#1508=ORIENTED_EDGE('',*,*,#1103,.F.);
#1509=ORIENTED_EDGE('',*,*,#1106,.T.);
#1510=ORIENTED_EDGE('',*,*,#1056,.T.);
#1511=ORIENTED_EDGE('',*,*,#1106,.F.);
#1512=ORIENTED_EDGE('',*,*,#1017,.T.);
#1513=ORIENTED_EDGE('',*,*,#1107,.T.);
#1514=ORIENTED_EDGE('',*,*,#1108,.T.);
#1515=ORIENTED_EDGE('',*,*,#1047,.F.);
#1516=ORIENTED_EDGE('',*,*,#1109,.T.);
#1517=ORIENTED_EDGE('',*,*,#1107,.F.);
#1518=ORIENTED_EDGE('',*,*,#1016,.T.);
#1519=ORIENTED_EDGE('',*,*,#1099,.T.);
#1520=ORIENTED_EDGE('',*,*,#1108,.F.);
#1521=ORIENTED_EDGE('',*,*,#1109,.F.);
#1522=ORIENTED_EDGE('',*,*,#1098,.F.);
#1523=ORIENTED_EDGE('',*,*,#1110,.F.);
#1524=ORIENTED_EDGE('',*,*,#1042,.T.);
#1525=ORIENTED_EDGE('',*,*,#1054,.T.);
#1526=ORIENTED_EDGE('',*,*,#1058,.F.);
#1527=ORIENTED_EDGE('',*,*,#1048,.F.);
#1528=ORIENTED_EDGE('',*,*,#1031,.T.);
#1529=ORIENTED_EDGE('',*,*,#1043,.T.);
#1530=ORIENTED_EDGE('',*,*,#1110,.T.);
#1531=ORIENTED_EDGE('',*,*,#1097,.F.);
#1532=ORIENTED_EDGE('',*,*,#1014,.T.);
#1533=ORIENTED_EDGE('',*,*,#980,.T.);
#1534=ORIENTED_EDGE('',*,*,#993,.T.);
#1535=ORIENTED_EDGE('',*,*,#1094,.T.);
#1536=ORIENTED_EDGE('',*,*,#1101,.F.);
#1537=ORIENTED_EDGE('',*,*,#1111,.F.);
#1538=ORIENTED_EDGE('',*,*,#1112,.F.);
#1539=ORIENTED_EDGE('',*,*,#1113,.F.);
#1540=ORIENTED_EDGE('',*,*,#1114,.F.);
#1541=ORIENTED_EDGE('',*,*,#1115,.F.);
#1542=ORIENTED_EDGE('',*,*,#1116,.F.);
#1543=ORIENTED_EDGE('',*,*,#1117,.F.);
#1544=ORIENTED_EDGE('',*,*,#1118,.F.);
#1545=ORIENTED_EDGE('',*,*,#1119,.F.);
#1546=ORIENTED_EDGE('',*,*,#1120,.F.);
#1547=ORIENTED_EDGE('',*,*,#1121,.F.);
#1548=ORIENTED_EDGE('',*,*,#1122,.F.);
#1549=ORIENTED_EDGE('',*,*,#1123,.F.);
#1550=ORIENTED_EDGE('',*,*,#1124,.F.);
#1551=ORIENTED_EDGE('',*,*,#1114,.T.);
#1552=ORIENTED_EDGE('',*,*,#1125,.T.);
#1553=ORIENTED_EDGE('',*,*,#1126,.F.);
#1554=ORIENTED_EDGE('',*,*,#1127,.F.);
#1555=ORIENTED_EDGE('',*,*,#1121,.T.);
#1556=ORIENTED_EDGE('',*,*,#1128,.T.);
#1557=ORIENTED_EDGE('',*,*,#1129,.F.);
#1558=ORIENTED_EDGE('',*,*,#1130,.F.);
#1559=ORIENTED_EDGE('',*,*,#1113,.T.);
#1560=ORIENTED_EDGE('',*,*,#1131,.T.);
#1561=ORIENTED_EDGE('',*,*,#1132,.F.);
#1562=ORIENTED_EDGE('',*,*,#1133,.T.);
#1563=ORIENTED_EDGE('',*,*,#1122,.T.);
#1564=ORIENTED_EDGE('',*,*,#1130,.T.);
#1565=ORIENTED_EDGE('',*,*,#1134,.F.);
#1566=ORIENTED_EDGE('',*,*,#1125,.F.);
#1567=ORIENTED_EDGE('',*,*,#1120,.T.);
#1568=ORIENTED_EDGE('',*,*,#1135,.T.);
#1569=ORIENTED_EDGE('',*,*,#1136,.F.);
#1570=ORIENTED_EDGE('',*,*,#1137,.T.);
#1571=ORIENTED_EDGE('',*,*,#1138,.F.);
#1572=ORIENTED_EDGE('',*,*,#1139,.T.);
#1573=ORIENTED_EDGE('',*,*,#1140,.F.);
#1574=ORIENTED_EDGE('',*,*,#1141,.T.);
#1575=ORIENTED_EDGE('',*,*,#1142,.F.);
#1576=ORIENTED_EDGE('',*,*,#1143,.T.);
#1577=ORIENTED_EDGE('',*,*,#1144,.F.);
#1578=ORIENTED_EDGE('',*,*,#1145,.T.);
#1579=ORIENTED_EDGE('',*,*,#1146,.F.);
#1580=ORIENTED_EDGE('',*,*,#1128,.F.);
#1581=ORIENTED_EDGE('',*,*,#1147,.F.);
#1582=ORIENTED_EDGE('',*,*,#1135,.F.);
#1583=ORIENTED_EDGE('',*,*,#1119,.T.);
#1584=ORIENTED_EDGE('',*,*,#1148,.F.);
#1585=ORIENTED_EDGE('',*,*,#1149,.F.);
#1586=ORIENTED_EDGE('',*,*,#1150,.F.);
#1587=ORIENTED_EDGE('',*,*,#1151,.F.);
#1588=ORIENTED_EDGE('',*,*,#1152,.T.);
#1589=ORIENTED_EDGE('',*,*,#1123,.T.);
#1590=ORIENTED_EDGE('',*,*,#1133,.F.);
#1591=ORIENTED_EDGE('',*,*,#1153,.F.);
#1592=ORIENTED_EDGE('',*,*,#1148,.T.);
#1593=ORIENTED_EDGE('',*,*,#1118,.T.);
#1594=ORIENTED_EDGE('',*,*,#1152,.F.);
#1595=ORIENTED_EDGE('',*,*,#1154,.F.);
#1596=ORIENTED_EDGE('',*,*,#1131,.F.);
#1597=ORIENTED_EDGE('',*,*,#1112,.T.);
#1598=ORIENTED_EDGE('',*,*,#1155,.F.);
#1599=ORIENTED_EDGE('',*,*,#1156,.F.);
#1600=ORIENTED_EDGE('',*,*,#1157,.F.);
#1601=ORIENTED_EDGE('',*,*,#1158,.F.);
#1602=ORIENTED_EDGE('',*,*,#1159,.T.);
#1603=ORIENTED_EDGE('',*,*,#1116,.T.);
#1604=ORIENTED_EDGE('',*,*,#1160,.F.);
#1605=ORIENTED_EDGE('',*,*,#1161,.F.);
#1606=ORIENTED_EDGE('',*,*,#1155,.T.);
#1607=ORIENTED_EDGE('',*,*,#1111,.T.);
#1608=ORIENTED_EDGE('',*,*,#1159,.F.);
#1609=ORIENTED_EDGE('',*,*,#1147,.T.);
#1610=ORIENTED_EDGE('',*,*,#1162,.T.);
#1611=ORIENTED_EDGE('',*,*,#1163,.T.);
#1612=ORIENTED_EDGE('',*,*,#1136,.T.);
#1613=ORIENTED_EDGE('',*,*,#1157,.T.);
#1614=ORIENTED_EDGE('',*,*,#1164,.T.);
#1615=ORIENTED_EDGE('',*,*,#1165,.T.);
#1616=ORIENTED_EDGE('',*,*,#1166,.T.);
#1617=ORIENTED_EDGE('',*,*,#1167,.F.);
#1618=ORIENTED_EDGE('',*,*,#1168,.T.);
#1619=ORIENTED_EDGE('',*,*,#1169,.F.);
#1620=ORIENTED_EDGE('',*,*,#1170,.F.);
#1621=ORIENTED_EDGE('',*,*,#1171,.F.);
#1622=ORIENTED_EDGE('',*,*,#1172,.F.);
#1623=ORIENTED_EDGE('',*,*,#1173,.F.);
#1624=ORIENTED_EDGE('',*,*,#1174,.F.);
#1625=ORIENTED_EDGE('',*,*,#1175,.F.);
#1626=ORIENTED_EDGE('',*,*,#1176,.F.);
#1627=ORIENTED_EDGE('',*,*,#1177,.F.);
#1628=ORIENTED_EDGE('',*,*,#1178,.F.);
#1629=ORIENTED_EDGE('',*,*,#1162,.F.);
#1630=ORIENTED_EDGE('',*,*,#1149,.T.);
#1631=ORIENTED_EDGE('',*,*,#1179,.F.);
#1632=ORIENTED_EDGE('',*,*,#1180,.F.);
#1633=ORIENTED_EDGE('',*,*,#1168,.F.);
#1634=ORIENTED_EDGE('',*,*,#1181,.T.);
#1635=ORIENTED_EDGE('',*,*,#1182,.F.);
#1636=ORIENTED_EDGE('',*,*,#1183,.F.);
#1637=ORIENTED_EDGE('',*,*,#1150,.T.);
#1638=ORIENTED_EDGE('',*,*,#1132,.T.);
#1639=ORIENTED_EDGE('',*,*,#1154,.T.);
#1640=ORIENTED_EDGE('',*,*,#1184,.T.);
#1641=ORIENTED_EDGE('',*,*,#1184,.F.);
#1642=ORIENTED_EDGE('',*,*,#1156,.T.);
#1643=ORIENTED_EDGE('',*,*,#1185,.F.);
#1644=ORIENTED_EDGE('',*,*,#1151,.T.);
#1645=ORIENTED_EDGE('',*,*,#1169,.T.);
#1646=ORIENTED_EDGE('',*,*,#1183,.T.);
#1647=ORIENTED_EDGE('',*,*,#1186,.T.);
#1648=ORIENTED_EDGE('',*,*,#1187,.T.);
#1649=ORIENTED_EDGE('',*,*,#1188,.T.);
#1650=ORIENTED_EDGE('',*,*,#1189,.T.);
#1651=ORIENTED_EDGE('',*,*,#1190,.T.);
#1652=ORIENTED_EDGE('',*,*,#1126,.T.);
#1653=ORIENTED_EDGE('',*,*,#1134,.T.);
#1654=ORIENTED_EDGE('',*,*,#1129,.T.);
#1655=ORIENTED_EDGE('',*,*,#1146,.T.);
#1656=ORIENTED_EDGE('',*,*,#1191,.T.);
#1657=ORIENTED_EDGE('',*,*,#1192,.F.);
#1658=ORIENTED_EDGE('',*,*,#1193,.F.);
#1659=ORIENTED_EDGE('',*,*,#1167,.T.);
#1660=ORIENTED_EDGE('',*,*,#1194,.F.);
#1661=ORIENTED_EDGE('',*,*,#1195,.T.);
#1662=ORIENTED_EDGE('',*,*,#1196,.F.);
#1663=ORIENTED_EDGE('',*,*,#1197,.F.);
#1664=ORIENTED_EDGE('',*,*,#1181,.F.);
#1665=ORIENTED_EDGE('',*,*,#1198,.F.);
#1666=ORIENTED_EDGE('',*,*,#1199,.F.);
#1667=ORIENTED_EDGE('',*,*,#1200,.F.);
#1668=ORIENTED_EDGE('',*,*,#1187,.F.);
#1669=ORIENTED_EDGE('',*,*,#1201,.T.);
#1670=ORIENTED_EDGE('',*,*,#1196,.T.);
#1671=ORIENTED_EDGE('',*,*,#1188,.F.);
#1672=ORIENTED_EDGE('',*,*,#1200,.T.);
#1673=ORIENTED_EDGE('',*,*,#1195,.F.);
#1674=ORIENTED_EDGE('',*,*,#1202,.F.);
#1675=ORIENTED_EDGE('',*,*,#1203,.F.);
#1676=ORIENTED_EDGE('',*,*,#1158,.T.);
#1677=ORIENTED_EDGE('',*,*,#1166,.F.);
#1678=ORIENTED_EDGE('',*,*,#1204,.F.);
#1679=ORIENTED_EDGE('',*,*,#1205,.F.);
#1680=ORIENTED_EDGE('',*,*,#1206,.F.);
#1681=ORIENTED_EDGE('',*,*,#1207,.F.);
#1682=ORIENTED_EDGE('',*,*,#1208,.F.);
#1683=ORIENTED_EDGE('',*,*,#1209,.F.);
#1684=ORIENTED_EDGE('',*,*,#1210,.F.);
#1685=ORIENTED_EDGE('',*,*,#1211,.F.);
#1686=ORIENTED_EDGE('',*,*,#1212,.F.);
#1687=ORIENTED_EDGE('',*,*,#1212,.T.);
#1688=ORIENTED_EDGE('',*,*,#1213,.F.);
#1689=ORIENTED_EDGE('',*,*,#1214,.F.);
#1690=ORIENTED_EDGE('',*,*,#1189,.F.);
#1691=ORIENTED_EDGE('',*,*,#1211,.T.);
#1692=ORIENTED_EDGE('',*,*,#1215,.T.);
#1693=ORIENTED_EDGE('',*,*,#1216,.T.);
#1694=ORIENTED_EDGE('',*,*,#1213,.T.);
#1695=ORIENTED_EDGE('',*,*,#1178,.T.);
#1696=ORIENTED_EDGE('',*,*,#1217,.F.);
#1697=ORIENTED_EDGE('',*,*,#1137,.F.);
#1698=ORIENTED_EDGE('',*,*,#1163,.F.);
#1699=ORIENTED_EDGE('',*,*,#1177,.T.);
#1700=ORIENTED_EDGE('',*,*,#1218,.T.);
#1701=ORIENTED_EDGE('',*,*,#1138,.T.);
#1702=ORIENTED_EDGE('',*,*,#1217,.T.);
#1703=ORIENTED_EDGE('',*,*,#1176,.T.);
#1704=ORIENTED_EDGE('',*,*,#1219,.F.);
#1705=ORIENTED_EDGE('',*,*,#1139,.F.);
#1706=ORIENTED_EDGE('',*,*,#1218,.F.);
#1707=ORIENTED_EDGE('',*,*,#1175,.T.);
#1708=ORIENTED_EDGE('',*,*,#1220,.T.);
#1709=ORIENTED_EDGE('',*,*,#1140,.T.);
#1710=ORIENTED_EDGE('',*,*,#1219,.T.);
#1711=ORIENTED_EDGE('',*,*,#1171,.T.);
#1712=ORIENTED_EDGE('',*,*,#1221,.T.);
#1713=ORIENTED_EDGE('',*,*,#1144,.T.);
#1714=ORIENTED_EDGE('',*,*,#1222,.T.);
#1715=ORIENTED_EDGE('',*,*,#1170,.T.);
#1716=ORIENTED_EDGE('',*,*,#1191,.F.);
#1717=ORIENTED_EDGE('',*,*,#1145,.F.);
#1718=ORIENTED_EDGE('',*,*,#1221,.F.);
#1719=ORIENTED_EDGE('',*,*,#1174,.T.);
#1720=ORIENTED_EDGE('',*,*,#1223,.F.);
#1721=ORIENTED_EDGE('',*,*,#1141,.F.);
#1722=ORIENTED_EDGE('',*,*,#1220,.F.);
#1723=ORIENTED_EDGE('',*,*,#1173,.T.);
#1724=ORIENTED_EDGE('',*,*,#1224,.T.);
#1725=ORIENTED_EDGE('',*,*,#1142,.T.);
#1726=ORIENTED_EDGE('',*,*,#1223,.T.);
#1727=ORIENTED_EDGE('',*,*,#1210,.T.);
#1728=ORIENTED_EDGE('',*,*,#1225,.F.);
#1729=ORIENTED_EDGE('',*,*,#1226,.F.);
#1730=ORIENTED_EDGE('',*,*,#1215,.F.);
#1731=ORIENTED_EDGE('',*,*,#1205,.T.);
#1732=ORIENTED_EDGE('',*,*,#1227,.T.);
#1733=ORIENTED_EDGE('',*,*,#1228,.T.);
#1734=ORIENTED_EDGE('',*,*,#1229,.T.);
#1735=ORIENTED_EDGE('',*,*,#1206,.T.);
#1736=ORIENTED_EDGE('',*,*,#1229,.F.);
#1737=ORIENTED_EDGE('',*,*,#1230,.F.);
#1738=ORIENTED_EDGE('',*,*,#1231,.F.);
#1739=ORIENTED_EDGE('',*,*,#1207,.T.);
#1740=ORIENTED_EDGE('',*,*,#1231,.T.);
#1741=ORIENTED_EDGE('',*,*,#1232,.T.);
#1742=ORIENTED_EDGE('',*,*,#1233,.T.);
#1743=ORIENTED_EDGE('',*,*,#1208,.T.);
#1744=ORIENTED_EDGE('',*,*,#1233,.F.);
#1745=ORIENTED_EDGE('',*,*,#1234,.F.);
#1746=ORIENTED_EDGE('',*,*,#1235,.F.);
#1747=ORIENTED_EDGE('',*,*,#1209,.T.);
#1748=ORIENTED_EDGE('',*,*,#1235,.T.);
#1749=ORIENTED_EDGE('',*,*,#1236,.T.);
#1750=ORIENTED_EDGE('',*,*,#1225,.T.);
#1751=ORIENTED_EDGE('',*,*,#1204,.T.);
#1752=ORIENTED_EDGE('',*,*,#1165,.F.);
#1753=ORIENTED_EDGE('',*,*,#1237,.F.);
#1754=ORIENTED_EDGE('',*,*,#1227,.F.);
#1755=ORIENTED_EDGE('',*,*,#1115,.T.);
#1756=ORIENTED_EDGE('',*,*,#1127,.T.);
#1757=ORIENTED_EDGE('',*,*,#1190,.F.);
#1758=ORIENTED_EDGE('',*,*,#1214,.T.);
#1759=ORIENTED_EDGE('',*,*,#1216,.F.);
#1760=ORIENTED_EDGE('',*,*,#1226,.T.);
#1761=ORIENTED_EDGE('',*,*,#1236,.F.);
#1762=ORIENTED_EDGE('',*,*,#1234,.T.);
#1763=ORIENTED_EDGE('',*,*,#1232,.F.);
#1764=ORIENTED_EDGE('',*,*,#1230,.T.);
#1765=ORIENTED_EDGE('',*,*,#1228,.F.);
#1766=ORIENTED_EDGE('',*,*,#1237,.T.);
#1767=ORIENTED_EDGE('',*,*,#1164,.F.);
#1768=ORIENTED_EDGE('',*,*,#1160,.T.);
#1769=ORIENTED_EDGE('',*,*,#1172,.T.);
#1770=ORIENTED_EDGE('',*,*,#1222,.F.);
#1771=ORIENTED_EDGE('',*,*,#1143,.F.);
#1772=ORIENTED_EDGE('',*,*,#1224,.F.);
#1773=ORIENTED_EDGE('',*,*,#1186,.F.);
#1774=ORIENTED_EDGE('',*,*,#1182,.T.);
#1775=ORIENTED_EDGE('',*,*,#1197,.T.);
#1776=ORIENTED_EDGE('',*,*,#1201,.F.);
#1777=ORIENTED_EDGE('',*,*,#1194,.T.);
#1778=ORIENTED_EDGE('',*,*,#1180,.T.);
#1779=ORIENTED_EDGE('',*,*,#1238,.F.);
#1780=ORIENTED_EDGE('',*,*,#1202,.T.);
#1781=ORIENTED_EDGE('',*,*,#1185,.T.);
#1782=ORIENTED_EDGE('',*,*,#1161,.T.);
#1783=ORIENTED_EDGE('',*,*,#1203,.T.);
#1784=ORIENTED_EDGE('',*,*,#1238,.T.);
#1785=ORIENTED_EDGE('',*,*,#1179,.T.);
#1786=ORIENTED_EDGE('',*,*,#1153,.T.);
#1787=ORIENTED_EDGE('',*,*,#1239,.T.);
#1788=ORIENTED_EDGE('',*,*,#1240,.T.);
#1789=ORIENTED_EDGE('',*,*,#1117,.T.);
#1790=ORIENTED_EDGE('',*,*,#1241,.T.);
#1791=ORIENTED_EDGE('',*,*,#1193,.T.);
#1792=ORIENTED_EDGE('',*,*,#1241,.F.);
#1793=ORIENTED_EDGE('',*,*,#1240,.F.);
#1794=ORIENTED_EDGE('',*,*,#1242,.T.);
#1795=ORIENTED_EDGE('',*,*,#1199,.T.);
#1796=ORIENTED_EDGE('',*,*,#1242,.F.);
#1797=ORIENTED_EDGE('',*,*,#1239,.F.);
#1798=ORIENTED_EDGE('',*,*,#1243,.T.);
#1799=ORIENTED_EDGE('',*,*,#1198,.T.);
#1800=ORIENTED_EDGE('',*,*,#1243,.F.);
#1801=ORIENTED_EDGE('',*,*,#1124,.T.);
#1802=ORIENTED_EDGE('',*,*,#1244,.T.);
#1803=ORIENTED_EDGE('',*,*,#1192,.T.);
#1804=ORIENTED_EDGE('',*,*,#1244,.F.);
#1805=PLANE('',#1992);
#1806=PLANE('',#1995);
#1807=PLANE('',#2000);
#1808=PLANE('',#2007);
#1809=PLANE('',#2008);
#1810=PLANE('',#2009);
#1811=PLANE('',#2010);
#1812=PLANE('',#2011);
#1813=PLANE('',#2012);
#1814=PLANE('',#2013);
#1815=PLANE('',#2014);
#1816=PLANE('',#2015);
#1817=PLANE('',#2016);
#1818=PLANE('',#2017);
#1819=PLANE('',#2018);
#1820=PLANE('',#2023);
#1821=PLANE('',#2024);
#1822=PLANE('',#2026);
#1823=PLANE('',#2029);
#1824=PLANE('',#2030);
#1825=PLANE('',#2035);
#1826=PLANE('',#2037);
#1827=PLANE('',#2039);
#1828=PLANE('',#2042);
#1829=PLANE('',#2045);
#1830=PLANE('',#2048);
#1831=PLANE('',#2051);
#1832=PLANE('',#2054);
#1833=PLANE('',#2055);
#1834=PLANE('',#2056);
#1835=PLANE('',#2057);
#1836=PLANE('',#2058);
#1837=PLANE('',#2059);
#1838=PLANE('',#2063);
#1839=PLANE('',#2068);
#1840=PLANE('',#2069);
#1841=PLANE('',#2070);
#1842=PLANE('',#2071);
#1843=PLANE('',#2072);
#1844=PLANE('',#2075);
#1845=PLANE('',#2082);
#1846=PLANE('',#2083);
#1847=PLANE('',#2088);
#1848=PLANE('',#2089);
#1849=PLANE('',#2090);
#1850=PLANE('',#2091);
#1851=PLANE('',#2092);
#1852=PLANE('',#2093);
#1853=PLANE('',#2094);
#1854=PLANE('',#2095);
#1855=PLANE('',#2096);
#1856=PLANE('',#2101);
#1857=PLANE('',#2102);
#1858=PLANE('',#2103);
#1859=PLANE('',#2104);
#1860=PLANE('',#2107);
#1861=PLANE('',#2110);
#1862=PLANE('',#2111);
#1863=PLANE('',#2116);
#1864=PLANE('',#2119);
#1865=PLANE('',#2121);
#1866=PLANE('',#2124);
#1867=PLANE('',#2125);
#1868=PLANE('',#2127);
#1869=PLANE('',#2130);
#1870=PLANE('',#2133);
#1871=PLANE('',#2136);
#1872=PLANE('',#2137);
#1873=PLANE('',#2138);
#1874=PLANE('',#2139);
#1875=PLANE('',#2140);
#1876=PLANE('',#2141);
#1877=ADVANCED_FACE('',(#61,#45),#1805,.T.);
#1878=ADVANCED_FACE('',(#62,#46),#1806,.T.);
#1879=ADVANCED_FACE('',(#63),#17,.T.);
#1880=ADVANCED_FACE('',(#64),#1807,.F.);
#1881=ADVANCED_FACE('',(#65),#18,.T.);
#1882=ADVANCED_FACE('',(#66),#1808,.F.);
#1883=ADVANCED_FACE('',(#67),#1809,.F.);
#1884=ADVANCED_FACE('',(#68),#1810,.F.);
#1885=ADVANCED_FACE('',(#69),#1811,.F.);
#1886=ADVANCED_FACE('',(#70),#1812,.F.);
#1887=ADVANCED_FACE('',(#71),#1813,.F.);
#1888=ADVANCED_FACE('',(#72),#1814,.F.);
#1889=ADVANCED_FACE('',(#73),#1815,.T.);
#1890=ADVANCED_FACE('',(#74),#1816,.T.);
#1891=ADVANCED_FACE('',(#75),#1817,.T.);
#1892=ADVANCED_FACE('',(#76),#1818,.F.);
#1893=ADVANCED_FACE('',(#77),#1819,.T.);
#1894=ADVANCED_FACE('',(#78),#1820,.F.);
#1895=ADVANCED_FACE('',(#79,#47),#1821,.F.);
#1896=ADVANCED_FACE('',(#80,#48,#49),#1822,.T.);
#1897=ADVANCED_FACE('',(#81),#1823,.F.);
#1898=ADVANCED_FACE('',(#82),#1824,.T.);
#1899=ADVANCED_FACE('',(#83),#1825,.F.);
#1900=ADVANCED_FACE('',(#84),#19,.F.);
#1901=ADVANCED_FACE('',(#85),#1826,.F.);
#1902=ADVANCED_FACE('',(#86),#20,.T.);
#1903=ADVANCED_FACE('',(#87),#1827,.F.);
#1904=ADVANCED_FACE('',(#88),#21,.T.);
#1905=ADVANCED_FACE('',(#89),#1828,.F.);
#1906=ADVANCED_FACE('',(#90),#22,.F.);
#1907=ADVANCED_FACE('',(#91),#1829,.F.);
#1908=ADVANCED_FACE('',(#92),#23,.F.);
#1909=ADVANCED_FACE('',(#93),#1830,.F.);
#1910=ADVANCED_FACE('',(#94),#24,.T.);
#1911=ADVANCED_FACE('',(#95),#1831,.F.);
#1912=ADVANCED_FACE('',(#96),#25,.T.);
#1913=ADVANCED_FACE('',(#97),#26,.F.);
#1914=ADVANCED_FACE('',(#98),#1832,.F.);
#1915=ADVANCED_FACE('',(#99),#1833,.F.);
#1916=ADVANCED_FACE('',(#100),#1834,.F.);
#1917=ADVANCED_FACE('',(#101),#1835,.F.);
#1918=ADVANCED_FACE('',(#102),#1836,.T.);
#1919=ADVANCED_FACE('',(#103),#1837,.F.);
#1920=ADVANCED_FACE('',(#104),#27,.F.);
#1921=ADVANCED_FACE('',(#105),#28,.F.);
#1922=ADVANCED_FACE('',(#106,#50,#51),#1838,.F.);
#1923=ADVANCED_FACE('',(#107),#29,.F.);
#1924=ADVANCED_FACE('',(#108),#30,.F.);
#1925=ADVANCED_FACE('',(#109),#1839,.F.);
#1926=ADVANCED_FACE('',(#110),#1840,.F.);
#1927=ADVANCED_FACE('',(#111),#1841,.F.);
#1928=ADVANCED_FACE('',(#112,#52),#1842,.F.);
#1929=ADVANCED_FACE('',(#113,#53),#1843,.T.);
#1930=ADVANCED_FACE('',(#114,#54),#1844,.T.);
#1931=ADVANCED_FACE('',(#115),#31,.T.);
#1932=ADVANCED_FACE('',(#116),#32,.T.);
#1933=ADVANCED_FACE('',(#117),#1845,.F.);
#1934=ADVANCED_FACE('',(#118),#1846,.F.);
#1935=ADVANCED_FACE('',(#119),#1847,.F.);
#1936=ADVANCED_FACE('',(#120),#1848,.F.);
#1937=ADVANCED_FACE('',(#121),#1849,.F.);
#1938=ADVANCED_FACE('',(#122),#1850,.F.);
#1939=ADVANCED_FACE('',(#123),#1851,.F.);
#1940=ADVANCED_FACE('',(#124),#1852,.F.);
#1941=ADVANCED_FACE('',(#125),#1853,.T.);
#1942=ADVANCED_FACE('',(#126),#1854,.T.);
#1943=ADVANCED_FACE('',(#127),#1855,.T.);
#1944=ADVANCED_FACE('',(#128),#1856,.F.);
#1945=ADVANCED_FACE('',(#129),#1857,.T.);
#1946=ADVANCED_FACE('',(#130),#1858,.F.);
#1947=ADVANCED_FACE('',(#131,#55,#56),#1859,.F.);
#1948=ADVANCED_FACE('',(#132,#57,#58),#1860,.T.);
#1949=ADVANCED_FACE('',(#133),#1861,.F.);
#1950=ADVANCED_FACE('',(#134),#1862,.T.);
#1951=ADVANCED_FACE('',(#135),#1863,.F.);
#1952=ADVANCED_FACE('',(#136),#33,.T.);
#1953=ADVANCED_FACE('',(#137),#1864,.F.);
#1954=ADVANCED_FACE('',(#138),#34,.F.);
#1955=ADVANCED_FACE('',(#139),#1865,.F.);
#1956=ADVANCED_FACE('',(#140),#35,.T.);
#1957=ADVANCED_FACE('',(#141),#36,.F.);
#1958=ADVANCED_FACE('',(#142),#1866,.F.);
#1959=ADVANCED_FACE('',(#143),#1867,.F.);
#1960=ADVANCED_FACE('',(#144),#37,.T.);
#1961=ADVANCED_FACE('',(#145),#1868,.F.);
#1962=ADVANCED_FACE('',(#146),#38,.T.);
#1963=ADVANCED_FACE('',(#147),#1869,.F.);
#1964=ADVANCED_FACE('',(#148),#39,.F.);
#1965=ADVANCED_FACE('',(#149),#1870,.F.);
#1966=ADVANCED_FACE('',(#150),#40,.F.);
#1967=ADVANCED_FACE('',(#151),#1871,.F.);
#1968=ADVANCED_FACE('',(#152),#1872,.F.);
#1969=ADVANCED_FACE('',(#153),#1873,.F.);
#1970=ADVANCED_FACE('',(#154),#1874,.F.);
#1971=ADVANCED_FACE('',(#155),#1875,.T.);
#1972=ADVANCED_FACE('',(#156,#59,#60),#1876,.F.);
#1973=ADVANCED_FACE('',(#157),#41,.F.);
#1974=ADVANCED_FACE('',(#158),#42,.F.);
#1975=ADVANCED_FACE('',(#159),#43,.F.);
#1976=ADVANCED_FACE('',(#160),#44,.F.);
#1977=CLOSED_SHELL('',(#1877,#1878,#1879,#1880,#1881,#1882,#1883,#1884,
#1885,#1886,#1887,#1888,#1889,#1890,#1891,#1892,#1893,#1894,#1895,#1896,
#1897,#1898,#1899,#1900,#1901,#1902,#1903,#1904,#1905,#1906,#1907,#1908,
#1909,#1910,#1911,#1912,#1913,#1914,#1915,#1916,#1917,#1918,#1919,#1920,
#1921,#1922,#1923,#1924,#1925,#1926,#1927,#1928));
#1978=CLOSED_SHELL('',(#1929,#1930,#1931,#1932,#1933,#1934,#1935,#1936,
#1937,#1938,#1939,#1940,#1941,#1942,#1943,#1944,#1945,#1946,#1947,#1948,
#1949,#1950,#1951,#1952,#1953,#1954,#1955,#1956,#1957,#1958,#1959,#1960,
#1961,#1962,#1963,#1964,#1965,#1966,#1967,#1968,#1969,#1970,#1971,#1972,
#1973,#1974,#1975,#1976));
#1979=DERIVED_UNIT_ELEMENT(#1981,1.);
#1980=DERIVED_UNIT_ELEMENT(#3256,-3.);
#1981=(
MASS_UNIT()
NAMED_UNIT(*)
SI_UNIT(.KILO.,.GRAM.)
);
#1982=DERIVED_UNIT((#1979,#1980));
#1983=MEASURE_REPRESENTATION_ITEM('density measure',
POSITIVE_RATIO_MEASURE(7850.),#1982);
#1984=PROPERTY_DEFINITION_REPRESENTATION(#1989,#1986);
#1985=PROPERTY_DEFINITION_REPRESENTATION(#1990,#1987);
#1986=REPRESENTATION('material name',(#1988),#3253);
#1987=REPRESENTATION('density',(#1983),#3253);
#1988=DESCRIPTIVE_REPRESENTATION_ITEM('\X2\94A2\X0\','\X2\94A2\X0\');
#1989=PROPERTY_DEFINITION('material property','material name',#3263);
#1990=PROPERTY_DEFINITION('material property','density of part',#3263);
#1991=AXIS2_PLACEMENT_3D('',#2686,#2148,#2149);
#1992=AXIS2_PLACEMENT_3D('',#2687,#2150,#2151);
#1993=AXIS2_PLACEMENT_3D('',#2696,#2155,#2156);
#1994=AXIS2_PLACEMENT_3D('',#2701,#2159,#2160);
#1995=AXIS2_PLACEMENT_3D('',#2702,#2161,#2162);
#1996=AXIS2_PLACEMENT_3D('',#2711,#2166,#2167);
#1997=AXIS2_PLACEMENT_3D('',#2716,#2170,#2171);
#1998=AXIS2_PLACEMENT_3D('',#2717,#2172,#2173);
#1999=AXIS2_PLACEMENT_3D('',#2721,#2175,#2176);
#2000=AXIS2_PLACEMENT_3D('',#2723,#2178,#2179);
#2001=AXIS2_PLACEMENT_3D('',#2731,#2183,#2184);
#2002=AXIS2_PLACEMENT_3D('',#2735,#2186,#2187);
#2003=AXIS2_PLACEMENT_3D('',#2739,#2189,#2190);
#2004=AXIS2_PLACEMENT_3D('',#2743,#2192,#2193);
#2005=AXIS2_PLACEMENT_3D('',#2747,#2196,#2197);
#2006=AXIS2_PLACEMENT_3D('',#2751,#2199,#2200);
#2007=AXIS2_PLACEMENT_3D('',#2753,#2202,#2203);
#2008=AXIS2_PLACEMENT_3D('',#2761,#2208,#2209);
#2009=AXIS2_PLACEMENT_3D('',#2769,#2214,#2215);
#2010=AXIS2_PLACEMENT_3D('',#2771,#2217,#2218);
#2011=AXIS2_PLACEMENT_3D('',#2777,#2222,#2223);
#2012=AXIS2_PLACEMENT_3D('',#2785,#2228,#2229);
#2013=AXIS2_PLACEMENT_3D('',#2787,#2231,#2232);
#2014=AXIS2_PLACEMENT_3D('',#2798,#2239,#2240);
#2015=AXIS2_PLACEMENT_3D('',#2802,#2243,#2244);
#2016=AXIS2_PLACEMENT_3D('',#2804,#2246,#2247);
#2017=AXIS2_PLACEMENT_3D('',#2810,#2251,#2252);
#2018=AXIS2_PLACEMENT_3D('',#2812,#2254,#2255);
#2019=AXIS2_PLACEMENT_3D('',#2826,#2262,#2263);
#2020=AXIS2_PLACEMENT_3D('',#2830,#2265,#2266);
#2021=AXIS2_PLACEMENT_3D('',#2834,#2268,#2269);
#2022=AXIS2_PLACEMENT_3D('',#2838,#2271,#2272);
#2023=AXIS2_PLACEMENT_3D('',#2840,#2274,#2275);
#2024=AXIS2_PLACEMENT_3D('',#2846,#2279,#2280);
#2025=AXIS2_PLACEMENT_3D('',#2859,#2287,#2288);
#2026=AXIS2_PLACEMENT_3D('',#2860,#2289,#2290);
#2027=AXIS2_PLACEMENT_3D('',#2869,#2295,#2296);
#2028=AXIS2_PLACEMENT_3D('',#2871,#2297,#2298);
#2029=AXIS2_PLACEMENT_3D('',#2872,#2299,#2300);
#2030=AXIS2_PLACEMENT_3D('',#2875,#2303,#2304);
#2031=AXIS2_PLACEMENT_3D('',#2882,#2308,#2309);
#2032=AXIS2_PLACEMENT_3D('',#2886,#2311,#2312);
#2033=AXIS2_PLACEMENT_3D('',#2890,#2314,#2315);
#2034=AXIS2_PLACEMENT_3D('',#2894,#2317,#2318);
#2035=AXIS2_PLACEMENT_3D('',#2896,#2320,#2321);
#2036=AXIS2_PLACEMENT_3D('',#2898,#2323,#2324);
#2037=AXIS2_PLACEMENT_3D('',#2900,#2326,#2327);
#2038=AXIS2_PLACEMENT_3D('',#2902,#2329,#2330);
#2039=AXIS2_PLACEMENT_3D('',#2904,#2332,#2333);
#2040=AXIS2_PLACEMENT_3D('',#2908,#2336,#2337);
#2041=AXIS2_PLACEMENT_3D('',#2911,#2339,#2340);
#2042=AXIS2_PLACEMENT_3D('',#2912,#2341,#2342);
#2043=AXIS2_PLACEMENT_3D('',#2916,#2345,#2346);
#2044=AXIS2_PLACEMENT_3D('',#2919,#2348,#2349);
#2045=AXIS2_PLACEMENT_3D('',#2920,#2350,#2351);
#2046=AXIS2_PLACEMENT_3D('',#2924,#2354,#2355);
#2047=AXIS2_PLACEMENT_3D('',#2927,#2357,#2358);
#2048=AXIS2_PLACEMENT_3D('',#2928,#2359,#2360);
#2049=AXIS2_PLACEMENT_3D('',#2932,#2363,#2364);
#2050=AXIS2_PLACEMENT_3D('',#2935,#2366,#2367);
#2051=AXIS2_PLACEMENT_3D('',#2936,#2368,#2369);
#2052=AXIS2_PLACEMENT_3D('',#2938,#2371,#2372);
#2053=AXIS2_PLACEMENT_3D('',#2940,#2374,#2375);
#2054=AXIS2_PLACEMENT_3D('',#2943,#2378,#2379);
#2055=AXIS2_PLACEMENT_3D('',#2945,#2381,#2382);
#2056=AXIS2_PLACEMENT_3D('',#2947,#2384,#2385);
#2057=AXIS2_PLACEMENT_3D('',#2948,#2386,#2387);
#2058=AXIS2_PLACEMENT_3D('',#2949,#2388,#2389);
#2059=AXIS2_PLACEMENT_3D('',#2951,#2391,#2392);
#2060=AXIS2_PLACEMENT_3D('',#2957,#2396,#2397);
#2061=AXIS2_PLACEMENT_3D('',#2960,#2399,#2400);
#2062=AXIS2_PLACEMENT_3D('',#2961,#2401,#2402);
#2063=AXIS2_PLACEMENT_3D('',#2963,#2404,#2405);
#2064=AXIS2_PLACEMENT_3D('',#2965,#2406,#2407);
#2065=AXIS2_PLACEMENT_3D('',#2967,#2408,#2409);
#2066=AXIS2_PLACEMENT_3D('',#2968,#2410,#2411);
#2067=AXIS2_PLACEMENT_3D('',#2970,#2413,#2414);
#2068=AXIS2_PLACEMENT_3D('',#2972,#2416,#2417);
#2069=AXIS2_PLACEMENT_3D('',#2976,#2420,#2421);
#2070=AXIS2_PLACEMENT_3D('',#2978,#2423,#2424);
#2071=AXIS2_PLACEMENT_3D('',#2980,#2426,#2427);
#2072=AXIS2_PLACEMENT_3D('',#2981,#2428,#2429);
#2073=AXIS2_PLACEMENT_3D('',#2990,#2433,#2434);
#2074=AXIS2_PLACEMENT_3D('',#2995,#2437,#2438);
#2075=AXIS2_PLACEMENT_3D('',#2996,#2439,#2440);
#2076=AXIS2_PLACEMENT_3D('',#3005,#2444,#2445);
#2077=AXIS2_PLACEMENT_3D('',#3010,#2448,#2449);
#2078=AXIS2_PLACEMENT_3D('',#3011,#2450,#2451);
#2079=AXIS2_PLACEMENT_3D('',#3015,#2453,#2454);
#2080=AXIS2_PLACEMENT_3D('',#3017,#2456,#2457);
#2081=AXIS2_PLACEMENT_3D('',#3021,#2459,#2460);
#2082=AXIS2_PLACEMENT_3D('',#3023,#2462,#2463);
#2083=AXIS2_PLACEMENT_3D('',#3030,#2468,#2469);
#2084=AXIS2_PLACEMENT_3D('',#3038,#2473,#2474);
#2085=AXIS2_PLACEMENT_3D('',#3042,#2476,#2477);
#2086=AXIS2_PLACEMENT_3D('',#3046,#2479,#2480);
#2087=AXIS2_PLACEMENT_3D('',#3050,#2482,#2483);
#2088=AXIS2_PLACEMENT_3D('',#3054,#2486,#2487);
#2089=AXIS2_PLACEMENT_3D('',#3060,#2491,#2492);
#2090=AXIS2_PLACEMENT_3D('',#3066,#2496,#2497);
#2091=AXIS2_PLACEMENT_3D('',#3068,#2499,#2500);
#2092=AXIS2_PLACEMENT_3D('',#3074,#2504,#2505);
#2093=AXIS2_PLACEMENT_3D('',#3082,#2510,#2511);
#2094=AXIS2_PLACEMENT_3D('',#3084,#2513,#2514);
#2095=AXIS2_PLACEMENT_3D('',#3088,#2517,#2518);
#2096=AXIS2_PLACEMENT_3D('',#3094,#2522,#2523);
#2097=AXIS2_PLACEMENT_3D('',#3105,#2528,#2529);
#2098=AXIS2_PLACEMENT_3D('',#3109,#2531,#2532);
#2099=AXIS2_PLACEMENT_3D('',#3113,#2534,#2535);
#2100=AXIS2_PLACEMENT_3D('',#3117,#2537,#2538);
#2101=AXIS2_PLACEMENT_3D('',#3122,#2542,#2543);
#2102=AXIS2_PLACEMENT_3D('',#3128,#2547,#2548);
#2103=AXIS2_PLACEMENT_3D('',#3130,#2550,#2551);
#2104=AXIS2_PLACEMENT_3D('',#3132,#2553,#2554);
#2105=AXIS2_PLACEMENT_3D('',#3144,#2561,#2562);
#2106=AXIS2_PLACEMENT_3D('',#3146,#2563,#2564);
#2107=AXIS2_PLACEMENT_3D('',#3147,#2565,#2566);
#2108=AXIS2_PLACEMENT_3D('',#3156,#2571,#2572);
#2109=AXIS2_PLACEMENT_3D('',#3158,#2573,#2574);
#2110=AXIS2_PLACEMENT_3D('',#3159,#2575,#2576);
#2111=AXIS2_PLACEMENT_3D('',#3162,#2579,#2580);
#2112=AXIS2_PLACEMENT_3D('',#3169,#2584,#2585);
#2113=AXIS2_PLACEMENT_3D('',#3173,#2587,#2588);
#2114=AXIS2_PLACEMENT_3D('',#3177,#2590,#2591);
#2115=AXIS2_PLACEMENT_3D('',#3181,#2593,#2594);
#2116=AXIS2_PLACEMENT_3D('',#3183,#2596,#2597);
#2117=AXIS2_PLACEMENT_3D('',#3187,#2600,#2601);
#2118=AXIS2_PLACEMENT_3D('',#3190,#2603,#2604);
#2119=AXIS2_PLACEMENT_3D('',#3191,#2605,#2606);
#2120=AXIS2_PLACEMENT_3D('',#3193,#2608,#2609);
#2121=AXIS2_PLACEMENT_3D('',#3195,#2611,#2612);
#2122=AXIS2_PLACEMENT_3D('',#3197,#2614,#2615);
#2123=AXIS2_PLACEMENT_3D('',#3199,#2617,#2618);
#2124=AXIS2_PLACEMENT_3D('',#3202,#2621,#2622);
#2125=AXIS2_PLACEMENT_3D('',#3203,#2623,#2624);
#2126=AXIS2_PLACEMENT_3D('',#3205,#2626,#2627);
#2127=AXIS2_PLACEMENT_3D('',#3207,#2629,#2630);
#2128=AXIS2_PLACEMENT_3D('',#3211,#2633,#2634);
#2129=AXIS2_PLACEMENT_3D('',#3215,#2636,#2637);
#2130=AXIS2_PLACEMENT_3D('',#3217,#2639,#2640);
#2131=AXIS2_PLACEMENT_3D('',#3221,#2643,#2644);
#2132=AXIS2_PLACEMENT_3D('',#3223,#2645,#2646);
#2133=AXIS2_PLACEMENT_3D('',#3225,#2648,#2649);
#2134=AXIS2_PLACEMENT_3D('',#3229,#2652,#2653);
#2135=AXIS2_PLACEMENT_3D('',#3230,#2654,#2655);
#2136=AXIS2_PLACEMENT_3D('',#3231,#2656,#2657);
#2137=AXIS2_PLACEMENT_3D('',#3233,#2659,#2660);
#2138=AXIS2_PLACEMENT_3D('',#3234,#2661,#2662);
#2139=AXIS2_PLACEMENT_3D('',#3235,#2663,#2664);
#2140=AXIS2_PLACEMENT_3D('',#3236,#2665,#2666);
#2141=AXIS2_PLACEMENT_3D('',#3238,#2668,#2669);
#2142=AXIS2_PLACEMENT_3D('',#3240,#2670,#2671);
#2143=AXIS2_PLACEMENT_3D('',#3242,#2672,#2673);
#2144=AXIS2_PLACEMENT_3D('',#3243,#2674,#2675);
#2145=AXIS2_PLACEMENT_3D('',#3245,#2677,#2678);
#2146=AXIS2_PLACEMENT_3D('',#3247,#2680,#2681);
#2147=AXIS2_PLACEMENT_3D('',#3249,#2683,#2684);
#2148=DIRECTION('axis',(0.,0.,1.));
#2149=DIRECTION('refdir',(1.,0.,0.));
#2150=DIRECTION('center_axis',(0.,0.,1.));
#2151=DIRECTION('ref_axis',(-1.,0.,0.));
#2152=DIRECTION('',(0.707106781186548,0.707106781186547,0.));
#2153=DIRECTION('',(0.,1.,0.));
#2154=DIRECTION('',(-1.,0.,0.));
#2155=DIRECTION('center_axis',(0.,0.,-1.));
#2156=DIRECTION('ref_axis',(-1.,0.,0.));
#2157=DIRECTION('',(0.,-1.,0.));
#2158=DIRECTION('',(1.,0.,0.));
#2159=DIRECTION('center_axis',(0.,0.,1.));
#2160=DIRECTION('ref_axis',(-1.,0.,0.));
#2161=DIRECTION('center_axis',(0.,0.,1.));
#2162=DIRECTION('ref_axis',(-1.,0.,0.));
#2163=DIRECTION('',(-0.707106781186548,0.707106781186547,0.));
#2164=DIRECTION('',(-1.,0.,0.));
#2165=DIRECTION('',(0.,-1.,0.));
#2166=DIRECTION('center_axis',(0.,0.,-1.));
#2167=DIRECTION('ref_axis',(-1.,0.,0.));
#2168=DIRECTION('',(1.,-4.32771451727301E-17,0.));
#2169=DIRECTION('',(0.,1.,0.));
#2170=DIRECTION('center_axis',(0.,0.,1.));
#2171=DIRECTION('ref_axis',(-1.,0.,0.));
#2172=DIRECTION('center_axis',(0.,0.,-1.));
#2173=DIRECTION('ref_axis',(0.707106781186547,-0.707106781186548,0.));
#2174=DIRECTION('',(0.,0.,-1.));
#2175=DIRECTION('center_axis',(0.,0.,-1.));
#2176=DIRECTION('ref_axis',(-1.,0.,0.));
#2177=DIRECTION('',(0.,0.,-1.));
#2178=DIRECTION('center_axis',(0.,1.,0.));
#2179=DIRECTION('ref_axis',(1.,0.,0.));
#2180=DIRECTION('',(0.,0.,1.));
#2181=DIRECTION('',(1.,0.,0.));
#2182=DIRECTION('',(0.,0.,-1.));
#2183=DIRECTION('center_axis',(0.,-1.,0.));
#2184=DIRECTION('ref_axis',(0.707106781186548,0.,-0.707106781186548));
#2185=DIRECTION('',(-1.,0.,0.));
#2186=DIRECTION('center_axis',(0.,1.,0.));
#2187=DIRECTION('ref_axis',(-0.707106781186548,0.,0.707106781186548));
#2188=DIRECTION('',(0.,0.,-1.));
#2189=DIRECTION('center_axis',(0.,1.,0.));
#2190=DIRECTION('ref_axis',(-0.707106781186548,0.,-0.707106781186548));
#2191=DIRECTION('',(1.,0.,0.));
#2192=DIRECTION('center_axis',(0.,-1.,0.));
#2193=DIRECTION('ref_axis',(0.707106781186548,0.,0.707106781186548));
#2194=DIRECTION('',(0.,0.,-1.));
#2195=DIRECTION('',(-1.,0.,0.));
#2196=DIRECTION('center_axis',(0.,0.,-1.));
#2197=DIRECTION('ref_axis',(0.707106781186548,0.707106781186547,0.));
#2198=DIRECTION('',(0.,0.,-1.));
#2199=DIRECTION('center_axis',(0.,0.,-1.));
#2200=DIRECTION('ref_axis',(-1.,0.,0.));
#2201=DIRECTION('',(0.,0.,-1.));
#2202=DIRECTION('center_axis',(0.,-1.,0.));
#2203=DIRECTION('ref_axis',(-1.,0.,0.));
#2204=DIRECTION('',(-1.,0.,0.));
#2205=DIRECTION('',(0.,0.,1.));
#2206=DIRECTION('',(0.,0.,-1.));
#2207=DIRECTION('',(0.,0.,-1.));
#2208=DIRECTION('center_axis',(-1.,0.,0.));
#2209=DIRECTION('ref_axis',(0.,1.,0.));
#2210=DIRECTION('',(0.,1.,0.));
#2211=DIRECTION('',(0.,0.,1.));
#2212=DIRECTION('',(0.,0.,-1.));
#2213=DIRECTION('',(0.,0.,-1.));
#2214=DIRECTION('center_axis',(-0.707106781186547,-0.707106781186548,0.));
#2215=DIRECTION('ref_axis',(-0.707106781186548,0.707106781186547,0.));
#2216=DIRECTION('',(0.707106781186548,-0.707106781186547,0.));
#2217=DIRECTION('center_axis',(-1.,0.,0.));
#2218=DIRECTION('ref_axis',(0.,1.,0.));
#2219=DIRECTION('',(0.,1.,0.));
#2220=DIRECTION('',(0.,0.,-1.));
#2221=DIRECTION('',(0.,0.,-1.));
#2222=DIRECTION('center_axis',(0.,1.,0.));
#2223=DIRECTION('ref_axis',(1.,0.,0.));
#2224=DIRECTION('',(1.,0.,0.));
#2225=DIRECTION('',(0.,0.,1.));
#2226=DIRECTION('',(0.,0.,-1.));
#2227=DIRECTION('',(0.,0.,-1.));
#2228=DIRECTION('center_axis',(-0.707106781186547,0.707106781186548,0.));
#2229=DIRECTION('ref_axis',(0.707106781186548,0.707106781186547,0.));
#2230=DIRECTION('',(-0.707106781186548,-0.707106781186548,0.));
#2231=DIRECTION('center_axis',(-1.,0.,0.));
#2232=DIRECTION('ref_axis',(0.,1.,0.));
#2233=DIRECTION('',(0.,-1.,0.));
#2234=DIRECTION('',(0.,-4.27008855625061E-16,-1.));
#2235=DIRECTION('',(0.,-1.,2.26576127474522E-16));
#2236=DIRECTION('',(0.,0.,1.));
#2237=DIRECTION('',(0.,-1.,0.));
#2238=DIRECTION('',(0.,1.,0.));
#2239=DIRECTION('center_axis',(0.,0.,1.));
#2240=DIRECTION('ref_axis',(-1.,0.,0.));
#2241=DIRECTION('',(-1.,0.,0.));
#2242=DIRECTION('',(0.,-1.,0.));
#2243=DIRECTION('center_axis',(0.,0.,1.));
#2244=DIRECTION('ref_axis',(-1.,0.,0.));
#2245=DIRECTION('',(0.,-1.,0.));
#2246=DIRECTION('center_axis',(0.,0.,1.));
#2247=DIRECTION('ref_axis',(-1.,0.,0.));
#2248=DIRECTION('',(-1.,4.32771451727301E-17,0.));
#2249=DIRECTION('',(0.,-1.,0.));
#2250=DIRECTION('',(1.,0.,0.));
#2251=DIRECTION('center_axis',(1.,0.,0.));
#2252=DIRECTION('ref_axis',(0.,0.,-1.));
#2253=DIRECTION('',(0.,1.,0.));
#2254=DIRECTION('center_axis',(0.,1.,0.));
#2255=DIRECTION('ref_axis',(-1.,0.,0.));
#2256=DIRECTION('',(1.,0.,0.));
#2257=DIRECTION('',(0.,0.,1.));
#2258=DIRECTION('',(-1.,0.,0.));
#2259=DIRECTION('',(0.,0.,-1.));
#2260=DIRECTION('',(1.,0.,0.));
#2261=DIRECTION('',(0.,0.,-1.));
#2262=DIRECTION('center_axis',(0.,1.,0.));
#2263=DIRECTION('ref_axis',(0.707106781186548,0.,0.707106781186548));
#2264=DIRECTION('',(1.,0.,0.));
#2265=DIRECTION('center_axis',(0.,-1.,0.));
#2266=DIRECTION('ref_axis',(-0.707106781186548,0.,-0.707106781186548));
#2267=DIRECTION('',(0.,0.,-1.));
#2268=DIRECTION('center_axis',(0.,-1.,0.));
#2269=DIRECTION('ref_axis',(-0.707106781186548,0.,0.707106781186548));
#2270=DIRECTION('',(-1.,0.,0.));
#2271=DIRECTION('center_axis',(0.,1.,0.));
#2272=DIRECTION('ref_axis',(0.707106781186548,0.,-0.707106781186548));
#2273=DIRECTION('',(0.,0.,-1.));
#2274=DIRECTION('center_axis',(0.707106781186548,-0.707106781186548,0.));
#2275=DIRECTION('ref_axis',(0.707106781186548,0.707106781186548,0.));
#2276=DIRECTION('',(0.707106781186548,0.707106781186548,0.));
#2277=DIRECTION('',(0.,0.,1.));
#2278=DIRECTION('',(-0.707106781186548,-0.707106781186548,0.));
#2279=DIRECTION('center_axis',(0.,0.,1.));
#2280=DIRECTION('ref_axis',(-1.,0.,0.));
#2281=DIRECTION('',(-1.,0.,0.));
#2282=DIRECTION('',(0.,1.,0.));
#2283=DIRECTION('',(1.,-4.32771451727301E-17,0.));
#2284=DIRECTION('',(-1.,0.,0.));
#2285=DIRECTION('',(0.,1.,0.));
#2286=DIRECTION('',(0.707106781186548,-0.707106781186547,0.));
#2287=DIRECTION('center_axis',(0.,0.,-1.));
#2288=DIRECTION('ref_axis',(-1.,0.,0.));
#2289=DIRECTION('center_axis',(0.,0.,-1.));
#2290=DIRECTION('ref_axis',(1.,0.,0.));
#2291=DIRECTION('',(0.,-1.,0.));
#2292=DIRECTION('',(1.,0.,0.));
#2293=DIRECTION('',(-0.707106781186548,0.707106781186547,0.));
#2294=DIRECTION('',(0.,1.,0.));
#2295=DIRECTION('center_axis',(0.,0.,-1.));
#2296=DIRECTION('ref_axis',(-1.,0.,0.));
#2297=DIRECTION('center_axis',(0.,0.,-1.));
#2298=DIRECTION('ref_axis',(-1.,0.,0.));
#2299=DIRECTION('center_axis',(0.707106781186547,0.707106781186548,0.));
#2300=DIRECTION('ref_axis',(-0.707106781186548,0.707106781186547,0.));
#2301=DIRECTION('',(0.,0.,1.));
#2302=DIRECTION('',(0.,0.,-1.));
#2303=DIRECTION('center_axis',(0.,-1.,0.));
#2304=DIRECTION('ref_axis',(1.,0.,0.));
#2305=DIRECTION('',(0.,0.,-1.));
#2306=DIRECTION('',(-1.,0.,0.));
#2307=DIRECTION('',(0.,0.,1.));
#2308=DIRECTION('center_axis',(0.,1.,0.));
#2309=DIRECTION('ref_axis',(-0.707106781186548,0.,-0.707106781186548));
#2310=DIRECTION('',(-1.,0.,0.));
#2311=DIRECTION('center_axis',(0.,-1.,0.));
#2312=DIRECTION('ref_axis',(0.707106781186548,0.,0.707106781186548));
#2313=DIRECTION('',(0.,0.,1.));
#2314=DIRECTION('center_axis',(0.,-1.,0.));
#2315=DIRECTION('ref_axis',(0.707106781186548,0.,-0.707106781186548));
#2316=DIRECTION('',(1.,0.,0.));
#2317=DIRECTION('center_axis',(0.,1.,0.));
#2318=DIRECTION('ref_axis',(-0.707106781186548,0.,0.707106781186548));
#2319=DIRECTION('',(0.,0.,1.));
#2320=DIRECTION('center_axis',(1.,0.,0.));
#2321=DIRECTION('ref_axis',(0.,0.,-1.));
#2322=DIRECTION('',(0.,1.,0.));
#2323=DIRECTION('center_axis',(0.,1.,0.));
#2324=DIRECTION('ref_axis',(0.707106781186548,0.,-0.707106781186548));
#2325=DIRECTION('',(0.,-1.,0.));
#2326=DIRECTION('center_axis',(0.,0.,-1.));
#2327=DIRECTION('ref_axis',(-1.,0.,0.));
#2328=DIRECTION('',(0.,1.,0.));
#2329=DIRECTION('center_axis',(0.,-1.,0.));
#2330=DIRECTION('ref_axis',(-0.707106781186548,0.,0.707106781186548));
#2331=DIRECTION('',(0.,-1.,0.));
#2332=DIRECTION('center_axis',(1.,0.,0.));
#2333=DIRECTION('ref_axis',(0.,0.,-1.));
#2334=DIRECTION('',(0.,-1.,0.));
#2335=DIRECTION('',(0.,0.,1.));
#2336=DIRECTION('center_axis',(0.,-1.,0.));
#2337=DIRECTION('ref_axis',(-0.707106781186548,0.,0.707106781186548));
#2338=DIRECTION('',(0.,1.,0.));
#2339=DIRECTION('center_axis',(-4.32771451727301E-17,-1.,0.));
#2340=DIRECTION('ref_axis',(-0.707106781186548,0.,0.707106781186548));
#2341=DIRECTION('center_axis',(0.,0.,-1.));
#2342=DIRECTION('ref_axis',(-1.,0.,0.));
#2343=DIRECTION('',(0.,-1.,0.));
#2344=DIRECTION('',(1.,-4.32771451727301E-17,0.));
#2345=DIRECTION('center_axis',(0.,1.,0.));
#2346=DIRECTION('ref_axis',(0.707106781186548,0.,-0.707106781186548));
#2347=DIRECTION('',(0.,1.,0.));
#2348=DIRECTION('center_axis',(4.32771451727301E-17,1.,0.));
#2349=DIRECTION('ref_axis',(0.707106781186548,0.,-0.707106781186548));
#2350=DIRECTION('center_axis',(1.,0.,0.));
#2351=DIRECTION('ref_axis',(0.,0.,-1.));
#2352=DIRECTION('',(0.,-1.,0.));
#2353=DIRECTION('',(0.,0.,1.));
#2354=DIRECTION('center_axis',(0.,-1.,0.));
#2355=DIRECTION('ref_axis',(0.707106781186548,0.,0.707106781186548));
#2356=DIRECTION('',(0.,1.,0.));
#2357=DIRECTION('center_axis',(4.32771451727301E-17,1.,0.));
#2358=DIRECTION('ref_axis',(0.707106781186548,0.,0.707106781186548));
#2359=DIRECTION('center_axis',(0.,0.,1.));
#2360=DIRECTION('ref_axis',(1.,0.,0.));
#2361=DIRECTION('',(0.,-1.,0.));
#2362=DIRECTION('',(-1.,4.32771451727301E-17,0.));
#2363=DIRECTION('center_axis',(0.,1.,0.));
#2364=DIRECTION('ref_axis',(-0.707106781186548,0.,-0.707106781186548));
#2365=DIRECTION('',(0.,1.,0.));
#2366=DIRECTION('center_axis',(-4.32771451727301E-17,-1.,0.));
#2367=DIRECTION('ref_axis',(-0.707106781186548,0.,-0.707106781186548));
#2368=DIRECTION('center_axis',(1.,0.,0.));
#2369=DIRECTION('ref_axis',(0.,0.,-1.));
#2370=DIRECTION('',(0.,1.,0.));
#2371=DIRECTION('center_axis',(0.,1.,0.));
#2372=DIRECTION('ref_axis',(-0.707106781186548,0.,-0.707106781186548));
#2373=DIRECTION('',(0.,-1.,0.));
#2374=DIRECTION('center_axis',(0.,-1.,0.));
#2375=DIRECTION('ref_axis',(0.707106781186548,0.,0.707106781186548));
#2376=DIRECTION('',(0.,-1.,0.));
#2377=DIRECTION('',(0.,1.,0.));
#2378=DIRECTION('center_axis',(1.,0.,0.));
#2379=DIRECTION('ref_axis',(0.,0.,-1.));
#2380=DIRECTION('',(0.,1.,0.));
#2381=DIRECTION('center_axis',(-4.32771451727301E-17,-1.,0.));
#2382=DIRECTION('ref_axis',(-1.,4.32771451727301E-17,0.));
#2383=DIRECTION('',(0.,0.,1.));
#2384=DIRECTION('center_axis',(1.,0.,0.));
#2385=DIRECTION('ref_axis',(0.,0.,-1.));
#2386=DIRECTION('center_axis',(0.,0.,1.));
#2387=DIRECTION('ref_axis',(1.,0.,0.));
#2388=DIRECTION('center_axis',(-1.,0.,0.));
#2389=DIRECTION('ref_axis',(0.,-1.,0.));
#2390=DIRECTION('',(0.,-1.,0.));
#2391=DIRECTION('center_axis',(0.,-1.,4.27008855625061E-16));
#2392=DIRECTION('ref_axis',(0.,4.27008855625061E-16,1.));
#2393=DIRECTION('',(-1.,0.,0.));
#2394=DIRECTION('',(0.,4.27008855625061E-16,1.));
#2395=DIRECTION('',(-1.,0.,0.));
#2396=DIRECTION('center_axis',(0.,0.,1.));
#2397=DIRECTION('ref_axis',(-1.,0.,0.));
#2398=DIRECTION('',(0.,0.,-1.));
#2399=DIRECTION('center_axis',(0.,0.,-1.));
#2400=DIRECTION('ref_axis',(-1.,0.,0.));
#2401=DIRECTION('center_axis',(0.,0.,1.));
#2402=DIRECTION('ref_axis',(-1.,0.,0.));
#2403=DIRECTION('',(0.,0.,-1.));
#2404=DIRECTION('center_axis',(0.,0.,-1.));
#2405=DIRECTION('ref_axis',(-1.,0.,0.));
#2406=DIRECTION('center_axis',(0.,0.,-1.));
#2407=DIRECTION('ref_axis',(-1.,0.,0.));
#2408=DIRECTION('center_axis',(0.,0.,-1.));
#2409=DIRECTION('ref_axis',(-1.,0.,0.));
#2410=DIRECTION('center_axis',(0.,0.,1.));
#2411=DIRECTION('ref_axis',(-1.,0.,0.));
#2412=DIRECTION('',(0.,0.,-1.));
#2413=DIRECTION('center_axis',(0.,0.,1.));
#2414=DIRECTION('ref_axis',(-1.,0.,0.));
#2415=DIRECTION('',(0.,0.,-1.));
#2416=DIRECTION('center_axis',(0.,1.,0.));
#2417=DIRECTION('ref_axis',(0.,0.,-1.));
#2418=DIRECTION('',(-1.,0.,0.));
#2419=DIRECTION('',(0.,0.,-1.));
#2420=DIRECTION('center_axis',(0.,2.26576127474522E-16,1.));
#2421=DIRECTION('ref_axis',(0.,1.,-2.26576127474522E-16));
#2422=DIRECTION('',(0.,1.,-2.26576127474522E-16));
#2423=DIRECTION('center_axis',(1.,0.,0.));
#2424=DIRECTION('ref_axis',(0.,1.,0.));
#2425=DIRECTION('',(0.,1.,0.));
#2426=DIRECTION('center_axis',(0.,0.,1.));
#2427=DIRECTION('ref_axis',(-1.,0.,0.));
#2428=DIRECTION('center_axis',(0.,0.,1.));
#2429=DIRECTION('ref_axis',(-1.,0.,0.));
#2430=DIRECTION('',(0.707106781186546,-0.707106781186549,0.));
#2431=DIRECTION('',(1.,0.,0.));
#2432=DIRECTION('',(0.,1.,0.));
#2433=DIRECTION('center_axis',(0.,0.,-1.));
#2434=DIRECTION('ref_axis',(-1.,0.,0.));
#2435=DIRECTION('',(-1.,0.,0.));
#2436=DIRECTION('',(0.,-1.,0.));
#2437=DIRECTION('center_axis',(0.,0.,1.));
#2438=DIRECTION('ref_axis',(-1.,0.,0.));
#2439=DIRECTION('center_axis',(0.,0.,1.));
#2440=DIRECTION('ref_axis',(-1.,0.,0.));
#2441=DIRECTION('',(-0.707106781186547,-0.707106781186548,0.));
#2442=DIRECTION('',(0.,-1.,0.));
#2443=DIRECTION('',(1.,-4.32771451727301E-17,0.));
#2444=DIRECTION('center_axis',(0.,0.,-1.));
#2445=DIRECTION('ref_axis',(-1.,0.,0.));
#2446=DIRECTION('',(0.,1.,0.));
#2447=DIRECTION('',(-1.,0.,0.));
#2448=DIRECTION('center_axis',(0.,0.,1.));
#2449=DIRECTION('ref_axis',(-1.,0.,0.));
#2450=DIRECTION('center_axis',(0.,0.,-1.));
#2451=DIRECTION('ref_axis',(-1.,0.,0.));
#2452=DIRECTION('',(0.,0.,-1.));
#2453=DIRECTION('center_axis',(0.,0.,-1.));
#2454=DIRECTION('ref_axis',(-1.,0.,0.));
#2455=DIRECTION('',(0.,0.,-1.));
#2456=DIRECTION('center_axis',(0.,0.,-1.));
#2457=DIRECTION('ref_axis',(-1.,0.,0.));
#2458=DIRECTION('',(0.,0.,-1.));
#2459=DIRECTION('center_axis',(0.,0.,-1.));
#2460=DIRECTION('ref_axis',(-1.,0.,0.));
#2461=DIRECTION('',(0.,0.,-1.));
#2462=DIRECTION('center_axis',(1.,0.,0.));
#2463=DIRECTION('ref_axis',(0.,-1.,0.));
#2464=DIRECTION('',(0.,0.,1.));
#2465=DIRECTION('',(0.,-1.,0.));
#2466=DIRECTION('',(0.,0.,-1.));
#2467=DIRECTION('',(0.,1.,0.));
#2468=DIRECTION('center_axis',(-4.32771451727301E-17,-1.,0.));
#2469=DIRECTION('ref_axis',(-1.,4.32771451727301E-17,0.));
#2470=DIRECTION('',(0.,0.,1.));
#2471=DIRECTION('',(-1.,4.32771451727301E-17,0.));
#2472=DIRECTION('',(0.,0.,-1.));
#2473=DIRECTION('center_axis',(4.32771451727301E-17,1.,0.));
#2474=DIRECTION('ref_axis',(-0.70710678118654,0.,-0.707106781186555));
#2475=DIRECTION('',(1.,-4.32771451727301E-17,0.));
#2476=DIRECTION('center_axis',(-4.32771451727301E-17,-1.,0.));
#2477=DIRECTION('ref_axis',(0.707106781186555,0.,0.70710678118654));
#2478=DIRECTION('',(0.,0.,-1.));
#2479=DIRECTION('center_axis',(-4.32771451727301E-17,-1.,0.));
#2480=DIRECTION('ref_axis',(0.707106781186548,0.,-0.707106781186548));
#2481=DIRECTION('',(-1.,4.32771451727301E-17,0.));
#2482=DIRECTION('center_axis',(4.32771451727301E-17,1.,0.));
#2483=DIRECTION('ref_axis',(-0.707106781186548,0.,0.707106781186548));
#2484=DIRECTION('',(0.,0.,-1.));
#2485=DIRECTION('',(1.,-4.32771451727301E-17,0.));
#2486=DIRECTION('center_axis',(1.,0.,0.));
#2487=DIRECTION('ref_axis',(0.,-1.,0.));
#2488=DIRECTION('',(0.,-1.,0.));
#2489=DIRECTION('',(0.,0.,-1.));
#2490=DIRECTION('',(0.,0.,-1.));
#2491=DIRECTION('center_axis',(0.,-1.,0.));
#2492=DIRECTION('ref_axis',(-1.,0.,0.));
#2493=DIRECTION('',(-1.,0.,0.));
#2494=DIRECTION('',(0.,0.,1.));
#2495=DIRECTION('',(0.,0.,-1.));
#2496=DIRECTION('center_axis',(0.707106781186548,-0.707106781186547,0.));
#2497=DIRECTION('ref_axis',(-0.707106781186547,-0.707106781186548,0.));
#2498=DIRECTION('',(0.707106781186547,0.707106781186548,0.));
#2499=DIRECTION('center_axis',(0.,1.,0.));
#2500=DIRECTION('ref_axis',(1.,0.,0.));
#2501=DIRECTION('',(1.,0.,0.));
#2502=DIRECTION('',(0.,0.,-1.));
#2503=DIRECTION('',(0.,0.,-1.));
#2504=DIRECTION('center_axis',(1.,0.,0.));
#2505=DIRECTION('ref_axis',(0.,-1.,0.));
#2506=DIRECTION('',(0.,-1.,0.));
#2507=DIRECTION('',(0.,0.,1.));
#2508=DIRECTION('',(0.,0.,-1.));
#2509=DIRECTION('',(0.,0.,-1.));
#2510=DIRECTION('center_axis',(0.707106781186549,0.707106781186546,0.));
#2511=DIRECTION('ref_axis',(0.707106781186546,-0.707106781186549,0.));
#2512=DIRECTION('',(-0.707106781186546,0.707106781186549,0.));
#2513=DIRECTION('center_axis',(0.,0.,1.));
#2514=DIRECTION('ref_axis',(-1.,0.,0.));
#2515=DIRECTION('',(1.,0.,0.));
#2516=DIRECTION('',(0.,1.,0.));
#2517=DIRECTION('center_axis',(0.,0.,1.));
#2518=DIRECTION('ref_axis',(-1.,0.,0.));
#2519=DIRECTION('',(1.,0.,0.));
#2520=DIRECTION('',(0.,1.,0.));
#2521=DIRECTION('',(-1.,0.,0.));
#2522=DIRECTION('center_axis',(0.,-1.,0.));
#2523=DIRECTION('ref_axis',(1.,0.,0.));
#2524=DIRECTION('',(1.,0.,0.));
#2525=DIRECTION('',(0.,0.,-1.));
#2526=DIRECTION('',(-1.,0.,0.));
#2527=DIRECTION('',(0.,0.,-1.));
#2528=DIRECTION('center_axis',(0.,-1.,0.));
#2529=DIRECTION('ref_axis',(-0.707106781186548,0.,0.707106781186548));
#2530=DIRECTION('',(-1.,0.,0.));
#2531=DIRECTION('center_axis',(0.,1.,0.));
#2532=DIRECTION('ref_axis',(0.707106781186548,0.,-0.707106781186548));
#2533=DIRECTION('',(0.,0.,-1.));
#2534=DIRECTION('center_axis',(0.,1.,0.));
#2535=DIRECTION('ref_axis',(0.707106781186555,0.,0.70710678118654));
#2536=DIRECTION('',(1.,0.,0.));
#2537=DIRECTION('center_axis',(0.,-1.,0.));
#2538=DIRECTION('ref_axis',(-0.70710678118654,0.,-0.707106781186555));
#2539=DIRECTION('',(0.,0.,-1.));
#2540=DIRECTION('',(-1.,0.,0.));
#2541=DIRECTION('',(0.,0.,1.));
#2542=DIRECTION('center_axis',(-0.707106781186547,0.707106781186548,0.));
#2543=DIRECTION('ref_axis',(-0.707106781186548,-0.707106781186547,0.));
#2544=DIRECTION('',(-0.707106781186548,-0.707106781186547,0.));
#2545=DIRECTION('',(0.,0.,1.));
#2546=DIRECTION('',(0.707106781186548,0.707106781186547,0.));
#2547=DIRECTION('center_axis',(0.,0.,1.));
#2548=DIRECTION('ref_axis',(-1.,0.,0.));
#2549=DIRECTION('',(0.,1.,0.));
#2550=DIRECTION('center_axis',(-1.,0.,0.));
#2551=DIRECTION('ref_axis',(0.,0.,1.));
#2552=DIRECTION('',(0.,-1.,0.));
#2553=DIRECTION('center_axis',(0.,0.,1.));
#2554=DIRECTION('ref_axis',(-1.,0.,0.));
#2555=DIRECTION('',(0.,-1.,0.));
#2556=DIRECTION('',(-0.707106781186546,0.707106781186549,0.));
#2557=DIRECTION('',(1.,0.,0.));
#2558=DIRECTION('',(0.,-1.,0.));
#2559=DIRECTION('',(-1.,0.,0.));
#2560=DIRECTION('',(0.,-1.,0.));
#2561=DIRECTION('center_axis',(0.,0.,-1.));
#2562=DIRECTION('ref_axis',(-1.,0.,0.));
#2563=DIRECTION('center_axis',(0.,0.,-1.));
#2564=DIRECTION('ref_axis',(-1.,0.,0.));
#2565=DIRECTION('center_axis',(0.,0.,-1.));
#2566=DIRECTION('ref_axis',(1.,0.,0.));
#2567=DIRECTION('',(0.,1.,0.));
#2568=DIRECTION('',(-1.,0.,0.));
#2569=DIRECTION('',(0.707106781186546,-0.707106781186549,0.));
#2570=DIRECTION('',(0.,-1.,0.));
#2571=DIRECTION('center_axis',(0.,0.,-1.));
#2572=DIRECTION('ref_axis',(-1.,0.,0.));
#2573=DIRECTION('center_axis',(0.,0.,-1.));
#2574=DIRECTION('ref_axis',(-1.,0.,0.));
#2575=DIRECTION('center_axis',(-0.707106781186549,-0.707106781186546,0.));
#2576=DIRECTION('ref_axis',(0.707106781186546,-0.707106781186549,0.));
#2577=DIRECTION('',(0.,0.,1.));
#2578=DIRECTION('',(0.,0.,-1.));
#2579=DIRECTION('center_axis',(0.,1.,0.));
#2580=DIRECTION('ref_axis',(-1.,0.,0.));
#2581=DIRECTION('',(0.,0.,-1.));
#2582=DIRECTION('',(1.,0.,0.));
#2583=DIRECTION('',(0.,0.,1.));
#2584=DIRECTION('center_axis',(0.,-1.,0.));
#2585=DIRECTION('ref_axis',(0.707106781186555,0.,-0.70710678118654));
#2586=DIRECTION('',(1.,0.,0.));
#2587=DIRECTION('center_axis',(0.,1.,0.));
#2588=DIRECTION('ref_axis',(-0.70710678118654,0.,0.707106781186555));
#2589=DIRECTION('',(0.,0.,1.));
#2590=DIRECTION('center_axis',(0.,1.,0.));
#2591=DIRECTION('ref_axis',(-0.707106781186548,0.,-0.707106781186548));
#2592=DIRECTION('',(-1.,0.,0.));
#2593=DIRECTION('center_axis',(0.,-1.,0.));
#2594=DIRECTION('ref_axis',(0.707106781186548,0.,0.707106781186548));
#2595=DIRECTION('',(0.,0.,1.));
#2596=DIRECTION('center_axis',(-1.,0.,0.));
#2597=DIRECTION('ref_axis',(0.,0.,1.));
#2598=DIRECTION('',(0.,1.,0.));
#2599=DIRECTION('',(0.,0.,1.));
#2600=DIRECTION('center_axis',(0.,1.,0.));
#2601=DIRECTION('ref_axis',(0.707106781186548,0.,0.707106781186548));
#2602=DIRECTION('',(0.,-1.,0.));
#2603=DIRECTION('center_axis',(0.,1.,0.));
#2604=DIRECTION('ref_axis',(0.707106781186548,0.,0.707106781186548));
#2605=DIRECTION('center_axis',(-1.,0.,0.));
#2606=DIRECTION('ref_axis',(0.,0.,1.));
#2607=DIRECTION('',(0.,-1.,0.));
#2608=DIRECTION('center_axis',(0.,-1.,0.));
#2609=DIRECTION('ref_axis',(-0.70710678118654,0.,-0.707106781186555));
#2610=DIRECTION('',(0.,1.,0.));
#2611=DIRECTION('center_axis',(0.,0.,-1.));
#2612=DIRECTION('ref_axis',(-1.,0.,0.));
#2613=DIRECTION('',(0.,-1.,0.));
#2614=DIRECTION('center_axis',(0.,1.,0.));
#2615=DIRECTION('ref_axis',(0.707106781186555,0.,0.70710678118654));
#2616=DIRECTION('',(0.,1.,0.));
#2617=DIRECTION('center_axis',(0.,1.,0.));
#2618=DIRECTION('ref_axis',(-0.707106781186548,0.,0.707106781186548));
#2619=DIRECTION('',(0.,1.,0.));
#2620=DIRECTION('',(0.,-1.,0.));
#2621=DIRECTION('center_axis',(-1.,0.,0.));
#2622=DIRECTION('ref_axis',(0.,0.,1.));
#2623=DIRECTION('center_axis',(-1.,0.,0.));
#2624=DIRECTION('ref_axis',(0.,0.,1.));
#2625=DIRECTION('',(0.,-1.,0.));
#2626=DIRECTION('center_axis',(0.,-1.,0.));
#2627=DIRECTION('ref_axis',(0.707106781186548,0.,-0.707106781186548));
#2628=DIRECTION('',(0.,1.,0.));
#2629=DIRECTION('center_axis',(0.,0.,-1.));
#2630=DIRECTION('ref_axis',(-1.,0.,0.));
#2631=DIRECTION('',(0.,1.,0.));
#2632=DIRECTION('',(-1.,0.,0.));
#2633=DIRECTION('center_axis',(0.,-1.,0.));
#2634=DIRECTION('ref_axis',(0.707106781186555,0.,-0.70710678118654));
#2635=DIRECTION('',(0.,-1.,0.));
#2636=DIRECTION('center_axis',(0.,1.,0.));
#2637=DIRECTION('ref_axis',(0.707106781186555,0.,-0.70710678118654));
#2638=DIRECTION('',(0.,1.,0.));
#2639=DIRECTION('center_axis',(0.,0.,1.));
#2640=DIRECTION('ref_axis',(1.,0.,0.));
#2641=DIRECTION('',(1.,0.,0.));
#2642=DIRECTION('',(0.,-1.,0.));
#2643=DIRECTION('center_axis',(0.,1.,0.));
#2644=DIRECTION('ref_axis',(-0.70710678118654,0.,0.707106781186555));
#2645=DIRECTION('center_axis',(0.,-1.,0.));
#2646=DIRECTION('ref_axis',(-0.70710678118654,0.,0.707106781186555));
#2647=DIRECTION('',(0.,1.,0.));
#2648=DIRECTION('center_axis',(-1.,0.,0.));
#2649=DIRECTION('ref_axis',(0.,0.,1.));
#2650=DIRECTION('',(0.,0.,1.));
#2651=DIRECTION('',(0.,-1.,0.));
#2652=DIRECTION('center_axis',(0.,-1.,0.));
#2653=DIRECTION('ref_axis',(-0.707106781186548,0.,-0.707106781186548));
#2654=DIRECTION('center_axis',(0.,-1.,0.));
#2655=DIRECTION('ref_axis',(-0.707106781186548,0.,-0.707106781186548));
#2656=DIRECTION('center_axis',(-1.,0.,0.));
#2657=DIRECTION('ref_axis',(0.,0.,1.));
#2658=DIRECTION('',(0.,0.,1.));
#2659=DIRECTION('center_axis',(0.,1.,0.));
#2660=DIRECTION('ref_axis',(1.,0.,0.));
#2661=DIRECTION('center_axis',(0.,0.,1.));
#2662=DIRECTION('ref_axis',(1.,0.,0.));
#2663=DIRECTION('center_axis',(-1.,0.,0.));
#2664=DIRECTION('ref_axis',(0.,-1.,0.));
#2665=DIRECTION('center_axis',(1.,0.,0.));
#2666=DIRECTION('ref_axis',(0.,1.,0.));
#2667=DIRECTION('',(0.,1.,0.));
#2668=DIRECTION('center_axis',(0.,0.,-1.));
#2669=DIRECTION('ref_axis',(-1.,0.,0.));
#2670=DIRECTION('center_axis',(0.,0.,-1.));
#2671=DIRECTION('ref_axis',(-1.,0.,0.));
#2672=DIRECTION('center_axis',(0.,0.,-1.));
#2673=DIRECTION('ref_axis',(-1.,0.,0.));
#2674=DIRECTION('center_axis',(0.,0.,1.));
#2675=DIRECTION('ref_axis',(-1.,0.,0.));
#2676=DIRECTION('',(0.,0.,-1.));
#2677=DIRECTION('center_axis',(0.,0.,1.));
#2678=DIRECTION('ref_axis',(-1.,0.,0.));
#2679=DIRECTION('',(0.,0.,-1.));
#2680=DIRECTION('center_axis',(0.,0.,1.));
#2681=DIRECTION('ref_axis',(-1.,0.,0.));
#2682=DIRECTION('',(0.,0.,-1.));
#2683=DIRECTION('center_axis',(0.,0.,1.));
#2684=DIRECTION('ref_axis',(-1.,0.,0.));
#2685=DIRECTION('',(0.,0.,-1.));
#2686=CARTESIAN_POINT('',(0.,0.,0.));
#2687=CARTESIAN_POINT('Origin',(28.506066017178,-11.306066017178,16.7));
#2688=CARTESIAN_POINT('',(25.362132034356,-10.15,16.7));
#2689=CARTESIAN_POINT('',(27.35,-8.16213203435597,16.7));
#2690=CARTESIAN_POINT('',(27.35,-8.16213203435597,16.7));
#2691=CARTESIAN_POINT('',(25.362132034356,-12.6499265337748,16.7));
#2692=CARTESIAN_POINT('',(25.362132034356,-10.15,16.7));
#2693=CARTESIAN_POINT('',(25.6537953276256,-12.6499265337748,16.7));
#2694=CARTESIAN_POINT('',(1.42613534477621,-12.6499265337748,16.7));
#2695=CARTESIAN_POINT('',(29.8499265337748,-8.45379532762556,16.7));
#2696=CARTESIAN_POINT('Origin',(28.4999265337748,-11.2999265337748,16.7));
#2697=CARTESIAN_POINT('',(29.8499265337748,-8.16213203435597,16.7));
#2698=CARTESIAN_POINT('',(29.8499265337748,-9.87993067240177,16.7));
#2699=CARTESIAN_POINT('',(27.35,-8.16213203435597,16.7));
#2700=CARTESIAN_POINT('',(29.9999265337748,-11.2999265337748,16.7));
#2701=CARTESIAN_POINT('Origin',(28.4999265337748,-11.2999265337748,16.7));
#2702=CARTESIAN_POINT('Origin',(28.506066017178,11.306066017178,16.7));
#2703=CARTESIAN_POINT('',(27.35,8.16213203435597,16.7));
#2704=CARTESIAN_POINT('',(25.362132034356,10.15,16.7));
#2705=CARTESIAN_POINT('',(25.362132034356,10.15,16.7));
#2706=CARTESIAN_POINT('',(29.8499265337748,8.16213203435597,16.7));
#2707=CARTESIAN_POINT('',(27.35,8.16213203435597,16.7));
#2708=CARTESIAN_POINT('',(29.8499265337748,8.45379532762557,16.7));
#2709=CARTESIAN_POINT('',(29.8499265337748,1.42613534477622,16.7));
#2710=CARTESIAN_POINT('',(25.6537953276256,12.6499265337748,16.7));
#2711=CARTESIAN_POINT('Origin',(28.4999265337748,11.2999265337748,16.7));
#2712=CARTESIAN_POINT('',(25.362132034356,12.6499265337748,16.7));
#2713=CARTESIAN_POINT('',(27.0799306724018,12.6499265337748,16.7));
#2714=CARTESIAN_POINT('',(25.362132034356,10.15,16.7));
#2715=CARTESIAN_POINT('',(29.9999265337748,11.2999265337748,16.7));
#2716=CARTESIAN_POINT('Origin',(28.4999265337748,11.2999265337748,16.7));
#2717=CARTESIAN_POINT('Origin',(28.4999265337748,-11.2999265337748,21.4));
#2718=CARTESIAN_POINT('',(25.6537953276256,-12.6499265337748,3.7));
#2719=CARTESIAN_POINT('',(25.6537953276256,-12.6499265337748,21.4));
#2720=CARTESIAN_POINT('',(29.8499265337748,-8.45379532762556,3.7));
#2721=CARTESIAN_POINT('Origin',(28.4999265337748,-11.2999265337748,3.7));
#2722=CARTESIAN_POINT('',(29.8499265337748,-8.45379532762556,21.4));
#2723=CARTESIAN_POINT('Origin',(-25.6537953276256,-12.6499265337748,21.4));
#2724=CARTESIAN_POINT('',(25.362132034356,-12.6499265337748,21.4));
#2725=CARTESIAN_POINT('',(25.362132034356,-12.6499265337748,21.4));
#2726=CARTESIAN_POINT('',(7.14999999999999,-12.6499265337748,21.4));
#2727=CARTESIAN_POINT('',(-12.8268976638128,-12.6499265337748,21.4));
#2728=CARTESIAN_POINT('',(7.14999999999999,-12.6499265337748,16.1));
#2729=CARTESIAN_POINT('',(7.14999999999999,-12.6499265337748,21.4));
#2730=CARTESIAN_POINT('',(6.94999999999999,-12.6499265337748,15.9));
#2731=CARTESIAN_POINT('Origin',(6.94999999999999,-12.6499265337748,16.1));
#2732=CARTESIAN_POINT('',(-6.64999999999999,-12.6499265337748,15.9));
#2733=CARTESIAN_POINT('',(-9.32689766381278,-12.6499265337748,15.9));
#2734=CARTESIAN_POINT('',(-6.84999999999999,-12.6499265337748,15.7));
#2735=CARTESIAN_POINT('Origin',(-6.64999999999999,-12.6499265337748,15.7));
#2736=CARTESIAN_POINT('',(-6.84999999999999,-12.6499265337748,9.4));
#2737=CARTESIAN_POINT('',(-6.84999999999999,-12.6499265337748,18.725));
#2738=CARTESIAN_POINT('',(-6.64999999999999,-12.6499265337748,9.2));
#2739=CARTESIAN_POINT('Origin',(-6.64999999999999,-12.6499265337748,9.4));
#2740=CARTESIAN_POINT('',(6.95,-12.6499265337748,9.2));
#2741=CARTESIAN_POINT('',(-9.32689766381278,-12.6499265337748,9.2));
#2742=CARTESIAN_POINT('',(7.15,-12.6499265337748,9.));
#2743=CARTESIAN_POINT('Origin',(6.95,-12.6499265337748,9.));
#2744=CARTESIAN_POINT('',(7.15,-12.6499265337748,3.7));
#2745=CARTESIAN_POINT('',(7.15,-12.6499265337748,21.4));
#2746=CARTESIAN_POINT('',(-12.8268976638128,-12.6499265337748,3.7));
#2747=CARTESIAN_POINT('Origin',(28.4999265337748,11.2999265337748,21.4));
#2748=CARTESIAN_POINT('',(29.8499265337748,8.45379532762557,3.7));
#2749=CARTESIAN_POINT('',(29.8499265337748,8.45379532762557,21.4));
#2750=CARTESIAN_POINT('',(25.6537953276256,12.6499265337748,3.7));
#2751=CARTESIAN_POINT('Origin',(28.4999265337748,11.2999265337748,3.7));
#2752=CARTESIAN_POINT('',(25.6537953276256,12.6499265337748,21.4));
#2753=CARTESIAN_POINT('Origin',(29.8499265337748,8.16213203435597,21.4));
#2754=CARTESIAN_POINT('',(29.8499265337748,8.16213203435597,21.4));
#2755=CARTESIAN_POINT('',(27.35,8.16213203435597,21.4));
#2756=CARTESIAN_POINT('',(14.9249632668874,8.16213203435597,21.4));
#2757=CARTESIAN_POINT('',(29.8499265337748,8.16213203435597,21.4));
#2758=CARTESIAN_POINT('',(27.35,8.16213203435597,18.9));
#2759=CARTESIAN_POINT('',(27.35,8.16213203435597,21.4));
#2760=CARTESIAN_POINT('',(27.35,8.16213203435597,18.9));
#2761=CARTESIAN_POINT('Origin',(25.362132034356,10.15,21.4));
#2762=CARTESIAN_POINT('',(25.362132034356,10.15,21.4));
#2763=CARTESIAN_POINT('',(25.362132034356,12.6499265337748,21.4));
#2764=CARTESIAN_POINT('',(25.362132034356,5.075,21.4));
#2765=CARTESIAN_POINT('',(25.362132034356,10.15,18.9));
#2766=CARTESIAN_POINT('',(25.362132034356,10.15,9.45));
#2767=CARTESIAN_POINT('',(25.362132034356,10.15,21.4));
#2768=CARTESIAN_POINT('',(25.362132034356,12.6499265337748,21.4));
#2769=CARTESIAN_POINT('Origin',(27.35,8.16213203435597,21.4));
#2770=CARTESIAN_POINT('',(21.606066017178,13.906066017178,18.9));
#2771=CARTESIAN_POINT('Origin',(25.362132034356,-12.6499265337748,21.4));
#2772=CARTESIAN_POINT('',(25.362132034356,-10.15,21.4));
#2773=CARTESIAN_POINT('',(25.362132034356,-6.32496326688738,21.4));
#2774=CARTESIAN_POINT('',(25.362132034356,-10.15,18.9));
#2775=CARTESIAN_POINT('',(25.362132034356,-10.15,21.4));
#2776=CARTESIAN_POINT('',(25.362132034356,-10.15,9.45));
#2777=CARTESIAN_POINT('Origin',(27.35,-8.16213203435597,21.4));
#2778=CARTESIAN_POINT('',(27.35,-8.16213203435597,21.4));
#2779=CARTESIAN_POINT('',(29.8499265337748,-8.16213203435597,21.4));
#2780=CARTESIAN_POINT('',(13.675,-8.16213203435597,21.4));
#2781=CARTESIAN_POINT('',(27.35,-8.16213203435597,18.9));
#2782=CARTESIAN_POINT('',(27.35,-8.16213203435596,18.9));
#2783=CARTESIAN_POINT('',(27.35,-8.16213203435597,21.4));
#2784=CARTESIAN_POINT('',(29.8499265337748,-8.16213203435597,21.4));
#2785=CARTESIAN_POINT('Origin',(25.362132034356,-10.15,21.4));
#2786=CARTESIAN_POINT('',(22.506066017178,-13.006066017178,18.9));
#2787=CARTESIAN_POINT('Origin',(29.8499265337748,-8.45379532762556,21.4));
#2788=CARTESIAN_POINT('',(29.8499265337748,-4.90000000000001,3.7));
#2789=CARTESIAN_POINT('',(29.8499265337748,-4.22689766381278,3.7));
#2790=CARTESIAN_POINT('',(29.8499265337748,-4.90000000000001,8.9));
#2791=CARTESIAN_POINT('',(29.8499265337748,-4.90000000000001,12.55));
#2792=CARTESIAN_POINT('',(29.8499265337748,4.9,8.9));
#2793=CARTESIAN_POINT('',(29.8499265337748,-6.67689766381278,8.9));
#2794=CARTESIAN_POINT('',(29.8499265337748,4.9,3.7));
#2795=CARTESIAN_POINT('',(29.8499265337748,4.9,15.15));
#2796=CARTESIAN_POINT('',(29.8499265337748,-4.22689766381278,3.7));
#2797=CARTESIAN_POINT('',(29.8499265337748,-4.22689766381278,21.4));
#2798=CARTESIAN_POINT('Origin',(4.44089209850063E-15,2.22044604925031E-15,
21.4));
#2799=CARTESIAN_POINT('',(7.14999999999999,-10.15,21.4));
#2800=CARTESIAN_POINT('',(9.975,-10.15,21.4));
#2801=CARTESIAN_POINT('',(7.15,-7.225,21.4));
#2802=CARTESIAN_POINT('Origin',(4.44089209850063E-15,2.22044604925031E-15,
21.4));
#2803=CARTESIAN_POINT('',(27.35,4.075,21.4));
#2804=CARTESIAN_POINT('Origin',(4.44089209850063E-15,2.22044604925031E-15,
21.4));
#2805=CARTESIAN_POINT('',(-6.85,12.6499265337748,21.4));
#2806=CARTESIAN_POINT('',(12.8268976638128,12.6499265337748,21.4));
#2807=CARTESIAN_POINT('',(-6.85,10.15,21.4));
#2808=CARTESIAN_POINT('',(-6.84999999999999,-7.225,21.4));
#2809=CARTESIAN_POINT('',(-9.975,10.15,21.4));
#2810=CARTESIAN_POINT('Origin',(27.35,8.15,18.9));
#2811=CARTESIAN_POINT('',(27.35,4.075,18.9));
#2812=CARTESIAN_POINT('Origin',(19.95,-10.15,0.));
#2813=CARTESIAN_POINT('',(19.95,-10.15,18.9));
#2814=CARTESIAN_POINT('',(12.675,-10.15,18.9));
#2815=CARTESIAN_POINT('',(19.95,-10.15,13.9));
#2816=CARTESIAN_POINT('',(19.95,-10.15,0.));
#2817=CARTESIAN_POINT('',(25.362132034356,-10.15,13.9));
#2818=CARTESIAN_POINT('',(19.95,-10.15,13.9));
#2819=CARTESIAN_POINT('',(25.362132034356,-10.15,3.7));
#2820=CARTESIAN_POINT('',(25.362132034356,-10.15,0.));
#2821=CARTESIAN_POINT('',(7.14999999999999,-10.15,3.7));
#2822=CARTESIAN_POINT('',(9.975,-10.15,3.7));
#2823=CARTESIAN_POINT('',(7.15,-10.15,9.));
#2824=CARTESIAN_POINT('',(7.15,-10.15,10.7));
#2825=CARTESIAN_POINT('',(6.95,-10.15,9.2));
#2826=CARTESIAN_POINT('Origin',(6.95,-10.15,9.));
#2827=CARTESIAN_POINT('',(-6.64999999999999,-10.15,9.2));
#2828=CARTESIAN_POINT('',(6.475,-10.15,9.2));
#2829=CARTESIAN_POINT('',(-6.84999999999999,-10.15,9.4));
#2830=CARTESIAN_POINT('Origin',(-6.64999999999999,-10.15,9.4));
#2831=CARTESIAN_POINT('',(-6.84999999999999,-10.15,15.7));
#2832=CARTESIAN_POINT('',(-6.84999999999999,-10.15,8.025));
#2833=CARTESIAN_POINT('',(-6.65,-10.15,15.9));
#2834=CARTESIAN_POINT('Origin',(-6.64999999999999,-10.15,15.7));
#2835=CARTESIAN_POINT('',(6.94999999999999,-10.15,15.9));
#2836=CARTESIAN_POINT('',(13.475,-10.15,15.9));
#2837=CARTESIAN_POINT('',(7.14999999999999,-10.15,16.1));
#2838=CARTESIAN_POINT('Origin',(6.94999999999999,-10.15,16.1));
#2839=CARTESIAN_POINT('',(7.15,-10.15,10.7));
#2840=CARTESIAN_POINT('Origin',(25.456066017178,-10.056066017178,0.));
#2841=CARTESIAN_POINT('',(27.15,-8.36213203435597,13.9));
#2842=CARTESIAN_POINT('',(27.8310568338998,-7.68107520045614,13.9));
#2843=CARTESIAN_POINT('',(27.15,-8.36213203435596,3.7));
#2844=CARTESIAN_POINT('',(27.15,-8.36213203435597,0.));
#2845=CARTESIAN_POINT('',(21.606066017178,-13.906066017178,3.7));
#2846=CARTESIAN_POINT('Origin',(4.44089209850063E-15,2.22044604925031E-15,
3.7));
#2847=CARTESIAN_POINT('',(25.362132034356,10.15,3.7));
#2848=CARTESIAN_POINT('',(-6.85,10.15,3.7));
#2849=CARTESIAN_POINT('',(-9.975,10.15,3.7));
#2850=CARTESIAN_POINT('',(-6.85,12.6499265337748,3.7));
#2851=CARTESIAN_POINT('',(-6.84999999999999,-7.225,3.7));
#2852=CARTESIAN_POINT('',(12.8268976638128,12.6499265337748,3.7));
#2853=CARTESIAN_POINT('',(27.15,4.9,3.7));
#2854=CARTESIAN_POINT('',(31.65,4.9,3.7));
#2855=CARTESIAN_POINT('',(27.15,8.36213203435597,3.7));
#2856=CARTESIAN_POINT('',(27.15,-4.075,3.7));
#2857=CARTESIAN_POINT('',(22.506066017178,13.006066017178,3.7));
#2858=CARTESIAN_POINT('',(29.9999265337748,11.2999265337748,3.7));
#2859=CARTESIAN_POINT('Origin',(28.4999265337748,11.2999265337748,3.7));
#2860=CARTESIAN_POINT('Origin',(24.8999632668874,-4.44089209850063E-15,
13.9));
#2861=CARTESIAN_POINT('',(19.95,10.15,13.9));
#2862=CARTESIAN_POINT('',(19.95,-9.95,13.9));
#2863=CARTESIAN_POINT('',(25.362132034356,10.15,13.9));
#2864=CARTESIAN_POINT('',(25.35,10.15,13.9));
#2865=CARTESIAN_POINT('',(27.15,8.36213203435596,13.9));
#2866=CARTESIAN_POINT('',(28.7310568338998,6.78107520045614,13.9));
#2867=CARTESIAN_POINT('',(27.15,-8.15,13.9));
#2868=CARTESIAN_POINT('',(25.7,4.95,13.9));
#2869=CARTESIAN_POINT('Origin',(23.6,4.95,13.9));
#2870=CARTESIAN_POINT('',(25.7,-4.95,13.9));
#2871=CARTESIAN_POINT('Origin',(23.6,-4.95,13.9));
#2872=CARTESIAN_POINT('Origin',(27.256066017178,8.25606601717798,0.));
#2873=CARTESIAN_POINT('',(25.362132034356,10.15,0.));
#2874=CARTESIAN_POINT('',(27.15,8.36213203435597,0.));
#2875=CARTESIAN_POINT('Origin',(-19.95,10.15,0.));
#2876=CARTESIAN_POINT('',(19.95,10.15,18.9));
#2877=CARTESIAN_POINT('',(19.95,10.15,0.));
#2878=CARTESIAN_POINT('',(-12.675,10.15,18.9));
#2879=CARTESIAN_POINT('',(-6.84999999999999,10.15,16.4));
#2880=CARTESIAN_POINT('',(-6.84999999999999,10.15,10.7));
#2881=CARTESIAN_POINT('',(-6.64999999999999,10.15,16.2));
#2882=CARTESIAN_POINT('Origin',(-6.64999999999999,10.15,16.4));
#2883=CARTESIAN_POINT('',(6.95,10.15,16.2));
#2884=CARTESIAN_POINT('',(-6.475,10.15,16.2));
#2885=CARTESIAN_POINT('',(7.15,10.15,16.));
#2886=CARTESIAN_POINT('Origin',(6.95,10.15,16.));
#2887=CARTESIAN_POINT('',(7.15,10.15,9.1));
#2888=CARTESIAN_POINT('',(7.15,10.15,10.7));
#2889=CARTESIAN_POINT('',(6.95,10.15,8.9));
#2890=CARTESIAN_POINT('Origin',(6.95,10.15,9.1));
#2891=CARTESIAN_POINT('',(-6.64999999999999,10.15,8.9));
#2892=CARTESIAN_POINT('',(-13.475,10.15,8.9));
#2893=CARTESIAN_POINT('',(-6.84999999999999,10.15,8.7));
#2894=CARTESIAN_POINT('Origin',(-6.64999999999999,10.15,8.7));
#2895=CARTESIAN_POINT('',(-6.84999999999999,10.15,10.7));
#2896=CARTESIAN_POINT('Origin',(7.15,-14.45,21.4));
#2897=CARTESIAN_POINT('',(7.15,-14.45,16.1));
#2898=CARTESIAN_POINT('Origin',(6.94999999999999,-14.45,16.1));
#2899=CARTESIAN_POINT('',(6.94999999999999,-14.45,15.9));
#2900=CARTESIAN_POINT('Origin',(6.99999999999999,-14.45,15.9));
#2901=CARTESIAN_POINT('',(-6.64999999999999,-14.45,15.9));
#2902=CARTESIAN_POINT('Origin',(-6.64999999999999,-14.45,15.7));
#2903=CARTESIAN_POINT('',(-6.84999999999999,-14.45,15.7));
#2904=CARTESIAN_POINT('Origin',(-6.84999999999999,-14.45,21.4));
#2905=CARTESIAN_POINT('',(-6.84999999999999,12.6499265337748,8.7));
#2906=CARTESIAN_POINT('',(-6.84999999999999,-14.45,8.7));
#2907=CARTESIAN_POINT('',(-6.84999999999999,12.6499265337748,21.4));
#2908=CARTESIAN_POINT('Origin',(-6.64999999999999,-14.45,8.7));
#2909=CARTESIAN_POINT('',(-6.64999999999999,12.6499265337748,8.9));
#2910=CARTESIAN_POINT('',(-6.64999999999999,-14.45,8.9));
#2911=CARTESIAN_POINT('Origin',(-6.64999999999999,12.6499265337748,8.7));
#2912=CARTESIAN_POINT('Origin',(-6.99999999999999,-14.45,8.9));
#2913=CARTESIAN_POINT('',(6.95,12.6499265337748,8.9));
#2914=CARTESIAN_POINT('',(6.95,-14.45,8.9));
#2915=CARTESIAN_POINT('',(16.3268976638128,12.6499265337748,8.9));
#2916=CARTESIAN_POINT('Origin',(6.95,-14.45,9.1));
#2917=CARTESIAN_POINT('',(7.15,12.6499265337748,9.1));
#2918=CARTESIAN_POINT('',(7.15,-14.45,9.1));
#2919=CARTESIAN_POINT('Origin',(6.95,12.6499265337748,9.1));
#2920=CARTESIAN_POINT('Origin',(7.15,-14.45,21.4));
#2921=CARTESIAN_POINT('',(7.15,12.6499265337748,16.));
#2922=CARTESIAN_POINT('',(7.15,-14.45,16.));
#2923=CARTESIAN_POINT('',(7.15,12.6499265337748,21.4));
#2924=CARTESIAN_POINT('Origin',(6.95,-14.45,16.));
#2925=CARTESIAN_POINT('',(6.95,12.6499265337748,16.2));
#2926=CARTESIAN_POINT('',(6.95,-14.45,16.2));
#2927=CARTESIAN_POINT('Origin',(6.95,12.6499265337748,16.));
#2928=CARTESIAN_POINT('Origin',(6.99999999999999,-14.45,16.2));
#2929=CARTESIAN_POINT('',(-6.64999999999999,12.6499265337748,16.2));
#2930=CARTESIAN_POINT('',(-6.64999999999999,-14.45,16.2));
#2931=CARTESIAN_POINT('',(16.3268976638128,12.6499265337748,16.2));
#2932=CARTESIAN_POINT('Origin',(-6.64999999999999,-14.45,16.4));
#2933=CARTESIAN_POINT('',(-6.84999999999999,12.6499265337748,16.4));
#2934=CARTESIAN_POINT('',(-6.84999999999999,-14.45,16.4));
#2935=CARTESIAN_POINT('Origin',(-6.64999999999999,12.6499265337748,16.4));
#2936=CARTESIAN_POINT('Origin',(-6.84999999999999,-14.45,16.05));
#2937=CARTESIAN_POINT('',(-6.84999999999999,-14.45,9.4));
#2938=CARTESIAN_POINT('Origin',(-6.64999999999999,-14.45,9.4));
#2939=CARTESIAN_POINT('',(-6.64999999999999,-14.45,9.2));
#2940=CARTESIAN_POINT('Origin',(6.95,-14.45,9.));
#2941=CARTESIAN_POINT('',(7.15,-14.45,9.));
#2942=CARTESIAN_POINT('',(6.95,-14.45,9.2));
#2943=CARTESIAN_POINT('Origin',(7.15,-14.45,21.4));
#2944=CARTESIAN_POINT('',(7.15,-7.225,3.7));
#2945=CARTESIAN_POINT('Origin',(25.6537953276256,12.6499265337748,21.4));
#2946=CARTESIAN_POINT('',(-6.84999999999999,12.6499265337748,21.4));
#2947=CARTESIAN_POINT('Origin',(-6.84999999999999,-14.45,21.4));
#2948=CARTESIAN_POINT('Origin',(-6.99999999999999,-14.45,9.2));
#2949=CARTESIAN_POINT('Origin',(19.95,9.95,0.));
#2950=CARTESIAN_POINT('',(19.95,4.975,18.9));
#2951=CARTESIAN_POINT('Origin',(31.65,-4.90000000000001,3.7));
#2952=CARTESIAN_POINT('',(27.15,-4.90000000000001,3.7));
#2953=CARTESIAN_POINT('',(31.65,-4.90000000000001,3.7));
#2954=CARTESIAN_POINT('',(27.15,-4.90000000000001,8.9));
#2955=CARTESIAN_POINT('',(27.15,-4.90000000000001,1.85));
#2956=CARTESIAN_POINT('',(31.65,-4.90000000000001,8.9));
#2957=CARTESIAN_POINT('Origin',(28.4999265337748,-11.2999265337748,0.));
#2958=CARTESIAN_POINT('',(29.9999265337748,-11.2999265337748,3.7));
#2959=CARTESIAN_POINT('',(29.9999265337748,-11.2999265337748,0.));
#2960=CARTESIAN_POINT('Origin',(28.4999265337748,-11.2999265337748,3.7));
#2961=CARTESIAN_POINT('Origin',(28.4999265337748,11.2999265337748,0.));
#2962=CARTESIAN_POINT('',(29.9999265337748,11.2999265337748,0.));
#2963=CARTESIAN_POINT('Origin',(4.44089209850063E-15,3.33066907387547E-15,
18.9));
#2964=CARTESIAN_POINT('',(25.7,-4.95,18.9));
#2965=CARTESIAN_POINT('Origin',(23.6,-4.95,18.9));
#2966=CARTESIAN_POINT('',(25.7,4.95,18.9));
#2967=CARTESIAN_POINT('Origin',(23.6,4.95,18.9));
#2968=CARTESIAN_POINT('Origin',(23.6,4.95,0.));
#2969=CARTESIAN_POINT('',(25.7,4.95,0.));
#2970=CARTESIAN_POINT('Origin',(23.6,-4.95,0.));
#2971=CARTESIAN_POINT('',(25.7,-4.95,0.));
#2972=CARTESIAN_POINT('Origin',(31.65,4.9,8.9));
#2973=CARTESIAN_POINT('',(27.15,4.9,8.9));
#2974=CARTESIAN_POINT('',(31.65,4.9,8.9));
#2975=CARTESIAN_POINT('',(27.15,4.9,4.45));
#2976=CARTESIAN_POINT('Origin',(31.65,-4.90000000000001,8.9));
#2977=CARTESIAN_POINT('',(27.15,-6.52500000000001,8.9));
#2978=CARTESIAN_POINT('Origin',(27.15,-8.15,0.));
#2979=CARTESIAN_POINT('',(27.15,-4.075,3.7));
#2980=CARTESIAN_POINT('Origin',(4.44089209850063E-15,2.22044604925031E-15,
3.7));
#2981=CARTESIAN_POINT('Origin',(-28.506066017178,-11.306066017178,16.7));
#2982=CARTESIAN_POINT('',(-27.35,-8.16213203435596,16.7));
#2983=CARTESIAN_POINT('',(-25.362132034356,-10.15,16.7));
#2984=CARTESIAN_POINT('',(-25.362132034356,-10.15,16.7));
#2985=CARTESIAN_POINT('',(-29.8499265337748,-8.16213203435596,16.7));
#2986=CARTESIAN_POINT('',(-27.35,-8.16213203435596,16.7));
#2987=CARTESIAN_POINT('',(-29.8499265337748,-8.45379532762554,16.7));
#2988=CARTESIAN_POINT('',(-29.8499265337748,-1.42613534477619,16.7));
#2989=CARTESIAN_POINT('',(-25.6537953276256,-12.6499265337748,16.7));
#2990=CARTESIAN_POINT('Origin',(-28.4999265337748,-11.2999265337747,16.7));
#2991=CARTESIAN_POINT('',(-25.362132034356,-12.6499265337748,16.7));
#2992=CARTESIAN_POINT('',(-27.0799306724018,-12.6499265337748,16.7));
#2993=CARTESIAN_POINT('',(-25.362132034356,-10.15,16.7));
#2994=CARTESIAN_POINT('',(-26.9999265337748,-11.2999265337747,16.7));
#2995=CARTESIAN_POINT('Origin',(-28.4999265337748,-11.2999265337747,16.7));
#2996=CARTESIAN_POINT('Origin',(-28.506066017178,11.306066017178,16.7));
#2997=CARTESIAN_POINT('',(-25.362132034356,10.15,16.7));
#2998=CARTESIAN_POINT('',(-27.35,8.16213203435597,16.7));
#2999=CARTESIAN_POINT('',(-27.35,8.16213203435597,16.7));
#3000=CARTESIAN_POINT('',(-25.362132034356,12.6499265337748,16.7));
#3001=CARTESIAN_POINT('',(-25.362132034356,10.15,16.7));
#3002=CARTESIAN_POINT('',(-25.6537953276256,12.6499265337748,16.7));
#3003=CARTESIAN_POINT('',(-1.4261353447762,12.6499265337748,16.7));
#3004=CARTESIAN_POINT('',(-29.8499265337748,8.45379532762561,16.7));
#3005=CARTESIAN_POINT('Origin',(-28.4999265337748,11.2999265337748,16.7));
#3006=CARTESIAN_POINT('',(-29.8499265337748,8.16213203435597,16.7));
#3007=CARTESIAN_POINT('',(-29.8499265337748,9.8799306724018,16.7));
#3008=CARTESIAN_POINT('',(-27.35,8.16213203435597,16.7));
#3009=CARTESIAN_POINT('',(-26.9999265337748,11.2999265337748,16.7));
#3010=CARTESIAN_POINT('Origin',(-28.4999265337748,11.2999265337748,16.7));
#3011=CARTESIAN_POINT('Origin',(-28.4999265337748,-11.2999265337747,21.4));
#3012=CARTESIAN_POINT('',(-29.8499265337748,-8.45379532762554,3.7));
#3013=CARTESIAN_POINT('',(-29.8499265337748,-8.45379532762554,21.4));
#3014=CARTESIAN_POINT('',(-25.6537953276256,-12.6499265337748,3.7));
#3015=CARTESIAN_POINT('Origin',(-28.4999265337748,-11.2999265337747,3.7));
#3016=CARTESIAN_POINT('',(-25.6537953276256,-12.6499265337748,21.4));
#3017=CARTESIAN_POINT('Origin',(-28.4999265337748,11.2999265337748,21.4));
#3018=CARTESIAN_POINT('',(-25.6537953276256,12.6499265337748,3.7));
#3019=CARTESIAN_POINT('',(-25.6537953276256,12.6499265337748,21.4));
#3020=CARTESIAN_POINT('',(-29.8499265337748,8.45379532762561,3.7));
#3021=CARTESIAN_POINT('Origin',(-28.4999265337748,11.2999265337748,3.7));
#3022=CARTESIAN_POINT('',(-29.8499265337748,8.45379532762561,21.4));
#3023=CARTESIAN_POINT('Origin',(-29.8499265337748,8.45379532762561,21.4));
#3024=CARTESIAN_POINT('',(-29.8499265337748,-8.16213203435596,21.4));
#3025=CARTESIAN_POINT('',(-29.8499265337748,-8.16213203435597,21.4));
#3026=CARTESIAN_POINT('',(-29.8499265337748,8.16213203435597,21.4));
#3027=CARTESIAN_POINT('',(-29.8499265337748,4.22689766381281,21.4));
#3028=CARTESIAN_POINT('',(-29.8499265337748,8.16213203435597,21.4));
#3029=CARTESIAN_POINT('',(-29.8499265337748,4.22689766381281,3.7));
#3030=CARTESIAN_POINT('Origin',(25.6537953276256,12.6499265337748,21.4));
#3031=CARTESIAN_POINT('',(-25.362132034356,12.6499265337748,21.4));
#3032=CARTESIAN_POINT('',(-25.362132034356,12.6499265337748,21.4));
#3033=CARTESIAN_POINT('',(-7.15,12.6499265337748,21.4));
#3034=CARTESIAN_POINT('',(12.8268976638128,12.6499265337748,21.4));
#3035=CARTESIAN_POINT('',(-7.15,12.6499265337748,16.1));
#3036=CARTESIAN_POINT('',(-7.15,12.6499265337748,21.4));
#3037=CARTESIAN_POINT('',(-6.95,12.6499265337748,15.9));
#3038=CARTESIAN_POINT('Origin',(-6.95,12.6499265337748,16.1));
#3039=CARTESIAN_POINT('',(6.64999999999999,12.6499265337748,15.9));
#3040=CARTESIAN_POINT('',(9.32689766381278,12.6499265337748,15.9));
#3041=CARTESIAN_POINT('',(6.84999999999999,12.6499265337748,15.7));
#3042=CARTESIAN_POINT('Origin',(6.64999999999999,12.6499265337748,15.7));
#3043=CARTESIAN_POINT('',(6.84999999999999,12.6499265337748,9.4));
#3044=CARTESIAN_POINT('',(6.84999999999999,12.6499265337748,21.4));
#3045=CARTESIAN_POINT('',(6.64999999999999,12.6499265337748,9.2));
#3046=CARTESIAN_POINT('Origin',(6.64999999999999,12.6499265337748,9.4));
#3047=CARTESIAN_POINT('',(-6.95,12.6499265337748,9.2));
#3048=CARTESIAN_POINT('',(9.32689766381278,12.6499265337748,9.2));
#3049=CARTESIAN_POINT('',(-7.15,12.6499265337748,9.));
#3050=CARTESIAN_POINT('Origin',(-6.95,12.6499265337748,9.));
#3051=CARTESIAN_POINT('',(-7.15,12.6499265337748,3.7));
#3052=CARTESIAN_POINT('',(-7.15,12.6499265337748,21.4));
#3053=CARTESIAN_POINT('',(12.8268976638128,12.6499265337748,3.7));
#3054=CARTESIAN_POINT('Origin',(-25.362132034356,12.6499265337748,21.4));
#3055=CARTESIAN_POINT('',(-25.362132034356,10.15,21.4));
#3056=CARTESIAN_POINT('',(-25.362132034356,6.32496326688739,21.4));
#3057=CARTESIAN_POINT('',(-25.362132034356,10.15,18.9));
#3058=CARTESIAN_POINT('',(-25.362132034356,10.15,21.4));
#3059=CARTESIAN_POINT('',(-25.362132034356,10.15,9.45));
#3060=CARTESIAN_POINT('Origin',(-27.35,8.16213203435597,21.4));
#3061=CARTESIAN_POINT('',(-27.35,8.16213203435597,21.4));
#3062=CARTESIAN_POINT('',(-13.675,8.16213203435597,21.4));
#3063=CARTESIAN_POINT('',(-27.35,8.16213203435597,18.9));
#3064=CARTESIAN_POINT('',(-27.35,8.16213203435596,18.9));
#3065=CARTESIAN_POINT('',(-27.35,8.16213203435597,21.4));
#3066=CARTESIAN_POINT('Origin',(-25.362132034356,10.15,21.4));
#3067=CARTESIAN_POINT('',(-22.506066017178,13.006066017178,18.9));
#3068=CARTESIAN_POINT('Origin',(-29.8499265337748,-8.16213203435596,21.4));
#3069=CARTESIAN_POINT('',(-27.35,-8.16213203435596,21.4));
#3070=CARTESIAN_POINT('',(-14.9249632668874,-8.16213203435596,21.4));
#3071=CARTESIAN_POINT('',(-27.35,-8.16213203435596,18.9));
#3072=CARTESIAN_POINT('',(-27.35,-8.16213203435596,21.4));
#3073=CARTESIAN_POINT('',(-27.35,-8.16213203435596,18.9));
#3074=CARTESIAN_POINT('Origin',(-25.362132034356,-10.15,21.4));
#3075=CARTESIAN_POINT('',(-25.362132034356,-10.15,21.4));
#3076=CARTESIAN_POINT('',(-25.362132034356,-12.6499265337748,21.4));
#3077=CARTESIAN_POINT('',(-25.362132034356,-5.075,21.4));
#3078=CARTESIAN_POINT('',(-25.362132034356,-10.15,18.9));
#3079=CARTESIAN_POINT('',(-25.362132034356,-10.15,9.45));
#3080=CARTESIAN_POINT('',(-25.362132034356,-10.15,21.4));
#3081=CARTESIAN_POINT('',(-25.362132034356,-12.6499265337748,21.4));
#3082=CARTESIAN_POINT('Origin',(-27.35,-8.16213203435596,21.4));
#3083=CARTESIAN_POINT('',(-21.606066017178,-13.906066017178,18.9));
#3084=CARTESIAN_POINT('Origin',(4.44089209850063E-15,2.22044604925031E-15,
21.4));
#3085=CARTESIAN_POINT('',(-7.15,10.15,21.4));
#3086=CARTESIAN_POINT('',(-9.975,10.15,21.4));
#3087=CARTESIAN_POINT('',(-7.15,-7.225,21.4));
#3088=CARTESIAN_POINT('Origin',(4.44089209850063E-15,2.22044604925031E-15,
21.4));
#3089=CARTESIAN_POINT('',(6.85,-12.6499265337748,21.4));
#3090=CARTESIAN_POINT('',(-12.8268976638128,-12.6499265337748,21.4));
#3091=CARTESIAN_POINT('',(6.84999999999999,-10.15,21.4));
#3092=CARTESIAN_POINT('',(6.85,-7.225,21.4));
#3093=CARTESIAN_POINT('',(9.975,-10.15,21.4));
#3094=CARTESIAN_POINT('Origin',(-19.95,10.15,0.));
#3095=CARTESIAN_POINT('',(-25.362132034356,10.15,13.9));
#3096=CARTESIAN_POINT('',(-19.95,10.15,13.9));
#3097=CARTESIAN_POINT('',(-19.95,10.15,13.9));
#3098=CARTESIAN_POINT('',(-25.362132034356,10.15,3.7));
#3099=CARTESIAN_POINT('',(-25.362132034356,10.15,0.));
#3100=CARTESIAN_POINT('',(-7.15,10.15,3.7));
#3101=CARTESIAN_POINT('',(-9.975,10.15,3.7));
#3102=CARTESIAN_POINT('',(-7.15,10.15,9.));
#3103=CARTESIAN_POINT('',(-7.15,10.15,10.7));
#3104=CARTESIAN_POINT('',(-6.95,10.15,9.2));
#3105=CARTESIAN_POINT('Origin',(-6.95,10.15,9.));
#3106=CARTESIAN_POINT('',(6.64999999999999,10.15,9.2));
#3107=CARTESIAN_POINT('',(-13.475,10.15,9.2));
#3108=CARTESIAN_POINT('',(6.84999999999999,10.15,9.4));
#3109=CARTESIAN_POINT('Origin',(6.64999999999999,10.15,9.4));
#3110=CARTESIAN_POINT('',(6.84999999999999,10.15,15.7));
#3111=CARTESIAN_POINT('',(6.84999999999999,10.15,10.7));
#3112=CARTESIAN_POINT('',(6.64999999999999,10.15,15.9));
#3113=CARTESIAN_POINT('Origin',(6.64999999999999,10.15,15.7));
#3114=CARTESIAN_POINT('',(-6.95,10.15,15.9));
#3115=CARTESIAN_POINT('',(-6.475,10.15,15.9));
#3116=CARTESIAN_POINT('',(-7.15,10.15,16.1));
#3117=CARTESIAN_POINT('Origin',(-6.95,10.15,16.1));
#3118=CARTESIAN_POINT('',(-7.15,10.15,10.7));
#3119=CARTESIAN_POINT('',(-19.95,10.15,18.9));
#3120=CARTESIAN_POINT('',(-12.675,10.15,18.9));
#3121=CARTESIAN_POINT('',(-19.95,10.15,0.));
#3122=CARTESIAN_POINT('Origin',(-25.456066017178,10.056066017178,0.));
#3123=CARTESIAN_POINT('',(-27.15,8.36213203435597,13.9));
#3124=CARTESIAN_POINT('',(-27.493566017178,8.01856601717799,13.9));
#3125=CARTESIAN_POINT('',(-27.15,8.36213203435597,3.7));
#3126=CARTESIAN_POINT('',(-27.15,8.36213203435597,0.));
#3127=CARTESIAN_POINT('',(-21.606066017178,13.906066017178,3.7));
#3128=CARTESIAN_POINT('Origin',(4.44089209850063E-15,2.22044604925031E-15,
21.4));
#3129=CARTESIAN_POINT('',(-27.35,-4.075,21.4));
#3130=CARTESIAN_POINT('Origin',(-27.35,-8.15,18.9));
#3131=CARTESIAN_POINT('',(-27.35,-4.075,18.9));
#3132=CARTESIAN_POINT('Origin',(4.44089209850063E-15,2.22044604925031E-15,
3.7));
#3133=CARTESIAN_POINT('',(-27.15,-8.36213203435596,3.7));
#3134=CARTESIAN_POINT('',(-27.15,4.075,3.7));
#3135=CARTESIAN_POINT('',(-25.362132034356,-10.15,3.7));
#3136=CARTESIAN_POINT('',(-22.506066017178,-13.006066017178,3.7));
#3137=CARTESIAN_POINT('',(6.85,-10.15,3.7));
#3138=CARTESIAN_POINT('',(9.975,-10.15,3.7));
#3139=CARTESIAN_POINT('',(6.85,-12.6499265337748,3.7));
#3140=CARTESIAN_POINT('',(6.84999999999999,-7.225,3.7));
#3141=CARTESIAN_POINT('',(-12.8268976638128,-12.6499265337748,3.7));
#3142=CARTESIAN_POINT('',(-7.15,-7.225,3.7));
#3143=CARTESIAN_POINT('',(-26.9999265337748,11.2999265337748,3.7));
#3144=CARTESIAN_POINT('Origin',(-28.4999265337748,11.2999265337748,3.7));
#3145=CARTESIAN_POINT('',(-26.9999265337748,-11.2999265337747,3.7));
#3146=CARTESIAN_POINT('Origin',(-28.4999265337748,-11.2999265337747,3.7));
#3147=CARTESIAN_POINT('Origin',(-23.55,-4.44089209850063E-15,13.9));
#3148=CARTESIAN_POINT('',(-19.95,-10.15,13.9));
#3149=CARTESIAN_POINT('',(-19.95,9.95,13.9));
#3150=CARTESIAN_POINT('',(-25.362132034356,-10.15,13.9));
#3151=CARTESIAN_POINT('',(-25.35,-10.15,13.9));
#3152=CARTESIAN_POINT('',(-27.15,-8.36213203435596,13.9));
#3153=CARTESIAN_POINT('',(-28.393566017178,-7.11856601717797,13.9));
#3154=CARTESIAN_POINT('',(-27.15,8.15,13.9));
#3155=CARTESIAN_POINT('',(-21.5,-4.95,13.9));
#3156=CARTESIAN_POINT('Origin',(-23.6,-4.95,13.9));
#3157=CARTESIAN_POINT('',(-21.5,4.95,13.9));
#3158=CARTESIAN_POINT('Origin',(-23.6,4.95,13.9));
#3159=CARTESIAN_POINT('Origin',(-27.256066017178,-8.25606601717798,0.));
#3160=CARTESIAN_POINT('',(-25.362132034356,-10.15,0.));
#3161=CARTESIAN_POINT('',(-27.15,-8.36213203435596,0.));
#3162=CARTESIAN_POINT('Origin',(19.95,-10.15,0.));
#3163=CARTESIAN_POINT('',(-19.95,-10.15,18.9));
#3164=CARTESIAN_POINT('',(-19.95,-10.15,0.));
#3165=CARTESIAN_POINT('',(12.675,-10.15,18.9));
#3166=CARTESIAN_POINT('',(6.85,-10.15,16.4));
#3167=CARTESIAN_POINT('',(6.85,-10.15,10.7));
#3168=CARTESIAN_POINT('',(6.65,-10.15,16.2));
#3169=CARTESIAN_POINT('Origin',(6.65,-10.15,16.4));
#3170=CARTESIAN_POINT('',(-6.95,-10.15,16.2));
#3171=CARTESIAN_POINT('',(13.475,-10.15,16.2));
#3172=CARTESIAN_POINT('',(-7.15,-10.15,16.));
#3173=CARTESIAN_POINT('Origin',(-6.95,-10.15,16.));
#3174=CARTESIAN_POINT('',(-7.15,-10.15,9.1));
#3175=CARTESIAN_POINT('',(-7.15,-10.15,10.7));
#3176=CARTESIAN_POINT('',(-6.95,-10.15,8.9));
#3177=CARTESIAN_POINT('Origin',(-6.95,-10.15,9.1));
#3178=CARTESIAN_POINT('',(6.64999999999999,-10.15,8.9));
#3179=CARTESIAN_POINT('',(6.475,-10.15,8.9));
#3180=CARTESIAN_POINT('',(6.84999999999999,-10.15,8.7));
#3181=CARTESIAN_POINT('Origin',(6.64999999999999,-10.15,8.7));
#3182=CARTESIAN_POINT('',(6.84999999999999,-10.15,10.7));
#3183=CARTESIAN_POINT('Origin',(6.84999999999999,-14.45,21.4));
#3184=CARTESIAN_POINT('',(6.84999999999999,-12.6499265337748,8.7));
#3185=CARTESIAN_POINT('',(6.84999999999999,-14.45,8.7));
#3186=CARTESIAN_POINT('',(6.84999999999999,-12.6499265337748,21.4));
#3187=CARTESIAN_POINT('Origin',(6.64999999999999,-14.45,8.7));
#3188=CARTESIAN_POINT('',(6.64999999999999,-12.6499265337748,8.9));
#3189=CARTESIAN_POINT('',(6.64999999999999,-14.45,8.9));
#3190=CARTESIAN_POINT('Origin',(6.64999999999999,-12.6499265337748,8.7));
#3191=CARTESIAN_POINT('Origin',(-7.15,-14.45,21.4));
#3192=CARTESIAN_POINT('',(-7.15,-14.45,16.1));
#3193=CARTESIAN_POINT('Origin',(-6.95,-14.45,16.1));
#3194=CARTESIAN_POINT('',(-6.95,-14.45,15.9));
#3195=CARTESIAN_POINT('Origin',(6.99999999999999,-14.45,15.9));
#3196=CARTESIAN_POINT('',(6.64999999999999,-14.45,15.9));
#3197=CARTESIAN_POINT('Origin',(6.64999999999999,-14.45,15.7));
#3198=CARTESIAN_POINT('',(6.84999999999999,-14.45,15.7));
#3199=CARTESIAN_POINT('Origin',(-6.95,-14.45,9.));
#3200=CARTESIAN_POINT('',(-7.15,-14.45,9.));
#3201=CARTESIAN_POINT('',(-6.95,-14.45,9.2));
#3202=CARTESIAN_POINT('Origin',(-7.15,-14.45,21.4));
#3203=CARTESIAN_POINT('Origin',(6.84999999999999,-14.45,21.4));
#3204=CARTESIAN_POINT('',(6.84999999999999,-14.45,9.4));
#3205=CARTESIAN_POINT('Origin',(6.64999999999999,-14.45,9.4));
#3206=CARTESIAN_POINT('',(6.64999999999999,-14.45,9.2));
#3207=CARTESIAN_POINT('Origin',(-6.99999999999999,-14.45,8.9));
#3208=CARTESIAN_POINT('',(-6.95,-12.6499265337748,8.9));
#3209=CARTESIAN_POINT('',(-6.95,-14.45,8.9));
#3210=CARTESIAN_POINT('',(-16.3268976638128,-12.6499265337748,8.9));
#3211=CARTESIAN_POINT('Origin',(6.65,-14.45,16.4));
#3212=CARTESIAN_POINT('',(6.85,-12.6499265337748,16.4));
#3213=CARTESIAN_POINT('',(6.85,-14.45,16.4));
#3214=CARTESIAN_POINT('',(6.65,-12.6499265337748,16.2));
#3215=CARTESIAN_POINT('Origin',(6.65,-12.6499265337748,16.4));
#3216=CARTESIAN_POINT('',(6.65,-14.45,16.2));
#3217=CARTESIAN_POINT('Origin',(6.99999999999999,-14.45,16.2));
#3218=CARTESIAN_POINT('',(-6.95,-12.6499265337748,16.2));
#3219=CARTESIAN_POINT('',(-16.3268976638128,-12.6499265337748,16.2));
#3220=CARTESIAN_POINT('',(-6.95,-14.45,16.2));
#3221=CARTESIAN_POINT('Origin',(-6.95,-14.45,16.));
#3222=CARTESIAN_POINT('',(-7.15,-12.6499265337748,16.));
#3223=CARTESIAN_POINT('Origin',(-6.95,-12.6499265337748,16.));
#3224=CARTESIAN_POINT('',(-7.15,-14.45,16.));
#3225=CARTESIAN_POINT('Origin',(-7.15,-14.45,21.4));
#3226=CARTESIAN_POINT('',(-7.15,-12.6499265337748,9.1));
#3227=CARTESIAN_POINT('',(-7.15,-12.6499265337748,21.4));
#3228=CARTESIAN_POINT('',(-7.15,-14.45,9.1));
#3229=CARTESIAN_POINT('Origin',(-6.95,-14.45,9.1));
#3230=CARTESIAN_POINT('Origin',(-6.95,-12.6499265337748,9.1));
#3231=CARTESIAN_POINT('Origin',(6.85,-14.45,21.4));
#3232=CARTESIAN_POINT('',(6.85,-12.6499265337748,21.4));
#3233=CARTESIAN_POINT('Origin',(-25.6537953276256,-12.6499265337748,21.4));
#3234=CARTESIAN_POINT('Origin',(-6.99999999999999,-14.45,9.2));
#3235=CARTESIAN_POINT('Origin',(-27.15,8.15,0.));
#3236=CARTESIAN_POINT('Origin',(-19.95,-9.95,0.));
#3237=CARTESIAN_POINT('',(-19.95,-4.975,18.9));
#3238=CARTESIAN_POINT('Origin',(4.44089209850063E-15,3.33066907387547E-15,
18.9));
#3239=CARTESIAN_POINT('',(-21.5,-4.95,18.9));
#3240=CARTESIAN_POINT('Origin',(-23.6,-4.95,18.9));
#3241=CARTESIAN_POINT('',(-21.5,4.95,18.9));
#3242=CARTESIAN_POINT('Origin',(-23.6,4.95,18.9));
#3243=CARTESIAN_POINT('Origin',(-28.4999265337748,-11.2999265337747,0.));
#3244=CARTESIAN_POINT('',(-26.9999265337748,-11.2999265337747,0.));
#3245=CARTESIAN_POINT('Origin',(-23.6,4.95,0.));
#3246=CARTESIAN_POINT('',(-21.5,4.95,0.));
#3247=CARTESIAN_POINT('Origin',(-23.6,-4.95,0.));
#3248=CARTESIAN_POINT('',(-21.5,-4.95,0.));
#3249=CARTESIAN_POINT('Origin',(-28.4999265337748,11.2999265337748,0.));
#3250=CARTESIAN_POINT('',(-26.9999265337748,11.2999265337748,0.));
#3251=UNCERTAINTY_MEASURE_WITH_UNIT(LENGTH_MEASURE(0.01),#3255,
'DISTANCE_ACCURACY_VALUE',
'Maximum model space distance between geometric entities at asserted c
onnectivities');
#3252=UNCERTAINTY_MEASURE_WITH_UNIT(LENGTH_MEASURE(0.01),#3255,
'DISTANCE_ACCURACY_VALUE',
'Maximum model space distance between geometric entities at asserted c
onnectivities');
#3253=(
GEOMETRIC_REPRESENTATION_CONTEXT(3)
GLOBAL_UNCERTAINTY_ASSIGNED_CONTEXT((#3251))
GLOBAL_UNIT_ASSIGNED_CONTEXT((#3255,#3257,#3258))
REPRESENTATION_CONTEXT('','3D')
);
#3254=(
GEOMETRIC_REPRESENTATION_CONTEXT(3)
GLOBAL_UNCERTAINTY_ASSIGNED_CONTEXT((#3252))
GLOBAL_UNIT_ASSIGNED_CONTEXT((#3255,#3257,#3258))
REPRESENTATION_CONTEXT('','3D')
);
#3255=(
LENGTH_UNIT()
NAMED_UNIT(*)
SI_UNIT(.MILLI.,.METRE.)
);
#3256=(
LENGTH_UNIT()
NAMED_UNIT(*)
SI_UNIT($,.METRE.)
);
#3257=(
NAMED_UNIT(*)
PLANE_ANGLE_UNIT()
SI_UNIT($,.RADIAN.)
);
#3258=(
NAMED_UNIT(*)
SI_UNIT($,.STERADIAN.)
SOLID_ANGLE_UNIT()
);
#3259=SHAPE_DEFINITION_REPRESENTATION(#3260,#3261);
#3260=PRODUCT_DEFINITION_SHAPE('',$,#3263);
#3261=SHAPE_REPRESENTATION('',(#1991),#3253);
#3262=PRODUCT_DEFINITION_CONTEXT('part definition',#3267,'design');
#3263=PRODUCT_DEFINITION('2026-07-19-13-51-00-515',
'\X2\221A\X0\beta3\X2\8235673A56FA5B9A652F67B6FF08\X0\-3.7mm\X2\300151CF91CDFF09\X0\',
#3264,#3262);
#3264=PRODUCT_DEFINITION_FORMATION('',$,#3269);
#3265=PRODUCT_RELATED_PRODUCT_CATEGORY(
'\X2\221A\X0\beta3\X2\8235673A56FA5B9A652F67B6FF08\X0\-3.7mm\X2\300151CF91CDFF09\X0\',
'\X2\221A\X0\beta3\X2\8235673A56FA5B9A652F67B6FF08\X0\-3.7mm\X2\300151CF91CDFF09\X0\',
(#3269));
#3266=APPLICATION_PROTOCOL_DEFINITION('international standard',
'automotive_design',2009,#3267);
#3267=APPLICATION_CONTEXT(
'Core Data for Automotive Mechanical Design Process');
#3268=PRODUCT_CONTEXT('part definition',#3267,'mechanical');
#3269=PRODUCT('2026-07-19-13-51-00-515',
'\X2\221A\X0\beta3\X2\8235673A56FA5B9A652F67B6FF08\X0\-3.7mm\X2\300151CF91CDFF09\X0\',
$,(#3268));
#3270=PRESENTATION_STYLE_ASSIGNMENT((#3271));
#3271=SURFACE_STYLE_USAGE(.BOTH.,#3272);
#3272=SURFACE_SIDE_STYLE('',(#3273));
#3273=SURFACE_STYLE_FILL_AREA(#3274);
#3274=FILL_AREA_STYLE('\X2\94A2\X0\ - \X2\7F0E5149\X0\',(#3275));
#3275=FILL_AREA_STYLE_COLOUR('\X2\94A2\X0\ - \X2\7F0E5149\X0\',#3276);
#3276=COLOUR_RGB('\X2\94A2\X0\ - \X2\7F0E5149\X0\',0.627450980392157,0.627450980392157,
0.627450980392157);
ENDSEC;
END-ISO-10303-21;
