ISO-10303-21;
HEADER;
/* Generated by software containing ST-Developer
 * from STEP Tools, Inc. (www.steptools.com) 
 */

FILE_DESCRIPTION(
/* description */ (''),
/* implementation_level */ '2;1');

FILE_NAME(
/* name */ '',
/* time_stamp */ '2026-08-11T12:12:23+09:00',
/* author */ (''),
/* organization */ (''),
/* preprocessor_version */ 'ST-DEVELOPER v20.1',
/* originating_system */ 'Autodesk Translation Framework v15.8.0.0',
/* authorisation */ '');

FILE_SCHEMA (('AUTOMOTIVE_DESIGN { 1 0 10303 214 3 1 1 }'));
ENDSEC;

DATA;
#10=MECHANICAL_DESIGN_GEOMETRIC_PRESENTATION_REPRESENTATION('',(#13,#14,
#15,#16,#17),#6313);
#11=SHAPE_REPRESENTATION_RELATIONSHIP('SRR','None',#6320,#12);
#12=ADVANCED_BREP_SHAPE_REPRESENTATION('',(#18,#19,#20,#21,#22),#6312);
#13=STYLED_ITEM('',(#6329),#18);
#14=STYLED_ITEM('',(#6329),#19);
#15=STYLED_ITEM('',(#6329),#20);
#16=STYLED_ITEM('',(#6329),#21);
#17=STYLED_ITEM('',(#6329),#22);
#18=MANIFOLD_SOLID_BREP('\X2\5B9E4F53\X0\1',#3831);
#19=MANIFOLD_SOLID_BREP('\X2\5B9E4F53\X0\2',#3832);
#20=MANIFOLD_SOLID_BREP('\X2\5B9E4F53\X0\3',#3833);
#21=MANIFOLD_SOLID_BREP('\X2\5B9E4F53\X0\4',#3834);
#22=MANIFOLD_SOLID_BREP('\X2\5B9E4F53\X0\5',#3835);
#23=CIRCLE('',#3870,0.900000000000001);
#24=CIRCLE('',#3871,0.900000000000001);
#25=CIRCLE('',#3875,0.900000000000001);
#26=CIRCLE('',#3876,0.900000000000001);
#27=CIRCLE('',#3893,3.2);
#28=CIRCLE('',#3894,1.9);
#29=CIRCLE('',#3895,3.2);
#30=CIRCLE('',#3896,3.2);
#31=CIRCLE('',#3897,1.9);
#32=CIRCLE('',#3898,3.2);
#33=CIRCLE('',#3899,3.19999999999999);
#34=CIRCLE('',#3900,3.19999999999999);
#35=CIRCLE('',#3901,2.);
#36=CIRCLE('',#3902,2.);
#37=CIRCLE('',#3903,2.);
#38=CIRCLE('',#3904,2.);
#39=CIRCLE('',#3905,2.);
#40=CIRCLE('',#3906,2.);
#41=CIRCLE('',#3908,2.);
#42=CIRCLE('',#3910,2.);
#43=CIRCLE('',#3912,2.);
#44=CIRCLE('',#3914,2.);
#45=CIRCLE('',#3916,2.);
#46=CIRCLE('',#3918,2.);
#47=CIRCLE('',#3921,1.9);
#48=CIRCLE('',#3924,3.2);
#49=CIRCLE('',#3927,3.2);
#50=CIRCLE('',#3930,1.9);
#51=CIRCLE('',#3933,3.2);
#52=CIRCLE('',#3936,3.19999999999999);
#53=CIRCLE('',#3939,3.19999999999999);
#54=CIRCLE('',#3942,3.2);
#55=CIRCLE('',#3950,3.5);
#56=CIRCLE('',#3951,1.6);
#57=CIRCLE('',#3952,3.5);
#58=CIRCLE('',#3953,3.49999999999999);
#59=CIRCLE('',#3954,3.49999999999999);
#60=CIRCLE('',#3955,3.5);
#61=CIRCLE('',#3956,1.6);
#62=CIRCLE('',#3957,3.5);
#63=CIRCLE('',#3958,1.7);
#64=CIRCLE('',#3959,1.7);
#65=CIRCLE('',#3960,1.7);
#66=CIRCLE('',#3961,1.7);
#67=CIRCLE('',#3962,1.7);
#68=CIRCLE('',#3963,1.7);
#69=CIRCLE('',#3965,1.7);
#70=CIRCLE('',#3967,1.7);
#71=CIRCLE('',#3969,1.7);
#72=CIRCLE('',#3971,1.7);
#73=CIRCLE('',#3973,1.7);
#74=CIRCLE('',#3975,1.7);
#75=CIRCLE('',#3978,1.6);
#76=CIRCLE('',#3981,3.5);
#77=CIRCLE('',#3984,3.5);
#78=CIRCLE('',#3987,1.6);
#79=CIRCLE('',#3990,3.5);
#80=CIRCLE('',#3993,3.49999999999999);
#81=CIRCLE('',#3996,3.49999999999999);
#82=CIRCLE('',#3999,3.5);
#83=CIRCLE('',#4018,1.);
#84=CIRCLE('',#4019,1.);
#85=CIRCLE('',#4023,1.);
#86=CIRCLE('',#4024,1.);
#87=CIRCLE('',#4041,3.1);
#88=CIRCLE('',#4042,3.09999999999999);
#89=CIRCLE('',#4043,3.09999999999999);
#90=CIRCLE('',#4044,3.1);
#91=CIRCLE('',#4045,2.);
#92=CIRCLE('',#4046,3.1);
#93=CIRCLE('',#4047,3.1);
#94=CIRCLE('',#4048,2.);
#95=CIRCLE('',#4049,2.1);
#96=CIRCLE('',#4050,2.1);
#97=CIRCLE('',#4051,2.1);
#98=CIRCLE('',#4052,2.1);
#99=CIRCLE('',#4053,2.1);
#100=CIRCLE('',#4054,2.1);
#101=CIRCLE('',#4056,2.1);
#102=CIRCLE('',#4058,2.1);
#103=CIRCLE('',#4060,2.1);
#104=CIRCLE('',#4062,2.1);
#105=CIRCLE('',#4064,2.1);
#106=CIRCLE('',#4066,2.1);
#107=CIRCLE('',#4069,2.);
#108=CIRCLE('',#4072,3.1);
#109=CIRCLE('',#4075,3.1);
#110=CIRCLE('',#4078,2.);
#111=CIRCLE('',#4081,3.1);
#112=CIRCLE('',#4084,3.09999999999999);
#113=CIRCLE('',#4087,3.09999999999999);
#114=CIRCLE('',#4090,3.1);
#115=CIRCLE('',#4098,3.6);
#116=CIRCLE('',#4099,1.5);
#117=CIRCLE('',#4100,3.6);
#118=CIRCLE('',#4101,3.59999999999999);
#119=CIRCLE('',#4102,3.59999999999999);
#120=CIRCLE('',#4103,3.6);
#121=CIRCLE('',#4104,1.5);
#122=CIRCLE('',#4105,3.6);
#123=CIRCLE('',#4106,1.6);
#124=CIRCLE('',#4107,1.6);
#125=CIRCLE('',#4108,1.6);
#126=CIRCLE('',#4109,1.6);
#127=CIRCLE('',#4110,1.6);
#128=CIRCLE('',#4111,1.6);
#129=CIRCLE('',#4113,1.6);
#130=CIRCLE('',#4115,1.6);
#131=CIRCLE('',#4117,1.6);
#132=CIRCLE('',#4119,1.6);
#133=CIRCLE('',#4121,1.6);
#134=CIRCLE('',#4123,1.6);
#135=CIRCLE('',#4126,1.5);
#136=CIRCLE('',#4129,3.6);
#137=CIRCLE('',#4132,3.6);
#138=CIRCLE('',#4135,1.5);
#139=CIRCLE('',#4138,3.6);
#140=CIRCLE('',#4141,3.59999999999999);
#141=CIRCLE('',#4144,3.59999999999999);
#142=CIRCLE('',#4147,3.6);
#143=CYLINDRICAL_SURFACE('',#3869,0.900000000000001);
#144=CYLINDRICAL_SURFACE('',#3874,0.900000000000001);
#145=CYLINDRICAL_SURFACE('',#3907,2.);
#146=CYLINDRICAL_SURFACE('',#3909,2.);
#147=CYLINDRICAL_SURFACE('',#3911,2.);
#148=CYLINDRICAL_SURFACE('',#3913,2.);
#149=CYLINDRICAL_SURFACE('',#3915,2.);
#150=CYLINDRICAL_SURFACE('',#3917,2.);
#151=CYLINDRICAL_SURFACE('',#3920,1.9);
#152=CYLINDRICAL_SURFACE('',#3923,3.2);
#153=CYLINDRICAL_SURFACE('',#3926,3.2);
#154=CYLINDRICAL_SURFACE('',#3929,1.9);
#155=CYLINDRICAL_SURFACE('',#3932,3.2);
#156=CYLINDRICAL_SURFACE('',#3935,3.19999999999999);
#157=CYLINDRICAL_SURFACE('',#3938,3.19999999999999);
#158=CYLINDRICAL_SURFACE('',#3941,3.2);
#159=CYLINDRICAL_SURFACE('',#3964,1.7);
#160=CYLINDRICAL_SURFACE('',#3966,1.7);
#161=CYLINDRICAL_SURFACE('',#3968,1.7);
#162=CYLINDRICAL_SURFACE('',#3970,1.7);
#163=CYLINDRICAL_SURFACE('',#3972,1.7);
#164=CYLINDRICAL_SURFACE('',#3974,1.7);
#165=CYLINDRICAL_SURFACE('',#3977,1.6);
#166=CYLINDRICAL_SURFACE('',#3980,3.5);
#167=CYLINDRICAL_SURFACE('',#3983,3.5);
#168=CYLINDRICAL_SURFACE('',#3986,1.6);
#169=CYLINDRICAL_SURFACE('',#3989,3.5);
#170=CYLINDRICAL_SURFACE('',#3992,3.49999999999999);
#171=CYLINDRICAL_SURFACE('',#3995,3.49999999999999);
#172=CYLINDRICAL_SURFACE('',#3998,3.5);
#173=CYLINDRICAL_SURFACE('',#4017,1.);
#174=CYLINDRICAL_SURFACE('',#4022,1.);
#175=CYLINDRICAL_SURFACE('',#4055,2.1);
#176=CYLINDRICAL_SURFACE('',#4057,2.1);
#177=CYLINDRICAL_SURFACE('',#4059,2.1);
#178=CYLINDRICAL_SURFACE('',#4061,2.1);
#179=CYLINDRICAL_SURFACE('',#4063,2.1);
#180=CYLINDRICAL_SURFACE('',#4065,2.1);
#181=CYLINDRICAL_SURFACE('',#4068,2.);
#182=CYLINDRICAL_SURFACE('',#4071,3.1);
#183=CYLINDRICAL_SURFACE('',#4074,3.1);
#184=CYLINDRICAL_SURFACE('',#4077,2.);
#185=CYLINDRICAL_SURFACE('',#4080,3.1);
#186=CYLINDRICAL_SURFACE('',#4083,3.09999999999999);
#187=CYLINDRICAL_SURFACE('',#4086,3.09999999999999);
#188=CYLINDRICAL_SURFACE('',#4089,3.1);
#189=CYLINDRICAL_SURFACE('',#4112,1.6);
#190=CYLINDRICAL_SURFACE('',#4114,1.6);
#191=CYLINDRICAL_SURFACE('',#4116,1.6);
#192=CYLINDRICAL_SURFACE('',#4118,1.6);
#193=CYLINDRICAL_SURFACE('',#4120,1.6);
#194=CYLINDRICAL_SURFACE('',#4122,1.6);
#195=CYLINDRICAL_SURFACE('',#4125,1.5);
#196=CYLINDRICAL_SURFACE('',#4128,3.6);
#197=CYLINDRICAL_SURFACE('',#4131,3.6);
#198=CYLINDRICAL_SURFACE('',#4134,1.5);
#199=CYLINDRICAL_SURFACE('',#4137,3.6);
#200=CYLINDRICAL_SURFACE('',#4140,3.59999999999999);
#201=CYLINDRICAL_SURFACE('',#4143,3.59999999999999);
#202=CYLINDRICAL_SURFACE('',#4146,3.6);
#203=FACE_BOUND('',#491,.T.);
#204=FACE_BOUND('',#504,.T.);
#205=FACE_BOUND('',#515,.T.);
#206=FACE_BOUND('',#516,.T.);
#207=FACE_BOUND('',#517,.T.);
#208=FACE_BOUND('',#518,.T.);
#209=FACE_BOUND('',#519,.T.);
#210=FACE_BOUND('',#520,.T.);
#211=FACE_BOUND('',#544,.T.);
#212=FACE_BOUND('',#545,.T.);
#213=FACE_BOUND('',#546,.T.);
#214=FACE_BOUND('',#547,.T.);
#215=FACE_BOUND('',#548,.T.);
#216=FACE_BOUND('',#549,.T.);
#217=FACE_BOUND('',#550,.T.);
#218=FACE_BOUND('',#556,.T.);
#219=FACE_BOUND('',#558,.T.);
#220=FACE_BOUND('',#559,.T.);
#221=FACE_BOUND('',#560,.T.);
#222=FACE_BOUND('',#561,.T.);
#223=FACE_BOUND('',#562,.T.);
#224=FACE_BOUND('',#563,.T.);
#225=FACE_BOUND('',#564,.T.);
#226=FACE_BOUND('',#565,.T.);
#227=FACE_BOUND('',#589,.T.);
#228=FACE_BOUND('',#590,.T.);
#229=FACE_BOUND('',#591,.T.);
#230=FACE_BOUND('',#592,.T.);
#231=FACE_BOUND('',#593,.T.);
#232=FACE_BOUND('',#594,.T.);
#233=FACE_BOUND('',#595,.T.);
#234=FACE_BOUND('',#596,.T.);
#235=FACE_BOUND('',#597,.T.);
#236=FACE_BOUND('',#610,.T.);
#237=FACE_BOUND('',#625,.T.);
#238=FACE_BOUND('',#636,.T.);
#239=FACE_BOUND('',#637,.T.);
#240=FACE_BOUND('',#638,.T.);
#241=FACE_BOUND('',#639,.T.);
#242=FACE_BOUND('',#640,.T.);
#243=FACE_BOUND('',#641,.T.);
#244=FACE_BOUND('',#665,.T.);
#245=FACE_BOUND('',#666,.T.);
#246=FACE_BOUND('',#667,.T.);
#247=FACE_BOUND('',#668,.T.);
#248=FACE_BOUND('',#669,.T.);
#249=FACE_BOUND('',#670,.T.);
#250=FACE_BOUND('',#671,.T.);
#251=FACE_BOUND('',#677,.T.);
#252=FACE_BOUND('',#679,.T.);
#253=FACE_BOUND('',#680,.T.);
#254=FACE_BOUND('',#681,.T.);
#255=FACE_BOUND('',#682,.T.);
#256=FACE_BOUND('',#683,.T.);
#257=FACE_BOUND('',#684,.T.);
#258=FACE_BOUND('',#685,.T.);
#259=FACE_BOUND('',#686,.T.);
#260=FACE_BOUND('',#710,.T.);
#261=FACE_BOUND('',#711,.T.);
#262=FACE_BOUND('',#712,.T.);
#263=FACE_BOUND('',#713,.T.);
#264=FACE_BOUND('',#714,.T.);
#265=FACE_BOUND('',#715,.T.);
#266=FACE_BOUND('',#716,.T.);
#267=FACE_BOUND('',#717,.T.);
#268=FACE_BOUND('',#718,.T.);
#269=FACE_OUTER_BOUND('',#473,.T.);
#270=FACE_OUTER_BOUND('',#474,.T.);
#271=FACE_OUTER_BOUND('',#475,.T.);
#272=FACE_OUTER_BOUND('',#476,.T.);
#273=FACE_OUTER_BOUND('',#477,.T.);
#274=FACE_OUTER_BOUND('',#478,.T.);
#275=FACE_OUTER_BOUND('',#479,.T.);
#276=FACE_OUTER_BOUND('',#480,.T.);
#277=FACE_OUTER_BOUND('',#481,.T.);
#278=FACE_OUTER_BOUND('',#482,.T.);
#279=FACE_OUTER_BOUND('',#483,.T.);
#280=FACE_OUTER_BOUND('',#484,.T.);
#281=FACE_OUTER_BOUND('',#485,.T.);
#282=FACE_OUTER_BOUND('',#486,.T.);
#283=FACE_OUTER_BOUND('',#487,.T.);
#284=FACE_OUTER_BOUND('',#488,.T.);
#285=FACE_OUTER_BOUND('',#489,.T.);
#286=FACE_OUTER_BOUND('',#490,.T.);
#287=FACE_OUTER_BOUND('',#492,.T.);
#288=FACE_OUTER_BOUND('',#493,.T.);
#289=FACE_OUTER_BOUND('',#494,.T.);
#290=FACE_OUTER_BOUND('',#495,.T.);
#291=FACE_OUTER_BOUND('',#496,.T.);
#292=FACE_OUTER_BOUND('',#497,.T.);
#293=FACE_OUTER_BOUND('',#498,.T.);
#294=FACE_OUTER_BOUND('',#499,.T.);
#295=FACE_OUTER_BOUND('',#500,.T.);
#296=FACE_OUTER_BOUND('',#501,.T.);
#297=FACE_OUTER_BOUND('',#502,.T.);
#298=FACE_OUTER_BOUND('',#503,.T.);
#299=FACE_OUTER_BOUND('',#505,.T.);
#300=FACE_OUTER_BOUND('',#506,.T.);
#301=FACE_OUTER_BOUND('',#507,.T.);
#302=FACE_OUTER_BOUND('',#508,.T.);
#303=FACE_OUTER_BOUND('',#509,.T.);
#304=FACE_OUTER_BOUND('',#510,.T.);
#305=FACE_OUTER_BOUND('',#511,.T.);
#306=FACE_OUTER_BOUND('',#512,.T.);
#307=FACE_OUTER_BOUND('',#513,.T.);
#308=FACE_OUTER_BOUND('',#514,.T.);
#309=FACE_OUTER_BOUND('',#521,.T.);
#310=FACE_OUTER_BOUND('',#522,.T.);
#311=FACE_OUTER_BOUND('',#523,.T.);
#312=FACE_OUTER_BOUND('',#524,.T.);
#313=FACE_OUTER_BOUND('',#525,.T.);
#314=FACE_OUTER_BOUND('',#526,.T.);
#315=FACE_OUTER_BOUND('',#527,.T.);
#316=FACE_OUTER_BOUND('',#528,.T.);
#317=FACE_OUTER_BOUND('',#529,.T.);
#318=FACE_OUTER_BOUND('',#530,.T.);
#319=FACE_OUTER_BOUND('',#531,.T.);
#320=FACE_OUTER_BOUND('',#532,.T.);
#321=FACE_OUTER_BOUND('',#533,.T.);
#322=FACE_OUTER_BOUND('',#534,.T.);
#323=FACE_OUTER_BOUND('',#535,.T.);
#324=FACE_OUTER_BOUND('',#536,.T.);
#325=FACE_OUTER_BOUND('',#537,.T.);
#326=FACE_OUTER_BOUND('',#538,.T.);
#327=FACE_OUTER_BOUND('',#539,.T.);
#328=FACE_OUTER_BOUND('',#540,.T.);
#329=FACE_OUTER_BOUND('',#541,.T.);
#330=FACE_OUTER_BOUND('',#542,.T.);
#331=FACE_OUTER_BOUND('',#543,.T.);
#332=FACE_OUTER_BOUND('',#551,.T.);
#333=FACE_OUTER_BOUND('',#552,.T.);
#334=FACE_OUTER_BOUND('',#553,.T.);
#335=FACE_OUTER_BOUND('',#554,.T.);
#336=FACE_OUTER_BOUND('',#555,.T.);
#337=FACE_OUTER_BOUND('',#557,.T.);
#338=FACE_OUTER_BOUND('',#566,.T.);
#339=FACE_OUTER_BOUND('',#567,.T.);
#340=FACE_OUTER_BOUND('',#568,.T.);
#341=FACE_OUTER_BOUND('',#569,.T.);
#342=FACE_OUTER_BOUND('',#570,.T.);
#343=FACE_OUTER_BOUND('',#571,.T.);
#344=FACE_OUTER_BOUND('',#572,.T.);
#345=FACE_OUTER_BOUND('',#573,.T.);
#346=FACE_OUTER_BOUND('',#574,.T.);
#347=FACE_OUTER_BOUND('',#575,.T.);
#348=FACE_OUTER_BOUND('',#576,.T.);
#349=FACE_OUTER_BOUND('',#577,.T.);
#350=FACE_OUTER_BOUND('',#578,.T.);
#351=FACE_OUTER_BOUND('',#579,.T.);
#352=FACE_OUTER_BOUND('',#580,.T.);
#353=FACE_OUTER_BOUND('',#581,.T.);
#354=FACE_OUTER_BOUND('',#582,.T.);
#355=FACE_OUTER_BOUND('',#583,.T.);
#356=FACE_OUTER_BOUND('',#584,.T.);
#357=FACE_OUTER_BOUND('',#585,.T.);
#358=FACE_OUTER_BOUND('',#586,.T.);
#359=FACE_OUTER_BOUND('',#587,.T.);
#360=FACE_OUTER_BOUND('',#588,.T.);
#361=FACE_OUTER_BOUND('',#598,.T.);
#362=FACE_OUTER_BOUND('',#599,.T.);
#363=FACE_OUTER_BOUND('',#600,.T.);
#364=FACE_OUTER_BOUND('',#601,.T.);
#365=FACE_OUTER_BOUND('',#602,.T.);
#366=FACE_OUTER_BOUND('',#603,.T.);
#367=FACE_OUTER_BOUND('',#604,.T.);
#368=FACE_OUTER_BOUND('',#605,.T.);
#369=FACE_OUTER_BOUND('',#606,.T.);
#370=FACE_OUTER_BOUND('',#607,.T.);
#371=FACE_OUTER_BOUND('',#608,.T.);
#372=FACE_OUTER_BOUND('',#609,.T.);
#373=FACE_OUTER_BOUND('',#611,.T.);
#374=FACE_OUTER_BOUND('',#612,.T.);
#375=FACE_OUTER_BOUND('',#613,.T.);
#376=FACE_OUTER_BOUND('',#614,.T.);
#377=FACE_OUTER_BOUND('',#615,.T.);
#378=FACE_OUTER_BOUND('',#616,.T.);
#379=FACE_OUTER_BOUND('',#617,.T.);
#380=FACE_OUTER_BOUND('',#618,.T.);
#381=FACE_OUTER_BOUND('',#619,.T.);
#382=FACE_OUTER_BOUND('',#620,.T.);
#383=FACE_OUTER_BOUND('',#621,.T.);
#384=FACE_OUTER_BOUND('',#622,.T.);
#385=FACE_OUTER_BOUND('',#623,.T.);
#386=FACE_OUTER_BOUND('',#624,.T.);
#387=FACE_OUTER_BOUND('',#626,.T.);
#388=FACE_OUTER_BOUND('',#627,.T.);
#389=FACE_OUTER_BOUND('',#628,.T.);
#390=FACE_OUTER_BOUND('',#629,.T.);
#391=FACE_OUTER_BOUND('',#630,.T.);
#392=FACE_OUTER_BOUND('',#631,.T.);
#393=FACE_OUTER_BOUND('',#632,.T.);
#394=FACE_OUTER_BOUND('',#633,.T.);
#395=FACE_OUTER_BOUND('',#634,.T.);
#396=FACE_OUTER_BOUND('',#635,.T.);
#397=FACE_OUTER_BOUND('',#642,.T.);
#398=FACE_OUTER_BOUND('',#643,.T.);
#399=FACE_OUTER_BOUND('',#644,.T.);
#400=FACE_OUTER_BOUND('',#645,.T.);
#401=FACE_OUTER_BOUND('',#646,.T.);
#402=FACE_OUTER_BOUND('',#647,.T.);
#403=FACE_OUTER_BOUND('',#648,.T.);
#404=FACE_OUTER_BOUND('',#649,.T.);
#405=FACE_OUTER_BOUND('',#650,.T.);
#406=FACE_OUTER_BOUND('',#651,.T.);
#407=FACE_OUTER_BOUND('',#652,.T.);
#408=FACE_OUTER_BOUND('',#653,.T.);
#409=FACE_OUTER_BOUND('',#654,.T.);
#410=FACE_OUTER_BOUND('',#655,.T.);
#411=FACE_OUTER_BOUND('',#656,.T.);
#412=FACE_OUTER_BOUND('',#657,.T.);
#413=FACE_OUTER_BOUND('',#658,.T.);
#414=FACE_OUTER_BOUND('',#659,.T.);
#415=FACE_OUTER_BOUND('',#660,.T.);
#416=FACE_OUTER_BOUND('',#661,.T.);
#417=FACE_OUTER_BOUND('',#662,.T.);
#418=FACE_OUTER_BOUND('',#663,.T.);
#419=FACE_OUTER_BOUND('',#664,.T.);
#420=FACE_OUTER_BOUND('',#672,.T.);
#421=FACE_OUTER_BOUND('',#673,.T.);
#422=FACE_OUTER_BOUND('',#674,.T.);
#423=FACE_OUTER_BOUND('',#675,.T.);
#424=FACE_OUTER_BOUND('',#676,.T.);
#425=FACE_OUTER_BOUND('',#678,.T.);
#426=FACE_OUTER_BOUND('',#687,.T.);
#427=FACE_OUTER_BOUND('',#688,.T.);
#428=FACE_OUTER_BOUND('',#689,.T.);
#429=FACE_OUTER_BOUND('',#690,.T.);
#430=FACE_OUTER_BOUND('',#691,.T.);
#431=FACE_OUTER_BOUND('',#692,.T.);
#432=FACE_OUTER_BOUND('',#693,.T.);
#433=FACE_OUTER_BOUND('',#694,.T.);
#434=FACE_OUTER_BOUND('',#695,.T.);
#435=FACE_OUTER_BOUND('',#696,.T.);
#436=FACE_OUTER_BOUND('',#697,.T.);
#437=FACE_OUTER_BOUND('',#698,.T.);
#438=FACE_OUTER_BOUND('',#699,.T.);
#439=FACE_OUTER_BOUND('',#700,.T.);
#440=FACE_OUTER_BOUND('',#701,.T.);
#441=FACE_OUTER_BOUND('',#702,.T.);
#442=FACE_OUTER_BOUND('',#703,.T.);
#443=FACE_OUTER_BOUND('',#704,.T.);
#444=FACE_OUTER_BOUND('',#705,.T.);
#445=FACE_OUTER_BOUND('',#706,.T.);
#446=FACE_OUTER_BOUND('',#707,.T.);
#447=FACE_OUTER_BOUND('',#708,.T.);
#448=FACE_OUTER_BOUND('',#709,.T.);
#449=FACE_OUTER_BOUND('',#719,.T.);
#450=FACE_OUTER_BOUND('',#720,.T.);
#451=FACE_OUTER_BOUND('',#721,.T.);
#452=FACE_OUTER_BOUND('',#722,.T.);
#453=FACE_OUTER_BOUND('',#723,.T.);
#454=FACE_OUTER_BOUND('',#724,.T.);
#455=FACE_OUTER_BOUND('',#725,.T.);
#456=FACE_OUTER_BOUND('',#726,.T.);
#457=FACE_OUTER_BOUND('',#727,.T.);
#458=FACE_OUTER_BOUND('',#728,.T.);
#459=FACE_OUTER_BOUND('',#729,.T.);
#460=FACE_OUTER_BOUND('',#730,.T.);
#461=FACE_OUTER_BOUND('',#731,.T.);
#462=FACE_OUTER_BOUND('',#732,.T.);
#463=FACE_OUTER_BOUND('',#733,.T.);
#464=FACE_OUTER_BOUND('',#734,.T.);
#465=FACE_OUTER_BOUND('',#735,.T.);
#466=FACE_OUTER_BOUND('',#736,.T.);
#467=FACE_OUTER_BOUND('',#737,.T.);
#468=FACE_OUTER_BOUND('',#738,.T.);
#469=FACE_OUTER_BOUND('',#739,.T.);
#470=FACE_OUTER_BOUND('',#740,.T.);
#471=FACE_OUTER_BOUND('',#741,.T.);
#472=FACE_OUTER_BOUND('',#742,.T.);
#473=EDGE_LOOP('',(#2431,#2432,#2433,#2434));
#474=EDGE_LOOP('',(#2435,#2436,#2437,#2438));
#475=EDGE_LOOP('',(#2439,#2440,#2441,#2442));
#476=EDGE_LOOP('',(#2443,#2444,#2445,#2446));
#477=EDGE_LOOP('',(#2447,#2448,#2449,#2450));
#478=EDGE_LOOP('',(#2451,#2452,#2453,#2454));
#479=EDGE_LOOP('',(#2455,#2456,#2457,#2458));
#480=EDGE_LOOP('',(#2459,#2460,#2461,#2462));
#481=EDGE_LOOP('',(#2463,#2464,#2465,#2466));
#482=EDGE_LOOP('',(#2467,#2468,#2469,#2470));
#483=EDGE_LOOP('',(#2471,#2472,#2473,#2474));
#484=EDGE_LOOP('',(#2475,#2476,#2477,#2478));
#485=EDGE_LOOP('',(#2479,#2480,#2481,#2482));
#486=EDGE_LOOP('',(#2483,#2484,#2485,#2486));
#487=EDGE_LOOP('',(#2487,#2488,#2489,#2490));
#488=EDGE_LOOP('',(#2491,#2492,#2493,#2494,#2495,#2496));
#489=EDGE_LOOP('',(#2497,#2498,#2499,#2500,#2501,#2502));
#490=EDGE_LOOP('',(#2503,#2504,#2505,#2506));
#491=EDGE_LOOP('',(#2507,#2508,#2509,#2510));
#492=EDGE_LOOP('',(#2511,#2512,#2513,#2514));
#493=EDGE_LOOP('',(#2515,#2516,#2517,#2518));
#494=EDGE_LOOP('',(#2519,#2520,#2521,#2522));
#495=EDGE_LOOP('',(#2523,#2524,#2525,#2526));
#496=EDGE_LOOP('',(#2527,#2528,#2529,#2530));
#497=EDGE_LOOP('',(#2531,#2532,#2533,#2534));
#498=EDGE_LOOP('',(#2535,#2536,#2537,#2538));
#499=EDGE_LOOP('',(#2539,#2540,#2541,#2542));
#500=EDGE_LOOP('',(#2543,#2544,#2545,#2546));
#501=EDGE_LOOP('',(#2547,#2548,#2549,#2550));
#502=EDGE_LOOP('',(#2551,#2552,#2553,#2554));
#503=EDGE_LOOP('',(#2555,#2556,#2557,#2558));
#504=EDGE_LOOP('',(#2559,#2560,#2561,#2562));
#505=EDGE_LOOP('',(#2563,#2564,#2565,#2566));
#506=EDGE_LOOP('',(#2567,#2568,#2569,#2570));
#507=EDGE_LOOP('',(#2571,#2572,#2573,#2574));
#508=EDGE_LOOP('',(#2575,#2576,#2577,#2578));
#509=EDGE_LOOP('',(#2579,#2580,#2581,#2582));
#510=EDGE_LOOP('',(#2583,#2584,#2585,#2586));
#511=EDGE_LOOP('',(#2587,#2588,#2589,#2590));
#512=EDGE_LOOP('',(#2591,#2592,#2593,#2594));
#513=EDGE_LOOP('',(#2595,#2596,#2597,#2598));
#514=EDGE_LOOP('',(#2599,#2600,#2601,#2602,#2603,#2604,#2605,#2606,#2607,
#2608,#2609,#2610,#2611,#2612,#2613,#2614));
#515=EDGE_LOOP('',(#2615));
#516=EDGE_LOOP('',(#2616));
#517=EDGE_LOOP('',(#2617));
#518=EDGE_LOOP('',(#2618));
#519=EDGE_LOOP('',(#2619));
#520=EDGE_LOOP('',(#2620));
#521=EDGE_LOOP('',(#2621,#2622,#2623,#2624));
#522=EDGE_LOOP('',(#2625,#2626,#2627,#2628));
#523=EDGE_LOOP('',(#2629,#2630,#2631,#2632));
#524=EDGE_LOOP('',(#2633,#2634,#2635,#2636));
#525=EDGE_LOOP('',(#2637,#2638,#2639,#2640));
#526=EDGE_LOOP('',(#2641,#2642,#2643,#2644));
#527=EDGE_LOOP('',(#2645,#2646,#2647,#2648));
#528=EDGE_LOOP('',(#2649,#2650,#2651,#2652));
#529=EDGE_LOOP('',(#2653,#2654,#2655,#2656));
#530=EDGE_LOOP('',(#2657,#2658,#2659,#2660));
#531=EDGE_LOOP('',(#2661,#2662,#2663,#2664));
#532=EDGE_LOOP('',(#2665,#2666,#2667,#2668));
#533=EDGE_LOOP('',(#2669,#2670,#2671,#2672));
#534=EDGE_LOOP('',(#2673,#2674,#2675,#2676));
#535=EDGE_LOOP('',(#2677,#2678,#2679,#2680));
#536=EDGE_LOOP('',(#2681,#2682,#2683,#2684));
#537=EDGE_LOOP('',(#2685,#2686,#2687,#2688));
#538=EDGE_LOOP('',(#2689,#2690,#2691,#2692));
#539=EDGE_LOOP('',(#2693,#2694,#2695,#2696));
#540=EDGE_LOOP('',(#2697,#2698,#2699,#2700));
#541=EDGE_LOOP('',(#2701,#2702,#2703,#2704));
#542=EDGE_LOOP('',(#2705,#2706,#2707,#2708));
#543=EDGE_LOOP('',(#2709,#2710,#2711,#2712,#2713,#2714,#2715,#2716,#2717,
#2718,#2719,#2720,#2721,#2722,#2723,#2724));
#544=EDGE_LOOP('',(#2725,#2726,#2727,#2728));
#545=EDGE_LOOP('',(#2729));
#546=EDGE_LOOP('',(#2730));
#547=EDGE_LOOP('',(#2731));
#548=EDGE_LOOP('',(#2732));
#549=EDGE_LOOP('',(#2733));
#550=EDGE_LOOP('',(#2734));
#551=EDGE_LOOP('',(#2735,#2736,#2737,#2738));
#552=EDGE_LOOP('',(#2739,#2740,#2741,#2742));
#553=EDGE_LOOP('',(#2743,#2744,#2745,#2746));
#554=EDGE_LOOP('',(#2747,#2748,#2749,#2750));
#555=EDGE_LOOP('',(#2751,#2752,#2753,#2754));
#556=EDGE_LOOP('',(#2755,#2756,#2757,#2758));
#557=EDGE_LOOP('',(#2759,#2760,#2761,#2762,#2763,#2764,#2765,#2766,#2767,
#2768,#2769,#2770,#2771,#2772,#2773,#2774,#2775,#2776,#2777,#2778));
#558=EDGE_LOOP('',(#2779));
#559=EDGE_LOOP('',(#2780));
#560=EDGE_LOOP('',(#2781));
#561=EDGE_LOOP('',(#2782));
#562=EDGE_LOOP('',(#2783));
#563=EDGE_LOOP('',(#2784));
#564=EDGE_LOOP('',(#2785,#2786,#2787,#2788));
#565=EDGE_LOOP('',(#2789,#2790,#2791,#2792));
#566=EDGE_LOOP('',(#2793,#2794,#2795,#2796));
#567=EDGE_LOOP('',(#2797,#2798,#2799,#2800));
#568=EDGE_LOOP('',(#2801,#2802,#2803,#2804));
#569=EDGE_LOOP('',(#2805,#2806,#2807,#2808));
#570=EDGE_LOOP('',(#2809,#2810,#2811,#2812));
#571=EDGE_LOOP('',(#2813,#2814,#2815,#2816));
#572=EDGE_LOOP('',(#2817,#2818,#2819,#2820));
#573=EDGE_LOOP('',(#2821,#2822,#2823,#2824));
#574=EDGE_LOOP('',(#2825,#2826,#2827,#2828));
#575=EDGE_LOOP('',(#2829,#2830,#2831,#2832));
#576=EDGE_LOOP('',(#2833,#2834,#2835,#2836,#2837,#2838,#2839,#2840));
#577=EDGE_LOOP('',(#2841,#2842,#2843,#2844));
#578=EDGE_LOOP('',(#2845,#2846,#2847,#2848));
#579=EDGE_LOOP('',(#2849,#2850,#2851,#2852));
#580=EDGE_LOOP('',(#2853,#2854,#2855,#2856));
#581=EDGE_LOOP('',(#2857,#2858,#2859,#2860));
#582=EDGE_LOOP('',(#2861,#2862,#2863,#2864));
#583=EDGE_LOOP('',(#2865,#2866,#2867,#2868));
#584=EDGE_LOOP('',(#2869,#2870,#2871,#2872));
#585=EDGE_LOOP('',(#2873,#2874,#2875,#2876));
#586=EDGE_LOOP('',(#2877,#2878,#2879,#2880));
#587=EDGE_LOOP('',(#2881,#2882,#2883,#2884));
#588=EDGE_LOOP('',(#2885,#2886,#2887,#2888,#2889,#2890,#2891,#2892,#2893,
#2894,#2895,#2896,#2897,#2898,#2899,#2900));
#589=EDGE_LOOP('',(#2901,#2902,#2903,#2904));
#590=EDGE_LOOP('',(#2905,#2906,#2907,#2908));
#591=EDGE_LOOP('',(#2909));
#592=EDGE_LOOP('',(#2910));
#593=EDGE_LOOP('',(#2911));
#594=EDGE_LOOP('',(#2912));
#595=EDGE_LOOP('',(#2913));
#596=EDGE_LOOP('',(#2914));
#597=EDGE_LOOP('',(#2915,#2916,#2917,#2918));
#598=EDGE_LOOP('',(#2919,#2920,#2921,#2922));
#599=EDGE_LOOP('',(#2923,#2924,#2925,#2926));
#600=EDGE_LOOP('',(#2927,#2928,#2929,#2930));
#601=EDGE_LOOP('',(#2931,#2932,#2933,#2934));
#602=EDGE_LOOP('',(#2935,#2936,#2937,#2938));
#603=EDGE_LOOP('',(#2939,#2940,#2941,#2942));
#604=EDGE_LOOP('',(#2943,#2944,#2945,#2946));
#605=EDGE_LOOP('',(#2947,#2948,#2949,#2950));
#606=EDGE_LOOP('',(#2951,#2952,#2953,#2954));
#607=EDGE_LOOP('',(#2955,#2956,#2957,#2958));
#608=EDGE_LOOP('',(#2959,#2960,#2961,#2962,#2963));
#609=EDGE_LOOP('',(#2964,#2965,#2966,#2967));
#610=EDGE_LOOP('',(#2968,#2969,#2970,#2971));
#611=EDGE_LOOP('',(#2972,#2973,#2974,#2975,#2976));
#612=EDGE_LOOP('',(#2977,#2978,#2979,#2980));
#613=EDGE_LOOP('',(#2981,#2982,#2983,#2984));
#614=EDGE_LOOP('',(#2985,#2986,#2987,#2988));
#615=EDGE_LOOP('',(#2989,#2990,#2991,#2992));
#616=EDGE_LOOP('',(#2993,#2994,#2995,#2996));
#617=EDGE_LOOP('',(#2997,#2998,#2999,#3000));
#618=EDGE_LOOP('',(#3001,#3002,#3003,#3004));
#619=EDGE_LOOP('',(#3005,#3006,#3007,#3008));
#620=EDGE_LOOP('',(#3009,#3010,#3011,#3012));
#621=EDGE_LOOP('',(#3013,#3014,#3015,#3016));
#622=EDGE_LOOP('',(#3017,#3018,#3019,#3020));
#623=EDGE_LOOP('',(#3021,#3022,#3023,#3024));
#624=EDGE_LOOP('',(#3025,#3026,#3027,#3028));
#625=EDGE_LOOP('',(#3029,#3030,#3031,#3032));
#626=EDGE_LOOP('',(#3033,#3034,#3035,#3036));
#627=EDGE_LOOP('',(#3037,#3038,#3039,#3040));
#628=EDGE_LOOP('',(#3041,#3042,#3043,#3044));
#629=EDGE_LOOP('',(#3045,#3046,#3047,#3048));
#630=EDGE_LOOP('',(#3049,#3050,#3051,#3052));
#631=EDGE_LOOP('',(#3053,#3054,#3055,#3056));
#632=EDGE_LOOP('',(#3057,#3058,#3059,#3060));
#633=EDGE_LOOP('',(#3061,#3062,#3063,#3064));
#634=EDGE_LOOP('',(#3065,#3066,#3067,#3068));
#635=EDGE_LOOP('',(#3069,#3070,#3071,#3072,#3073,#3074,#3075,#3076,#3077,
#3078,#3079,#3080,#3081,#3082,#3083,#3084));
#636=EDGE_LOOP('',(#3085));
#637=EDGE_LOOP('',(#3086));
#638=EDGE_LOOP('',(#3087));
#639=EDGE_LOOP('',(#3088));
#640=EDGE_LOOP('',(#3089));
#641=EDGE_LOOP('',(#3090));
#642=EDGE_LOOP('',(#3091,#3092,#3093,#3094));
#643=EDGE_LOOP('',(#3095,#3096,#3097,#3098));
#644=EDGE_LOOP('',(#3099,#3100,#3101,#3102));
#645=EDGE_LOOP('',(#3103,#3104,#3105,#3106));
#646=EDGE_LOOP('',(#3107,#3108,#3109,#3110));
#647=EDGE_LOOP('',(#3111,#3112,#3113,#3114));
#648=EDGE_LOOP('',(#3115,#3116,#3117,#3118));
#649=EDGE_LOOP('',(#3119,#3120,#3121,#3122));
#650=EDGE_LOOP('',(#3123,#3124,#3125,#3126));
#651=EDGE_LOOP('',(#3127,#3128,#3129,#3130));
#652=EDGE_LOOP('',(#3131,#3132,#3133,#3134));
#653=EDGE_LOOP('',(#3135,#3136,#3137,#3138));
#654=EDGE_LOOP('',(#3139,#3140,#3141,#3142));
#655=EDGE_LOOP('',(#3143,#3144,#3145,#3146));
#656=EDGE_LOOP('',(#3147,#3148,#3149,#3150));
#657=EDGE_LOOP('',(#3151,#3152,#3153,#3154));
#658=EDGE_LOOP('',(#3155,#3156,#3157,#3158));
#659=EDGE_LOOP('',(#3159,#3160,#3161,#3162));
#660=EDGE_LOOP('',(#3163,#3164,#3165,#3166));
#661=EDGE_LOOP('',(#3167,#3168,#3169,#3170));
#662=EDGE_LOOP('',(#3171,#3172,#3173,#3174));
#663=EDGE_LOOP('',(#3175,#3176,#3177,#3178));
#664=EDGE_LOOP('',(#3179,#3180,#3181,#3182,#3183,#3184,#3185,#3186,#3187,
#3188,#3189,#3190,#3191,#3192,#3193,#3194));
#665=EDGE_LOOP('',(#3195,#3196,#3197,#3198));
#666=EDGE_LOOP('',(#3199));
#667=EDGE_LOOP('',(#3200));
#668=EDGE_LOOP('',(#3201));
#669=EDGE_LOOP('',(#3202));
#670=EDGE_LOOP('',(#3203));
#671=EDGE_LOOP('',(#3204));
#672=EDGE_LOOP('',(#3205,#3206,#3207,#3208));
#673=EDGE_LOOP('',(#3209,#3210,#3211,#3212));
#674=EDGE_LOOP('',(#3213,#3214,#3215,#3216));
#675=EDGE_LOOP('',(#3217,#3218,#3219,#3220));
#676=EDGE_LOOP('',(#3221,#3222,#3223,#3224));
#677=EDGE_LOOP('',(#3225,#3226,#3227,#3228));
#678=EDGE_LOOP('',(#3229,#3230,#3231,#3232,#3233,#3234,#3235,#3236,#3237,
#3238,#3239,#3240,#3241,#3242,#3243,#3244,#3245,#3246,#3247,#3248));
#679=EDGE_LOOP('',(#3249));
#680=EDGE_LOOP('',(#3250));
#681=EDGE_LOOP('',(#3251));
#682=EDGE_LOOP('',(#3252));
#683=EDGE_LOOP('',(#3253));
#684=EDGE_LOOP('',(#3254));
#685=EDGE_LOOP('',(#3255,#3256,#3257,#3258));
#686=EDGE_LOOP('',(#3259,#3260,#3261,#3262));
#687=EDGE_LOOP('',(#3263,#3264,#3265,#3266));
#688=EDGE_LOOP('',(#3267,#3268,#3269,#3270));
#689=EDGE_LOOP('',(#3271,#3272,#3273,#3274));
#690=EDGE_LOOP('',(#3275,#3276,#3277,#3278));
#691=EDGE_LOOP('',(#3279,#3280,#3281,#3282));
#692=EDGE_LOOP('',(#3283,#3284,#3285,#3286));
#693=EDGE_LOOP('',(#3287,#3288,#3289,#3290));
#694=EDGE_LOOP('',(#3291,#3292,#3293,#3294));
#695=EDGE_LOOP('',(#3295,#3296,#3297,#3298));
#696=EDGE_LOOP('',(#3299,#3300,#3301,#3302));
#697=EDGE_LOOP('',(#3303,#3304,#3305,#3306,#3307,#3308));
#698=EDGE_LOOP('',(#3309,#3310,#3311,#3312));
#699=EDGE_LOOP('',(#3313,#3314,#3315,#3316));
#700=EDGE_LOOP('',(#3317,#3318,#3319,#3320));
#701=EDGE_LOOP('',(#3321,#3322,#3323,#3324));
#702=EDGE_LOOP('',(#3325,#3326,#3327,#3328));
#703=EDGE_LOOP('',(#3329,#3330,#3331,#3332));
#704=EDGE_LOOP('',(#3333,#3334,#3335,#3336));
#705=EDGE_LOOP('',(#3337,#3338,#3339,#3340));
#706=EDGE_LOOP('',(#3341,#3342,#3343,#3344));
#707=EDGE_LOOP('',(#3345,#3346,#3347,#3348));
#708=EDGE_LOOP('',(#3349,#3350,#3351,#3352));
#709=EDGE_LOOP('',(#3353,#3354,#3355,#3356,#3357,#3358,#3359,#3360,#3361,
#3362,#3363,#3364,#3365,#3366,#3367,#3368));
#710=EDGE_LOOP('',(#3369,#3370,#3371,#3372));
#711=EDGE_LOOP('',(#3373,#3374,#3375,#3376));
#712=EDGE_LOOP('',(#3377));
#713=EDGE_LOOP('',(#3378));
#714=EDGE_LOOP('',(#3379));
#715=EDGE_LOOP('',(#3380));
#716=EDGE_LOOP('',(#3381));
#717=EDGE_LOOP('',(#3382));
#718=EDGE_LOOP('',(#3383,#3384,#3385,#3386));
#719=EDGE_LOOP('',(#3387,#3388,#3389,#3390));
#720=EDGE_LOOP('',(#3391,#3392,#3393,#3394));
#721=EDGE_LOOP('',(#3395,#3396,#3397,#3398));
#722=EDGE_LOOP('',(#3399,#3400,#3401,#3402));
#723=EDGE_LOOP('',(#3403,#3404,#3405,#3406));
#724=EDGE_LOOP('',(#3407,#3408,#3409,#3410));
#725=EDGE_LOOP('',(#3411,#3412,#3413,#3414));
#726=EDGE_LOOP('',(#3415,#3416,#3417,#3418));
#727=EDGE_LOOP('',(#3419,#3420,#3421,#3422));
#728=EDGE_LOOP('',(#3423,#3424,#3425,#3426));
#729=EDGE_LOOP('',(#3427,#3428,#3429,#3430));
#730=EDGE_LOOP('',(#3431,#3432,#3433,#3434));
#731=EDGE_LOOP('',(#3435,#3436,#3437,#3438));
#732=EDGE_LOOP('',(#3439,#3440,#3441,#3442));
#733=EDGE_LOOP('',(#3443,#3444,#3445,#3446));
#734=EDGE_LOOP('',(#3447,#3448,#3449,#3450));
#735=EDGE_LOOP('',(#3451,#3452,#3453,#3454));
#736=EDGE_LOOP('',(#3455,#3456,#3457,#3458));
#737=EDGE_LOOP('',(#3459,#3460,#3461,#3462));
#738=EDGE_LOOP('',(#3463,#3464,#3465,#3466));
#739=EDGE_LOOP('',(#3467,#3468,#3469,#3470));
#740=EDGE_LOOP('',(#3471,#3472,#3473,#3474));
#741=EDGE_LOOP('',(#3475,#3476,#3477,#3478));
#742=EDGE_LOOP('',(#3479,#3480,#3481,#3482));
#743=LINE('',#5233,#1149);
#744=LINE('',#5235,#1150);
#745=LINE('',#5237,#1151);
#746=LINE('',#5238,#1152);
#747=LINE('',#5241,#1153);
#748=LINE('',#5243,#1154);
#749=LINE('',#5244,#1155);
#750=LINE('',#5247,#1156);
#751=LINE('',#5249,#1157);
#752=LINE('',#5250,#1158);
#753=LINE('',#5252,#1159);
#754=LINE('',#5253,#1160);
#755=LINE('',#5258,#1161);
#756=LINE('',#5260,#1162);
#757=LINE('',#5262,#1163);
#758=LINE('',#5263,#1164);
#759=LINE('',#5266,#1165);
#760=LINE('',#5268,#1166);
#761=LINE('',#5269,#1167);
#762=LINE('',#5272,#1168);
#763=LINE('',#5274,#1169);
#764=LINE('',#5275,#1170);
#765=LINE('',#5277,#1171);
#766=LINE('',#5278,#1172);
#767=LINE('',#5283,#1173);
#768=LINE('',#5285,#1174);
#769=LINE('',#5287,#1175);
#770=LINE('',#5288,#1176);
#771=LINE('',#5291,#1177);
#772=LINE('',#5293,#1178);
#773=LINE('',#5294,#1179);
#774=LINE('',#5297,#1180);
#775=LINE('',#5299,#1181);
#776=LINE('',#5300,#1182);
#777=LINE('',#5302,#1183);
#778=LINE('',#5303,#1184);
#779=LINE('',#5308,#1185);
#780=LINE('',#5310,#1186);
#781=LINE('',#5312,#1187);
#782=LINE('',#5314,#1188);
#783=LINE('',#5316,#1189);
#784=LINE('',#5317,#1190);
#785=LINE('',#5321,#1191);
#786=LINE('',#5323,#1192);
#787=LINE('',#5325,#1193);
#788=LINE('',#5327,#1194);
#789=LINE('',#5329,#1195);
#790=LINE('',#5330,#1196);
#791=LINE('',#5332,#1197);
#792=LINE('',#5333,#1198);
#793=LINE('',#5335,#1199);
#794=LINE('',#5337,#1200);
#795=LINE('',#5338,#1201);
#796=LINE('',#5344,#1202);
#797=LINE('',#5347,#1203);
#798=LINE('',#5350,#1204);
#799=LINE('',#5352,#1205);
#800=LINE('',#5353,#1206);
#801=LINE('',#5356,#1207);
#802=LINE('',#5358,#1208);
#803=LINE('',#5359,#1209);
#804=LINE('',#5367,#1210);
#805=LINE('',#5369,#1211);
#806=LINE('',#5371,#1212);
#807=LINE('',#5372,#1213);
#808=LINE('',#5375,#1214);
#809=LINE('',#5377,#1215);
#810=LINE('',#5378,#1216);
#811=LINE('',#5381,#1217);
#812=LINE('',#5383,#1218);
#813=LINE('',#5384,#1219);
#814=LINE('',#5386,#1220);
#815=LINE('',#5387,#1221);
#816=LINE('',#5392,#1222);
#817=LINE('',#5394,#1223);
#818=LINE('',#5396,#1224);
#819=LINE('',#5397,#1225);
#820=LINE('',#5400,#1226);
#821=LINE('',#5402,#1227);
#822=LINE('',#5403,#1228);
#823=LINE('',#5406,#1229);
#824=LINE('',#5408,#1230);
#825=LINE('',#5409,#1231);
#826=LINE('',#5411,#1232);
#827=LINE('',#5412,#1233);
#828=LINE('',#5417,#1234);
#829=LINE('',#5419,#1235);
#830=LINE('',#5421,#1236);
#831=LINE('',#5422,#1237);
#832=LINE('',#5425,#1238);
#833=LINE('',#5427,#1239);
#834=LINE('',#5428,#1240);
#835=LINE('',#5431,#1241);
#836=LINE('',#5433,#1242);
#837=LINE('',#5434,#1243);
#838=LINE('',#5436,#1244);
#839=LINE('',#5437,#1245);
#840=LINE('',#5443,#1246);
#841=LINE('',#5447,#1247);
#842=LINE('',#5451,#1248);
#843=LINE('',#5455,#1249);
#844=LINE('',#5459,#1250);
#845=LINE('',#5463,#1251);
#846=LINE('',#5467,#1252);
#847=LINE('',#5470,#1253);
#848=LINE('',#5486,#1254);
#849=LINE('',#5490,#1255);
#850=LINE('',#5494,#1256);
#851=LINE('',#5498,#1257);
#852=LINE('',#5502,#1258);
#853=LINE('',#5506,#1259);
#854=LINE('',#5509,#1260);
#855=LINE('',#5511,#1261);
#856=LINE('',#5512,#1262);
#857=LINE('',#5516,#1263);
#858=LINE('',#5519,#1264);
#859=LINE('',#5520,#1265);
#860=LINE('',#5524,#1266);
#861=LINE('',#5527,#1267);
#862=LINE('',#5528,#1268);
#863=LINE('',#5532,#1269);
#864=LINE('',#5535,#1270);
#865=LINE('',#5536,#1271);
#866=LINE('',#5540,#1272);
#867=LINE('',#5543,#1273);
#868=LINE('',#5544,#1274);
#869=LINE('',#5548,#1275);
#870=LINE('',#5551,#1276);
#871=LINE('',#5552,#1277);
#872=LINE('',#5556,#1278);
#873=LINE('',#5559,#1279);
#874=LINE('',#5560,#1280);
#875=LINE('',#5564,#1281);
#876=LINE('',#5567,#1282);
#877=LINE('',#5568,#1283);
#878=LINE('',#5575,#1284);
#879=LINE('',#5577,#1285);
#880=LINE('',#5579,#1286);
#881=LINE('',#5580,#1287);
#882=LINE('',#5583,#1288);
#883=LINE('',#5585,#1289);
#884=LINE('',#5586,#1290);
#885=LINE('',#5589,#1291);
#886=LINE('',#5591,#1292);
#887=LINE('',#5592,#1293);
#888=LINE('',#5594,#1294);
#889=LINE('',#5595,#1295);
#890=LINE('',#5599,#1296);
#891=LINE('',#5603,#1297);
#892=LINE('',#5607,#1298);
#893=LINE('',#5611,#1299);
#894=LINE('',#5615,#1300);
#895=LINE('',#5619,#1301);
#896=LINE('',#5623,#1302);
#897=LINE('',#5627,#1303);
#898=LINE('',#5630,#1304);
#899=LINE('',#5645,#1305);
#900=LINE('',#5649,#1306);
#901=LINE('',#5653,#1307);
#902=LINE('',#5657,#1308);
#903=LINE('',#5661,#1309);
#904=LINE('',#5665,#1310);
#905=LINE('',#5669,#1311);
#906=LINE('',#5671,#1312);
#907=LINE('',#5672,#1313);
#908=LINE('',#5675,#1314);
#909=LINE('',#5679,#1315);
#910=LINE('',#5680,#1316);
#911=LINE('',#5683,#1317);
#912=LINE('',#5687,#1318);
#913=LINE('',#5688,#1319);
#914=LINE('',#5691,#1320);
#915=LINE('',#5695,#1321);
#916=LINE('',#5696,#1322);
#917=LINE('',#5699,#1323);
#918=LINE('',#5703,#1324);
#919=LINE('',#5704,#1325);
#920=LINE('',#5707,#1326);
#921=LINE('',#5711,#1327);
#922=LINE('',#5712,#1328);
#923=LINE('',#5715,#1329);
#924=LINE('',#5719,#1330);
#925=LINE('',#5720,#1331);
#926=LINE('',#5723,#1332);
#927=LINE('',#5727,#1333);
#928=LINE('',#5728,#1334);
#929=LINE('',#5735,#1335);
#930=LINE('',#5737,#1336);
#931=LINE('',#5739,#1337);
#932=LINE('',#5740,#1338);
#933=LINE('',#5743,#1339);
#934=LINE('',#5745,#1340);
#935=LINE('',#5746,#1341);
#936=LINE('',#5749,#1342);
#937=LINE('',#5751,#1343);
#938=LINE('',#5752,#1344);
#939=LINE('',#5754,#1345);
#940=LINE('',#5755,#1346);
#941=LINE('',#5760,#1347);
#942=LINE('',#5762,#1348);
#943=LINE('',#5764,#1349);
#944=LINE('',#5765,#1350);
#945=LINE('',#5768,#1351);
#946=LINE('',#5770,#1352);
#947=LINE('',#5771,#1353);
#948=LINE('',#5774,#1354);
#949=LINE('',#5776,#1355);
#950=LINE('',#5777,#1356);
#951=LINE('',#5779,#1357);
#952=LINE('',#5780,#1358);
#953=LINE('',#5785,#1359);
#954=LINE('',#5787,#1360);
#955=LINE('',#5789,#1361);
#956=LINE('',#5791,#1362);
#957=LINE('',#5792,#1363);
#958=LINE('',#5795,#1364);
#959=LINE('',#5797,#1365);
#960=LINE('',#5798,#1366);
#961=LINE('',#5801,#1367);
#962=LINE('',#5803,#1368);
#963=LINE('',#5805,#1369);
#964=LINE('',#5806,#1370);
#965=LINE('',#5808,#1371);
#966=LINE('',#5809,#1372);
#967=LINE('',#5812,#1373);
#968=LINE('',#5818,#1374);
#969=LINE('',#5821,#1375);
#970=LINE('',#5824,#1376);
#971=LINE('',#5826,#1377);
#972=LINE('',#5827,#1378);
#973=LINE('',#5830,#1379);
#974=LINE('',#5832,#1380);
#975=LINE('',#5833,#1381);
#976=LINE('',#5841,#1382);
#977=LINE('',#5843,#1383);
#978=LINE('',#5845,#1384);
#979=LINE('',#5846,#1385);
#980=LINE('',#5849,#1386);
#981=LINE('',#5851,#1387);
#982=LINE('',#5852,#1388);
#983=LINE('',#5855,#1389);
#984=LINE('',#5857,#1390);
#985=LINE('',#5858,#1391);
#986=LINE('',#5860,#1392);
#987=LINE('',#5861,#1393);
#988=LINE('',#5866,#1394);
#989=LINE('',#5868,#1395);
#990=LINE('',#5870,#1396);
#991=LINE('',#5871,#1397);
#992=LINE('',#5874,#1398);
#993=LINE('',#5876,#1399);
#994=LINE('',#5877,#1400);
#995=LINE('',#5880,#1401);
#996=LINE('',#5882,#1402);
#997=LINE('',#5883,#1403);
#998=LINE('',#5885,#1404);
#999=LINE('',#5886,#1405);
#1000=LINE('',#5891,#1406);
#1001=LINE('',#5893,#1407);
#1002=LINE('',#5895,#1408);
#1003=LINE('',#5896,#1409);
#1004=LINE('',#5899,#1410);
#1005=LINE('',#5901,#1411);
#1006=LINE('',#5902,#1412);
#1007=LINE('',#5905,#1413);
#1008=LINE('',#5907,#1414);
#1009=LINE('',#5908,#1415);
#1010=LINE('',#5910,#1416);
#1011=LINE('',#5911,#1417);
#1012=LINE('',#5917,#1418);
#1013=LINE('',#5921,#1419);
#1014=LINE('',#5925,#1420);
#1015=LINE('',#5929,#1421);
#1016=LINE('',#5933,#1422);
#1017=LINE('',#5937,#1423);
#1018=LINE('',#5941,#1424);
#1019=LINE('',#5944,#1425);
#1020=LINE('',#5959,#1426);
#1021=LINE('',#5963,#1427);
#1022=LINE('',#5967,#1428);
#1023=LINE('',#5971,#1429);
#1024=LINE('',#5975,#1430);
#1025=LINE('',#5979,#1431);
#1026=LINE('',#5983,#1432);
#1027=LINE('',#5985,#1433);
#1028=LINE('',#5986,#1434);
#1029=LINE('',#5989,#1435);
#1030=LINE('',#5993,#1436);
#1031=LINE('',#5994,#1437);
#1032=LINE('',#5997,#1438);
#1033=LINE('',#6001,#1439);
#1034=LINE('',#6002,#1440);
#1035=LINE('',#6005,#1441);
#1036=LINE('',#6009,#1442);
#1037=LINE('',#6010,#1443);
#1038=LINE('',#6013,#1444);
#1039=LINE('',#6017,#1445);
#1040=LINE('',#6018,#1446);
#1041=LINE('',#6021,#1447);
#1042=LINE('',#6025,#1448);
#1043=LINE('',#6026,#1449);
#1044=LINE('',#6029,#1450);
#1045=LINE('',#6033,#1451);
#1046=LINE('',#6034,#1452);
#1047=LINE('',#6037,#1453);
#1048=LINE('',#6041,#1454);
#1049=LINE('',#6042,#1455);
#1050=LINE('',#6049,#1456);
#1051=LINE('',#6051,#1457);
#1052=LINE('',#6053,#1458);
#1053=LINE('',#6054,#1459);
#1054=LINE('',#6057,#1460);
#1055=LINE('',#6059,#1461);
#1056=LINE('',#6060,#1462);
#1057=LINE('',#6063,#1463);
#1058=LINE('',#6065,#1464);
#1059=LINE('',#6066,#1465);
#1060=LINE('',#6068,#1466);
#1061=LINE('',#6069,#1467);
#1062=LINE('',#6073,#1468);
#1063=LINE('',#6077,#1469);
#1064=LINE('',#6081,#1470);
#1065=LINE('',#6085,#1471);
#1066=LINE('',#6089,#1472);
#1067=LINE('',#6093,#1473);
#1068=LINE('',#6097,#1474);
#1069=LINE('',#6101,#1475);
#1070=LINE('',#6104,#1476);
#1071=LINE('',#6120,#1477);
#1072=LINE('',#6124,#1478);
#1073=LINE('',#6128,#1479);
#1074=LINE('',#6132,#1480);
#1075=LINE('',#6136,#1481);
#1076=LINE('',#6140,#1482);
#1077=LINE('',#6143,#1483);
#1078=LINE('',#6145,#1484);
#1079=LINE('',#6146,#1485);
#1080=LINE('',#6150,#1486);
#1081=LINE('',#6153,#1487);
#1082=LINE('',#6154,#1488);
#1083=LINE('',#6158,#1489);
#1084=LINE('',#6161,#1490);
#1085=LINE('',#6162,#1491);
#1086=LINE('',#6166,#1492);
#1087=LINE('',#6169,#1493);
#1088=LINE('',#6170,#1494);
#1089=LINE('',#6174,#1495);
#1090=LINE('',#6177,#1496);
#1091=LINE('',#6178,#1497);
#1092=LINE('',#6182,#1498);
#1093=LINE('',#6185,#1499);
#1094=LINE('',#6186,#1500);
#1095=LINE('',#6190,#1501);
#1096=LINE('',#6193,#1502);
#1097=LINE('',#6194,#1503);
#1098=LINE('',#6198,#1504);
#1099=LINE('',#6201,#1505);
#1100=LINE('',#6202,#1506);
#1101=LINE('',#6209,#1507);
#1102=LINE('',#6211,#1508);
#1103=LINE('',#6213,#1509);
#1104=LINE('',#6214,#1510);
#1105=LINE('',#6217,#1511);
#1106=LINE('',#6219,#1512);
#1107=LINE('',#6220,#1513);
#1108=LINE('',#6223,#1514);
#1109=LINE('',#6225,#1515);
#1110=LINE('',#6226,#1516);
#1111=LINE('',#6228,#1517);
#1112=LINE('',#6229,#1518);
#1113=LINE('',#6235,#1519);
#1114=LINE('',#6237,#1520);
#1115=LINE('',#6239,#1521);
#1116=LINE('',#6240,#1522);
#1117=LINE('',#6243,#1523);
#1118=LINE('',#6245,#1524);
#1119=LINE('',#6246,#1525);
#1120=LINE('',#6249,#1526);
#1121=LINE('',#6251,#1527);
#1122=LINE('',#6252,#1528);
#1123=LINE('',#6254,#1529);
#1124=LINE('',#6255,#1530);
#1125=LINE('',#6261,#1531);
#1126=LINE('',#6263,#1532);
#1127=LINE('',#6265,#1533);
#1128=LINE('',#6266,#1534);
#1129=LINE('',#6269,#1535);
#1130=LINE('',#6271,#1536);
#1131=LINE('',#6272,#1537);
#1132=LINE('',#6275,#1538);
#1133=LINE('',#6277,#1539);
#1134=LINE('',#6278,#1540);
#1135=LINE('',#6280,#1541);
#1136=LINE('',#6281,#1542);
#1137=LINE('',#6287,#1543);
#1138=LINE('',#6289,#1544);
#1139=LINE('',#6291,#1545);
#1140=LINE('',#6292,#1546);
#1141=LINE('',#6295,#1547);
#1142=LINE('',#6297,#1548);
#1143=LINE('',#6298,#1549);
#1144=LINE('',#6301,#1550);
#1145=LINE('',#6303,#1551);
#1146=LINE('',#6304,#1552);
#1147=LINE('',#6306,#1553);
#1148=LINE('',#6307,#1554);
#1149=VECTOR('',#4177,10.);
#1150=VECTOR('',#4178,10.);
#1151=VECTOR('',#4179,10.);
#1152=VECTOR('',#4180,10.);
#1153=VECTOR('',#4183,10.);
#1154=VECTOR('',#4184,10.);
#1155=VECTOR('',#4185,10.);
#1156=VECTOR('',#4188,10.);
#1157=VECTOR('',#4189,10.);
#1158=VECTOR('',#4190,10.);
#1159=VECTOR('',#4193,10.);
#1160=VECTOR('',#4194,10.);
#1161=VECTOR('',#4199,10.);
#1162=VECTOR('',#4200,10.);
#1163=VECTOR('',#4201,10.);
#1164=VECTOR('',#4202,10.);
#1165=VECTOR('',#4205,10.);
#1166=VECTOR('',#4206,10.);
#1167=VECTOR('',#4207,10.);
#1168=VECTOR('',#4210,10.);
#1169=VECTOR('',#4211,10.);
#1170=VECTOR('',#4212,10.);
#1171=VECTOR('',#4215,10.);
#1172=VECTOR('',#4216,10.);
#1173=VECTOR('',#4221,10.);
#1174=VECTOR('',#4222,10.);
#1175=VECTOR('',#4223,10.);
#1176=VECTOR('',#4224,10.);
#1177=VECTOR('',#4227,10.);
#1178=VECTOR('',#4228,10.);
#1179=VECTOR('',#4229,10.);
#1180=VECTOR('',#4232,10.);
#1181=VECTOR('',#4233,10.);
#1182=VECTOR('',#4234,10.);
#1183=VECTOR('',#4237,10.);
#1184=VECTOR('',#4238,10.);
#1185=VECTOR('',#4243,10.);
#1186=VECTOR('',#4244,10.);
#1187=VECTOR('',#4245,10.);
#1188=VECTOR('',#4246,10.);
#1189=VECTOR('',#4247,10.);
#1190=VECTOR('',#4248,10.);
#1191=VECTOR('',#4251,10.);
#1192=VECTOR('',#4252,10.);
#1193=VECTOR('',#4253,10.);
#1194=VECTOR('',#4254,10.);
#1195=VECTOR('',#4255,10.);
#1196=VECTOR('',#4256,10.);
#1197=VECTOR('',#4259,10.);
#1198=VECTOR('',#4260,10.);
#1199=VECTOR('',#4263,10.);
#1200=VECTOR('',#4266,10.);
#1201=VECTOR('',#4267,10.);
#1202=VECTOR('',#4272,10.);
#1203=VECTOR('',#4275,10.);
#1204=VECTOR('',#4278,10.);
#1205=VECTOR('',#4279,10.);
#1206=VECTOR('',#4280,10.);
#1207=VECTOR('',#4283,10.);
#1208=VECTOR('',#4284,10.);
#1209=VECTOR('',#4285,10.);
#1210=VECTOR('',#4296,10.);
#1211=VECTOR('',#4297,10.);
#1212=VECTOR('',#4298,10.);
#1213=VECTOR('',#4299,10.);
#1214=VECTOR('',#4302,10.);
#1215=VECTOR('',#4303,10.);
#1216=VECTOR('',#4304,10.);
#1217=VECTOR('',#4307,10.);
#1218=VECTOR('',#4308,10.);
#1219=VECTOR('',#4309,10.);
#1220=VECTOR('',#4312,10.);
#1221=VECTOR('',#4313,10.);
#1222=VECTOR('',#4318,10.);
#1223=VECTOR('',#4319,10.);
#1224=VECTOR('',#4320,10.);
#1225=VECTOR('',#4321,10.);
#1226=VECTOR('',#4324,10.);
#1227=VECTOR('',#4325,10.);
#1228=VECTOR('',#4326,10.);
#1229=VECTOR('',#4329,10.);
#1230=VECTOR('',#4330,10.);
#1231=VECTOR('',#4331,10.);
#1232=VECTOR('',#4334,10.);
#1233=VECTOR('',#4335,10.);
#1234=VECTOR('',#4340,10.);
#1235=VECTOR('',#4341,10.);
#1236=VECTOR('',#4342,10.);
#1237=VECTOR('',#4343,10.);
#1238=VECTOR('',#4346,10.);
#1239=VECTOR('',#4347,10.);
#1240=VECTOR('',#4348,10.);
#1241=VECTOR('',#4351,10.);
#1242=VECTOR('',#4352,10.);
#1243=VECTOR('',#4353,10.);
#1244=VECTOR('',#4356,10.);
#1245=VECTOR('',#4357,10.);
#1246=VECTOR('',#4362,10.);
#1247=VECTOR('',#4365,10.);
#1248=VECTOR('',#4368,10.);
#1249=VECTOR('',#4371,10.);
#1250=VECTOR('',#4374,10.);
#1251=VECTOR('',#4377,10.);
#1252=VECTOR('',#4380,10.);
#1253=VECTOR('',#4383,10.);
#1254=VECTOR('',#4400,1.6);
#1255=VECTOR('',#4405,1.6);
#1256=VECTOR('',#4410,1.6);
#1257=VECTOR('',#4415,1.6);
#1258=VECTOR('',#4420,1.6);
#1259=VECTOR('',#4425,1.6);
#1260=VECTOR('',#4428,10.);
#1261=VECTOR('',#4429,10.);
#1262=VECTOR('',#4430,10.);
#1263=VECTOR('',#4435,10.);
#1264=VECTOR('',#4438,10.);
#1265=VECTOR('',#4439,10.);
#1266=VECTOR('',#4444,10.);
#1267=VECTOR('',#4447,10.);
#1268=VECTOR('',#4448,10.);
#1269=VECTOR('',#4453,10.);
#1270=VECTOR('',#4456,10.);
#1271=VECTOR('',#4457,10.);
#1272=VECTOR('',#4462,10.);
#1273=VECTOR('',#4465,10.);
#1274=VECTOR('',#4466,10.);
#1275=VECTOR('',#4471,10.);
#1276=VECTOR('',#4474,10.);
#1277=VECTOR('',#4475,10.);
#1278=VECTOR('',#4480,10.);
#1279=VECTOR('',#4483,10.);
#1280=VECTOR('',#4484,10.);
#1281=VECTOR('',#4489,10.);
#1282=VECTOR('',#4492,10.);
#1283=VECTOR('',#4493,10.);
#1284=VECTOR('',#4502,10.);
#1285=VECTOR('',#4503,10.);
#1286=VECTOR('',#4504,10.);
#1287=VECTOR('',#4505,10.);
#1288=VECTOR('',#4508,10.);
#1289=VECTOR('',#4509,10.);
#1290=VECTOR('',#4510,10.);
#1291=VECTOR('',#4513,10.);
#1292=VECTOR('',#4514,10.);
#1293=VECTOR('',#4515,10.);
#1294=VECTOR('',#4518,10.);
#1295=VECTOR('',#4519,10.);
#1296=VECTOR('',#4524,10.);
#1297=VECTOR('',#4527,10.);
#1298=VECTOR('',#4530,10.);
#1299=VECTOR('',#4533,10.);
#1300=VECTOR('',#4536,10.);
#1301=VECTOR('',#4539,10.);
#1302=VECTOR('',#4542,10.);
#1303=VECTOR('',#4545,10.);
#1304=VECTOR('',#4548,10.);
#1305=VECTOR('',#4563,1.6);
#1306=VECTOR('',#4568,1.6);
#1307=VECTOR('',#4573,1.6);
#1308=VECTOR('',#4578,1.6);
#1309=VECTOR('',#4583,1.6);
#1310=VECTOR('',#4588,1.6);
#1311=VECTOR('',#4593,10.);
#1312=VECTOR('',#4594,10.);
#1313=VECTOR('',#4595,10.);
#1314=VECTOR('',#4598,10.);
#1315=VECTOR('',#4603,10.);
#1316=VECTOR('',#4604,10.);
#1317=VECTOR('',#4607,10.);
#1318=VECTOR('',#4612,10.);
#1319=VECTOR('',#4613,10.);
#1320=VECTOR('',#4616,10.);
#1321=VECTOR('',#4621,10.);
#1322=VECTOR('',#4622,10.);
#1323=VECTOR('',#4625,10.);
#1324=VECTOR('',#4630,10.);
#1325=VECTOR('',#4631,10.);
#1326=VECTOR('',#4634,10.);
#1327=VECTOR('',#4639,10.);
#1328=VECTOR('',#4640,10.);
#1329=VECTOR('',#4643,10.);
#1330=VECTOR('',#4648,10.);
#1331=VECTOR('',#4649,10.);
#1332=VECTOR('',#4652,10.);
#1333=VECTOR('',#4657,10.);
#1334=VECTOR('',#4658,10.);
#1335=VECTOR('',#4667,10.);
#1336=VECTOR('',#4668,10.);
#1337=VECTOR('',#4669,10.);
#1338=VECTOR('',#4670,10.);
#1339=VECTOR('',#4673,10.);
#1340=VECTOR('',#4674,10.);
#1341=VECTOR('',#4675,10.);
#1342=VECTOR('',#4678,10.);
#1343=VECTOR('',#4679,10.);
#1344=VECTOR('',#4680,10.);
#1345=VECTOR('',#4683,10.);
#1346=VECTOR('',#4684,10.);
#1347=VECTOR('',#4689,10.);
#1348=VECTOR('',#4690,10.);
#1349=VECTOR('',#4691,10.);
#1350=VECTOR('',#4692,10.);
#1351=VECTOR('',#4695,10.);
#1352=VECTOR('',#4696,10.);
#1353=VECTOR('',#4697,10.);
#1354=VECTOR('',#4700,10.);
#1355=VECTOR('',#4701,10.);
#1356=VECTOR('',#4702,10.);
#1357=VECTOR('',#4705,10.);
#1358=VECTOR('',#4706,10.);
#1359=VECTOR('',#4711,10.);
#1360=VECTOR('',#4712,10.);
#1361=VECTOR('',#4713,10.);
#1362=VECTOR('',#4714,10.);
#1363=VECTOR('',#4715,10.);
#1364=VECTOR('',#4718,10.);
#1365=VECTOR('',#4719,10.);
#1366=VECTOR('',#4720,10.);
#1367=VECTOR('',#4723,10.);
#1368=VECTOR('',#4724,10.);
#1369=VECTOR('',#4725,10.);
#1370=VECTOR('',#4726,10.);
#1371=VECTOR('',#4729,10.);
#1372=VECTOR('',#4730,10.);
#1373=VECTOR('',#4735,10.);
#1374=VECTOR('',#4740,10.);
#1375=VECTOR('',#4743,10.);
#1376=VECTOR('',#4746,10.);
#1377=VECTOR('',#4747,10.);
#1378=VECTOR('',#4748,10.);
#1379=VECTOR('',#4751,10.);
#1380=VECTOR('',#4752,10.);
#1381=VECTOR('',#4753,10.);
#1382=VECTOR('',#4764,10.);
#1383=VECTOR('',#4765,10.);
#1384=VECTOR('',#4766,10.);
#1385=VECTOR('',#4767,10.);
#1386=VECTOR('',#4770,10.);
#1387=VECTOR('',#4771,10.);
#1388=VECTOR('',#4772,10.);
#1389=VECTOR('',#4775,10.);
#1390=VECTOR('',#4776,10.);
#1391=VECTOR('',#4777,10.);
#1392=VECTOR('',#4780,10.);
#1393=VECTOR('',#4781,10.);
#1394=VECTOR('',#4786,10.);
#1395=VECTOR('',#4787,10.);
#1396=VECTOR('',#4788,10.);
#1397=VECTOR('',#4789,10.);
#1398=VECTOR('',#4792,10.);
#1399=VECTOR('',#4793,10.);
#1400=VECTOR('',#4794,10.);
#1401=VECTOR('',#4797,10.);
#1402=VECTOR('',#4798,10.);
#1403=VECTOR('',#4799,10.);
#1404=VECTOR('',#4802,10.);
#1405=VECTOR('',#4803,10.);
#1406=VECTOR('',#4808,10.);
#1407=VECTOR('',#4809,10.);
#1408=VECTOR('',#4810,10.);
#1409=VECTOR('',#4811,10.);
#1410=VECTOR('',#4814,10.);
#1411=VECTOR('',#4815,10.);
#1412=VECTOR('',#4816,10.);
#1413=VECTOR('',#4819,10.);
#1414=VECTOR('',#4820,10.);
#1415=VECTOR('',#4821,10.);
#1416=VECTOR('',#4824,10.);
#1417=VECTOR('',#4825,10.);
#1418=VECTOR('',#4830,10.);
#1419=VECTOR('',#4833,10.);
#1420=VECTOR('',#4836,10.);
#1421=VECTOR('',#4839,10.);
#1422=VECTOR('',#4842,10.);
#1423=VECTOR('',#4845,10.);
#1424=VECTOR('',#4848,10.);
#1425=VECTOR('',#4851,10.);
#1426=VECTOR('',#4866,1.6);
#1427=VECTOR('',#4871,1.6);
#1428=VECTOR('',#4876,1.6);
#1429=VECTOR('',#4881,1.6);
#1430=VECTOR('',#4886,1.6);
#1431=VECTOR('',#4891,1.6);
#1432=VECTOR('',#4896,10.);
#1433=VECTOR('',#4897,10.);
#1434=VECTOR('',#4898,10.);
#1435=VECTOR('',#4901,10.);
#1436=VECTOR('',#4906,10.);
#1437=VECTOR('',#4907,10.);
#1438=VECTOR('',#4910,10.);
#1439=VECTOR('',#4915,10.);
#1440=VECTOR('',#4916,10.);
#1441=VECTOR('',#4919,10.);
#1442=VECTOR('',#4924,10.);
#1443=VECTOR('',#4925,10.);
#1444=VECTOR('',#4928,10.);
#1445=VECTOR('',#4933,10.);
#1446=VECTOR('',#4934,10.);
#1447=VECTOR('',#4937,10.);
#1448=VECTOR('',#4942,10.);
#1449=VECTOR('',#4943,10.);
#1450=VECTOR('',#4946,10.);
#1451=VECTOR('',#4951,10.);
#1452=VECTOR('',#4952,10.);
#1453=VECTOR('',#4955,10.);
#1454=VECTOR('',#4960,10.);
#1455=VECTOR('',#4961,10.);
#1456=VECTOR('',#4970,10.);
#1457=VECTOR('',#4971,10.);
#1458=VECTOR('',#4972,10.);
#1459=VECTOR('',#4973,10.);
#1460=VECTOR('',#4976,10.);
#1461=VECTOR('',#4977,10.);
#1462=VECTOR('',#4978,10.);
#1463=VECTOR('',#4981,10.);
#1464=VECTOR('',#4982,10.);
#1465=VECTOR('',#4983,10.);
#1466=VECTOR('',#4986,10.);
#1467=VECTOR('',#4987,10.);
#1468=VECTOR('',#4992,10.);
#1469=VECTOR('',#4995,10.);
#1470=VECTOR('',#4998,10.);
#1471=VECTOR('',#5001,10.);
#1472=VECTOR('',#5004,10.);
#1473=VECTOR('',#5007,10.);
#1474=VECTOR('',#5010,10.);
#1475=VECTOR('',#5013,10.);
#1476=VECTOR('',#5016,10.);
#1477=VECTOR('',#5033,1.6);
#1478=VECTOR('',#5038,1.6);
#1479=VECTOR('',#5043,1.6);
#1480=VECTOR('',#5048,1.6);
#1481=VECTOR('',#5053,1.6);
#1482=VECTOR('',#5058,1.6);
#1483=VECTOR('',#5061,10.);
#1484=VECTOR('',#5062,10.);
#1485=VECTOR('',#5063,10.);
#1486=VECTOR('',#5068,10.);
#1487=VECTOR('',#5071,10.);
#1488=VECTOR('',#5072,10.);
#1489=VECTOR('',#5077,10.);
#1490=VECTOR('',#5080,10.);
#1491=VECTOR('',#5081,10.);
#1492=VECTOR('',#5086,10.);
#1493=VECTOR('',#5089,10.);
#1494=VECTOR('',#5090,10.);
#1495=VECTOR('',#5095,10.);
#1496=VECTOR('',#5098,10.);
#1497=VECTOR('',#5099,10.);
#1498=VECTOR('',#5104,10.);
#1499=VECTOR('',#5107,10.);
#1500=VECTOR('',#5108,10.);
#1501=VECTOR('',#5113,10.);
#1502=VECTOR('',#5116,10.);
#1503=VECTOR('',#5117,10.);
#1504=VECTOR('',#5122,10.);
#1505=VECTOR('',#5125,10.);
#1506=VECTOR('',#5126,10.);
#1507=VECTOR('',#5135,10.);
#1508=VECTOR('',#5136,10.);
#1509=VECTOR('',#5137,10.);
#1510=VECTOR('',#5138,10.);
#1511=VECTOR('',#5141,10.);
#1512=VECTOR('',#5142,10.);
#1513=VECTOR('',#5143,10.);
#1514=VECTOR('',#5146,10.);
#1515=VECTOR('',#5147,10.);
#1516=VECTOR('',#5148,10.);
#1517=VECTOR('',#5151,10.);
#1518=VECTOR('',#5152,10.);
#1519=VECTOR('',#5159,10.);
#1520=VECTOR('',#5160,10.);
#1521=VECTOR('',#5161,10.);
#1522=VECTOR('',#5162,10.);
#1523=VECTOR('',#5165,10.);
#1524=VECTOR('',#5166,10.);
#1525=VECTOR('',#5167,10.);
#1526=VECTOR('',#5170,10.);
#1527=VECTOR('',#5171,10.);
#1528=VECTOR('',#5172,10.);
#1529=VECTOR('',#5175,10.);
#1530=VECTOR('',#5176,10.);
#1531=VECTOR('',#5183,10.);
#1532=VECTOR('',#5184,10.);
#1533=VECTOR('',#5185,10.);
#1534=VECTOR('',#5186,10.);
#1535=VECTOR('',#5189,10.);
#1536=VECTOR('',#5190,10.);
#1537=VECTOR('',#5191,10.);
#1538=VECTOR('',#5194,10.);
#1539=VECTOR('',#5195,10.);
#1540=VECTOR('',#5196,10.);
#1541=VECTOR('',#5199,10.);
#1542=VECTOR('',#5200,10.);
#1543=VECTOR('',#5207,10.);
#1544=VECTOR('',#5208,10.);
#1545=VECTOR('',#5209,10.);
#1546=VECTOR('',#5210,10.);
#1547=VECTOR('',#5213,10.);
#1548=VECTOR('',#5214,10.);
#1549=VECTOR('',#5215,10.);
#1550=VECTOR('',#5218,10.);
#1551=VECTOR('',#5219,10.);
#1552=VECTOR('',#5220,10.);
#1553=VECTOR('',#5223,10.);
#1554=VECTOR('',#5224,10.);
#1555=VERTEX_POINT('',#5231);
#1556=VERTEX_POINT('',#5232);
#1557=VERTEX_POINT('',#5234);
#1558=VERTEX_POINT('',#5236);
#1559=VERTEX_POINT('',#5240);
#1560=VERTEX_POINT('',#5242);
#1561=VERTEX_POINT('',#5246);
#1562=VERTEX_POINT('',#5248);
#1563=VERTEX_POINT('',#5256);
#1564=VERTEX_POINT('',#5257);
#1565=VERTEX_POINT('',#5259);
#1566=VERTEX_POINT('',#5261);
#1567=VERTEX_POINT('',#5265);
#1568=VERTEX_POINT('',#5267);
#1569=VERTEX_POINT('',#5271);
#1570=VERTEX_POINT('',#5273);
#1571=VERTEX_POINT('',#5281);
#1572=VERTEX_POINT('',#5282);
#1573=VERTEX_POINT('',#5284);
#1574=VERTEX_POINT('',#5286);
#1575=VERTEX_POINT('',#5290);
#1576=VERTEX_POINT('',#5292);
#1577=VERTEX_POINT('',#5296);
#1578=VERTEX_POINT('',#5298);
#1579=VERTEX_POINT('',#5306);
#1580=VERTEX_POINT('',#5307);
#1581=VERTEX_POINT('',#5309);
#1582=VERTEX_POINT('',#5311);
#1583=VERTEX_POINT('',#5313);
#1584=VERTEX_POINT('',#5315);
#1585=VERTEX_POINT('',#5319);
#1586=VERTEX_POINT('',#5320);
#1587=VERTEX_POINT('',#5322);
#1588=VERTEX_POINT('',#5324);
#1589=VERTEX_POINT('',#5326);
#1590=VERTEX_POINT('',#5328);
#1591=VERTEX_POINT('',#5340);
#1592=VERTEX_POINT('',#5341);
#1593=VERTEX_POINT('',#5343);
#1594=VERTEX_POINT('',#5345);
#1595=VERTEX_POINT('',#5349);
#1596=VERTEX_POINT('',#5351);
#1597=VERTEX_POINT('',#5355);
#1598=VERTEX_POINT('',#5357);
#1599=VERTEX_POINT('',#5365);
#1600=VERTEX_POINT('',#5366);
#1601=VERTEX_POINT('',#5368);
#1602=VERTEX_POINT('',#5370);
#1603=VERTEX_POINT('',#5374);
#1604=VERTEX_POINT('',#5376);
#1605=VERTEX_POINT('',#5380);
#1606=VERTEX_POINT('',#5382);
#1607=VERTEX_POINT('',#5390);
#1608=VERTEX_POINT('',#5391);
#1609=VERTEX_POINT('',#5393);
#1610=VERTEX_POINT('',#5395);
#1611=VERTEX_POINT('',#5399);
#1612=VERTEX_POINT('',#5401);
#1613=VERTEX_POINT('',#5405);
#1614=VERTEX_POINT('',#5407);
#1615=VERTEX_POINT('',#5415);
#1616=VERTEX_POINT('',#5416);
#1617=VERTEX_POINT('',#5418);
#1618=VERTEX_POINT('',#5420);
#1619=VERTEX_POINT('',#5424);
#1620=VERTEX_POINT('',#5426);
#1621=VERTEX_POINT('',#5430);
#1622=VERTEX_POINT('',#5432);
#1623=VERTEX_POINT('',#5439);
#1624=VERTEX_POINT('',#5440);
#1625=VERTEX_POINT('',#5442);
#1626=VERTEX_POINT('',#5444);
#1627=VERTEX_POINT('',#5446);
#1628=VERTEX_POINT('',#5448);
#1629=VERTEX_POINT('',#5450);
#1630=VERTEX_POINT('',#5452);
#1631=VERTEX_POINT('',#5454);
#1632=VERTEX_POINT('',#5456);
#1633=VERTEX_POINT('',#5458);
#1634=VERTEX_POINT('',#5460);
#1635=VERTEX_POINT('',#5462);
#1636=VERTEX_POINT('',#5464);
#1637=VERTEX_POINT('',#5466);
#1638=VERTEX_POINT('',#5468);
#1639=VERTEX_POINT('',#5471);
#1640=VERTEX_POINT('',#5473);
#1641=VERTEX_POINT('',#5475);
#1642=VERTEX_POINT('',#5477);
#1643=VERTEX_POINT('',#5479);
#1644=VERTEX_POINT('',#5481);
#1645=VERTEX_POINT('',#5484);
#1646=VERTEX_POINT('',#5488);
#1647=VERTEX_POINT('',#5492);
#1648=VERTEX_POINT('',#5496);
#1649=VERTEX_POINT('',#5500);
#1650=VERTEX_POINT('',#5504);
#1651=VERTEX_POINT('',#5508);
#1652=VERTEX_POINT('',#5510);
#1653=VERTEX_POINT('',#5514);
#1654=VERTEX_POINT('',#5518);
#1655=VERTEX_POINT('',#5522);
#1656=VERTEX_POINT('',#5526);
#1657=VERTEX_POINT('',#5530);
#1658=VERTEX_POINT('',#5534);
#1659=VERTEX_POINT('',#5538);
#1660=VERTEX_POINT('',#5542);
#1661=VERTEX_POINT('',#5546);
#1662=VERTEX_POINT('',#5550);
#1663=VERTEX_POINT('',#5554);
#1664=VERTEX_POINT('',#5558);
#1665=VERTEX_POINT('',#5562);
#1666=VERTEX_POINT('',#5566);
#1667=VERTEX_POINT('',#5573);
#1668=VERTEX_POINT('',#5574);
#1669=VERTEX_POINT('',#5576);
#1670=VERTEX_POINT('',#5578);
#1671=VERTEX_POINT('',#5582);
#1672=VERTEX_POINT('',#5584);
#1673=VERTEX_POINT('',#5588);
#1674=VERTEX_POINT('',#5590);
#1675=VERTEX_POINT('',#5598);
#1676=VERTEX_POINT('',#5600);
#1677=VERTEX_POINT('',#5602);
#1678=VERTEX_POINT('',#5604);
#1679=VERTEX_POINT('',#5606);
#1680=VERTEX_POINT('',#5608);
#1681=VERTEX_POINT('',#5610);
#1682=VERTEX_POINT('',#5612);
#1683=VERTEX_POINT('',#5614);
#1684=VERTEX_POINT('',#5616);
#1685=VERTEX_POINT('',#5618);
#1686=VERTEX_POINT('',#5620);
#1687=VERTEX_POINT('',#5622);
#1688=VERTEX_POINT('',#5624);
#1689=VERTEX_POINT('',#5626);
#1690=VERTEX_POINT('',#5628);
#1691=VERTEX_POINT('',#5631);
#1692=VERTEX_POINT('',#5633);
#1693=VERTEX_POINT('',#5635);
#1694=VERTEX_POINT('',#5637);
#1695=VERTEX_POINT('',#5639);
#1696=VERTEX_POINT('',#5641);
#1697=VERTEX_POINT('',#5644);
#1698=VERTEX_POINT('',#5648);
#1699=VERTEX_POINT('',#5652);
#1700=VERTEX_POINT('',#5656);
#1701=VERTEX_POINT('',#5660);
#1702=VERTEX_POINT('',#5664);
#1703=VERTEX_POINT('',#5668);
#1704=VERTEX_POINT('',#5670);
#1705=VERTEX_POINT('',#5674);
#1706=VERTEX_POINT('',#5678);
#1707=VERTEX_POINT('',#5682);
#1708=VERTEX_POINT('',#5686);
#1709=VERTEX_POINT('',#5690);
#1710=VERTEX_POINT('',#5694);
#1711=VERTEX_POINT('',#5698);
#1712=VERTEX_POINT('',#5702);
#1713=VERTEX_POINT('',#5706);
#1714=VERTEX_POINT('',#5710);
#1715=VERTEX_POINT('',#5714);
#1716=VERTEX_POINT('',#5718);
#1717=VERTEX_POINT('',#5722);
#1718=VERTEX_POINT('',#5726);
#1719=VERTEX_POINT('',#5733);
#1720=VERTEX_POINT('',#5734);
#1721=VERTEX_POINT('',#5736);
#1722=VERTEX_POINT('',#5738);
#1723=VERTEX_POINT('',#5742);
#1724=VERTEX_POINT('',#5744);
#1725=VERTEX_POINT('',#5748);
#1726=VERTEX_POINT('',#5750);
#1727=VERTEX_POINT('',#5758);
#1728=VERTEX_POINT('',#5759);
#1729=VERTEX_POINT('',#5761);
#1730=VERTEX_POINT('',#5763);
#1731=VERTEX_POINT('',#5767);
#1732=VERTEX_POINT('',#5769);
#1733=VERTEX_POINT('',#5773);
#1734=VERTEX_POINT('',#5775);
#1735=VERTEX_POINT('',#5783);
#1736=VERTEX_POINT('',#5784);
#1737=VERTEX_POINT('',#5786);
#1738=VERTEX_POINT('',#5788);
#1739=VERTEX_POINT('',#5790);
#1740=VERTEX_POINT('',#5794);
#1741=VERTEX_POINT('',#5796);
#1742=VERTEX_POINT('',#5800);
#1743=VERTEX_POINT('',#5802);
#1744=VERTEX_POINT('',#5804);
#1745=VERTEX_POINT('',#5814);
#1746=VERTEX_POINT('',#5815);
#1747=VERTEX_POINT('',#5817);
#1748=VERTEX_POINT('',#5819);
#1749=VERTEX_POINT('',#5823);
#1750=VERTEX_POINT('',#5825);
#1751=VERTEX_POINT('',#5829);
#1752=VERTEX_POINT('',#5831);
#1753=VERTEX_POINT('',#5839);
#1754=VERTEX_POINT('',#5840);
#1755=VERTEX_POINT('',#5842);
#1756=VERTEX_POINT('',#5844);
#1757=VERTEX_POINT('',#5848);
#1758=VERTEX_POINT('',#5850);
#1759=VERTEX_POINT('',#5854);
#1760=VERTEX_POINT('',#5856);
#1761=VERTEX_POINT('',#5864);
#1762=VERTEX_POINT('',#5865);
#1763=VERTEX_POINT('',#5867);
#1764=VERTEX_POINT('',#5869);
#1765=VERTEX_POINT('',#5873);
#1766=VERTEX_POINT('',#5875);
#1767=VERTEX_POINT('',#5879);
#1768=VERTEX_POINT('',#5881);
#1769=VERTEX_POINT('',#5889);
#1770=VERTEX_POINT('',#5890);
#1771=VERTEX_POINT('',#5892);
#1772=VERTEX_POINT('',#5894);
#1773=VERTEX_POINT('',#5898);
#1774=VERTEX_POINT('',#5900);
#1775=VERTEX_POINT('',#5904);
#1776=VERTEX_POINT('',#5906);
#1777=VERTEX_POINT('',#5913);
#1778=VERTEX_POINT('',#5914);
#1779=VERTEX_POINT('',#5916);
#1780=VERTEX_POINT('',#5918);
#1781=VERTEX_POINT('',#5920);
#1782=VERTEX_POINT('',#5922);
#1783=VERTEX_POINT('',#5924);
#1784=VERTEX_POINT('',#5926);
#1785=VERTEX_POINT('',#5928);
#1786=VERTEX_POINT('',#5930);
#1787=VERTEX_POINT('',#5932);
#1788=VERTEX_POINT('',#5934);
#1789=VERTEX_POINT('',#5936);
#1790=VERTEX_POINT('',#5938);
#1791=VERTEX_POINT('',#5940);
#1792=VERTEX_POINT('',#5942);
#1793=VERTEX_POINT('',#5945);
#1794=VERTEX_POINT('',#5947);
#1795=VERTEX_POINT('',#5949);
#1796=VERTEX_POINT('',#5951);
#1797=VERTEX_POINT('',#5953);
#1798=VERTEX_POINT('',#5955);
#1799=VERTEX_POINT('',#5958);
#1800=VERTEX_POINT('',#5962);
#1801=VERTEX_POINT('',#5966);
#1802=VERTEX_POINT('',#5970);
#1803=VERTEX_POINT('',#5974);
#1804=VERTEX_POINT('',#5978);
#1805=VERTEX_POINT('',#5982);
#1806=VERTEX_POINT('',#5984);
#1807=VERTEX_POINT('',#5988);
#1808=VERTEX_POINT('',#5992);
#1809=VERTEX_POINT('',#5996);
#1810=VERTEX_POINT('',#6000);
#1811=VERTEX_POINT('',#6004);
#1812=VERTEX_POINT('',#6008);
#1813=VERTEX_POINT('',#6012);
#1814=VERTEX_POINT('',#6016);
#1815=VERTEX_POINT('',#6020);
#1816=VERTEX_POINT('',#6024);
#1817=VERTEX_POINT('',#6028);
#1818=VERTEX_POINT('',#6032);
#1819=VERTEX_POINT('',#6036);
#1820=VERTEX_POINT('',#6040);
#1821=VERTEX_POINT('',#6047);
#1822=VERTEX_POINT('',#6048);
#1823=VERTEX_POINT('',#6050);
#1824=VERTEX_POINT('',#6052);
#1825=VERTEX_POINT('',#6056);
#1826=VERTEX_POINT('',#6058);
#1827=VERTEX_POINT('',#6062);
#1828=VERTEX_POINT('',#6064);
#1829=VERTEX_POINT('',#6072);
#1830=VERTEX_POINT('',#6074);
#1831=VERTEX_POINT('',#6076);
#1832=VERTEX_POINT('',#6078);
#1833=VERTEX_POINT('',#6080);
#1834=VERTEX_POINT('',#6082);
#1835=VERTEX_POINT('',#6084);
#1836=VERTEX_POINT('',#6086);
#1837=VERTEX_POINT('',#6088);
#1838=VERTEX_POINT('',#6090);
#1839=VERTEX_POINT('',#6092);
#1840=VERTEX_POINT('',#6094);
#1841=VERTEX_POINT('',#6096);
#1842=VERTEX_POINT('',#6098);
#1843=VERTEX_POINT('',#6100);
#1844=VERTEX_POINT('',#6102);
#1845=VERTEX_POINT('',#6105);
#1846=VERTEX_POINT('',#6107);
#1847=VERTEX_POINT('',#6109);
#1848=VERTEX_POINT('',#6111);
#1849=VERTEX_POINT('',#6113);
#1850=VERTEX_POINT('',#6115);
#1851=VERTEX_POINT('',#6118);
#1852=VERTEX_POINT('',#6122);
#1853=VERTEX_POINT('',#6126);
#1854=VERTEX_POINT('',#6130);
#1855=VERTEX_POINT('',#6134);
#1856=VERTEX_POINT('',#6138);
#1857=VERTEX_POINT('',#6142);
#1858=VERTEX_POINT('',#6144);
#1859=VERTEX_POINT('',#6148);
#1860=VERTEX_POINT('',#6152);
#1861=VERTEX_POINT('',#6156);
#1862=VERTEX_POINT('',#6160);
#1863=VERTEX_POINT('',#6164);
#1864=VERTEX_POINT('',#6168);
#1865=VERTEX_POINT('',#6172);
#1866=VERTEX_POINT('',#6176);
#1867=VERTEX_POINT('',#6180);
#1868=VERTEX_POINT('',#6184);
#1869=VERTEX_POINT('',#6188);
#1870=VERTEX_POINT('',#6192);
#1871=VERTEX_POINT('',#6196);
#1872=VERTEX_POINT('',#6200);
#1873=VERTEX_POINT('',#6207);
#1874=VERTEX_POINT('',#6208);
#1875=VERTEX_POINT('',#6210);
#1876=VERTEX_POINT('',#6212);
#1877=VERTEX_POINT('',#6216);
#1878=VERTEX_POINT('',#6218);
#1879=VERTEX_POINT('',#6222);
#1880=VERTEX_POINT('',#6224);
#1881=VERTEX_POINT('',#6233);
#1882=VERTEX_POINT('',#6234);
#1883=VERTEX_POINT('',#6236);
#1884=VERTEX_POINT('',#6238);
#1885=VERTEX_POINT('',#6242);
#1886=VERTEX_POINT('',#6244);
#1887=VERTEX_POINT('',#6248);
#1888=VERTEX_POINT('',#6250);
#1889=VERTEX_POINT('',#6259);
#1890=VERTEX_POINT('',#6260);
#1891=VERTEX_POINT('',#6262);
#1892=VERTEX_POINT('',#6264);
#1893=VERTEX_POINT('',#6268);
#1894=VERTEX_POINT('',#6270);
#1895=VERTEX_POINT('',#6274);
#1896=VERTEX_POINT('',#6276);
#1897=VERTEX_POINT('',#6285);
#1898=VERTEX_POINT('',#6286);
#1899=VERTEX_POINT('',#6288);
#1900=VERTEX_POINT('',#6290);
#1901=VERTEX_POINT('',#6294);
#1902=VERTEX_POINT('',#6296);
#1903=VERTEX_POINT('',#6300);
#1904=VERTEX_POINT('',#6302);
#1905=EDGE_CURVE('',#1555,#1556,#743,.T.);
#1906=EDGE_CURVE('',#1557,#1555,#744,.T.);
#1907=EDGE_CURVE('',#1557,#1558,#745,.T.);
#1908=EDGE_CURVE('',#1558,#1556,#746,.T.);
#1909=EDGE_CURVE('',#1559,#1555,#747,.T.);
#1910=EDGE_CURVE('',#1560,#1559,#748,.T.);
#1911=EDGE_CURVE('',#1560,#1557,#749,.T.);
#1912=EDGE_CURVE('',#1561,#1559,#750,.T.);
#1913=EDGE_CURVE('',#1562,#1561,#751,.T.);
#1914=EDGE_CURVE('',#1562,#1560,#752,.T.);
#1915=EDGE_CURVE('',#1556,#1561,#753,.T.);
#1916=EDGE_CURVE('',#1558,#1562,#754,.T.);
#1917=EDGE_CURVE('',#1563,#1564,#755,.F.);
#1918=EDGE_CURVE('',#1564,#1565,#756,.F.);
#1919=EDGE_CURVE('',#1565,#1566,#757,.F.);
#1920=EDGE_CURVE('',#1563,#1566,#758,.T.);
#1921=EDGE_CURVE('',#1564,#1567,#759,.F.);
#1922=EDGE_CURVE('',#1567,#1568,#760,.F.);
#1923=EDGE_CURVE('',#1568,#1565,#761,.F.);
#1924=EDGE_CURVE('',#1567,#1569,#762,.F.);
#1925=EDGE_CURVE('',#1569,#1570,#763,.F.);
#1926=EDGE_CURVE('',#1570,#1568,#764,.F.);
#1927=EDGE_CURVE('',#1569,#1563,#765,.F.);
#1928=EDGE_CURVE('',#1566,#1570,#766,.F.);
#1929=EDGE_CURVE('',#1571,#1572,#767,.F.);
#1930=EDGE_CURVE('',#1572,#1573,#768,.F.);
#1931=EDGE_CURVE('',#1573,#1574,#769,.F.);
#1932=EDGE_CURVE('',#1571,#1574,#770,.T.);
#1933=EDGE_CURVE('',#1572,#1575,#771,.F.);
#1934=EDGE_CURVE('',#1575,#1576,#772,.F.);
#1935=EDGE_CURVE('',#1576,#1573,#773,.F.);
#1936=EDGE_CURVE('',#1575,#1577,#774,.F.);
#1937=EDGE_CURVE('',#1577,#1578,#775,.F.);
#1938=EDGE_CURVE('',#1578,#1576,#776,.F.);
#1939=EDGE_CURVE('',#1577,#1571,#777,.F.);
#1940=EDGE_CURVE('',#1574,#1578,#778,.F.);
#1941=EDGE_CURVE('',#1579,#1580,#779,.T.);
#1942=EDGE_CURVE('',#1579,#1581,#780,.F.);
#1943=EDGE_CURVE('',#1582,#1581,#781,.T.);
#1944=EDGE_CURVE('',#1582,#1583,#782,.T.);
#1945=EDGE_CURVE('',#1584,#1583,#783,.T.);
#1946=EDGE_CURVE('',#1584,#1580,#784,.F.);
#1947=EDGE_CURVE('',#1585,#1586,#785,.T.);
#1948=EDGE_CURVE('',#1585,#1587,#786,.T.);
#1949=EDGE_CURVE('',#1588,#1587,#787,.T.);
#1950=EDGE_CURVE('',#1588,#1589,#788,.F.);
#1951=EDGE_CURVE('',#1589,#1590,#789,.F.);
#1952=EDGE_CURVE('',#1590,#1586,#790,.F.);
#1953=EDGE_CURVE('',#1589,#1579,#791,.F.);
#1954=EDGE_CURVE('',#1580,#1590,#792,.F.);
#1955=EDGE_CURVE('',#1586,#1584,#793,.T.);
#1956=EDGE_CURVE('',#1583,#1585,#794,.T.);
#1957=EDGE_CURVE('',#1587,#1582,#795,.T.);
#1958=EDGE_CURVE('',#1591,#1592,#23,.T.);
#1959=EDGE_CURVE('',#1592,#1593,#796,.T.);
#1960=EDGE_CURVE('',#1593,#1594,#24,.F.);
#1961=EDGE_CURVE('',#1591,#1594,#797,.T.);
#1962=EDGE_CURVE('',#1595,#1591,#798,.T.);
#1963=EDGE_CURVE('',#1594,#1596,#799,.F.);
#1964=EDGE_CURVE('',#1595,#1596,#800,.T.);
#1965=EDGE_CURVE('',#1592,#1597,#801,.T.);
#1966=EDGE_CURVE('',#1597,#1598,#802,.T.);
#1967=EDGE_CURVE('',#1598,#1593,#803,.F.);
#1968=EDGE_CURVE('',#1597,#1595,#25,.T.);
#1969=EDGE_CURVE('',#1596,#1598,#26,.F.);
#1970=EDGE_CURVE('',#1599,#1600,#804,.T.);
#1971=EDGE_CURVE('',#1600,#1601,#805,.F.);
#1972=EDGE_CURVE('',#1601,#1602,#806,.F.);
#1973=EDGE_CURVE('',#1599,#1602,#807,.T.);
#1974=EDGE_CURVE('',#1600,#1603,#808,.T.);
#1975=EDGE_CURVE('',#1603,#1604,#809,.F.);
#1976=EDGE_CURVE('',#1604,#1601,#810,.F.);
#1977=EDGE_CURVE('',#1603,#1605,#811,.T.);
#1978=EDGE_CURVE('',#1605,#1606,#812,.F.);
#1979=EDGE_CURVE('',#1606,#1604,#813,.F.);
#1980=EDGE_CURVE('',#1605,#1599,#814,.T.);
#1981=EDGE_CURVE('',#1602,#1606,#815,.F.);
#1982=EDGE_CURVE('',#1607,#1608,#816,.T.);
#1983=EDGE_CURVE('',#1608,#1609,#817,.F.);
#1984=EDGE_CURVE('',#1609,#1610,#818,.F.);
#1985=EDGE_CURVE('',#1607,#1610,#819,.T.);
#1986=EDGE_CURVE('',#1608,#1611,#820,.T.);
#1987=EDGE_CURVE('',#1611,#1612,#821,.F.);
#1988=EDGE_CURVE('',#1612,#1609,#822,.F.);
#1989=EDGE_CURVE('',#1611,#1613,#823,.T.);
#1990=EDGE_CURVE('',#1613,#1614,#824,.F.);
#1991=EDGE_CURVE('',#1614,#1612,#825,.F.);
#1992=EDGE_CURVE('',#1613,#1607,#826,.T.);
#1993=EDGE_CURVE('',#1610,#1614,#827,.F.);
#1994=EDGE_CURVE('',#1615,#1616,#828,.T.);
#1995=EDGE_CURVE('',#1615,#1617,#829,.T.);
#1996=EDGE_CURVE('',#1617,#1618,#830,.T.);
#1997=EDGE_CURVE('',#1616,#1618,#831,.F.);
#1998=EDGE_CURVE('',#1616,#1619,#832,.T.);
#1999=EDGE_CURVE('',#1618,#1620,#833,.T.);
#2000=EDGE_CURVE('',#1619,#1620,#834,.F.);
#2001=EDGE_CURVE('',#1619,#1621,#835,.T.);
#2002=EDGE_CURVE('',#1620,#1622,#836,.T.);
#2003=EDGE_CURVE('',#1621,#1622,#837,.F.);
#2004=EDGE_CURVE('',#1621,#1615,#838,.T.);
#2005=EDGE_CURVE('',#1622,#1617,#839,.T.);
#2006=EDGE_CURVE('',#1623,#1624,#27,.F.);
#2007=EDGE_CURVE('',#1624,#1625,#840,.F.);
#2008=EDGE_CURVE('',#1625,#1626,#28,.F.);
#2009=EDGE_CURVE('',#1626,#1627,#841,.F.);
#2010=EDGE_CURVE('',#1627,#1628,#29,.F.);
#2011=EDGE_CURVE('',#1628,#1629,#842,.F.);
#2012=EDGE_CURVE('',#1629,#1630,#30,.F.);
#2013=EDGE_CURVE('',#1630,#1631,#843,.F.);
#2014=EDGE_CURVE('',#1631,#1632,#31,.F.);
#2015=EDGE_CURVE('',#1632,#1633,#844,.F.);
#2016=EDGE_CURVE('',#1633,#1634,#32,.F.);
#2017=EDGE_CURVE('',#1634,#1635,#845,.F.);
#2018=EDGE_CURVE('',#1635,#1636,#33,.F.);
#2019=EDGE_CURVE('',#1636,#1637,#846,.F.);
#2020=EDGE_CURVE('',#1637,#1638,#34,.F.);
#2021=EDGE_CURVE('',#1638,#1623,#847,.F.);
#2022=EDGE_CURVE('',#1639,#1639,#35,.F.);
#2023=EDGE_CURVE('',#1640,#1640,#36,.F.);
#2024=EDGE_CURVE('',#1641,#1641,#37,.F.);
#2025=EDGE_CURVE('',#1642,#1642,#38,.F.);
#2026=EDGE_CURVE('',#1643,#1643,#39,.F.);
#2027=EDGE_CURVE('',#1644,#1644,#40,.F.);
#2028=EDGE_CURVE('',#1645,#1645,#41,.F.);
#2029=EDGE_CURVE('',#1645,#1644,#848,.T.);
#2030=EDGE_CURVE('',#1646,#1646,#42,.F.);
#2031=EDGE_CURVE('',#1646,#1643,#849,.T.);
#2032=EDGE_CURVE('',#1647,#1647,#43,.F.);
#2033=EDGE_CURVE('',#1647,#1642,#850,.T.);
#2034=EDGE_CURVE('',#1648,#1648,#44,.F.);
#2035=EDGE_CURVE('',#1648,#1641,#851,.T.);
#2036=EDGE_CURVE('',#1649,#1649,#45,.F.);
#2037=EDGE_CURVE('',#1649,#1640,#852,.T.);
#2038=EDGE_CURVE('',#1650,#1650,#46,.F.);
#2039=EDGE_CURVE('',#1650,#1639,#853,.T.);
#2040=EDGE_CURVE('',#1651,#1624,#854,.T.);
#2041=EDGE_CURVE('',#1652,#1651,#855,.F.);
#2042=EDGE_CURVE('',#1625,#1652,#856,.T.);
#2043=EDGE_CURVE('',#1653,#1652,#47,.F.);
#2044=EDGE_CURVE('',#1626,#1653,#857,.T.);
#2045=EDGE_CURVE('',#1654,#1653,#858,.F.);
#2046=EDGE_CURVE('',#1627,#1654,#859,.T.);
#2047=EDGE_CURVE('',#1655,#1654,#48,.F.);
#2048=EDGE_CURVE('',#1628,#1655,#860,.T.);
#2049=EDGE_CURVE('',#1656,#1655,#861,.F.);
#2050=EDGE_CURVE('',#1629,#1656,#862,.T.);
#2051=EDGE_CURVE('',#1657,#1656,#49,.F.);
#2052=EDGE_CURVE('',#1630,#1657,#863,.T.);
#2053=EDGE_CURVE('',#1658,#1657,#864,.F.);
#2054=EDGE_CURVE('',#1631,#1658,#865,.T.);
#2055=EDGE_CURVE('',#1659,#1658,#50,.F.);
#2056=EDGE_CURVE('',#1632,#1659,#866,.T.);
#2057=EDGE_CURVE('',#1660,#1659,#867,.F.);
#2058=EDGE_CURVE('',#1633,#1660,#868,.T.);
#2059=EDGE_CURVE('',#1661,#1660,#51,.F.);
#2060=EDGE_CURVE('',#1634,#1661,#869,.T.);
#2061=EDGE_CURVE('',#1662,#1661,#870,.F.);
#2062=EDGE_CURVE('',#1635,#1662,#871,.T.);
#2063=EDGE_CURVE('',#1663,#1662,#52,.F.);
#2064=EDGE_CURVE('',#1636,#1663,#872,.T.);
#2065=EDGE_CURVE('',#1664,#1663,#873,.F.);
#2066=EDGE_CURVE('',#1637,#1664,#874,.T.);
#2067=EDGE_CURVE('',#1665,#1664,#53,.F.);
#2068=EDGE_CURVE('',#1638,#1665,#875,.T.);
#2069=EDGE_CURVE('',#1666,#1665,#876,.F.);
#2070=EDGE_CURVE('',#1623,#1666,#877,.T.);
#2071=EDGE_CURVE('',#1651,#1666,#54,.F.);
#2072=EDGE_CURVE('',#1667,#1668,#878,.T.);
#2073=EDGE_CURVE('',#1668,#1669,#879,.F.);
#2074=EDGE_CURVE('',#1669,#1670,#880,.F.);
#2075=EDGE_CURVE('',#1667,#1670,#881,.T.);
#2076=EDGE_CURVE('',#1668,#1671,#882,.T.);
#2077=EDGE_CURVE('',#1671,#1672,#883,.F.);
#2078=EDGE_CURVE('',#1672,#1669,#884,.F.);
#2079=EDGE_CURVE('',#1671,#1673,#885,.T.);
#2080=EDGE_CURVE('',#1673,#1674,#886,.F.);
#2081=EDGE_CURVE('',#1674,#1672,#887,.F.);
#2082=EDGE_CURVE('',#1673,#1667,#888,.T.);
#2083=EDGE_CURVE('',#1670,#1674,#889,.F.);
#2084=EDGE_CURVE('',#1675,#1588,#890,.F.);
#2085=EDGE_CURVE('',#1676,#1675,#55,.F.);
#2086=EDGE_CURVE('',#1677,#1676,#891,.F.);
#2087=EDGE_CURVE('',#1678,#1677,#56,.F.);
#2088=EDGE_CURVE('',#1679,#1678,#892,.F.);
#2089=EDGE_CURVE('',#1680,#1679,#57,.F.);
#2090=EDGE_CURVE('',#1681,#1680,#893,.F.);
#2091=EDGE_CURVE('',#1682,#1681,#58,.F.);
#2092=EDGE_CURVE('',#1683,#1682,#894,.F.);
#2093=EDGE_CURVE('',#1684,#1683,#59,.F.);
#2094=EDGE_CURVE('',#1685,#1684,#895,.F.);
#2095=EDGE_CURVE('',#1686,#1685,#60,.F.);
#2096=EDGE_CURVE('',#1687,#1686,#896,.F.);
#2097=EDGE_CURVE('',#1688,#1687,#61,.F.);
#2098=EDGE_CURVE('',#1689,#1688,#897,.F.);
#2099=EDGE_CURVE('',#1690,#1689,#62,.F.);
#2100=EDGE_CURVE('',#1581,#1690,#898,.F.);
#2101=EDGE_CURVE('',#1691,#1691,#63,.F.);
#2102=EDGE_CURVE('',#1692,#1692,#64,.F.);
#2103=EDGE_CURVE('',#1693,#1693,#65,.F.);
#2104=EDGE_CURVE('',#1694,#1694,#66,.F.);
#2105=EDGE_CURVE('',#1695,#1695,#67,.F.);
#2106=EDGE_CURVE('',#1696,#1696,#68,.F.);
#2107=EDGE_CURVE('',#1691,#1697,#899,.T.);
#2108=EDGE_CURVE('',#1697,#1697,#69,.F.);
#2109=EDGE_CURVE('',#1692,#1698,#900,.T.);
#2110=EDGE_CURVE('',#1698,#1698,#70,.F.);
#2111=EDGE_CURVE('',#1693,#1699,#901,.T.);
#2112=EDGE_CURVE('',#1699,#1699,#71,.F.);
#2113=EDGE_CURVE('',#1694,#1700,#902,.T.);
#2114=EDGE_CURVE('',#1700,#1700,#72,.F.);
#2115=EDGE_CURVE('',#1695,#1701,#903,.T.);
#2116=EDGE_CURVE('',#1701,#1701,#73,.F.);
#2117=EDGE_CURVE('',#1696,#1702,#904,.T.);
#2118=EDGE_CURVE('',#1702,#1702,#74,.F.);
#2119=EDGE_CURVE('',#1703,#1679,#905,.T.);
#2120=EDGE_CURVE('',#1678,#1704,#906,.T.);
#2121=EDGE_CURVE('',#1704,#1703,#907,.F.);
#2122=EDGE_CURVE('',#1677,#1705,#908,.T.);
#2123=EDGE_CURVE('',#1705,#1704,#75,.F.);
#2124=EDGE_CURVE('',#1676,#1706,#909,.T.);
#2125=EDGE_CURVE('',#1706,#1705,#910,.F.);
#2126=EDGE_CURVE('',#1675,#1707,#911,.T.);
#2127=EDGE_CURVE('',#1707,#1706,#76,.F.);
#2128=EDGE_CURVE('',#1690,#1708,#912,.T.);
#2129=EDGE_CURVE('',#1708,#1707,#913,.F.);
#2130=EDGE_CURVE('',#1689,#1709,#914,.T.);
#2131=EDGE_CURVE('',#1709,#1708,#77,.F.);
#2132=EDGE_CURVE('',#1688,#1710,#915,.T.);
#2133=EDGE_CURVE('',#1710,#1709,#916,.F.);
#2134=EDGE_CURVE('',#1687,#1711,#917,.T.);
#2135=EDGE_CURVE('',#1711,#1710,#78,.F.);
#2136=EDGE_CURVE('',#1686,#1712,#918,.T.);
#2137=EDGE_CURVE('',#1712,#1711,#919,.F.);
#2138=EDGE_CURVE('',#1685,#1713,#920,.T.);
#2139=EDGE_CURVE('',#1713,#1712,#79,.F.);
#2140=EDGE_CURVE('',#1684,#1714,#921,.T.);
#2141=EDGE_CURVE('',#1714,#1713,#922,.F.);
#2142=EDGE_CURVE('',#1683,#1715,#923,.T.);
#2143=EDGE_CURVE('',#1715,#1714,#80,.F.);
#2144=EDGE_CURVE('',#1682,#1716,#924,.T.);
#2145=EDGE_CURVE('',#1716,#1715,#925,.F.);
#2146=EDGE_CURVE('',#1681,#1717,#926,.T.);
#2147=EDGE_CURVE('',#1717,#1716,#81,.F.);
#2148=EDGE_CURVE('',#1680,#1718,#927,.T.);
#2149=EDGE_CURVE('',#1718,#1717,#928,.F.);
#2150=EDGE_CURVE('',#1703,#1718,#82,.F.);
#2151=EDGE_CURVE('',#1719,#1720,#929,.T.);
#2152=EDGE_CURVE('',#1719,#1721,#930,.T.);
#2153=EDGE_CURVE('',#1722,#1721,#931,.T.);
#2154=EDGE_CURVE('',#1720,#1722,#932,.T.);
#2155=EDGE_CURVE('',#1720,#1723,#933,.T.);
#2156=EDGE_CURVE('',#1724,#1722,#934,.T.);
#2157=EDGE_CURVE('',#1723,#1724,#935,.T.);
#2158=EDGE_CURVE('',#1723,#1725,#936,.T.);
#2159=EDGE_CURVE('',#1726,#1724,#937,.T.);
#2160=EDGE_CURVE('',#1725,#1726,#938,.T.);
#2161=EDGE_CURVE('',#1725,#1719,#939,.T.);
#2162=EDGE_CURVE('',#1721,#1726,#940,.T.);
#2163=EDGE_CURVE('',#1727,#1728,#941,.T.);
#2164=EDGE_CURVE('',#1727,#1729,#942,.T.);
#2165=EDGE_CURVE('',#1730,#1729,#943,.T.);
#2166=EDGE_CURVE('',#1728,#1730,#944,.T.);
#2167=EDGE_CURVE('',#1728,#1731,#945,.T.);
#2168=EDGE_CURVE('',#1732,#1730,#946,.T.);
#2169=EDGE_CURVE('',#1731,#1732,#947,.T.);
#2170=EDGE_CURVE('',#1731,#1733,#948,.T.);
#2171=EDGE_CURVE('',#1734,#1732,#949,.T.);
#2172=EDGE_CURVE('',#1733,#1734,#950,.T.);
#2173=EDGE_CURVE('',#1733,#1727,#951,.T.);
#2174=EDGE_CURVE('',#1729,#1734,#952,.T.);
#2175=EDGE_CURVE('',#1735,#1736,#953,.T.);
#2176=EDGE_CURVE('',#1735,#1737,#954,.T.);
#2177=EDGE_CURVE('',#1738,#1737,#955,.T.);
#2178=EDGE_CURVE('',#1739,#1738,#956,.T.);
#2179=EDGE_CURVE('',#1736,#1739,#957,.T.);
#2180=EDGE_CURVE('',#1739,#1740,#958,.T.);
#2181=EDGE_CURVE('',#1741,#1738,#959,.T.);
#2182=EDGE_CURVE('',#1740,#1741,#960,.T.);
#2183=EDGE_CURVE('',#1740,#1742,#961,.T.);
#2184=EDGE_CURVE('',#1743,#1741,#962,.T.);
#2185=EDGE_CURVE('',#1744,#1743,#963,.T.);
#2186=EDGE_CURVE('',#1742,#1744,#964,.T.);
#2187=EDGE_CURVE('',#1744,#1735,#965,.T.);
#2188=EDGE_CURVE('',#1737,#1743,#966,.T.);
#2189=EDGE_CURVE('',#1742,#1736,#967,.T.);
#2190=EDGE_CURVE('',#1745,#1746,#83,.T.);
#2191=EDGE_CURVE('',#1745,#1747,#968,.T.);
#2192=EDGE_CURVE('',#1748,#1747,#84,.T.);
#2193=EDGE_CURVE('',#1746,#1748,#969,.T.);
#2194=EDGE_CURVE('',#1749,#1745,#970,.T.);
#2195=EDGE_CURVE('',#1749,#1750,#971,.T.);
#2196=EDGE_CURVE('',#1747,#1750,#972,.T.);
#2197=EDGE_CURVE('',#1746,#1751,#973,.T.);
#2198=EDGE_CURVE('',#1752,#1748,#974,.T.);
#2199=EDGE_CURVE('',#1751,#1752,#975,.T.);
#2200=EDGE_CURVE('',#1751,#1749,#85,.T.);
#2201=EDGE_CURVE('',#1750,#1752,#86,.T.);
#2202=EDGE_CURVE('',#1753,#1754,#976,.T.);
#2203=EDGE_CURVE('',#1753,#1755,#977,.T.);
#2204=EDGE_CURVE('',#1756,#1755,#978,.T.);
#2205=EDGE_CURVE('',#1754,#1756,#979,.T.);
#2206=EDGE_CURVE('',#1754,#1757,#980,.T.);
#2207=EDGE_CURVE('',#1758,#1756,#981,.T.);
#2208=EDGE_CURVE('',#1757,#1758,#982,.T.);
#2209=EDGE_CURVE('',#1757,#1759,#983,.T.);
#2210=EDGE_CURVE('',#1760,#1758,#984,.T.);
#2211=EDGE_CURVE('',#1759,#1760,#985,.T.);
#2212=EDGE_CURVE('',#1759,#1753,#986,.T.);
#2213=EDGE_CURVE('',#1755,#1760,#987,.T.);
#2214=EDGE_CURVE('',#1761,#1762,#988,.T.);
#2215=EDGE_CURVE('',#1761,#1763,#989,.T.);
#2216=EDGE_CURVE('',#1764,#1763,#990,.T.);
#2217=EDGE_CURVE('',#1762,#1764,#991,.T.);
#2218=EDGE_CURVE('',#1762,#1765,#992,.T.);
#2219=EDGE_CURVE('',#1766,#1764,#993,.T.);
#2220=EDGE_CURVE('',#1765,#1766,#994,.T.);
#2221=EDGE_CURVE('',#1765,#1767,#995,.T.);
#2222=EDGE_CURVE('',#1768,#1766,#996,.T.);
#2223=EDGE_CURVE('',#1767,#1768,#997,.T.);
#2224=EDGE_CURVE('',#1767,#1761,#998,.T.);
#2225=EDGE_CURVE('',#1763,#1768,#999,.T.);
#2226=EDGE_CURVE('',#1769,#1770,#1000,.T.);
#2227=EDGE_CURVE('',#1770,#1771,#1001,.F.);
#2228=EDGE_CURVE('',#1772,#1771,#1002,.T.);
#2229=EDGE_CURVE('',#1769,#1772,#1003,.T.);
#2230=EDGE_CURVE('',#1770,#1773,#1004,.T.);
#2231=EDGE_CURVE('',#1773,#1774,#1005,.F.);
#2232=EDGE_CURVE('',#1771,#1774,#1006,.T.);
#2233=EDGE_CURVE('',#1773,#1775,#1007,.T.);
#2234=EDGE_CURVE('',#1775,#1776,#1008,.F.);
#2235=EDGE_CURVE('',#1774,#1776,#1009,.T.);
#2236=EDGE_CURVE('',#1775,#1769,#1010,.T.);
#2237=EDGE_CURVE('',#1776,#1772,#1011,.T.);
#2238=EDGE_CURVE('',#1777,#1778,#87,.F.);
#2239=EDGE_CURVE('',#1779,#1777,#1012,.F.);
#2240=EDGE_CURVE('',#1780,#1779,#88,.F.);
#2241=EDGE_CURVE('',#1781,#1780,#1013,.F.);
#2242=EDGE_CURVE('',#1782,#1781,#89,.F.);
#2243=EDGE_CURVE('',#1783,#1782,#1014,.F.);
#2244=EDGE_CURVE('',#1784,#1783,#90,.F.);
#2245=EDGE_CURVE('',#1785,#1784,#1015,.F.);
#2246=EDGE_CURVE('',#1786,#1785,#91,.F.);
#2247=EDGE_CURVE('',#1787,#1786,#1016,.F.);
#2248=EDGE_CURVE('',#1788,#1787,#92,.F.);
#2249=EDGE_CURVE('',#1789,#1788,#1017,.F.);
#2250=EDGE_CURVE('',#1790,#1789,#93,.F.);
#2251=EDGE_CURVE('',#1791,#1790,#1018,.F.);
#2252=EDGE_CURVE('',#1792,#1791,#94,.F.);
#2253=EDGE_CURVE('',#1778,#1792,#1019,.F.);
#2254=EDGE_CURVE('',#1793,#1793,#95,.F.);
#2255=EDGE_CURVE('',#1794,#1794,#96,.F.);
#2256=EDGE_CURVE('',#1795,#1795,#97,.F.);
#2257=EDGE_CURVE('',#1796,#1796,#98,.F.);
#2258=EDGE_CURVE('',#1797,#1797,#99,.F.);
#2259=EDGE_CURVE('',#1798,#1798,#100,.F.);
#2260=EDGE_CURVE('',#1798,#1799,#1020,.T.);
#2261=EDGE_CURVE('',#1799,#1799,#101,.F.);
#2262=EDGE_CURVE('',#1797,#1800,#1021,.T.);
#2263=EDGE_CURVE('',#1800,#1800,#102,.F.);
#2264=EDGE_CURVE('',#1796,#1801,#1022,.T.);
#2265=EDGE_CURVE('',#1801,#1801,#103,.F.);
#2266=EDGE_CURVE('',#1795,#1802,#1023,.T.);
#2267=EDGE_CURVE('',#1802,#1802,#104,.F.);
#2268=EDGE_CURVE('',#1794,#1803,#1024,.T.);
#2269=EDGE_CURVE('',#1803,#1803,#105,.F.);
#2270=EDGE_CURVE('',#1793,#1804,#1025,.T.);
#2271=EDGE_CURVE('',#1804,#1804,#106,.F.);
#2272=EDGE_CURVE('',#1805,#1778,#1026,.T.);
#2273=EDGE_CURVE('',#1792,#1806,#1027,.T.);
#2274=EDGE_CURVE('',#1806,#1805,#1028,.F.);
#2275=EDGE_CURVE('',#1791,#1807,#1029,.T.);
#2276=EDGE_CURVE('',#1807,#1806,#107,.F.);
#2277=EDGE_CURVE('',#1790,#1808,#1030,.T.);
#2278=EDGE_CURVE('',#1808,#1807,#1031,.F.);
#2279=EDGE_CURVE('',#1789,#1809,#1032,.T.);
#2280=EDGE_CURVE('',#1809,#1808,#108,.F.);
#2281=EDGE_CURVE('',#1788,#1810,#1033,.T.);
#2282=EDGE_CURVE('',#1810,#1809,#1034,.F.);
#2283=EDGE_CURVE('',#1787,#1811,#1035,.T.);
#2284=EDGE_CURVE('',#1811,#1810,#109,.F.);
#2285=EDGE_CURVE('',#1786,#1812,#1036,.T.);
#2286=EDGE_CURVE('',#1812,#1811,#1037,.F.);
#2287=EDGE_CURVE('',#1785,#1813,#1038,.T.);
#2288=EDGE_CURVE('',#1813,#1812,#110,.F.);
#2289=EDGE_CURVE('',#1784,#1814,#1039,.T.);
#2290=EDGE_CURVE('',#1814,#1813,#1040,.F.);
#2291=EDGE_CURVE('',#1783,#1815,#1041,.T.);
#2292=EDGE_CURVE('',#1815,#1814,#111,.F.);
#2293=EDGE_CURVE('',#1782,#1816,#1042,.T.);
#2294=EDGE_CURVE('',#1816,#1815,#1043,.F.);
#2295=EDGE_CURVE('',#1781,#1817,#1044,.T.);
#2296=EDGE_CURVE('',#1817,#1816,#112,.F.);
#2297=EDGE_CURVE('',#1780,#1818,#1045,.T.);
#2298=EDGE_CURVE('',#1818,#1817,#1046,.F.);
#2299=EDGE_CURVE('',#1779,#1819,#1047,.T.);
#2300=EDGE_CURVE('',#1819,#1818,#113,.F.);
#2301=EDGE_CURVE('',#1777,#1820,#1048,.T.);
#2302=EDGE_CURVE('',#1820,#1819,#1049,.F.);
#2303=EDGE_CURVE('',#1805,#1820,#114,.F.);
#2304=EDGE_CURVE('',#1821,#1822,#1050,.T.);
#2305=EDGE_CURVE('',#1821,#1823,#1051,.T.);
#2306=EDGE_CURVE('',#1824,#1823,#1052,.T.);
#2307=EDGE_CURVE('',#1822,#1824,#1053,.T.);
#2308=EDGE_CURVE('',#1822,#1825,#1054,.T.);
#2309=EDGE_CURVE('',#1826,#1824,#1055,.T.);
#2310=EDGE_CURVE('',#1825,#1826,#1056,.T.);
#2311=EDGE_CURVE('',#1825,#1827,#1057,.T.);
#2312=EDGE_CURVE('',#1828,#1826,#1058,.T.);
#2313=EDGE_CURVE('',#1827,#1828,#1059,.T.);
#2314=EDGE_CURVE('',#1827,#1821,#1060,.T.);
#2315=EDGE_CURVE('',#1823,#1828,#1061,.T.);
#2316=EDGE_CURVE('',#1736,#1829,#1062,.T.);
#2317=EDGE_CURVE('',#1829,#1830,#115,.T.);
#2318=EDGE_CURVE('',#1830,#1831,#1063,.T.);
#2319=EDGE_CURVE('',#1831,#1832,#116,.T.);
#2320=EDGE_CURVE('',#1832,#1833,#1064,.T.);
#2321=EDGE_CURVE('',#1833,#1834,#117,.T.);
#2322=EDGE_CURVE('',#1834,#1835,#1065,.T.);
#2323=EDGE_CURVE('',#1835,#1836,#118,.T.);
#2324=EDGE_CURVE('',#1836,#1837,#1066,.T.);
#2325=EDGE_CURVE('',#1837,#1838,#119,.T.);
#2326=EDGE_CURVE('',#1838,#1839,#1067,.T.);
#2327=EDGE_CURVE('',#1839,#1840,#120,.T.);
#2328=EDGE_CURVE('',#1840,#1841,#1068,.T.);
#2329=EDGE_CURVE('',#1841,#1842,#121,.T.);
#2330=EDGE_CURVE('',#1842,#1843,#1069,.T.);
#2331=EDGE_CURVE('',#1843,#1844,#122,.T.);
#2332=EDGE_CURVE('',#1844,#1742,#1070,.T.);
#2333=EDGE_CURVE('',#1845,#1845,#123,.T.);
#2334=EDGE_CURVE('',#1846,#1846,#124,.T.);
#2335=EDGE_CURVE('',#1847,#1847,#125,.T.);
#2336=EDGE_CURVE('',#1848,#1848,#126,.T.);
#2337=EDGE_CURVE('',#1849,#1849,#127,.T.);
#2338=EDGE_CURVE('',#1850,#1850,#128,.T.);
#2339=EDGE_CURVE('',#1851,#1851,#129,.T.);
#2340=EDGE_CURVE('',#1851,#1845,#1071,.T.);
#2341=EDGE_CURVE('',#1852,#1852,#130,.T.);
#2342=EDGE_CURVE('',#1852,#1846,#1072,.T.);
#2343=EDGE_CURVE('',#1853,#1853,#131,.T.);
#2344=EDGE_CURVE('',#1853,#1847,#1073,.T.);
#2345=EDGE_CURVE('',#1854,#1854,#132,.T.);
#2346=EDGE_CURVE('',#1854,#1848,#1074,.T.);
#2347=EDGE_CURVE('',#1855,#1855,#133,.T.);
#2348=EDGE_CURVE('',#1855,#1849,#1075,.T.);
#2349=EDGE_CURVE('',#1856,#1856,#134,.T.);
#2350=EDGE_CURVE('',#1856,#1850,#1076,.T.);
#2351=EDGE_CURVE('',#1857,#1840,#1077,.T.);
#2352=EDGE_CURVE('',#1858,#1857,#1078,.T.);
#2353=EDGE_CURVE('',#1841,#1858,#1079,.T.);
#2354=EDGE_CURVE('',#1859,#1858,#135,.T.);
#2355=EDGE_CURVE('',#1842,#1859,#1080,.T.);
#2356=EDGE_CURVE('',#1860,#1859,#1081,.T.);
#2357=EDGE_CURVE('',#1843,#1860,#1082,.T.);
#2358=EDGE_CURVE('',#1861,#1860,#136,.T.);
#2359=EDGE_CURVE('',#1844,#1861,#1083,.T.);
#2360=EDGE_CURVE('',#1862,#1861,#1084,.T.);
#2361=EDGE_CURVE('',#1829,#1862,#1085,.T.);
#2362=EDGE_CURVE('',#1863,#1862,#137,.T.);
#2363=EDGE_CURVE('',#1830,#1863,#1086,.T.);
#2364=EDGE_CURVE('',#1864,#1863,#1087,.T.);
#2365=EDGE_CURVE('',#1831,#1864,#1088,.T.);
#2366=EDGE_CURVE('',#1865,#1864,#138,.T.);
#2367=EDGE_CURVE('',#1832,#1865,#1089,.T.);
#2368=EDGE_CURVE('',#1866,#1865,#1090,.T.);
#2369=EDGE_CURVE('',#1833,#1866,#1091,.T.);
#2370=EDGE_CURVE('',#1867,#1866,#139,.T.);
#2371=EDGE_CURVE('',#1834,#1867,#1092,.T.);
#2372=EDGE_CURVE('',#1868,#1867,#1093,.T.);
#2373=EDGE_CURVE('',#1835,#1868,#1094,.T.);
#2374=EDGE_CURVE('',#1869,#1868,#140,.T.);
#2375=EDGE_CURVE('',#1836,#1869,#1095,.T.);
#2376=EDGE_CURVE('',#1870,#1869,#1096,.T.);
#2377=EDGE_CURVE('',#1837,#1870,#1097,.T.);
#2378=EDGE_CURVE('',#1871,#1870,#141,.T.);
#2379=EDGE_CURVE('',#1838,#1871,#1098,.T.);
#2380=EDGE_CURVE('',#1872,#1871,#1099,.T.);
#2381=EDGE_CURVE('',#1839,#1872,#1100,.T.);
#2382=EDGE_CURVE('',#1857,#1872,#142,.T.);
#2383=EDGE_CURVE('',#1873,#1874,#1101,.T.);
#2384=EDGE_CURVE('',#1873,#1875,#1102,.T.);
#2385=EDGE_CURVE('',#1876,#1875,#1103,.T.);
#2386=EDGE_CURVE('',#1874,#1876,#1104,.T.);
#2387=EDGE_CURVE('',#1874,#1877,#1105,.T.);
#2388=EDGE_CURVE('',#1878,#1876,#1106,.T.);
#2389=EDGE_CURVE('',#1877,#1878,#1107,.T.);
#2390=EDGE_CURVE('',#1877,#1879,#1108,.T.);
#2391=EDGE_CURVE('',#1880,#1878,#1109,.T.);
#2392=EDGE_CURVE('',#1879,#1880,#1110,.T.);
#2393=EDGE_CURVE('',#1879,#1873,#1111,.T.);
#2394=EDGE_CURVE('',#1875,#1880,#1112,.T.);
#2395=EDGE_CURVE('',#1881,#1882,#1113,.T.);
#2396=EDGE_CURVE('',#1882,#1883,#1114,.T.);
#2397=EDGE_CURVE('',#1884,#1883,#1115,.T.);
#2398=EDGE_CURVE('',#1881,#1884,#1116,.T.);
#2399=EDGE_CURVE('',#1885,#1881,#1117,.T.);
#2400=EDGE_CURVE('',#1886,#1884,#1118,.T.);
#2401=EDGE_CURVE('',#1885,#1886,#1119,.T.);
#2402=EDGE_CURVE('',#1887,#1885,#1120,.T.);
#2403=EDGE_CURVE('',#1888,#1886,#1121,.T.);
#2404=EDGE_CURVE('',#1887,#1888,#1122,.T.);
#2405=EDGE_CURVE('',#1882,#1887,#1123,.T.);
#2406=EDGE_CURVE('',#1883,#1888,#1124,.T.);
#2407=EDGE_CURVE('',#1889,#1890,#1125,.T.);
#2408=EDGE_CURVE('',#1889,#1891,#1126,.T.);
#2409=EDGE_CURVE('',#1892,#1891,#1127,.T.);
#2410=EDGE_CURVE('',#1890,#1892,#1128,.T.);
#2411=EDGE_CURVE('',#1890,#1893,#1129,.T.);
#2412=EDGE_CURVE('',#1894,#1892,#1130,.T.);
#2413=EDGE_CURVE('',#1893,#1894,#1131,.T.);
#2414=EDGE_CURVE('',#1893,#1895,#1132,.T.);
#2415=EDGE_CURVE('',#1896,#1894,#1133,.T.);
#2416=EDGE_CURVE('',#1895,#1896,#1134,.T.);
#2417=EDGE_CURVE('',#1895,#1889,#1135,.T.);
#2418=EDGE_CURVE('',#1891,#1896,#1136,.T.);
#2419=EDGE_CURVE('',#1897,#1898,#1137,.T.);
#2420=EDGE_CURVE('',#1898,#1899,#1138,.T.);
#2421=EDGE_CURVE('',#1900,#1899,#1139,.T.);
#2422=EDGE_CURVE('',#1897,#1900,#1140,.T.);
#2423=EDGE_CURVE('',#1901,#1897,#1141,.T.);
#2424=EDGE_CURVE('',#1902,#1900,#1142,.T.);
#2425=EDGE_CURVE('',#1901,#1902,#1143,.T.);
#2426=EDGE_CURVE('',#1903,#1901,#1144,.T.);
#2427=EDGE_CURVE('',#1904,#1902,#1145,.T.);
#2428=EDGE_CURVE('',#1903,#1904,#1146,.T.);
#2429=EDGE_CURVE('',#1898,#1903,#1147,.T.);
#2430=EDGE_CURVE('',#1899,#1904,#1148,.T.);
#2431=ORIENTED_EDGE('',*,*,#1905,.F.);
#2432=ORIENTED_EDGE('',*,*,#1906,.F.);
#2433=ORIENTED_EDGE('',*,*,#1907,.T.);
#2434=ORIENTED_EDGE('',*,*,#1908,.T.);
#2435=ORIENTED_EDGE('',*,*,#1909,.F.);
#2436=ORIENTED_EDGE('',*,*,#1910,.F.);
#2437=ORIENTED_EDGE('',*,*,#1911,.T.);
#2438=ORIENTED_EDGE('',*,*,#1906,.T.);
#2439=ORIENTED_EDGE('',*,*,#1912,.F.);
#2440=ORIENTED_EDGE('',*,*,#1913,.F.);
#2441=ORIENTED_EDGE('',*,*,#1914,.T.);
#2442=ORIENTED_EDGE('',*,*,#1910,.T.);
#2443=ORIENTED_EDGE('',*,*,#1915,.F.);
#2444=ORIENTED_EDGE('',*,*,#1908,.F.);
#2445=ORIENTED_EDGE('',*,*,#1916,.T.);
#2446=ORIENTED_EDGE('',*,*,#1913,.T.);
#2447=ORIENTED_EDGE('',*,*,#1914,.F.);
#2448=ORIENTED_EDGE('',*,*,#1916,.F.);
#2449=ORIENTED_EDGE('',*,*,#1907,.F.);
#2450=ORIENTED_EDGE('',*,*,#1911,.F.);
#2451=ORIENTED_EDGE('',*,*,#1917,.T.);
#2452=ORIENTED_EDGE('',*,*,#1918,.T.);
#2453=ORIENTED_EDGE('',*,*,#1919,.T.);
#2454=ORIENTED_EDGE('',*,*,#1920,.F.);
#2455=ORIENTED_EDGE('',*,*,#1921,.T.);
#2456=ORIENTED_EDGE('',*,*,#1922,.T.);
#2457=ORIENTED_EDGE('',*,*,#1923,.T.);
#2458=ORIENTED_EDGE('',*,*,#1918,.F.);
#2459=ORIENTED_EDGE('',*,*,#1924,.T.);
#2460=ORIENTED_EDGE('',*,*,#1925,.T.);
#2461=ORIENTED_EDGE('',*,*,#1926,.T.);
#2462=ORIENTED_EDGE('',*,*,#1922,.F.);
#2463=ORIENTED_EDGE('',*,*,#1927,.T.);
#2464=ORIENTED_EDGE('',*,*,#1920,.T.);
#2465=ORIENTED_EDGE('',*,*,#1928,.T.);
#2466=ORIENTED_EDGE('',*,*,#1925,.F.);
#2467=ORIENTED_EDGE('',*,*,#1928,.F.);
#2468=ORIENTED_EDGE('',*,*,#1919,.F.);
#2469=ORIENTED_EDGE('',*,*,#1923,.F.);
#2470=ORIENTED_EDGE('',*,*,#1926,.F.);
#2471=ORIENTED_EDGE('',*,*,#1929,.T.);
#2472=ORIENTED_EDGE('',*,*,#1930,.T.);
#2473=ORIENTED_EDGE('',*,*,#1931,.T.);
#2474=ORIENTED_EDGE('',*,*,#1932,.F.);
#2475=ORIENTED_EDGE('',*,*,#1933,.T.);
#2476=ORIENTED_EDGE('',*,*,#1934,.T.);
#2477=ORIENTED_EDGE('',*,*,#1935,.T.);
#2478=ORIENTED_EDGE('',*,*,#1930,.F.);
#2479=ORIENTED_EDGE('',*,*,#1936,.T.);
#2480=ORIENTED_EDGE('',*,*,#1937,.T.);
#2481=ORIENTED_EDGE('',*,*,#1938,.T.);
#2482=ORIENTED_EDGE('',*,*,#1934,.F.);
#2483=ORIENTED_EDGE('',*,*,#1939,.T.);
#2484=ORIENTED_EDGE('',*,*,#1932,.T.);
#2485=ORIENTED_EDGE('',*,*,#1940,.T.);
#2486=ORIENTED_EDGE('',*,*,#1937,.F.);
#2487=ORIENTED_EDGE('',*,*,#1940,.F.);
#2488=ORIENTED_EDGE('',*,*,#1931,.F.);
#2489=ORIENTED_EDGE('',*,*,#1935,.F.);
#2490=ORIENTED_EDGE('',*,*,#1938,.F.);
#2491=ORIENTED_EDGE('',*,*,#1941,.F.);
#2492=ORIENTED_EDGE('',*,*,#1942,.T.);
#2493=ORIENTED_EDGE('',*,*,#1943,.F.);
#2494=ORIENTED_EDGE('',*,*,#1944,.T.);
#2495=ORIENTED_EDGE('',*,*,#1945,.F.);
#2496=ORIENTED_EDGE('',*,*,#1946,.T.);
#2497=ORIENTED_EDGE('',*,*,#1947,.F.);
#2498=ORIENTED_EDGE('',*,*,#1948,.T.);
#2499=ORIENTED_EDGE('',*,*,#1949,.F.);
#2500=ORIENTED_EDGE('',*,*,#1950,.T.);
#2501=ORIENTED_EDGE('',*,*,#1951,.T.);
#2502=ORIENTED_EDGE('',*,*,#1952,.T.);
#2503=ORIENTED_EDGE('',*,*,#1953,.T.);
#2504=ORIENTED_EDGE('',*,*,#1941,.T.);
#2505=ORIENTED_EDGE('',*,*,#1954,.T.);
#2506=ORIENTED_EDGE('',*,*,#1951,.F.);
#2507=ORIENTED_EDGE('',*,*,#1909,.T.);
#2508=ORIENTED_EDGE('',*,*,#1905,.T.);
#2509=ORIENTED_EDGE('',*,*,#1915,.T.);
#2510=ORIENTED_EDGE('',*,*,#1912,.T.);
#2511=ORIENTED_EDGE('',*,*,#1954,.F.);
#2512=ORIENTED_EDGE('',*,*,#1946,.F.);
#2513=ORIENTED_EDGE('',*,*,#1955,.F.);
#2514=ORIENTED_EDGE('',*,*,#1952,.F.);
#2515=ORIENTED_EDGE('',*,*,#1956,.F.);
#2516=ORIENTED_EDGE('',*,*,#1944,.F.);
#2517=ORIENTED_EDGE('',*,*,#1957,.F.);
#2518=ORIENTED_EDGE('',*,*,#1948,.F.);
#2519=ORIENTED_EDGE('',*,*,#1958,.T.);
#2520=ORIENTED_EDGE('',*,*,#1959,.T.);
#2521=ORIENTED_EDGE('',*,*,#1960,.T.);
#2522=ORIENTED_EDGE('',*,*,#1961,.F.);
#2523=ORIENTED_EDGE('',*,*,#1962,.T.);
#2524=ORIENTED_EDGE('',*,*,#1961,.T.);
#2525=ORIENTED_EDGE('',*,*,#1963,.T.);
#2526=ORIENTED_EDGE('',*,*,#1964,.F.);
#2527=ORIENTED_EDGE('',*,*,#1965,.T.);
#2528=ORIENTED_EDGE('',*,*,#1966,.T.);
#2529=ORIENTED_EDGE('',*,*,#1967,.T.);
#2530=ORIENTED_EDGE('',*,*,#1959,.F.);
#2531=ORIENTED_EDGE('',*,*,#1968,.T.);
#2532=ORIENTED_EDGE('',*,*,#1964,.T.);
#2533=ORIENTED_EDGE('',*,*,#1969,.T.);
#2534=ORIENTED_EDGE('',*,*,#1966,.F.);
#2535=ORIENTED_EDGE('',*,*,#1969,.F.);
#2536=ORIENTED_EDGE('',*,*,#1963,.F.);
#2537=ORIENTED_EDGE('',*,*,#1960,.F.);
#2538=ORIENTED_EDGE('',*,*,#1967,.F.);
#2539=ORIENTED_EDGE('',*,*,#1970,.T.);
#2540=ORIENTED_EDGE('',*,*,#1971,.T.);
#2541=ORIENTED_EDGE('',*,*,#1972,.T.);
#2542=ORIENTED_EDGE('',*,*,#1973,.F.);
#2543=ORIENTED_EDGE('',*,*,#1974,.T.);
#2544=ORIENTED_EDGE('',*,*,#1975,.T.);
#2545=ORIENTED_EDGE('',*,*,#1976,.T.);
#2546=ORIENTED_EDGE('',*,*,#1971,.F.);
#2547=ORIENTED_EDGE('',*,*,#1977,.T.);
#2548=ORIENTED_EDGE('',*,*,#1978,.T.);
#2549=ORIENTED_EDGE('',*,*,#1979,.T.);
#2550=ORIENTED_EDGE('',*,*,#1975,.F.);
#2551=ORIENTED_EDGE('',*,*,#1980,.T.);
#2552=ORIENTED_EDGE('',*,*,#1973,.T.);
#2553=ORIENTED_EDGE('',*,*,#1981,.T.);
#2554=ORIENTED_EDGE('',*,*,#1978,.F.);
#2555=ORIENTED_EDGE('',*,*,#1981,.F.);
#2556=ORIENTED_EDGE('',*,*,#1972,.F.);
#2557=ORIENTED_EDGE('',*,*,#1976,.F.);
#2558=ORIENTED_EDGE('',*,*,#1979,.F.);
#2559=ORIENTED_EDGE('',*,*,#1962,.F.);
#2560=ORIENTED_EDGE('',*,*,#1968,.F.);
#2561=ORIENTED_EDGE('',*,*,#1965,.F.);
#2562=ORIENTED_EDGE('',*,*,#1958,.F.);
#2563=ORIENTED_EDGE('',*,*,#1982,.T.);
#2564=ORIENTED_EDGE('',*,*,#1983,.T.);
#2565=ORIENTED_EDGE('',*,*,#1984,.T.);
#2566=ORIENTED_EDGE('',*,*,#1985,.F.);
#2567=ORIENTED_EDGE('',*,*,#1986,.T.);
#2568=ORIENTED_EDGE('',*,*,#1987,.T.);
#2569=ORIENTED_EDGE('',*,*,#1988,.T.);
#2570=ORIENTED_EDGE('',*,*,#1983,.F.);
#2571=ORIENTED_EDGE('',*,*,#1989,.T.);
#2572=ORIENTED_EDGE('',*,*,#1990,.T.);
#2573=ORIENTED_EDGE('',*,*,#1991,.T.);
#2574=ORIENTED_EDGE('',*,*,#1987,.F.);
#2575=ORIENTED_EDGE('',*,*,#1992,.T.);
#2576=ORIENTED_EDGE('',*,*,#1985,.T.);
#2577=ORIENTED_EDGE('',*,*,#1993,.T.);
#2578=ORIENTED_EDGE('',*,*,#1990,.F.);
#2579=ORIENTED_EDGE('',*,*,#1993,.F.);
#2580=ORIENTED_EDGE('',*,*,#1984,.F.);
#2581=ORIENTED_EDGE('',*,*,#1988,.F.);
#2582=ORIENTED_EDGE('',*,*,#1991,.F.);
#2583=ORIENTED_EDGE('',*,*,#1994,.F.);
#2584=ORIENTED_EDGE('',*,*,#1995,.T.);
#2585=ORIENTED_EDGE('',*,*,#1996,.T.);
#2586=ORIENTED_EDGE('',*,*,#1997,.F.);
#2587=ORIENTED_EDGE('',*,*,#1998,.F.);
#2588=ORIENTED_EDGE('',*,*,#1997,.T.);
#2589=ORIENTED_EDGE('',*,*,#1999,.T.);
#2590=ORIENTED_EDGE('',*,*,#2000,.F.);
#2591=ORIENTED_EDGE('',*,*,#2001,.F.);
#2592=ORIENTED_EDGE('',*,*,#2000,.T.);
#2593=ORIENTED_EDGE('',*,*,#2002,.T.);
#2594=ORIENTED_EDGE('',*,*,#2003,.F.);
#2595=ORIENTED_EDGE('',*,*,#2004,.F.);
#2596=ORIENTED_EDGE('',*,*,#2003,.T.);
#2597=ORIENTED_EDGE('',*,*,#2005,.T.);
#2598=ORIENTED_EDGE('',*,*,#1995,.F.);
#2599=ORIENTED_EDGE('',*,*,#2006,.T.);
#2600=ORIENTED_EDGE('',*,*,#2007,.T.);
#2601=ORIENTED_EDGE('',*,*,#2008,.T.);
#2602=ORIENTED_EDGE('',*,*,#2009,.T.);
#2603=ORIENTED_EDGE('',*,*,#2010,.T.);
#2604=ORIENTED_EDGE('',*,*,#2011,.T.);
#2605=ORIENTED_EDGE('',*,*,#2012,.T.);
#2606=ORIENTED_EDGE('',*,*,#2013,.T.);
#2607=ORIENTED_EDGE('',*,*,#2014,.T.);
#2608=ORIENTED_EDGE('',*,*,#2015,.T.);
#2609=ORIENTED_EDGE('',*,*,#2016,.T.);
#2610=ORIENTED_EDGE('',*,*,#2017,.T.);
#2611=ORIENTED_EDGE('',*,*,#2018,.T.);
#2612=ORIENTED_EDGE('',*,*,#2019,.T.);
#2613=ORIENTED_EDGE('',*,*,#2020,.T.);
#2614=ORIENTED_EDGE('',*,*,#2021,.T.);
#2615=ORIENTED_EDGE('',*,*,#2022,.T.);
#2616=ORIENTED_EDGE('',*,*,#2023,.T.);
#2617=ORIENTED_EDGE('',*,*,#2024,.T.);
#2618=ORIENTED_EDGE('',*,*,#2025,.T.);
#2619=ORIENTED_EDGE('',*,*,#2026,.T.);
#2620=ORIENTED_EDGE('',*,*,#2027,.T.);
#2621=ORIENTED_EDGE('',*,*,#2028,.F.);
#2622=ORIENTED_EDGE('',*,*,#2029,.T.);
#2623=ORIENTED_EDGE('',*,*,#2027,.F.);
#2624=ORIENTED_EDGE('',*,*,#2029,.F.);
#2625=ORIENTED_EDGE('',*,*,#2030,.F.);
#2626=ORIENTED_EDGE('',*,*,#2031,.T.);
#2627=ORIENTED_EDGE('',*,*,#2026,.F.);
#2628=ORIENTED_EDGE('',*,*,#2031,.F.);
#2629=ORIENTED_EDGE('',*,*,#2032,.F.);
#2630=ORIENTED_EDGE('',*,*,#2033,.T.);
#2631=ORIENTED_EDGE('',*,*,#2025,.F.);
#2632=ORIENTED_EDGE('',*,*,#2033,.F.);
#2633=ORIENTED_EDGE('',*,*,#2034,.F.);
#2634=ORIENTED_EDGE('',*,*,#2035,.T.);
#2635=ORIENTED_EDGE('',*,*,#2024,.F.);
#2636=ORIENTED_EDGE('',*,*,#2035,.F.);
#2637=ORIENTED_EDGE('',*,*,#2036,.F.);
#2638=ORIENTED_EDGE('',*,*,#2037,.T.);
#2639=ORIENTED_EDGE('',*,*,#2023,.F.);
#2640=ORIENTED_EDGE('',*,*,#2037,.F.);
#2641=ORIENTED_EDGE('',*,*,#2038,.F.);
#2642=ORIENTED_EDGE('',*,*,#2039,.T.);
#2643=ORIENTED_EDGE('',*,*,#2022,.F.);
#2644=ORIENTED_EDGE('',*,*,#2039,.F.);
#2645=ORIENTED_EDGE('',*,*,#2040,.F.);
#2646=ORIENTED_EDGE('',*,*,#2041,.F.);
#2647=ORIENTED_EDGE('',*,*,#2042,.F.);
#2648=ORIENTED_EDGE('',*,*,#2007,.F.);
#2649=ORIENTED_EDGE('',*,*,#2042,.T.);
#2650=ORIENTED_EDGE('',*,*,#2043,.F.);
#2651=ORIENTED_EDGE('',*,*,#2044,.F.);
#2652=ORIENTED_EDGE('',*,*,#2008,.F.);
#2653=ORIENTED_EDGE('',*,*,#2044,.T.);
#2654=ORIENTED_EDGE('',*,*,#2045,.F.);
#2655=ORIENTED_EDGE('',*,*,#2046,.F.);
#2656=ORIENTED_EDGE('',*,*,#2009,.F.);
#2657=ORIENTED_EDGE('',*,*,#2046,.T.);
#2658=ORIENTED_EDGE('',*,*,#2047,.F.);
#2659=ORIENTED_EDGE('',*,*,#2048,.F.);
#2660=ORIENTED_EDGE('',*,*,#2010,.F.);
#2661=ORIENTED_EDGE('',*,*,#2048,.T.);
#2662=ORIENTED_EDGE('',*,*,#2049,.F.);
#2663=ORIENTED_EDGE('',*,*,#2050,.F.);
#2664=ORIENTED_EDGE('',*,*,#2011,.F.);
#2665=ORIENTED_EDGE('',*,*,#2050,.T.);
#2666=ORIENTED_EDGE('',*,*,#2051,.F.);
#2667=ORIENTED_EDGE('',*,*,#2052,.F.);
#2668=ORIENTED_EDGE('',*,*,#2012,.F.);
#2669=ORIENTED_EDGE('',*,*,#2052,.T.);
#2670=ORIENTED_EDGE('',*,*,#2053,.F.);
#2671=ORIENTED_EDGE('',*,*,#2054,.F.);
#2672=ORIENTED_EDGE('',*,*,#2013,.F.);
#2673=ORIENTED_EDGE('',*,*,#2054,.T.);
#2674=ORIENTED_EDGE('',*,*,#2055,.F.);
#2675=ORIENTED_EDGE('',*,*,#2056,.F.);
#2676=ORIENTED_EDGE('',*,*,#2014,.F.);
#2677=ORIENTED_EDGE('',*,*,#2056,.T.);
#2678=ORIENTED_EDGE('',*,*,#2057,.F.);
#2679=ORIENTED_EDGE('',*,*,#2058,.F.);
#2680=ORIENTED_EDGE('',*,*,#2015,.F.);
#2681=ORIENTED_EDGE('',*,*,#2058,.T.);
#2682=ORIENTED_EDGE('',*,*,#2059,.F.);
#2683=ORIENTED_EDGE('',*,*,#2060,.F.);
#2684=ORIENTED_EDGE('',*,*,#2016,.F.);
#2685=ORIENTED_EDGE('',*,*,#2060,.T.);
#2686=ORIENTED_EDGE('',*,*,#2061,.F.);
#2687=ORIENTED_EDGE('',*,*,#2062,.F.);
#2688=ORIENTED_EDGE('',*,*,#2017,.F.);
#2689=ORIENTED_EDGE('',*,*,#2062,.T.);
#2690=ORIENTED_EDGE('',*,*,#2063,.F.);
#2691=ORIENTED_EDGE('',*,*,#2064,.F.);
#2692=ORIENTED_EDGE('',*,*,#2018,.F.);
#2693=ORIENTED_EDGE('',*,*,#2064,.T.);
#2694=ORIENTED_EDGE('',*,*,#2065,.F.);
#2695=ORIENTED_EDGE('',*,*,#2066,.F.);
#2696=ORIENTED_EDGE('',*,*,#2019,.F.);
#2697=ORIENTED_EDGE('',*,*,#2066,.T.);
#2698=ORIENTED_EDGE('',*,*,#2067,.F.);
#2699=ORIENTED_EDGE('',*,*,#2068,.F.);
#2700=ORIENTED_EDGE('',*,*,#2020,.F.);
#2701=ORIENTED_EDGE('',*,*,#2068,.T.);
#2702=ORIENTED_EDGE('',*,*,#2069,.F.);
#2703=ORIENTED_EDGE('',*,*,#2070,.F.);
#2704=ORIENTED_EDGE('',*,*,#2021,.F.);
#2705=ORIENTED_EDGE('',*,*,#2070,.T.);
#2706=ORIENTED_EDGE('',*,*,#2071,.F.);
#2707=ORIENTED_EDGE('',*,*,#2040,.T.);
#2708=ORIENTED_EDGE('',*,*,#2006,.F.);
#2709=ORIENTED_EDGE('',*,*,#2071,.T.);
#2710=ORIENTED_EDGE('',*,*,#2069,.T.);
#2711=ORIENTED_EDGE('',*,*,#2067,.T.);
#2712=ORIENTED_EDGE('',*,*,#2065,.T.);
#2713=ORIENTED_EDGE('',*,*,#2063,.T.);
#2714=ORIENTED_EDGE('',*,*,#2061,.T.);
#2715=ORIENTED_EDGE('',*,*,#2059,.T.);
#2716=ORIENTED_EDGE('',*,*,#2057,.T.);
#2717=ORIENTED_EDGE('',*,*,#2055,.T.);
#2718=ORIENTED_EDGE('',*,*,#2053,.T.);
#2719=ORIENTED_EDGE('',*,*,#2051,.T.);
#2720=ORIENTED_EDGE('',*,*,#2049,.T.);
#2721=ORIENTED_EDGE('',*,*,#2047,.T.);
#2722=ORIENTED_EDGE('',*,*,#2045,.T.);
#2723=ORIENTED_EDGE('',*,*,#2043,.T.);
#2724=ORIENTED_EDGE('',*,*,#2041,.T.);
#2725=ORIENTED_EDGE('',*,*,#1994,.T.);
#2726=ORIENTED_EDGE('',*,*,#1998,.T.);
#2727=ORIENTED_EDGE('',*,*,#2001,.T.);
#2728=ORIENTED_EDGE('',*,*,#2004,.T.);
#2729=ORIENTED_EDGE('',*,*,#2038,.T.);
#2730=ORIENTED_EDGE('',*,*,#2036,.T.);
#2731=ORIENTED_EDGE('',*,*,#2034,.T.);
#2732=ORIENTED_EDGE('',*,*,#2032,.T.);
#2733=ORIENTED_EDGE('',*,*,#2030,.T.);
#2734=ORIENTED_EDGE('',*,*,#2028,.T.);
#2735=ORIENTED_EDGE('',*,*,#2072,.T.);
#2736=ORIENTED_EDGE('',*,*,#2073,.T.);
#2737=ORIENTED_EDGE('',*,*,#2074,.T.);
#2738=ORIENTED_EDGE('',*,*,#2075,.F.);
#2739=ORIENTED_EDGE('',*,*,#2076,.T.);
#2740=ORIENTED_EDGE('',*,*,#2077,.T.);
#2741=ORIENTED_EDGE('',*,*,#2078,.T.);
#2742=ORIENTED_EDGE('',*,*,#2073,.F.);
#2743=ORIENTED_EDGE('',*,*,#2079,.T.);
#2744=ORIENTED_EDGE('',*,*,#2080,.T.);
#2745=ORIENTED_EDGE('',*,*,#2081,.T.);
#2746=ORIENTED_EDGE('',*,*,#2077,.F.);
#2747=ORIENTED_EDGE('',*,*,#2082,.T.);
#2748=ORIENTED_EDGE('',*,*,#2075,.T.);
#2749=ORIENTED_EDGE('',*,*,#2083,.T.);
#2750=ORIENTED_EDGE('',*,*,#2080,.F.);
#2751=ORIENTED_EDGE('',*,*,#2083,.F.);
#2752=ORIENTED_EDGE('',*,*,#2074,.F.);
#2753=ORIENTED_EDGE('',*,*,#2078,.F.);
#2754=ORIENTED_EDGE('',*,*,#2081,.F.);
#2755=ORIENTED_EDGE('',*,*,#1996,.F.);
#2756=ORIENTED_EDGE('',*,*,#2005,.F.);
#2757=ORIENTED_EDGE('',*,*,#2002,.F.);
#2758=ORIENTED_EDGE('',*,*,#1999,.F.);
#2759=ORIENTED_EDGE('',*,*,#1942,.F.);
#2760=ORIENTED_EDGE('',*,*,#1953,.F.);
#2761=ORIENTED_EDGE('',*,*,#1950,.F.);
#2762=ORIENTED_EDGE('',*,*,#2084,.F.);
#2763=ORIENTED_EDGE('',*,*,#2085,.F.);
#2764=ORIENTED_EDGE('',*,*,#2086,.F.);
#2765=ORIENTED_EDGE('',*,*,#2087,.F.);
#2766=ORIENTED_EDGE('',*,*,#2088,.F.);
#2767=ORIENTED_EDGE('',*,*,#2089,.F.);
#2768=ORIENTED_EDGE('',*,*,#2090,.F.);
#2769=ORIENTED_EDGE('',*,*,#2091,.F.);
#2770=ORIENTED_EDGE('',*,*,#2092,.F.);
#2771=ORIENTED_EDGE('',*,*,#2093,.F.);
#2772=ORIENTED_EDGE('',*,*,#2094,.F.);
#2773=ORIENTED_EDGE('',*,*,#2095,.F.);
#2774=ORIENTED_EDGE('',*,*,#2096,.F.);
#2775=ORIENTED_EDGE('',*,*,#2097,.F.);
#2776=ORIENTED_EDGE('',*,*,#2098,.F.);
#2777=ORIENTED_EDGE('',*,*,#2099,.F.);
#2778=ORIENTED_EDGE('',*,*,#2100,.F.);
#2779=ORIENTED_EDGE('',*,*,#2101,.F.);
#2780=ORIENTED_EDGE('',*,*,#2102,.F.);
#2781=ORIENTED_EDGE('',*,*,#2103,.F.);
#2782=ORIENTED_EDGE('',*,*,#2104,.F.);
#2783=ORIENTED_EDGE('',*,*,#2105,.F.);
#2784=ORIENTED_EDGE('',*,*,#2106,.F.);
#2785=ORIENTED_EDGE('',*,*,#1929,.F.);
#2786=ORIENTED_EDGE('',*,*,#1939,.F.);
#2787=ORIENTED_EDGE('',*,*,#1936,.F.);
#2788=ORIENTED_EDGE('',*,*,#1933,.F.);
#2789=ORIENTED_EDGE('',*,*,#1917,.F.);
#2790=ORIENTED_EDGE('',*,*,#1927,.F.);
#2791=ORIENTED_EDGE('',*,*,#1924,.F.);
#2792=ORIENTED_EDGE('',*,*,#1921,.F.);
#2793=ORIENTED_EDGE('',*,*,#2101,.T.);
#2794=ORIENTED_EDGE('',*,*,#2107,.T.);
#2795=ORIENTED_EDGE('',*,*,#2108,.T.);
#2796=ORIENTED_EDGE('',*,*,#2107,.F.);
#2797=ORIENTED_EDGE('',*,*,#2102,.T.);
#2798=ORIENTED_EDGE('',*,*,#2109,.T.);
#2799=ORIENTED_EDGE('',*,*,#2110,.T.);
#2800=ORIENTED_EDGE('',*,*,#2109,.F.);
#2801=ORIENTED_EDGE('',*,*,#2103,.T.);
#2802=ORIENTED_EDGE('',*,*,#2111,.T.);
#2803=ORIENTED_EDGE('',*,*,#2112,.T.);
#2804=ORIENTED_EDGE('',*,*,#2111,.F.);
#2805=ORIENTED_EDGE('',*,*,#2104,.T.);
#2806=ORIENTED_EDGE('',*,*,#2113,.T.);
#2807=ORIENTED_EDGE('',*,*,#2114,.T.);
#2808=ORIENTED_EDGE('',*,*,#2113,.F.);
#2809=ORIENTED_EDGE('',*,*,#2105,.T.);
#2810=ORIENTED_EDGE('',*,*,#2115,.T.);
#2811=ORIENTED_EDGE('',*,*,#2116,.T.);
#2812=ORIENTED_EDGE('',*,*,#2115,.F.);
#2813=ORIENTED_EDGE('',*,*,#2106,.T.);
#2814=ORIENTED_EDGE('',*,*,#2117,.T.);
#2815=ORIENTED_EDGE('',*,*,#2118,.T.);
#2816=ORIENTED_EDGE('',*,*,#2117,.F.);
#2817=ORIENTED_EDGE('',*,*,#2119,.T.);
#2818=ORIENTED_EDGE('',*,*,#2088,.T.);
#2819=ORIENTED_EDGE('',*,*,#2120,.T.);
#2820=ORIENTED_EDGE('',*,*,#2121,.T.);
#2821=ORIENTED_EDGE('',*,*,#2120,.F.);
#2822=ORIENTED_EDGE('',*,*,#2087,.T.);
#2823=ORIENTED_EDGE('',*,*,#2122,.T.);
#2824=ORIENTED_EDGE('',*,*,#2123,.T.);
#2825=ORIENTED_EDGE('',*,*,#2122,.F.);
#2826=ORIENTED_EDGE('',*,*,#2086,.T.);
#2827=ORIENTED_EDGE('',*,*,#2124,.T.);
#2828=ORIENTED_EDGE('',*,*,#2125,.T.);
#2829=ORIENTED_EDGE('',*,*,#2124,.F.);
#2830=ORIENTED_EDGE('',*,*,#2085,.T.);
#2831=ORIENTED_EDGE('',*,*,#2126,.T.);
#2832=ORIENTED_EDGE('',*,*,#2127,.T.);
#2833=ORIENTED_EDGE('',*,*,#2126,.F.);
#2834=ORIENTED_EDGE('',*,*,#2084,.T.);
#2835=ORIENTED_EDGE('',*,*,#1949,.T.);
#2836=ORIENTED_EDGE('',*,*,#1957,.T.);
#2837=ORIENTED_EDGE('',*,*,#1943,.T.);
#2838=ORIENTED_EDGE('',*,*,#2100,.T.);
#2839=ORIENTED_EDGE('',*,*,#2128,.T.);
#2840=ORIENTED_EDGE('',*,*,#2129,.T.);
#2841=ORIENTED_EDGE('',*,*,#2128,.F.);
#2842=ORIENTED_EDGE('',*,*,#2099,.T.);
#2843=ORIENTED_EDGE('',*,*,#2130,.T.);
#2844=ORIENTED_EDGE('',*,*,#2131,.T.);
#2845=ORIENTED_EDGE('',*,*,#2130,.F.);
#2846=ORIENTED_EDGE('',*,*,#2098,.T.);
#2847=ORIENTED_EDGE('',*,*,#2132,.T.);
#2848=ORIENTED_EDGE('',*,*,#2133,.T.);
#2849=ORIENTED_EDGE('',*,*,#2132,.F.);
#2850=ORIENTED_EDGE('',*,*,#2097,.T.);
#2851=ORIENTED_EDGE('',*,*,#2134,.T.);
#2852=ORIENTED_EDGE('',*,*,#2135,.T.);
#2853=ORIENTED_EDGE('',*,*,#2134,.F.);
#2854=ORIENTED_EDGE('',*,*,#2096,.T.);
#2855=ORIENTED_EDGE('',*,*,#2136,.T.);
#2856=ORIENTED_EDGE('',*,*,#2137,.T.);
#2857=ORIENTED_EDGE('',*,*,#2136,.F.);
#2858=ORIENTED_EDGE('',*,*,#2095,.T.);
#2859=ORIENTED_EDGE('',*,*,#2138,.T.);
#2860=ORIENTED_EDGE('',*,*,#2139,.T.);
#2861=ORIENTED_EDGE('',*,*,#2138,.F.);
#2862=ORIENTED_EDGE('',*,*,#2094,.T.);
#2863=ORIENTED_EDGE('',*,*,#2140,.T.);
#2864=ORIENTED_EDGE('',*,*,#2141,.T.);
#2865=ORIENTED_EDGE('',*,*,#2140,.F.);
#2866=ORIENTED_EDGE('',*,*,#2093,.T.);
#2867=ORIENTED_EDGE('',*,*,#2142,.T.);
#2868=ORIENTED_EDGE('',*,*,#2143,.T.);
#2869=ORIENTED_EDGE('',*,*,#2142,.F.);
#2870=ORIENTED_EDGE('',*,*,#2092,.T.);
#2871=ORIENTED_EDGE('',*,*,#2144,.T.);
#2872=ORIENTED_EDGE('',*,*,#2145,.T.);
#2873=ORIENTED_EDGE('',*,*,#2144,.F.);
#2874=ORIENTED_EDGE('',*,*,#2091,.T.);
#2875=ORIENTED_EDGE('',*,*,#2146,.T.);
#2876=ORIENTED_EDGE('',*,*,#2147,.T.);
#2877=ORIENTED_EDGE('',*,*,#2146,.F.);
#2878=ORIENTED_EDGE('',*,*,#2090,.T.);
#2879=ORIENTED_EDGE('',*,*,#2148,.T.);
#2880=ORIENTED_EDGE('',*,*,#2149,.T.);
#2881=ORIENTED_EDGE('',*,*,#2148,.F.);
#2882=ORIENTED_EDGE('',*,*,#2089,.T.);
#2883=ORIENTED_EDGE('',*,*,#2119,.F.);
#2884=ORIENTED_EDGE('',*,*,#2150,.T.);
#2885=ORIENTED_EDGE('',*,*,#2150,.F.);
#2886=ORIENTED_EDGE('',*,*,#2121,.F.);
#2887=ORIENTED_EDGE('',*,*,#2123,.F.);
#2888=ORIENTED_EDGE('',*,*,#2125,.F.);
#2889=ORIENTED_EDGE('',*,*,#2127,.F.);
#2890=ORIENTED_EDGE('',*,*,#2129,.F.);
#2891=ORIENTED_EDGE('',*,*,#2131,.F.);
#2892=ORIENTED_EDGE('',*,*,#2133,.F.);
#2893=ORIENTED_EDGE('',*,*,#2135,.F.);
#2894=ORIENTED_EDGE('',*,*,#2137,.F.);
#2895=ORIENTED_EDGE('',*,*,#2139,.F.);
#2896=ORIENTED_EDGE('',*,*,#2141,.F.);
#2897=ORIENTED_EDGE('',*,*,#2143,.F.);
#2898=ORIENTED_EDGE('',*,*,#2145,.F.);
#2899=ORIENTED_EDGE('',*,*,#2147,.F.);
#2900=ORIENTED_EDGE('',*,*,#2149,.F.);
#2901=ORIENTED_EDGE('',*,*,#1982,.F.);
#2902=ORIENTED_EDGE('',*,*,#1992,.F.);
#2903=ORIENTED_EDGE('',*,*,#1989,.F.);
#2904=ORIENTED_EDGE('',*,*,#1986,.F.);
#2905=ORIENTED_EDGE('',*,*,#2072,.F.);
#2906=ORIENTED_EDGE('',*,*,#2082,.F.);
#2907=ORIENTED_EDGE('',*,*,#2079,.F.);
#2908=ORIENTED_EDGE('',*,*,#2076,.F.);
#2909=ORIENTED_EDGE('',*,*,#2118,.F.);
#2910=ORIENTED_EDGE('',*,*,#2116,.F.);
#2911=ORIENTED_EDGE('',*,*,#2114,.F.);
#2912=ORIENTED_EDGE('',*,*,#2112,.F.);
#2913=ORIENTED_EDGE('',*,*,#2110,.F.);
#2914=ORIENTED_EDGE('',*,*,#2108,.F.);
#2915=ORIENTED_EDGE('',*,*,#1970,.F.);
#2916=ORIENTED_EDGE('',*,*,#1980,.F.);
#2917=ORIENTED_EDGE('',*,*,#1977,.F.);
#2918=ORIENTED_EDGE('',*,*,#1974,.F.);
#2919=ORIENTED_EDGE('',*,*,#2151,.F.);
#2920=ORIENTED_EDGE('',*,*,#2152,.T.);
#2921=ORIENTED_EDGE('',*,*,#2153,.F.);
#2922=ORIENTED_EDGE('',*,*,#2154,.F.);
#2923=ORIENTED_EDGE('',*,*,#2155,.F.);
#2924=ORIENTED_EDGE('',*,*,#2154,.T.);
#2925=ORIENTED_EDGE('',*,*,#2156,.F.);
#2926=ORIENTED_EDGE('',*,*,#2157,.F.);
#2927=ORIENTED_EDGE('',*,*,#2158,.F.);
#2928=ORIENTED_EDGE('',*,*,#2157,.T.);
#2929=ORIENTED_EDGE('',*,*,#2159,.F.);
#2930=ORIENTED_EDGE('',*,*,#2160,.F.);
#2931=ORIENTED_EDGE('',*,*,#2161,.F.);
#2932=ORIENTED_EDGE('',*,*,#2160,.T.);
#2933=ORIENTED_EDGE('',*,*,#2162,.F.);
#2934=ORIENTED_EDGE('',*,*,#2152,.F.);
#2935=ORIENTED_EDGE('',*,*,#2162,.T.);
#2936=ORIENTED_EDGE('',*,*,#2159,.T.);
#2937=ORIENTED_EDGE('',*,*,#2156,.T.);
#2938=ORIENTED_EDGE('',*,*,#2153,.T.);
#2939=ORIENTED_EDGE('',*,*,#2163,.F.);
#2940=ORIENTED_EDGE('',*,*,#2164,.T.);
#2941=ORIENTED_EDGE('',*,*,#2165,.F.);
#2942=ORIENTED_EDGE('',*,*,#2166,.F.);
#2943=ORIENTED_EDGE('',*,*,#2167,.F.);
#2944=ORIENTED_EDGE('',*,*,#2166,.T.);
#2945=ORIENTED_EDGE('',*,*,#2168,.F.);
#2946=ORIENTED_EDGE('',*,*,#2169,.F.);
#2947=ORIENTED_EDGE('',*,*,#2170,.F.);
#2948=ORIENTED_EDGE('',*,*,#2169,.T.);
#2949=ORIENTED_EDGE('',*,*,#2171,.F.);
#2950=ORIENTED_EDGE('',*,*,#2172,.F.);
#2951=ORIENTED_EDGE('',*,*,#2173,.F.);
#2952=ORIENTED_EDGE('',*,*,#2172,.T.);
#2953=ORIENTED_EDGE('',*,*,#2174,.F.);
#2954=ORIENTED_EDGE('',*,*,#2164,.F.);
#2955=ORIENTED_EDGE('',*,*,#2174,.T.);
#2956=ORIENTED_EDGE('',*,*,#2171,.T.);
#2957=ORIENTED_EDGE('',*,*,#2168,.T.);
#2958=ORIENTED_EDGE('',*,*,#2165,.T.);
#2959=ORIENTED_EDGE('',*,*,#2175,.F.);
#2960=ORIENTED_EDGE('',*,*,#2176,.T.);
#2961=ORIENTED_EDGE('',*,*,#2177,.F.);
#2962=ORIENTED_EDGE('',*,*,#2178,.F.);
#2963=ORIENTED_EDGE('',*,*,#2179,.F.);
#2964=ORIENTED_EDGE('',*,*,#2180,.F.);
#2965=ORIENTED_EDGE('',*,*,#2178,.T.);
#2966=ORIENTED_EDGE('',*,*,#2181,.F.);
#2967=ORIENTED_EDGE('',*,*,#2182,.F.);
#2968=ORIENTED_EDGE('',*,*,#1947,.T.);
#2969=ORIENTED_EDGE('',*,*,#1955,.T.);
#2970=ORIENTED_EDGE('',*,*,#1945,.T.);
#2971=ORIENTED_EDGE('',*,*,#1956,.T.);
#2972=ORIENTED_EDGE('',*,*,#2183,.F.);
#2973=ORIENTED_EDGE('',*,*,#2182,.T.);
#2974=ORIENTED_EDGE('',*,*,#2184,.F.);
#2975=ORIENTED_EDGE('',*,*,#2185,.F.);
#2976=ORIENTED_EDGE('',*,*,#2186,.F.);
#2977=ORIENTED_EDGE('',*,*,#2187,.F.);
#2978=ORIENTED_EDGE('',*,*,#2185,.T.);
#2979=ORIENTED_EDGE('',*,*,#2188,.F.);
#2980=ORIENTED_EDGE('',*,*,#2176,.F.);
#2981=ORIENTED_EDGE('',*,*,#2188,.T.);
#2982=ORIENTED_EDGE('',*,*,#2184,.T.);
#2983=ORIENTED_EDGE('',*,*,#2181,.T.);
#2984=ORIENTED_EDGE('',*,*,#2177,.T.);
#2985=ORIENTED_EDGE('',*,*,#2189,.T.);
#2986=ORIENTED_EDGE('',*,*,#2179,.T.);
#2987=ORIENTED_EDGE('',*,*,#2180,.T.);
#2988=ORIENTED_EDGE('',*,*,#2183,.T.);
#2989=ORIENTED_EDGE('',*,*,#2190,.F.);
#2990=ORIENTED_EDGE('',*,*,#2191,.T.);
#2991=ORIENTED_EDGE('',*,*,#2192,.F.);
#2992=ORIENTED_EDGE('',*,*,#2193,.F.);
#2993=ORIENTED_EDGE('',*,*,#2194,.F.);
#2994=ORIENTED_EDGE('',*,*,#2195,.T.);
#2995=ORIENTED_EDGE('',*,*,#2196,.F.);
#2996=ORIENTED_EDGE('',*,*,#2191,.F.);
#2997=ORIENTED_EDGE('',*,*,#2197,.F.);
#2998=ORIENTED_EDGE('',*,*,#2193,.T.);
#2999=ORIENTED_EDGE('',*,*,#2198,.F.);
#3000=ORIENTED_EDGE('',*,*,#2199,.F.);
#3001=ORIENTED_EDGE('',*,*,#2200,.F.);
#3002=ORIENTED_EDGE('',*,*,#2199,.T.);
#3003=ORIENTED_EDGE('',*,*,#2201,.F.);
#3004=ORIENTED_EDGE('',*,*,#2195,.F.);
#3005=ORIENTED_EDGE('',*,*,#2201,.T.);
#3006=ORIENTED_EDGE('',*,*,#2198,.T.);
#3007=ORIENTED_EDGE('',*,*,#2192,.T.);
#3008=ORIENTED_EDGE('',*,*,#2196,.T.);
#3009=ORIENTED_EDGE('',*,*,#2202,.F.);
#3010=ORIENTED_EDGE('',*,*,#2203,.T.);
#3011=ORIENTED_EDGE('',*,*,#2204,.F.);
#3012=ORIENTED_EDGE('',*,*,#2205,.F.);
#3013=ORIENTED_EDGE('',*,*,#2206,.F.);
#3014=ORIENTED_EDGE('',*,*,#2205,.T.);
#3015=ORIENTED_EDGE('',*,*,#2207,.F.);
#3016=ORIENTED_EDGE('',*,*,#2208,.F.);
#3017=ORIENTED_EDGE('',*,*,#2209,.F.);
#3018=ORIENTED_EDGE('',*,*,#2208,.T.);
#3019=ORIENTED_EDGE('',*,*,#2210,.F.);
#3020=ORIENTED_EDGE('',*,*,#2211,.F.);
#3021=ORIENTED_EDGE('',*,*,#2212,.F.);
#3022=ORIENTED_EDGE('',*,*,#2211,.T.);
#3023=ORIENTED_EDGE('',*,*,#2213,.F.);
#3024=ORIENTED_EDGE('',*,*,#2203,.F.);
#3025=ORIENTED_EDGE('',*,*,#2213,.T.);
#3026=ORIENTED_EDGE('',*,*,#2210,.T.);
#3027=ORIENTED_EDGE('',*,*,#2207,.T.);
#3028=ORIENTED_EDGE('',*,*,#2204,.T.);
#3029=ORIENTED_EDGE('',*,*,#2194,.T.);
#3030=ORIENTED_EDGE('',*,*,#2190,.T.);
#3031=ORIENTED_EDGE('',*,*,#2197,.T.);
#3032=ORIENTED_EDGE('',*,*,#2200,.T.);
#3033=ORIENTED_EDGE('',*,*,#2214,.F.);
#3034=ORIENTED_EDGE('',*,*,#2215,.T.);
#3035=ORIENTED_EDGE('',*,*,#2216,.F.);
#3036=ORIENTED_EDGE('',*,*,#2217,.F.);
#3037=ORIENTED_EDGE('',*,*,#2218,.F.);
#3038=ORIENTED_EDGE('',*,*,#2217,.T.);
#3039=ORIENTED_EDGE('',*,*,#2219,.F.);
#3040=ORIENTED_EDGE('',*,*,#2220,.F.);
#3041=ORIENTED_EDGE('',*,*,#2221,.F.);
#3042=ORIENTED_EDGE('',*,*,#2220,.T.);
#3043=ORIENTED_EDGE('',*,*,#2222,.F.);
#3044=ORIENTED_EDGE('',*,*,#2223,.F.);
#3045=ORIENTED_EDGE('',*,*,#2224,.F.);
#3046=ORIENTED_EDGE('',*,*,#2223,.T.);
#3047=ORIENTED_EDGE('',*,*,#2225,.F.);
#3048=ORIENTED_EDGE('',*,*,#2215,.F.);
#3049=ORIENTED_EDGE('',*,*,#2225,.T.);
#3050=ORIENTED_EDGE('',*,*,#2222,.T.);
#3051=ORIENTED_EDGE('',*,*,#2219,.T.);
#3052=ORIENTED_EDGE('',*,*,#2216,.T.);
#3053=ORIENTED_EDGE('',*,*,#2226,.T.);
#3054=ORIENTED_EDGE('',*,*,#2227,.T.);
#3055=ORIENTED_EDGE('',*,*,#2228,.F.);
#3056=ORIENTED_EDGE('',*,*,#2229,.F.);
#3057=ORIENTED_EDGE('',*,*,#2230,.T.);
#3058=ORIENTED_EDGE('',*,*,#2231,.T.);
#3059=ORIENTED_EDGE('',*,*,#2232,.F.);
#3060=ORIENTED_EDGE('',*,*,#2227,.F.);
#3061=ORIENTED_EDGE('',*,*,#2233,.T.);
#3062=ORIENTED_EDGE('',*,*,#2234,.T.);
#3063=ORIENTED_EDGE('',*,*,#2235,.F.);
#3064=ORIENTED_EDGE('',*,*,#2231,.F.);
#3065=ORIENTED_EDGE('',*,*,#2236,.T.);
#3066=ORIENTED_EDGE('',*,*,#2229,.T.);
#3067=ORIENTED_EDGE('',*,*,#2237,.F.);
#3068=ORIENTED_EDGE('',*,*,#2234,.F.);
#3069=ORIENTED_EDGE('',*,*,#2238,.F.);
#3070=ORIENTED_EDGE('',*,*,#2239,.F.);
#3071=ORIENTED_EDGE('',*,*,#2240,.F.);
#3072=ORIENTED_EDGE('',*,*,#2241,.F.);
#3073=ORIENTED_EDGE('',*,*,#2242,.F.);
#3074=ORIENTED_EDGE('',*,*,#2243,.F.);
#3075=ORIENTED_EDGE('',*,*,#2244,.F.);
#3076=ORIENTED_EDGE('',*,*,#2245,.F.);
#3077=ORIENTED_EDGE('',*,*,#2246,.F.);
#3078=ORIENTED_EDGE('',*,*,#2247,.F.);
#3079=ORIENTED_EDGE('',*,*,#2248,.F.);
#3080=ORIENTED_EDGE('',*,*,#2249,.F.);
#3081=ORIENTED_EDGE('',*,*,#2250,.F.);
#3082=ORIENTED_EDGE('',*,*,#2251,.F.);
#3083=ORIENTED_EDGE('',*,*,#2252,.F.);
#3084=ORIENTED_EDGE('',*,*,#2253,.F.);
#3085=ORIENTED_EDGE('',*,*,#2254,.F.);
#3086=ORIENTED_EDGE('',*,*,#2255,.F.);
#3087=ORIENTED_EDGE('',*,*,#2256,.F.);
#3088=ORIENTED_EDGE('',*,*,#2257,.F.);
#3089=ORIENTED_EDGE('',*,*,#2258,.F.);
#3090=ORIENTED_EDGE('',*,*,#2259,.F.);
#3091=ORIENTED_EDGE('',*,*,#2259,.T.);
#3092=ORIENTED_EDGE('',*,*,#2260,.T.);
#3093=ORIENTED_EDGE('',*,*,#2261,.T.);
#3094=ORIENTED_EDGE('',*,*,#2260,.F.);
#3095=ORIENTED_EDGE('',*,*,#2258,.T.);
#3096=ORIENTED_EDGE('',*,*,#2262,.T.);
#3097=ORIENTED_EDGE('',*,*,#2263,.T.);
#3098=ORIENTED_EDGE('',*,*,#2262,.F.);
#3099=ORIENTED_EDGE('',*,*,#2257,.T.);
#3100=ORIENTED_EDGE('',*,*,#2264,.T.);
#3101=ORIENTED_EDGE('',*,*,#2265,.T.);
#3102=ORIENTED_EDGE('',*,*,#2264,.F.);
#3103=ORIENTED_EDGE('',*,*,#2256,.T.);
#3104=ORIENTED_EDGE('',*,*,#2266,.T.);
#3105=ORIENTED_EDGE('',*,*,#2267,.T.);
#3106=ORIENTED_EDGE('',*,*,#2266,.F.);
#3107=ORIENTED_EDGE('',*,*,#2255,.T.);
#3108=ORIENTED_EDGE('',*,*,#2268,.T.);
#3109=ORIENTED_EDGE('',*,*,#2269,.T.);
#3110=ORIENTED_EDGE('',*,*,#2268,.F.);
#3111=ORIENTED_EDGE('',*,*,#2254,.T.);
#3112=ORIENTED_EDGE('',*,*,#2270,.T.);
#3113=ORIENTED_EDGE('',*,*,#2271,.T.);
#3114=ORIENTED_EDGE('',*,*,#2270,.F.);
#3115=ORIENTED_EDGE('',*,*,#2272,.T.);
#3116=ORIENTED_EDGE('',*,*,#2253,.T.);
#3117=ORIENTED_EDGE('',*,*,#2273,.T.);
#3118=ORIENTED_EDGE('',*,*,#2274,.T.);
#3119=ORIENTED_EDGE('',*,*,#2273,.F.);
#3120=ORIENTED_EDGE('',*,*,#2252,.T.);
#3121=ORIENTED_EDGE('',*,*,#2275,.T.);
#3122=ORIENTED_EDGE('',*,*,#2276,.T.);
#3123=ORIENTED_EDGE('',*,*,#2275,.F.);
#3124=ORIENTED_EDGE('',*,*,#2251,.T.);
#3125=ORIENTED_EDGE('',*,*,#2277,.T.);
#3126=ORIENTED_EDGE('',*,*,#2278,.T.);
#3127=ORIENTED_EDGE('',*,*,#2277,.F.);
#3128=ORIENTED_EDGE('',*,*,#2250,.T.);
#3129=ORIENTED_EDGE('',*,*,#2279,.T.);
#3130=ORIENTED_EDGE('',*,*,#2280,.T.);
#3131=ORIENTED_EDGE('',*,*,#2279,.F.);
#3132=ORIENTED_EDGE('',*,*,#2249,.T.);
#3133=ORIENTED_EDGE('',*,*,#2281,.T.);
#3134=ORIENTED_EDGE('',*,*,#2282,.T.);
#3135=ORIENTED_EDGE('',*,*,#2281,.F.);
#3136=ORIENTED_EDGE('',*,*,#2248,.T.);
#3137=ORIENTED_EDGE('',*,*,#2283,.T.);
#3138=ORIENTED_EDGE('',*,*,#2284,.T.);
#3139=ORIENTED_EDGE('',*,*,#2283,.F.);
#3140=ORIENTED_EDGE('',*,*,#2247,.T.);
#3141=ORIENTED_EDGE('',*,*,#2285,.T.);
#3142=ORIENTED_EDGE('',*,*,#2286,.T.);
#3143=ORIENTED_EDGE('',*,*,#2285,.F.);
#3144=ORIENTED_EDGE('',*,*,#2246,.T.);
#3145=ORIENTED_EDGE('',*,*,#2287,.T.);
#3146=ORIENTED_EDGE('',*,*,#2288,.T.);
#3147=ORIENTED_EDGE('',*,*,#2287,.F.);
#3148=ORIENTED_EDGE('',*,*,#2245,.T.);
#3149=ORIENTED_EDGE('',*,*,#2289,.T.);
#3150=ORIENTED_EDGE('',*,*,#2290,.T.);
#3151=ORIENTED_EDGE('',*,*,#2289,.F.);
#3152=ORIENTED_EDGE('',*,*,#2244,.T.);
#3153=ORIENTED_EDGE('',*,*,#2291,.T.);
#3154=ORIENTED_EDGE('',*,*,#2292,.T.);
#3155=ORIENTED_EDGE('',*,*,#2291,.F.);
#3156=ORIENTED_EDGE('',*,*,#2243,.T.);
#3157=ORIENTED_EDGE('',*,*,#2293,.T.);
#3158=ORIENTED_EDGE('',*,*,#2294,.T.);
#3159=ORIENTED_EDGE('',*,*,#2293,.F.);
#3160=ORIENTED_EDGE('',*,*,#2242,.T.);
#3161=ORIENTED_EDGE('',*,*,#2295,.T.);
#3162=ORIENTED_EDGE('',*,*,#2296,.T.);
#3163=ORIENTED_EDGE('',*,*,#2295,.F.);
#3164=ORIENTED_EDGE('',*,*,#2241,.T.);
#3165=ORIENTED_EDGE('',*,*,#2297,.T.);
#3166=ORIENTED_EDGE('',*,*,#2298,.T.);
#3167=ORIENTED_EDGE('',*,*,#2297,.F.);
#3168=ORIENTED_EDGE('',*,*,#2240,.T.);
#3169=ORIENTED_EDGE('',*,*,#2299,.T.);
#3170=ORIENTED_EDGE('',*,*,#2300,.T.);
#3171=ORIENTED_EDGE('',*,*,#2299,.F.);
#3172=ORIENTED_EDGE('',*,*,#2239,.T.);
#3173=ORIENTED_EDGE('',*,*,#2301,.T.);
#3174=ORIENTED_EDGE('',*,*,#2302,.T.);
#3175=ORIENTED_EDGE('',*,*,#2301,.F.);
#3176=ORIENTED_EDGE('',*,*,#2238,.T.);
#3177=ORIENTED_EDGE('',*,*,#2272,.F.);
#3178=ORIENTED_EDGE('',*,*,#2303,.T.);
#3179=ORIENTED_EDGE('',*,*,#2303,.F.);
#3180=ORIENTED_EDGE('',*,*,#2274,.F.);
#3181=ORIENTED_EDGE('',*,*,#2276,.F.);
#3182=ORIENTED_EDGE('',*,*,#2278,.F.);
#3183=ORIENTED_EDGE('',*,*,#2280,.F.);
#3184=ORIENTED_EDGE('',*,*,#2282,.F.);
#3185=ORIENTED_EDGE('',*,*,#2284,.F.);
#3186=ORIENTED_EDGE('',*,*,#2286,.F.);
#3187=ORIENTED_EDGE('',*,*,#2288,.F.);
#3188=ORIENTED_EDGE('',*,*,#2290,.F.);
#3189=ORIENTED_EDGE('',*,*,#2292,.F.);
#3190=ORIENTED_EDGE('',*,*,#2294,.F.);
#3191=ORIENTED_EDGE('',*,*,#2296,.F.);
#3192=ORIENTED_EDGE('',*,*,#2298,.F.);
#3193=ORIENTED_EDGE('',*,*,#2300,.F.);
#3194=ORIENTED_EDGE('',*,*,#2302,.F.);
#3195=ORIENTED_EDGE('',*,*,#2226,.F.);
#3196=ORIENTED_EDGE('',*,*,#2236,.F.);
#3197=ORIENTED_EDGE('',*,*,#2233,.F.);
#3198=ORIENTED_EDGE('',*,*,#2230,.F.);
#3199=ORIENTED_EDGE('',*,*,#2271,.F.);
#3200=ORIENTED_EDGE('',*,*,#2269,.F.);
#3201=ORIENTED_EDGE('',*,*,#2267,.F.);
#3202=ORIENTED_EDGE('',*,*,#2265,.F.);
#3203=ORIENTED_EDGE('',*,*,#2263,.F.);
#3204=ORIENTED_EDGE('',*,*,#2261,.F.);
#3205=ORIENTED_EDGE('',*,*,#2304,.F.);
#3206=ORIENTED_EDGE('',*,*,#2305,.T.);
#3207=ORIENTED_EDGE('',*,*,#2306,.F.);
#3208=ORIENTED_EDGE('',*,*,#2307,.F.);
#3209=ORIENTED_EDGE('',*,*,#2308,.F.);
#3210=ORIENTED_EDGE('',*,*,#2307,.T.);
#3211=ORIENTED_EDGE('',*,*,#2309,.F.);
#3212=ORIENTED_EDGE('',*,*,#2310,.F.);
#3213=ORIENTED_EDGE('',*,*,#2311,.F.);
#3214=ORIENTED_EDGE('',*,*,#2310,.T.);
#3215=ORIENTED_EDGE('',*,*,#2312,.F.);
#3216=ORIENTED_EDGE('',*,*,#2313,.F.);
#3217=ORIENTED_EDGE('',*,*,#2314,.F.);
#3218=ORIENTED_EDGE('',*,*,#2313,.T.);
#3219=ORIENTED_EDGE('',*,*,#2315,.F.);
#3220=ORIENTED_EDGE('',*,*,#2305,.F.);
#3221=ORIENTED_EDGE('',*,*,#2315,.T.);
#3222=ORIENTED_EDGE('',*,*,#2312,.T.);
#3223=ORIENTED_EDGE('',*,*,#2309,.T.);
#3224=ORIENTED_EDGE('',*,*,#2306,.T.);
#3225=ORIENTED_EDGE('',*,*,#2228,.T.);
#3226=ORIENTED_EDGE('',*,*,#2232,.T.);
#3227=ORIENTED_EDGE('',*,*,#2235,.T.);
#3228=ORIENTED_EDGE('',*,*,#2237,.T.);
#3229=ORIENTED_EDGE('',*,*,#2175,.T.);
#3230=ORIENTED_EDGE('',*,*,#2316,.T.);
#3231=ORIENTED_EDGE('',*,*,#2317,.T.);
#3232=ORIENTED_EDGE('',*,*,#2318,.T.);
#3233=ORIENTED_EDGE('',*,*,#2319,.T.);
#3234=ORIENTED_EDGE('',*,*,#2320,.T.);
#3235=ORIENTED_EDGE('',*,*,#2321,.T.);
#3236=ORIENTED_EDGE('',*,*,#2322,.T.);
#3237=ORIENTED_EDGE('',*,*,#2323,.T.);
#3238=ORIENTED_EDGE('',*,*,#2324,.T.);
#3239=ORIENTED_EDGE('',*,*,#2325,.T.);
#3240=ORIENTED_EDGE('',*,*,#2326,.T.);
#3241=ORIENTED_EDGE('',*,*,#2327,.T.);
#3242=ORIENTED_EDGE('',*,*,#2328,.T.);
#3243=ORIENTED_EDGE('',*,*,#2329,.T.);
#3244=ORIENTED_EDGE('',*,*,#2330,.T.);
#3245=ORIENTED_EDGE('',*,*,#2331,.T.);
#3246=ORIENTED_EDGE('',*,*,#2332,.T.);
#3247=ORIENTED_EDGE('',*,*,#2186,.T.);
#3248=ORIENTED_EDGE('',*,*,#2187,.T.);
#3249=ORIENTED_EDGE('',*,*,#2333,.T.);
#3250=ORIENTED_EDGE('',*,*,#2334,.T.);
#3251=ORIENTED_EDGE('',*,*,#2335,.T.);
#3252=ORIENTED_EDGE('',*,*,#2336,.T.);
#3253=ORIENTED_EDGE('',*,*,#2337,.T.);
#3254=ORIENTED_EDGE('',*,*,#2338,.T.);
#3255=ORIENTED_EDGE('',*,*,#2163,.T.);
#3256=ORIENTED_EDGE('',*,*,#2167,.T.);
#3257=ORIENTED_EDGE('',*,*,#2170,.T.);
#3258=ORIENTED_EDGE('',*,*,#2173,.T.);
#3259=ORIENTED_EDGE('',*,*,#2151,.T.);
#3260=ORIENTED_EDGE('',*,*,#2155,.T.);
#3261=ORIENTED_EDGE('',*,*,#2158,.T.);
#3262=ORIENTED_EDGE('',*,*,#2161,.T.);
#3263=ORIENTED_EDGE('',*,*,#2339,.F.);
#3264=ORIENTED_EDGE('',*,*,#2340,.T.);
#3265=ORIENTED_EDGE('',*,*,#2333,.F.);
#3266=ORIENTED_EDGE('',*,*,#2340,.F.);
#3267=ORIENTED_EDGE('',*,*,#2341,.F.);
#3268=ORIENTED_EDGE('',*,*,#2342,.T.);
#3269=ORIENTED_EDGE('',*,*,#2334,.F.);
#3270=ORIENTED_EDGE('',*,*,#2342,.F.);
#3271=ORIENTED_EDGE('',*,*,#2343,.F.);
#3272=ORIENTED_EDGE('',*,*,#2344,.T.);
#3273=ORIENTED_EDGE('',*,*,#2335,.F.);
#3274=ORIENTED_EDGE('',*,*,#2344,.F.);
#3275=ORIENTED_EDGE('',*,*,#2345,.F.);
#3276=ORIENTED_EDGE('',*,*,#2346,.T.);
#3277=ORIENTED_EDGE('',*,*,#2336,.F.);
#3278=ORIENTED_EDGE('',*,*,#2346,.F.);
#3279=ORIENTED_EDGE('',*,*,#2347,.F.);
#3280=ORIENTED_EDGE('',*,*,#2348,.T.);
#3281=ORIENTED_EDGE('',*,*,#2337,.F.);
#3282=ORIENTED_EDGE('',*,*,#2348,.F.);
#3283=ORIENTED_EDGE('',*,*,#2349,.F.);
#3284=ORIENTED_EDGE('',*,*,#2350,.T.);
#3285=ORIENTED_EDGE('',*,*,#2338,.F.);
#3286=ORIENTED_EDGE('',*,*,#2350,.F.);
#3287=ORIENTED_EDGE('',*,*,#2351,.F.);
#3288=ORIENTED_EDGE('',*,*,#2352,.F.);
#3289=ORIENTED_EDGE('',*,*,#2353,.F.);
#3290=ORIENTED_EDGE('',*,*,#2328,.F.);
#3291=ORIENTED_EDGE('',*,*,#2353,.T.);
#3292=ORIENTED_EDGE('',*,*,#2354,.F.);
#3293=ORIENTED_EDGE('',*,*,#2355,.F.);
#3294=ORIENTED_EDGE('',*,*,#2329,.F.);
#3295=ORIENTED_EDGE('',*,*,#2355,.T.);
#3296=ORIENTED_EDGE('',*,*,#2356,.F.);
#3297=ORIENTED_EDGE('',*,*,#2357,.F.);
#3298=ORIENTED_EDGE('',*,*,#2330,.F.);
#3299=ORIENTED_EDGE('',*,*,#2357,.T.);
#3300=ORIENTED_EDGE('',*,*,#2358,.F.);
#3301=ORIENTED_EDGE('',*,*,#2359,.F.);
#3302=ORIENTED_EDGE('',*,*,#2331,.F.);
#3303=ORIENTED_EDGE('',*,*,#2359,.T.);
#3304=ORIENTED_EDGE('',*,*,#2360,.F.);
#3305=ORIENTED_EDGE('',*,*,#2361,.F.);
#3306=ORIENTED_EDGE('',*,*,#2316,.F.);
#3307=ORIENTED_EDGE('',*,*,#2189,.F.);
#3308=ORIENTED_EDGE('',*,*,#2332,.F.);
#3309=ORIENTED_EDGE('',*,*,#2361,.T.);
#3310=ORIENTED_EDGE('',*,*,#2362,.F.);
#3311=ORIENTED_EDGE('',*,*,#2363,.F.);
#3312=ORIENTED_EDGE('',*,*,#2317,.F.);
#3313=ORIENTED_EDGE('',*,*,#2363,.T.);
#3314=ORIENTED_EDGE('',*,*,#2364,.F.);
#3315=ORIENTED_EDGE('',*,*,#2365,.F.);
#3316=ORIENTED_EDGE('',*,*,#2318,.F.);
#3317=ORIENTED_EDGE('',*,*,#2365,.T.);
#3318=ORIENTED_EDGE('',*,*,#2366,.F.);
#3319=ORIENTED_EDGE('',*,*,#2367,.F.);
#3320=ORIENTED_EDGE('',*,*,#2319,.F.);
#3321=ORIENTED_EDGE('',*,*,#2367,.T.);
#3322=ORIENTED_EDGE('',*,*,#2368,.F.);
#3323=ORIENTED_EDGE('',*,*,#2369,.F.);
#3324=ORIENTED_EDGE('',*,*,#2320,.F.);
#3325=ORIENTED_EDGE('',*,*,#2369,.T.);
#3326=ORIENTED_EDGE('',*,*,#2370,.F.);
#3327=ORIENTED_EDGE('',*,*,#2371,.F.);
#3328=ORIENTED_EDGE('',*,*,#2321,.F.);
#3329=ORIENTED_EDGE('',*,*,#2371,.T.);
#3330=ORIENTED_EDGE('',*,*,#2372,.F.);
#3331=ORIENTED_EDGE('',*,*,#2373,.F.);
#3332=ORIENTED_EDGE('',*,*,#2322,.F.);
#3333=ORIENTED_EDGE('',*,*,#2373,.T.);
#3334=ORIENTED_EDGE('',*,*,#2374,.F.);
#3335=ORIENTED_EDGE('',*,*,#2375,.F.);
#3336=ORIENTED_EDGE('',*,*,#2323,.F.);
#3337=ORIENTED_EDGE('',*,*,#2375,.T.);
#3338=ORIENTED_EDGE('',*,*,#2376,.F.);
#3339=ORIENTED_EDGE('',*,*,#2377,.F.);
#3340=ORIENTED_EDGE('',*,*,#2324,.F.);
#3341=ORIENTED_EDGE('',*,*,#2377,.T.);
#3342=ORIENTED_EDGE('',*,*,#2378,.F.);
#3343=ORIENTED_EDGE('',*,*,#2379,.F.);
#3344=ORIENTED_EDGE('',*,*,#2325,.F.);
#3345=ORIENTED_EDGE('',*,*,#2379,.T.);
#3346=ORIENTED_EDGE('',*,*,#2380,.F.);
#3347=ORIENTED_EDGE('',*,*,#2381,.F.);
#3348=ORIENTED_EDGE('',*,*,#2326,.F.);
#3349=ORIENTED_EDGE('',*,*,#2381,.T.);
#3350=ORIENTED_EDGE('',*,*,#2382,.F.);
#3351=ORIENTED_EDGE('',*,*,#2351,.T.);
#3352=ORIENTED_EDGE('',*,*,#2327,.F.);
#3353=ORIENTED_EDGE('',*,*,#2382,.T.);
#3354=ORIENTED_EDGE('',*,*,#2380,.T.);
#3355=ORIENTED_EDGE('',*,*,#2378,.T.);
#3356=ORIENTED_EDGE('',*,*,#2376,.T.);
#3357=ORIENTED_EDGE('',*,*,#2374,.T.);
#3358=ORIENTED_EDGE('',*,*,#2372,.T.);
#3359=ORIENTED_EDGE('',*,*,#2370,.T.);
#3360=ORIENTED_EDGE('',*,*,#2368,.T.);
#3361=ORIENTED_EDGE('',*,*,#2366,.T.);
#3362=ORIENTED_EDGE('',*,*,#2364,.T.);
#3363=ORIENTED_EDGE('',*,*,#2362,.T.);
#3364=ORIENTED_EDGE('',*,*,#2360,.T.);
#3365=ORIENTED_EDGE('',*,*,#2358,.T.);
#3366=ORIENTED_EDGE('',*,*,#2356,.T.);
#3367=ORIENTED_EDGE('',*,*,#2354,.T.);
#3368=ORIENTED_EDGE('',*,*,#2352,.T.);
#3369=ORIENTED_EDGE('',*,*,#2214,.T.);
#3370=ORIENTED_EDGE('',*,*,#2218,.T.);
#3371=ORIENTED_EDGE('',*,*,#2221,.T.);
#3372=ORIENTED_EDGE('',*,*,#2224,.T.);
#3373=ORIENTED_EDGE('',*,*,#2304,.T.);
#3374=ORIENTED_EDGE('',*,*,#2308,.T.);
#3375=ORIENTED_EDGE('',*,*,#2311,.T.);
#3376=ORIENTED_EDGE('',*,*,#2314,.T.);
#3377=ORIENTED_EDGE('',*,*,#2349,.T.);
#3378=ORIENTED_EDGE('',*,*,#2347,.T.);
#3379=ORIENTED_EDGE('',*,*,#2345,.T.);
#3380=ORIENTED_EDGE('',*,*,#2343,.T.);
#3381=ORIENTED_EDGE('',*,*,#2341,.T.);
#3382=ORIENTED_EDGE('',*,*,#2339,.T.);
#3383=ORIENTED_EDGE('',*,*,#2202,.T.);
#3384=ORIENTED_EDGE('',*,*,#2206,.T.);
#3385=ORIENTED_EDGE('',*,*,#2209,.T.);
#3386=ORIENTED_EDGE('',*,*,#2212,.T.);
#3387=ORIENTED_EDGE('',*,*,#2383,.F.);
#3388=ORIENTED_EDGE('',*,*,#2384,.T.);
#3389=ORIENTED_EDGE('',*,*,#2385,.F.);
#3390=ORIENTED_EDGE('',*,*,#2386,.F.);
#3391=ORIENTED_EDGE('',*,*,#2387,.F.);
#3392=ORIENTED_EDGE('',*,*,#2386,.T.);
#3393=ORIENTED_EDGE('',*,*,#2388,.F.);
#3394=ORIENTED_EDGE('',*,*,#2389,.F.);
#3395=ORIENTED_EDGE('',*,*,#2390,.F.);
#3396=ORIENTED_EDGE('',*,*,#2389,.T.);
#3397=ORIENTED_EDGE('',*,*,#2391,.F.);
#3398=ORIENTED_EDGE('',*,*,#2392,.F.);
#3399=ORIENTED_EDGE('',*,*,#2393,.F.);
#3400=ORIENTED_EDGE('',*,*,#2392,.T.);
#3401=ORIENTED_EDGE('',*,*,#2394,.F.);
#3402=ORIENTED_EDGE('',*,*,#2384,.F.);
#3403=ORIENTED_EDGE('',*,*,#2394,.T.);
#3404=ORIENTED_EDGE('',*,*,#2391,.T.);
#3405=ORIENTED_EDGE('',*,*,#2388,.T.);
#3406=ORIENTED_EDGE('',*,*,#2385,.T.);
#3407=ORIENTED_EDGE('',*,*,#2393,.T.);
#3408=ORIENTED_EDGE('',*,*,#2383,.T.);
#3409=ORIENTED_EDGE('',*,*,#2387,.T.);
#3410=ORIENTED_EDGE('',*,*,#2390,.T.);
#3411=ORIENTED_EDGE('',*,*,#2395,.T.);
#3412=ORIENTED_EDGE('',*,*,#2396,.T.);
#3413=ORIENTED_EDGE('',*,*,#2397,.F.);
#3414=ORIENTED_EDGE('',*,*,#2398,.F.);
#3415=ORIENTED_EDGE('',*,*,#2399,.T.);
#3416=ORIENTED_EDGE('',*,*,#2398,.T.);
#3417=ORIENTED_EDGE('',*,*,#2400,.F.);
#3418=ORIENTED_EDGE('',*,*,#2401,.F.);
#3419=ORIENTED_EDGE('',*,*,#2402,.T.);
#3420=ORIENTED_EDGE('',*,*,#2401,.T.);
#3421=ORIENTED_EDGE('',*,*,#2403,.F.);
#3422=ORIENTED_EDGE('',*,*,#2404,.F.);
#3423=ORIENTED_EDGE('',*,*,#2405,.T.);
#3424=ORIENTED_EDGE('',*,*,#2404,.T.);
#3425=ORIENTED_EDGE('',*,*,#2406,.F.);
#3426=ORIENTED_EDGE('',*,*,#2396,.F.);
#3427=ORIENTED_EDGE('',*,*,#2406,.T.);
#3428=ORIENTED_EDGE('',*,*,#2403,.T.);
#3429=ORIENTED_EDGE('',*,*,#2400,.T.);
#3430=ORIENTED_EDGE('',*,*,#2397,.T.);
#3431=ORIENTED_EDGE('',*,*,#2405,.F.);
#3432=ORIENTED_EDGE('',*,*,#2395,.F.);
#3433=ORIENTED_EDGE('',*,*,#2399,.F.);
#3434=ORIENTED_EDGE('',*,*,#2402,.F.);
#3435=ORIENTED_EDGE('',*,*,#2407,.F.);
#3436=ORIENTED_EDGE('',*,*,#2408,.T.);
#3437=ORIENTED_EDGE('',*,*,#2409,.F.);
#3438=ORIENTED_EDGE('',*,*,#2410,.F.);
#3439=ORIENTED_EDGE('',*,*,#2411,.F.);
#3440=ORIENTED_EDGE('',*,*,#2410,.T.);
#3441=ORIENTED_EDGE('',*,*,#2412,.F.);
#3442=ORIENTED_EDGE('',*,*,#2413,.F.);
#3443=ORIENTED_EDGE('',*,*,#2414,.F.);
#3444=ORIENTED_EDGE('',*,*,#2413,.T.);
#3445=ORIENTED_EDGE('',*,*,#2415,.F.);
#3446=ORIENTED_EDGE('',*,*,#2416,.F.);
#3447=ORIENTED_EDGE('',*,*,#2417,.F.);
#3448=ORIENTED_EDGE('',*,*,#2416,.T.);
#3449=ORIENTED_EDGE('',*,*,#2418,.F.);
#3450=ORIENTED_EDGE('',*,*,#2408,.F.);
#3451=ORIENTED_EDGE('',*,*,#2418,.T.);
#3452=ORIENTED_EDGE('',*,*,#2415,.T.);
#3453=ORIENTED_EDGE('',*,*,#2412,.T.);
#3454=ORIENTED_EDGE('',*,*,#2409,.T.);
#3455=ORIENTED_EDGE('',*,*,#2417,.T.);
#3456=ORIENTED_EDGE('',*,*,#2407,.T.);
#3457=ORIENTED_EDGE('',*,*,#2411,.T.);
#3458=ORIENTED_EDGE('',*,*,#2414,.T.);
#3459=ORIENTED_EDGE('',*,*,#2419,.T.);
#3460=ORIENTED_EDGE('',*,*,#2420,.T.);
#3461=ORIENTED_EDGE('',*,*,#2421,.F.);
#3462=ORIENTED_EDGE('',*,*,#2422,.F.);
#3463=ORIENTED_EDGE('',*,*,#2423,.T.);
#3464=ORIENTED_EDGE('',*,*,#2422,.T.);
#3465=ORIENTED_EDGE('',*,*,#2424,.F.);
#3466=ORIENTED_EDGE('',*,*,#2425,.F.);
#3467=ORIENTED_EDGE('',*,*,#2426,.T.);
#3468=ORIENTED_EDGE('',*,*,#2425,.T.);
#3469=ORIENTED_EDGE('',*,*,#2427,.F.);
#3470=ORIENTED_EDGE('',*,*,#2428,.F.);
#3471=ORIENTED_EDGE('',*,*,#2429,.T.);
#3472=ORIENTED_EDGE('',*,*,#2428,.T.);
#3473=ORIENTED_EDGE('',*,*,#2430,.F.);
#3474=ORIENTED_EDGE('',*,*,#2420,.F.);
#3475=ORIENTED_EDGE('',*,*,#2430,.T.);
#3476=ORIENTED_EDGE('',*,*,#2427,.T.);
#3477=ORIENTED_EDGE('',*,*,#2424,.T.);
#3478=ORIENTED_EDGE('',*,*,#2421,.T.);
#3479=ORIENTED_EDGE('',*,*,#2429,.F.);
#3480=ORIENTED_EDGE('',*,*,#2419,.F.);
#3481=ORIENTED_EDGE('',*,*,#2423,.F.);
#3482=ORIENTED_EDGE('',*,*,#2426,.F.);
#3483=PLANE('',#3849);
#3484=PLANE('',#3850);
#3485=PLANE('',#3851);
#3486=PLANE('',#3852);
#3487=PLANE('',#3853);
#3488=PLANE('',#3854);
#3489=PLANE('',#3855);
#3490=PLANE('',#3856);
#3491=PLANE('',#3857);
#3492=PLANE('',#3858);
#3493=PLANE('',#3859);
#3494=PLANE('',#3860);
#3495=PLANE('',#3861);
#3496=PLANE('',#3862);
#3497=PLANE('',#3863);
#3498=PLANE('',#3864);
#3499=PLANE('',#3865);
#3500=PLANE('',#3866);
#3501=PLANE('',#3867);
#3502=PLANE('',#3868);
#3503=PLANE('',#3872);
#3504=PLANE('',#3873);
#3505=PLANE('',#3877);
#3506=PLANE('',#3878);
#3507=PLANE('',#3879);
#3508=PLANE('',#3880);
#3509=PLANE('',#3881);
#3510=PLANE('',#3882);
#3511=PLANE('',#3883);
#3512=PLANE('',#3884);
#3513=PLANE('',#3885);
#3514=PLANE('',#3886);
#3515=PLANE('',#3887);
#3516=PLANE('',#3888);
#3517=PLANE('',#3889);
#3518=PLANE('',#3890);
#3519=PLANE('',#3891);
#3520=PLANE('',#3892);
#3521=PLANE('',#3919);
#3522=PLANE('',#3922);
#3523=PLANE('',#3925);
#3524=PLANE('',#3928);
#3525=PLANE('',#3931);
#3526=PLANE('',#3934);
#3527=PLANE('',#3937);
#3528=PLANE('',#3940);
#3529=PLANE('',#3943);
#3530=PLANE('',#3944);
#3531=PLANE('',#3945);
#3532=PLANE('',#3946);
#3533=PLANE('',#3947);
#3534=PLANE('',#3948);
#3535=PLANE('',#3949);
#3536=PLANE('',#3976);
#3537=PLANE('',#3979);
#3538=PLANE('',#3982);
#3539=PLANE('',#3985);
#3540=PLANE('',#3988);
#3541=PLANE('',#3991);
#3542=PLANE('',#3994);
#3543=PLANE('',#3997);
#3544=PLANE('',#4000);
#3545=PLANE('',#4001);
#3546=PLANE('',#4002);
#3547=PLANE('',#4003);
#3548=PLANE('',#4004);
#3549=PLANE('',#4005);
#3550=PLANE('',#4006);
#3551=PLANE('',#4007);
#3552=PLANE('',#4008);
#3553=PLANE('',#4009);
#3554=PLANE('',#4010);
#3555=PLANE('',#4011);
#3556=PLANE('',#4012);
#3557=PLANE('',#4013);
#3558=PLANE('',#4014);
#3559=PLANE('',#4015);
#3560=PLANE('',#4016);
#3561=PLANE('',#4020);
#3562=PLANE('',#4021);
#3563=PLANE('',#4025);
#3564=PLANE('',#4026);
#3565=PLANE('',#4027);
#3566=PLANE('',#4028);
#3567=PLANE('',#4029);
#3568=PLANE('',#4030);
#3569=PLANE('',#4031);
#3570=PLANE('',#4032);
#3571=PLANE('',#4033);
#3572=PLANE('',#4034);
#3573=PLANE('',#4035);
#3574=PLANE('',#4036);
#3575=PLANE('',#4037);
#3576=PLANE('',#4038);
#3577=PLANE('',#4039);
#3578=PLANE('',#4040);
#3579=PLANE('',#4067);
#3580=PLANE('',#4070);
#3581=PLANE('',#4073);
#3582=PLANE('',#4076);
#3583=PLANE('',#4079);
#3584=PLANE('',#4082);
#3585=PLANE('',#4085);
#3586=PLANE('',#4088);
#3587=PLANE('',#4091);
#3588=PLANE('',#4092);
#3589=PLANE('',#4093);
#3590=PLANE('',#4094);
#3591=PLANE('',#4095);
#3592=PLANE('',#4096);
#3593=PLANE('',#4097);
#3594=PLANE('',#4124);
#3595=PLANE('',#4127);
#3596=PLANE('',#4130);
#3597=PLANE('',#4133);
#3598=PLANE('',#4136);
#3599=PLANE('',#4139);
#3600=PLANE('',#4142);
#3601=PLANE('',#4145);
#3602=PLANE('',#4148);
#3603=PLANE('',#4149);
#3604=PLANE('',#4150);
#3605=PLANE('',#4151);
#3606=PLANE('',#4152);
#3607=PLANE('',#4153);
#3608=PLANE('',#4154);
#3609=PLANE('',#4155);
#3610=PLANE('',#4156);
#3611=PLANE('',#4157);
#3612=PLANE('',#4158);
#3613=PLANE('',#4159);
#3614=PLANE('',#4160);
#3615=PLANE('',#4161);
#3616=PLANE('',#4162);
#3617=PLANE('',#4163);
#3618=PLANE('',#4164);
#3619=PLANE('',#4165);
#3620=PLANE('',#4166);
#3621=PLANE('',#4167);
#3622=PLANE('',#4168);
#3623=PLANE('',#4169);
#3624=PLANE('',#4170);
#3625=PLANE('',#4171);
#3626=PLANE('',#4172);
#3627=ADVANCED_FACE('',(#269),#3483,.T.);
#3628=ADVANCED_FACE('',(#270),#3484,.T.);
#3629=ADVANCED_FACE('',(#271),#3485,.T.);
#3630=ADVANCED_FACE('',(#272),#3486,.T.);
#3631=ADVANCED_FACE('',(#273),#3487,.T.);
#3632=ADVANCED_FACE('',(#274),#3488,.F.);
#3633=ADVANCED_FACE('',(#275),#3489,.F.);
#3634=ADVANCED_FACE('',(#276),#3490,.F.);
#3635=ADVANCED_FACE('',(#277),#3491,.F.);
#3636=ADVANCED_FACE('',(#278),#3492,.F.);
#3637=ADVANCED_FACE('',(#279),#3493,.F.);
#3638=ADVANCED_FACE('',(#280),#3494,.F.);
#3639=ADVANCED_FACE('',(#281),#3495,.F.);
#3640=ADVANCED_FACE('',(#282),#3496,.F.);
#3641=ADVANCED_FACE('',(#283),#3497,.F.);
#3642=ADVANCED_FACE('',(#284),#3498,.F.);
#3643=ADVANCED_FACE('',(#285),#3499,.F.);
#3644=ADVANCED_FACE('',(#286,#203),#3500,.F.);
#3645=ADVANCED_FACE('',(#287),#3501,.F.);
#3646=ADVANCED_FACE('',(#288),#3502,.T.);
#3647=ADVANCED_FACE('',(#289),#143,.F.);
#3648=ADVANCED_FACE('',(#290),#3503,.F.);
#3649=ADVANCED_FACE('',(#291),#3504,.F.);
#3650=ADVANCED_FACE('',(#292),#144,.F.);
#3651=ADVANCED_FACE('',(#293),#3505,.F.);
#3652=ADVANCED_FACE('',(#294),#3506,.F.);
#3653=ADVANCED_FACE('',(#295),#3507,.F.);
#3654=ADVANCED_FACE('',(#296),#3508,.F.);
#3655=ADVANCED_FACE('',(#297),#3509,.F.);
#3656=ADVANCED_FACE('',(#298,#204),#3510,.F.);
#3657=ADVANCED_FACE('',(#299),#3511,.F.);
#3658=ADVANCED_FACE('',(#300),#3512,.F.);
#3659=ADVANCED_FACE('',(#301),#3513,.F.);
#3660=ADVANCED_FACE('',(#302),#3514,.F.);
#3661=ADVANCED_FACE('',(#303),#3515,.F.);
#3662=ADVANCED_FACE('',(#304),#3516,.T.);
#3663=ADVANCED_FACE('',(#305),#3517,.T.);
#3664=ADVANCED_FACE('',(#306),#3518,.T.);
#3665=ADVANCED_FACE('',(#307),#3519,.T.);
#3666=ADVANCED_FACE('',(#308,#205,#206,#207,#208,#209,#210),#3520,.F.);
#3667=ADVANCED_FACE('',(#309),#145,.F.);
#3668=ADVANCED_FACE('',(#310),#146,.F.);
#3669=ADVANCED_FACE('',(#311),#147,.F.);
#3670=ADVANCED_FACE('',(#312),#148,.F.);
#3671=ADVANCED_FACE('',(#313),#149,.F.);
#3672=ADVANCED_FACE('',(#314),#150,.F.);
#3673=ADVANCED_FACE('',(#315),#3521,.T.);
#3674=ADVANCED_FACE('',(#316),#151,.F.);
#3675=ADVANCED_FACE('',(#317),#3522,.T.);
#3676=ADVANCED_FACE('',(#318),#152,.T.);
#3677=ADVANCED_FACE('',(#319),#3523,.T.);
#3678=ADVANCED_FACE('',(#320),#153,.T.);
#3679=ADVANCED_FACE('',(#321),#3524,.T.);
#3680=ADVANCED_FACE('',(#322),#154,.F.);
#3681=ADVANCED_FACE('',(#323),#3525,.T.);
#3682=ADVANCED_FACE('',(#324),#155,.T.);
#3683=ADVANCED_FACE('',(#325),#3526,.T.);
#3684=ADVANCED_FACE('',(#326),#156,.T.);
#3685=ADVANCED_FACE('',(#327),#3527,.T.);
#3686=ADVANCED_FACE('',(#328),#157,.T.);
#3687=ADVANCED_FACE('',(#329),#3528,.T.);
#3688=ADVANCED_FACE('',(#330),#158,.T.);
#3689=ADVANCED_FACE('',(#331,#211,#212,#213,#214,#215,#216,#217),#3529,
 .T.);
#3690=ADVANCED_FACE('',(#332),#3530,.F.);
#3691=ADVANCED_FACE('',(#333),#3531,.F.);
#3692=ADVANCED_FACE('',(#334),#3532,.F.);
#3693=ADVANCED_FACE('',(#335),#3533,.F.);
#3694=ADVANCED_FACE('',(#336,#218),#3534,.F.);
#3695=ADVANCED_FACE('',(#337,#219,#220,#221,#222,#223,#224,#225,#226),#3535,
 .T.);
#3696=ADVANCED_FACE('',(#338),#159,.T.);
#3697=ADVANCED_FACE('',(#339),#160,.T.);
#3698=ADVANCED_FACE('',(#340),#161,.T.);
#3699=ADVANCED_FACE('',(#341),#162,.T.);
#3700=ADVANCED_FACE('',(#342),#163,.T.);
#3701=ADVANCED_FACE('',(#343),#164,.T.);
#3702=ADVANCED_FACE('',(#344),#3536,.F.);
#3703=ADVANCED_FACE('',(#345),#165,.T.);
#3704=ADVANCED_FACE('',(#346),#3537,.F.);
#3705=ADVANCED_FACE('',(#347),#166,.F.);
#3706=ADVANCED_FACE('',(#348),#3538,.F.);
#3707=ADVANCED_FACE('',(#349),#167,.F.);
#3708=ADVANCED_FACE('',(#350),#3539,.F.);
#3709=ADVANCED_FACE('',(#351),#168,.T.);
#3710=ADVANCED_FACE('',(#352),#3540,.F.);
#3711=ADVANCED_FACE('',(#353),#169,.F.);
#3712=ADVANCED_FACE('',(#354),#3541,.F.);
#3713=ADVANCED_FACE('',(#355),#170,.F.);
#3714=ADVANCED_FACE('',(#356),#3542,.F.);
#3715=ADVANCED_FACE('',(#357),#171,.F.);
#3716=ADVANCED_FACE('',(#358),#3543,.F.);
#3717=ADVANCED_FACE('',(#359),#172,.F.);
#3718=ADVANCED_FACE('',(#360,#227,#228,#229,#230,#231,#232,#233,#234,#235),
#3544,.F.);
#3719=ADVANCED_FACE('',(#361),#3545,.T.);
#3720=ADVANCED_FACE('',(#362),#3546,.T.);
#3721=ADVANCED_FACE('',(#363),#3547,.T.);
#3722=ADVANCED_FACE('',(#364),#3548,.T.);
#3723=ADVANCED_FACE('',(#365),#3549,.T.);
#3724=ADVANCED_FACE('',(#366),#3550,.T.);
#3725=ADVANCED_FACE('',(#367),#3551,.T.);
#3726=ADVANCED_FACE('',(#368),#3552,.T.);
#3727=ADVANCED_FACE('',(#369),#3553,.T.);
#3728=ADVANCED_FACE('',(#370),#3554,.T.);
#3729=ADVANCED_FACE('',(#371),#3555,.T.);
#3730=ADVANCED_FACE('',(#372,#236),#3556,.T.);
#3731=ADVANCED_FACE('',(#373),#3557,.T.);
#3732=ADVANCED_FACE('',(#374),#3558,.T.);
#3733=ADVANCED_FACE('',(#375),#3559,.T.);
#3734=ADVANCED_FACE('',(#376),#3560,.F.);
#3735=ADVANCED_FACE('',(#377),#173,.T.);
#3736=ADVANCED_FACE('',(#378),#3561,.T.);
#3737=ADVANCED_FACE('',(#379),#3562,.T.);
#3738=ADVANCED_FACE('',(#380),#174,.T.);
#3739=ADVANCED_FACE('',(#381),#3563,.T.);
#3740=ADVANCED_FACE('',(#382),#3564,.T.);
#3741=ADVANCED_FACE('',(#383),#3565,.T.);
#3742=ADVANCED_FACE('',(#384),#3566,.T.);
#3743=ADVANCED_FACE('',(#385),#3567,.T.);
#3744=ADVANCED_FACE('',(#386,#237),#3568,.T.);
#3745=ADVANCED_FACE('',(#387),#3569,.T.);
#3746=ADVANCED_FACE('',(#388),#3570,.T.);
#3747=ADVANCED_FACE('',(#389),#3571,.T.);
#3748=ADVANCED_FACE('',(#390),#3572,.T.);
#3749=ADVANCED_FACE('',(#391),#3573,.T.);
#3750=ADVANCED_FACE('',(#392),#3574,.F.);
#3751=ADVANCED_FACE('',(#393),#3575,.F.);
#3752=ADVANCED_FACE('',(#394),#3576,.F.);
#3753=ADVANCED_FACE('',(#395),#3577,.F.);
#3754=ADVANCED_FACE('',(#396,#238,#239,#240,#241,#242,#243),#3578,.T.);
#3755=ADVANCED_FACE('',(#397),#175,.T.);
#3756=ADVANCED_FACE('',(#398),#176,.T.);
#3757=ADVANCED_FACE('',(#399),#177,.T.);
#3758=ADVANCED_FACE('',(#400),#178,.T.);
#3759=ADVANCED_FACE('',(#401),#179,.T.);
#3760=ADVANCED_FACE('',(#402),#180,.T.);
#3761=ADVANCED_FACE('',(#403),#3579,.F.);
#3762=ADVANCED_FACE('',(#404),#181,.T.);
#3763=ADVANCED_FACE('',(#405),#3580,.F.);
#3764=ADVANCED_FACE('',(#406),#182,.F.);
#3765=ADVANCED_FACE('',(#407),#3581,.F.);
#3766=ADVANCED_FACE('',(#408),#183,.F.);
#3767=ADVANCED_FACE('',(#409),#3582,.F.);
#3768=ADVANCED_FACE('',(#410),#184,.T.);
#3769=ADVANCED_FACE('',(#411),#3583,.F.);
#3770=ADVANCED_FACE('',(#412),#185,.F.);
#3771=ADVANCED_FACE('',(#413),#3584,.F.);
#3772=ADVANCED_FACE('',(#414),#186,.F.);
#3773=ADVANCED_FACE('',(#415),#3585,.F.);
#3774=ADVANCED_FACE('',(#416),#187,.F.);
#3775=ADVANCED_FACE('',(#417),#3586,.F.);
#3776=ADVANCED_FACE('',(#418),#188,.F.);
#3777=ADVANCED_FACE('',(#419,#244,#245,#246,#247,#248,#249,#250),#3587,
 .F.);
#3778=ADVANCED_FACE('',(#420),#3588,.T.);
#3779=ADVANCED_FACE('',(#421),#3589,.T.);
#3780=ADVANCED_FACE('',(#422),#3590,.T.);
#3781=ADVANCED_FACE('',(#423),#3591,.T.);
#3782=ADVANCED_FACE('',(#424,#251),#3592,.T.);
#3783=ADVANCED_FACE('',(#425,#252,#253,#254,#255,#256,#257,#258,#259),#3593,
 .F.);
#3784=ADVANCED_FACE('',(#426),#189,.F.);
#3785=ADVANCED_FACE('',(#427),#190,.F.);
#3786=ADVANCED_FACE('',(#428),#191,.F.);
#3787=ADVANCED_FACE('',(#429),#192,.F.);
#3788=ADVANCED_FACE('',(#430),#193,.F.);
#3789=ADVANCED_FACE('',(#431),#194,.F.);
#3790=ADVANCED_FACE('',(#432),#3594,.T.);
#3791=ADVANCED_FACE('',(#433),#195,.F.);
#3792=ADVANCED_FACE('',(#434),#3595,.T.);
#3793=ADVANCED_FACE('',(#435),#196,.T.);
#3794=ADVANCED_FACE('',(#436),#3596,.T.);
#3795=ADVANCED_FACE('',(#437),#197,.T.);
#3796=ADVANCED_FACE('',(#438),#3597,.T.);
#3797=ADVANCED_FACE('',(#439),#198,.F.);
#3798=ADVANCED_FACE('',(#440),#3598,.T.);
#3799=ADVANCED_FACE('',(#441),#199,.T.);
#3800=ADVANCED_FACE('',(#442),#3599,.T.);
#3801=ADVANCED_FACE('',(#443),#200,.T.);
#3802=ADVANCED_FACE('',(#444),#3600,.T.);
#3803=ADVANCED_FACE('',(#445),#201,.T.);
#3804=ADVANCED_FACE('',(#446),#3601,.T.);
#3805=ADVANCED_FACE('',(#447),#202,.T.);
#3806=ADVANCED_FACE('',(#448,#260,#261,#262,#263,#264,#265,#266,#267,#268),
#3602,.T.);
#3807=ADVANCED_FACE('',(#449),#3603,.T.);
#3808=ADVANCED_FACE('',(#450),#3604,.T.);
#3809=ADVANCED_FACE('',(#451),#3605,.T.);
#3810=ADVANCED_FACE('',(#452),#3606,.T.);
#3811=ADVANCED_FACE('',(#453),#3607,.T.);
#3812=ADVANCED_FACE('',(#454),#3608,.F.);
#3813=ADVANCED_FACE('',(#455),#3609,.T.);
#3814=ADVANCED_FACE('',(#456),#3610,.T.);
#3815=ADVANCED_FACE('',(#457),#3611,.T.);
#3816=ADVANCED_FACE('',(#458),#3612,.T.);
#3817=ADVANCED_FACE('',(#459),#3613,.T.);
#3818=ADVANCED_FACE('',(#460),#3614,.F.);
#3819=ADVANCED_FACE('',(#461),#3615,.T.);
#3820=ADVANCED_FACE('',(#462),#3616,.T.);
#3821=ADVANCED_FACE('',(#463),#3617,.T.);
#3822=ADVANCED_FACE('',(#464),#3618,.T.);
#3823=ADVANCED_FACE('',(#465),#3619,.T.);
#3824=ADVANCED_FACE('',(#466),#3620,.F.);
#3825=ADVANCED_FACE('',(#467),#3621,.T.);
#3826=ADVANCED_FACE('',(#468),#3622,.T.);
#3827=ADVANCED_FACE('',(#469),#3623,.T.);
#3828=ADVANCED_FACE('',(#470),#3624,.T.);
#3829=ADVANCED_FACE('',(#471),#3625,.T.);
#3830=ADVANCED_FACE('',(#472),#3626,.F.);
#3831=CLOSED_SHELL('',(#3627,#3628,#3629,#3630,#3631,#3632,#3633,#3634,
#3635,#3636,#3637,#3638,#3639,#3640,#3641,#3642,#3643,#3644,#3645,#3646,
#3647,#3648,#3649,#3650,#3651,#3652,#3653,#3654,#3655,#3656,#3657,#3658,
#3659,#3660,#3661,#3662,#3663,#3664,#3665,#3666,#3667,#3668,#3669,#3670,
#3671,#3672,#3673,#3674,#3675,#3676,#3677,#3678,#3679,#3680,#3681,#3682,
#3683,#3684,#3685,#3686,#3687,#3688,#3689,#3690,#3691,#3692,#3693,#3694,
#3695,#3696,#3697,#3698,#3699,#3700,#3701,#3702,#3703,#3704,#3705,#3706,
#3707,#3708,#3709,#3710,#3711,#3712,#3713,#3714,#3715,#3716,#3717,#3718,
#3719,#3720,#3721,#3722,#3723,#3724,#3725,#3726,#3727,#3728,#3729,#3730,
#3731,#3732,#3733,#3734,#3735,#3736,#3737,#3738,#3739,#3740,#3741,#3742,
#3743,#3744,#3745,#3746,#3747,#3748,#3749,#3750,#3751,#3752,#3753,#3754,
#3755,#3756,#3757,#3758,#3759,#3760,#3761,#3762,#3763,#3764,#3765,#3766,
#3767,#3768,#3769,#3770,#3771,#3772,#3773,#3774,#3775,#3776,#3777,#3778,
#3779,#3780,#3781,#3782,#3783,#3784,#3785,#3786,#3787,#3788,#3789,#3790,
#3791,#3792,#3793,#3794,#3795,#3796,#3797,#3798,#3799,#3800,#3801,#3802,
#3803,#3804,#3805,#3806));
#3832=CLOSED_SHELL('',(#3807,#3808,#3809,#3810,#3811,#3812));
#3833=CLOSED_SHELL('',(#3813,#3814,#3815,#3816,#3817,#3818));
#3834=CLOSED_SHELL('',(#3819,#3820,#3821,#3822,#3823,#3824));
#3835=CLOSED_SHELL('',(#3825,#3826,#3827,#3828,#3829,#3830));
#3836=DERIVED_UNIT_ELEMENT(#3838,1.);
#3837=DERIVED_UNIT_ELEMENT(#6315,-3.);
#3838=(
MASS_UNIT()
NAMED_UNIT(*)
SI_UNIT(.KILO.,.GRAM.)
);
#3839=DERIVED_UNIT((#3836,#3837));
#3840=MEASURE_REPRESENTATION_ITEM('density measure',
POSITIVE_RATIO_MEASURE(7850.),#3839);
#3841=PROPERTY_DEFINITION_REPRESENTATION(#3846,#3843);
#3842=PROPERTY_DEFINITION_REPRESENTATION(#3847,#3844);
#3843=REPRESENTATION('material name',(#3845),#6312);
#3844=REPRESENTATION('density',(#3840),#6312);
#3845=DESCRIPTIVE_REPRESENTATION_ITEM('\X2\94A2\X0\','\X2\94A2\X0\');
#3846=PROPERTY_DEFINITION('material property','material name',#6322);
#3847=PROPERTY_DEFINITION('material property','density of part',#6322);
#3848=AXIS2_PLACEMENT_3D('',#5229,#4173,#4174);
#3849=AXIS2_PLACEMENT_3D('',#5230,#4175,#4176);
#3850=AXIS2_PLACEMENT_3D('',#5239,#4181,#4182);
#3851=AXIS2_PLACEMENT_3D('',#5245,#4186,#4187);
#3852=AXIS2_PLACEMENT_3D('',#5251,#4191,#4192);
#3853=AXIS2_PLACEMENT_3D('',#5254,#4195,#4196);
#3854=AXIS2_PLACEMENT_3D('',#5255,#4197,#4198);
#3855=AXIS2_PLACEMENT_3D('',#5264,#4203,#4204);
#3856=AXIS2_PLACEMENT_3D('',#5270,#4208,#4209);
#3857=AXIS2_PLACEMENT_3D('',#5276,#4213,#4214);
#3858=AXIS2_PLACEMENT_3D('',#5279,#4217,#4218);
#3859=AXIS2_PLACEMENT_3D('',#5280,#4219,#4220);
#3860=AXIS2_PLACEMENT_3D('',#5289,#4225,#4226);
#3861=AXIS2_PLACEMENT_3D('',#5295,#4230,#4231);
#3862=AXIS2_PLACEMENT_3D('',#5301,#4235,#4236);
#3863=AXIS2_PLACEMENT_3D('',#5304,#4239,#4240);
#3864=AXIS2_PLACEMENT_3D('',#5305,#4241,#4242);
#3865=AXIS2_PLACEMENT_3D('',#5318,#4249,#4250);
#3866=AXIS2_PLACEMENT_3D('',#5331,#4257,#4258);
#3867=AXIS2_PLACEMENT_3D('',#5334,#4261,#4262);
#3868=AXIS2_PLACEMENT_3D('',#5336,#4264,#4265);
#3869=AXIS2_PLACEMENT_3D('',#5339,#4268,#4269);
#3870=AXIS2_PLACEMENT_3D('',#5342,#4270,#4271);
#3871=AXIS2_PLACEMENT_3D('',#5346,#4273,#4274);
#3872=AXIS2_PLACEMENT_3D('',#5348,#4276,#4277);
#3873=AXIS2_PLACEMENT_3D('',#5354,#4281,#4282);
#3874=AXIS2_PLACEMENT_3D('',#5360,#4286,#4287);
#3875=AXIS2_PLACEMENT_3D('',#5361,#4288,#4289);
#3876=AXIS2_PLACEMENT_3D('',#5362,#4290,#4291);
#3877=AXIS2_PLACEMENT_3D('',#5363,#4292,#4293);
#3878=AXIS2_PLACEMENT_3D('',#5364,#4294,#4295);
#3879=AXIS2_PLACEMENT_3D('',#5373,#4300,#4301);
#3880=AXIS2_PLACEMENT_3D('',#5379,#4305,#4306);
#3881=AXIS2_PLACEMENT_3D('',#5385,#4310,#4311);
#3882=AXIS2_PLACEMENT_3D('',#5388,#4314,#4315);
#3883=AXIS2_PLACEMENT_3D('',#5389,#4316,#4317);
#3884=AXIS2_PLACEMENT_3D('',#5398,#4322,#4323);
#3885=AXIS2_PLACEMENT_3D('',#5404,#4327,#4328);
#3886=AXIS2_PLACEMENT_3D('',#5410,#4332,#4333);
#3887=AXIS2_PLACEMENT_3D('',#5413,#4336,#4337);
#3888=AXIS2_PLACEMENT_3D('',#5414,#4338,#4339);
#3889=AXIS2_PLACEMENT_3D('',#5423,#4344,#4345);
#3890=AXIS2_PLACEMENT_3D('',#5429,#4349,#4350);
#3891=AXIS2_PLACEMENT_3D('',#5435,#4354,#4355);
#3892=AXIS2_PLACEMENT_3D('',#5438,#4358,#4359);
#3893=AXIS2_PLACEMENT_3D('',#5441,#4360,#4361);
#3894=AXIS2_PLACEMENT_3D('',#5445,#4363,#4364);
#3895=AXIS2_PLACEMENT_3D('',#5449,#4366,#4367);
#3896=AXIS2_PLACEMENT_3D('',#5453,#4369,#4370);
#3897=AXIS2_PLACEMENT_3D('',#5457,#4372,#4373);
#3898=AXIS2_PLACEMENT_3D('',#5461,#4375,#4376);
#3899=AXIS2_PLACEMENT_3D('',#5465,#4378,#4379);
#3900=AXIS2_PLACEMENT_3D('',#5469,#4381,#4382);
#3901=AXIS2_PLACEMENT_3D('',#5472,#4384,#4385);
#3902=AXIS2_PLACEMENT_3D('',#5474,#4386,#4387);
#3903=AXIS2_PLACEMENT_3D('',#5476,#4388,#4389);
#3904=AXIS2_PLACEMENT_3D('',#5478,#4390,#4391);
#3905=AXIS2_PLACEMENT_3D('',#5480,#4392,#4393);
#3906=AXIS2_PLACEMENT_3D('',#5482,#4394,#4395);
#3907=AXIS2_PLACEMENT_3D('',#5483,#4396,#4397);
#3908=AXIS2_PLACEMENT_3D('',#5485,#4398,#4399);
#3909=AXIS2_PLACEMENT_3D('',#5487,#4401,#4402);
#3910=AXIS2_PLACEMENT_3D('',#5489,#4403,#4404);
#3911=AXIS2_PLACEMENT_3D('',#5491,#4406,#4407);
#3912=AXIS2_PLACEMENT_3D('',#5493,#4408,#4409);
#3913=AXIS2_PLACEMENT_3D('',#5495,#4411,#4412);
#3914=AXIS2_PLACEMENT_3D('',#5497,#4413,#4414);
#3915=AXIS2_PLACEMENT_3D('',#5499,#4416,#4417);
#3916=AXIS2_PLACEMENT_3D('',#5501,#4418,#4419);
#3917=AXIS2_PLACEMENT_3D('',#5503,#4421,#4422);
#3918=AXIS2_PLACEMENT_3D('',#5505,#4423,#4424);
#3919=AXIS2_PLACEMENT_3D('',#5507,#4426,#4427);
#3920=AXIS2_PLACEMENT_3D('',#5513,#4431,#4432);
#3921=AXIS2_PLACEMENT_3D('',#5515,#4433,#4434);
#3922=AXIS2_PLACEMENT_3D('',#5517,#4436,#4437);
#3923=AXIS2_PLACEMENT_3D('',#5521,#4440,#4441);
#3924=AXIS2_PLACEMENT_3D('',#5523,#4442,#4443);
#3925=AXIS2_PLACEMENT_3D('',#5525,#4445,#4446);
#3926=AXIS2_PLACEMENT_3D('',#5529,#4449,#4450);
#3927=AXIS2_PLACEMENT_3D('',#5531,#4451,#4452);
#3928=AXIS2_PLACEMENT_3D('',#5533,#4454,#4455);
#3929=AXIS2_PLACEMENT_3D('',#5537,#4458,#4459);
#3930=AXIS2_PLACEMENT_3D('',#5539,#4460,#4461);
#3931=AXIS2_PLACEMENT_3D('',#5541,#4463,#4464);
#3932=AXIS2_PLACEMENT_3D('',#5545,#4467,#4468);
#3933=AXIS2_PLACEMENT_3D('',#5547,#4469,#4470);
#3934=AXIS2_PLACEMENT_3D('',#5549,#4472,#4473);
#3935=AXIS2_PLACEMENT_3D('',#5553,#4476,#4477);
#3936=AXIS2_PLACEMENT_3D('',#5555,#4478,#4479);
#3937=AXIS2_PLACEMENT_3D('',#5557,#4481,#4482);
#3938=AXIS2_PLACEMENT_3D('',#5561,#4485,#4486);
#3939=AXIS2_PLACEMENT_3D('',#5563,#4487,#4488);
#3940=AXIS2_PLACEMENT_3D('',#5565,#4490,#4491);
#3941=AXIS2_PLACEMENT_3D('',#5569,#4494,#4495);
#3942=AXIS2_PLACEMENT_3D('',#5570,#4496,#4497);
#3943=AXIS2_PLACEMENT_3D('',#5571,#4498,#4499);
#3944=AXIS2_PLACEMENT_3D('',#5572,#4500,#4501);
#3945=AXIS2_PLACEMENT_3D('',#5581,#4506,#4507);
#3946=AXIS2_PLACEMENT_3D('',#5587,#4511,#4512);
#3947=AXIS2_PLACEMENT_3D('',#5593,#4516,#4517);
#3948=AXIS2_PLACEMENT_3D('',#5596,#4520,#4521);
#3949=AXIS2_PLACEMENT_3D('',#5597,#4522,#4523);
#3950=AXIS2_PLACEMENT_3D('',#5601,#4525,#4526);
#3951=AXIS2_PLACEMENT_3D('',#5605,#4528,#4529);
#3952=AXIS2_PLACEMENT_3D('',#5609,#4531,#4532);
#3953=AXIS2_PLACEMENT_3D('',#5613,#4534,#4535);
#3954=AXIS2_PLACEMENT_3D('',#5617,#4537,#4538);
#3955=AXIS2_PLACEMENT_3D('',#5621,#4540,#4541);
#3956=AXIS2_PLACEMENT_3D('',#5625,#4543,#4544);
#3957=AXIS2_PLACEMENT_3D('',#5629,#4546,#4547);
#3958=AXIS2_PLACEMENT_3D('',#5632,#4549,#4550);
#3959=AXIS2_PLACEMENT_3D('',#5634,#4551,#4552);
#3960=AXIS2_PLACEMENT_3D('',#5636,#4553,#4554);
#3961=AXIS2_PLACEMENT_3D('',#5638,#4555,#4556);
#3962=AXIS2_PLACEMENT_3D('',#5640,#4557,#4558);
#3963=AXIS2_PLACEMENT_3D('',#5642,#4559,#4560);
#3964=AXIS2_PLACEMENT_3D('',#5643,#4561,#4562);
#3965=AXIS2_PLACEMENT_3D('',#5646,#4564,#4565);
#3966=AXIS2_PLACEMENT_3D('',#5647,#4566,#4567);
#3967=AXIS2_PLACEMENT_3D('',#5650,#4569,#4570);
#3968=AXIS2_PLACEMENT_3D('',#5651,#4571,#4572);
#3969=AXIS2_PLACEMENT_3D('',#5654,#4574,#4575);
#3970=AXIS2_PLACEMENT_3D('',#5655,#4576,#4577);
#3971=AXIS2_PLACEMENT_3D('',#5658,#4579,#4580);
#3972=AXIS2_PLACEMENT_3D('',#5659,#4581,#4582);
#3973=AXIS2_PLACEMENT_3D('',#5662,#4584,#4585);
#3974=AXIS2_PLACEMENT_3D('',#5663,#4586,#4587);
#3975=AXIS2_PLACEMENT_3D('',#5666,#4589,#4590);
#3976=AXIS2_PLACEMENT_3D('',#5667,#4591,#4592);
#3977=AXIS2_PLACEMENT_3D('',#5673,#4596,#4597);
#3978=AXIS2_PLACEMENT_3D('',#5676,#4599,#4600);
#3979=AXIS2_PLACEMENT_3D('',#5677,#4601,#4602);
#3980=AXIS2_PLACEMENT_3D('',#5681,#4605,#4606);
#3981=AXIS2_PLACEMENT_3D('',#5684,#4608,#4609);
#3982=AXIS2_PLACEMENT_3D('',#5685,#4610,#4611);
#3983=AXIS2_PLACEMENT_3D('',#5689,#4614,#4615);
#3984=AXIS2_PLACEMENT_3D('',#5692,#4617,#4618);
#3985=AXIS2_PLACEMENT_3D('',#5693,#4619,#4620);
#3986=AXIS2_PLACEMENT_3D('',#5697,#4623,#4624);
#3987=AXIS2_PLACEMENT_3D('',#5700,#4626,#4627);
#3988=AXIS2_PLACEMENT_3D('',#5701,#4628,#4629);
#3989=AXIS2_PLACEMENT_3D('',#5705,#4632,#4633);
#3990=AXIS2_PLACEMENT_3D('',#5708,#4635,#4636);
#3991=AXIS2_PLACEMENT_3D('',#5709,#4637,#4638);
#3992=AXIS2_PLACEMENT_3D('',#5713,#4641,#4642);
#3993=AXIS2_PLACEMENT_3D('',#5716,#4644,#4645);
#3994=AXIS2_PLACEMENT_3D('',#5717,#4646,#4647);
#3995=AXIS2_PLACEMENT_3D('',#5721,#4650,#4651);
#3996=AXIS2_PLACEMENT_3D('',#5724,#4653,#4654);
#3997=AXIS2_PLACEMENT_3D('',#5725,#4655,#4656);
#3998=AXIS2_PLACEMENT_3D('',#5729,#4659,#4660);
#3999=AXIS2_PLACEMENT_3D('',#5730,#4661,#4662);
#4000=AXIS2_PLACEMENT_3D('',#5731,#4663,#4664);
#4001=AXIS2_PLACEMENT_3D('',#5732,#4665,#4666);
#4002=AXIS2_PLACEMENT_3D('',#5741,#4671,#4672);
#4003=AXIS2_PLACEMENT_3D('',#5747,#4676,#4677);
#4004=AXIS2_PLACEMENT_3D('',#5753,#4681,#4682);
#4005=AXIS2_PLACEMENT_3D('',#5756,#4685,#4686);
#4006=AXIS2_PLACEMENT_3D('',#5757,#4687,#4688);
#4007=AXIS2_PLACEMENT_3D('',#5766,#4693,#4694);
#4008=AXIS2_PLACEMENT_3D('',#5772,#4698,#4699);
#4009=AXIS2_PLACEMENT_3D('',#5778,#4703,#4704);
#4010=AXIS2_PLACEMENT_3D('',#5781,#4707,#4708);
#4011=AXIS2_PLACEMENT_3D('',#5782,#4709,#4710);
#4012=AXIS2_PLACEMENT_3D('',#5793,#4716,#4717);
#4013=AXIS2_PLACEMENT_3D('',#5799,#4721,#4722);
#4014=AXIS2_PLACEMENT_3D('',#5807,#4727,#4728);
#4015=AXIS2_PLACEMENT_3D('',#5810,#4731,#4732);
#4016=AXIS2_PLACEMENT_3D('',#5811,#4733,#4734);
#4017=AXIS2_PLACEMENT_3D('',#5813,#4736,#4737);
#4018=AXIS2_PLACEMENT_3D('',#5816,#4738,#4739);
#4019=AXIS2_PLACEMENT_3D('',#5820,#4741,#4742);
#4020=AXIS2_PLACEMENT_3D('',#5822,#4744,#4745);
#4021=AXIS2_PLACEMENT_3D('',#5828,#4749,#4750);
#4022=AXIS2_PLACEMENT_3D('',#5834,#4754,#4755);
#4023=AXIS2_PLACEMENT_3D('',#5835,#4756,#4757);
#4024=AXIS2_PLACEMENT_3D('',#5836,#4758,#4759);
#4025=AXIS2_PLACEMENT_3D('',#5837,#4760,#4761);
#4026=AXIS2_PLACEMENT_3D('',#5838,#4762,#4763);
#4027=AXIS2_PLACEMENT_3D('',#5847,#4768,#4769);
#4028=AXIS2_PLACEMENT_3D('',#5853,#4773,#4774);
#4029=AXIS2_PLACEMENT_3D('',#5859,#4778,#4779);
#4030=AXIS2_PLACEMENT_3D('',#5862,#4782,#4783);
#4031=AXIS2_PLACEMENT_3D('',#5863,#4784,#4785);
#4032=AXIS2_PLACEMENT_3D('',#5872,#4790,#4791);
#4033=AXIS2_PLACEMENT_3D('',#5878,#4795,#4796);
#4034=AXIS2_PLACEMENT_3D('',#5884,#4800,#4801);
#4035=AXIS2_PLACEMENT_3D('',#5887,#4804,#4805);
#4036=AXIS2_PLACEMENT_3D('',#5888,#4806,#4807);
#4037=AXIS2_PLACEMENT_3D('',#5897,#4812,#4813);
#4038=AXIS2_PLACEMENT_3D('',#5903,#4817,#4818);
#4039=AXIS2_PLACEMENT_3D('',#5909,#4822,#4823);
#4040=AXIS2_PLACEMENT_3D('',#5912,#4826,#4827);
#4041=AXIS2_PLACEMENT_3D('',#5915,#4828,#4829);
#4042=AXIS2_PLACEMENT_3D('',#5919,#4831,#4832);
#4043=AXIS2_PLACEMENT_3D('',#5923,#4834,#4835);
#4044=AXIS2_PLACEMENT_3D('',#5927,#4837,#4838);
#4045=AXIS2_PLACEMENT_3D('',#5931,#4840,#4841);
#4046=AXIS2_PLACEMENT_3D('',#5935,#4843,#4844);
#4047=AXIS2_PLACEMENT_3D('',#5939,#4846,#4847);
#4048=AXIS2_PLACEMENT_3D('',#5943,#4849,#4850);
#4049=AXIS2_PLACEMENT_3D('',#5946,#4852,#4853);
#4050=AXIS2_PLACEMENT_3D('',#5948,#4854,#4855);
#4051=AXIS2_PLACEMENT_3D('',#5950,#4856,#4857);
#4052=AXIS2_PLACEMENT_3D('',#5952,#4858,#4859);
#4053=AXIS2_PLACEMENT_3D('',#5954,#4860,#4861);
#4054=AXIS2_PLACEMENT_3D('',#5956,#4862,#4863);
#4055=AXIS2_PLACEMENT_3D('',#5957,#4864,#4865);
#4056=AXIS2_PLACEMENT_3D('',#5960,#4867,#4868);
#4057=AXIS2_PLACEMENT_3D('',#5961,#4869,#4870);
#4058=AXIS2_PLACEMENT_3D('',#5964,#4872,#4873);
#4059=AXIS2_PLACEMENT_3D('',#5965,#4874,#4875);
#4060=AXIS2_PLACEMENT_3D('',#5968,#4877,#4878);
#4061=AXIS2_PLACEMENT_3D('',#5969,#4879,#4880);
#4062=AXIS2_PLACEMENT_3D('',#5972,#4882,#4883);
#4063=AXIS2_PLACEMENT_3D('',#5973,#4884,#4885);
#4064=AXIS2_PLACEMENT_3D('',#5976,#4887,#4888);
#4065=AXIS2_PLACEMENT_3D('',#5977,#4889,#4890);
#4066=AXIS2_PLACEMENT_3D('',#5980,#4892,#4893);
#4067=AXIS2_PLACEMENT_3D('',#5981,#4894,#4895);
#4068=AXIS2_PLACEMENT_3D('',#5987,#4899,#4900);
#4069=AXIS2_PLACEMENT_3D('',#5990,#4902,#4903);
#4070=AXIS2_PLACEMENT_3D('',#5991,#4904,#4905);
#4071=AXIS2_PLACEMENT_3D('',#5995,#4908,#4909);
#4072=AXIS2_PLACEMENT_3D('',#5998,#4911,#4912);
#4073=AXIS2_PLACEMENT_3D('',#5999,#4913,#4914);
#4074=AXIS2_PLACEMENT_3D('',#6003,#4917,#4918);
#4075=AXIS2_PLACEMENT_3D('',#6006,#4920,#4921);
#4076=AXIS2_PLACEMENT_3D('',#6007,#4922,#4923);
#4077=AXIS2_PLACEMENT_3D('',#6011,#4926,#4927);
#4078=AXIS2_PLACEMENT_3D('',#6014,#4929,#4930);
#4079=AXIS2_PLACEMENT_3D('',#6015,#4931,#4932);
#4080=AXIS2_PLACEMENT_3D('',#6019,#4935,#4936);
#4081=AXIS2_PLACEMENT_3D('',#6022,#4938,#4939);
#4082=AXIS2_PLACEMENT_3D('',#6023,#4940,#4941);
#4083=AXIS2_PLACEMENT_3D('',#6027,#4944,#4945);
#4084=AXIS2_PLACEMENT_3D('',#6030,#4947,#4948);
#4085=AXIS2_PLACEMENT_3D('',#6031,#4949,#4950);
#4086=AXIS2_PLACEMENT_3D('',#6035,#4953,#4954);
#4087=AXIS2_PLACEMENT_3D('',#6038,#4956,#4957);
#4088=AXIS2_PLACEMENT_3D('',#6039,#4958,#4959);
#4089=AXIS2_PLACEMENT_3D('',#6043,#4962,#4963);
#4090=AXIS2_PLACEMENT_3D('',#6044,#4964,#4965);
#4091=AXIS2_PLACEMENT_3D('',#6045,#4966,#4967);
#4092=AXIS2_PLACEMENT_3D('',#6046,#4968,#4969);
#4093=AXIS2_PLACEMENT_3D('',#6055,#4974,#4975);
#4094=AXIS2_PLACEMENT_3D('',#6061,#4979,#4980);
#4095=AXIS2_PLACEMENT_3D('',#6067,#4984,#4985);
#4096=AXIS2_PLACEMENT_3D('',#6070,#4988,#4989);
#4097=AXIS2_PLACEMENT_3D('',#6071,#4990,#4991);
#4098=AXIS2_PLACEMENT_3D('',#6075,#4993,#4994);
#4099=AXIS2_PLACEMENT_3D('',#6079,#4996,#4997);
#4100=AXIS2_PLACEMENT_3D('',#6083,#4999,#5000);
#4101=AXIS2_PLACEMENT_3D('',#6087,#5002,#5003);
#4102=AXIS2_PLACEMENT_3D('',#6091,#5005,#5006);
#4103=AXIS2_PLACEMENT_3D('',#6095,#5008,#5009);
#4104=AXIS2_PLACEMENT_3D('',#6099,#5011,#5012);
#4105=AXIS2_PLACEMENT_3D('',#6103,#5014,#5015);
#4106=AXIS2_PLACEMENT_3D('',#6106,#5017,#5018);
#4107=AXIS2_PLACEMENT_3D('',#6108,#5019,#5020);
#4108=AXIS2_PLACEMENT_3D('',#6110,#5021,#5022);
#4109=AXIS2_PLACEMENT_3D('',#6112,#5023,#5024);
#4110=AXIS2_PLACEMENT_3D('',#6114,#5025,#5026);
#4111=AXIS2_PLACEMENT_3D('',#6116,#5027,#5028);
#4112=AXIS2_PLACEMENT_3D('',#6117,#5029,#5030);
#4113=AXIS2_PLACEMENT_3D('',#6119,#5031,#5032);
#4114=AXIS2_PLACEMENT_3D('',#6121,#5034,#5035);
#4115=AXIS2_PLACEMENT_3D('',#6123,#5036,#5037);
#4116=AXIS2_PLACEMENT_3D('',#6125,#5039,#5040);
#4117=AXIS2_PLACEMENT_3D('',#6127,#5041,#5042);
#4118=AXIS2_PLACEMENT_3D('',#6129,#5044,#5045);
#4119=AXIS2_PLACEMENT_3D('',#6131,#5046,#5047);
#4120=AXIS2_PLACEMENT_3D('',#6133,#5049,#5050);
#4121=AXIS2_PLACEMENT_3D('',#6135,#5051,#5052);
#4122=AXIS2_PLACEMENT_3D('',#6137,#5054,#5055);
#4123=AXIS2_PLACEMENT_3D('',#6139,#5056,#5057);
#4124=AXIS2_PLACEMENT_3D('',#6141,#5059,#5060);
#4125=AXIS2_PLACEMENT_3D('',#6147,#5064,#5065);
#4126=AXIS2_PLACEMENT_3D('',#6149,#5066,#5067);
#4127=AXIS2_PLACEMENT_3D('',#6151,#5069,#5070);
#4128=AXIS2_PLACEMENT_3D('',#6155,#5073,#5074);
#4129=AXIS2_PLACEMENT_3D('',#6157,#5075,#5076);
#4130=AXIS2_PLACEMENT_3D('',#6159,#5078,#5079);
#4131=AXIS2_PLACEMENT_3D('',#6163,#5082,#5083);
#4132=AXIS2_PLACEMENT_3D('',#6165,#5084,#5085);
#4133=AXIS2_PLACEMENT_3D('',#6167,#5087,#5088);
#4134=AXIS2_PLACEMENT_3D('',#6171,#5091,#5092);
#4135=AXIS2_PLACEMENT_3D('',#6173,#5093,#5094);
#4136=AXIS2_PLACEMENT_3D('',#6175,#5096,#5097);
#4137=AXIS2_PLACEMENT_3D('',#6179,#5100,#5101);
#4138=AXIS2_PLACEMENT_3D('',#6181,#5102,#5103);
#4139=AXIS2_PLACEMENT_3D('',#6183,#5105,#5106);
#4140=AXIS2_PLACEMENT_3D('',#6187,#5109,#5110);
#4141=AXIS2_PLACEMENT_3D('',#6189,#5111,#5112);
#4142=AXIS2_PLACEMENT_3D('',#6191,#5114,#5115);
#4143=AXIS2_PLACEMENT_3D('',#6195,#5118,#5119);
#4144=AXIS2_PLACEMENT_3D('',#6197,#5120,#5121);
#4145=AXIS2_PLACEMENT_3D('',#6199,#5123,#5124);
#4146=AXIS2_PLACEMENT_3D('',#6203,#5127,#5128);
#4147=AXIS2_PLACEMENT_3D('',#6204,#5129,#5130);
#4148=AXIS2_PLACEMENT_3D('',#6205,#5131,#5132);
#4149=AXIS2_PLACEMENT_3D('',#6206,#5133,#5134);
#4150=AXIS2_PLACEMENT_3D('',#6215,#5139,#5140);
#4151=AXIS2_PLACEMENT_3D('',#6221,#5144,#5145);
#4152=AXIS2_PLACEMENT_3D('',#6227,#5149,#5150);
#4153=AXIS2_PLACEMENT_3D('',#6230,#5153,#5154);
#4154=AXIS2_PLACEMENT_3D('',#6231,#5155,#5156);
#4155=AXIS2_PLACEMENT_3D('',#6232,#5157,#5158);
#4156=AXIS2_PLACEMENT_3D('',#6241,#5163,#5164);
#4157=AXIS2_PLACEMENT_3D('',#6247,#5168,#5169);
#4158=AXIS2_PLACEMENT_3D('',#6253,#5173,#5174);
#4159=AXIS2_PLACEMENT_3D('',#6256,#5177,#5178);
#4160=AXIS2_PLACEMENT_3D('',#6257,#5179,#5180);
#4161=AXIS2_PLACEMENT_3D('',#6258,#5181,#5182);
#4162=AXIS2_PLACEMENT_3D('',#6267,#5187,#5188);
#4163=AXIS2_PLACEMENT_3D('',#6273,#5192,#5193);
#4164=AXIS2_PLACEMENT_3D('',#6279,#5197,#5198);
#4165=AXIS2_PLACEMENT_3D('',#6282,#5201,#5202);
#4166=AXIS2_PLACEMENT_3D('',#6283,#5203,#5204);
#4167=AXIS2_PLACEMENT_3D('',#6284,#5205,#5206);
#4168=AXIS2_PLACEMENT_3D('',#6293,#5211,#5212);
#4169=AXIS2_PLACEMENT_3D('',#6299,#5216,#5217);
#4170=AXIS2_PLACEMENT_3D('',#6305,#5221,#5222);
#4171=AXIS2_PLACEMENT_3D('',#6308,#5225,#5226);
#4172=AXIS2_PLACEMENT_3D('',#6309,#5227,#5228);
#4173=DIRECTION('axis',(0.,0.,1.));
#4174=DIRECTION('refdir',(1.,0.,0.));
#4175=DIRECTION('center_axis',(0.,0.,1.));
#4176=DIRECTION('ref_axis',(-1.,0.,0.));
#4177=DIRECTION('',(-1.,0.,0.));
#4178=DIRECTION('',(0.,-1.,0.));
#4179=DIRECTION('',(-1.,0.,0.));
#4180=DIRECTION('',(0.,-1.,0.));
#4181=DIRECTION('center_axis',(1.,0.,0.));
#4182=DIRECTION('ref_axis',(0.,0.,1.));
#4183=DIRECTION('',(0.,0.,1.));
#4184=DIRECTION('',(0.,-1.,0.));
#4185=DIRECTION('',(0.,0.,1.));
#4186=DIRECTION('center_axis',(0.,0.,-1.));
#4187=DIRECTION('ref_axis',(1.,0.,0.));
#4188=DIRECTION('',(1.,0.,0.));
#4189=DIRECTION('',(0.,-1.,0.));
#4190=DIRECTION('',(1.,0.,0.));
#4191=DIRECTION('center_axis',(-1.,0.,0.));
#4192=DIRECTION('ref_axis',(0.,0.,-1.));
#4193=DIRECTION('',(0.,0.,-1.));
#4194=DIRECTION('',(0.,0.,-1.));
#4195=DIRECTION('center_axis',(0.,1.,0.));
#4196=DIRECTION('ref_axis',(-1.,0.,0.));
#4197=DIRECTION('center_axis',(0.,1.,0.));
#4198=DIRECTION('ref_axis',(1.,0.,0.));
#4199=DIRECTION('',(1.,0.,0.));
#4200=DIRECTION('',(0.,0.,1.));
#4201=DIRECTION('',(-1.,0.,0.));
#4202=DIRECTION('',(0.,0.,-1.));
#4203=DIRECTION('center_axis',(-1.,0.,0.));
#4204=DIRECTION('ref_axis',(0.,1.,0.));
#4205=DIRECTION('',(0.,1.,0.));
#4206=DIRECTION('',(0.,0.,1.));
#4207=DIRECTION('',(0.,-1.,0.));
#4208=DIRECTION('center_axis',(0.,-1.,0.));
#4209=DIRECTION('ref_axis',(-1.,0.,0.));
#4210=DIRECTION('',(-1.,0.,0.));
#4211=DIRECTION('',(0.,0.,1.));
#4212=DIRECTION('',(1.,0.,0.));
#4213=DIRECTION('center_axis',(1.,0.,0.));
#4214=DIRECTION('ref_axis',(0.,-1.,0.));
#4215=DIRECTION('',(0.,-1.,0.));
#4216=DIRECTION('',(0.,1.,0.));
#4217=DIRECTION('center_axis',(0.,0.,-1.));
#4218=DIRECTION('ref_axis',(-1.,0.,0.));
#4219=DIRECTION('center_axis',(-0.707106781186547,-0.707106781186548,0.));
#4220=DIRECTION('ref_axis',(-0.707106781186548,0.707106781186547,0.));
#4221=DIRECTION('',(-0.707106781186548,0.707106781186547,0.));
#4222=DIRECTION('',(0.,0.,1.));
#4223=DIRECTION('',(0.707106781186548,-0.707106781186547,0.));
#4224=DIRECTION('',(0.,0.,-1.));
#4225=DIRECTION('center_axis',(0.707106781186548,-0.707106781186547,0.));
#4226=DIRECTION('ref_axis',(-0.707106781186547,-0.707106781186548,0.));
#4227=DIRECTION('',(-0.707106781186547,-0.707106781186548,0.));
#4228=DIRECTION('',(0.,0.,1.));
#4229=DIRECTION('',(0.707106781186547,0.707106781186548,0.));
#4230=DIRECTION('center_axis',(0.707106781186547,0.707106781186548,0.));
#4231=DIRECTION('ref_axis',(0.707106781186548,-0.707106781186547,0.));
#4232=DIRECTION('',(0.707106781186548,-0.707106781186547,0.));
#4233=DIRECTION('',(0.,0.,1.));
#4234=DIRECTION('',(-0.707106781186548,0.707106781186547,0.));
#4235=DIRECTION('center_axis',(-0.707106781186547,0.707106781186548,0.));
#4236=DIRECTION('ref_axis',(0.707106781186548,0.707106781186547,0.));
#4237=DIRECTION('',(0.707106781186548,0.707106781186547,0.));
#4238=DIRECTION('',(-0.707106781186548,-0.707106781186547,0.));
#4239=DIRECTION('center_axis',(0.,0.,-1.));
#4240=DIRECTION('ref_axis',(-1.,0.,0.));
#4241=DIRECTION('center_axis',(1.,0.,0.));
#4242=DIRECTION('ref_axis',(0.,-1.,0.));
#4243=DIRECTION('',(0.,0.,-1.));
#4244=DIRECTION('',(0.,-1.,0.));
#4245=DIRECTION('',(0.,0.,1.));
#4246=DIRECTION('',(0.,1.,0.));
#4247=DIRECTION('',(0.,0.,1.));
#4248=DIRECTION('',(0.,1.,0.));
#4249=DIRECTION('center_axis',(-1.,0.,0.));
#4250=DIRECTION('ref_axis',(0.,1.,0.));
#4251=DIRECTION('',(0.,0.,-1.));
#4252=DIRECTION('',(0.,-1.,0.));
#4253=DIRECTION('',(0.,0.,-1.));
#4254=DIRECTION('',(0.,1.,0.));
#4255=DIRECTION('',(0.,0.,1.));
#4256=DIRECTION('',(0.,-1.,0.));
#4257=DIRECTION('center_axis',(0.,-1.,0.));
#4258=DIRECTION('ref_axis',(-1.,0.,0.));
#4259=DIRECTION('',(-1.,0.,0.));
#4260=DIRECTION('',(1.,0.,0.));
#4261=DIRECTION('center_axis',(0.,0.,-1.));
#4262=DIRECTION('ref_axis',(-1.,0.,0.));
#4263=DIRECTION('',(1.,0.,0.));
#4264=DIRECTION('center_axis',(0.,0.,-1.));
#4265=DIRECTION('ref_axis',(1.,0.,0.));
#4266=DIRECTION('',(-1.,0.,0.));
#4267=DIRECTION('',(1.,9.06304509898087E-16,0.));
#4268=DIRECTION('center_axis',(0.,0.,1.));
#4269=DIRECTION('ref_axis',(1.,1.38777878078144E-15,0.));
#4270=DIRECTION('center_axis',(0.,0.,-1.));
#4271=DIRECTION('ref_axis',(1.,1.38777878078144E-15,0.));
#4272=DIRECTION('',(0.,0.,1.));
#4273=DIRECTION('center_axis',(0.,0.,-1.));
#4274=DIRECTION('ref_axis',(1.,1.38777878078144E-15,0.));
#4275=DIRECTION('',(0.,0.,1.));
#4276=DIRECTION('center_axis',(-1.,0.,0.));
#4277=DIRECTION('ref_axis',(0.,-1.,0.));
#4278=DIRECTION('',(0.,1.,0.));
#4279=DIRECTION('',(0.,1.,0.));
#4280=DIRECTION('',(0.,0.,1.));
#4281=DIRECTION('center_axis',(1.,0.,0.));
#4282=DIRECTION('ref_axis',(0.,1.,0.));
#4283=DIRECTION('',(0.,-1.,0.));
#4284=DIRECTION('',(0.,0.,1.));
#4285=DIRECTION('',(0.,-1.,0.));
#4286=DIRECTION('center_axis',(0.,0.,1.));
#4287=DIRECTION('ref_axis',(-1.,-1.52655665885959E-15,0.));
#4288=DIRECTION('center_axis',(0.,0.,-1.));
#4289=DIRECTION('ref_axis',(-1.,-1.52655665885959E-15,0.));
#4290=DIRECTION('center_axis',(0.,0.,-1.));
#4291=DIRECTION('ref_axis',(-1.,-1.52655665885959E-15,0.));
#4292=DIRECTION('center_axis',(0.,0.,1.));
#4293=DIRECTION('ref_axis',(-1.,0.,0.));
#4294=DIRECTION('center_axis',(-1.,0.,0.));
#4295=DIRECTION('ref_axis',(0.,-1.,0.));
#4296=DIRECTION('',(0.,1.,0.));
#4297=DIRECTION('',(0.,0.,-1.));
#4298=DIRECTION('',(0.,1.,0.));
#4299=DIRECTION('',(0.,0.,1.));
#4300=DIRECTION('center_axis',(0.,1.,0.));
#4301=DIRECTION('ref_axis',(-1.,0.,0.));
#4302=DIRECTION('',(1.,0.,0.));
#4303=DIRECTION('',(0.,0.,-1.));
#4304=DIRECTION('',(1.,0.,0.));
#4305=DIRECTION('center_axis',(1.,0.,0.));
#4306=DIRECTION('ref_axis',(0.,1.,0.));
#4307=DIRECTION('',(0.,-1.,0.));
#4308=DIRECTION('',(0.,0.,-1.));
#4309=DIRECTION('',(0.,-1.,0.));
#4310=DIRECTION('center_axis',(0.,-1.,0.));
#4311=DIRECTION('ref_axis',(1.,0.,0.));
#4312=DIRECTION('',(-1.,0.,0.));
#4313=DIRECTION('',(-1.,0.,0.));
#4314=DIRECTION('center_axis',(0.,0.,1.));
#4315=DIRECTION('ref_axis',(1.,0.,0.));
#4316=DIRECTION('center_axis',(-1.,0.,0.));
#4317=DIRECTION('ref_axis',(0.,-1.,0.));
#4318=DIRECTION('',(0.,1.,0.));
#4319=DIRECTION('',(0.,0.,-1.));
#4320=DIRECTION('',(0.,1.,0.));
#4321=DIRECTION('',(0.,0.,1.));
#4322=DIRECTION('center_axis',(0.,1.,0.));
#4323=DIRECTION('ref_axis',(-1.,0.,0.));
#4324=DIRECTION('',(1.,0.,0.));
#4325=DIRECTION('',(0.,0.,-1.));
#4326=DIRECTION('',(1.,0.,0.));
#4327=DIRECTION('center_axis',(1.,0.,0.));
#4328=DIRECTION('ref_axis',(0.,1.,0.));
#4329=DIRECTION('',(0.,-1.,0.));
#4330=DIRECTION('',(0.,0.,-1.));
#4331=DIRECTION('',(0.,-1.,0.));
#4332=DIRECTION('center_axis',(0.,-1.,0.));
#4333=DIRECTION('ref_axis',(1.,0.,0.));
#4334=DIRECTION('',(-1.,0.,0.));
#4335=DIRECTION('',(-1.,0.,0.));
#4336=DIRECTION('center_axis',(0.,0.,1.));
#4337=DIRECTION('ref_axis',(1.,0.,0.));
#4338=DIRECTION('center_axis',(-1.,0.,0.));
#4339=DIRECTION('ref_axis',(0.,-1.,0.));
#4340=DIRECTION('',(0.,1.,0.));
#4341=DIRECTION('',(0.,0.,1.));
#4342=DIRECTION('',(0.,1.,0.));
#4343=DIRECTION('',(0.,0.,-1.));
#4344=DIRECTION('center_axis',(0.,1.,0.));
#4345=DIRECTION('ref_axis',(-1.,0.,0.));
#4346=DIRECTION('',(1.,0.,0.));
#4347=DIRECTION('',(1.,0.,0.));
#4348=DIRECTION('',(0.,0.,-1.));
#4349=DIRECTION('center_axis',(1.,0.,0.));
#4350=DIRECTION('ref_axis',(0.,1.,0.));
#4351=DIRECTION('',(0.,-1.,0.));
#4352=DIRECTION('',(0.,-1.,0.));
#4353=DIRECTION('',(0.,0.,-1.));
#4354=DIRECTION('center_axis',(0.,-1.,0.));
#4355=DIRECTION('ref_axis',(1.,0.,0.));
#4356=DIRECTION('',(-1.,0.,0.));
#4357=DIRECTION('',(-1.,0.,0.));
#4358=DIRECTION('center_axis',(0.,0.,1.));
#4359=DIRECTION('ref_axis',(1.,0.,0.));
#4360=DIRECTION('center_axis',(0.,0.,1.));
#4361=DIRECTION('ref_axis',(0.,1.,0.));
#4362=DIRECTION('',(-1.,0.,0.));
#4363=DIRECTION('center_axis',(0.,0.,-1.));
#4364=DIRECTION('ref_axis',(1.48029736616687E-15,-1.,0.));
#4365=DIRECTION('',(0.,-1.,0.));
#4366=DIRECTION('center_axis',(0.,0.,1.));
#4367=DIRECTION('ref_axis',(0.,1.,0.));
#4368=DIRECTION('',(-1.,-9.06304509898087E-16,0.));
#4369=DIRECTION('center_axis',(0.,0.,1.));
#4370=DIRECTION('ref_axis',(1.,0.,0.));
#4371=DIRECTION('',(-5.55111512312581E-15,1.,0.));
#4372=DIRECTION('center_axis',(0.,0.,-1.));
#4373=DIRECTION('ref_axis',(-1.,0.,0.));
#4374=DIRECTION('',(-1.,0.,0.));
#4375=DIRECTION('center_axis',(0.,0.,1.));
#4376=DIRECTION('ref_axis',(1.,0.,0.));
#4377=DIRECTION('',(6.00120553851436E-16,1.,0.));
#4378=DIRECTION('center_axis',(0.,0.,1.));
#4379=DIRECTION('ref_axis',(0.,-1.,0.));
#4380=DIRECTION('',(1.,0.,0.));
#4381=DIRECTION('center_axis',(0.,0.,1.));
#4382=DIRECTION('ref_axis',(-1.,0.,0.));
#4383=DIRECTION('',(-1.20024110770287E-15,-1.,0.));
#4384=DIRECTION('center_axis',(0.,0.,-1.));
#4385=DIRECTION('ref_axis',(1.,0.,0.));
#4386=DIRECTION('center_axis',(0.,0.,-1.));
#4387=DIRECTION('ref_axis',(1.,0.,0.));
#4388=DIRECTION('center_axis',(0.,0.,-1.));
#4389=DIRECTION('ref_axis',(1.,0.,0.));
#4390=DIRECTION('center_axis',(0.,0.,-1.));
#4391=DIRECTION('ref_axis',(1.,0.,0.));
#4392=DIRECTION('center_axis',(0.,0.,-1.));
#4393=DIRECTION('ref_axis',(1.,0.,0.));
#4394=DIRECTION('center_axis',(0.,0.,-1.));
#4395=DIRECTION('ref_axis',(1.,0.,0.));
#4396=DIRECTION('center_axis',(0.,0.,1.));
#4397=DIRECTION('ref_axis',(1.,0.,0.));
#4398=DIRECTION('center_axis',(0.,0.,1.));
#4399=DIRECTION('ref_axis',(1.,0.,0.));
#4400=DIRECTION('',(0.,0.,-1.));
#4401=DIRECTION('center_axis',(0.,0.,1.));
#4402=DIRECTION('ref_axis',(1.,0.,0.));
#4403=DIRECTION('center_axis',(0.,0.,1.));
#4404=DIRECTION('ref_axis',(1.,0.,0.));
#4405=DIRECTION('',(0.,0.,-1.));
#4406=DIRECTION('center_axis',(0.,0.,1.));
#4407=DIRECTION('ref_axis',(1.,0.,0.));
#4408=DIRECTION('center_axis',(0.,0.,1.));
#4409=DIRECTION('ref_axis',(1.,0.,0.));
#4410=DIRECTION('',(0.,0.,-1.));
#4411=DIRECTION('center_axis',(0.,0.,1.));
#4412=DIRECTION('ref_axis',(1.,0.,0.));
#4413=DIRECTION('center_axis',(0.,0.,1.));
#4414=DIRECTION('ref_axis',(1.,0.,0.));
#4415=DIRECTION('',(0.,0.,-1.));
#4416=DIRECTION('center_axis',(0.,0.,1.));
#4417=DIRECTION('ref_axis',(1.,0.,0.));
#4418=DIRECTION('center_axis',(0.,0.,1.));
#4419=DIRECTION('ref_axis',(1.,0.,0.));
#4420=DIRECTION('',(0.,0.,-1.));
#4421=DIRECTION('center_axis',(0.,0.,1.));
#4422=DIRECTION('ref_axis',(1.,0.,0.));
#4423=DIRECTION('center_axis',(0.,0.,1.));
#4424=DIRECTION('ref_axis',(1.,0.,0.));
#4425=DIRECTION('',(0.,0.,-1.));
#4426=DIRECTION('center_axis',(0.,1.,0.));
#4427=DIRECTION('ref_axis',(-1.,0.,0.));
#4428=DIRECTION('',(0.,0.,-1.));
#4429=DIRECTION('',(1.,0.,0.));
#4430=DIRECTION('',(0.,0.,1.));
#4431=DIRECTION('center_axis',(0.,0.,1.));
#4432=DIRECTION('ref_axis',(1.48029736616687E-15,-1.,0.));
#4433=DIRECTION('center_axis',(0.,0.,1.));
#4434=DIRECTION('ref_axis',(1.48029736616687E-15,-1.,0.));
#4435=DIRECTION('',(0.,0.,1.));
#4436=DIRECTION('center_axis',(-1.,0.,0.));
#4437=DIRECTION('ref_axis',(0.,-1.,0.));
#4438=DIRECTION('',(0.,1.,0.));
#4439=DIRECTION('',(0.,0.,1.));
#4440=DIRECTION('center_axis',(0.,0.,1.));
#4441=DIRECTION('ref_axis',(0.,1.,0.));
#4442=DIRECTION('center_axis',(0.,0.,-1.));
#4443=DIRECTION('ref_axis',(0.,1.,0.));
#4444=DIRECTION('',(0.,0.,1.));
#4445=DIRECTION('center_axis',(-9.06304509898087E-16,1.,0.));
#4446=DIRECTION('ref_axis',(-1.,-9.06304509898087E-16,0.));
#4447=DIRECTION('',(1.,9.06304509898087E-16,0.));
#4448=DIRECTION('',(0.,0.,1.));
#4449=DIRECTION('center_axis',(0.,0.,1.));
#4450=DIRECTION('ref_axis',(1.,0.,0.));
#4451=DIRECTION('center_axis',(0.,0.,-1.));
#4452=DIRECTION('ref_axis',(1.,0.,0.));
#4453=DIRECTION('',(0.,0.,1.));
#4454=DIRECTION('center_axis',(1.,5.55111512312581E-15,0.));
#4455=DIRECTION('ref_axis',(-5.55111512312581E-15,1.,0.));
#4456=DIRECTION('',(5.55111512312581E-15,-1.,0.));
#4457=DIRECTION('',(0.,0.,1.));
#4458=DIRECTION('center_axis',(0.,0.,1.));
#4459=DIRECTION('ref_axis',(-1.,0.,0.));
#4460=DIRECTION('center_axis',(0.,0.,1.));
#4461=DIRECTION('ref_axis',(-1.,0.,0.));
#4462=DIRECTION('',(0.,0.,1.));
#4463=DIRECTION('center_axis',(0.,1.,0.));
#4464=DIRECTION('ref_axis',(-1.,0.,0.));
#4465=DIRECTION('',(1.,0.,0.));
#4466=DIRECTION('',(0.,0.,1.));
#4467=DIRECTION('center_axis',(0.,0.,1.));
#4468=DIRECTION('ref_axis',(1.,0.,0.));
#4469=DIRECTION('center_axis',(0.,0.,-1.));
#4470=DIRECTION('ref_axis',(1.,0.,0.));
#4471=DIRECTION('',(0.,0.,1.));
#4472=DIRECTION('center_axis',(1.,-6.00120553851436E-16,0.));
#4473=DIRECTION('ref_axis',(6.00120553851436E-16,1.,0.));
#4474=DIRECTION('',(-6.00120553851436E-16,-1.,0.));
#4475=DIRECTION('',(0.,0.,1.));
#4476=DIRECTION('center_axis',(0.,0.,1.));
#4477=DIRECTION('ref_axis',(0.,-1.,0.));
#4478=DIRECTION('center_axis',(0.,0.,-1.));
#4479=DIRECTION('ref_axis',(0.,-1.,0.));
#4480=DIRECTION('',(0.,0.,1.));
#4481=DIRECTION('center_axis',(0.,-1.,0.));
#4482=DIRECTION('ref_axis',(1.,0.,0.));
#4483=DIRECTION('',(-1.,0.,0.));
#4484=DIRECTION('',(0.,0.,1.));
#4485=DIRECTION('center_axis',(0.,0.,1.));
#4486=DIRECTION('ref_axis',(-1.,0.,0.));
#4487=DIRECTION('center_axis',(0.,0.,-1.));
#4488=DIRECTION('ref_axis',(-1.,0.,0.));
#4489=DIRECTION('',(0.,0.,1.));
#4490=DIRECTION('center_axis',(-1.,1.20024110770287E-15,0.));
#4491=DIRECTION('ref_axis',(-1.20024110770287E-15,-1.,0.));
#4492=DIRECTION('',(1.20024110770287E-15,1.,0.));
#4493=DIRECTION('',(0.,0.,1.));
#4494=DIRECTION('center_axis',(0.,0.,1.));
#4495=DIRECTION('ref_axis',(0.,1.,0.));
#4496=DIRECTION('center_axis',(0.,0.,-1.));
#4497=DIRECTION('ref_axis',(0.,1.,0.));
#4498=DIRECTION('center_axis',(0.,0.,1.));
#4499=DIRECTION('ref_axis',(1.,0.,0.));
#4500=DIRECTION('center_axis',(-1.,0.,0.));
#4501=DIRECTION('ref_axis',(0.,-1.,0.));
#4502=DIRECTION('',(0.,1.,0.));
#4503=DIRECTION('',(0.,0.,-1.));
#4504=DIRECTION('',(0.,1.,0.));
#4505=DIRECTION('',(0.,0.,1.));
#4506=DIRECTION('center_axis',(0.,1.,0.));
#4507=DIRECTION('ref_axis',(-1.,0.,0.));
#4508=DIRECTION('',(1.,0.,0.));
#4509=DIRECTION('',(0.,0.,-1.));
#4510=DIRECTION('',(1.,0.,0.));
#4511=DIRECTION('center_axis',(1.,0.,0.));
#4512=DIRECTION('ref_axis',(0.,1.,0.));
#4513=DIRECTION('',(0.,-1.,0.));
#4514=DIRECTION('',(0.,0.,-1.));
#4515=DIRECTION('',(0.,-1.,0.));
#4516=DIRECTION('center_axis',(0.,-1.,0.));
#4517=DIRECTION('ref_axis',(1.,0.,0.));
#4518=DIRECTION('',(-1.,0.,0.));
#4519=DIRECTION('',(-1.,0.,0.));
#4520=DIRECTION('center_axis',(0.,0.,1.));
#4521=DIRECTION('ref_axis',(1.,0.,0.));
#4522=DIRECTION('center_axis',(0.,0.,1.));
#4523=DIRECTION('ref_axis',(1.,0.,0.));
#4524=DIRECTION('',(-1.,-9.06304509898087E-16,0.));
#4525=DIRECTION('center_axis',(0.,0.,1.));
#4526=DIRECTION('ref_axis',(0.,1.,0.));
#4527=DIRECTION('',(0.,-1.,0.));
#4528=DIRECTION('center_axis',(0.,0.,-1.));
#4529=DIRECTION('ref_axis',(1.48029736616687E-15,-1.,0.));
#4530=DIRECTION('',(-1.,0.,0.));
#4531=DIRECTION('center_axis',(0.,0.,1.));
#4532=DIRECTION('ref_axis',(0.,1.,0.));
#4533=DIRECTION('',(-1.20024110770287E-15,-1.,0.));
#4534=DIRECTION('center_axis',(0.,0.,1.));
#4535=DIRECTION('ref_axis',(-1.,0.,0.));
#4536=DIRECTION('',(1.,0.,0.));
#4537=DIRECTION('center_axis',(0.,0.,1.));
#4538=DIRECTION('ref_axis',(0.,-1.,0.));
#4539=DIRECTION('',(6.00120553851436E-16,1.,0.));
#4540=DIRECTION('center_axis',(0.,0.,1.));
#4541=DIRECTION('ref_axis',(1.,0.,0.));
#4542=DIRECTION('',(-1.,0.,0.));
#4543=DIRECTION('center_axis',(0.,0.,-1.));
#4544=DIRECTION('ref_axis',(-1.,0.,0.));
#4545=DIRECTION('',(-5.55111512312581E-15,1.,0.));
#4546=DIRECTION('center_axis',(0.,0.,1.));
#4547=DIRECTION('ref_axis',(1.,0.,0.));
#4548=DIRECTION('',(-1.,-9.06304509898087E-16,0.));
#4549=DIRECTION('center_axis',(0.,0.,-1.));
#4550=DIRECTION('ref_axis',(1.,0.,0.));
#4551=DIRECTION('center_axis',(0.,0.,-1.));
#4552=DIRECTION('ref_axis',(1.,0.,0.));
#4553=DIRECTION('center_axis',(0.,0.,-1.));
#4554=DIRECTION('ref_axis',(1.,0.,0.));
#4555=DIRECTION('center_axis',(0.,0.,-1.));
#4556=DIRECTION('ref_axis',(1.,0.,0.));
#4557=DIRECTION('center_axis',(0.,0.,-1.));
#4558=DIRECTION('ref_axis',(1.,0.,0.));
#4559=DIRECTION('center_axis',(0.,0.,-1.));
#4560=DIRECTION('ref_axis',(1.,0.,0.));
#4561=DIRECTION('center_axis',(0.,0.,1.));
#4562=DIRECTION('ref_axis',(1.,0.,0.));
#4563=DIRECTION('',(0.,0.,1.));
#4564=DIRECTION('center_axis',(0.,0.,1.));
#4565=DIRECTION('ref_axis',(1.,0.,0.));
#4566=DIRECTION('center_axis',(0.,0.,1.));
#4567=DIRECTION('ref_axis',(1.,0.,0.));
#4568=DIRECTION('',(0.,0.,1.));
#4569=DIRECTION('center_axis',(0.,0.,1.));
#4570=DIRECTION('ref_axis',(1.,0.,0.));
#4571=DIRECTION('center_axis',(0.,0.,1.));
#4572=DIRECTION('ref_axis',(1.,0.,0.));
#4573=DIRECTION('',(0.,0.,1.));
#4574=DIRECTION('center_axis',(0.,0.,1.));
#4575=DIRECTION('ref_axis',(1.,0.,0.));
#4576=DIRECTION('center_axis',(0.,0.,1.));
#4577=DIRECTION('ref_axis',(1.,0.,0.));
#4578=DIRECTION('',(0.,0.,1.));
#4579=DIRECTION('center_axis',(0.,0.,1.));
#4580=DIRECTION('ref_axis',(1.,0.,0.));
#4581=DIRECTION('center_axis',(0.,0.,1.));
#4582=DIRECTION('ref_axis',(1.,0.,0.));
#4583=DIRECTION('',(0.,0.,1.));
#4584=DIRECTION('center_axis',(0.,0.,1.));
#4585=DIRECTION('ref_axis',(1.,0.,0.));
#4586=DIRECTION('center_axis',(0.,0.,1.));
#4587=DIRECTION('ref_axis',(1.,0.,0.));
#4588=DIRECTION('',(0.,0.,1.));
#4589=DIRECTION('center_axis',(0.,0.,1.));
#4590=DIRECTION('ref_axis',(1.,0.,0.));
#4591=DIRECTION('center_axis',(0.,1.,0.));
#4592=DIRECTION('ref_axis',(-1.,0.,0.));
#4593=DIRECTION('',(0.,0.,-1.));
#4594=DIRECTION('',(0.,0.,1.));
#4595=DIRECTION('',(1.,0.,0.));
#4596=DIRECTION('center_axis',(0.,0.,1.));
#4597=DIRECTION('ref_axis',(1.48029736616687E-15,-1.,0.));
#4598=DIRECTION('',(0.,0.,1.));
#4599=DIRECTION('center_axis',(0.,0.,1.));
#4600=DIRECTION('ref_axis',(1.48029736616687E-15,-1.,0.));
#4601=DIRECTION('center_axis',(-1.,0.,0.));
#4602=DIRECTION('ref_axis',(0.,-1.,0.));
#4603=DIRECTION('',(0.,0.,1.));
#4604=DIRECTION('',(0.,1.,0.));
#4605=DIRECTION('center_axis',(0.,0.,1.));
#4606=DIRECTION('ref_axis',(0.,1.,0.));
#4607=DIRECTION('',(0.,0.,1.));
#4608=DIRECTION('center_axis',(0.,0.,-1.));
#4609=DIRECTION('ref_axis',(0.,1.,0.));
#4610=DIRECTION('center_axis',(-9.06304509898087E-16,1.,0.));
#4611=DIRECTION('ref_axis',(-1.,-9.06304509898087E-16,0.));
#4612=DIRECTION('',(0.,0.,1.));
#4613=DIRECTION('',(1.,9.06304509898087E-16,0.));
#4614=DIRECTION('center_axis',(0.,0.,1.));
#4615=DIRECTION('ref_axis',(1.,0.,0.));
#4616=DIRECTION('',(0.,0.,1.));
#4617=DIRECTION('center_axis',(0.,0.,-1.));
#4618=DIRECTION('ref_axis',(1.,0.,0.));
#4619=DIRECTION('center_axis',(1.,5.55111512312581E-15,0.));
#4620=DIRECTION('ref_axis',(-5.55111512312581E-15,1.,0.));
#4621=DIRECTION('',(0.,0.,1.));
#4622=DIRECTION('',(5.55111512312581E-15,-1.,0.));
#4623=DIRECTION('center_axis',(0.,0.,1.));
#4624=DIRECTION('ref_axis',(-1.,0.,0.));
#4625=DIRECTION('',(0.,0.,1.));
#4626=DIRECTION('center_axis',(0.,0.,1.));
#4627=DIRECTION('ref_axis',(-1.,0.,0.));
#4628=DIRECTION('center_axis',(0.,1.,0.));
#4629=DIRECTION('ref_axis',(-1.,0.,0.));
#4630=DIRECTION('',(0.,0.,1.));
#4631=DIRECTION('',(1.,0.,0.));
#4632=DIRECTION('center_axis',(0.,0.,1.));
#4633=DIRECTION('ref_axis',(1.,0.,0.));
#4634=DIRECTION('',(0.,0.,1.));
#4635=DIRECTION('center_axis',(0.,0.,-1.));
#4636=DIRECTION('ref_axis',(1.,0.,0.));
#4637=DIRECTION('center_axis',(1.,-6.00120553851436E-16,0.));
#4638=DIRECTION('ref_axis',(6.00120553851436E-16,1.,0.));
#4639=DIRECTION('',(0.,0.,1.));
#4640=DIRECTION('',(-6.00120553851436E-16,-1.,0.));
#4641=DIRECTION('center_axis',(0.,0.,1.));
#4642=DIRECTION('ref_axis',(0.,-1.,0.));
#4643=DIRECTION('',(0.,0.,1.));
#4644=DIRECTION('center_axis',(0.,0.,-1.));
#4645=DIRECTION('ref_axis',(0.,-1.,0.));
#4646=DIRECTION('center_axis',(0.,-1.,0.));
#4647=DIRECTION('ref_axis',(1.,0.,0.));
#4648=DIRECTION('',(0.,0.,1.));
#4649=DIRECTION('',(-1.,0.,0.));
#4650=DIRECTION('center_axis',(0.,0.,1.));
#4651=DIRECTION('ref_axis',(-1.,0.,0.));
#4652=DIRECTION('',(0.,0.,1.));
#4653=DIRECTION('center_axis',(0.,0.,-1.));
#4654=DIRECTION('ref_axis',(-1.,0.,0.));
#4655=DIRECTION('center_axis',(-1.,1.20024110770287E-15,0.));
#4656=DIRECTION('ref_axis',(-1.20024110770287E-15,-1.,0.));
#4657=DIRECTION('',(0.,0.,1.));
#4658=DIRECTION('',(1.20024110770287E-15,1.,0.));
#4659=DIRECTION('center_axis',(0.,0.,1.));
#4660=DIRECTION('ref_axis',(0.,1.,0.));
#4661=DIRECTION('center_axis',(0.,0.,-1.));
#4662=DIRECTION('ref_axis',(0.,1.,0.));
#4663=DIRECTION('center_axis',(0.,0.,1.));
#4664=DIRECTION('ref_axis',(1.,0.,0.));
#4665=DIRECTION('center_axis',(0.,1.,0.));
#4666=DIRECTION('ref_axis',(1.,0.,0.));
#4667=DIRECTION('',(-1.,0.,0.));
#4668=DIRECTION('',(0.,0.,-1.));
#4669=DIRECTION('',(1.,0.,0.));
#4670=DIRECTION('',(0.,0.,-1.));
#4671=DIRECTION('center_axis',(-1.,0.,0.));
#4672=DIRECTION('ref_axis',(0.,1.,0.));
#4673=DIRECTION('',(0.,-1.,0.));
#4674=DIRECTION('',(0.,1.,0.));
#4675=DIRECTION('',(0.,0.,-1.));
#4676=DIRECTION('center_axis',(0.,-1.,0.));
#4677=DIRECTION('ref_axis',(-1.,0.,0.));
#4678=DIRECTION('',(1.,0.,0.));
#4679=DIRECTION('',(-1.,0.,0.));
#4680=DIRECTION('',(0.,0.,-1.));
#4681=DIRECTION('center_axis',(1.,0.,0.));
#4682=DIRECTION('ref_axis',(0.,-1.,0.));
#4683=DIRECTION('',(0.,1.,0.));
#4684=DIRECTION('',(0.,-1.,0.));
#4685=DIRECTION('center_axis',(0.,0.,-1.));
#4686=DIRECTION('ref_axis',(-1.,0.,0.));
#4687=DIRECTION('center_axis',(-0.707106781186547,-0.707106781186548,0.));
#4688=DIRECTION('ref_axis',(-0.707106781186548,0.707106781186547,0.));
#4689=DIRECTION('',(0.707106781186548,-0.707106781186547,0.));
#4690=DIRECTION('',(0.,0.,-1.));
#4691=DIRECTION('',(-0.707106781186548,0.707106781186547,0.));
#4692=DIRECTION('',(0.,0.,-1.));
#4693=DIRECTION('center_axis',(0.707106781186548,-0.707106781186547,0.));
#4694=DIRECTION('ref_axis',(-0.707106781186547,-0.707106781186548,0.));
#4695=DIRECTION('',(0.707106781186547,0.707106781186548,0.));
#4696=DIRECTION('',(-0.707106781186547,-0.707106781186548,0.));
#4697=DIRECTION('',(0.,0.,-1.));
#4698=DIRECTION('center_axis',(0.707106781186547,0.707106781186548,0.));
#4699=DIRECTION('ref_axis',(0.707106781186548,-0.707106781186547,0.));
#4700=DIRECTION('',(-0.707106781186548,0.707106781186547,0.));
#4701=DIRECTION('',(0.707106781186548,-0.707106781186547,0.));
#4702=DIRECTION('',(0.,0.,-1.));
#4703=DIRECTION('center_axis',(-0.707106781186547,0.707106781186548,0.));
#4704=DIRECTION('ref_axis',(0.707106781186548,0.707106781186547,0.));
#4705=DIRECTION('',(-0.707106781186548,-0.707106781186547,0.));
#4706=DIRECTION('',(0.707106781186548,0.707106781186547,0.));
#4707=DIRECTION('center_axis',(0.,0.,-1.));
#4708=DIRECTION('ref_axis',(-1.,0.,0.));
#4709=DIRECTION('center_axis',(1.,0.,0.));
#4710=DIRECTION('ref_axis',(0.,-1.,0.));
#4711=DIRECTION('',(0.,1.,0.));
#4712=DIRECTION('',(0.,0.,-1.));
#4713=DIRECTION('',(0.,-1.,0.));
#4714=DIRECTION('',(0.,0.,-1.));
#4715=DIRECTION('',(0.,1.,0.));
#4716=DIRECTION('center_axis',(0.,1.,0.));
#4717=DIRECTION('ref_axis',(1.,0.,0.));
#4718=DIRECTION('',(-1.,0.,0.));
#4719=DIRECTION('',(1.,0.,0.));
#4720=DIRECTION('',(0.,0.,-1.));
#4721=DIRECTION('center_axis',(-1.,0.,0.));
#4722=DIRECTION('ref_axis',(0.,1.,0.));
#4723=DIRECTION('',(0.,-1.,0.));
#4724=DIRECTION('',(0.,1.,0.));
#4725=DIRECTION('',(0.,0.,-1.));
#4726=DIRECTION('',(0.,-1.,0.));
#4727=DIRECTION('center_axis',(0.,-1.,0.));
#4728=DIRECTION('ref_axis',(-1.,0.,0.));
#4729=DIRECTION('',(1.,0.,0.));
#4730=DIRECTION('',(-1.,0.,0.));
#4731=DIRECTION('center_axis',(0.,0.,-1.));
#4732=DIRECTION('ref_axis',(-1.,0.,0.));
#4733=DIRECTION('center_axis',(0.,0.,-1.));
#4734=DIRECTION('ref_axis',(1.,0.,0.));
#4735=DIRECTION('',(1.,9.06304509898087E-16,0.));
#4736=DIRECTION('center_axis',(0.,0.,1.));
#4737=DIRECTION('ref_axis',(1.,1.38777878078144E-15,0.));
#4738=DIRECTION('center_axis',(0.,0.,-1.));
#4739=DIRECTION('ref_axis',(1.,1.38777878078144E-15,0.));
#4740=DIRECTION('',(0.,0.,1.));
#4741=DIRECTION('center_axis',(0.,0.,1.));
#4742=DIRECTION('ref_axis',(1.,1.38777878078144E-15,0.));
#4743=DIRECTION('',(0.,0.,1.));
#4744=DIRECTION('center_axis',(-1.,0.,0.));
#4745=DIRECTION('ref_axis',(0.,-1.,0.));
#4746=DIRECTION('',(0.,1.,0.));
#4747=DIRECTION('',(0.,0.,1.));
#4748=DIRECTION('',(0.,-1.,0.));
#4749=DIRECTION('center_axis',(1.,0.,0.));
#4750=DIRECTION('ref_axis',(0.,1.,0.));
#4751=DIRECTION('',(0.,-1.,0.));
#4752=DIRECTION('',(0.,1.,0.));
#4753=DIRECTION('',(0.,0.,1.));
#4754=DIRECTION('center_axis',(0.,0.,1.));
#4755=DIRECTION('ref_axis',(-1.,-1.52655665885959E-15,0.));
#4756=DIRECTION('center_axis',(0.,0.,-1.));
#4757=DIRECTION('ref_axis',(-1.,-1.52655665885959E-15,0.));
#4758=DIRECTION('center_axis',(0.,0.,1.));
#4759=DIRECTION('ref_axis',(-1.,-1.52655665885959E-15,0.));
#4760=DIRECTION('center_axis',(0.,0.,1.));
#4761=DIRECTION('ref_axis',(-1.,0.,0.));
#4762=DIRECTION('center_axis',(-1.,0.,0.));
#4763=DIRECTION('ref_axis',(0.,-1.,0.));
#4764=DIRECTION('',(0.,1.,0.));
#4765=DIRECTION('',(0.,0.,1.));
#4766=DIRECTION('',(0.,-1.,0.));
#4767=DIRECTION('',(0.,0.,1.));
#4768=DIRECTION('center_axis',(0.,1.,0.));
#4769=DIRECTION('ref_axis',(-1.,0.,0.));
#4770=DIRECTION('',(1.,0.,0.));
#4771=DIRECTION('',(-1.,0.,0.));
#4772=DIRECTION('',(0.,0.,1.));
#4773=DIRECTION('center_axis',(1.,0.,0.));
#4774=DIRECTION('ref_axis',(0.,1.,0.));
#4775=DIRECTION('',(0.,-1.,0.));
#4776=DIRECTION('',(0.,1.,0.));
#4777=DIRECTION('',(0.,0.,1.));
#4778=DIRECTION('center_axis',(0.,-1.,0.));
#4779=DIRECTION('ref_axis',(1.,0.,0.));
#4780=DIRECTION('',(-1.,0.,0.));
#4781=DIRECTION('',(1.,0.,0.));
#4782=DIRECTION('center_axis',(0.,0.,1.));
#4783=DIRECTION('ref_axis',(1.,0.,0.));
#4784=DIRECTION('center_axis',(-1.,0.,0.));
#4785=DIRECTION('ref_axis',(0.,-1.,0.));
#4786=DIRECTION('',(0.,1.,0.));
#4787=DIRECTION('',(0.,0.,1.));
#4788=DIRECTION('',(0.,-1.,0.));
#4789=DIRECTION('',(0.,0.,1.));
#4790=DIRECTION('center_axis',(0.,1.,0.));
#4791=DIRECTION('ref_axis',(-1.,0.,0.));
#4792=DIRECTION('',(1.,0.,0.));
#4793=DIRECTION('',(-1.,0.,0.));
#4794=DIRECTION('',(0.,0.,1.));
#4795=DIRECTION('center_axis',(1.,0.,0.));
#4796=DIRECTION('ref_axis',(0.,1.,0.));
#4797=DIRECTION('',(0.,-1.,0.));
#4798=DIRECTION('',(0.,1.,0.));
#4799=DIRECTION('',(0.,0.,1.));
#4800=DIRECTION('center_axis',(0.,-1.,0.));
#4801=DIRECTION('ref_axis',(1.,0.,0.));
#4802=DIRECTION('',(-1.,0.,0.));
#4803=DIRECTION('',(1.,0.,0.));
#4804=DIRECTION('center_axis',(0.,0.,1.));
#4805=DIRECTION('ref_axis',(1.,0.,0.));
#4806=DIRECTION('center_axis',(-1.,0.,0.));
#4807=DIRECTION('ref_axis',(0.,-1.,0.));
#4808=DIRECTION('',(0.,1.,0.));
#4809=DIRECTION('',(0.,0.,-1.));
#4810=DIRECTION('',(0.,1.,0.));
#4811=DIRECTION('',(0.,0.,1.));
#4812=DIRECTION('center_axis',(0.,1.,0.));
#4813=DIRECTION('ref_axis',(-1.,0.,0.));
#4814=DIRECTION('',(1.,0.,0.));
#4815=DIRECTION('',(0.,0.,-1.));
#4816=DIRECTION('',(1.,0.,0.));
#4817=DIRECTION('center_axis',(1.,0.,0.));
#4818=DIRECTION('ref_axis',(0.,1.,0.));
#4819=DIRECTION('',(0.,-1.,0.));
#4820=DIRECTION('',(0.,0.,-1.));
#4821=DIRECTION('',(0.,-1.,0.));
#4822=DIRECTION('center_axis',(0.,-1.,0.));
#4823=DIRECTION('ref_axis',(1.,0.,0.));
#4824=DIRECTION('',(-1.,0.,0.));
#4825=DIRECTION('',(-1.,0.,0.));
#4826=DIRECTION('center_axis',(0.,0.,1.));
#4827=DIRECTION('ref_axis',(1.,0.,0.));
#4828=DIRECTION('center_axis',(0.,0.,1.));
#4829=DIRECTION('ref_axis',(0.,1.,0.));
#4830=DIRECTION('',(-1.20024110770287E-15,-1.,0.));
#4831=DIRECTION('center_axis',(0.,0.,1.));
#4832=DIRECTION('ref_axis',(-1.,0.,0.));
#4833=DIRECTION('',(1.,0.,0.));
#4834=DIRECTION('center_axis',(0.,0.,1.));
#4835=DIRECTION('ref_axis',(0.,-1.,0.));
#4836=DIRECTION('',(6.00120553851436E-16,1.,0.));
#4837=DIRECTION('center_axis',(0.,0.,1.));
#4838=DIRECTION('ref_axis',(1.,0.,0.));
#4839=DIRECTION('',(-1.,0.,0.));
#4840=DIRECTION('center_axis',(0.,0.,-1.));
#4841=DIRECTION('ref_axis',(-1.,0.,0.));
#4842=DIRECTION('',(-5.55111512312581E-15,1.,0.));
#4843=DIRECTION('center_axis',(0.,0.,1.));
#4844=DIRECTION('ref_axis',(1.,0.,0.));
#4845=DIRECTION('',(-1.,-9.06304509898087E-16,0.));
#4846=DIRECTION('center_axis',(0.,0.,1.));
#4847=DIRECTION('ref_axis',(0.,1.,0.));
#4848=DIRECTION('',(0.,-1.,0.));
#4849=DIRECTION('center_axis',(0.,0.,-1.));
#4850=DIRECTION('ref_axis',(1.48029736616687E-15,-1.,0.));
#4851=DIRECTION('',(-1.,0.,0.));
#4852=DIRECTION('center_axis',(0.,0.,-1.));
#4853=DIRECTION('ref_axis',(1.,0.,0.));
#4854=DIRECTION('center_axis',(0.,0.,-1.));
#4855=DIRECTION('ref_axis',(1.,0.,0.));
#4856=DIRECTION('center_axis',(0.,0.,-1.));
#4857=DIRECTION('ref_axis',(1.,0.,0.));
#4858=DIRECTION('center_axis',(0.,0.,-1.));
#4859=DIRECTION('ref_axis',(1.,0.,0.));
#4860=DIRECTION('center_axis',(0.,0.,-1.));
#4861=DIRECTION('ref_axis',(1.,0.,0.));
#4862=DIRECTION('center_axis',(0.,0.,-1.));
#4863=DIRECTION('ref_axis',(1.,0.,0.));
#4864=DIRECTION('center_axis',(0.,0.,1.));
#4865=DIRECTION('ref_axis',(1.,0.,0.));
#4866=DIRECTION('',(0.,0.,1.));
#4867=DIRECTION('center_axis',(0.,0.,1.));
#4868=DIRECTION('ref_axis',(1.,0.,0.));
#4869=DIRECTION('center_axis',(0.,0.,1.));
#4870=DIRECTION('ref_axis',(1.,0.,0.));
#4871=DIRECTION('',(0.,0.,1.));
#4872=DIRECTION('center_axis',(0.,0.,1.));
#4873=DIRECTION('ref_axis',(1.,0.,0.));
#4874=DIRECTION('center_axis',(0.,0.,1.));
#4875=DIRECTION('ref_axis',(1.,0.,0.));
#4876=DIRECTION('',(0.,0.,1.));
#4877=DIRECTION('center_axis',(0.,0.,1.));
#4878=DIRECTION('ref_axis',(1.,0.,0.));
#4879=DIRECTION('center_axis',(0.,0.,1.));
#4880=DIRECTION('ref_axis',(1.,0.,0.));
#4881=DIRECTION('',(0.,0.,1.));
#4882=DIRECTION('center_axis',(0.,0.,1.));
#4883=DIRECTION('ref_axis',(1.,0.,0.));
#4884=DIRECTION('center_axis',(0.,0.,1.));
#4885=DIRECTION('ref_axis',(1.,0.,0.));
#4886=DIRECTION('',(0.,0.,1.));
#4887=DIRECTION('center_axis',(0.,0.,1.));
#4888=DIRECTION('ref_axis',(1.,0.,0.));
#4889=DIRECTION('center_axis',(0.,0.,1.));
#4890=DIRECTION('ref_axis',(1.,0.,0.));
#4891=DIRECTION('',(0.,0.,1.));
#4892=DIRECTION('center_axis',(0.,0.,1.));
#4893=DIRECTION('ref_axis',(1.,0.,0.));
#4894=DIRECTION('center_axis',(0.,1.,0.));
#4895=DIRECTION('ref_axis',(-1.,0.,0.));
#4896=DIRECTION('',(0.,0.,-1.));
#4897=DIRECTION('',(0.,0.,1.));
#4898=DIRECTION('',(1.,0.,0.));
#4899=DIRECTION('center_axis',(0.,0.,1.));
#4900=DIRECTION('ref_axis',(1.48029736616687E-15,-1.,0.));
#4901=DIRECTION('',(0.,0.,1.));
#4902=DIRECTION('center_axis',(0.,0.,1.));
#4903=DIRECTION('ref_axis',(1.48029736616687E-15,-1.,0.));
#4904=DIRECTION('center_axis',(-1.,0.,0.));
#4905=DIRECTION('ref_axis',(0.,-1.,0.));
#4906=DIRECTION('',(0.,0.,1.));
#4907=DIRECTION('',(0.,1.,0.));
#4908=DIRECTION('center_axis',(0.,0.,1.));
#4909=DIRECTION('ref_axis',(0.,1.,0.));
#4910=DIRECTION('',(0.,0.,1.));
#4911=DIRECTION('center_axis',(0.,0.,-1.));
#4912=DIRECTION('ref_axis',(0.,1.,0.));
#4913=DIRECTION('center_axis',(-9.06304509898087E-16,1.,0.));
#4914=DIRECTION('ref_axis',(-1.,-9.06304509898087E-16,0.));
#4915=DIRECTION('',(0.,0.,1.));
#4916=DIRECTION('',(1.,9.06304509898087E-16,0.));
#4917=DIRECTION('center_axis',(0.,0.,1.));
#4918=DIRECTION('ref_axis',(1.,0.,0.));
#4919=DIRECTION('',(0.,0.,1.));
#4920=DIRECTION('center_axis',(0.,0.,-1.));
#4921=DIRECTION('ref_axis',(1.,0.,0.));
#4922=DIRECTION('center_axis',(1.,5.55111512312581E-15,0.));
#4923=DIRECTION('ref_axis',(-5.55111512312581E-15,1.,0.));
#4924=DIRECTION('',(0.,0.,1.));
#4925=DIRECTION('',(5.55111512312581E-15,-1.,0.));
#4926=DIRECTION('center_axis',(0.,0.,1.));
#4927=DIRECTION('ref_axis',(-1.,0.,0.));
#4928=DIRECTION('',(0.,0.,1.));
#4929=DIRECTION('center_axis',(0.,0.,1.));
#4930=DIRECTION('ref_axis',(-1.,0.,0.));
#4931=DIRECTION('center_axis',(0.,1.,0.));
#4932=DIRECTION('ref_axis',(-1.,0.,0.));
#4933=DIRECTION('',(0.,0.,1.));
#4934=DIRECTION('',(1.,0.,0.));
#4935=DIRECTION('center_axis',(0.,0.,1.));
#4936=DIRECTION('ref_axis',(1.,0.,0.));
#4937=DIRECTION('',(0.,0.,1.));
#4938=DIRECTION('center_axis',(0.,0.,-1.));
#4939=DIRECTION('ref_axis',(1.,0.,0.));
#4940=DIRECTION('center_axis',(1.,-6.00120553851436E-16,0.));
#4941=DIRECTION('ref_axis',(6.00120553851436E-16,1.,0.));
#4942=DIRECTION('',(0.,0.,1.));
#4943=DIRECTION('',(-6.00120553851436E-16,-1.,0.));
#4944=DIRECTION('center_axis',(0.,0.,1.));
#4945=DIRECTION('ref_axis',(0.,-1.,0.));
#4946=DIRECTION('',(0.,0.,1.));
#4947=DIRECTION('center_axis',(0.,0.,-1.));
#4948=DIRECTION('ref_axis',(0.,-1.,0.));
#4949=DIRECTION('center_axis',(0.,-1.,0.));
#4950=DIRECTION('ref_axis',(1.,0.,0.));
#4951=DIRECTION('',(0.,0.,1.));
#4952=DIRECTION('',(-1.,0.,0.));
#4953=DIRECTION('center_axis',(0.,0.,1.));
#4954=DIRECTION('ref_axis',(-1.,0.,0.));
#4955=DIRECTION('',(0.,0.,1.));
#4956=DIRECTION('center_axis',(0.,0.,-1.));
#4957=DIRECTION('ref_axis',(-1.,0.,0.));
#4958=DIRECTION('center_axis',(-1.,1.20024110770287E-15,0.));
#4959=DIRECTION('ref_axis',(-1.20024110770287E-15,-1.,0.));
#4960=DIRECTION('',(0.,0.,1.));
#4961=DIRECTION('',(1.20024110770287E-15,1.,0.));
#4962=DIRECTION('center_axis',(0.,0.,1.));
#4963=DIRECTION('ref_axis',(0.,1.,0.));
#4964=DIRECTION('center_axis',(0.,0.,-1.));
#4965=DIRECTION('ref_axis',(0.,1.,0.));
#4966=DIRECTION('center_axis',(0.,0.,1.));
#4967=DIRECTION('ref_axis',(1.,0.,0.));
#4968=DIRECTION('center_axis',(-1.,0.,0.));
#4969=DIRECTION('ref_axis',(0.,-1.,0.));
#4970=DIRECTION('',(0.,1.,0.));
#4971=DIRECTION('',(0.,0.,1.));
#4972=DIRECTION('',(0.,-1.,0.));
#4973=DIRECTION('',(0.,0.,1.));
#4974=DIRECTION('center_axis',(0.,1.,0.));
#4975=DIRECTION('ref_axis',(-1.,0.,0.));
#4976=DIRECTION('',(1.,0.,0.));
#4977=DIRECTION('',(-1.,0.,0.));
#4978=DIRECTION('',(0.,0.,1.));
#4979=DIRECTION('center_axis',(1.,0.,0.));
#4980=DIRECTION('ref_axis',(0.,1.,0.));
#4981=DIRECTION('',(0.,-1.,0.));
#4982=DIRECTION('',(0.,1.,0.));
#4983=DIRECTION('',(0.,0.,1.));
#4984=DIRECTION('center_axis',(0.,-1.,0.));
#4985=DIRECTION('ref_axis',(1.,0.,0.));
#4986=DIRECTION('',(-1.,0.,0.));
#4987=DIRECTION('',(1.,0.,0.));
#4988=DIRECTION('center_axis',(0.,0.,1.));
#4989=DIRECTION('ref_axis',(1.,0.,0.));
#4990=DIRECTION('center_axis',(0.,0.,1.));
#4991=DIRECTION('ref_axis',(1.,0.,0.));
#4992=DIRECTION('',(1.,9.06304509898087E-16,0.));
#4993=DIRECTION('center_axis',(0.,0.,-1.));
#4994=DIRECTION('ref_axis',(1.,0.,0.));
#4995=DIRECTION('',(5.55111512312581E-15,-1.,0.));
#4996=DIRECTION('center_axis',(0.,0.,1.));
#4997=DIRECTION('ref_axis',(-1.,0.,0.));
#4998=DIRECTION('',(1.,0.,0.));
#4999=DIRECTION('center_axis',(0.,0.,-1.));
#5000=DIRECTION('ref_axis',(1.,0.,0.));
#5001=DIRECTION('',(-6.00120553851436E-16,-1.,0.));
#5002=DIRECTION('center_axis',(0.,0.,-1.));
#5003=DIRECTION('ref_axis',(0.,-1.,0.));
#5004=DIRECTION('',(-1.,0.,0.));
#5005=DIRECTION('center_axis',(0.,0.,-1.));
#5006=DIRECTION('ref_axis',(-1.,0.,0.));
#5007=DIRECTION('',(1.20024110770287E-15,1.,0.));
#5008=DIRECTION('center_axis',(0.,0.,-1.));
#5009=DIRECTION('ref_axis',(0.,1.,0.));
#5010=DIRECTION('',(1.,0.,0.));
#5011=DIRECTION('center_axis',(0.,0.,1.));
#5012=DIRECTION('ref_axis',(1.48029736616687E-15,-1.,0.));
#5013=DIRECTION('',(0.,1.,0.));
#5014=DIRECTION('center_axis',(0.,0.,-1.));
#5015=DIRECTION('ref_axis',(0.,1.,0.));
#5016=DIRECTION('',(1.,9.06304509898087E-16,0.));
#5017=DIRECTION('center_axis',(0.,0.,1.));
#5018=DIRECTION('ref_axis',(1.,0.,0.));
#5019=DIRECTION('center_axis',(0.,0.,1.));
#5020=DIRECTION('ref_axis',(1.,0.,0.));
#5021=DIRECTION('center_axis',(0.,0.,1.));
#5022=DIRECTION('ref_axis',(1.,0.,0.));
#5023=DIRECTION('center_axis',(0.,0.,1.));
#5024=DIRECTION('ref_axis',(1.,0.,0.));
#5025=DIRECTION('center_axis',(0.,0.,1.));
#5026=DIRECTION('ref_axis',(1.,0.,0.));
#5027=DIRECTION('center_axis',(0.,0.,1.));
#5028=DIRECTION('ref_axis',(1.,0.,0.));
#5029=DIRECTION('center_axis',(0.,0.,1.));
#5030=DIRECTION('ref_axis',(1.,0.,0.));
#5031=DIRECTION('center_axis',(0.,0.,-1.));
#5032=DIRECTION('ref_axis',(1.,0.,0.));
#5033=DIRECTION('',(0.,0.,-1.));
#5034=DIRECTION('center_axis',(0.,0.,1.));
#5035=DIRECTION('ref_axis',(1.,0.,0.));
#5036=DIRECTION('center_axis',(0.,0.,-1.));
#5037=DIRECTION('ref_axis',(1.,0.,0.));
#5038=DIRECTION('',(0.,0.,-1.));
#5039=DIRECTION('center_axis',(0.,0.,1.));
#5040=DIRECTION('ref_axis',(1.,0.,0.));
#5041=DIRECTION('center_axis',(0.,0.,-1.));
#5042=DIRECTION('ref_axis',(1.,0.,0.));
#5043=DIRECTION('',(0.,0.,-1.));
#5044=DIRECTION('center_axis',(0.,0.,1.));
#5045=DIRECTION('ref_axis',(1.,0.,0.));
#5046=DIRECTION('center_axis',(0.,0.,-1.));
#5047=DIRECTION('ref_axis',(1.,0.,0.));
#5048=DIRECTION('',(0.,0.,-1.));
#5049=DIRECTION('center_axis',(0.,0.,1.));
#5050=DIRECTION('ref_axis',(1.,0.,0.));
#5051=DIRECTION('center_axis',(0.,0.,-1.));
#5052=DIRECTION('ref_axis',(1.,0.,0.));
#5053=DIRECTION('',(0.,0.,-1.));
#5054=DIRECTION('center_axis',(0.,0.,1.));
#5055=DIRECTION('ref_axis',(1.,0.,0.));
#5056=DIRECTION('center_axis',(0.,0.,-1.));
#5057=DIRECTION('ref_axis',(1.,0.,0.));
#5058=DIRECTION('',(0.,0.,-1.));
#5059=DIRECTION('center_axis',(0.,1.,0.));
#5060=DIRECTION('ref_axis',(-1.,0.,0.));
#5061=DIRECTION('',(0.,0.,-1.));
#5062=DIRECTION('',(-1.,0.,0.));
#5063=DIRECTION('',(0.,0.,1.));
#5064=DIRECTION('center_axis',(0.,0.,1.));
#5065=DIRECTION('ref_axis',(1.48029736616687E-15,-1.,0.));
#5066=DIRECTION('center_axis',(0.,0.,-1.));
#5067=DIRECTION('ref_axis',(1.48029736616687E-15,-1.,0.));
#5068=DIRECTION('',(0.,0.,1.));
#5069=DIRECTION('center_axis',(-1.,0.,0.));
#5070=DIRECTION('ref_axis',(0.,-1.,0.));
#5071=DIRECTION('',(0.,-1.,0.));
#5072=DIRECTION('',(0.,0.,1.));
#5073=DIRECTION('center_axis',(0.,0.,1.));
#5074=DIRECTION('ref_axis',(0.,1.,0.));
#5075=DIRECTION('center_axis',(0.,0.,1.));
#5076=DIRECTION('ref_axis',(0.,1.,0.));
#5077=DIRECTION('',(0.,0.,1.));
#5078=DIRECTION('center_axis',(-9.06304509898087E-16,1.,0.));
#5079=DIRECTION('ref_axis',(-1.,-9.06304509898087E-16,0.));
#5080=DIRECTION('',(-1.,-9.06304509898087E-16,0.));
#5081=DIRECTION('',(0.,0.,1.));
#5082=DIRECTION('center_axis',(0.,0.,1.));
#5083=DIRECTION('ref_axis',(1.,0.,0.));
#5084=DIRECTION('center_axis',(0.,0.,1.));
#5085=DIRECTION('ref_axis',(1.,0.,0.));
#5086=DIRECTION('',(0.,0.,1.));
#5087=DIRECTION('center_axis',(1.,5.55111512312581E-15,0.));
#5088=DIRECTION('ref_axis',(-5.55111512312581E-15,1.,0.));
#5089=DIRECTION('',(-5.55111512312581E-15,1.,0.));
#5090=DIRECTION('',(0.,0.,1.));
#5091=DIRECTION('center_axis',(0.,0.,1.));
#5092=DIRECTION('ref_axis',(-1.,0.,0.));
#5093=DIRECTION('center_axis',(0.,0.,-1.));
#5094=DIRECTION('ref_axis',(-1.,0.,0.));
#5095=DIRECTION('',(0.,0.,1.));
#5096=DIRECTION('center_axis',(0.,1.,0.));
#5097=DIRECTION('ref_axis',(-1.,0.,0.));
#5098=DIRECTION('',(-1.,0.,0.));
#5099=DIRECTION('',(0.,0.,1.));
#5100=DIRECTION('center_axis',(0.,0.,1.));
#5101=DIRECTION('ref_axis',(1.,0.,0.));
#5102=DIRECTION('center_axis',(0.,0.,1.));
#5103=DIRECTION('ref_axis',(1.,0.,0.));
#5104=DIRECTION('',(0.,0.,1.));
#5105=DIRECTION('center_axis',(1.,-6.00120553851436E-16,0.));
#5106=DIRECTION('ref_axis',(6.00120553851436E-16,1.,0.));
#5107=DIRECTION('',(6.00120553851436E-16,1.,0.));
#5108=DIRECTION('',(0.,0.,1.));
#5109=DIRECTION('center_axis',(0.,0.,1.));
#5110=DIRECTION('ref_axis',(0.,-1.,0.));
#5111=DIRECTION('center_axis',(0.,0.,1.));
#5112=DIRECTION('ref_axis',(0.,-1.,0.));
#5113=DIRECTION('',(0.,0.,1.));
#5114=DIRECTION('center_axis',(0.,-1.,0.));
#5115=DIRECTION('ref_axis',(1.,0.,0.));
#5116=DIRECTION('',(1.,0.,0.));
#5117=DIRECTION('',(0.,0.,1.));
#5118=DIRECTION('center_axis',(0.,0.,1.));
#5119=DIRECTION('ref_axis',(-1.,0.,0.));
#5120=DIRECTION('center_axis',(0.,0.,1.));
#5121=DIRECTION('ref_axis',(-1.,0.,0.));
#5122=DIRECTION('',(0.,0.,1.));
#5123=DIRECTION('center_axis',(-1.,1.20024110770287E-15,0.));
#5124=DIRECTION('ref_axis',(-1.20024110770287E-15,-1.,0.));
#5125=DIRECTION('',(-1.20024110770287E-15,-1.,0.));
#5126=DIRECTION('',(0.,0.,1.));
#5127=DIRECTION('center_axis',(0.,0.,1.));
#5128=DIRECTION('ref_axis',(0.,1.,0.));
#5129=DIRECTION('center_axis',(0.,0.,1.));
#5130=DIRECTION('ref_axis',(0.,1.,0.));
#5131=DIRECTION('center_axis',(0.,0.,1.));
#5132=DIRECTION('ref_axis',(1.,0.,0.));
#5133=DIRECTION('center_axis',(-1.,0.,0.));
#5134=DIRECTION('ref_axis',(0.,-1.,0.));
#5135=DIRECTION('',(0.,1.,0.));
#5136=DIRECTION('',(0.,0.,1.));
#5137=DIRECTION('',(0.,-1.,0.));
#5138=DIRECTION('',(0.,0.,1.));
#5139=DIRECTION('center_axis',(0.,1.,0.));
#5140=DIRECTION('ref_axis',(-1.,0.,0.));
#5141=DIRECTION('',(1.,0.,0.));
#5142=DIRECTION('',(-1.,0.,0.));
#5143=DIRECTION('',(0.,0.,1.));
#5144=DIRECTION('center_axis',(1.,0.,0.));
#5145=DIRECTION('ref_axis',(0.,1.,0.));
#5146=DIRECTION('',(0.,-1.,0.));
#5147=DIRECTION('',(0.,1.,0.));
#5148=DIRECTION('',(0.,0.,1.));
#5149=DIRECTION('center_axis',(0.,-1.,0.));
#5150=DIRECTION('ref_axis',(1.,0.,0.));
#5151=DIRECTION('',(-1.,0.,0.));
#5152=DIRECTION('',(1.,0.,0.));
#5153=DIRECTION('center_axis',(0.,0.,1.));
#5154=DIRECTION('ref_axis',(1.,0.,0.));
#5155=DIRECTION('center_axis',(0.,0.,1.));
#5156=DIRECTION('ref_axis',(-1.,0.,0.));
#5157=DIRECTION('center_axis',(1.,0.,0.));
#5158=DIRECTION('ref_axis',(0.,1.,0.));
#5159=DIRECTION('',(0.,1.,0.));
#5160=DIRECTION('',(0.,0.,1.));
#5161=DIRECTION('',(0.,1.,0.));
#5162=DIRECTION('',(0.,0.,1.));
#5163=DIRECTION('center_axis',(0.,-1.,0.));
#5164=DIRECTION('ref_axis',(1.,0.,0.));
#5165=DIRECTION('',(1.,0.,0.));
#5166=DIRECTION('',(1.,0.,0.));
#5167=DIRECTION('',(0.,0.,1.));
#5168=DIRECTION('center_axis',(-1.,0.,0.));
#5169=DIRECTION('ref_axis',(0.,-1.,0.));
#5170=DIRECTION('',(0.,-1.,0.));
#5171=DIRECTION('',(0.,-1.,0.));
#5172=DIRECTION('',(0.,0.,1.));
#5173=DIRECTION('center_axis',(0.,1.,0.));
#5174=DIRECTION('ref_axis',(-1.,0.,0.));
#5175=DIRECTION('',(-1.,0.,0.));
#5176=DIRECTION('',(-1.,0.,0.));
#5177=DIRECTION('center_axis',(0.,0.,1.));
#5178=DIRECTION('ref_axis',(1.,0.,0.));
#5179=DIRECTION('center_axis',(0.,0.,1.));
#5180=DIRECTION('ref_axis',(-1.,0.,0.));
#5181=DIRECTION('center_axis',(0.,-1.,0.));
#5182=DIRECTION('ref_axis',(1.,0.,0.));
#5183=DIRECTION('',(-1.,0.,0.));
#5184=DIRECTION('',(0.,0.,1.));
#5185=DIRECTION('',(1.,0.,0.));
#5186=DIRECTION('',(0.,0.,1.));
#5187=DIRECTION('center_axis',(-1.,0.,0.));
#5188=DIRECTION('ref_axis',(0.,-1.,0.));
#5189=DIRECTION('',(0.,1.,0.));
#5190=DIRECTION('',(0.,-1.,0.));
#5191=DIRECTION('',(0.,0.,1.));
#5192=DIRECTION('center_axis',(0.,1.,0.));
#5193=DIRECTION('ref_axis',(-1.,0.,0.));
#5194=DIRECTION('',(1.,0.,0.));
#5195=DIRECTION('',(-1.,0.,0.));
#5196=DIRECTION('',(0.,0.,1.));
#5197=DIRECTION('center_axis',(1.,0.,0.));
#5198=DIRECTION('ref_axis',(0.,1.,0.));
#5199=DIRECTION('',(0.,-1.,0.));
#5200=DIRECTION('',(0.,1.,0.));
#5201=DIRECTION('center_axis',(0.,0.,1.));
#5202=DIRECTION('ref_axis',(1.,0.,0.));
#5203=DIRECTION('center_axis',(0.,0.,1.));
#5204=DIRECTION('ref_axis',(-1.,0.,0.));
#5205=DIRECTION('center_axis',(-1.,0.,0.));
#5206=DIRECTION('ref_axis',(0.,-1.,0.));
#5207=DIRECTION('',(0.,-1.,0.));
#5208=DIRECTION('',(0.,0.,1.));
#5209=DIRECTION('',(0.,-1.,0.));
#5210=DIRECTION('',(0.,0.,1.));
#5211=DIRECTION('center_axis',(0.,1.,0.));
#5212=DIRECTION('ref_axis',(-1.,0.,0.));
#5213=DIRECTION('',(-1.,0.,0.));
#5214=DIRECTION('',(-1.,0.,0.));
#5215=DIRECTION('',(0.,0.,1.));
#5216=DIRECTION('center_axis',(1.,0.,0.));
#5217=DIRECTION('ref_axis',(0.,1.,0.));
#5218=DIRECTION('',(0.,1.,0.));
#5219=DIRECTION('',(0.,1.,0.));
#5220=DIRECTION('',(0.,0.,1.));
#5221=DIRECTION('center_axis',(0.,-1.,0.));
#5222=DIRECTION('ref_axis',(1.,0.,0.));
#5223=DIRECTION('',(1.,0.,0.));
#5224=DIRECTION('',(1.,0.,0.));
#5225=DIRECTION('center_axis',(0.,0.,1.));
#5226=DIRECTION('ref_axis',(1.,0.,0.));
#5227=DIRECTION('center_axis',(0.,0.,1.));
#5228=DIRECTION('ref_axis',(-1.,0.,0.));
#5229=CARTESIAN_POINT('',(0.,0.,0.));
#5230=CARTESIAN_POINT('Origin',(3.15,17.5,-2.05));
#5231=CARTESIAN_POINT('',(3.15,10.3,-2.05));
#5232=CARTESIAN_POINT('',(-3.15,10.3,-2.05));
#5233=CARTESIAN_POINT('',(3.8,10.3,-2.05));
#5234=CARTESIAN_POINT('',(3.15,17.5,-2.05));
#5235=CARTESIAN_POINT('',(3.15,17.5,-2.05));
#5236=CARTESIAN_POINT('',(-3.15,17.5,-2.05));
#5237=CARTESIAN_POINT('',(3.15,17.5,-2.05));
#5238=CARTESIAN_POINT('',(-3.15,17.5,-2.05));
#5239=CARTESIAN_POINT('Origin',(3.15,17.5,-2.85));
#5240=CARTESIAN_POINT('',(3.15,10.3,-2.85));
#5241=CARTESIAN_POINT('',(3.15,10.3,-1.8));
#5242=CARTESIAN_POINT('',(3.15,17.5,-2.85));
#5243=CARTESIAN_POINT('',(3.15,17.5,-2.85));
#5244=CARTESIAN_POINT('',(3.15,17.5,-2.85));
#5245=CARTESIAN_POINT('Origin',(-3.15,17.5,-2.85));
#5246=CARTESIAN_POINT('',(-3.15,10.3,-2.85));
#5247=CARTESIAN_POINT('',(0.649999999999999,10.3,-2.85));
#5248=CARTESIAN_POINT('',(-3.15,17.5,-2.85));
#5249=CARTESIAN_POINT('',(-3.15,17.5,-2.85));
#5250=CARTESIAN_POINT('',(-3.15,17.5,-2.85));
#5251=CARTESIAN_POINT('Origin',(-3.15,17.5,-2.05));
#5252=CARTESIAN_POINT('',(-3.15,10.3,-1.4));
#5253=CARTESIAN_POINT('',(-3.15,17.5,-2.05));
#5254=CARTESIAN_POINT('Origin',(0.,17.5,-2.45));
#5255=CARTESIAN_POINT('Origin',(-3.1,-7.7,-0.75));
#5256=CARTESIAN_POINT('',(3.,-7.7,-0.65));
#5257=CARTESIAN_POINT('',(-3.,-7.7,-0.65));
#5258=CARTESIAN_POINT('',(-1.55,-7.7,-0.65));
#5259=CARTESIAN_POINT('',(-3.,-7.7,-2.35));
#5260=CARTESIAN_POINT('',(-3.,-7.7,-0.75));
#5261=CARTESIAN_POINT('',(3.,-7.7,-2.35));
#5262=CARTESIAN_POINT('',(-1.55,-7.7,-2.35));
#5263=CARTESIAN_POINT('',(3.,-7.7,-0.75));
#5264=CARTESIAN_POINT('Origin',(-3.,-10.3,-0.75));
#5265=CARTESIAN_POINT('',(-3.,-10.2,-0.65));
#5266=CARTESIAN_POINT('',(-3.,-3.775,-0.65));
#5267=CARTESIAN_POINT('',(-3.,-10.2,-2.35));
#5268=CARTESIAN_POINT('',(-3.,-10.2,-0.75));
#5269=CARTESIAN_POINT('',(-3.,-9.625,-2.35));
#5270=CARTESIAN_POINT('Origin',(3.1,-10.2,-0.75));
#5271=CARTESIAN_POINT('',(3.,-10.2,-0.65));
#5272=CARTESIAN_POINT('',(1.55,-10.2,-0.65));
#5273=CARTESIAN_POINT('',(3.,-10.2,-2.35));
#5274=CARTESIAN_POINT('',(3.,-10.2,-0.75));
#5275=CARTESIAN_POINT('',(1.55,-10.2,-2.35));
#5276=CARTESIAN_POINT('Origin',(3.,-7.6,-0.75));
#5277=CARTESIAN_POINT('',(3.,-2.425,-0.65));
#5278=CARTESIAN_POINT('',(3.,-8.275,-2.35));
#5279=CARTESIAN_POINT('Origin',(0.,-8.95,-2.35));
#5280=CARTESIAN_POINT('Origin',(-5.55027419548859,-0.682106781186539,-0.75));
#5281=CARTESIAN_POINT('',(-10.2878896294385,4.05550865276332,-0.65));
#5282=CARTESIAN_POINT('',(-5.62098487360724,-0.611396103067884,-0.65));
#5283=CARTESIAN_POINT('',(-5.02073234191307,-1.21164863476205,-0.65));
#5284=CARTESIAN_POINT('',(-5.62098487360724,-0.611396103067884,-1.55));
#5285=CARTESIAN_POINT('',(-5.62098487360724,-0.611396103067884,-0.75));
#5286=CARTESIAN_POINT('',(-10.2878896294385,4.05550865276332,-1.55));
#5287=CARTESIAN_POINT('',(-6.75235572350572,0.51997474683059,-1.55));
#5288=CARTESIAN_POINT('',(-10.2878896294385,4.05550865276332,-0.75));
#5289=CARTESIAN_POINT('Origin',(-0.88336943965737,4.12621933088199,-0.75));
#5290=CARTESIAN_POINT('',(-0.954080117776025,4.05550865276333,-0.65));
#5291=CARTESIAN_POINT('',(-1.00658191246353,4.00300685807583,-0.65));
#5292=CARTESIAN_POINT('',(-0.954080117776025,4.05550865276333,-1.55));
#5293=CARTESIAN_POINT('',(-0.954080117776024,4.05550865276333,-0.75));
#5294=CARTESIAN_POINT('',(-2.0854509676745,2.92413780286485,-1.55));
#5295=CARTESIAN_POINT('Origin',(-5.69169555172589,8.7931240867132,-0.75));
#5296=CARTESIAN_POINT('',(-5.62098487360724,8.72241340859454,-0.65));
#5297=CARTESIAN_POINT('',(-2.75799064211612,5.85941917710343,-0.65));
#5298=CARTESIAN_POINT('',(-5.62098487360724,8.72241340859454,-1.55));
#5299=CARTESIAN_POINT('',(-5.62098487360724,8.72241340859454,-0.75));
#5300=CARTESIAN_POINT('',(-4.48961402370876,7.59104255869607,-1.55));
#5301=CARTESIAN_POINT('Origin',(-10.3586003075571,3.98479797464467,-0.75));
#5302=CARTESIAN_POINT('',(-8.077649724329,6.26574855787278,-0.65));
#5303=CARTESIAN_POINT('',(-9.15651877953998,5.1868795026618,-1.55));
#5304=CARTESIAN_POINT('Origin',(-5.62098487360724,4.05550865276333,-1.55));
#5305=CARTESIAN_POINT('Origin',(4.35,17.5,-0.75));
#5306=CARTESIAN_POINT('',(4.35,10.3,-0.65));
#5307=CARTESIAN_POINT('',(4.35,10.3,-3.65));
#5308=CARTESIAN_POINT('',(4.35,10.3,-0.75));
#5309=CARTESIAN_POINT('',(4.35,16.4,-0.65));
#5310=CARTESIAN_POINT('',(4.35,10.125,-0.65));
#5311=CARTESIAN_POINT('',(4.35,16.4,-0.85));
#5312=CARTESIAN_POINT('',(4.35,16.4,-0.375));
#5313=CARTESIAN_POINT('',(4.35,17.5,-0.85));
#5314=CARTESIAN_POINT('',(4.35,15.675,-0.85));
#5315=CARTESIAN_POINT('',(4.35,17.5,-3.65));
#5316=CARTESIAN_POINT('',(4.35,17.5,-0.75));
#5317=CARTESIAN_POINT('',(4.35,15.675,-3.65));
#5318=CARTESIAN_POINT('Origin',(-4.35,10.2,-0.75));
#5319=CARTESIAN_POINT('',(-4.35,17.5,-0.85));
#5320=CARTESIAN_POINT('',(-4.35,17.5,-3.65));
#5321=CARTESIAN_POINT('',(-4.35,17.5,-0.75));
#5322=CARTESIAN_POINT('',(-4.35,16.4,-0.85));
#5323=CARTESIAN_POINT('',(-4.35,12.025,-0.85));
#5324=CARTESIAN_POINT('',(-4.35,16.4,-0.65));
#5325=CARTESIAN_POINT('',(-4.35,16.4,-0.375));
#5326=CARTESIAN_POINT('',(-4.35,10.3,-0.65));
#5327=CARTESIAN_POINT('',(-4.35,6.475,-0.65));
#5328=CARTESIAN_POINT('',(-4.35,10.3,-3.65));
#5329=CARTESIAN_POINT('',(-4.35,10.3,-0.75));
#5330=CARTESIAN_POINT('',(-4.35,12.025,-3.65));
#5331=CARTESIAN_POINT('Origin',(4.45,10.3,-0.75));
#5332=CARTESIAN_POINT('',(2.225,10.3,-0.65));
#5333=CARTESIAN_POINT('',(2.225,10.3,-3.65));
#5334=CARTESIAN_POINT('Origin',(-1.11022302462516E-15,13.85,-3.65));
#5335=CARTESIAN_POINT('',(-2.225,17.5,-3.65));
#5336=CARTESIAN_POINT('Origin',(-1.11022302462516E-15,13.85,-0.85));
#5337=CARTESIAN_POINT('',(-2.225,17.5,-0.85));
#5338=CARTESIAN_POINT('',(3.675,16.4,-0.85));
#5339=CARTESIAN_POINT('Origin',(18.1,0.399999999999999,0.75));
#5340=CARTESIAN_POINT('',(17.2,0.4,2.65));
#5341=CARTESIAN_POINT('',(19.,0.4,2.65));
#5342=CARTESIAN_POINT('Origin',(18.1,0.399999999999999,2.65));
#5343=CARTESIAN_POINT('',(19.,0.4,3.45));
#5344=CARTESIAN_POINT('',(19.,0.4,0.75));
#5345=CARTESIAN_POINT('',(17.2,0.4,3.45));
#5346=CARTESIAN_POINT('Origin',(18.1,0.399999999999999,3.45));
#5347=CARTESIAN_POINT('',(17.2,0.4,0.75));
#5348=CARTESIAN_POINT('Origin',(17.2,0.4,0.75));
#5349=CARTESIAN_POINT('',(17.2,-0.4,2.65));
#5350=CARTESIAN_POINT('',(17.2,0.2,2.65));
#5351=CARTESIAN_POINT('',(17.2,-0.4,3.45));
#5352=CARTESIAN_POINT('',(17.2,0.2,3.45));
#5353=CARTESIAN_POINT('',(17.2,-0.4,0.75));
#5354=CARTESIAN_POINT('Origin',(19.,-0.4,0.75));
#5355=CARTESIAN_POINT('',(19.,-0.4,2.65));
#5356=CARTESIAN_POINT('',(19.,-0.2,2.65));
#5357=CARTESIAN_POINT('',(19.,-0.4,3.45));
#5358=CARTESIAN_POINT('',(19.,-0.4,0.75));
#5359=CARTESIAN_POINT('',(19.,-0.2,3.45));
#5360=CARTESIAN_POINT('Origin',(18.1,-0.399999999999999,0.75));
#5361=CARTESIAN_POINT('Origin',(18.1,-0.399999999999999,2.65));
#5362=CARTESIAN_POINT('Origin',(18.1,-0.399999999999999,3.45));
#5363=CARTESIAN_POINT('Origin',(18.1,0.,3.45));
#5364=CARTESIAN_POINT('Origin',(16.6,2.05,0.75));
#5365=CARTESIAN_POINT('',(16.6,-1.95,0.65));
#5366=CARTESIAN_POINT('',(16.6,1.95,0.65));
#5367=CARTESIAN_POINT('',(16.6,2.4,0.65));
#5368=CARTESIAN_POINT('',(16.6,1.95,2.65));
#5369=CARTESIAN_POINT('',(16.6,1.95,0.75));
#5370=CARTESIAN_POINT('',(16.6,-1.95,2.65));
#5371=CARTESIAN_POINT('',(16.6,1.025,2.65));
#5372=CARTESIAN_POINT('',(16.6,-1.95,0.75));
#5373=CARTESIAN_POINT('Origin',(19.7,1.95,0.75));
#5374=CARTESIAN_POINT('',(19.6,1.95,0.65));
#5375=CARTESIAN_POINT('',(9.85,1.95,0.65));
#5376=CARTESIAN_POINT('',(19.6,1.95,2.65));
#5377=CARTESIAN_POINT('',(19.6,1.95,0.75));
#5378=CARTESIAN_POINT('',(18.9,1.95,2.65));
#5379=CARTESIAN_POINT('Origin',(19.6,-2.05,0.75));
#5380=CARTESIAN_POINT('',(19.6,-1.95,0.65));
#5381=CARTESIAN_POINT('',(19.6,0.350000000000001,0.65));
#5382=CARTESIAN_POINT('',(19.6,-1.95,2.65));
#5383=CARTESIAN_POINT('',(19.6,-1.95,0.75));
#5384=CARTESIAN_POINT('',(19.6,-1.025,2.65));
#5385=CARTESIAN_POINT('Origin',(16.5,-1.95,0.75));
#5386=CARTESIAN_POINT('',(8.25,-1.95,0.65));
#5387=CARTESIAN_POINT('',(17.3,-1.95,2.65));
#5388=CARTESIAN_POINT('Origin',(18.1,0.,2.65));
#5389=CARTESIAN_POINT('Origin',(-16.4,2.6,0.75));
#5390=CARTESIAN_POINT('',(-16.4,-2.5,0.65));
#5391=CARTESIAN_POINT('',(-16.4,2.5,0.65));
#5392=CARTESIAN_POINT('',(-16.4,2.675,0.65));
#5393=CARTESIAN_POINT('',(-16.4,2.5,3.15));
#5394=CARTESIAN_POINT('',(-16.4,2.5,0.75));
#5395=CARTESIAN_POINT('',(-16.4,-2.5,3.15));
#5396=CARTESIAN_POINT('',(-16.4,1.3,3.15));
#5397=CARTESIAN_POINT('',(-16.4,-2.5,0.75));
#5398=CARTESIAN_POINT('Origin',(-11.3,2.5,0.75));
#5399=CARTESIAN_POINT('',(-11.4,2.5,0.65));
#5400=CARTESIAN_POINT('',(-5.65,2.5,0.65));
#5401=CARTESIAN_POINT('',(-11.4,2.5,3.15));
#5402=CARTESIAN_POINT('',(-11.4,2.5,0.75));
#5403=CARTESIAN_POINT('',(-12.6,2.5,3.15));
#5404=CARTESIAN_POINT('Origin',(-11.4,-2.6,0.75));
#5405=CARTESIAN_POINT('',(-11.4,-2.5,0.65));
#5406=CARTESIAN_POINT('',(-11.4,0.0750000000000006,0.65));
#5407=CARTESIAN_POINT('',(-11.4,-2.5,3.15));
#5408=CARTESIAN_POINT('',(-11.4,-2.5,0.75));
#5409=CARTESIAN_POINT('',(-11.4,-1.3,3.15));
#5410=CARTESIAN_POINT('Origin',(-16.5,-2.5,0.75));
#5411=CARTESIAN_POINT('',(-8.25,-2.5,0.65));
#5412=CARTESIAN_POINT('',(-15.2,-2.5,3.15));
#5413=CARTESIAN_POINT('Origin',(-13.9,0.,3.15));
#5414=CARTESIAN_POINT('Origin',(-5.55,8.8,0.75));
#5415=CARTESIAN_POINT('',(-5.55,3.8,0.35));
#5416=CARTESIAN_POINT('',(-5.55,8.4,0.35));
#5417=CARTESIAN_POINT('',(-5.55,5.775,0.35));
#5418=CARTESIAN_POINT('',(-5.55,3.8,6.85));
#5419=CARTESIAN_POINT('',(-5.55,3.8,0.75));
#5420=CARTESIAN_POINT('',(-5.55,8.4,6.85));
#5421=CARTESIAN_POINT('',(-5.55,7.45,6.85));
#5422=CARTESIAN_POINT('',(-5.55,8.4,0.75));
#5423=CARTESIAN_POINT('Origin',(5.95,8.4,0.75));
#5424=CARTESIAN_POINT('',(5.55,8.4,0.35));
#5425=CARTESIAN_POINT('',(2.975,8.4,0.35));
#5426=CARTESIAN_POINT('',(5.55,8.4,6.85));
#5427=CARTESIAN_POINT('',(2.975,8.4,6.85));
#5428=CARTESIAN_POINT('',(5.55,8.4,0.75));
#5429=CARTESIAN_POINT('Origin',(5.55,3.4,0.75));
#5430=CARTESIAN_POINT('',(5.55,3.8,0.35));
#5431=CARTESIAN_POINT('',(5.55,3.075,0.35));
#5432=CARTESIAN_POINT('',(5.55,3.8,6.85));
#5433=CARTESIAN_POINT('',(5.55,4.75,6.85));
#5434=CARTESIAN_POINT('',(5.55,3.8,0.75));
#5435=CARTESIAN_POINT('Origin',(-5.95,3.8,0.75));
#5436=CARTESIAN_POINT('',(-2.975,3.8,0.35));
#5437=CARTESIAN_POINT('',(-2.975,3.8,6.85));
#5438=CARTESIAN_POINT('Origin',(-4.44089209850063E-15,2.75,-0.35));
#5439=CARTESIAN_POINT('',(-20.7,7.4,-0.35));
#5440=CARTESIAN_POINT('',(-17.5,10.6,-0.35));
#5441=CARTESIAN_POINT('Origin',(-17.5,7.4,-0.35));
#5442=CARTESIAN_POINT('',(-12.45,10.6,-0.35));
#5443=CARTESIAN_POINT('',(-6.225,10.6,-0.35));
#5444=CARTESIAN_POINT('',(-10.55,12.5,-0.35));
#5445=CARTESIAN_POINT('Origin',(-12.45,12.5,-0.35));
#5446=CARTESIAN_POINT('',(-10.55,12.9,-0.35));
#5447=CARTESIAN_POINT('',(-10.55,7.825,-0.35));
#5448=CARTESIAN_POINT('',(-7.35,16.1,-0.35));
#5449=CARTESIAN_POINT('Origin',(-7.35,12.9,-0.35));
#5450=CARTESIAN_POINT('',(7.35,16.1,-0.35));
#5451=CARTESIAN_POINT('',(3.67499999999999,16.1,-0.35));
#5452=CARTESIAN_POINT('',(10.55,12.9,-0.35));
#5453=CARTESIAN_POINT('Origin',(7.35,12.9,-0.35));
#5454=CARTESIAN_POINT('',(10.55,12.5,-0.35));
#5455=CARTESIAN_POINT('',(10.55,7.62500000000002,-0.35));
#5456=CARTESIAN_POINT('',(12.45,10.6,-0.35));
#5457=CARTESIAN_POINT('Origin',(12.45,12.5,-0.35));
#5458=CARTESIAN_POINT('',(17.5,10.6,-0.35));
#5459=CARTESIAN_POINT('',(8.75,10.6,-0.35));
#5460=CARTESIAN_POINT('',(20.7,7.4,-0.35));
#5461=CARTESIAN_POINT('Origin',(17.5,7.4,-0.35));
#5462=CARTESIAN_POINT('',(20.7,-7.4,-0.35));
#5463=CARTESIAN_POINT('',(20.7,-2.32500000000001,-0.35));
#5464=CARTESIAN_POINT('',(17.5,-10.6,-0.35));
#5465=CARTESIAN_POINT('Origin',(17.5,-7.4,-0.35));
#5466=CARTESIAN_POINT('',(-17.5,-10.6,-0.35));
#5467=CARTESIAN_POINT('',(-8.75,-10.6,-0.35));
#5468=CARTESIAN_POINT('',(-20.7,-7.4,-0.35));
#5469=CARTESIAN_POINT('Origin',(-17.5,-7.4,-0.35));
#5470=CARTESIAN_POINT('',(-20.7,5.07500000000001,-0.35));
#5471=CARTESIAN_POINT('',(15.5,7.4,-0.35));
#5472=CARTESIAN_POINT('Origin',(17.5,7.4,-0.35));
#5473=CARTESIAN_POINT('',(5.35,12.9,-0.35));
#5474=CARTESIAN_POINT('Origin',(7.35,12.9,-0.35));
#5475=CARTESIAN_POINT('',(15.5,-7.4,-0.35));
#5476=CARTESIAN_POINT('Origin',(17.5,-7.4,-0.35));
#5477=CARTESIAN_POINT('',(-19.5,-7.4,-0.35));
#5478=CARTESIAN_POINT('Origin',(-17.5,-7.4,-0.35));
#5479=CARTESIAN_POINT('',(-9.35,12.9,-0.35));
#5480=CARTESIAN_POINT('Origin',(-7.35,12.9,-0.35));
#5481=CARTESIAN_POINT('',(-19.5,7.4,-0.35));
#5482=CARTESIAN_POINT('Origin',(-17.5,7.4,-0.35));
#5483=CARTESIAN_POINT('Origin',(-17.5,7.4,0.));
#5484=CARTESIAN_POINT('',(-19.5,7.4,0.35));
#5485=CARTESIAN_POINT('Origin',(-17.5,7.4,0.35));
#5486=CARTESIAN_POINT('',(-19.5,7.4,0.));
#5487=CARTESIAN_POINT('Origin',(-7.35,12.9,0.));
#5488=CARTESIAN_POINT('',(-9.35,12.9,0.35));
#5489=CARTESIAN_POINT('Origin',(-7.35,12.9,0.35));
#5490=CARTESIAN_POINT('',(-9.35,12.9,0.));
#5491=CARTESIAN_POINT('Origin',(-17.5,-7.4,0.));
#5492=CARTESIAN_POINT('',(-19.5,-7.4,0.35));
#5493=CARTESIAN_POINT('Origin',(-17.5,-7.4,0.35));
#5494=CARTESIAN_POINT('',(-19.5,-7.4,0.));
#5495=CARTESIAN_POINT('Origin',(17.5,-7.4,0.));
#5496=CARTESIAN_POINT('',(15.5,-7.4,0.35));
#5497=CARTESIAN_POINT('Origin',(17.5,-7.4,0.35));
#5498=CARTESIAN_POINT('',(15.5,-7.4,0.));
#5499=CARTESIAN_POINT('Origin',(7.35,12.9,0.));
#5500=CARTESIAN_POINT('',(5.35,12.9,0.35));
#5501=CARTESIAN_POINT('Origin',(7.35,12.9,0.35));
#5502=CARTESIAN_POINT('',(5.35,12.9,0.));
#5503=CARTESIAN_POINT('Origin',(17.5,7.4,0.));
#5504=CARTESIAN_POINT('',(15.5,7.4,0.35));
#5505=CARTESIAN_POINT('Origin',(17.5,7.4,0.35));
#5506=CARTESIAN_POINT('',(15.5,7.4,0.));
#5507=CARTESIAN_POINT('Origin',(-12.45,10.6,0.));
#5508=CARTESIAN_POINT('',(-17.5,10.6,0.35));
#5509=CARTESIAN_POINT('',(-17.5,10.6,0.));
#5510=CARTESIAN_POINT('',(-12.45,10.6,0.35));
#5511=CARTESIAN_POINT('',(-6.225,10.6,0.35));
#5512=CARTESIAN_POINT('',(-12.45,10.6,0.));
#5513=CARTESIAN_POINT('Origin',(-12.45,12.5,0.));
#5514=CARTESIAN_POINT('',(-10.55,12.5,0.35));
#5515=CARTESIAN_POINT('Origin',(-12.45,12.5,0.35));
#5516=CARTESIAN_POINT('',(-10.55,12.5,0.));
#5517=CARTESIAN_POINT('Origin',(-10.55,12.9,0.));
#5518=CARTESIAN_POINT('',(-10.55,12.9,0.35));
#5519=CARTESIAN_POINT('',(-10.55,7.825,0.35));
#5520=CARTESIAN_POINT('',(-10.55,12.9,0.));
#5521=CARTESIAN_POINT('Origin',(-7.35,12.9,0.));
#5522=CARTESIAN_POINT('',(-7.35,16.1,0.35));
#5523=CARTESIAN_POINT('Origin',(-7.35,12.9,0.35));
#5524=CARTESIAN_POINT('',(-7.35,16.1,0.));
#5525=CARTESIAN_POINT('Origin',(7.35,16.1,0.));
#5526=CARTESIAN_POINT('',(7.35,16.1,0.35));
#5527=CARTESIAN_POINT('',(3.67499999999999,16.1,0.35));
#5528=CARTESIAN_POINT('',(7.35,16.1,0.));
#5529=CARTESIAN_POINT('Origin',(7.35,12.9,0.));
#5530=CARTESIAN_POINT('',(10.55,12.9,0.35));
#5531=CARTESIAN_POINT('Origin',(7.35,12.9,0.35));
#5532=CARTESIAN_POINT('',(10.55,12.9,0.));
#5533=CARTESIAN_POINT('Origin',(10.55,12.5,0.));
#5534=CARTESIAN_POINT('',(10.55,12.5,0.35));
#5535=CARTESIAN_POINT('',(10.55,7.62500000000002,0.35));
#5536=CARTESIAN_POINT('',(10.55,12.5,0.));
#5537=CARTESIAN_POINT('Origin',(12.45,12.5,0.));
#5538=CARTESIAN_POINT('',(12.45,10.6,0.35));
#5539=CARTESIAN_POINT('Origin',(12.45,12.5,0.35));
#5540=CARTESIAN_POINT('',(12.45,10.6,0.));
#5541=CARTESIAN_POINT('Origin',(17.5,10.6,0.));
#5542=CARTESIAN_POINT('',(17.5,10.6,0.35));
#5543=CARTESIAN_POINT('',(8.75,10.6,0.35));
#5544=CARTESIAN_POINT('',(17.5,10.6,0.));
#5545=CARTESIAN_POINT('Origin',(17.5,7.4,0.));
#5546=CARTESIAN_POINT('',(20.7,7.4,0.35));
#5547=CARTESIAN_POINT('Origin',(17.5,7.4,0.35));
#5548=CARTESIAN_POINT('',(20.7,7.4,0.));
#5549=CARTESIAN_POINT('Origin',(20.7,-7.4,0.));
#5550=CARTESIAN_POINT('',(20.7,-7.4,0.35));
#5551=CARTESIAN_POINT('',(20.7,-2.32500000000001,0.35));
#5552=CARTESIAN_POINT('',(20.7,-7.4,0.));
#5553=CARTESIAN_POINT('Origin',(17.5,-7.4,0.));
#5554=CARTESIAN_POINT('',(17.5,-10.6,0.35));
#5555=CARTESIAN_POINT('Origin',(17.5,-7.4,0.35));
#5556=CARTESIAN_POINT('',(17.5,-10.6,0.));
#5557=CARTESIAN_POINT('Origin',(-17.5,-10.6,0.));
#5558=CARTESIAN_POINT('',(-17.5,-10.6,0.35));
#5559=CARTESIAN_POINT('',(-8.75,-10.6,0.35));
#5560=CARTESIAN_POINT('',(-17.5,-10.6,0.));
#5561=CARTESIAN_POINT('Origin',(-17.5,-7.4,0.));
#5562=CARTESIAN_POINT('',(-20.7,-7.4,0.35));
#5563=CARTESIAN_POINT('Origin',(-17.5,-7.4,0.35));
#5564=CARTESIAN_POINT('',(-20.7,-7.4,0.));
#5565=CARTESIAN_POINT('Origin',(-20.7,7.4,0.));
#5566=CARTESIAN_POINT('',(-20.7,7.4,0.35));
#5567=CARTESIAN_POINT('',(-20.7,5.07500000000001,0.35));
#5568=CARTESIAN_POINT('',(-20.7,7.4,0.));
#5569=CARTESIAN_POINT('Origin',(-17.5,7.4,0.));
#5570=CARTESIAN_POINT('Origin',(-17.5,7.4,0.35));
#5571=CARTESIAN_POINT('Origin',(-4.44089209850063E-15,2.75,0.35));
#5572=CARTESIAN_POINT('Origin',(-5.85,8.8,0.75));
#5573=CARTESIAN_POINT('',(-5.85,3.5,0.65));
#5574=CARTESIAN_POINT('',(-5.85,8.7,0.65));
#5575=CARTESIAN_POINT('',(-5.85,5.775,0.65));
#5576=CARTESIAN_POINT('',(-5.85,8.7,6.85));
#5577=CARTESIAN_POINT('',(-5.85,8.7,0.75));
#5578=CARTESIAN_POINT('',(-5.85,3.5,6.85));
#5579=CARTESIAN_POINT('',(-5.85,7.45,6.85));
#5580=CARTESIAN_POINT('',(-5.85,3.5,0.75));
#5581=CARTESIAN_POINT('Origin',(5.95,8.7,0.75));
#5582=CARTESIAN_POINT('',(5.85,8.7,0.65));
#5583=CARTESIAN_POINT('',(2.975,8.7,0.65));
#5584=CARTESIAN_POINT('',(5.85,8.7,6.85));
#5585=CARTESIAN_POINT('',(5.85,8.7,0.75));
#5586=CARTESIAN_POINT('',(2.975,8.7,6.85));
#5587=CARTESIAN_POINT('Origin',(5.85,3.4,0.75));
#5588=CARTESIAN_POINT('',(5.85,3.5,0.65));
#5589=CARTESIAN_POINT('',(5.85,3.075,0.65));
#5590=CARTESIAN_POINT('',(5.85,3.5,6.85));
#5591=CARTESIAN_POINT('',(5.85,3.5,0.75));
#5592=CARTESIAN_POINT('',(5.85,4.75,6.85));
#5593=CARTESIAN_POINT('Origin',(-5.95,3.5,0.75));
#5594=CARTESIAN_POINT('',(-2.975,3.5,0.65));
#5595=CARTESIAN_POINT('',(-2.975,3.5,6.85));
#5596=CARTESIAN_POINT('Origin',(0.,6.1,6.85));
#5597=CARTESIAN_POINT('Origin',(-4.44089209850063E-15,2.75,-0.65));
#5598=CARTESIAN_POINT('',(-7.35,16.4,-0.65));
#5599=CARTESIAN_POINT('',(3.67499999999999,16.4,-0.65));
#5600=CARTESIAN_POINT('',(-10.85,12.9,-0.65));
#5601=CARTESIAN_POINT('Origin',(-7.35,12.9,-0.65));
#5602=CARTESIAN_POINT('',(-10.85,12.5,-0.65));
#5603=CARTESIAN_POINT('',(-10.85,7.825,-0.65));
#5604=CARTESIAN_POINT('',(-12.45,10.9,-0.65));
#5605=CARTESIAN_POINT('Origin',(-12.45,12.5,-0.65));
#5606=CARTESIAN_POINT('',(-17.5,10.9,-0.65));
#5607=CARTESIAN_POINT('',(-6.225,10.9,-0.65));
#5608=CARTESIAN_POINT('',(-21.,7.4,-0.65));
#5609=CARTESIAN_POINT('Origin',(-17.5,7.4,-0.65));
#5610=CARTESIAN_POINT('',(-21.,-7.4,-0.65));
#5611=CARTESIAN_POINT('',(-21.,5.07500000000001,-0.65));
#5612=CARTESIAN_POINT('',(-17.5,-10.9,-0.65));
#5613=CARTESIAN_POINT('Origin',(-17.5,-7.4,-0.65));
#5614=CARTESIAN_POINT('',(17.5,-10.9,-0.65));
#5615=CARTESIAN_POINT('',(-8.75,-10.9,-0.65));
#5616=CARTESIAN_POINT('',(21.,-7.4,-0.65));
#5617=CARTESIAN_POINT('Origin',(17.5,-7.4,-0.65));
#5618=CARTESIAN_POINT('',(21.,7.4,-0.65));
#5619=CARTESIAN_POINT('',(21.,-2.32500000000001,-0.65));
#5620=CARTESIAN_POINT('',(17.5,10.9,-0.65));
#5621=CARTESIAN_POINT('Origin',(17.5,7.4,-0.65));
#5622=CARTESIAN_POINT('',(12.45,10.9,-0.65));
#5623=CARTESIAN_POINT('',(8.75,10.9,-0.65));
#5624=CARTESIAN_POINT('',(10.85,12.5,-0.65));
#5625=CARTESIAN_POINT('Origin',(12.45,12.5,-0.65));
#5626=CARTESIAN_POINT('',(10.85,12.9,-0.65));
#5627=CARTESIAN_POINT('',(10.85,7.62500000000003,-0.65));
#5628=CARTESIAN_POINT('',(7.35,16.4,-0.65));
#5629=CARTESIAN_POINT('Origin',(7.35,12.9,-0.65));
#5630=CARTESIAN_POINT('',(3.67499999999999,16.4,-0.65));
#5631=CARTESIAN_POINT('',(-19.2,7.4,-0.65));
#5632=CARTESIAN_POINT('Origin',(-17.5,7.4,-0.65));
#5633=CARTESIAN_POINT('',(-9.05,12.9,-0.65));
#5634=CARTESIAN_POINT('Origin',(-7.35,12.9,-0.65));
#5635=CARTESIAN_POINT('',(-19.2,-7.4,-0.65));
#5636=CARTESIAN_POINT('Origin',(-17.5,-7.4,-0.65));
#5637=CARTESIAN_POINT('',(15.8,-7.4,-0.65));
#5638=CARTESIAN_POINT('Origin',(17.5,-7.4,-0.65));
#5639=CARTESIAN_POINT('',(5.65,12.9,-0.65));
#5640=CARTESIAN_POINT('Origin',(7.35,12.9,-0.65));
#5641=CARTESIAN_POINT('',(15.8,7.4,-0.65));
#5642=CARTESIAN_POINT('Origin',(17.5,7.4,-0.65));
#5643=CARTESIAN_POINT('Origin',(-17.5,7.4,0.));
#5644=CARTESIAN_POINT('',(-19.2,7.4,0.65));
#5645=CARTESIAN_POINT('',(-19.2,7.4,0.));
#5646=CARTESIAN_POINT('Origin',(-17.5,7.4,0.65));
#5647=CARTESIAN_POINT('Origin',(-7.35,12.9,0.));
#5648=CARTESIAN_POINT('',(-9.05,12.9,0.65));
#5649=CARTESIAN_POINT('',(-9.05,12.9,0.));
#5650=CARTESIAN_POINT('Origin',(-7.35,12.9,0.65));
#5651=CARTESIAN_POINT('Origin',(-17.5,-7.4,0.));
#5652=CARTESIAN_POINT('',(-19.2,-7.4,0.65));
#5653=CARTESIAN_POINT('',(-19.2,-7.4,0.));
#5654=CARTESIAN_POINT('Origin',(-17.5,-7.4,0.65));
#5655=CARTESIAN_POINT('Origin',(17.5,-7.4,0.));
#5656=CARTESIAN_POINT('',(15.8,-7.4,0.65));
#5657=CARTESIAN_POINT('',(15.8,-7.4,0.));
#5658=CARTESIAN_POINT('Origin',(17.5,-7.4,0.65));
#5659=CARTESIAN_POINT('Origin',(7.35,12.9,0.));
#5660=CARTESIAN_POINT('',(5.65,12.9,0.65));
#5661=CARTESIAN_POINT('',(5.65,12.9,0.));
#5662=CARTESIAN_POINT('Origin',(7.35,12.9,0.65));
#5663=CARTESIAN_POINT('Origin',(17.5,7.4,0.));
#5664=CARTESIAN_POINT('',(15.8,7.4,0.65));
#5665=CARTESIAN_POINT('',(15.8,7.4,0.));
#5666=CARTESIAN_POINT('Origin',(17.5,7.4,0.65));
#5667=CARTESIAN_POINT('Origin',(-12.45,10.9,0.));
#5668=CARTESIAN_POINT('',(-17.5,10.9,0.65));
#5669=CARTESIAN_POINT('',(-17.5,10.9,0.));
#5670=CARTESIAN_POINT('',(-12.45,10.9,0.65));
#5671=CARTESIAN_POINT('',(-12.45,10.9,0.));
#5672=CARTESIAN_POINT('',(-6.225,10.9,0.65));
#5673=CARTESIAN_POINT('Origin',(-12.45,12.5,0.));
#5674=CARTESIAN_POINT('',(-10.85,12.5,0.65));
#5675=CARTESIAN_POINT('',(-10.85,12.5,0.));
#5676=CARTESIAN_POINT('Origin',(-12.45,12.5,0.65));
#5677=CARTESIAN_POINT('Origin',(-10.85,12.9,0.));
#5678=CARTESIAN_POINT('',(-10.85,12.9,0.65));
#5679=CARTESIAN_POINT('',(-10.85,12.9,0.));
#5680=CARTESIAN_POINT('',(-10.85,7.825,0.65));
#5681=CARTESIAN_POINT('Origin',(-7.35,12.9,0.));
#5682=CARTESIAN_POINT('',(-7.35,16.4,0.65));
#5683=CARTESIAN_POINT('',(-7.35,16.4,0.));
#5684=CARTESIAN_POINT('Origin',(-7.35,12.9,0.65));
#5685=CARTESIAN_POINT('Origin',(7.35,16.4,0.));
#5686=CARTESIAN_POINT('',(7.35,16.4,0.65));
#5687=CARTESIAN_POINT('',(7.35,16.4,0.));
#5688=CARTESIAN_POINT('',(3.67499999999999,16.4,0.65));
#5689=CARTESIAN_POINT('Origin',(7.35,12.9,0.));
#5690=CARTESIAN_POINT('',(10.85,12.9,0.65));
#5691=CARTESIAN_POINT('',(10.85,12.9,0.));
#5692=CARTESIAN_POINT('Origin',(7.35,12.9,0.65));
#5693=CARTESIAN_POINT('Origin',(10.85,12.5,0.));
#5694=CARTESIAN_POINT('',(10.85,12.5,0.65));
#5695=CARTESIAN_POINT('',(10.85,12.5,0.));
#5696=CARTESIAN_POINT('',(10.85,7.62500000000003,0.65));
#5697=CARTESIAN_POINT('Origin',(12.45,12.5,0.));
#5698=CARTESIAN_POINT('',(12.45,10.9,0.65));
#5699=CARTESIAN_POINT('',(12.45,10.9,0.));
#5700=CARTESIAN_POINT('Origin',(12.45,12.5,0.65));
#5701=CARTESIAN_POINT('Origin',(17.5,10.9,0.));
#5702=CARTESIAN_POINT('',(17.5,10.9,0.65));
#5703=CARTESIAN_POINT('',(17.5,10.9,0.));
#5704=CARTESIAN_POINT('',(8.75,10.9,0.65));
#5705=CARTESIAN_POINT('Origin',(17.5,7.4,0.));
#5706=CARTESIAN_POINT('',(21.,7.4,0.65));
#5707=CARTESIAN_POINT('',(21.,7.4,0.));
#5708=CARTESIAN_POINT('Origin',(17.5,7.4,0.65));
#5709=CARTESIAN_POINT('Origin',(21.,-7.4,0.));
#5710=CARTESIAN_POINT('',(21.,-7.4,0.65));
#5711=CARTESIAN_POINT('',(21.,-7.4,0.));
#5712=CARTESIAN_POINT('',(21.,-2.32500000000001,0.65));
#5713=CARTESIAN_POINT('Origin',(17.5,-7.4,0.));
#5714=CARTESIAN_POINT('',(17.5,-10.9,0.65));
#5715=CARTESIAN_POINT('',(17.5,-10.9,0.));
#5716=CARTESIAN_POINT('Origin',(17.5,-7.4,0.65));
#5717=CARTESIAN_POINT('Origin',(-17.5,-10.9,0.));
#5718=CARTESIAN_POINT('',(-17.5,-10.9,0.65));
#5719=CARTESIAN_POINT('',(-17.5,-10.9,0.));
#5720=CARTESIAN_POINT('',(-8.75,-10.9,0.65));
#5721=CARTESIAN_POINT('Origin',(-17.5,-7.4,0.));
#5722=CARTESIAN_POINT('',(-21.,-7.4,0.65));
#5723=CARTESIAN_POINT('',(-21.,-7.4,0.));
#5724=CARTESIAN_POINT('Origin',(-17.5,-7.4,0.65));
#5725=CARTESIAN_POINT('Origin',(-21.,7.4,0.));
#5726=CARTESIAN_POINT('',(-21.,7.4,0.65));
#5727=CARTESIAN_POINT('',(-21.,7.4,0.));
#5728=CARTESIAN_POINT('',(-21.,5.07500000000001,0.65));
#5729=CARTESIAN_POINT('Origin',(-17.5,7.4,0.));
#5730=CARTESIAN_POINT('Origin',(-17.5,7.4,0.65));
#5731=CARTESIAN_POINT('Origin',(-4.44089209850063E-15,2.75,0.65));
#5732=CARTESIAN_POINT('Origin',(-3.1,-7.6,-0.75));
#5733=CARTESIAN_POINT('',(3.1,-7.6,-0.75));
#5734=CARTESIAN_POINT('',(-3.1,-7.6,-0.75));
#5735=CARTESIAN_POINT('',(-1.55,-7.6,-0.75));
#5736=CARTESIAN_POINT('',(3.1,-7.6,-2.45));
#5737=CARTESIAN_POINT('',(3.1,-7.6,-0.75));
#5738=CARTESIAN_POINT('',(-3.1,-7.6,-2.45));
#5739=CARTESIAN_POINT('',(-3.1,-7.6,-2.45));
#5740=CARTESIAN_POINT('',(-3.1,-7.6,-0.75));
#5741=CARTESIAN_POINT('Origin',(-3.1,-10.3,-0.75));
#5742=CARTESIAN_POINT('',(-3.1,-10.3,-0.75));
#5743=CARTESIAN_POINT('',(-3.1,-3.775,-0.75));
#5744=CARTESIAN_POINT('',(-3.1,-10.3,-2.45));
#5745=CARTESIAN_POINT('',(-3.1,-10.3,-2.45));
#5746=CARTESIAN_POINT('',(-3.1,-10.3,-0.75));
#5747=CARTESIAN_POINT('Origin',(3.1,-10.3,-0.75));
#5748=CARTESIAN_POINT('',(3.1,-10.3,-0.75));
#5749=CARTESIAN_POINT('',(1.55,-10.3,-0.75));
#5750=CARTESIAN_POINT('',(3.1,-10.3,-2.45));
#5751=CARTESIAN_POINT('',(3.1,-10.3,-2.45));
#5752=CARTESIAN_POINT('',(3.1,-10.3,-0.75));
#5753=CARTESIAN_POINT('Origin',(3.1,-7.6,-0.75));
#5754=CARTESIAN_POINT('',(3.1,-2.425,-0.75));
#5755=CARTESIAN_POINT('',(3.1,-7.6,-2.45));
#5756=CARTESIAN_POINT('Origin',(0.,-8.95,-2.45));
#5757=CARTESIAN_POINT('Origin',(-5.62098487360724,-0.752817459305193,-0.75));
#5758=CARTESIAN_POINT('',(-10.4293109856758,4.05550865276332,-0.75));
#5759=CARTESIAN_POINT('',(-5.62098487360724,-0.752817459305193,-0.75));
#5760=CARTESIAN_POINT('',(-5.09144302003173,-1.28235931288071,-0.75));
#5761=CARTESIAN_POINT('',(-10.4293109856758,4.05550865276332,-1.65));
#5762=CARTESIAN_POINT('',(-10.4293109856758,4.05550865276332,-0.75));
#5763=CARTESIAN_POINT('',(-5.62098487360724,-0.752817459305193,-1.65));
#5764=CARTESIAN_POINT('',(-5.62098487360724,-0.752817459305193,-1.65));
#5765=CARTESIAN_POINT('',(-5.62098487360724,-0.752817459305193,-0.75));
#5766=CARTESIAN_POINT('Origin',(-0.812658761538715,4.05550865276333,-0.75));
#5767=CARTESIAN_POINT('',(-0.812658761538715,4.05550865276333,-0.75));
#5768=CARTESIAN_POINT('',(-0.935871234344871,3.93229617995718,-0.75));
#5769=CARTESIAN_POINT('',(-0.812658761538715,4.05550865276333,-1.65));
#5770=CARTESIAN_POINT('',(-0.812658761538715,4.05550865276333,-1.65));
#5771=CARTESIAN_POINT('',(-0.812658761538715,4.05550865276333,-0.75));
#5772=CARTESIAN_POINT('Origin',(-5.62098487360724,8.86383476483185,-0.75));
#5773=CARTESIAN_POINT('',(-5.62098487360724,8.86383476483185,-0.75));
#5774=CARTESIAN_POINT('',(-2.68727996399747,5.93012985522208,-0.75));
#5775=CARTESIAN_POINT('',(-5.62098487360724,8.86383476483185,-1.65));
#5776=CARTESIAN_POINT('',(-5.62098487360724,8.86383476483185,-1.65));
#5777=CARTESIAN_POINT('',(-5.62098487360724,8.86383476483185,-0.75));
#5778=CARTESIAN_POINT('Origin',(-10.4293109856758,4.05550865276332,-0.75));
#5779=CARTESIAN_POINT('',(-8.14836040244766,6.33645923599144,-0.75));
#5780=CARTESIAN_POINT('',(-10.4293109856758,4.05550865276332,-1.65));
#5781=CARTESIAN_POINT('Origin',(-5.62098487360724,4.05550865276333,-1.65));
#5782=CARTESIAN_POINT('Origin',(4.45,17.5,-0.75));
#5783=CARTESIAN_POINT('',(4.45,10.2,-0.75));
#5784=CARTESIAN_POINT('',(4.45,16.5,-0.75));
#5785=CARTESIAN_POINT('',(4.45,10.125,-0.75));
#5786=CARTESIAN_POINT('',(4.45,10.2,-3.75));
#5787=CARTESIAN_POINT('',(4.45,10.2,-0.75));
#5788=CARTESIAN_POINT('',(4.45,17.5,-3.75));
#5789=CARTESIAN_POINT('',(4.45,10.2,-3.75));
#5790=CARTESIAN_POINT('',(4.45,17.5,-0.75));
#5791=CARTESIAN_POINT('',(4.45,17.5,-0.75));
#5792=CARTESIAN_POINT('',(4.45,10.2,-0.75));
#5793=CARTESIAN_POINT('Origin',(-4.45,17.5,-0.75));
#5794=CARTESIAN_POINT('',(-4.45,17.5,-0.75));
#5795=CARTESIAN_POINT('',(4.45,17.5,-0.75));
#5796=CARTESIAN_POINT('',(-4.45,17.5,-3.75));
#5797=CARTESIAN_POINT('',(4.45,17.5,-3.75));
#5798=CARTESIAN_POINT('',(-4.45,17.5,-0.75));
#5799=CARTESIAN_POINT('Origin',(-4.45,10.2,-0.75));
#5800=CARTESIAN_POINT('',(-4.45,16.5,-0.75));
#5801=CARTESIAN_POINT('',(-4.45,17.5,-0.75));
#5802=CARTESIAN_POINT('',(-4.45,10.2,-3.75));
#5803=CARTESIAN_POINT('',(-4.45,17.5,-3.75));
#5804=CARTESIAN_POINT('',(-4.45,10.2,-0.75));
#5805=CARTESIAN_POINT('',(-4.45,10.2,-0.75));
#5806=CARTESIAN_POINT('',(-4.45,6.475,-0.75));
#5807=CARTESIAN_POINT('Origin',(4.45,10.2,-0.75));
#5808=CARTESIAN_POINT('',(2.225,10.2,-0.75));
#5809=CARTESIAN_POINT('',(-4.45,10.2,-3.75));
#5810=CARTESIAN_POINT('Origin',(-1.11022302462516E-15,13.85,-3.75));
#5811=CARTESIAN_POINT('Origin',(-1.11022302462516E-15,13.85,-0.75));
#5812=CARTESIAN_POINT('',(-1.01033360929657E-15,16.5,-0.75));
#5813=CARTESIAN_POINT('Origin',(18.1,0.399999999999999,0.75));
#5814=CARTESIAN_POINT('',(17.1,0.4,2.75));
#5815=CARTESIAN_POINT('',(19.1,0.4,2.75));
#5816=CARTESIAN_POINT('Origin',(18.1,0.399999999999999,2.75));
#5817=CARTESIAN_POINT('',(17.1,0.4,3.55));
#5818=CARTESIAN_POINT('',(17.1,0.4,0.75));
#5819=CARTESIAN_POINT('',(19.1,0.4,3.55));
#5820=CARTESIAN_POINT('Origin',(18.1,0.399999999999999,3.55));
#5821=CARTESIAN_POINT('',(19.1,0.4,0.75));
#5822=CARTESIAN_POINT('Origin',(17.1,0.4,0.75));
#5823=CARTESIAN_POINT('',(17.1,-0.4,2.75));
#5824=CARTESIAN_POINT('',(17.1,0.2,2.75));
#5825=CARTESIAN_POINT('',(17.1,-0.4,3.55));
#5826=CARTESIAN_POINT('',(17.1,-0.4,0.75));
#5827=CARTESIAN_POINT('',(17.1,-1.4,3.55));
#5828=CARTESIAN_POINT('Origin',(19.1,-0.4,0.75));
#5829=CARTESIAN_POINT('',(19.1,-0.4,2.75));
#5830=CARTESIAN_POINT('',(19.1,-0.2,2.75));
#5831=CARTESIAN_POINT('',(19.1,-0.4,3.55));
#5832=CARTESIAN_POINT('',(19.1,1.4,3.55));
#5833=CARTESIAN_POINT('',(19.1,-0.4,0.75));
#5834=CARTESIAN_POINT('Origin',(18.1,-0.399999999999999,0.75));
#5835=CARTESIAN_POINT('Origin',(18.1,-0.399999999999999,2.75));
#5836=CARTESIAN_POINT('Origin',(18.1,-0.399999999999999,3.55));
#5837=CARTESIAN_POINT('Origin',(18.1,0.,3.55));
#5838=CARTESIAN_POINT('Origin',(16.5,2.05,0.75));
#5839=CARTESIAN_POINT('',(16.5,-2.05,0.75));
#5840=CARTESIAN_POINT('',(16.5,2.05,0.75));
#5841=CARTESIAN_POINT('',(16.5,2.4,0.75));
#5842=CARTESIAN_POINT('',(16.5,-2.05,2.75));
#5843=CARTESIAN_POINT('',(16.5,-2.05,0.75));
#5844=CARTESIAN_POINT('',(16.5,2.05,2.75));
#5845=CARTESIAN_POINT('',(16.5,-2.05,2.75));
#5846=CARTESIAN_POINT('',(16.5,2.05,0.75));
#5847=CARTESIAN_POINT('Origin',(19.7,2.05,0.75));
#5848=CARTESIAN_POINT('',(19.7,2.05,0.75));
#5849=CARTESIAN_POINT('',(9.85,2.05,0.75));
#5850=CARTESIAN_POINT('',(19.7,2.05,2.75));
#5851=CARTESIAN_POINT('',(16.5,2.05,2.75));
#5852=CARTESIAN_POINT('',(19.7,2.05,0.75));
#5853=CARTESIAN_POINT('Origin',(19.7,-2.05,0.75));
#5854=CARTESIAN_POINT('',(19.7,-2.05,0.75));
#5855=CARTESIAN_POINT('',(19.7,0.350000000000001,0.75));
#5856=CARTESIAN_POINT('',(19.7,-2.05,2.75));
#5857=CARTESIAN_POINT('',(19.7,2.05,2.75));
#5858=CARTESIAN_POINT('',(19.7,-2.05,0.75));
#5859=CARTESIAN_POINT('Origin',(16.5,-2.05,0.75));
#5860=CARTESIAN_POINT('',(8.25,-2.05,0.75));
#5861=CARTESIAN_POINT('',(19.7,-2.05,2.75));
#5862=CARTESIAN_POINT('Origin',(18.1,0.,2.75));
#5863=CARTESIAN_POINT('Origin',(-16.5,2.6,0.75));
#5864=CARTESIAN_POINT('',(-16.5,-2.6,0.75));
#5865=CARTESIAN_POINT('',(-16.5,2.6,0.75));
#5866=CARTESIAN_POINT('',(-16.5,2.675,0.75));
#5867=CARTESIAN_POINT('',(-16.5,-2.6,3.25));
#5868=CARTESIAN_POINT('',(-16.5,-2.6,0.75));
#5869=CARTESIAN_POINT('',(-16.5,2.6,3.25));
#5870=CARTESIAN_POINT('',(-16.5,-2.6,3.25));
#5871=CARTESIAN_POINT('',(-16.5,2.6,0.75));
#5872=CARTESIAN_POINT('Origin',(-11.3,2.6,0.75));
#5873=CARTESIAN_POINT('',(-11.3,2.6,0.75));
#5874=CARTESIAN_POINT('',(-5.65,2.6,0.75));
#5875=CARTESIAN_POINT('',(-11.3,2.6,3.25));
#5876=CARTESIAN_POINT('',(-16.5,2.6,3.25));
#5877=CARTESIAN_POINT('',(-11.3,2.6,0.75));
#5878=CARTESIAN_POINT('Origin',(-11.3,-2.6,0.75));
#5879=CARTESIAN_POINT('',(-11.3,-2.6,0.75));
#5880=CARTESIAN_POINT('',(-11.3,0.0750000000000006,0.75));
#5881=CARTESIAN_POINT('',(-11.3,-2.6,3.25));
#5882=CARTESIAN_POINT('',(-11.3,2.6,3.25));
#5883=CARTESIAN_POINT('',(-11.3,-2.6,0.75));
#5884=CARTESIAN_POINT('Origin',(-16.5,-2.6,0.75));
#5885=CARTESIAN_POINT('',(-8.25,-2.6,0.75));
#5886=CARTESIAN_POINT('',(-11.3,-2.6,3.25));
#5887=CARTESIAN_POINT('Origin',(-13.9,0.,3.25));
#5888=CARTESIAN_POINT('Origin',(-5.45,8.8,0.75));
#5889=CARTESIAN_POINT('',(-5.45,3.9,0.25));
#5890=CARTESIAN_POINT('',(-5.45,8.3,0.25));
#5891=CARTESIAN_POINT('',(-5.45,5.775,0.25));
#5892=CARTESIAN_POINT('',(-5.45,8.3,6.95));
#5893=CARTESIAN_POINT('',(-5.45,8.3,0.75));
#5894=CARTESIAN_POINT('',(-5.45,3.9,6.95));
#5895=CARTESIAN_POINT('',(-5.45,7.45,6.95));
#5896=CARTESIAN_POINT('',(-5.45,3.9,0.75));
#5897=CARTESIAN_POINT('Origin',(5.95,8.3,0.75));
#5898=CARTESIAN_POINT('',(5.45,8.3,0.25));
#5899=CARTESIAN_POINT('',(2.975,8.3,0.25));
#5900=CARTESIAN_POINT('',(5.45,8.3,6.95));
#5901=CARTESIAN_POINT('',(5.45,8.3,0.75));
#5902=CARTESIAN_POINT('',(2.975,8.3,6.95));
#5903=CARTESIAN_POINT('Origin',(5.45,3.4,0.75));
#5904=CARTESIAN_POINT('',(5.45,3.9,0.25));
#5905=CARTESIAN_POINT('',(5.45,3.075,0.25));
#5906=CARTESIAN_POINT('',(5.45,3.9,6.95));
#5907=CARTESIAN_POINT('',(5.45,3.9,0.75));
#5908=CARTESIAN_POINT('',(5.45,4.75,6.95));
#5909=CARTESIAN_POINT('Origin',(-5.95,3.9,0.75));
#5910=CARTESIAN_POINT('',(-2.975,3.9,0.25));
#5911=CARTESIAN_POINT('',(-2.975,3.9,6.95));
#5912=CARTESIAN_POINT('Origin',(-4.44089209850063E-15,2.75,-0.25));
#5913=CARTESIAN_POINT('',(-20.6,7.4,-0.25));
#5914=CARTESIAN_POINT('',(-17.5,10.5,-0.25));
#5915=CARTESIAN_POINT('Origin',(-17.5,7.4,-0.25));
#5916=CARTESIAN_POINT('',(-20.6,-7.4,-0.25));
#5917=CARTESIAN_POINT('',(-20.6,5.07500000000001,-0.25));
#5918=CARTESIAN_POINT('',(-17.5,-10.5,-0.25));
#5919=CARTESIAN_POINT('Origin',(-17.5,-7.4,-0.25));
#5920=CARTESIAN_POINT('',(17.5,-10.5,-0.25));
#5921=CARTESIAN_POINT('',(-8.75,-10.5,-0.25));
#5922=CARTESIAN_POINT('',(20.6,-7.4,-0.25));
#5923=CARTESIAN_POINT('Origin',(17.5,-7.4,-0.25));
#5924=CARTESIAN_POINT('',(20.6,7.4,-0.25));
#5925=CARTESIAN_POINT('',(20.6,-2.32500000000001,-0.25));
#5926=CARTESIAN_POINT('',(17.5,10.5,-0.25));
#5927=CARTESIAN_POINT('Origin',(17.5,7.4,-0.25));
#5928=CARTESIAN_POINT('',(12.45,10.5,-0.25));
#5929=CARTESIAN_POINT('',(8.75,10.5,-0.25));
#5930=CARTESIAN_POINT('',(10.45,12.5,-0.25));
#5931=CARTESIAN_POINT('Origin',(12.45,12.5,-0.25));
#5932=CARTESIAN_POINT('',(10.45,12.9,-0.25));
#5933=CARTESIAN_POINT('',(10.45,7.62500000000002,-0.25));
#5934=CARTESIAN_POINT('',(7.35,16.,-0.25));
#5935=CARTESIAN_POINT('Origin',(7.35,12.9,-0.25));
#5936=CARTESIAN_POINT('',(-7.35,16.,-0.25));
#5937=CARTESIAN_POINT('',(3.67499999999999,16.,-0.25));
#5938=CARTESIAN_POINT('',(-10.45,12.9,-0.25));
#5939=CARTESIAN_POINT('Origin',(-7.35,12.9,-0.25));
#5940=CARTESIAN_POINT('',(-10.45,12.5,-0.25));
#5941=CARTESIAN_POINT('',(-10.45,7.825,-0.25));
#5942=CARTESIAN_POINT('',(-12.45,10.5,-0.25));
#5943=CARTESIAN_POINT('Origin',(-12.45,12.5,-0.25));
#5944=CARTESIAN_POINT('',(-6.225,10.5,-0.25));
#5945=CARTESIAN_POINT('',(15.4,7.4,-0.25));
#5946=CARTESIAN_POINT('Origin',(17.5,7.4,-0.25));
#5947=CARTESIAN_POINT('',(5.25,12.9,-0.25));
#5948=CARTESIAN_POINT('Origin',(7.35,12.9,-0.25));
#5949=CARTESIAN_POINT('',(15.4,-7.4,-0.25));
#5950=CARTESIAN_POINT('Origin',(17.5,-7.4,-0.25));
#5951=CARTESIAN_POINT('',(-19.6,-7.4,-0.25));
#5952=CARTESIAN_POINT('Origin',(-17.5,-7.4,-0.25));
#5953=CARTESIAN_POINT('',(-9.45,12.9,-0.25));
#5954=CARTESIAN_POINT('Origin',(-7.35,12.9,-0.25));
#5955=CARTESIAN_POINT('',(-19.6,7.4,-0.25));
#5956=CARTESIAN_POINT('Origin',(-17.5,7.4,-0.25));
#5957=CARTESIAN_POINT('Origin',(-17.5,7.4,0.));
#5958=CARTESIAN_POINT('',(-19.6,7.4,0.25));
#5959=CARTESIAN_POINT('',(-19.6,7.4,0.));
#5960=CARTESIAN_POINT('Origin',(-17.5,7.4,0.25));
#5961=CARTESIAN_POINT('Origin',(-7.35,12.9,0.));
#5962=CARTESIAN_POINT('',(-9.45,12.9,0.25));
#5963=CARTESIAN_POINT('',(-9.45,12.9,0.));
#5964=CARTESIAN_POINT('Origin',(-7.35,12.9,0.25));
#5965=CARTESIAN_POINT('Origin',(-17.5,-7.4,0.));
#5966=CARTESIAN_POINT('',(-19.6,-7.4,0.25));
#5967=CARTESIAN_POINT('',(-19.6,-7.4,0.));
#5968=CARTESIAN_POINT('Origin',(-17.5,-7.4,0.25));
#5969=CARTESIAN_POINT('Origin',(17.5,-7.4,0.));
#5970=CARTESIAN_POINT('',(15.4,-7.4,0.25));
#5971=CARTESIAN_POINT('',(15.4,-7.4,0.));
#5972=CARTESIAN_POINT('Origin',(17.5,-7.4,0.25));
#5973=CARTESIAN_POINT('Origin',(7.35,12.9,0.));
#5974=CARTESIAN_POINT('',(5.25,12.9,0.25));
#5975=CARTESIAN_POINT('',(5.25,12.9,0.));
#5976=CARTESIAN_POINT('Origin',(7.35,12.9,0.25));
#5977=CARTESIAN_POINT('Origin',(17.5,7.4,0.));
#5978=CARTESIAN_POINT('',(15.4,7.4,0.25));
#5979=CARTESIAN_POINT('',(15.4,7.4,0.));
#5980=CARTESIAN_POINT('Origin',(17.5,7.4,0.25));
#5981=CARTESIAN_POINT('Origin',(-12.45,10.5,0.));
#5982=CARTESIAN_POINT('',(-17.5,10.5,0.25));
#5983=CARTESIAN_POINT('',(-17.5,10.5,0.));
#5984=CARTESIAN_POINT('',(-12.45,10.5,0.25));
#5985=CARTESIAN_POINT('',(-12.45,10.5,0.));
#5986=CARTESIAN_POINT('',(-6.225,10.5,0.25));
#5987=CARTESIAN_POINT('Origin',(-12.45,12.5,0.));
#5988=CARTESIAN_POINT('',(-10.45,12.5,0.25));
#5989=CARTESIAN_POINT('',(-10.45,12.5,0.));
#5990=CARTESIAN_POINT('Origin',(-12.45,12.5,0.25));
#5991=CARTESIAN_POINT('Origin',(-10.45,12.9,0.));
#5992=CARTESIAN_POINT('',(-10.45,12.9,0.25));
#5993=CARTESIAN_POINT('',(-10.45,12.9,0.));
#5994=CARTESIAN_POINT('',(-10.45,7.825,0.25));
#5995=CARTESIAN_POINT('Origin',(-7.35,12.9,0.));
#5996=CARTESIAN_POINT('',(-7.35,16.,0.25));
#5997=CARTESIAN_POINT('',(-7.35,16.,0.));
#5998=CARTESIAN_POINT('Origin',(-7.35,12.9,0.25));
#5999=CARTESIAN_POINT('Origin',(7.35,16.,0.));
#6000=CARTESIAN_POINT('',(7.35,16.,0.25));
#6001=CARTESIAN_POINT('',(7.35,16.,0.));
#6002=CARTESIAN_POINT('',(3.67499999999999,16.,0.25));
#6003=CARTESIAN_POINT('Origin',(7.35,12.9,0.));
#6004=CARTESIAN_POINT('',(10.45,12.9,0.25));
#6005=CARTESIAN_POINT('',(10.45,12.9,0.));
#6006=CARTESIAN_POINT('Origin',(7.35,12.9,0.25));
#6007=CARTESIAN_POINT('Origin',(10.45,12.5,0.));
#6008=CARTESIAN_POINT('',(10.45,12.5,0.25));
#6009=CARTESIAN_POINT('',(10.45,12.5,0.));
#6010=CARTESIAN_POINT('',(10.45,7.62500000000002,0.25));
#6011=CARTESIAN_POINT('Origin',(12.45,12.5,0.));
#6012=CARTESIAN_POINT('',(12.45,10.5,0.25));
#6013=CARTESIAN_POINT('',(12.45,10.5,0.));
#6014=CARTESIAN_POINT('Origin',(12.45,12.5,0.25));
#6015=CARTESIAN_POINT('Origin',(17.5,10.5,0.));
#6016=CARTESIAN_POINT('',(17.5,10.5,0.25));
#6017=CARTESIAN_POINT('',(17.5,10.5,0.));
#6018=CARTESIAN_POINT('',(8.75,10.5,0.25));
#6019=CARTESIAN_POINT('Origin',(17.5,7.4,0.));
#6020=CARTESIAN_POINT('',(20.6,7.4,0.25));
#6021=CARTESIAN_POINT('',(20.6,7.4,0.));
#6022=CARTESIAN_POINT('Origin',(17.5,7.4,0.25));
#6023=CARTESIAN_POINT('Origin',(20.6,-7.4,0.));
#6024=CARTESIAN_POINT('',(20.6,-7.4,0.25));
#6025=CARTESIAN_POINT('',(20.6,-7.4,0.));
#6026=CARTESIAN_POINT('',(20.6,-2.32500000000001,0.25));
#6027=CARTESIAN_POINT('Origin',(17.5,-7.4,0.));
#6028=CARTESIAN_POINT('',(17.5,-10.5,0.25));
#6029=CARTESIAN_POINT('',(17.5,-10.5,0.));
#6030=CARTESIAN_POINT('Origin',(17.5,-7.4,0.25));
#6031=CARTESIAN_POINT('Origin',(-17.5,-10.5,0.));
#6032=CARTESIAN_POINT('',(-17.5,-10.5,0.25));
#6033=CARTESIAN_POINT('',(-17.5,-10.5,0.));
#6034=CARTESIAN_POINT('',(-8.75,-10.5,0.25));
#6035=CARTESIAN_POINT('Origin',(-17.5,-7.4,0.));
#6036=CARTESIAN_POINT('',(-20.6,-7.4,0.25));
#6037=CARTESIAN_POINT('',(-20.6,-7.4,0.));
#6038=CARTESIAN_POINT('Origin',(-17.5,-7.4,0.25));
#6039=CARTESIAN_POINT('Origin',(-20.6,7.4,0.));
#6040=CARTESIAN_POINT('',(-20.6,7.4,0.25));
#6041=CARTESIAN_POINT('',(-20.6,7.4,0.));
#6042=CARTESIAN_POINT('',(-20.6,5.07500000000001,0.25));
#6043=CARTESIAN_POINT('Origin',(-17.5,7.4,0.));
#6044=CARTESIAN_POINT('Origin',(-17.5,7.4,0.25));
#6045=CARTESIAN_POINT('Origin',(-4.44089209850063E-15,2.75,0.25));
#6046=CARTESIAN_POINT('Origin',(-5.95,8.8,0.75));
#6047=CARTESIAN_POINT('',(-5.95,3.4,0.75));
#6048=CARTESIAN_POINT('',(-5.95,8.8,0.75));
#6049=CARTESIAN_POINT('',(-5.95,5.775,0.75));
#6050=CARTESIAN_POINT('',(-5.95,3.4,6.95));
#6051=CARTESIAN_POINT('',(-5.95,3.4,0.75));
#6052=CARTESIAN_POINT('',(-5.95,8.8,6.95));
#6053=CARTESIAN_POINT('',(-5.95,3.4,6.95));
#6054=CARTESIAN_POINT('',(-5.95,8.8,0.75));
#6055=CARTESIAN_POINT('Origin',(5.95,8.8,0.75));
#6056=CARTESIAN_POINT('',(5.95,8.8,0.75));
#6057=CARTESIAN_POINT('',(2.975,8.8,0.75));
#6058=CARTESIAN_POINT('',(5.95,8.8,6.95));
#6059=CARTESIAN_POINT('',(-5.95,8.8,6.95));
#6060=CARTESIAN_POINT('',(5.95,8.8,0.75));
#6061=CARTESIAN_POINT('Origin',(5.95,3.4,0.75));
#6062=CARTESIAN_POINT('',(5.95,3.4,0.75));
#6063=CARTESIAN_POINT('',(5.95,3.075,0.75));
#6064=CARTESIAN_POINT('',(5.95,3.4,6.95));
#6065=CARTESIAN_POINT('',(5.95,8.8,6.95));
#6066=CARTESIAN_POINT('',(5.95,3.4,0.75));
#6067=CARTESIAN_POINT('Origin',(-5.95,3.4,0.75));
#6068=CARTESIAN_POINT('',(-2.975,3.4,0.75));
#6069=CARTESIAN_POINT('',(5.95,3.4,6.95));
#6070=CARTESIAN_POINT('Origin',(0.,6.1,6.95));
#6071=CARTESIAN_POINT('Origin',(-4.44089209850063E-15,2.75,-0.75));
#6072=CARTESIAN_POINT('',(7.35,16.5,-0.75));
#6073=CARTESIAN_POINT('',(-1.01033360929657E-15,16.5,-0.75));
#6074=CARTESIAN_POINT('',(10.95,12.9,-0.75));
#6075=CARTESIAN_POINT('Origin',(7.35,12.9,-0.75));
#6076=CARTESIAN_POINT('',(10.95,12.5,-0.75));
#6077=CARTESIAN_POINT('',(10.95,12.9,-0.75));
#6078=CARTESIAN_POINT('',(12.45,11.,-0.75));
#6079=CARTESIAN_POINT('Origin',(12.45,12.5,-0.75));
#6080=CARTESIAN_POINT('',(17.5,11.,-0.75));
#6081=CARTESIAN_POINT('',(12.45,11.,-0.75));
#6082=CARTESIAN_POINT('',(21.1,7.4,-0.75));
#6083=CARTESIAN_POINT('Origin',(17.5,7.4,-0.75));
#6084=CARTESIAN_POINT('',(21.1,-7.4,-0.75));
#6085=CARTESIAN_POINT('',(21.1,7.4,-0.75));
#6086=CARTESIAN_POINT('',(17.5,-11.,-0.75));
#6087=CARTESIAN_POINT('Origin',(17.5,-7.4,-0.75));
#6088=CARTESIAN_POINT('',(-17.5,-11.,-0.75));
#6089=CARTESIAN_POINT('',(-17.5,-11.,-0.75));
#6090=CARTESIAN_POINT('',(-21.1,-7.4,-0.75));
#6091=CARTESIAN_POINT('Origin',(-17.5,-7.4,-0.75));
#6092=CARTESIAN_POINT('',(-21.1,7.4,-0.75));
#6093=CARTESIAN_POINT('',(-21.1,7.4,-0.75));
#6094=CARTESIAN_POINT('',(-17.5,11.,-0.75));
#6095=CARTESIAN_POINT('Origin',(-17.5,7.4,-0.75));
#6096=CARTESIAN_POINT('',(-12.45,11.,-0.75));
#6097=CARTESIAN_POINT('',(-12.45,11.,-0.75));
#6098=CARTESIAN_POINT('',(-10.95,12.5,-0.75));
#6099=CARTESIAN_POINT('Origin',(-12.45,12.5,-0.75));
#6100=CARTESIAN_POINT('',(-10.95,12.9,-0.75));
#6101=CARTESIAN_POINT('',(-10.95,12.9,-0.75));
#6102=CARTESIAN_POINT('',(-7.35,16.5,-0.75));
#6103=CARTESIAN_POINT('Origin',(-7.35,12.9,-0.75));
#6104=CARTESIAN_POINT('',(-1.01033360929657E-15,16.5,-0.75));
#6105=CARTESIAN_POINT('',(-19.1,7.4,-0.75));
#6106=CARTESIAN_POINT('Origin',(-17.5,7.4,-0.75));
#6107=CARTESIAN_POINT('',(-8.95,12.9,-0.75));
#6108=CARTESIAN_POINT('Origin',(-7.35,12.9,-0.75));
#6109=CARTESIAN_POINT('',(-19.1,-7.4,-0.75));
#6110=CARTESIAN_POINT('Origin',(-17.5,-7.4,-0.75));
#6111=CARTESIAN_POINT('',(15.9,-7.4,-0.75));
#6112=CARTESIAN_POINT('Origin',(17.5,-7.4,-0.75));
#6113=CARTESIAN_POINT('',(5.75,12.9,-0.75));
#6114=CARTESIAN_POINT('Origin',(7.35,12.9,-0.75));
#6115=CARTESIAN_POINT('',(15.9,7.4,-0.75));
#6116=CARTESIAN_POINT('Origin',(17.5,7.4,-0.75));
#6117=CARTESIAN_POINT('Origin',(-17.5,7.4,0.));
#6118=CARTESIAN_POINT('',(-19.1,7.4,0.75));
#6119=CARTESIAN_POINT('Origin',(-17.5,7.4,0.75));
#6120=CARTESIAN_POINT('',(-19.1,7.4,0.));
#6121=CARTESIAN_POINT('Origin',(-7.35,12.9,0.));
#6122=CARTESIAN_POINT('',(-8.95,12.9,0.75));
#6123=CARTESIAN_POINT('Origin',(-7.35,12.9,0.75));
#6124=CARTESIAN_POINT('',(-8.95,12.9,0.));
#6125=CARTESIAN_POINT('Origin',(-17.5,-7.4,0.));
#6126=CARTESIAN_POINT('',(-19.1,-7.4,0.75));
#6127=CARTESIAN_POINT('Origin',(-17.5,-7.4,0.75));
#6128=CARTESIAN_POINT('',(-19.1,-7.4,0.));
#6129=CARTESIAN_POINT('Origin',(17.5,-7.4,0.));
#6130=CARTESIAN_POINT('',(15.9,-7.4,0.75));
#6131=CARTESIAN_POINT('Origin',(17.5,-7.4,0.75));
#6132=CARTESIAN_POINT('',(15.9,-7.4,0.));
#6133=CARTESIAN_POINT('Origin',(7.35,12.9,0.));
#6134=CARTESIAN_POINT('',(5.75,12.9,0.75));
#6135=CARTESIAN_POINT('Origin',(7.35,12.9,0.75));
#6136=CARTESIAN_POINT('',(5.75,12.9,0.));
#6137=CARTESIAN_POINT('Origin',(17.5,7.4,0.));
#6138=CARTESIAN_POINT('',(15.9,7.4,0.75));
#6139=CARTESIAN_POINT('Origin',(17.5,7.4,0.75));
#6140=CARTESIAN_POINT('',(15.9,7.4,0.));
#6141=CARTESIAN_POINT('Origin',(-12.45,11.,0.));
#6142=CARTESIAN_POINT('',(-17.5,11.,0.75));
#6143=CARTESIAN_POINT('',(-17.5,11.,0.));
#6144=CARTESIAN_POINT('',(-12.45,11.,0.75));
#6145=CARTESIAN_POINT('',(-12.45,11.,0.75));
#6146=CARTESIAN_POINT('',(-12.45,11.,0.));
#6147=CARTESIAN_POINT('Origin',(-12.45,12.5,0.));
#6148=CARTESIAN_POINT('',(-10.95,12.5,0.75));
#6149=CARTESIAN_POINT('Origin',(-12.45,12.5,0.75));
#6150=CARTESIAN_POINT('',(-10.95,12.5,0.));
#6151=CARTESIAN_POINT('Origin',(-10.95,12.9,0.));
#6152=CARTESIAN_POINT('',(-10.95,12.9,0.75));
#6153=CARTESIAN_POINT('',(-10.95,12.9,0.75));
#6154=CARTESIAN_POINT('',(-10.95,12.9,0.));
#6155=CARTESIAN_POINT('Origin',(-7.35,12.9,0.));
#6156=CARTESIAN_POINT('',(-7.35,16.5,0.75));
#6157=CARTESIAN_POINT('Origin',(-7.35,12.9,0.75));
#6158=CARTESIAN_POINT('',(-7.35,16.5,0.));
#6159=CARTESIAN_POINT('Origin',(7.35,16.5,0.));
#6160=CARTESIAN_POINT('',(7.35,16.5,0.75));
#6161=CARTESIAN_POINT('',(-1.01033360929657E-15,16.5,0.75));
#6162=CARTESIAN_POINT('',(7.35,16.5,0.));
#6163=CARTESIAN_POINT('Origin',(7.35,12.9,0.));
#6164=CARTESIAN_POINT('',(10.95,12.9,0.75));
#6165=CARTESIAN_POINT('Origin',(7.35,12.9,0.75));
#6166=CARTESIAN_POINT('',(10.95,12.9,0.));
#6167=CARTESIAN_POINT('Origin',(10.95,12.5,0.));
#6168=CARTESIAN_POINT('',(10.95,12.5,0.75));
#6169=CARTESIAN_POINT('',(10.95,12.9,0.75));
#6170=CARTESIAN_POINT('',(10.95,12.5,0.));
#6171=CARTESIAN_POINT('Origin',(12.45,12.5,0.));
#6172=CARTESIAN_POINT('',(12.45,11.,0.75));
#6173=CARTESIAN_POINT('Origin',(12.45,12.5,0.75));
#6174=CARTESIAN_POINT('',(12.45,11.,0.));
#6175=CARTESIAN_POINT('Origin',(17.5,11.,0.));
#6176=CARTESIAN_POINT('',(17.5,11.,0.75));
#6177=CARTESIAN_POINT('',(12.45,11.,0.75));
#6178=CARTESIAN_POINT('',(17.5,11.,0.));
#6179=CARTESIAN_POINT('Origin',(17.5,7.4,0.));
#6180=CARTESIAN_POINT('',(21.1,7.4,0.75));
#6181=CARTESIAN_POINT('Origin',(17.5,7.4,0.75));
#6182=CARTESIAN_POINT('',(21.1,7.4,0.));
#6183=CARTESIAN_POINT('Origin',(21.1,-7.4,0.));
#6184=CARTESIAN_POINT('',(21.1,-7.4,0.75));
#6185=CARTESIAN_POINT('',(21.1,7.4,0.75));
#6186=CARTESIAN_POINT('',(21.1,-7.4,0.));
#6187=CARTESIAN_POINT('Origin',(17.5,-7.4,0.));
#6188=CARTESIAN_POINT('',(17.5,-11.,0.75));
#6189=CARTESIAN_POINT('Origin',(17.5,-7.4,0.75));
#6190=CARTESIAN_POINT('',(17.5,-11.,0.));
#6191=CARTESIAN_POINT('Origin',(-17.5,-11.,0.));
#6192=CARTESIAN_POINT('',(-17.5,-11.,0.75));
#6193=CARTESIAN_POINT('',(-17.5,-11.,0.75));
#6194=CARTESIAN_POINT('',(-17.5,-11.,0.));
#6195=CARTESIAN_POINT('Origin',(-17.5,-7.4,0.));
#6196=CARTESIAN_POINT('',(-21.1,-7.4,0.75));
#6197=CARTESIAN_POINT('Origin',(-17.5,-7.4,0.75));
#6198=CARTESIAN_POINT('',(-21.1,-7.4,0.));
#6199=CARTESIAN_POINT('Origin',(-21.1,7.4,0.));
#6200=CARTESIAN_POINT('',(-21.1,7.4,0.75));
#6201=CARTESIAN_POINT('',(-21.1,7.4,0.75));
#6202=CARTESIAN_POINT('',(-21.1,7.4,0.));
#6203=CARTESIAN_POINT('Origin',(-17.5,7.4,0.));
#6204=CARTESIAN_POINT('Origin',(-17.5,7.4,0.75));
#6205=CARTESIAN_POINT('Origin',(-4.44089209850063E-15,2.75,0.75));
#6206=CARTESIAN_POINT('Origin',(-1.8,6.5,0.75));
#6207=CARTESIAN_POINT('',(-1.8,5.7,0.75));
#6208=CARTESIAN_POINT('',(-1.8,6.5,0.75));
#6209=CARTESIAN_POINT('',(-1.8,5.7,0.75));
#6210=CARTESIAN_POINT('',(-1.8,5.7,6.85));
#6211=CARTESIAN_POINT('',(-1.8,5.7,0.75));
#6212=CARTESIAN_POINT('',(-1.8,6.5,6.85));
#6213=CARTESIAN_POINT('',(-1.8,5.7,6.85));
#6214=CARTESIAN_POINT('',(-1.8,6.5,0.75));
#6215=CARTESIAN_POINT('Origin',(-1.,6.5,0.75));
#6216=CARTESIAN_POINT('',(-1.,6.5,0.75));
#6217=CARTESIAN_POINT('',(-1.8,6.5,0.75));
#6218=CARTESIAN_POINT('',(-1.,6.5,6.85));
#6219=CARTESIAN_POINT('',(-1.8,6.5,6.85));
#6220=CARTESIAN_POINT('',(-1.,6.5,0.75));
#6221=CARTESIAN_POINT('Origin',(-1.,5.7,0.75));
#6222=CARTESIAN_POINT('',(-1.,5.7,0.75));
#6223=CARTESIAN_POINT('',(-1.,6.5,0.75));
#6224=CARTESIAN_POINT('',(-1.,5.7,6.85));
#6225=CARTESIAN_POINT('',(-1.,6.5,6.85));
#6226=CARTESIAN_POINT('',(-1.,5.7,0.75));
#6227=CARTESIAN_POINT('Origin',(-1.8,5.7,0.75));
#6228=CARTESIAN_POINT('',(-1.,5.7,0.75));
#6229=CARTESIAN_POINT('',(-1.,5.7,6.85));
#6230=CARTESIAN_POINT('Origin',(-1.4,6.1,6.85));
#6231=CARTESIAN_POINT('Origin',(-1.4,6.1,0.75));
#6232=CARTESIAN_POINT('Origin',(1.8,5.7,0.75));
#6233=CARTESIAN_POINT('',(1.8,5.7,0.75));
#6234=CARTESIAN_POINT('',(1.8,6.5,0.75));
#6235=CARTESIAN_POINT('',(1.8,5.7,0.75));
#6236=CARTESIAN_POINT('',(1.8,6.5,6.85));
#6237=CARTESIAN_POINT('',(1.8,6.5,0.75));
#6238=CARTESIAN_POINT('',(1.8,5.7,6.85));
#6239=CARTESIAN_POINT('',(1.8,5.7,6.85));
#6240=CARTESIAN_POINT('',(1.8,5.7,0.75));
#6241=CARTESIAN_POINT('Origin',(0.999999999999999,5.7,0.75));
#6242=CARTESIAN_POINT('',(0.999999999999999,5.7,0.75));
#6243=CARTESIAN_POINT('',(0.999999999999999,5.7,0.75));
#6244=CARTESIAN_POINT('',(0.999999999999999,5.7,6.85));
#6245=CARTESIAN_POINT('',(0.999999999999999,5.7,6.85));
#6246=CARTESIAN_POINT('',(0.999999999999999,5.7,0.75));
#6247=CARTESIAN_POINT('Origin',(0.999999999999999,6.5,0.75));
#6248=CARTESIAN_POINT('',(0.999999999999999,6.5,0.75));
#6249=CARTESIAN_POINT('',(0.999999999999999,6.5,0.75));
#6250=CARTESIAN_POINT('',(0.999999999999999,6.5,6.85));
#6251=CARTESIAN_POINT('',(0.999999999999999,6.5,6.85));
#6252=CARTESIAN_POINT('',(0.999999999999999,6.5,0.75));
#6253=CARTESIAN_POINT('Origin',(1.8,6.5,0.75));
#6254=CARTESIAN_POINT('',(1.8,6.5,0.75));
#6255=CARTESIAN_POINT('',(1.8,6.5,6.85));
#6256=CARTESIAN_POINT('Origin',(1.4,6.1,6.85));
#6257=CARTESIAN_POINT('Origin',(1.4,6.1,0.75));
#6258=CARTESIAN_POINT('Origin',(-4.1,5.7,0.75));
#6259=CARTESIAN_POINT('',(-3.3,5.7,0.75));
#6260=CARTESIAN_POINT('',(-4.1,5.7,0.75));
#6261=CARTESIAN_POINT('',(-3.3,5.7,0.75));
#6262=CARTESIAN_POINT('',(-3.3,5.7,6.85));
#6263=CARTESIAN_POINT('',(-3.3,5.7,0.75));
#6264=CARTESIAN_POINT('',(-4.1,5.7,6.85));
#6265=CARTESIAN_POINT('',(-3.3,5.7,6.85));
#6266=CARTESIAN_POINT('',(-4.1,5.7,0.75));
#6267=CARTESIAN_POINT('Origin',(-4.1,6.5,0.75));
#6268=CARTESIAN_POINT('',(-4.1,6.5,0.75));
#6269=CARTESIAN_POINT('',(-4.1,5.7,0.75));
#6270=CARTESIAN_POINT('',(-4.1,6.5,6.85));
#6271=CARTESIAN_POINT('',(-4.1,5.7,6.85));
#6272=CARTESIAN_POINT('',(-4.1,6.5,0.75));
#6273=CARTESIAN_POINT('Origin',(-3.3,6.5,0.75));
#6274=CARTESIAN_POINT('',(-3.3,6.5,0.75));
#6275=CARTESIAN_POINT('',(-4.1,6.5,0.75));
#6276=CARTESIAN_POINT('',(-3.3,6.5,6.85));
#6277=CARTESIAN_POINT('',(-4.1,6.5,6.85));
#6278=CARTESIAN_POINT('',(-3.3,6.5,0.75));
#6279=CARTESIAN_POINT('Origin',(-3.3,5.7,0.75));
#6280=CARTESIAN_POINT('',(-3.3,6.5,0.75));
#6281=CARTESIAN_POINT('',(-3.3,6.5,6.85));
#6282=CARTESIAN_POINT('Origin',(-3.7,6.1,6.85));
#6283=CARTESIAN_POINT('Origin',(-3.7,6.1,0.75));
#6284=CARTESIAN_POINT('Origin',(3.3,6.5,0.75));
#6285=CARTESIAN_POINT('',(3.3,6.5,0.75));
#6286=CARTESIAN_POINT('',(3.3,5.7,0.75));
#6287=CARTESIAN_POINT('',(3.3,6.5,0.75));
#6288=CARTESIAN_POINT('',(3.3,5.7,6.85));
#6289=CARTESIAN_POINT('',(3.3,5.7,0.75));
#6290=CARTESIAN_POINT('',(3.3,6.5,6.85));
#6291=CARTESIAN_POINT('',(3.3,6.5,6.85));
#6292=CARTESIAN_POINT('',(3.3,6.5,0.75));
#6293=CARTESIAN_POINT('Origin',(4.1,6.5,0.75));
#6294=CARTESIAN_POINT('',(4.1,6.5,0.75));
#6295=CARTESIAN_POINT('',(4.1,6.5,0.75));
#6296=CARTESIAN_POINT('',(4.1,6.5,6.85));
#6297=CARTESIAN_POINT('',(4.1,6.5,6.85));
#6298=CARTESIAN_POINT('',(4.1,6.5,0.75));
#6299=CARTESIAN_POINT('Origin',(4.1,5.7,0.75));
#6300=CARTESIAN_POINT('',(4.1,5.7,0.75));
#6301=CARTESIAN_POINT('',(4.1,5.7,0.75));
#6302=CARTESIAN_POINT('',(4.1,5.7,6.85));
#6303=CARTESIAN_POINT('',(4.1,5.7,6.85));
#6304=CARTESIAN_POINT('',(4.1,5.7,0.75));
#6305=CARTESIAN_POINT('Origin',(3.3,5.7,0.75));
#6306=CARTESIAN_POINT('',(3.3,5.7,0.75));
#6307=CARTESIAN_POINT('',(3.3,5.7,6.85));
#6308=CARTESIAN_POINT('Origin',(3.7,6.1,6.85));
#6309=CARTESIAN_POINT('Origin',(3.7,6.1,0.75));
#6310=UNCERTAINTY_MEASURE_WITH_UNIT(LENGTH_MEASURE(0.01),#6314,
'DISTANCE_ACCURACY_VALUE',
'Maximum model space distance between geometric entities at asserted c
onnectivities');
#6311=UNCERTAINTY_MEASURE_WITH_UNIT(LENGTH_MEASURE(0.01),#6314,
'DISTANCE_ACCURACY_VALUE',
'Maximum model space distance between geometric entities at asserted c
onnectivities');
#6312=(
GEOMETRIC_REPRESENTATION_CONTEXT(3)
GLOBAL_UNCERTAINTY_ASSIGNED_CONTEXT((#6310))
GLOBAL_UNIT_ASSIGNED_CONTEXT((#6314,#6316,#6317))
REPRESENTATION_CONTEXT('','3D')
);
#6313=(
GEOMETRIC_REPRESENTATION_CONTEXT(3)
GLOBAL_UNCERTAINTY_ASSIGNED_CONTEXT((#6311))
GLOBAL_UNIT_ASSIGNED_CONTEXT((#6314,#6316,#6317))
REPRESENTATION_CONTEXT('','3D')
);
#6314=(
LENGTH_UNIT()
NAMED_UNIT(*)
SI_UNIT(.MILLI.,.METRE.)
);
#6315=(
LENGTH_UNIT()
NAMED_UNIT(*)
SI_UNIT($,.METRE.)
);
#6316=(
NAMED_UNIT(*)
PLANE_ANGLE_UNIT()
SI_UNIT($,.RADIAN.)
);
#6317=(
NAMED_UNIT(*)
SI_UNIT($,.STERADIAN.)
SOLID_ANGLE_UNIT()
);
#6318=SHAPE_DEFINITION_REPRESENTATION(#6319,#6320);
#6319=PRODUCT_DEFINITION_SHAPE('',$,#6322);
#6320=SHAPE_REPRESENTATION('',(#3848),#6312);
#6321=PRODUCT_DEFINITION_CONTEXT('part definition',#6326,'design');
#6322=PRODUCT_DEFINITION('2026-06-30-14-28-05-930',
'\X2\6FC051496D4B8DDD4EEAFF08FF09\X0\',#6323,#6321);
#6323=PRODUCT_DEFINITION_FORMATION('',$,#6328);
#6324=PRODUCT_RELATED_PRODUCT_CATEGORY('\X2\6FC051496D4B8DDD4EEAFF08FF09\X0\',
'\X2\6FC051496D4B8DDD4EEAFF08FF09\X0\',(#6328));
#6325=APPLICATION_PROTOCOL_DEFINITION('international standard',
'automotive_design',2009,#6326);
#6326=APPLICATION_CONTEXT(
'Core Data for Automotive Mechanical Design Process');
#6327=PRODUCT_CONTEXT('part definition',#6326,'mechanical');
#6328=PRODUCT('2026-06-30-14-28-05-930','\X2\6FC051496D4B8DDD4EEAFF08FF09\X0\',
$,(#6327));
#6329=PRESENTATION_STYLE_ASSIGNMENT((#6330));
#6330=SURFACE_STYLE_USAGE(.BOTH.,#6331);
#6331=SURFACE_SIDE_STYLE('',(#6332));
#6332=SURFACE_STYLE_FILL_AREA(#6333);
#6333=FILL_AREA_STYLE('\X2\94A2\X0\ - \X2\7F0E5149\X0\',(#6334));
#6334=FILL_AREA_STYLE_COLOUR('\X2\94A2\X0\ - \X2\7F0E5149\X0\',#6335);
#6335=COLOUR_RGB('\X2\94A2\X0\ - \X2\7F0E5149\X0\',0.627450980392157,0.627450980392157,
0.627450980392157);
ENDSEC;
END-ISO-10303-21;
