ISO-10303-21;
HEADER;
/* Generated by software containing ST-Developer
 * from STEP Tools, Inc. (www.steptools.com) 
 */

FILE_DESCRIPTION(
/* description */ (''),
/* implementation_level */ '2;1');

FILE_NAME(
/* name */ '',
/* time_stamp */ '2026-08-11T12:31:10+09:00',
/* author */ (''),
/* organization */ (''),
/* preprocessor_version */ 'ST-DEVELOPER v20.1',
/* originating_system */ 'Autodesk Translation Framework v15.8.0.0',
/* authorisation */ '');

FILE_SCHEMA (('AUTOMOTIVE_DESIGN { 1 0 10303 214 3 1 1 }'));
ENDSEC;

DATA;
#10=MECHANICAL_DESIGN_GEOMETRIC_PRESENTATION_REPRESENTATION('',(#13,#14,
#15,#16,#17,#18),#4051);
#11=SHAPE_REPRESENTATION_RELATIONSHIP('SRR','None',#4058,#12);
#12=ADVANCED_BREP_SHAPE_REPRESENTATION('',(#19,#20,#21,#22,#23,#24),#4050);
#13=STYLED_ITEM('',(#4067),#19);
#14=STYLED_ITEM('',(#4067),#20);
#15=STYLED_ITEM('',(#4067),#21);
#16=STYLED_ITEM('',(#4067),#22);
#17=STYLED_ITEM('',(#4067),#23);
#18=STYLED_ITEM('',(#4067),#24);
#19=MANIFOLD_SOLID_BREP('\X2\5B9E4F53\X0\1',#2506);
#20=MANIFOLD_SOLID_BREP('\X2\5B9E4F53\X0\2',#2507);
#21=MANIFOLD_SOLID_BREP('\X2\5B9E4F53\X0\3',#2508);
#22=MANIFOLD_SOLID_BREP('\X2\5B9E4F53\X0\4',#2509);
#23=MANIFOLD_SOLID_BREP('\X2\5B9E4F53\X0\5',#2510);
#24=MANIFOLD_SOLID_BREP('\X2\5B9E4F53\X0\6',#2511);
#25=FACE_BOUND('',#373,.T.);
#26=FACE_BOUND('',#374,.T.);
#27=FACE_BOUND('',#375,.T.);
#28=FACE_BOUND('',#377,.T.);
#29=FACE_BOUND('',#387,.T.);
#30=FACE_BOUND('',#388,.T.);
#31=FACE_BOUND('',#389,.T.);
#32=FACE_BOUND('',#393,.T.);
#33=FACE_BOUND('',#425,.T.);
#34=FACE_BOUND('',#426,.T.);
#35=FACE_BOUND('',#427,.T.);
#36=FACE_BOUND('',#428,.T.);
#37=FACE_BOUND('',#429,.T.);
#38=FACE_BOUND('',#430,.T.);
#39=FACE_BOUND('',#431,.T.);
#40=FACE_BOUND('',#432,.T.);
#41=FACE_BOUND('',#434,.T.);
#42=FACE_BOUND('',#435,.T.);
#43=FACE_BOUND('',#436,.T.);
#44=FACE_BOUND('',#437,.T.);
#45=FACE_BOUND('',#438,.T.);
#46=FACE_BOUND('',#439,.T.);
#47=FACE_BOUND('',#440,.T.);
#48=FACE_BOUND('',#441,.T.);
#49=FACE_BOUND('',#442,.T.);
#50=FACE_BOUND('',#443,.T.);
#51=FACE_BOUND('',#444,.T.);
#52=FACE_BOUND('',#445,.T.);
#53=FACE_BOUND('',#468,.T.);
#54=PLANE('',#2528);
#55=PLANE('',#2532);
#56=PLANE('',#2536);
#57=PLANE('',#2540);
#58=PLANE('',#2544);
#59=PLANE('',#2548);
#60=PLANE('',#2552);
#61=PLANE('',#2556);
#62=PLANE('',#2557);
#63=PLANE('',#2558);
#64=PLANE('',#2559);
#65=PLANE('',#2560);
#66=PLANE('',#2561);
#67=PLANE('',#2562);
#68=PLANE('',#2563);
#69=PLANE('',#2564);
#70=PLANE('',#2565);
#71=PLANE('',#2566);
#72=PLANE('',#2567);
#73=PLANE('',#2568);
#74=PLANE('',#2569);
#75=PLANE('',#2570);
#76=PLANE('',#2571);
#77=PLANE('',#2572);
#78=PLANE('',#2573);
#79=PLANE('',#2574);
#80=PLANE('',#2575);
#81=PLANE('',#2576);
#82=PLANE('',#2578);
#83=PLANE('',#2580);
#84=PLANE('',#2581);
#85=PLANE('',#2582);
#86=PLANE('',#2583);
#87=PLANE('',#2584);
#88=PLANE('',#2589);
#89=PLANE('',#2590);
#90=PLANE('',#2591);
#91=PLANE('',#2592);
#92=PLANE('',#2593);
#93=PLANE('',#2594);
#94=PLANE('',#2595);
#95=PLANE('',#2596);
#96=PLANE('',#2603);
#97=PLANE('',#2604);
#98=PLANE('',#2605);
#99=PLANE('',#2606);
#100=PLANE('',#2607);
#101=PLANE('',#2608);
#102=PLANE('',#2609);
#103=PLANE('',#2610);
#104=PLANE('',#2611);
#105=PLANE('',#2612);
#106=PLANE('',#2613);
#107=PLANE('',#2614);
#108=PLANE('',#2615);
#109=PLANE('',#2616);
#110=PLANE('',#2617);
#111=PLANE('',#2618);
#112=PLANE('',#2619);
#113=PLANE('',#2620);
#114=PLANE('',#2621);
#115=PLANE('',#2622);
#116=PLANE('',#2623);
#117=PLANE('',#2624);
#118=PLANE('',#2625);
#119=PLANE('',#2626);
#120=PLANE('',#2627);
#121=PLANE('',#2628);
#122=PLANE('',#2629);
#123=PLANE('',#2630);
#124=PLANE('',#2631);
#125=PLANE('',#2632);
#126=PLANE('',#2633);
#127=PLANE('',#2634);
#128=PLANE('',#2647);
#129=PLANE('',#2648);
#130=PLANE('',#2649);
#131=PLANE('',#2650);
#132=PLANE('',#2651);
#133=PLANE('',#2652);
#134=PLANE('',#2653);
#135=PLANE('',#2654);
#136=PLANE('',#2655);
#137=PLANE('',#2656);
#138=PLANE('',#2657);
#139=PLANE('',#2658);
#140=PLANE('',#2659);
#141=PLANE('',#2660);
#142=PLANE('',#2661);
#143=PLANE('',#2662);
#144=PLANE('',#2663);
#145=PLANE('',#2664);
#146=PLANE('',#2665);
#147=PLANE('',#2666);
#148=PLANE('',#2667);
#149=PLANE('',#2668);
#150=PLANE('',#2669);
#151=PLANE('',#2670);
#152=PLANE('',#2671);
#153=PLANE('',#2672);
#154=PLANE('',#2673);
#155=PLANE('',#2674);
#156=PLANE('',#2675);
#157=PLANE('',#2676);
#158=PLANE('',#2677);
#159=PLANE('',#2678);
#160=PLANE('',#2679);
#161=PLANE('',#2680);
#162=PLANE('',#2681);
#163=PLANE('',#2682);
#164=PLANE('',#2683);
#165=PLANE('',#2684);
#166=PLANE('',#2685);
#167=PLANE('',#2686);
#168=PLANE('',#2687);
#169=PLANE('',#2688);
#170=PLANE('',#2689);
#171=PLANE('',#2690);
#172=PLANE('',#2691);
#173=PLANE('',#2692);
#174=PLANE('',#2693);
#175=PLANE('',#2694);
#176=PLANE('',#2695);
#177=PLANE('',#2696);
#178=PLANE('',#2697);
#179=PLANE('',#2698);
#180=FACE_OUTER_BOUND('',#322,.T.);
#181=FACE_OUTER_BOUND('',#323,.T.);
#182=FACE_OUTER_BOUND('',#324,.T.);
#183=FACE_OUTER_BOUND('',#325,.T.);
#184=FACE_OUTER_BOUND('',#326,.T.);
#185=FACE_OUTER_BOUND('',#327,.T.);
#186=FACE_OUTER_BOUND('',#328,.T.);
#187=FACE_OUTER_BOUND('',#329,.T.);
#188=FACE_OUTER_BOUND('',#330,.T.);
#189=FACE_OUTER_BOUND('',#331,.T.);
#190=FACE_OUTER_BOUND('',#332,.T.);
#191=FACE_OUTER_BOUND('',#333,.T.);
#192=FACE_OUTER_BOUND('',#334,.T.);
#193=FACE_OUTER_BOUND('',#335,.T.);
#194=FACE_OUTER_BOUND('',#336,.T.);
#195=FACE_OUTER_BOUND('',#337,.T.);
#196=FACE_OUTER_BOUND('',#338,.T.);
#197=FACE_OUTER_BOUND('',#339,.T.);
#198=FACE_OUTER_BOUND('',#340,.T.);
#199=FACE_OUTER_BOUND('',#341,.T.);
#200=FACE_OUTER_BOUND('',#342,.T.);
#201=FACE_OUTER_BOUND('',#343,.T.);
#202=FACE_OUTER_BOUND('',#344,.T.);
#203=FACE_OUTER_BOUND('',#345,.T.);
#204=FACE_OUTER_BOUND('',#346,.T.);
#205=FACE_OUTER_BOUND('',#347,.T.);
#206=FACE_OUTER_BOUND('',#348,.T.);
#207=FACE_OUTER_BOUND('',#349,.T.);
#208=FACE_OUTER_BOUND('',#350,.T.);
#209=FACE_OUTER_BOUND('',#351,.T.);
#210=FACE_OUTER_BOUND('',#352,.T.);
#211=FACE_OUTER_BOUND('',#353,.T.);
#212=FACE_OUTER_BOUND('',#354,.T.);
#213=FACE_OUTER_BOUND('',#355,.T.);
#214=FACE_OUTER_BOUND('',#356,.T.);
#215=FACE_OUTER_BOUND('',#357,.T.);
#216=FACE_OUTER_BOUND('',#358,.T.);
#217=FACE_OUTER_BOUND('',#359,.T.);
#218=FACE_OUTER_BOUND('',#360,.T.);
#219=FACE_OUTER_BOUND('',#361,.T.);
#220=FACE_OUTER_BOUND('',#362,.T.);
#221=FACE_OUTER_BOUND('',#363,.T.);
#222=FACE_OUTER_BOUND('',#364,.T.);
#223=FACE_OUTER_BOUND('',#365,.T.);
#224=FACE_OUTER_BOUND('',#366,.T.);
#225=FACE_OUTER_BOUND('',#367,.T.);
#226=FACE_OUTER_BOUND('',#368,.T.);
#227=FACE_OUTER_BOUND('',#369,.T.);
#228=FACE_OUTER_BOUND('',#370,.T.);
#229=FACE_OUTER_BOUND('',#371,.T.);
#230=FACE_OUTER_BOUND('',#372,.T.);
#231=FACE_OUTER_BOUND('',#376,.T.);
#232=FACE_OUTER_BOUND('',#378,.T.);
#233=FACE_OUTER_BOUND('',#379,.T.);
#234=FACE_OUTER_BOUND('',#380,.T.);
#235=FACE_OUTER_BOUND('',#381,.T.);
#236=FACE_OUTER_BOUND('',#382,.T.);
#237=FACE_OUTER_BOUND('',#383,.T.);
#238=FACE_OUTER_BOUND('',#384,.T.);
#239=FACE_OUTER_BOUND('',#385,.T.);
#240=FACE_OUTER_BOUND('',#386,.T.);
#241=FACE_OUTER_BOUND('',#390,.T.);
#242=FACE_OUTER_BOUND('',#391,.T.);
#243=FACE_OUTER_BOUND('',#392,.T.);
#244=FACE_OUTER_BOUND('',#394,.T.);
#245=FACE_OUTER_BOUND('',#395,.T.);
#246=FACE_OUTER_BOUND('',#396,.T.);
#247=FACE_OUTER_BOUND('',#397,.T.);
#248=FACE_OUTER_BOUND('',#398,.T.);
#249=FACE_OUTER_BOUND('',#399,.T.);
#250=FACE_OUTER_BOUND('',#400,.T.);
#251=FACE_OUTER_BOUND('',#401,.T.);
#252=FACE_OUTER_BOUND('',#402,.T.);
#253=FACE_OUTER_BOUND('',#403,.T.);
#254=FACE_OUTER_BOUND('',#404,.T.);
#255=FACE_OUTER_BOUND('',#405,.T.);
#256=FACE_OUTER_BOUND('',#406,.T.);
#257=FACE_OUTER_BOUND('',#407,.T.);
#258=FACE_OUTER_BOUND('',#408,.T.);
#259=FACE_OUTER_BOUND('',#409,.T.);
#260=FACE_OUTER_BOUND('',#410,.T.);
#261=FACE_OUTER_BOUND('',#411,.T.);
#262=FACE_OUTER_BOUND('',#412,.T.);
#263=FACE_OUTER_BOUND('',#413,.T.);
#264=FACE_OUTER_BOUND('',#414,.T.);
#265=FACE_OUTER_BOUND('',#415,.T.);
#266=FACE_OUTER_BOUND('',#416,.T.);
#267=FACE_OUTER_BOUND('',#417,.T.);
#268=FACE_OUTER_BOUND('',#418,.T.);
#269=FACE_OUTER_BOUND('',#419,.T.);
#270=FACE_OUTER_BOUND('',#420,.T.);
#271=FACE_OUTER_BOUND('',#421,.T.);
#272=FACE_OUTER_BOUND('',#422,.T.);
#273=FACE_OUTER_BOUND('',#423,.T.);
#274=FACE_OUTER_BOUND('',#424,.T.);
#275=FACE_OUTER_BOUND('',#433,.T.);
#276=FACE_OUTER_BOUND('',#446,.T.);
#277=FACE_OUTER_BOUND('',#447,.T.);
#278=FACE_OUTER_BOUND('',#448,.T.);
#279=FACE_OUTER_BOUND('',#449,.T.);
#280=FACE_OUTER_BOUND('',#450,.T.);
#281=FACE_OUTER_BOUND('',#451,.T.);
#282=FACE_OUTER_BOUND('',#452,.T.);
#283=FACE_OUTER_BOUND('',#453,.T.);
#284=FACE_OUTER_BOUND('',#454,.T.);
#285=FACE_OUTER_BOUND('',#455,.T.);
#286=FACE_OUTER_BOUND('',#456,.T.);
#287=FACE_OUTER_BOUND('',#457,.T.);
#288=FACE_OUTER_BOUND('',#458,.T.);
#289=FACE_OUTER_BOUND('',#459,.T.);
#290=FACE_OUTER_BOUND('',#460,.T.);
#291=FACE_OUTER_BOUND('',#461,.T.);
#292=FACE_OUTER_BOUND('',#462,.T.);
#293=FACE_OUTER_BOUND('',#463,.T.);
#294=FACE_OUTER_BOUND('',#464,.T.);
#295=FACE_OUTER_BOUND('',#465,.T.);
#296=FACE_OUTER_BOUND('',#466,.T.);
#297=FACE_OUTER_BOUND('',#467,.T.);
#298=FACE_OUTER_BOUND('',#469,.T.);
#299=FACE_OUTER_BOUND('',#470,.T.);
#300=FACE_OUTER_BOUND('',#471,.T.);
#301=FACE_OUTER_BOUND('',#472,.T.);
#302=FACE_OUTER_BOUND('',#473,.T.);
#303=FACE_OUTER_BOUND('',#474,.T.);
#304=FACE_OUTER_BOUND('',#475,.T.);
#305=FACE_OUTER_BOUND('',#476,.T.);
#306=FACE_OUTER_BOUND('',#477,.T.);
#307=FACE_OUTER_BOUND('',#478,.T.);
#308=FACE_OUTER_BOUND('',#479,.T.);
#309=FACE_OUTER_BOUND('',#480,.T.);
#310=FACE_OUTER_BOUND('',#481,.T.);
#311=FACE_OUTER_BOUND('',#482,.T.);
#312=FACE_OUTER_BOUND('',#483,.T.);
#313=FACE_OUTER_BOUND('',#484,.T.);
#314=FACE_OUTER_BOUND('',#485,.T.);
#315=FACE_OUTER_BOUND('',#486,.T.);
#316=FACE_OUTER_BOUND('',#487,.T.);
#317=FACE_OUTER_BOUND('',#488,.T.);
#318=FACE_OUTER_BOUND('',#489,.T.);
#319=FACE_OUTER_BOUND('',#490,.T.);
#320=FACE_OUTER_BOUND('',#491,.T.);
#321=FACE_OUTER_BOUND('',#492,.T.);
#322=EDGE_LOOP('',(#1682,#1683,#1684,#1685));
#323=EDGE_LOOP('',(#1686));
#324=EDGE_LOOP('',(#1687,#1688,#1689,#1690));
#325=EDGE_LOOP('',(#1691));
#326=EDGE_LOOP('',(#1692,#1693,#1694,#1695));
#327=EDGE_LOOP('',(#1696));
#328=EDGE_LOOP('',(#1697,#1698,#1699,#1700));
#329=EDGE_LOOP('',(#1701));
#330=EDGE_LOOP('',(#1702,#1703,#1704,#1705));
#331=EDGE_LOOP('',(#1706));
#332=EDGE_LOOP('',(#1707,#1708,#1709,#1710));
#333=EDGE_LOOP('',(#1711));
#334=EDGE_LOOP('',(#1712,#1713,#1714,#1715));
#335=EDGE_LOOP('',(#1716));
#336=EDGE_LOOP('',(#1717,#1718,#1719,#1720));
#337=EDGE_LOOP('',(#1721));
#338=EDGE_LOOP('',(#1722,#1723,#1724,#1725));
#339=EDGE_LOOP('',(#1726,#1727,#1728,#1729));
#340=EDGE_LOOP('',(#1730,#1731,#1732,#1733));
#341=EDGE_LOOP('',(#1734,#1735,#1736,#1737));
#342=EDGE_LOOP('',(#1738,#1739,#1740,#1741));
#343=EDGE_LOOP('',(#1742,#1743,#1744,#1745));
#344=EDGE_LOOP('',(#1746,#1747,#1748,#1749,#1750,#1751,#1752,#1753));
#345=EDGE_LOOP('',(#1754,#1755,#1756,#1757,#1758,#1759,#1760,#1761,#1762));
#346=EDGE_LOOP('',(#1763,#1764,#1765,#1766,#1767,#1768,#1769,#1770,#1771));
#347=EDGE_LOOP('',(#1772,#1773,#1774,#1775,#1776,#1777,#1778,#1779));
#348=EDGE_LOOP('',(#1780,#1781,#1782,#1783));
#349=EDGE_LOOP('',(#1784,#1785,#1786,#1787,#1788,#1789,#1790,#1791));
#350=EDGE_LOOP('',(#1792,#1793,#1794,#1795));
#351=EDGE_LOOP('',(#1796,#1797,#1798,#1799));
#352=EDGE_LOOP('',(#1800,#1801,#1802,#1803,#1804,#1805,#1806,#1807));
#353=EDGE_LOOP('',(#1808,#1809,#1810,#1811));
#354=EDGE_LOOP('',(#1812,#1813,#1814,#1815));
#355=EDGE_LOOP('',(#1816,#1817,#1818,#1819));
#356=EDGE_LOOP('',(#1820,#1821,#1822,#1823));
#357=EDGE_LOOP('',(#1824));
#358=EDGE_LOOP('',(#1825));
#359=EDGE_LOOP('',(#1826,#1827,#1828,#1829));
#360=EDGE_LOOP('',(#1830,#1831,#1832,#1833));
#361=EDGE_LOOP('',(#1834,#1835,#1836,#1837));
#362=EDGE_LOOP('',(#1838,#1839,#1840,#1841));
#363=EDGE_LOOP('',(#1842,#1843,#1844,#1845));
#364=EDGE_LOOP('',(#1846,#1847,#1848,#1849));
#365=EDGE_LOOP('',(#1850,#1851,#1852,#1853));
#366=EDGE_LOOP('',(#1854,#1855,#1856,#1857));
#367=EDGE_LOOP('',(#1858,#1859,#1860,#1861));
#368=EDGE_LOOP('',(#1862,#1863,#1864,#1865));
#369=EDGE_LOOP('',(#1866,#1867,#1868,#1869));
#370=EDGE_LOOP('',(#1870,#1871,#1872,#1873));
#371=EDGE_LOOP('',(#1874,#1875,#1876,#1877));
#372=EDGE_LOOP('',(#1878,#1879,#1880,#1881,#1882,#1883));
#373=EDGE_LOOP('',(#1884,#1885,#1886,#1887));
#374=EDGE_LOOP('',(#1888));
#375=EDGE_LOOP('',(#1889));
#376=EDGE_LOOP('',(#1890,#1891,#1892,#1893,#1894,#1895));
#377=EDGE_LOOP('',(#1896,#1897,#1898,#1899,#1900,#1901));
#378=EDGE_LOOP('',(#1902,#1903,#1904,#1905));
#379=EDGE_LOOP('',(#1906,#1907,#1908,#1909));
#380=EDGE_LOOP('',(#1910,#1911,#1912,#1913));
#381=EDGE_LOOP('',(#1914,#1915,#1916,#1917));
#382=EDGE_LOOP('',(#1918,#1919,#1920,#1921));
#383=EDGE_LOOP('',(#1922,#1923,#1924,#1925));
#384=EDGE_LOOP('',(#1926,#1927,#1928,#1929));
#385=EDGE_LOOP('',(#1930,#1931,#1932,#1933));
#386=EDGE_LOOP('',(#1934,#1935,#1936,#1937,#1938,#1939));
#387=EDGE_LOOP('',(#1940));
#388=EDGE_LOOP('',(#1941,#1942,#1943,#1944));
#389=EDGE_LOOP('',(#1945));
#390=EDGE_LOOP('',(#1946,#1947,#1948,#1949));
#391=EDGE_LOOP('',(#1950,#1951,#1952,#1953));
#392=EDGE_LOOP('',(#1954,#1955,#1956,#1957,#1958,#1959));
#393=EDGE_LOOP('',(#1960,#1961,#1962,#1963,#1964,#1965));
#394=EDGE_LOOP('',(#1966));
#395=EDGE_LOOP('',(#1967,#1968,#1969,#1970));
#396=EDGE_LOOP('',(#1971,#1972,#1973,#1974));
#397=EDGE_LOOP('',(#1975,#1976,#1977,#1978));
#398=EDGE_LOOP('',(#1979,#1980,#1981,#1982));
#399=EDGE_LOOP('',(#1983,#1984,#1985,#1986));
#400=EDGE_LOOP('',(#1987,#1988,#1989,#1990));
#401=EDGE_LOOP('',(#1991,#1992,#1993,#1994));
#402=EDGE_LOOP('',(#1995,#1996,#1997,#1998));
#403=EDGE_LOOP('',(#1999,#2000,#2001,#2002));
#404=EDGE_LOOP('',(#2003,#2004,#2005,#2006));
#405=EDGE_LOOP('',(#2007,#2008,#2009,#2010));
#406=EDGE_LOOP('',(#2011,#2012,#2013,#2014));
#407=EDGE_LOOP('',(#2015,#2016,#2017,#2018));
#408=EDGE_LOOP('',(#2019,#2020,#2021,#2022));
#409=EDGE_LOOP('',(#2023));
#410=EDGE_LOOP('',(#2024,#2025,#2026,#2027));
#411=EDGE_LOOP('',(#2028,#2029,#2030,#2031));
#412=EDGE_LOOP('',(#2032,#2033,#2034,#2035));
#413=EDGE_LOOP('',(#2036,#2037,#2038,#2039));
#414=EDGE_LOOP('',(#2040,#2041,#2042,#2043));
#415=EDGE_LOOP('',(#2044,#2045,#2046,#2047));
#416=EDGE_LOOP('',(#2048,#2049,#2050,#2051));
#417=EDGE_LOOP('',(#2052,#2053,#2054,#2055));
#418=EDGE_LOOP('',(#2056,#2057,#2058,#2059));
#419=EDGE_LOOP('',(#2060,#2061,#2062,#2063));
#420=EDGE_LOOP('',(#2064,#2065,#2066,#2067));
#421=EDGE_LOOP('',(#2068,#2069,#2070,#2071));
#422=EDGE_LOOP('',(#2072,#2073,#2074,#2075));
#423=EDGE_LOOP('',(#2076,#2077,#2078,#2079));
#424=EDGE_LOOP('',(#2080,#2081,#2082,#2083));
#425=EDGE_LOOP('',(#2084));
#426=EDGE_LOOP('',(#2085));
#427=EDGE_LOOP('',(#2086));
#428=EDGE_LOOP('',(#2087));
#429=EDGE_LOOP('',(#2088,#2089,#2090,#2091,#2092,#2093));
#430=EDGE_LOOP('',(#2094,#2095,#2096,#2097,#2098,#2099));
#431=EDGE_LOOP('',(#2100,#2101,#2102,#2103));
#432=EDGE_LOOP('',(#2104,#2105,#2106,#2107,#2108,#2109));
#433=EDGE_LOOP('',(#2110,#2111,#2112,#2113));
#434=EDGE_LOOP('',(#2114));
#435=EDGE_LOOP('',(#2115));
#436=EDGE_LOOP('',(#2116));
#437=EDGE_LOOP('',(#2117));
#438=EDGE_LOOP('',(#2118));
#439=EDGE_LOOP('',(#2119));
#440=EDGE_LOOP('',(#2120));
#441=EDGE_LOOP('',(#2121));
#442=EDGE_LOOP('',(#2122));
#443=EDGE_LOOP('',(#2123));
#444=EDGE_LOOP('',(#2124));
#445=EDGE_LOOP('',(#2125));
#446=EDGE_LOOP('',(#2126,#2127,#2128,#2129));
#447=EDGE_LOOP('',(#2130,#2131,#2132,#2133));
#448=EDGE_LOOP('',(#2134,#2135,#2136,#2137));
#449=EDGE_LOOP('',(#2138,#2139,#2140,#2141));
#450=EDGE_LOOP('',(#2142,#2143,#2144,#2145));
#451=EDGE_LOOP('',(#2146,#2147,#2148,#2149));
#452=EDGE_LOOP('',(#2150,#2151,#2152,#2153));
#453=EDGE_LOOP('',(#2154,#2155,#2156,#2157));
#454=EDGE_LOOP('',(#2158,#2159,#2160,#2161,#2162));
#455=EDGE_LOOP('',(#2163,#2164,#2165,#2166,#2167,#2168,#2169,#2170));
#456=EDGE_LOOP('',(#2171,#2172,#2173,#2174,#2175,#2176,#2177,#2178));
#457=EDGE_LOOP('',(#2179,#2180,#2181,#2182,#2183,#2184));
#458=EDGE_LOOP('',(#2185,#2186,#2187,#2188,#2189,#2190));
#459=EDGE_LOOP('',(#2191,#2192,#2193,#2194,#2195,#2196,#2197,#2198));
#460=EDGE_LOOP('',(#2199,#2200,#2201,#2202,#2203,#2204));
#461=EDGE_LOOP('',(#2205,#2206,#2207,#2208,#2209,#2210,#2211,#2212));
#462=EDGE_LOOP('',(#2213,#2214,#2215,#2216));
#463=EDGE_LOOP('',(#2217,#2218,#2219,#2220,#2221,#2222,#2223,#2224));
#464=EDGE_LOOP('',(#2225,#2226,#2227,#2228));
#465=EDGE_LOOP('',(#2229,#2230,#2231,#2232,#2233,#2234,#2235,#2236));
#466=EDGE_LOOP('',(#2237,#2238,#2239,#2240,#2241,#2242));
#467=EDGE_LOOP('',(#2243,#2244,#2245,#2246,#2247));
#468=EDGE_LOOP('',(#2248,#2249,#2250,#2251));
#469=EDGE_LOOP('',(#2252,#2253,#2254,#2255));
#470=EDGE_LOOP('',(#2256,#2257,#2258,#2259));
#471=EDGE_LOOP('',(#2260,#2261,#2262,#2263));
#472=EDGE_LOOP('',(#2264,#2265,#2266,#2267));
#473=EDGE_LOOP('',(#2268,#2269,#2270,#2271));
#474=EDGE_LOOP('',(#2272,#2273,#2274,#2275));
#475=EDGE_LOOP('',(#2276,#2277,#2278,#2279));
#476=EDGE_LOOP('',(#2280,#2281,#2282,#2283));
#477=EDGE_LOOP('',(#2284,#2285,#2286,#2287));
#478=EDGE_LOOP('',(#2288,#2289,#2290,#2291));
#479=EDGE_LOOP('',(#2292,#2293,#2294,#2295));
#480=EDGE_LOOP('',(#2296,#2297,#2298,#2299));
#481=EDGE_LOOP('',(#2300,#2301,#2302,#2303));
#482=EDGE_LOOP('',(#2304,#2305,#2306,#2307));
#483=EDGE_LOOP('',(#2308,#2309,#2310,#2311));
#484=EDGE_LOOP('',(#2312,#2313,#2314,#2315));
#485=EDGE_LOOP('',(#2316,#2317,#2318,#2319));
#486=EDGE_LOOP('',(#2320,#2321,#2322,#2323));
#487=EDGE_LOOP('',(#2324,#2325,#2326,#2327));
#488=EDGE_LOOP('',(#2328,#2329,#2330,#2331));
#489=EDGE_LOOP('',(#2332,#2333,#2334,#2335));
#490=EDGE_LOOP('',(#2336,#2337,#2338,#2339));
#491=EDGE_LOOP('',(#2340,#2341,#2342,#2343));
#492=EDGE_LOOP('',(#2344,#2345,#2346,#2347));
#493=LINE('',#3355,#794);
#494=LINE('',#3362,#795);
#495=LINE('',#3369,#796);
#496=LINE('',#3376,#797);
#497=LINE('',#3383,#798);
#498=LINE('',#3390,#799);
#499=LINE('',#3397,#800);
#500=LINE('',#3404,#801);
#501=LINE('',#3410,#802);
#502=LINE('',#3412,#803);
#503=LINE('',#3414,#804);
#504=LINE('',#3415,#805);
#505=LINE('',#3419,#806);
#506=LINE('',#3421,#807);
#507=LINE('',#3423,#808);
#508=LINE('',#3424,#809);
#509=LINE('',#3426,#810);
#510=LINE('',#3427,#811);
#511=LINE('',#3431,#812);
#512=LINE('',#3433,#813);
#513=LINE('',#3435,#814);
#514=LINE('',#3436,#815);
#515=LINE('',#3440,#816);
#516=LINE('',#3442,#817);
#517=LINE('',#3444,#818);
#518=LINE('',#3445,#819);
#519=LINE('',#3447,#820);
#520=LINE('',#3448,#821);
#521=LINE('',#3451,#822);
#522=LINE('',#3453,#823);
#523=LINE('',#3455,#824);
#524=LINE('',#3457,#825);
#525=LINE('',#3458,#826);
#526=LINE('',#3461,#827);
#527=LINE('',#3463,#828);
#528=LINE('',#3464,#829);
#529=LINE('',#3466,#830);
#530=LINE('',#3468,#831);
#531=LINE('',#3469,#832);
#532=LINE('',#3472,#833);
#533=LINE('',#3474,#834);
#534=LINE('',#3475,#835);
#535=LINE('',#3477,#836);
#536=LINE('',#3479,#837);
#537=LINE('',#3480,#838);
#538=LINE('',#3483,#839);
#539=LINE('',#3485,#840);
#540=LINE('',#3486,#841);
#541=LINE('',#3489,#842);
#542=LINE('',#3490,#843);
#543=LINE('',#3493,#844);
#544=LINE('',#3494,#845);
#545=LINE('',#3496,#846);
#546=LINE('',#3500,#847);
#547=LINE('',#3501,#848);
#548=LINE('',#3502,#849);
#549=LINE('',#3505,#850);
#550=LINE('',#3506,#851);
#551=LINE('',#3509,#852);
#552=LINE('',#3510,#853);
#553=LINE('',#3512,#854);
#554=LINE('',#3514,#855);
#555=LINE('',#3525,#856);
#556=LINE('',#3527,#857);
#557=LINE('',#3529,#858);
#558=LINE('',#3530,#859);
#559=LINE('',#3533,#860);
#560=LINE('',#3535,#861);
#561=LINE('',#3536,#862);
#562=LINE('',#3539,#863);
#563=LINE('',#3541,#864);
#564=LINE('',#3542,#865);
#565=LINE('',#3544,#866);
#566=LINE('',#3545,#867);
#567=LINE('',#3549,#868);
#568=LINE('',#3553,#869);
#569=LINE('',#3558,#870);
#570=LINE('',#3560,#871);
#571=LINE('',#3562,#872);
#572=LINE('',#3563,#873);
#573=LINE('',#3566,#874);
#574=LINE('',#3568,#875);
#575=LINE('',#3569,#876);
#576=LINE('',#3572,#877);
#577=LINE('',#3574,#878);
#578=LINE('',#3575,#879);
#579=LINE('',#3578,#880);
#580=LINE('',#3580,#881);
#581=LINE('',#3581,#882);
#582=LINE('',#3584,#883);
#583=LINE('',#3586,#884);
#584=LINE('',#3587,#885);
#585=LINE('',#3589,#886);
#586=LINE('',#3590,#887);
#587=LINE('',#3595,#888);
#588=LINE('',#3597,#889);
#589=LINE('',#3599,#890);
#590=LINE('',#3601,#891);
#591=LINE('',#3603,#892);
#592=LINE('',#3604,#893);
#593=LINE('',#3609,#894);
#594=LINE('',#3615,#895);
#595=LINE('',#3620,#896);
#596=LINE('',#3622,#897);
#597=LINE('',#3624,#898);
#598=LINE('',#3625,#899);
#599=LINE('',#3628,#900);
#600=LINE('',#3630,#901);
#601=LINE('',#3631,#902);
#602=LINE('',#3634,#903);
#603=LINE('',#3636,#904);
#604=LINE('',#3637,#905);
#605=LINE('',#3640,#906);
#606=LINE('',#3642,#907);
#607=LINE('',#3643,#908);
#608=LINE('',#3646,#909);
#609=LINE('',#3648,#910);
#610=LINE('',#3649,#911);
#611=LINE('',#3651,#912);
#612=LINE('',#3652,#913);
#613=LINE('',#3656,#914);
#614=LINE('',#3658,#915);
#615=LINE('',#3660,#916);
#616=LINE('',#3661,#917);
#617=LINE('',#3664,#918);
#618=LINE('',#3666,#919);
#619=LINE('',#3667,#920);
#620=LINE('',#3670,#921);
#621=LINE('',#3671,#922);
#622=LINE('',#3675,#923);
#623=LINE('',#3677,#924);
#624=LINE('',#3679,#925);
#625=LINE('',#3681,#926);
#626=LINE('',#3683,#927);
#627=LINE('',#3684,#928);
#628=LINE('',#3688,#929);
#629=LINE('',#3689,#930);
#630=LINE('',#3691,#931);
#631=LINE('',#3696,#932);
#632=LINE('',#3698,#933);
#633=LINE('',#3700,#934);
#634=LINE('',#3701,#935);
#635=LINE('',#3704,#936);
#636=LINE('',#3706,#937);
#637=LINE('',#3707,#938);
#638=LINE('',#3710,#939);
#639=LINE('',#3712,#940);
#640=LINE('',#3713,#941);
#641=LINE('',#3715,#942);
#642=LINE('',#3716,#943);
#643=LINE('',#3721,#944);
#644=LINE('',#3722,#945);
#645=LINE('',#3723,#946);
#646=LINE('',#3726,#947);
#647=LINE('',#3727,#948);
#648=LINE('',#3730,#949);
#649=LINE('',#3731,#950);
#650=LINE('',#3734,#951);
#651=LINE('',#3735,#952);
#652=LINE('',#3738,#953);
#653=LINE('',#3739,#954);
#654=LINE('',#3741,#955);
#655=LINE('',#3746,#956);
#656=LINE('',#3747,#957);
#657=LINE('',#3748,#958);
#658=LINE('',#3751,#959);
#659=LINE('',#3752,#960);
#660=LINE('',#3755,#961);
#661=LINE('',#3756,#962);
#662=LINE('',#3759,#963);
#663=LINE('',#3760,#964);
#664=LINE('',#3763,#965);
#665=LINE('',#3764,#966);
#666=LINE('',#3766,#967);
#667=LINE('',#3771,#968);
#668=LINE('',#3777,#969);
#669=LINE('',#3783,#970);
#670=LINE('',#3789,#971);
#671=LINE('',#3794,#972);
#672=LINE('',#3796,#973);
#673=LINE('',#3798,#974);
#674=LINE('',#3799,#975);
#675=LINE('',#3802,#976);
#676=LINE('',#3804,#977);
#677=LINE('',#3805,#978);
#678=LINE('',#3808,#979);
#679=LINE('',#3810,#980);
#680=LINE('',#3811,#981);
#681=LINE('',#3813,#982);
#682=LINE('',#3814,#983);
#683=LINE('',#3820,#984);
#684=LINE('',#3822,#985);
#685=LINE('',#3824,#986);
#686=LINE('',#3825,#987);
#687=LINE('',#3829,#988);
#688=LINE('',#3831,#989);
#689=LINE('',#3833,#990);
#690=LINE('',#3834,#991);
#691=LINE('',#3836,#992);
#692=LINE('',#3837,#993);
#693=LINE('',#3841,#994);
#694=LINE('',#3843,#995);
#695=LINE('',#3845,#996);
#696=LINE('',#3846,#997);
#697=LINE('',#3850,#998);
#698=LINE('',#3852,#999);
#699=LINE('',#3854,#1000);
#700=LINE('',#3855,#1001);
#701=LINE('',#3857,#1002);
#702=LINE('',#3858,#1003);
#703=LINE('',#3862,#1004);
#704=LINE('',#3864,#1005);
#705=LINE('',#3866,#1006);
#706=LINE('',#3867,#1007);
#707=LINE('',#3871,#1008);
#708=LINE('',#3873,#1009);
#709=LINE('',#3875,#1010);
#710=LINE('',#3876,#1011);
#711=LINE('',#3878,#1012);
#712=LINE('',#3880,#1013);
#713=LINE('',#3881,#1014);
#714=LINE('',#3884,#1015);
#715=LINE('',#3886,#1016);
#716=LINE('',#3888,#1017);
#717=LINE('',#3890,#1018);
#718=LINE('',#3891,#1019);
#719=LINE('',#3894,#1020);
#720=LINE('',#3896,#1021);
#721=LINE('',#3898,#1022);
#722=LINE('',#3900,#1023);
#723=LINE('',#3901,#1024);
#724=LINE('',#3903,#1025);
#725=LINE('',#3905,#1026);
#726=LINE('',#3906,#1027);
#727=LINE('',#3908,#1028);
#728=LINE('',#3910,#1029);
#729=LINE('',#3911,#1030);
#730=LINE('',#3914,#1031);
#731=LINE('',#3915,#1032);
#732=LINE('',#3917,#1033);
#733=LINE('',#3918,#1034);
#734=LINE('',#3921,#1035);
#735=LINE('',#3922,#1036);
#736=LINE('',#3925,#1037);
#737=LINE('',#3926,#1038);
#738=LINE('',#3929,#1039);
#739=LINE('',#3930,#1040);
#740=LINE('',#3932,#1041);
#741=LINE('',#3935,#1042);
#742=LINE('',#3936,#1043);
#743=LINE('',#3939,#1044);
#744=LINE('',#3940,#1045);
#745=LINE('',#3942,#1046);
#746=LINE('',#3947,#1047);
#747=LINE('',#3949,#1048);
#748=LINE('',#3951,#1049);
#749=LINE('',#3952,#1050);
#750=LINE('',#3955,#1051);
#751=LINE('',#3957,#1052);
#752=LINE('',#3958,#1053);
#753=LINE('',#3961,#1054);
#754=LINE('',#3963,#1055);
#755=LINE('',#3964,#1056);
#756=LINE('',#3966,#1057);
#757=LINE('',#3967,#1058);
#758=LINE('',#3973,#1059);
#759=LINE('',#3975,#1060);
#760=LINE('',#3977,#1061);
#761=LINE('',#3978,#1062);
#762=LINE('',#3981,#1063);
#763=LINE('',#3983,#1064);
#764=LINE('',#3984,#1065);
#765=LINE('',#3987,#1066);
#766=LINE('',#3989,#1067);
#767=LINE('',#3990,#1068);
#768=LINE('',#3992,#1069);
#769=LINE('',#3993,#1070);
#770=LINE('',#3999,#1071);
#771=LINE('',#4001,#1072);
#772=LINE('',#4003,#1073);
#773=LINE('',#4004,#1074);
#774=LINE('',#4007,#1075);
#775=LINE('',#4009,#1076);
#776=LINE('',#4010,#1077);
#777=LINE('',#4013,#1078);
#778=LINE('',#4015,#1079);
#779=LINE('',#4016,#1080);
#780=LINE('',#4018,#1081);
#781=LINE('',#4019,#1082);
#782=LINE('',#4025,#1083);
#783=LINE('',#4027,#1084);
#784=LINE('',#4029,#1085);
#785=LINE('',#4030,#1086);
#786=LINE('',#4033,#1087);
#787=LINE('',#4035,#1088);
#788=LINE('',#4036,#1089);
#789=LINE('',#4039,#1090);
#790=LINE('',#4041,#1091);
#791=LINE('',#4042,#1092);
#792=LINE('',#4044,#1093);
#793=LINE('',#4045,#1094);
#794=VECTOR('',#2705,0.3);
#795=VECTOR('',#2714,0.3);
#796=VECTOR('',#2723,0.3);
#797=VECTOR('',#2732,0.3);
#798=VECTOR('',#2741,2.);
#799=VECTOR('',#2750,2.);
#800=VECTOR('',#2759,2.);
#801=VECTOR('',#2768,2.);
#802=VECTOR('',#2775,10.);
#803=VECTOR('',#2776,10.);
#804=VECTOR('',#2777,10.);
#805=VECTOR('',#2778,10.);
#806=VECTOR('',#2781,10.);
#807=VECTOR('',#2782,10.);
#808=VECTOR('',#2783,10.);
#809=VECTOR('',#2784,10.);
#810=VECTOR('',#2787,10.);
#811=VECTOR('',#2788,10.);
#812=VECTOR('',#2791,10.);
#813=VECTOR('',#2792,10.);
#814=VECTOR('',#2793,10.);
#815=VECTOR('',#2794,10.);
#816=VECTOR('',#2797,10.);
#817=VECTOR('',#2798,10.);
#818=VECTOR('',#2799,10.);
#819=VECTOR('',#2800,10.);
#820=VECTOR('',#2803,10.);
#821=VECTOR('',#2804,10.);
#822=VECTOR('',#2807,10.);
#823=VECTOR('',#2808,10.);
#824=VECTOR('',#2809,10.);
#825=VECTOR('',#2810,10.);
#826=VECTOR('',#2811,10.);
#827=VECTOR('',#2814,10.);
#828=VECTOR('',#2815,10.);
#829=VECTOR('',#2816,10.);
#830=VECTOR('',#2817,10.);
#831=VECTOR('',#2818,10.);
#832=VECTOR('',#2819,10.);
#833=VECTOR('',#2822,10.);
#834=VECTOR('',#2823,10.);
#835=VECTOR('',#2824,10.);
#836=VECTOR('',#2825,10.);
#837=VECTOR('',#2826,10.);
#838=VECTOR('',#2827,10.);
#839=VECTOR('',#2830,10.);
#840=VECTOR('',#2831,10.);
#841=VECTOR('',#2832,10.);
#842=VECTOR('',#2835,10.);
#843=VECTOR('',#2836,10.);
#844=VECTOR('',#2839,10.);
#845=VECTOR('',#2840,10.);
#846=VECTOR('',#2843,10.);
#847=VECTOR('',#2846,10.);
#848=VECTOR('',#2847,10.);
#849=VECTOR('',#2848,10.);
#850=VECTOR('',#2851,10.);
#851=VECTOR('',#2852,10.);
#852=VECTOR('',#2855,10.);
#853=VECTOR('',#2856,10.);
#854=VECTOR('',#2859,10.);
#855=VECTOR('',#2862,10.);
#856=VECTOR('',#2875,10.);
#857=VECTOR('',#2876,10.);
#858=VECTOR('',#2877,10.);
#859=VECTOR('',#2878,10.);
#860=VECTOR('',#2881,10.);
#861=VECTOR('',#2882,10.);
#862=VECTOR('',#2883,10.);
#863=VECTOR('',#2886,10.);
#864=VECTOR('',#2887,10.);
#865=VECTOR('',#2888,10.);
#866=VECTOR('',#2891,10.);
#867=VECTOR('',#2892,10.);
#868=VECTOR('',#2897,1.74999995038157);
#869=VECTOR('',#2902,1.75);
#870=VECTOR('',#2907,10.);
#871=VECTOR('',#2908,10.);
#872=VECTOR('',#2909,10.);
#873=VECTOR('',#2910,10.);
#874=VECTOR('',#2913,10.);
#875=VECTOR('',#2914,10.);
#876=VECTOR('',#2915,10.);
#877=VECTOR('',#2918,10.);
#878=VECTOR('',#2919,10.);
#879=VECTOR('',#2920,10.);
#880=VECTOR('',#2923,10.);
#881=VECTOR('',#2924,10.);
#882=VECTOR('',#2925,10.);
#883=VECTOR('',#2928,10.);
#884=VECTOR('',#2929,10.);
#885=VECTOR('',#2930,10.);
#886=VECTOR('',#2933,10.);
#887=VECTOR('',#2934,10.);
#888=VECTOR('',#2939,10.);
#889=VECTOR('',#2940,10.);
#890=VECTOR('',#2941,10.);
#891=VECTOR('',#2942,10.);
#892=VECTOR('',#2943,10.);
#893=VECTOR('',#2944,10.);
#894=VECTOR('',#2949,1.75);
#895=VECTOR('',#2956,1.75);
#896=VECTOR('',#2961,10.);
#897=VECTOR('',#2962,10.);
#898=VECTOR('',#2963,10.);
#899=VECTOR('',#2964,10.);
#900=VECTOR('',#2967,10.);
#901=VECTOR('',#2968,10.);
#902=VECTOR('',#2969,10.);
#903=VECTOR('',#2972,10.);
#904=VECTOR('',#2973,10.);
#905=VECTOR('',#2974,10.);
#906=VECTOR('',#2977,10.);
#907=VECTOR('',#2978,10.);
#908=VECTOR('',#2979,10.);
#909=VECTOR('',#2982,10.);
#910=VECTOR('',#2983,10.);
#911=VECTOR('',#2984,10.);
#912=VECTOR('',#2987,10.);
#913=VECTOR('',#2988,10.);
#914=VECTOR('',#2991,10.);
#915=VECTOR('',#2992,10.);
#916=VECTOR('',#2993,10.);
#917=VECTOR('',#2994,10.);
#918=VECTOR('',#2997,10.);
#919=VECTOR('',#2998,10.);
#920=VECTOR('',#2999,10.);
#921=VECTOR('',#3002,10.);
#922=VECTOR('',#3003,10.);
#923=VECTOR('',#3006,10.);
#924=VECTOR('',#3007,10.);
#925=VECTOR('',#3008,10.);
#926=VECTOR('',#3009,10.);
#927=VECTOR('',#3010,10.);
#928=VECTOR('',#3011,10.);
#929=VECTOR('',#3016,10.);
#930=VECTOR('',#3017,10.);
#931=VECTOR('',#3020,10.);
#932=VECTOR('',#3025,10.);
#933=VECTOR('',#3026,10.);
#934=VECTOR('',#3027,10.);
#935=VECTOR('',#3028,10.);
#936=VECTOR('',#3031,10.);
#937=VECTOR('',#3032,10.);
#938=VECTOR('',#3033,10.);
#939=VECTOR('',#3036,10.);
#940=VECTOR('',#3037,10.);
#941=VECTOR('',#3038,10.);
#942=VECTOR('',#3041,10.);
#943=VECTOR('',#3042,10.);
#944=VECTOR('',#3047,10.);
#945=VECTOR('',#3048,10.);
#946=VECTOR('',#3049,10.);
#947=VECTOR('',#3052,10.);
#948=VECTOR('',#3053,10.);
#949=VECTOR('',#3056,10.);
#950=VECTOR('',#3057,10.);
#951=VECTOR('',#3060,10.);
#952=VECTOR('',#3061,10.);
#953=VECTOR('',#3064,10.);
#954=VECTOR('',#3065,10.);
#955=VECTOR('',#3068,10.);
#956=VECTOR('',#3073,10.);
#957=VECTOR('',#3074,10.);
#958=VECTOR('',#3075,10.);
#959=VECTOR('',#3078,10.);
#960=VECTOR('',#3079,10.);
#961=VECTOR('',#3082,10.);
#962=VECTOR('',#3083,10.);
#963=VECTOR('',#3086,10.);
#964=VECTOR('',#3087,10.);
#965=VECTOR('',#3090,10.);
#966=VECTOR('',#3091,10.);
#967=VECTOR('',#3094,10.);
#968=VECTOR('',#3099,1.35);
#969=VECTOR('',#3106,1.35);
#970=VECTOR('',#3113,0.850000000000001);
#971=VECTOR('',#3120,0.850000000000001);
#972=VECTOR('',#3125,10.);
#973=VECTOR('',#3126,10.);
#974=VECTOR('',#3127,10.);
#975=VECTOR('',#3128,10.);
#976=VECTOR('',#3131,10.);
#977=VECTOR('',#3132,10.);
#978=VECTOR('',#3133,10.);
#979=VECTOR('',#3136,10.);
#980=VECTOR('',#3137,10.);
#981=VECTOR('',#3138,10.);
#982=VECTOR('',#3141,10.);
#983=VECTOR('',#3142,10.);
#984=VECTOR('',#3149,10.);
#985=VECTOR('',#3150,10.);
#986=VECTOR('',#3151,10.);
#987=VECTOR('',#3152,10.);
#988=VECTOR('',#3155,10.);
#989=VECTOR('',#3156,10.);
#990=VECTOR('',#3157,10.);
#991=VECTOR('',#3158,10.);
#992=VECTOR('',#3161,10.);
#993=VECTOR('',#3162,10.);
#994=VECTOR('',#3165,10.);
#995=VECTOR('',#3166,10.);
#996=VECTOR('',#3167,10.);
#997=VECTOR('',#3168,10.);
#998=VECTOR('',#3171,10.);
#999=VECTOR('',#3172,10.);
#1000=VECTOR('',#3173,10.);
#1001=VECTOR('',#3174,10.);
#1002=VECTOR('',#3177,10.);
#1003=VECTOR('',#3178,10.);
#1004=VECTOR('',#3181,10.);
#1005=VECTOR('',#3182,10.);
#1006=VECTOR('',#3183,10.);
#1007=VECTOR('',#3184,10.);
#1008=VECTOR('',#3187,10.);
#1009=VECTOR('',#3188,10.);
#1010=VECTOR('',#3189,10.);
#1011=VECTOR('',#3190,10.);
#1012=VECTOR('',#3193,10.);
#1013=VECTOR('',#3194,10.);
#1014=VECTOR('',#3195,10.);
#1015=VECTOR('',#3198,10.);
#1016=VECTOR('',#3199,10.);
#1017=VECTOR('',#3200,10.);
#1018=VECTOR('',#3201,10.);
#1019=VECTOR('',#3202,10.);
#1020=VECTOR('',#3205,10.);
#1021=VECTOR('',#3206,10.);
#1022=VECTOR('',#3207,10.);
#1023=VECTOR('',#3208,10.);
#1024=VECTOR('',#3209,10.);
#1025=VECTOR('',#3212,10.);
#1026=VECTOR('',#3213,10.);
#1027=VECTOR('',#3214,10.);
#1028=VECTOR('',#3217,10.);
#1029=VECTOR('',#3218,10.);
#1030=VECTOR('',#3219,10.);
#1031=VECTOR('',#3222,10.);
#1032=VECTOR('',#3223,10.);
#1033=VECTOR('',#3224,10.);
#1034=VECTOR('',#3225,10.);
#1035=VECTOR('',#3228,10.);
#1036=VECTOR('',#3229,10.);
#1037=VECTOR('',#3232,10.);
#1038=VECTOR('',#3233,10.);
#1039=VECTOR('',#3236,10.);
#1040=VECTOR('',#3237,10.);
#1041=VECTOR('',#3240,10.);
#1042=VECTOR('',#3243,10.);
#1043=VECTOR('',#3244,10.);
#1044=VECTOR('',#3247,10.);
#1045=VECTOR('',#3248,10.);
#1046=VECTOR('',#3251,10.);
#1047=VECTOR('',#3256,10.);
#1048=VECTOR('',#3257,10.);
#1049=VECTOR('',#3258,10.);
#1050=VECTOR('',#3259,10.);
#1051=VECTOR('',#3262,10.);
#1052=VECTOR('',#3263,10.);
#1053=VECTOR('',#3264,10.);
#1054=VECTOR('',#3267,10.);
#1055=VECTOR('',#3268,10.);
#1056=VECTOR('',#3269,10.);
#1057=VECTOR('',#3272,10.);
#1058=VECTOR('',#3273,10.);
#1059=VECTOR('',#3280,10.);
#1060=VECTOR('',#3281,10.);
#1061=VECTOR('',#3282,10.);
#1062=VECTOR('',#3283,10.);
#1063=VECTOR('',#3286,10.);
#1064=VECTOR('',#3287,10.);
#1065=VECTOR('',#3288,10.);
#1066=VECTOR('',#3291,10.);
#1067=VECTOR('',#3292,10.);
#1068=VECTOR('',#3293,10.);
#1069=VECTOR('',#3296,10.);
#1070=VECTOR('',#3297,10.);
#1071=VECTOR('',#3304,10.);
#1072=VECTOR('',#3305,10.);
#1073=VECTOR('',#3306,10.);
#1074=VECTOR('',#3307,10.);
#1075=VECTOR('',#3310,10.);
#1076=VECTOR('',#3311,10.);
#1077=VECTOR('',#3312,10.);
#1078=VECTOR('',#3315,10.);
#1079=VECTOR('',#3316,10.);
#1080=VECTOR('',#3317,10.);
#1081=VECTOR('',#3320,10.);
#1082=VECTOR('',#3321,10.);
#1083=VECTOR('',#3328,10.);
#1084=VECTOR('',#3329,10.);
#1085=VECTOR('',#3330,10.);
#1086=VECTOR('',#3331,10.);
#1087=VECTOR('',#3334,10.);
#1088=VECTOR('',#3335,10.);
#1089=VECTOR('',#3336,10.);
#1090=VECTOR('',#3339,10.);
#1091=VECTOR('',#3340,10.);
#1092=VECTOR('',#3341,10.);
#1093=VECTOR('',#3344,10.);
#1094=VECTOR('',#3345,10.);
#1095=CIRCLE('',#2526,0.3);
#1096=CIRCLE('',#2527,0.3);
#1097=CIRCLE('',#2530,0.3);
#1098=CIRCLE('',#2531,0.3);
#1099=CIRCLE('',#2534,0.3);
#1100=CIRCLE('',#2535,0.3);
#1101=CIRCLE('',#2538,0.3);
#1102=CIRCLE('',#2539,0.3);
#1103=CIRCLE('',#2542,2.);
#1104=CIRCLE('',#2543,2.);
#1105=CIRCLE('',#2546,2.);
#1106=CIRCLE('',#2547,2.);
#1107=CIRCLE('',#2550,2.);
#1108=CIRCLE('',#2551,2.);
#1109=CIRCLE('',#2554,2.);
#1110=CIRCLE('',#2555,2.);
#1111=CIRCLE('',#2577,1.75);
#1112=CIRCLE('',#2579,1.74999995038157);
#1113=CIRCLE('',#2586,1.74999995038157);
#1114=CIRCLE('',#2588,1.75);
#1115=CIRCLE('',#2598,1.75);
#1116=CIRCLE('',#2599,1.75);
#1117=CIRCLE('',#2601,1.75);
#1118=CIRCLE('',#2602,1.75);
#1119=CIRCLE('',#2636,1.35);
#1120=CIRCLE('',#2637,1.35);
#1121=CIRCLE('',#2639,1.35);
#1122=CIRCLE('',#2640,1.35);
#1123=CIRCLE('',#2642,0.850000000000001);
#1124=CIRCLE('',#2643,0.850000000000001);
#1125=CIRCLE('',#2645,0.850000000000001);
#1126=CIRCLE('',#2646,0.850000000000001);
#1127=VERTEX_POINT('',#3352);
#1128=VERTEX_POINT('',#3354);
#1129=VERTEX_POINT('',#3359);
#1130=VERTEX_POINT('',#3361);
#1131=VERTEX_POINT('',#3366);
#1132=VERTEX_POINT('',#3368);
#1133=VERTEX_POINT('',#3373);
#1134=VERTEX_POINT('',#3375);
#1135=VERTEX_POINT('',#3380);
#1136=VERTEX_POINT('',#3382);
#1137=VERTEX_POINT('',#3387);
#1138=VERTEX_POINT('',#3389);
#1139=VERTEX_POINT('',#3394);
#1140=VERTEX_POINT('',#3396);
#1141=VERTEX_POINT('',#3401);
#1142=VERTEX_POINT('',#3403);
#1143=VERTEX_POINT('',#3408);
#1144=VERTEX_POINT('',#3409);
#1145=VERTEX_POINT('',#3411);
#1146=VERTEX_POINT('',#3413);
#1147=VERTEX_POINT('',#3417);
#1148=VERTEX_POINT('',#3418);
#1149=VERTEX_POINT('',#3420);
#1150=VERTEX_POINT('',#3422);
#1151=VERTEX_POINT('',#3429);
#1152=VERTEX_POINT('',#3430);
#1153=VERTEX_POINT('',#3432);
#1154=VERTEX_POINT('',#3434);
#1155=VERTEX_POINT('',#3438);
#1156=VERTEX_POINT('',#3439);
#1157=VERTEX_POINT('',#3441);
#1158=VERTEX_POINT('',#3443);
#1159=VERTEX_POINT('',#3450);
#1160=VERTEX_POINT('',#3452);
#1161=VERTEX_POINT('',#3454);
#1162=VERTEX_POINT('',#3456);
#1163=VERTEX_POINT('',#3460);
#1164=VERTEX_POINT('',#3462);
#1165=VERTEX_POINT('',#3465);
#1166=VERTEX_POINT('',#3467);
#1167=VERTEX_POINT('',#3471);
#1168=VERTEX_POINT('',#3473);
#1169=VERTEX_POINT('',#3476);
#1170=VERTEX_POINT('',#3478);
#1171=VERTEX_POINT('',#3482);
#1172=VERTEX_POINT('',#3484);
#1173=VERTEX_POINT('',#3488);
#1174=VERTEX_POINT('',#3492);
#1175=VERTEX_POINT('',#3498);
#1176=VERTEX_POINT('',#3499);
#1177=VERTEX_POINT('',#3504);
#1178=VERTEX_POINT('',#3508);
#1179=VERTEX_POINT('',#3517);
#1180=VERTEX_POINT('',#3520);
#1181=VERTEX_POINT('',#3523);
#1182=VERTEX_POINT('',#3524);
#1183=VERTEX_POINT('',#3526);
#1184=VERTEX_POINT('',#3528);
#1185=VERTEX_POINT('',#3532);
#1186=VERTEX_POINT('',#3534);
#1187=VERTEX_POINT('',#3538);
#1188=VERTEX_POINT('',#3540);
#1189=VERTEX_POINT('',#3548);
#1190=VERTEX_POINT('',#3552);
#1191=VERTEX_POINT('',#3556);
#1192=VERTEX_POINT('',#3557);
#1193=VERTEX_POINT('',#3559);
#1194=VERTEX_POINT('',#3561);
#1195=VERTEX_POINT('',#3565);
#1196=VERTEX_POINT('',#3567);
#1197=VERTEX_POINT('',#3571);
#1198=VERTEX_POINT('',#3573);
#1199=VERTEX_POINT('',#3577);
#1200=VERTEX_POINT('',#3579);
#1201=VERTEX_POINT('',#3583);
#1202=VERTEX_POINT('',#3585);
#1203=VERTEX_POINT('',#3593);
#1204=VERTEX_POINT('',#3594);
#1205=VERTEX_POINT('',#3596);
#1206=VERTEX_POINT('',#3598);
#1207=VERTEX_POINT('',#3600);
#1208=VERTEX_POINT('',#3602);
#1209=VERTEX_POINT('',#3606);
#1210=VERTEX_POINT('',#3608);
#1211=VERTEX_POINT('',#3612);
#1212=VERTEX_POINT('',#3614);
#1213=VERTEX_POINT('',#3618);
#1214=VERTEX_POINT('',#3619);
#1215=VERTEX_POINT('',#3621);
#1216=VERTEX_POINT('',#3623);
#1217=VERTEX_POINT('',#3627);
#1218=VERTEX_POINT('',#3629);
#1219=VERTEX_POINT('',#3633);
#1220=VERTEX_POINT('',#3635);
#1221=VERTEX_POINT('',#3639);
#1222=VERTEX_POINT('',#3641);
#1223=VERTEX_POINT('',#3645);
#1224=VERTEX_POINT('',#3647);
#1225=VERTEX_POINT('',#3654);
#1226=VERTEX_POINT('',#3655);
#1227=VERTEX_POINT('',#3657);
#1228=VERTEX_POINT('',#3659);
#1229=VERTEX_POINT('',#3663);
#1230=VERTEX_POINT('',#3665);
#1231=VERTEX_POINT('',#3669);
#1232=VERTEX_POINT('',#3673);
#1233=VERTEX_POINT('',#3674);
#1234=VERTEX_POINT('',#3676);
#1235=VERTEX_POINT('',#3678);
#1236=VERTEX_POINT('',#3680);
#1237=VERTEX_POINT('',#3682);
#1238=VERTEX_POINT('',#3687);
#1239=VERTEX_POINT('',#3694);
#1240=VERTEX_POINT('',#3695);
#1241=VERTEX_POINT('',#3697);
#1242=VERTEX_POINT('',#3699);
#1243=VERTEX_POINT('',#3703);
#1244=VERTEX_POINT('',#3705);
#1245=VERTEX_POINT('',#3709);
#1246=VERTEX_POINT('',#3711);
#1247=VERTEX_POINT('',#3719);
#1248=VERTEX_POINT('',#3720);
#1249=VERTEX_POINT('',#3725);
#1250=VERTEX_POINT('',#3729);
#1251=VERTEX_POINT('',#3733);
#1252=VERTEX_POINT('',#3737);
#1253=VERTEX_POINT('',#3744);
#1254=VERTEX_POINT('',#3745);
#1255=VERTEX_POINT('',#3750);
#1256=VERTEX_POINT('',#3754);
#1257=VERTEX_POINT('',#3758);
#1258=VERTEX_POINT('',#3762);
#1259=VERTEX_POINT('',#3768);
#1260=VERTEX_POINT('',#3770);
#1261=VERTEX_POINT('',#3774);
#1262=VERTEX_POINT('',#3776);
#1263=VERTEX_POINT('',#3780);
#1264=VERTEX_POINT('',#3782);
#1265=VERTEX_POINT('',#3786);
#1266=VERTEX_POINT('',#3788);
#1267=VERTEX_POINT('',#3792);
#1268=VERTEX_POINT('',#3793);
#1269=VERTEX_POINT('',#3795);
#1270=VERTEX_POINT('',#3797);
#1271=VERTEX_POINT('',#3801);
#1272=VERTEX_POINT('',#3803);
#1273=VERTEX_POINT('',#3807);
#1274=VERTEX_POINT('',#3809);
#1275=VERTEX_POINT('',#3818);
#1276=VERTEX_POINT('',#3819);
#1277=VERTEX_POINT('',#3821);
#1278=VERTEX_POINT('',#3823);
#1279=VERTEX_POINT('',#3827);
#1280=VERTEX_POINT('',#3828);
#1281=VERTEX_POINT('',#3830);
#1282=VERTEX_POINT('',#3832);
#1283=VERTEX_POINT('',#3839);
#1284=VERTEX_POINT('',#3840);
#1285=VERTEX_POINT('',#3842);
#1286=VERTEX_POINT('',#3844);
#1287=VERTEX_POINT('',#3848);
#1288=VERTEX_POINT('',#3849);
#1289=VERTEX_POINT('',#3851);
#1290=VERTEX_POINT('',#3853);
#1291=VERTEX_POINT('',#3860);
#1292=VERTEX_POINT('',#3861);
#1293=VERTEX_POINT('',#3863);
#1294=VERTEX_POINT('',#3865);
#1295=VERTEX_POINT('',#3869);
#1296=VERTEX_POINT('',#3870);
#1297=VERTEX_POINT('',#3872);
#1298=VERTEX_POINT('',#3874);
#1299=VERTEX_POINT('',#3879);
#1300=VERTEX_POINT('',#3883);
#1301=VERTEX_POINT('',#3885);
#1302=VERTEX_POINT('',#3887);
#1303=VERTEX_POINT('',#3889);
#1304=VERTEX_POINT('',#3893);
#1305=VERTEX_POINT('',#3895);
#1306=VERTEX_POINT('',#3897);
#1307=VERTEX_POINT('',#3899);
#1308=VERTEX_POINT('',#3904);
#1309=VERTEX_POINT('',#3909);
#1310=VERTEX_POINT('',#3913);
#1311=VERTEX_POINT('',#3916);
#1312=VERTEX_POINT('',#3920);
#1313=VERTEX_POINT('',#3924);
#1314=VERTEX_POINT('',#3928);
#1315=VERTEX_POINT('',#3934);
#1316=VERTEX_POINT('',#3938);
#1317=VERTEX_POINT('',#3945);
#1318=VERTEX_POINT('',#3946);
#1319=VERTEX_POINT('',#3948);
#1320=VERTEX_POINT('',#3950);
#1321=VERTEX_POINT('',#3954);
#1322=VERTEX_POINT('',#3956);
#1323=VERTEX_POINT('',#3960);
#1324=VERTEX_POINT('',#3962);
#1325=VERTEX_POINT('',#3971);
#1326=VERTEX_POINT('',#3972);
#1327=VERTEX_POINT('',#3974);
#1328=VERTEX_POINT('',#3976);
#1329=VERTEX_POINT('',#3980);
#1330=VERTEX_POINT('',#3982);
#1331=VERTEX_POINT('',#3986);
#1332=VERTEX_POINT('',#3988);
#1333=VERTEX_POINT('',#3997);
#1334=VERTEX_POINT('',#3998);
#1335=VERTEX_POINT('',#4000);
#1336=VERTEX_POINT('',#4002);
#1337=VERTEX_POINT('',#4006);
#1338=VERTEX_POINT('',#4008);
#1339=VERTEX_POINT('',#4012);
#1340=VERTEX_POINT('',#4014);
#1341=VERTEX_POINT('',#4023);
#1342=VERTEX_POINT('',#4024);
#1343=VERTEX_POINT('',#4026);
#1344=VERTEX_POINT('',#4028);
#1345=VERTEX_POINT('',#4032);
#1346=VERTEX_POINT('',#4034);
#1347=VERTEX_POINT('',#4038);
#1348=VERTEX_POINT('',#4040);
#1349=EDGE_CURVE('',#1127,#1127,#1095,.T.);
#1350=EDGE_CURVE('',#1127,#1128,#493,.T.);
#1351=EDGE_CURVE('',#1128,#1128,#1096,.T.);
#1352=EDGE_CURVE('',#1129,#1129,#1097,.T.);
#1353=EDGE_CURVE('',#1129,#1130,#494,.T.);
#1354=EDGE_CURVE('',#1130,#1130,#1098,.T.);
#1355=EDGE_CURVE('',#1131,#1131,#1099,.T.);
#1356=EDGE_CURVE('',#1131,#1132,#495,.T.);
#1357=EDGE_CURVE('',#1132,#1132,#1100,.T.);
#1358=EDGE_CURVE('',#1133,#1133,#1101,.T.);
#1359=EDGE_CURVE('',#1133,#1134,#496,.T.);
#1360=EDGE_CURVE('',#1134,#1134,#1102,.T.);
#1361=EDGE_CURVE('',#1135,#1135,#1103,.T.);
#1362=EDGE_CURVE('',#1135,#1136,#497,.T.);
#1363=EDGE_CURVE('',#1136,#1136,#1104,.T.);
#1364=EDGE_CURVE('',#1137,#1137,#1105,.T.);
#1365=EDGE_CURVE('',#1137,#1138,#498,.T.);
#1366=EDGE_CURVE('',#1138,#1138,#1106,.T.);
#1367=EDGE_CURVE('',#1139,#1139,#1107,.T.);
#1368=EDGE_CURVE('',#1139,#1140,#499,.T.);
#1369=EDGE_CURVE('',#1140,#1140,#1108,.T.);
#1370=EDGE_CURVE('',#1141,#1141,#1109,.T.);
#1371=EDGE_CURVE('',#1141,#1142,#500,.T.);
#1372=EDGE_CURVE('',#1142,#1142,#1110,.T.);
#1373=EDGE_CURVE('',#1143,#1144,#501,.T.);
#1374=EDGE_CURVE('',#1145,#1143,#502,.T.);
#1375=EDGE_CURVE('',#1145,#1146,#503,.T.);
#1376=EDGE_CURVE('',#1144,#1146,#504,.T.);
#1377=EDGE_CURVE('',#1147,#1148,#505,.T.);
#1378=EDGE_CURVE('',#1149,#1147,#506,.T.);
#1379=EDGE_CURVE('',#1149,#1150,#507,.T.);
#1380=EDGE_CURVE('',#1148,#1150,#508,.T.);
#1381=EDGE_CURVE('',#1146,#1149,#509,.T.);
#1382=EDGE_CURVE('',#1150,#1145,#510,.T.);
#1383=EDGE_CURVE('',#1151,#1152,#511,.T.);
#1384=EDGE_CURVE('',#1153,#1151,#512,.T.);
#1385=EDGE_CURVE('',#1153,#1154,#513,.T.);
#1386=EDGE_CURVE('',#1152,#1154,#514,.T.);
#1387=EDGE_CURVE('',#1155,#1156,#515,.T.);
#1388=EDGE_CURVE('',#1157,#1155,#516,.T.);
#1389=EDGE_CURVE('',#1157,#1158,#517,.T.);
#1390=EDGE_CURVE('',#1156,#1158,#518,.T.);
#1391=EDGE_CURVE('',#1154,#1157,#519,.T.);
#1392=EDGE_CURVE('',#1158,#1153,#520,.T.);
#1393=EDGE_CURVE('',#1159,#1143,#521,.T.);
#1394=EDGE_CURVE('',#1160,#1159,#522,.T.);
#1395=EDGE_CURVE('',#1161,#1160,#523,.T.);
#1396=EDGE_CURVE('',#1161,#1162,#524,.T.);
#1397=EDGE_CURVE('',#1148,#1162,#525,.T.);
#1398=EDGE_CURVE('',#1144,#1163,#526,.T.);
#1399=EDGE_CURVE('',#1163,#1164,#527,.T.);
#1400=EDGE_CURVE('',#1164,#1151,#528,.T.);
#1401=EDGE_CURVE('',#1152,#1165,#529,.T.);
#1402=EDGE_CURVE('',#1165,#1166,#530,.T.);
#1403=EDGE_CURVE('',#1166,#1159,#531,.T.);
#1404=EDGE_CURVE('',#1162,#1167,#532,.T.);
#1405=EDGE_CURVE('',#1167,#1168,#533,.T.);
#1406=EDGE_CURVE('',#1168,#1155,#534,.T.);
#1407=EDGE_CURVE('',#1156,#1169,#535,.T.);
#1408=EDGE_CURVE('',#1169,#1170,#536,.T.);
#1409=EDGE_CURVE('',#1170,#1147,#537,.T.);
#1410=EDGE_CURVE('',#1171,#1164,#538,.T.);
#1411=EDGE_CURVE('',#1172,#1171,#539,.T.);
#1412=EDGE_CURVE('',#1172,#1169,#540,.T.);
#1413=EDGE_CURVE('',#1171,#1173,#541,.T.);
#1414=EDGE_CURVE('',#1173,#1163,#542,.T.);
#1415=EDGE_CURVE('',#1174,#1170,#543,.T.);
#1416=EDGE_CURVE('',#1173,#1174,#544,.T.);
#1417=EDGE_CURVE('',#1174,#1172,#545,.T.);
#1418=EDGE_CURVE('',#1175,#1176,#546,.T.);
#1419=EDGE_CURVE('',#1175,#1166,#547,.T.);
#1420=EDGE_CURVE('',#1176,#1165,#548,.T.);
#1421=EDGE_CURVE('',#1177,#1168,#549,.T.);
#1422=EDGE_CURVE('',#1176,#1177,#550,.T.);
#1423=EDGE_CURVE('',#1177,#1178,#551,.T.);
#1424=EDGE_CURVE('',#1178,#1167,#552,.T.);
#1425=EDGE_CURVE('',#1178,#1161,#553,.T.);
#1426=EDGE_CURVE('',#1160,#1175,#554,.T.);
#1427=EDGE_CURVE('',#1179,#1179,#1111,.T.);
#1428=EDGE_CURVE('',#1180,#1180,#1112,.T.);
#1429=EDGE_CURVE('',#1181,#1182,#555,.T.);
#1430=EDGE_CURVE('',#1182,#1183,#556,.T.);
#1431=EDGE_CURVE('',#1183,#1184,#557,.T.);
#1432=EDGE_CURVE('',#1181,#1184,#558,.T.);
#1433=EDGE_CURVE('',#1185,#1181,#559,.T.);
#1434=EDGE_CURVE('',#1184,#1186,#560,.T.);
#1435=EDGE_CURVE('',#1185,#1186,#561,.T.);
#1436=EDGE_CURVE('',#1182,#1187,#562,.T.);
#1437=EDGE_CURVE('',#1187,#1188,#563,.T.);
#1438=EDGE_CURVE('',#1188,#1183,#564,.T.);
#1439=EDGE_CURVE('',#1187,#1185,#565,.T.);
#1440=EDGE_CURVE('',#1186,#1188,#566,.T.);
#1441=EDGE_CURVE('',#1180,#1189,#567,.T.);
#1442=EDGE_CURVE('',#1189,#1189,#1113,.T.);
#1443=EDGE_CURVE('',#1179,#1190,#568,.T.);
#1444=EDGE_CURVE('',#1190,#1190,#1114,.T.);
#1445=EDGE_CURVE('',#1191,#1192,#569,.T.);
#1446=EDGE_CURVE('',#1191,#1193,#570,.T.);
#1447=EDGE_CURVE('',#1193,#1194,#571,.T.);
#1448=EDGE_CURVE('',#1192,#1194,#572,.T.);
#1449=EDGE_CURVE('',#1195,#1191,#573,.T.);
#1450=EDGE_CURVE('',#1195,#1196,#574,.T.);
#1451=EDGE_CURVE('',#1196,#1193,#575,.T.);
#1452=EDGE_CURVE('',#1197,#1195,#576,.T.);
#1453=EDGE_CURVE('',#1197,#1198,#577,.T.);
#1454=EDGE_CURVE('',#1198,#1196,#578,.T.);
#1455=EDGE_CURVE('',#1199,#1197,#579,.T.);
#1456=EDGE_CURVE('',#1199,#1200,#580,.T.);
#1457=EDGE_CURVE('',#1200,#1198,#581,.T.);
#1458=EDGE_CURVE('',#1201,#1199,#582,.T.);
#1459=EDGE_CURVE('',#1201,#1202,#583,.T.);
#1460=EDGE_CURVE('',#1202,#1200,#584,.T.);
#1461=EDGE_CURVE('',#1192,#1201,#585,.T.);
#1462=EDGE_CURVE('',#1194,#1202,#586,.T.);
#1463=EDGE_CURVE('',#1203,#1204,#587,.T.);
#1464=EDGE_CURVE('',#1204,#1205,#588,.T.);
#1465=EDGE_CURVE('',#1205,#1206,#589,.T.);
#1466=EDGE_CURVE('',#1206,#1207,#590,.T.);
#1467=EDGE_CURVE('',#1207,#1208,#591,.T.);
#1468=EDGE_CURVE('',#1208,#1203,#592,.T.);
#1469=EDGE_CURVE('',#1209,#1209,#1115,.T.);
#1470=EDGE_CURVE('',#1209,#1210,#593,.T.);
#1471=EDGE_CURVE('',#1210,#1210,#1116,.T.);
#1472=EDGE_CURVE('',#1211,#1211,#1117,.T.);
#1473=EDGE_CURVE('',#1211,#1212,#594,.T.);
#1474=EDGE_CURVE('',#1212,#1212,#1118,.T.);
#1475=EDGE_CURVE('',#1213,#1214,#595,.T.);
#1476=EDGE_CURVE('',#1213,#1215,#596,.T.);
#1477=EDGE_CURVE('',#1216,#1215,#597,.T.);
#1478=EDGE_CURVE('',#1214,#1216,#598,.T.);
#1479=EDGE_CURVE('',#1214,#1217,#599,.T.);
#1480=EDGE_CURVE('',#1218,#1216,#600,.T.);
#1481=EDGE_CURVE('',#1217,#1218,#601,.T.);
#1482=EDGE_CURVE('',#1217,#1219,#602,.T.);
#1483=EDGE_CURVE('',#1220,#1218,#603,.T.);
#1484=EDGE_CURVE('',#1219,#1220,#604,.T.);
#1485=EDGE_CURVE('',#1219,#1221,#605,.T.);
#1486=EDGE_CURVE('',#1222,#1220,#606,.T.);
#1487=EDGE_CURVE('',#1221,#1222,#607,.T.);
#1488=EDGE_CURVE('',#1221,#1223,#608,.T.);
#1489=EDGE_CURVE('',#1224,#1222,#609,.T.);
#1490=EDGE_CURVE('',#1223,#1224,#610,.T.);
#1491=EDGE_CURVE('',#1223,#1213,#611,.T.);
#1492=EDGE_CURVE('',#1215,#1224,#612,.T.);
#1493=EDGE_CURVE('',#1225,#1226,#613,.T.);
#1494=EDGE_CURVE('',#1227,#1225,#614,.T.);
#1495=EDGE_CURVE('',#1228,#1227,#615,.T.);
#1496=EDGE_CURVE('',#1226,#1228,#616,.T.);
#1497=EDGE_CURVE('',#1227,#1229,#617,.T.);
#1498=EDGE_CURVE('',#1230,#1229,#618,.T.);
#1499=EDGE_CURVE('',#1228,#1230,#619,.T.);
#1500=EDGE_CURVE('',#1225,#1231,#620,.T.);
#1501=EDGE_CURVE('',#1229,#1231,#621,.T.);
#1502=EDGE_CURVE('',#1232,#1233,#622,.T.);
#1503=EDGE_CURVE('',#1233,#1234,#623,.T.);
#1504=EDGE_CURVE('',#1234,#1235,#624,.T.);
#1505=EDGE_CURVE('',#1235,#1236,#625,.T.);
#1506=EDGE_CURVE('',#1236,#1237,#626,.T.);
#1507=EDGE_CURVE('',#1237,#1232,#627,.T.);
#1508=EDGE_CURVE('',#1238,#1230,#628,.T.);
#1509=EDGE_CURVE('',#1226,#1238,#629,.T.);
#1510=EDGE_CURVE('',#1231,#1238,#630,.T.);
#1511=EDGE_CURVE('',#1239,#1240,#631,.T.);
#1512=EDGE_CURVE('',#1239,#1241,#632,.T.);
#1513=EDGE_CURVE('',#1242,#1241,#633,.T.);
#1514=EDGE_CURVE('',#1240,#1242,#634,.T.);
#1515=EDGE_CURVE('',#1240,#1243,#635,.T.);
#1516=EDGE_CURVE('',#1244,#1242,#636,.T.);
#1517=EDGE_CURVE('',#1243,#1244,#637,.T.);
#1518=EDGE_CURVE('',#1243,#1245,#638,.T.);
#1519=EDGE_CURVE('',#1246,#1244,#639,.T.);
#1520=EDGE_CURVE('',#1245,#1246,#640,.T.);
#1521=EDGE_CURVE('',#1245,#1239,#641,.T.);
#1522=EDGE_CURVE('',#1241,#1246,#642,.T.);
#1523=EDGE_CURVE('',#1247,#1248,#643,.T.);
#1524=EDGE_CURVE('',#1247,#1232,#644,.T.);
#1525=EDGE_CURVE('',#1248,#1237,#645,.T.);
#1526=EDGE_CURVE('',#1248,#1249,#646,.T.);
#1527=EDGE_CURVE('',#1249,#1236,#647,.T.);
#1528=EDGE_CURVE('',#1249,#1250,#648,.T.);
#1529=EDGE_CURVE('',#1250,#1235,#649,.T.);
#1530=EDGE_CURVE('',#1250,#1251,#650,.T.);
#1531=EDGE_CURVE('',#1251,#1234,#651,.T.);
#1532=EDGE_CURVE('',#1251,#1252,#652,.T.);
#1533=EDGE_CURVE('',#1252,#1233,#653,.T.);
#1534=EDGE_CURVE('',#1252,#1247,#654,.T.);
#1535=EDGE_CURVE('',#1253,#1254,#655,.T.);
#1536=EDGE_CURVE('',#1253,#1203,#656,.T.);
#1537=EDGE_CURVE('',#1254,#1208,#657,.T.);
#1538=EDGE_CURVE('',#1254,#1255,#658,.T.);
#1539=EDGE_CURVE('',#1255,#1207,#659,.T.);
#1540=EDGE_CURVE('',#1255,#1256,#660,.T.);
#1541=EDGE_CURVE('',#1256,#1206,#661,.T.);
#1542=EDGE_CURVE('',#1256,#1257,#662,.T.);
#1543=EDGE_CURVE('',#1257,#1205,#663,.T.);
#1544=EDGE_CURVE('',#1257,#1258,#664,.T.);
#1545=EDGE_CURVE('',#1258,#1204,#665,.T.);
#1546=EDGE_CURVE('',#1258,#1253,#666,.T.);
#1547=EDGE_CURVE('',#1259,#1259,#1119,.T.);
#1548=EDGE_CURVE('',#1259,#1260,#667,.T.);
#1549=EDGE_CURVE('',#1260,#1260,#1120,.T.);
#1550=EDGE_CURVE('',#1261,#1261,#1121,.T.);
#1551=EDGE_CURVE('',#1261,#1262,#668,.T.);
#1552=EDGE_CURVE('',#1262,#1262,#1122,.T.);
#1553=EDGE_CURVE('',#1263,#1263,#1123,.T.);
#1554=EDGE_CURVE('',#1263,#1264,#669,.T.);
#1555=EDGE_CURVE('',#1264,#1264,#1124,.T.);
#1556=EDGE_CURVE('',#1265,#1265,#1125,.T.);
#1557=EDGE_CURVE('',#1265,#1266,#670,.T.);
#1558=EDGE_CURVE('',#1266,#1266,#1126,.T.);
#1559=EDGE_CURVE('',#1267,#1268,#671,.T.);
#1560=EDGE_CURVE('',#1268,#1269,#672,.T.);
#1561=EDGE_CURVE('',#1270,#1269,#673,.T.);
#1562=EDGE_CURVE('',#1267,#1270,#674,.T.);
#1563=EDGE_CURVE('',#1271,#1267,#675,.T.);
#1564=EDGE_CURVE('',#1272,#1270,#676,.T.);
#1565=EDGE_CURVE('',#1271,#1272,#677,.T.);
#1566=EDGE_CURVE('',#1273,#1271,#678,.T.);
#1567=EDGE_CURVE('',#1274,#1272,#679,.T.);
#1568=EDGE_CURVE('',#1273,#1274,#680,.T.);
#1569=EDGE_CURVE('',#1268,#1273,#681,.T.);
#1570=EDGE_CURVE('',#1269,#1274,#682,.T.);
#1571=EDGE_CURVE('',#1275,#1276,#683,.T.);
#1572=EDGE_CURVE('',#1277,#1275,#684,.T.);
#1573=EDGE_CURVE('',#1277,#1278,#685,.T.);
#1574=EDGE_CURVE('',#1276,#1278,#686,.T.);
#1575=EDGE_CURVE('',#1279,#1280,#687,.T.);
#1576=EDGE_CURVE('',#1281,#1279,#688,.T.);
#1577=EDGE_CURVE('',#1281,#1282,#689,.T.);
#1578=EDGE_CURVE('',#1280,#1282,#690,.T.);
#1579=EDGE_CURVE('',#1278,#1281,#691,.T.);
#1580=EDGE_CURVE('',#1282,#1277,#692,.T.);
#1581=EDGE_CURVE('',#1283,#1284,#693,.T.);
#1582=EDGE_CURVE('',#1285,#1283,#694,.T.);
#1583=EDGE_CURVE('',#1285,#1286,#695,.T.);
#1584=EDGE_CURVE('',#1284,#1286,#696,.T.);
#1585=EDGE_CURVE('',#1287,#1288,#697,.T.);
#1586=EDGE_CURVE('',#1289,#1287,#698,.T.);
#1587=EDGE_CURVE('',#1289,#1290,#699,.T.);
#1588=EDGE_CURVE('',#1288,#1290,#700,.T.);
#1589=EDGE_CURVE('',#1286,#1289,#701,.T.);
#1590=EDGE_CURVE('',#1290,#1285,#702,.T.);
#1591=EDGE_CURVE('',#1291,#1292,#703,.T.);
#1592=EDGE_CURVE('',#1293,#1291,#704,.T.);
#1593=EDGE_CURVE('',#1293,#1294,#705,.T.);
#1594=EDGE_CURVE('',#1292,#1294,#706,.T.);
#1595=EDGE_CURVE('',#1295,#1296,#707,.T.);
#1596=EDGE_CURVE('',#1297,#1295,#708,.T.);
#1597=EDGE_CURVE('',#1297,#1298,#709,.T.);
#1598=EDGE_CURVE('',#1296,#1298,#710,.T.);
#1599=EDGE_CURVE('',#1294,#1297,#711,.T.);
#1600=EDGE_CURVE('',#1299,#1293,#712,.T.);
#1601=EDGE_CURVE('',#1298,#1299,#713,.T.);
#1602=EDGE_CURVE('',#1300,#1275,#714,.T.);
#1603=EDGE_CURVE('',#1301,#1300,#715,.T.);
#1604=EDGE_CURVE('',#1302,#1301,#716,.T.);
#1605=EDGE_CURVE('',#1302,#1303,#717,.T.);
#1606=EDGE_CURVE('',#1280,#1303,#718,.T.);
#1607=EDGE_CURVE('',#1304,#1283,#719,.T.);
#1608=EDGE_CURVE('',#1305,#1304,#720,.T.);
#1609=EDGE_CURVE('',#1305,#1306,#721,.T.);
#1610=EDGE_CURVE('',#1306,#1307,#722,.T.);
#1611=EDGE_CURVE('',#1288,#1307,#723,.T.);
#1612=EDGE_CURVE('',#1303,#1291,#724,.T.);
#1613=EDGE_CURVE('',#1308,#1302,#725,.T.);
#1614=EDGE_CURVE('',#1308,#1299,#726,.T.);
#1615=EDGE_CURVE('',#1307,#1295,#727,.T.);
#1616=EDGE_CURVE('',#1296,#1309,#728,.T.);
#1617=EDGE_CURVE('',#1309,#1287,#729,.T.);
#1618=EDGE_CURVE('',#1276,#1310,#730,.T.);
#1619=EDGE_CURVE('',#1310,#1304,#731,.T.);
#1620=EDGE_CURVE('',#1284,#1311,#732,.T.);
#1621=EDGE_CURVE('',#1311,#1300,#733,.T.);
#1622=EDGE_CURVE('',#1292,#1312,#734,.T.);
#1623=EDGE_CURVE('',#1312,#1279,#735,.T.);
#1624=EDGE_CURVE('',#1306,#1313,#736,.T.);
#1625=EDGE_CURVE('',#1313,#1312,#737,.T.);
#1626=EDGE_CURVE('',#1314,#1305,#738,.T.);
#1627=EDGE_CURVE('',#1314,#1310,#739,.T.);
#1628=EDGE_CURVE('',#1313,#1314,#740,.T.);
#1629=EDGE_CURVE('',#1315,#1301,#741,.T.);
#1630=EDGE_CURVE('',#1315,#1311,#742,.T.);
#1631=EDGE_CURVE('',#1316,#1309,#743,.T.);
#1632=EDGE_CURVE('',#1316,#1315,#744,.T.);
#1633=EDGE_CURVE('',#1308,#1316,#745,.T.);
#1634=EDGE_CURVE('',#1317,#1318,#746,.T.);
#1635=EDGE_CURVE('',#1317,#1319,#747,.T.);
#1636=EDGE_CURVE('',#1320,#1319,#748,.T.);
#1637=EDGE_CURVE('',#1318,#1320,#749,.T.);
#1638=EDGE_CURVE('',#1318,#1321,#750,.T.);
#1639=EDGE_CURVE('',#1322,#1320,#751,.T.);
#1640=EDGE_CURVE('',#1321,#1322,#752,.T.);
#1641=EDGE_CURVE('',#1321,#1323,#753,.T.);
#1642=EDGE_CURVE('',#1324,#1322,#754,.T.);
#1643=EDGE_CURVE('',#1323,#1324,#755,.T.);
#1644=EDGE_CURVE('',#1323,#1317,#756,.T.);
#1645=EDGE_CURVE('',#1319,#1324,#757,.T.);
#1646=EDGE_CURVE('',#1325,#1326,#758,.T.);
#1647=EDGE_CURVE('',#1326,#1327,#759,.T.);
#1648=EDGE_CURVE('',#1328,#1327,#760,.T.);
#1649=EDGE_CURVE('',#1325,#1328,#761,.T.);
#1650=EDGE_CURVE('',#1329,#1325,#762,.T.);
#1651=EDGE_CURVE('',#1330,#1328,#763,.T.);
#1652=EDGE_CURVE('',#1329,#1330,#764,.T.);
#1653=EDGE_CURVE('',#1331,#1329,#765,.T.);
#1654=EDGE_CURVE('',#1332,#1330,#766,.T.);
#1655=EDGE_CURVE('',#1331,#1332,#767,.T.);
#1656=EDGE_CURVE('',#1326,#1331,#768,.T.);
#1657=EDGE_CURVE('',#1327,#1332,#769,.T.);
#1658=EDGE_CURVE('',#1333,#1334,#770,.T.);
#1659=EDGE_CURVE('',#1333,#1335,#771,.T.);
#1660=EDGE_CURVE('',#1336,#1335,#772,.T.);
#1661=EDGE_CURVE('',#1334,#1336,#773,.T.);
#1662=EDGE_CURVE('',#1334,#1337,#774,.T.);
#1663=EDGE_CURVE('',#1338,#1336,#775,.T.);
#1664=EDGE_CURVE('',#1337,#1338,#776,.T.);
#1665=EDGE_CURVE('',#1337,#1339,#777,.T.);
#1666=EDGE_CURVE('',#1340,#1338,#778,.T.);
#1667=EDGE_CURVE('',#1339,#1340,#779,.T.);
#1668=EDGE_CURVE('',#1339,#1333,#780,.T.);
#1669=EDGE_CURVE('',#1335,#1340,#781,.T.);
#1670=EDGE_CURVE('',#1341,#1342,#782,.T.);
#1671=EDGE_CURVE('',#1342,#1343,#783,.T.);
#1672=EDGE_CURVE('',#1344,#1343,#784,.T.);
#1673=EDGE_CURVE('',#1341,#1344,#785,.T.);
#1674=EDGE_CURVE('',#1345,#1341,#786,.T.);
#1675=EDGE_CURVE('',#1346,#1344,#787,.T.);
#1676=EDGE_CURVE('',#1345,#1346,#788,.T.);
#1677=EDGE_CURVE('',#1347,#1345,#789,.T.);
#1678=EDGE_CURVE('',#1348,#1346,#790,.T.);
#1679=EDGE_CURVE('',#1347,#1348,#791,.T.);
#1680=EDGE_CURVE('',#1342,#1347,#792,.T.);
#1681=EDGE_CURVE('',#1343,#1348,#793,.T.);
#1682=ORIENTED_EDGE('',*,*,#1349,.F.);
#1683=ORIENTED_EDGE('',*,*,#1350,.T.);
#1684=ORIENTED_EDGE('',*,*,#1351,.F.);
#1685=ORIENTED_EDGE('',*,*,#1350,.F.);
#1686=ORIENTED_EDGE('',*,*,#1349,.T.);
#1687=ORIENTED_EDGE('',*,*,#1352,.F.);
#1688=ORIENTED_EDGE('',*,*,#1353,.T.);
#1689=ORIENTED_EDGE('',*,*,#1354,.F.);
#1690=ORIENTED_EDGE('',*,*,#1353,.F.);
#1691=ORIENTED_EDGE('',*,*,#1352,.T.);
#1692=ORIENTED_EDGE('',*,*,#1355,.F.);
#1693=ORIENTED_EDGE('',*,*,#1356,.T.);
#1694=ORIENTED_EDGE('',*,*,#1357,.F.);
#1695=ORIENTED_EDGE('',*,*,#1356,.F.);
#1696=ORIENTED_EDGE('',*,*,#1355,.T.);
#1697=ORIENTED_EDGE('',*,*,#1358,.F.);
#1698=ORIENTED_EDGE('',*,*,#1359,.T.);
#1699=ORIENTED_EDGE('',*,*,#1360,.F.);
#1700=ORIENTED_EDGE('',*,*,#1359,.F.);
#1701=ORIENTED_EDGE('',*,*,#1358,.T.);
#1702=ORIENTED_EDGE('',*,*,#1361,.F.);
#1703=ORIENTED_EDGE('',*,*,#1362,.T.);
#1704=ORIENTED_EDGE('',*,*,#1363,.F.);
#1705=ORIENTED_EDGE('',*,*,#1362,.F.);
#1706=ORIENTED_EDGE('',*,*,#1361,.T.);
#1707=ORIENTED_EDGE('',*,*,#1364,.F.);
#1708=ORIENTED_EDGE('',*,*,#1365,.T.);
#1709=ORIENTED_EDGE('',*,*,#1366,.F.);
#1710=ORIENTED_EDGE('',*,*,#1365,.F.);
#1711=ORIENTED_EDGE('',*,*,#1364,.T.);
#1712=ORIENTED_EDGE('',*,*,#1367,.F.);
#1713=ORIENTED_EDGE('',*,*,#1368,.T.);
#1714=ORIENTED_EDGE('',*,*,#1369,.F.);
#1715=ORIENTED_EDGE('',*,*,#1368,.F.);
#1716=ORIENTED_EDGE('',*,*,#1367,.T.);
#1717=ORIENTED_EDGE('',*,*,#1370,.F.);
#1718=ORIENTED_EDGE('',*,*,#1371,.T.);
#1719=ORIENTED_EDGE('',*,*,#1372,.F.);
#1720=ORIENTED_EDGE('',*,*,#1371,.F.);
#1721=ORIENTED_EDGE('',*,*,#1370,.T.);
#1722=ORIENTED_EDGE('',*,*,#1373,.F.);
#1723=ORIENTED_EDGE('',*,*,#1374,.F.);
#1724=ORIENTED_EDGE('',*,*,#1375,.T.);
#1725=ORIENTED_EDGE('',*,*,#1376,.F.);
#1726=ORIENTED_EDGE('',*,*,#1377,.F.);
#1727=ORIENTED_EDGE('',*,*,#1378,.F.);
#1728=ORIENTED_EDGE('',*,*,#1379,.T.);
#1729=ORIENTED_EDGE('',*,*,#1380,.F.);
#1730=ORIENTED_EDGE('',*,*,#1379,.F.);
#1731=ORIENTED_EDGE('',*,*,#1381,.F.);
#1732=ORIENTED_EDGE('',*,*,#1375,.F.);
#1733=ORIENTED_EDGE('',*,*,#1382,.F.);
#1734=ORIENTED_EDGE('',*,*,#1383,.F.);
#1735=ORIENTED_EDGE('',*,*,#1384,.F.);
#1736=ORIENTED_EDGE('',*,*,#1385,.T.);
#1737=ORIENTED_EDGE('',*,*,#1386,.F.);
#1738=ORIENTED_EDGE('',*,*,#1387,.F.);
#1739=ORIENTED_EDGE('',*,*,#1388,.F.);
#1740=ORIENTED_EDGE('',*,*,#1389,.T.);
#1741=ORIENTED_EDGE('',*,*,#1390,.F.);
#1742=ORIENTED_EDGE('',*,*,#1389,.F.);
#1743=ORIENTED_EDGE('',*,*,#1391,.F.);
#1744=ORIENTED_EDGE('',*,*,#1385,.F.);
#1745=ORIENTED_EDGE('',*,*,#1392,.F.);
#1746=ORIENTED_EDGE('',*,*,#1380,.T.);
#1747=ORIENTED_EDGE('',*,*,#1382,.T.);
#1748=ORIENTED_EDGE('',*,*,#1374,.T.);
#1749=ORIENTED_EDGE('',*,*,#1393,.F.);
#1750=ORIENTED_EDGE('',*,*,#1394,.F.);
#1751=ORIENTED_EDGE('',*,*,#1395,.F.);
#1752=ORIENTED_EDGE('',*,*,#1396,.T.);
#1753=ORIENTED_EDGE('',*,*,#1397,.F.);
#1754=ORIENTED_EDGE('',*,*,#1373,.T.);
#1755=ORIENTED_EDGE('',*,*,#1398,.T.);
#1756=ORIENTED_EDGE('',*,*,#1399,.T.);
#1757=ORIENTED_EDGE('',*,*,#1400,.T.);
#1758=ORIENTED_EDGE('',*,*,#1383,.T.);
#1759=ORIENTED_EDGE('',*,*,#1401,.T.);
#1760=ORIENTED_EDGE('',*,*,#1402,.T.);
#1761=ORIENTED_EDGE('',*,*,#1403,.T.);
#1762=ORIENTED_EDGE('',*,*,#1393,.T.);
#1763=ORIENTED_EDGE('',*,*,#1377,.T.);
#1764=ORIENTED_EDGE('',*,*,#1397,.T.);
#1765=ORIENTED_EDGE('',*,*,#1404,.T.);
#1766=ORIENTED_EDGE('',*,*,#1405,.T.);
#1767=ORIENTED_EDGE('',*,*,#1406,.T.);
#1768=ORIENTED_EDGE('',*,*,#1387,.T.);
#1769=ORIENTED_EDGE('',*,*,#1407,.T.);
#1770=ORIENTED_EDGE('',*,*,#1408,.T.);
#1771=ORIENTED_EDGE('',*,*,#1409,.T.);
#1772=ORIENTED_EDGE('',*,*,#1390,.T.);
#1773=ORIENTED_EDGE('',*,*,#1392,.T.);
#1774=ORIENTED_EDGE('',*,*,#1384,.T.);
#1775=ORIENTED_EDGE('',*,*,#1400,.F.);
#1776=ORIENTED_EDGE('',*,*,#1410,.F.);
#1777=ORIENTED_EDGE('',*,*,#1411,.F.);
#1778=ORIENTED_EDGE('',*,*,#1412,.T.);
#1779=ORIENTED_EDGE('',*,*,#1407,.F.);
#1780=ORIENTED_EDGE('',*,*,#1413,.F.);
#1781=ORIENTED_EDGE('',*,*,#1410,.T.);
#1782=ORIENTED_EDGE('',*,*,#1399,.F.);
#1783=ORIENTED_EDGE('',*,*,#1414,.F.);
#1784=ORIENTED_EDGE('',*,*,#1378,.T.);
#1785=ORIENTED_EDGE('',*,*,#1409,.F.);
#1786=ORIENTED_EDGE('',*,*,#1415,.F.);
#1787=ORIENTED_EDGE('',*,*,#1416,.F.);
#1788=ORIENTED_EDGE('',*,*,#1414,.T.);
#1789=ORIENTED_EDGE('',*,*,#1398,.F.);
#1790=ORIENTED_EDGE('',*,*,#1376,.T.);
#1791=ORIENTED_EDGE('',*,*,#1381,.T.);
#1792=ORIENTED_EDGE('',*,*,#1417,.F.);
#1793=ORIENTED_EDGE('',*,*,#1415,.T.);
#1794=ORIENTED_EDGE('',*,*,#1408,.F.);
#1795=ORIENTED_EDGE('',*,*,#1412,.F.);
#1796=ORIENTED_EDGE('',*,*,#1418,.F.);
#1797=ORIENTED_EDGE('',*,*,#1419,.T.);
#1798=ORIENTED_EDGE('',*,*,#1402,.F.);
#1799=ORIENTED_EDGE('',*,*,#1420,.F.);
#1800=ORIENTED_EDGE('',*,*,#1388,.T.);
#1801=ORIENTED_EDGE('',*,*,#1406,.F.);
#1802=ORIENTED_EDGE('',*,*,#1421,.F.);
#1803=ORIENTED_EDGE('',*,*,#1422,.F.);
#1804=ORIENTED_EDGE('',*,*,#1420,.T.);
#1805=ORIENTED_EDGE('',*,*,#1401,.F.);
#1806=ORIENTED_EDGE('',*,*,#1386,.T.);
#1807=ORIENTED_EDGE('',*,*,#1391,.T.);
#1808=ORIENTED_EDGE('',*,*,#1423,.F.);
#1809=ORIENTED_EDGE('',*,*,#1421,.T.);
#1810=ORIENTED_EDGE('',*,*,#1405,.F.);
#1811=ORIENTED_EDGE('',*,*,#1424,.F.);
#1812=ORIENTED_EDGE('',*,*,#1425,.F.);
#1813=ORIENTED_EDGE('',*,*,#1424,.T.);
#1814=ORIENTED_EDGE('',*,*,#1404,.F.);
#1815=ORIENTED_EDGE('',*,*,#1396,.F.);
#1816=ORIENTED_EDGE('',*,*,#1426,.F.);
#1817=ORIENTED_EDGE('',*,*,#1394,.T.);
#1818=ORIENTED_EDGE('',*,*,#1403,.F.);
#1819=ORIENTED_EDGE('',*,*,#1419,.F.);
#1820=ORIENTED_EDGE('',*,*,#1411,.T.);
#1821=ORIENTED_EDGE('',*,*,#1413,.T.);
#1822=ORIENTED_EDGE('',*,*,#1416,.T.);
#1823=ORIENTED_EDGE('',*,*,#1417,.T.);
#1824=ORIENTED_EDGE('',*,*,#1427,.F.);
#1825=ORIENTED_EDGE('',*,*,#1428,.F.);
#1826=ORIENTED_EDGE('',*,*,#1429,.T.);
#1827=ORIENTED_EDGE('',*,*,#1430,.T.);
#1828=ORIENTED_EDGE('',*,*,#1431,.T.);
#1829=ORIENTED_EDGE('',*,*,#1432,.F.);
#1830=ORIENTED_EDGE('',*,*,#1433,.T.);
#1831=ORIENTED_EDGE('',*,*,#1432,.T.);
#1832=ORIENTED_EDGE('',*,*,#1434,.T.);
#1833=ORIENTED_EDGE('',*,*,#1435,.F.);
#1834=ORIENTED_EDGE('',*,*,#1436,.T.);
#1835=ORIENTED_EDGE('',*,*,#1437,.T.);
#1836=ORIENTED_EDGE('',*,*,#1438,.T.);
#1837=ORIENTED_EDGE('',*,*,#1430,.F.);
#1838=ORIENTED_EDGE('',*,*,#1439,.T.);
#1839=ORIENTED_EDGE('',*,*,#1435,.T.);
#1840=ORIENTED_EDGE('',*,*,#1440,.T.);
#1841=ORIENTED_EDGE('',*,*,#1437,.F.);
#1842=ORIENTED_EDGE('',*,*,#1434,.F.);
#1843=ORIENTED_EDGE('',*,*,#1431,.F.);
#1844=ORIENTED_EDGE('',*,*,#1438,.F.);
#1845=ORIENTED_EDGE('',*,*,#1440,.F.);
#1846=ORIENTED_EDGE('',*,*,#1428,.T.);
#1847=ORIENTED_EDGE('',*,*,#1441,.T.);
#1848=ORIENTED_EDGE('',*,*,#1442,.T.);
#1849=ORIENTED_EDGE('',*,*,#1441,.F.);
#1850=ORIENTED_EDGE('',*,*,#1427,.T.);
#1851=ORIENTED_EDGE('',*,*,#1443,.T.);
#1852=ORIENTED_EDGE('',*,*,#1444,.T.);
#1853=ORIENTED_EDGE('',*,*,#1443,.F.);
#1854=ORIENTED_EDGE('',*,*,#1445,.F.);
#1855=ORIENTED_EDGE('',*,*,#1446,.T.);
#1856=ORIENTED_EDGE('',*,*,#1447,.T.);
#1857=ORIENTED_EDGE('',*,*,#1448,.F.);
#1858=ORIENTED_EDGE('',*,*,#1449,.F.);
#1859=ORIENTED_EDGE('',*,*,#1450,.T.);
#1860=ORIENTED_EDGE('',*,*,#1451,.T.);
#1861=ORIENTED_EDGE('',*,*,#1446,.F.);
#1862=ORIENTED_EDGE('',*,*,#1452,.F.);
#1863=ORIENTED_EDGE('',*,*,#1453,.T.);
#1864=ORIENTED_EDGE('',*,*,#1454,.T.);
#1865=ORIENTED_EDGE('',*,*,#1450,.F.);
#1866=ORIENTED_EDGE('',*,*,#1455,.F.);
#1867=ORIENTED_EDGE('',*,*,#1456,.T.);
#1868=ORIENTED_EDGE('',*,*,#1457,.T.);
#1869=ORIENTED_EDGE('',*,*,#1453,.F.);
#1870=ORIENTED_EDGE('',*,*,#1458,.F.);
#1871=ORIENTED_EDGE('',*,*,#1459,.T.);
#1872=ORIENTED_EDGE('',*,*,#1460,.T.);
#1873=ORIENTED_EDGE('',*,*,#1456,.F.);
#1874=ORIENTED_EDGE('',*,*,#1461,.F.);
#1875=ORIENTED_EDGE('',*,*,#1448,.T.);
#1876=ORIENTED_EDGE('',*,*,#1462,.T.);
#1877=ORIENTED_EDGE('',*,*,#1459,.F.);
#1878=ORIENTED_EDGE('',*,*,#1462,.F.);
#1879=ORIENTED_EDGE('',*,*,#1447,.F.);
#1880=ORIENTED_EDGE('',*,*,#1451,.F.);
#1881=ORIENTED_EDGE('',*,*,#1454,.F.);
#1882=ORIENTED_EDGE('',*,*,#1457,.F.);
#1883=ORIENTED_EDGE('',*,*,#1460,.F.);
#1884=ORIENTED_EDGE('',*,*,#1433,.F.);
#1885=ORIENTED_EDGE('',*,*,#1439,.F.);
#1886=ORIENTED_EDGE('',*,*,#1436,.F.);
#1887=ORIENTED_EDGE('',*,*,#1429,.F.);
#1888=ORIENTED_EDGE('',*,*,#1444,.F.);
#1889=ORIENTED_EDGE('',*,*,#1442,.F.);
#1890=ORIENTED_EDGE('',*,*,#1463,.T.);
#1891=ORIENTED_EDGE('',*,*,#1464,.T.);
#1892=ORIENTED_EDGE('',*,*,#1465,.T.);
#1893=ORIENTED_EDGE('',*,*,#1466,.T.);
#1894=ORIENTED_EDGE('',*,*,#1467,.T.);
#1895=ORIENTED_EDGE('',*,*,#1468,.T.);
#1896=ORIENTED_EDGE('',*,*,#1445,.T.);
#1897=ORIENTED_EDGE('',*,*,#1461,.T.);
#1898=ORIENTED_EDGE('',*,*,#1458,.T.);
#1899=ORIENTED_EDGE('',*,*,#1455,.T.);
#1900=ORIENTED_EDGE('',*,*,#1452,.T.);
#1901=ORIENTED_EDGE('',*,*,#1449,.T.);
#1902=ORIENTED_EDGE('',*,*,#1469,.F.);
#1903=ORIENTED_EDGE('',*,*,#1470,.T.);
#1904=ORIENTED_EDGE('',*,*,#1471,.F.);
#1905=ORIENTED_EDGE('',*,*,#1470,.F.);
#1906=ORIENTED_EDGE('',*,*,#1472,.F.);
#1907=ORIENTED_EDGE('',*,*,#1473,.T.);
#1908=ORIENTED_EDGE('',*,*,#1474,.F.);
#1909=ORIENTED_EDGE('',*,*,#1473,.F.);
#1910=ORIENTED_EDGE('',*,*,#1475,.F.);
#1911=ORIENTED_EDGE('',*,*,#1476,.T.);
#1912=ORIENTED_EDGE('',*,*,#1477,.F.);
#1913=ORIENTED_EDGE('',*,*,#1478,.F.);
#1914=ORIENTED_EDGE('',*,*,#1479,.F.);
#1915=ORIENTED_EDGE('',*,*,#1478,.T.);
#1916=ORIENTED_EDGE('',*,*,#1480,.F.);
#1917=ORIENTED_EDGE('',*,*,#1481,.F.);
#1918=ORIENTED_EDGE('',*,*,#1482,.F.);
#1919=ORIENTED_EDGE('',*,*,#1481,.T.);
#1920=ORIENTED_EDGE('',*,*,#1483,.F.);
#1921=ORIENTED_EDGE('',*,*,#1484,.F.);
#1922=ORIENTED_EDGE('',*,*,#1485,.F.);
#1923=ORIENTED_EDGE('',*,*,#1484,.T.);
#1924=ORIENTED_EDGE('',*,*,#1486,.F.);
#1925=ORIENTED_EDGE('',*,*,#1487,.F.);
#1926=ORIENTED_EDGE('',*,*,#1488,.F.);
#1927=ORIENTED_EDGE('',*,*,#1487,.T.);
#1928=ORIENTED_EDGE('',*,*,#1489,.F.);
#1929=ORIENTED_EDGE('',*,*,#1490,.F.);
#1930=ORIENTED_EDGE('',*,*,#1491,.F.);
#1931=ORIENTED_EDGE('',*,*,#1490,.T.);
#1932=ORIENTED_EDGE('',*,*,#1492,.F.);
#1933=ORIENTED_EDGE('',*,*,#1476,.F.);
#1934=ORIENTED_EDGE('',*,*,#1492,.T.);
#1935=ORIENTED_EDGE('',*,*,#1489,.T.);
#1936=ORIENTED_EDGE('',*,*,#1486,.T.);
#1937=ORIENTED_EDGE('',*,*,#1483,.T.);
#1938=ORIENTED_EDGE('',*,*,#1480,.T.);
#1939=ORIENTED_EDGE('',*,*,#1477,.T.);
#1940=ORIENTED_EDGE('',*,*,#1472,.T.);
#1941=ORIENTED_EDGE('',*,*,#1493,.F.);
#1942=ORIENTED_EDGE('',*,*,#1494,.F.);
#1943=ORIENTED_EDGE('',*,*,#1495,.F.);
#1944=ORIENTED_EDGE('',*,*,#1496,.F.);
#1945=ORIENTED_EDGE('',*,*,#1469,.T.);
#1946=ORIENTED_EDGE('',*,*,#1495,.T.);
#1947=ORIENTED_EDGE('',*,*,#1497,.T.);
#1948=ORIENTED_EDGE('',*,*,#1498,.F.);
#1949=ORIENTED_EDGE('',*,*,#1499,.F.);
#1950=ORIENTED_EDGE('',*,*,#1494,.T.);
#1951=ORIENTED_EDGE('',*,*,#1500,.T.);
#1952=ORIENTED_EDGE('',*,*,#1501,.F.);
#1953=ORIENTED_EDGE('',*,*,#1497,.F.);
#1954=ORIENTED_EDGE('',*,*,#1502,.T.);
#1955=ORIENTED_EDGE('',*,*,#1503,.T.);
#1956=ORIENTED_EDGE('',*,*,#1504,.T.);
#1957=ORIENTED_EDGE('',*,*,#1505,.T.);
#1958=ORIENTED_EDGE('',*,*,#1506,.T.);
#1959=ORIENTED_EDGE('',*,*,#1507,.T.);
#1960=ORIENTED_EDGE('',*,*,#1475,.T.);
#1961=ORIENTED_EDGE('',*,*,#1479,.T.);
#1962=ORIENTED_EDGE('',*,*,#1482,.T.);
#1963=ORIENTED_EDGE('',*,*,#1485,.T.);
#1964=ORIENTED_EDGE('',*,*,#1488,.T.);
#1965=ORIENTED_EDGE('',*,*,#1491,.T.);
#1966=ORIENTED_EDGE('',*,*,#1474,.T.);
#1967=ORIENTED_EDGE('',*,*,#1496,.T.);
#1968=ORIENTED_EDGE('',*,*,#1499,.T.);
#1969=ORIENTED_EDGE('',*,*,#1508,.F.);
#1970=ORIENTED_EDGE('',*,*,#1509,.F.);
#1971=ORIENTED_EDGE('',*,*,#1493,.T.);
#1972=ORIENTED_EDGE('',*,*,#1509,.T.);
#1973=ORIENTED_EDGE('',*,*,#1510,.F.);
#1974=ORIENTED_EDGE('',*,*,#1500,.F.);
#1975=ORIENTED_EDGE('',*,*,#1510,.T.);
#1976=ORIENTED_EDGE('',*,*,#1508,.T.);
#1977=ORIENTED_EDGE('',*,*,#1498,.T.);
#1978=ORIENTED_EDGE('',*,*,#1501,.T.);
#1979=ORIENTED_EDGE('',*,*,#1511,.F.);
#1980=ORIENTED_EDGE('',*,*,#1512,.T.);
#1981=ORIENTED_EDGE('',*,*,#1513,.F.);
#1982=ORIENTED_EDGE('',*,*,#1514,.F.);
#1983=ORIENTED_EDGE('',*,*,#1515,.F.);
#1984=ORIENTED_EDGE('',*,*,#1514,.T.);
#1985=ORIENTED_EDGE('',*,*,#1516,.F.);
#1986=ORIENTED_EDGE('',*,*,#1517,.F.);
#1987=ORIENTED_EDGE('',*,*,#1518,.F.);
#1988=ORIENTED_EDGE('',*,*,#1517,.T.);
#1989=ORIENTED_EDGE('',*,*,#1519,.F.);
#1990=ORIENTED_EDGE('',*,*,#1520,.F.);
#1991=ORIENTED_EDGE('',*,*,#1521,.F.);
#1992=ORIENTED_EDGE('',*,*,#1520,.T.);
#1993=ORIENTED_EDGE('',*,*,#1522,.F.);
#1994=ORIENTED_EDGE('',*,*,#1512,.F.);
#1995=ORIENTED_EDGE('',*,*,#1522,.T.);
#1996=ORIENTED_EDGE('',*,*,#1519,.T.);
#1997=ORIENTED_EDGE('',*,*,#1516,.T.);
#1998=ORIENTED_EDGE('',*,*,#1513,.T.);
#1999=ORIENTED_EDGE('',*,*,#1523,.F.);
#2000=ORIENTED_EDGE('',*,*,#1524,.T.);
#2001=ORIENTED_EDGE('',*,*,#1507,.F.);
#2002=ORIENTED_EDGE('',*,*,#1525,.F.);
#2003=ORIENTED_EDGE('',*,*,#1526,.F.);
#2004=ORIENTED_EDGE('',*,*,#1525,.T.);
#2005=ORIENTED_EDGE('',*,*,#1506,.F.);
#2006=ORIENTED_EDGE('',*,*,#1527,.F.);
#2007=ORIENTED_EDGE('',*,*,#1528,.F.);
#2008=ORIENTED_EDGE('',*,*,#1527,.T.);
#2009=ORIENTED_EDGE('',*,*,#1505,.F.);
#2010=ORIENTED_EDGE('',*,*,#1529,.F.);
#2011=ORIENTED_EDGE('',*,*,#1530,.F.);
#2012=ORIENTED_EDGE('',*,*,#1529,.T.);
#2013=ORIENTED_EDGE('',*,*,#1504,.F.);
#2014=ORIENTED_EDGE('',*,*,#1531,.F.);
#2015=ORIENTED_EDGE('',*,*,#1532,.F.);
#2016=ORIENTED_EDGE('',*,*,#1531,.T.);
#2017=ORIENTED_EDGE('',*,*,#1503,.F.);
#2018=ORIENTED_EDGE('',*,*,#1533,.F.);
#2019=ORIENTED_EDGE('',*,*,#1534,.F.);
#2020=ORIENTED_EDGE('',*,*,#1533,.T.);
#2021=ORIENTED_EDGE('',*,*,#1502,.F.);
#2022=ORIENTED_EDGE('',*,*,#1524,.F.);
#2023=ORIENTED_EDGE('',*,*,#1471,.T.);
#2024=ORIENTED_EDGE('',*,*,#1535,.F.);
#2025=ORIENTED_EDGE('',*,*,#1536,.T.);
#2026=ORIENTED_EDGE('',*,*,#1468,.F.);
#2027=ORIENTED_EDGE('',*,*,#1537,.F.);
#2028=ORIENTED_EDGE('',*,*,#1538,.F.);
#2029=ORIENTED_EDGE('',*,*,#1537,.T.);
#2030=ORIENTED_EDGE('',*,*,#1467,.F.);
#2031=ORIENTED_EDGE('',*,*,#1539,.F.);
#2032=ORIENTED_EDGE('',*,*,#1540,.F.);
#2033=ORIENTED_EDGE('',*,*,#1539,.T.);
#2034=ORIENTED_EDGE('',*,*,#1466,.F.);
#2035=ORIENTED_EDGE('',*,*,#1541,.F.);
#2036=ORIENTED_EDGE('',*,*,#1542,.F.);
#2037=ORIENTED_EDGE('',*,*,#1541,.T.);
#2038=ORIENTED_EDGE('',*,*,#1465,.F.);
#2039=ORIENTED_EDGE('',*,*,#1543,.F.);
#2040=ORIENTED_EDGE('',*,*,#1544,.F.);
#2041=ORIENTED_EDGE('',*,*,#1543,.T.);
#2042=ORIENTED_EDGE('',*,*,#1464,.F.);
#2043=ORIENTED_EDGE('',*,*,#1545,.F.);
#2044=ORIENTED_EDGE('',*,*,#1546,.F.);
#2045=ORIENTED_EDGE('',*,*,#1545,.T.);
#2046=ORIENTED_EDGE('',*,*,#1463,.F.);
#2047=ORIENTED_EDGE('',*,*,#1536,.F.);
#2048=ORIENTED_EDGE('',*,*,#1547,.F.);
#2049=ORIENTED_EDGE('',*,*,#1548,.T.);
#2050=ORIENTED_EDGE('',*,*,#1549,.F.);
#2051=ORIENTED_EDGE('',*,*,#1548,.F.);
#2052=ORIENTED_EDGE('',*,*,#1550,.F.);
#2053=ORIENTED_EDGE('',*,*,#1551,.T.);
#2054=ORIENTED_EDGE('',*,*,#1552,.F.);
#2055=ORIENTED_EDGE('',*,*,#1551,.F.);
#2056=ORIENTED_EDGE('',*,*,#1553,.F.);
#2057=ORIENTED_EDGE('',*,*,#1554,.T.);
#2058=ORIENTED_EDGE('',*,*,#1555,.F.);
#2059=ORIENTED_EDGE('',*,*,#1554,.F.);
#2060=ORIENTED_EDGE('',*,*,#1556,.F.);
#2061=ORIENTED_EDGE('',*,*,#1557,.T.);
#2062=ORIENTED_EDGE('',*,*,#1558,.F.);
#2063=ORIENTED_EDGE('',*,*,#1557,.F.);
#2064=ORIENTED_EDGE('',*,*,#1559,.T.);
#2065=ORIENTED_EDGE('',*,*,#1560,.T.);
#2066=ORIENTED_EDGE('',*,*,#1561,.F.);
#2067=ORIENTED_EDGE('',*,*,#1562,.F.);
#2068=ORIENTED_EDGE('',*,*,#1563,.T.);
#2069=ORIENTED_EDGE('',*,*,#1562,.T.);
#2070=ORIENTED_EDGE('',*,*,#1564,.F.);
#2071=ORIENTED_EDGE('',*,*,#1565,.F.);
#2072=ORIENTED_EDGE('',*,*,#1566,.T.);
#2073=ORIENTED_EDGE('',*,*,#1565,.T.);
#2074=ORIENTED_EDGE('',*,*,#1567,.F.);
#2075=ORIENTED_EDGE('',*,*,#1568,.F.);
#2076=ORIENTED_EDGE('',*,*,#1569,.T.);
#2077=ORIENTED_EDGE('',*,*,#1568,.T.);
#2078=ORIENTED_EDGE('',*,*,#1570,.F.);
#2079=ORIENTED_EDGE('',*,*,#1560,.F.);
#2080=ORIENTED_EDGE('',*,*,#1569,.F.);
#2081=ORIENTED_EDGE('',*,*,#1559,.F.);
#2082=ORIENTED_EDGE('',*,*,#1563,.F.);
#2083=ORIENTED_EDGE('',*,*,#1566,.F.);
#2084=ORIENTED_EDGE('',*,*,#1549,.T.);
#2085=ORIENTED_EDGE('',*,*,#1552,.T.);
#2086=ORIENTED_EDGE('',*,*,#1555,.T.);
#2087=ORIENTED_EDGE('',*,*,#1558,.T.);
#2088=ORIENTED_EDGE('',*,*,#1535,.T.);
#2089=ORIENTED_EDGE('',*,*,#1538,.T.);
#2090=ORIENTED_EDGE('',*,*,#1540,.T.);
#2091=ORIENTED_EDGE('',*,*,#1542,.T.);
#2092=ORIENTED_EDGE('',*,*,#1544,.T.);
#2093=ORIENTED_EDGE('',*,*,#1546,.T.);
#2094=ORIENTED_EDGE('',*,*,#1523,.T.);
#2095=ORIENTED_EDGE('',*,*,#1526,.T.);
#2096=ORIENTED_EDGE('',*,*,#1528,.T.);
#2097=ORIENTED_EDGE('',*,*,#1530,.T.);
#2098=ORIENTED_EDGE('',*,*,#1532,.T.);
#2099=ORIENTED_EDGE('',*,*,#1534,.T.);
#2100=ORIENTED_EDGE('',*,*,#1511,.T.);
#2101=ORIENTED_EDGE('',*,*,#1515,.T.);
#2102=ORIENTED_EDGE('',*,*,#1518,.T.);
#2103=ORIENTED_EDGE('',*,*,#1521,.T.);
#2104=ORIENTED_EDGE('',*,*,#1418,.T.);
#2105=ORIENTED_EDGE('',*,*,#1422,.T.);
#2106=ORIENTED_EDGE('',*,*,#1423,.T.);
#2107=ORIENTED_EDGE('',*,*,#1425,.T.);
#2108=ORIENTED_EDGE('',*,*,#1395,.T.);
#2109=ORIENTED_EDGE('',*,*,#1426,.T.);
#2110=ORIENTED_EDGE('',*,*,#1570,.T.);
#2111=ORIENTED_EDGE('',*,*,#1567,.T.);
#2112=ORIENTED_EDGE('',*,*,#1564,.T.);
#2113=ORIENTED_EDGE('',*,*,#1561,.T.);
#2114=ORIENTED_EDGE('',*,*,#1354,.T.);
#2115=ORIENTED_EDGE('',*,*,#1360,.T.);
#2116=ORIENTED_EDGE('',*,*,#1547,.T.);
#2117=ORIENTED_EDGE('',*,*,#1550,.T.);
#2118=ORIENTED_EDGE('',*,*,#1553,.T.);
#2119=ORIENTED_EDGE('',*,*,#1556,.T.);
#2120=ORIENTED_EDGE('',*,*,#1372,.T.);
#2121=ORIENTED_EDGE('',*,*,#1369,.T.);
#2122=ORIENTED_EDGE('',*,*,#1366,.T.);
#2123=ORIENTED_EDGE('',*,*,#1363,.T.);
#2124=ORIENTED_EDGE('',*,*,#1357,.T.);
#2125=ORIENTED_EDGE('',*,*,#1351,.T.);
#2126=ORIENTED_EDGE('',*,*,#1571,.F.);
#2127=ORIENTED_EDGE('',*,*,#1572,.F.);
#2128=ORIENTED_EDGE('',*,*,#1573,.T.);
#2129=ORIENTED_EDGE('',*,*,#1574,.F.);
#2130=ORIENTED_EDGE('',*,*,#1575,.F.);
#2131=ORIENTED_EDGE('',*,*,#1576,.F.);
#2132=ORIENTED_EDGE('',*,*,#1577,.T.);
#2133=ORIENTED_EDGE('',*,*,#1578,.F.);
#2134=ORIENTED_EDGE('',*,*,#1577,.F.);
#2135=ORIENTED_EDGE('',*,*,#1579,.F.);
#2136=ORIENTED_EDGE('',*,*,#1573,.F.);
#2137=ORIENTED_EDGE('',*,*,#1580,.F.);
#2138=ORIENTED_EDGE('',*,*,#1581,.F.);
#2139=ORIENTED_EDGE('',*,*,#1582,.F.);
#2140=ORIENTED_EDGE('',*,*,#1583,.T.);
#2141=ORIENTED_EDGE('',*,*,#1584,.F.);
#2142=ORIENTED_EDGE('',*,*,#1585,.F.);
#2143=ORIENTED_EDGE('',*,*,#1586,.F.);
#2144=ORIENTED_EDGE('',*,*,#1587,.T.);
#2145=ORIENTED_EDGE('',*,*,#1588,.F.);
#2146=ORIENTED_EDGE('',*,*,#1587,.F.);
#2147=ORIENTED_EDGE('',*,*,#1589,.F.);
#2148=ORIENTED_EDGE('',*,*,#1583,.F.);
#2149=ORIENTED_EDGE('',*,*,#1590,.F.);
#2150=ORIENTED_EDGE('',*,*,#1591,.F.);
#2151=ORIENTED_EDGE('',*,*,#1592,.F.);
#2152=ORIENTED_EDGE('',*,*,#1593,.T.);
#2153=ORIENTED_EDGE('',*,*,#1594,.F.);
#2154=ORIENTED_EDGE('',*,*,#1595,.F.);
#2155=ORIENTED_EDGE('',*,*,#1596,.F.);
#2156=ORIENTED_EDGE('',*,*,#1597,.T.);
#2157=ORIENTED_EDGE('',*,*,#1598,.F.);
#2158=ORIENTED_EDGE('',*,*,#1599,.F.);
#2159=ORIENTED_EDGE('',*,*,#1593,.F.);
#2160=ORIENTED_EDGE('',*,*,#1600,.F.);
#2161=ORIENTED_EDGE('',*,*,#1601,.F.);
#2162=ORIENTED_EDGE('',*,*,#1597,.F.);
#2163=ORIENTED_EDGE('',*,*,#1578,.T.);
#2164=ORIENTED_EDGE('',*,*,#1580,.T.);
#2165=ORIENTED_EDGE('',*,*,#1572,.T.);
#2166=ORIENTED_EDGE('',*,*,#1602,.F.);
#2167=ORIENTED_EDGE('',*,*,#1603,.F.);
#2168=ORIENTED_EDGE('',*,*,#1604,.F.);
#2169=ORIENTED_EDGE('',*,*,#1605,.T.);
#2170=ORIENTED_EDGE('',*,*,#1606,.F.);
#2171=ORIENTED_EDGE('',*,*,#1588,.T.);
#2172=ORIENTED_EDGE('',*,*,#1590,.T.);
#2173=ORIENTED_EDGE('',*,*,#1582,.T.);
#2174=ORIENTED_EDGE('',*,*,#1607,.F.);
#2175=ORIENTED_EDGE('',*,*,#1608,.F.);
#2176=ORIENTED_EDGE('',*,*,#1609,.T.);
#2177=ORIENTED_EDGE('',*,*,#1610,.T.);
#2178=ORIENTED_EDGE('',*,*,#1611,.F.);
#2179=ORIENTED_EDGE('',*,*,#1600,.T.);
#2180=ORIENTED_EDGE('',*,*,#1592,.T.);
#2181=ORIENTED_EDGE('',*,*,#1612,.F.);
#2182=ORIENTED_EDGE('',*,*,#1605,.F.);
#2183=ORIENTED_EDGE('',*,*,#1613,.F.);
#2184=ORIENTED_EDGE('',*,*,#1614,.T.);
#2185=ORIENTED_EDGE('',*,*,#1585,.T.);
#2186=ORIENTED_EDGE('',*,*,#1611,.T.);
#2187=ORIENTED_EDGE('',*,*,#1615,.T.);
#2188=ORIENTED_EDGE('',*,*,#1595,.T.);
#2189=ORIENTED_EDGE('',*,*,#1616,.T.);
#2190=ORIENTED_EDGE('',*,*,#1617,.T.);
#2191=ORIENTED_EDGE('',*,*,#1571,.T.);
#2192=ORIENTED_EDGE('',*,*,#1618,.T.);
#2193=ORIENTED_EDGE('',*,*,#1619,.T.);
#2194=ORIENTED_EDGE('',*,*,#1607,.T.);
#2195=ORIENTED_EDGE('',*,*,#1581,.T.);
#2196=ORIENTED_EDGE('',*,*,#1620,.T.);
#2197=ORIENTED_EDGE('',*,*,#1621,.T.);
#2198=ORIENTED_EDGE('',*,*,#1602,.T.);
#2199=ORIENTED_EDGE('',*,*,#1575,.T.);
#2200=ORIENTED_EDGE('',*,*,#1606,.T.);
#2201=ORIENTED_EDGE('',*,*,#1612,.T.);
#2202=ORIENTED_EDGE('',*,*,#1591,.T.);
#2203=ORIENTED_EDGE('',*,*,#1622,.T.);
#2204=ORIENTED_EDGE('',*,*,#1623,.T.);
#2205=ORIENTED_EDGE('',*,*,#1594,.T.);
#2206=ORIENTED_EDGE('',*,*,#1599,.T.);
#2207=ORIENTED_EDGE('',*,*,#1596,.T.);
#2208=ORIENTED_EDGE('',*,*,#1615,.F.);
#2209=ORIENTED_EDGE('',*,*,#1610,.F.);
#2210=ORIENTED_EDGE('',*,*,#1624,.T.);
#2211=ORIENTED_EDGE('',*,*,#1625,.T.);
#2212=ORIENTED_EDGE('',*,*,#1622,.F.);
#2213=ORIENTED_EDGE('',*,*,#1626,.T.);
#2214=ORIENTED_EDGE('',*,*,#1608,.T.);
#2215=ORIENTED_EDGE('',*,*,#1619,.F.);
#2216=ORIENTED_EDGE('',*,*,#1627,.F.);
#2217=ORIENTED_EDGE('',*,*,#1576,.T.);
#2218=ORIENTED_EDGE('',*,*,#1623,.F.);
#2219=ORIENTED_EDGE('',*,*,#1625,.F.);
#2220=ORIENTED_EDGE('',*,*,#1628,.T.);
#2221=ORIENTED_EDGE('',*,*,#1627,.T.);
#2222=ORIENTED_EDGE('',*,*,#1618,.F.);
#2223=ORIENTED_EDGE('',*,*,#1574,.T.);
#2224=ORIENTED_EDGE('',*,*,#1579,.T.);
#2225=ORIENTED_EDGE('',*,*,#1629,.T.);
#2226=ORIENTED_EDGE('',*,*,#1603,.T.);
#2227=ORIENTED_EDGE('',*,*,#1621,.F.);
#2228=ORIENTED_EDGE('',*,*,#1630,.F.);
#2229=ORIENTED_EDGE('',*,*,#1586,.T.);
#2230=ORIENTED_EDGE('',*,*,#1617,.F.);
#2231=ORIENTED_EDGE('',*,*,#1631,.F.);
#2232=ORIENTED_EDGE('',*,*,#1632,.T.);
#2233=ORIENTED_EDGE('',*,*,#1630,.T.);
#2234=ORIENTED_EDGE('',*,*,#1620,.F.);
#2235=ORIENTED_EDGE('',*,*,#1584,.T.);
#2236=ORIENTED_EDGE('',*,*,#1589,.T.);
#2237=ORIENTED_EDGE('',*,*,#1601,.T.);
#2238=ORIENTED_EDGE('',*,*,#1614,.F.);
#2239=ORIENTED_EDGE('',*,*,#1633,.T.);
#2240=ORIENTED_EDGE('',*,*,#1631,.T.);
#2241=ORIENTED_EDGE('',*,*,#1616,.F.);
#2242=ORIENTED_EDGE('',*,*,#1598,.T.);
#2243=ORIENTED_EDGE('',*,*,#1613,.T.);
#2244=ORIENTED_EDGE('',*,*,#1604,.T.);
#2245=ORIENTED_EDGE('',*,*,#1629,.F.);
#2246=ORIENTED_EDGE('',*,*,#1632,.F.);
#2247=ORIENTED_EDGE('',*,*,#1633,.F.);
#2248=ORIENTED_EDGE('',*,*,#1624,.F.);
#2249=ORIENTED_EDGE('',*,*,#1609,.F.);
#2250=ORIENTED_EDGE('',*,*,#1626,.F.);
#2251=ORIENTED_EDGE('',*,*,#1628,.F.);
#2252=ORIENTED_EDGE('',*,*,#1634,.F.);
#2253=ORIENTED_EDGE('',*,*,#1635,.T.);
#2254=ORIENTED_EDGE('',*,*,#1636,.F.);
#2255=ORIENTED_EDGE('',*,*,#1637,.F.);
#2256=ORIENTED_EDGE('',*,*,#1638,.F.);
#2257=ORIENTED_EDGE('',*,*,#1637,.T.);
#2258=ORIENTED_EDGE('',*,*,#1639,.F.);
#2259=ORIENTED_EDGE('',*,*,#1640,.F.);
#2260=ORIENTED_EDGE('',*,*,#1641,.F.);
#2261=ORIENTED_EDGE('',*,*,#1640,.T.);
#2262=ORIENTED_EDGE('',*,*,#1642,.F.);
#2263=ORIENTED_EDGE('',*,*,#1643,.F.);
#2264=ORIENTED_EDGE('',*,*,#1644,.F.);
#2265=ORIENTED_EDGE('',*,*,#1643,.T.);
#2266=ORIENTED_EDGE('',*,*,#1645,.F.);
#2267=ORIENTED_EDGE('',*,*,#1635,.F.);
#2268=ORIENTED_EDGE('',*,*,#1645,.T.);
#2269=ORIENTED_EDGE('',*,*,#1642,.T.);
#2270=ORIENTED_EDGE('',*,*,#1639,.T.);
#2271=ORIENTED_EDGE('',*,*,#1636,.T.);
#2272=ORIENTED_EDGE('',*,*,#1644,.T.);
#2273=ORIENTED_EDGE('',*,*,#1634,.T.);
#2274=ORIENTED_EDGE('',*,*,#1638,.T.);
#2275=ORIENTED_EDGE('',*,*,#1641,.T.);
#2276=ORIENTED_EDGE('',*,*,#1646,.T.);
#2277=ORIENTED_EDGE('',*,*,#1647,.T.);
#2278=ORIENTED_EDGE('',*,*,#1648,.F.);
#2279=ORIENTED_EDGE('',*,*,#1649,.F.);
#2280=ORIENTED_EDGE('',*,*,#1650,.T.);
#2281=ORIENTED_EDGE('',*,*,#1649,.T.);
#2282=ORIENTED_EDGE('',*,*,#1651,.F.);
#2283=ORIENTED_EDGE('',*,*,#1652,.F.);
#2284=ORIENTED_EDGE('',*,*,#1653,.T.);
#2285=ORIENTED_EDGE('',*,*,#1652,.T.);
#2286=ORIENTED_EDGE('',*,*,#1654,.F.);
#2287=ORIENTED_EDGE('',*,*,#1655,.F.);
#2288=ORIENTED_EDGE('',*,*,#1656,.T.);
#2289=ORIENTED_EDGE('',*,*,#1655,.T.);
#2290=ORIENTED_EDGE('',*,*,#1657,.F.);
#2291=ORIENTED_EDGE('',*,*,#1647,.F.);
#2292=ORIENTED_EDGE('',*,*,#1657,.T.);
#2293=ORIENTED_EDGE('',*,*,#1654,.T.);
#2294=ORIENTED_EDGE('',*,*,#1651,.T.);
#2295=ORIENTED_EDGE('',*,*,#1648,.T.);
#2296=ORIENTED_EDGE('',*,*,#1656,.F.);
#2297=ORIENTED_EDGE('',*,*,#1646,.F.);
#2298=ORIENTED_EDGE('',*,*,#1650,.F.);
#2299=ORIENTED_EDGE('',*,*,#1653,.F.);
#2300=ORIENTED_EDGE('',*,*,#1658,.F.);
#2301=ORIENTED_EDGE('',*,*,#1659,.T.);
#2302=ORIENTED_EDGE('',*,*,#1660,.F.);
#2303=ORIENTED_EDGE('',*,*,#1661,.F.);
#2304=ORIENTED_EDGE('',*,*,#1662,.F.);
#2305=ORIENTED_EDGE('',*,*,#1661,.T.);
#2306=ORIENTED_EDGE('',*,*,#1663,.F.);
#2307=ORIENTED_EDGE('',*,*,#1664,.F.);
#2308=ORIENTED_EDGE('',*,*,#1665,.F.);
#2309=ORIENTED_EDGE('',*,*,#1664,.T.);
#2310=ORIENTED_EDGE('',*,*,#1666,.F.);
#2311=ORIENTED_EDGE('',*,*,#1667,.F.);
#2312=ORIENTED_EDGE('',*,*,#1668,.F.);
#2313=ORIENTED_EDGE('',*,*,#1667,.T.);
#2314=ORIENTED_EDGE('',*,*,#1669,.F.);
#2315=ORIENTED_EDGE('',*,*,#1659,.F.);
#2316=ORIENTED_EDGE('',*,*,#1669,.T.);
#2317=ORIENTED_EDGE('',*,*,#1666,.T.);
#2318=ORIENTED_EDGE('',*,*,#1663,.T.);
#2319=ORIENTED_EDGE('',*,*,#1660,.T.);
#2320=ORIENTED_EDGE('',*,*,#1668,.T.);
#2321=ORIENTED_EDGE('',*,*,#1658,.T.);
#2322=ORIENTED_EDGE('',*,*,#1662,.T.);
#2323=ORIENTED_EDGE('',*,*,#1665,.T.);
#2324=ORIENTED_EDGE('',*,*,#1670,.T.);
#2325=ORIENTED_EDGE('',*,*,#1671,.T.);
#2326=ORIENTED_EDGE('',*,*,#1672,.F.);
#2327=ORIENTED_EDGE('',*,*,#1673,.F.);
#2328=ORIENTED_EDGE('',*,*,#1674,.T.);
#2329=ORIENTED_EDGE('',*,*,#1673,.T.);
#2330=ORIENTED_EDGE('',*,*,#1675,.F.);
#2331=ORIENTED_EDGE('',*,*,#1676,.F.);
#2332=ORIENTED_EDGE('',*,*,#1677,.T.);
#2333=ORIENTED_EDGE('',*,*,#1676,.T.);
#2334=ORIENTED_EDGE('',*,*,#1678,.F.);
#2335=ORIENTED_EDGE('',*,*,#1679,.F.);
#2336=ORIENTED_EDGE('',*,*,#1680,.T.);
#2337=ORIENTED_EDGE('',*,*,#1679,.T.);
#2338=ORIENTED_EDGE('',*,*,#1681,.F.);
#2339=ORIENTED_EDGE('',*,*,#1671,.F.);
#2340=ORIENTED_EDGE('',*,*,#1681,.T.);
#2341=ORIENTED_EDGE('',*,*,#1678,.T.);
#2342=ORIENTED_EDGE('',*,*,#1675,.T.);
#2343=ORIENTED_EDGE('',*,*,#1672,.T.);
#2344=ORIENTED_EDGE('',*,*,#1680,.F.);
#2345=ORIENTED_EDGE('',*,*,#1670,.F.);
#2346=ORIENTED_EDGE('',*,*,#1674,.F.);
#2347=ORIENTED_EDGE('',*,*,#1677,.F.);
#2348=CYLINDRICAL_SURFACE('',#2525,0.3);
#2349=CYLINDRICAL_SURFACE('',#2529,0.3);
#2350=CYLINDRICAL_SURFACE('',#2533,0.3);
#2351=CYLINDRICAL_SURFACE('',#2537,0.3);
#2352=CYLINDRICAL_SURFACE('',#2541,2.);
#2353=CYLINDRICAL_SURFACE('',#2545,2.);
#2354=CYLINDRICAL_SURFACE('',#2549,2.);
#2355=CYLINDRICAL_SURFACE('',#2553,2.);
#2356=CYLINDRICAL_SURFACE('',#2585,1.74999995038157);
#2357=CYLINDRICAL_SURFACE('',#2587,1.75);
#2358=CYLINDRICAL_SURFACE('',#2597,1.75);
#2359=CYLINDRICAL_SURFACE('',#2600,1.75);
#2360=CYLINDRICAL_SURFACE('',#2635,1.35);
#2361=CYLINDRICAL_SURFACE('',#2638,1.35);
#2362=CYLINDRICAL_SURFACE('',#2641,0.850000000000001);
#2363=CYLINDRICAL_SURFACE('',#2644,0.850000000000001);
#2364=ADVANCED_FACE('',(#180),#2348,.T.);
#2365=ADVANCED_FACE('',(#181),#54,.T.);
#2366=ADVANCED_FACE('',(#182),#2349,.T.);
#2367=ADVANCED_FACE('',(#183),#55,.T.);
#2368=ADVANCED_FACE('',(#184),#2350,.T.);
#2369=ADVANCED_FACE('',(#185),#56,.T.);
#2370=ADVANCED_FACE('',(#186),#2351,.T.);
#2371=ADVANCED_FACE('',(#187),#57,.T.);
#2372=ADVANCED_FACE('',(#188),#2352,.T.);
#2373=ADVANCED_FACE('',(#189),#58,.T.);
#2374=ADVANCED_FACE('',(#190),#2353,.T.);
#2375=ADVANCED_FACE('',(#191),#59,.T.);
#2376=ADVANCED_FACE('',(#192),#2354,.T.);
#2377=ADVANCED_FACE('',(#193),#60,.T.);
#2378=ADVANCED_FACE('',(#194),#2355,.T.);
#2379=ADVANCED_FACE('',(#195),#61,.T.);
#2380=ADVANCED_FACE('',(#196),#62,.F.);
#2381=ADVANCED_FACE('',(#197),#63,.F.);
#2382=ADVANCED_FACE('',(#198),#64,.F.);
#2383=ADVANCED_FACE('',(#199),#65,.F.);
#2384=ADVANCED_FACE('',(#200),#66,.F.);
#2385=ADVANCED_FACE('',(#201),#67,.F.);
#2386=ADVANCED_FACE('',(#202),#68,.T.);
#2387=ADVANCED_FACE('',(#203),#69,.T.);
#2388=ADVANCED_FACE('',(#204),#70,.T.);
#2389=ADVANCED_FACE('',(#205),#71,.T.);
#2390=ADVANCED_FACE('',(#206),#72,.T.);
#2391=ADVANCED_FACE('',(#207),#73,.T.);
#2392=ADVANCED_FACE('',(#208),#74,.T.);
#2393=ADVANCED_FACE('',(#209),#75,.T.);
#2394=ADVANCED_FACE('',(#210),#76,.T.);
#2395=ADVANCED_FACE('',(#211),#77,.T.);
#2396=ADVANCED_FACE('',(#212),#78,.T.);
#2397=ADVANCED_FACE('',(#213),#79,.T.);
#2398=ADVANCED_FACE('',(#214),#80,.T.);
#2399=ADVANCED_FACE('',(#215),#81,.T.);
#2400=ADVANCED_FACE('',(#216),#82,.T.);
#2401=ADVANCED_FACE('',(#217),#83,.F.);
#2402=ADVANCED_FACE('',(#218),#84,.F.);
#2403=ADVANCED_FACE('',(#219),#85,.F.);
#2404=ADVANCED_FACE('',(#220),#86,.F.);
#2405=ADVANCED_FACE('',(#221),#87,.F.);
#2406=ADVANCED_FACE('',(#222),#2356,.T.);
#2407=ADVANCED_FACE('',(#223),#2357,.T.);
#2408=ADVANCED_FACE('',(#224),#88,.F.);
#2409=ADVANCED_FACE('',(#225),#89,.F.);
#2410=ADVANCED_FACE('',(#226),#90,.F.);
#2411=ADVANCED_FACE('',(#227),#91,.F.);
#2412=ADVANCED_FACE('',(#228),#92,.F.);
#2413=ADVANCED_FACE('',(#229),#93,.F.);
#2414=ADVANCED_FACE('',(#230,#25,#26,#27),#94,.T.);
#2415=ADVANCED_FACE('',(#231,#28),#95,.T.);
#2416=ADVANCED_FACE('',(#232),#2358,.F.);
#2417=ADVANCED_FACE('',(#233),#2359,.F.);
#2418=ADVANCED_FACE('',(#234),#96,.T.);
#2419=ADVANCED_FACE('',(#235),#97,.T.);
#2420=ADVANCED_FACE('',(#236),#98,.T.);
#2421=ADVANCED_FACE('',(#237),#99,.T.);
#2422=ADVANCED_FACE('',(#238),#100,.T.);
#2423=ADVANCED_FACE('',(#239),#101,.T.);
#2424=ADVANCED_FACE('',(#240,#29,#30,#31),#102,.T.);
#2425=ADVANCED_FACE('',(#241),#103,.T.);
#2426=ADVANCED_FACE('',(#242),#104,.T.);
#2427=ADVANCED_FACE('',(#243,#32),#105,.T.);
#2428=ADVANCED_FACE('',(#244),#106,.T.);
#2429=ADVANCED_FACE('',(#245),#107,.T.);
#2430=ADVANCED_FACE('',(#246),#108,.T.);
#2431=ADVANCED_FACE('',(#247),#109,.T.);
#2432=ADVANCED_FACE('',(#248),#110,.T.);
#2433=ADVANCED_FACE('',(#249),#111,.T.);
#2434=ADVANCED_FACE('',(#250),#112,.T.);
#2435=ADVANCED_FACE('',(#251),#113,.T.);
#2436=ADVANCED_FACE('',(#252),#114,.T.);
#2437=ADVANCED_FACE('',(#253),#115,.T.);
#2438=ADVANCED_FACE('',(#254),#116,.T.);
#2439=ADVANCED_FACE('',(#255),#117,.T.);
#2440=ADVANCED_FACE('',(#256),#118,.T.);
#2441=ADVANCED_FACE('',(#257),#119,.T.);
#2442=ADVANCED_FACE('',(#258),#120,.T.);
#2443=ADVANCED_FACE('',(#259),#121,.T.);
#2444=ADVANCED_FACE('',(#260),#122,.T.);
#2445=ADVANCED_FACE('',(#261),#123,.T.);
#2446=ADVANCED_FACE('',(#262),#124,.T.);
#2447=ADVANCED_FACE('',(#263),#125,.T.);
#2448=ADVANCED_FACE('',(#264),#126,.T.);
#2449=ADVANCED_FACE('',(#265),#127,.T.);
#2450=ADVANCED_FACE('',(#266),#2360,.F.);
#2451=ADVANCED_FACE('',(#267),#2361,.F.);
#2452=ADVANCED_FACE('',(#268),#2362,.F.);
#2453=ADVANCED_FACE('',(#269),#2363,.F.);
#2454=ADVANCED_FACE('',(#270),#128,.T.);
#2455=ADVANCED_FACE('',(#271),#129,.T.);
#2456=ADVANCED_FACE('',(#272),#130,.T.);
#2457=ADVANCED_FACE('',(#273),#131,.T.);
#2458=ADVANCED_FACE('',(#274,#33,#34,#35,#36,#37,#38,#39,#40),#132,.T.);
#2459=ADVANCED_FACE('',(#275,#41,#42,#43,#44,#45,#46,#47,#48,#49,#50,#51,
#52),#133,.F.);
#2460=ADVANCED_FACE('',(#276),#134,.F.);
#2461=ADVANCED_FACE('',(#277),#135,.F.);
#2462=ADVANCED_FACE('',(#278),#136,.F.);
#2463=ADVANCED_FACE('',(#279),#137,.F.);
#2464=ADVANCED_FACE('',(#280),#138,.F.);
#2465=ADVANCED_FACE('',(#281),#139,.F.);
#2466=ADVANCED_FACE('',(#282),#140,.F.);
#2467=ADVANCED_FACE('',(#283),#141,.F.);
#2468=ADVANCED_FACE('',(#284),#142,.F.);
#2469=ADVANCED_FACE('',(#285),#143,.T.);
#2470=ADVANCED_FACE('',(#286),#144,.T.);
#2471=ADVANCED_FACE('',(#287),#145,.T.);
#2472=ADVANCED_FACE('',(#288),#146,.T.);
#2473=ADVANCED_FACE('',(#289),#147,.T.);
#2474=ADVANCED_FACE('',(#290),#148,.T.);
#2475=ADVANCED_FACE('',(#291),#149,.T.);
#2476=ADVANCED_FACE('',(#292),#150,.T.);
#2477=ADVANCED_FACE('',(#293),#151,.T.);
#2478=ADVANCED_FACE('',(#294),#152,.T.);
#2479=ADVANCED_FACE('',(#295),#153,.T.);
#2480=ADVANCED_FACE('',(#296),#154,.T.);
#2481=ADVANCED_FACE('',(#297,#53),#155,.F.);
#2482=ADVANCED_FACE('',(#298),#156,.T.);
#2483=ADVANCED_FACE('',(#299),#157,.T.);
#2484=ADVANCED_FACE('',(#300),#158,.T.);
#2485=ADVANCED_FACE('',(#301),#159,.T.);
#2486=ADVANCED_FACE('',(#302),#160,.T.);
#2487=ADVANCED_FACE('',(#303),#161,.F.);
#2488=ADVANCED_FACE('',(#304),#162,.T.);
#2489=ADVANCED_FACE('',(#305),#163,.T.);
#2490=ADVANCED_FACE('',(#306),#164,.T.);
#2491=ADVANCED_FACE('',(#307),#165,.T.);
#2492=ADVANCED_FACE('',(#308),#166,.T.);
#2493=ADVANCED_FACE('',(#309),#167,.F.);
#2494=ADVANCED_FACE('',(#310),#168,.T.);
#2495=ADVANCED_FACE('',(#311),#169,.T.);
#2496=ADVANCED_FACE('',(#312),#170,.T.);
#2497=ADVANCED_FACE('',(#313),#171,.T.);
#2498=ADVANCED_FACE('',(#314),#172,.T.);
#2499=ADVANCED_FACE('',(#315),#173,.F.);
#2500=ADVANCED_FACE('',(#316),#174,.T.);
#2501=ADVANCED_FACE('',(#317),#175,.T.);
#2502=ADVANCED_FACE('',(#318),#176,.T.);
#2503=ADVANCED_FACE('',(#319),#177,.T.);
#2504=ADVANCED_FACE('',(#320),#178,.T.);
#2505=ADVANCED_FACE('',(#321),#179,.F.);
#2506=CLOSED_SHELL('',(#2364,#2365,#2366,#2367,#2368,#2369,#2370,#2371,
#2372,#2373,#2374,#2375,#2376,#2377,#2378,#2379,#2380,#2381,#2382,#2383,
#2384,#2385,#2386,#2387,#2388,#2389,#2390,#2391,#2392,#2393,#2394,#2395,
#2396,#2397,#2398,#2399,#2400,#2401,#2402,#2403,#2404,#2405,#2406,#2407,
#2408,#2409,#2410,#2411,#2412,#2413,#2414,#2415,#2416,#2417,#2418,#2419,
#2420,#2421,#2422,#2423,#2424,#2425,#2426,#2427,#2428,#2429,#2430,#2431,
#2432,#2433,#2434,#2435,#2436,#2437,#2438,#2439,#2440,#2441,#2442,#2443,
#2444,#2445,#2446,#2447,#2448,#2449,#2450,#2451,#2452,#2453,#2454,#2455,
#2456,#2457,#2458,#2459));
#2507=CLOSED_SHELL('',(#2460,#2461,#2462,#2463,#2464,#2465,#2466,#2467,
#2468,#2469,#2470,#2471,#2472,#2473,#2474,#2475,#2476,#2477,#2478,#2479,
#2480,#2481));
#2508=CLOSED_SHELL('',(#2482,#2483,#2484,#2485,#2486,#2487));
#2509=CLOSED_SHELL('',(#2488,#2489,#2490,#2491,#2492,#2493));
#2510=CLOSED_SHELL('',(#2494,#2495,#2496,#2497,#2498,#2499));
#2511=CLOSED_SHELL('',(#2500,#2501,#2502,#2503,#2504,#2505));
#2512=DERIVED_UNIT_ELEMENT(#2514,1.);
#2513=DERIVED_UNIT_ELEMENT(#4053,-3.);
#2514=(
MASS_UNIT()
NAMED_UNIT(*)
SI_UNIT(.KILO.,.GRAM.)
);
#2515=DERIVED_UNIT((#2512,#2513));
#2516=MEASURE_REPRESENTATION_ITEM('density measure',
POSITIVE_RATIO_MEASURE(7850.),#2515);
#2517=PROPERTY_DEFINITION_REPRESENTATION(#2522,#2519);
#2518=PROPERTY_DEFINITION_REPRESENTATION(#2523,#2520);
#2519=REPRESENTATION('material name',(#2521),#4050);
#2520=REPRESENTATION('density',(#2516),#4050);
#2521=DESCRIPTIVE_REPRESENTATION_ITEM('\X2\94A2\X0\','\X2\94A2\X0\');
#2522=PROPERTY_DEFINITION('material property','material name',#4060);
#2523=PROPERTY_DEFINITION('material property','density of part',#4060);
#2524=AXIS2_PLACEMENT_3D('',#3350,#2699,#2700);
#2525=AXIS2_PLACEMENT_3D('',#3351,#2701,#2702);
#2526=AXIS2_PLACEMENT_3D('',#3353,#2703,#2704);
#2527=AXIS2_PLACEMENT_3D('',#3356,#2706,#2707);
#2528=AXIS2_PLACEMENT_3D('',#3357,#2708,#2709);
#2529=AXIS2_PLACEMENT_3D('',#3358,#2710,#2711);
#2530=AXIS2_PLACEMENT_3D('',#3360,#2712,#2713);
#2531=AXIS2_PLACEMENT_3D('',#3363,#2715,#2716);
#2532=AXIS2_PLACEMENT_3D('',#3364,#2717,#2718);
#2533=AXIS2_PLACEMENT_3D('',#3365,#2719,#2720);
#2534=AXIS2_PLACEMENT_3D('',#3367,#2721,#2722);
#2535=AXIS2_PLACEMENT_3D('',#3370,#2724,#2725);
#2536=AXIS2_PLACEMENT_3D('',#3371,#2726,#2727);
#2537=AXIS2_PLACEMENT_3D('',#3372,#2728,#2729);
#2538=AXIS2_PLACEMENT_3D('',#3374,#2730,#2731);
#2539=AXIS2_PLACEMENT_3D('',#3377,#2733,#2734);
#2540=AXIS2_PLACEMENT_3D('',#3378,#2735,#2736);
#2541=AXIS2_PLACEMENT_3D('',#3379,#2737,#2738);
#2542=AXIS2_PLACEMENT_3D('',#3381,#2739,#2740);
#2543=AXIS2_PLACEMENT_3D('',#3384,#2742,#2743);
#2544=AXIS2_PLACEMENT_3D('',#3385,#2744,#2745);
#2545=AXIS2_PLACEMENT_3D('',#3386,#2746,#2747);
#2546=AXIS2_PLACEMENT_3D('',#3388,#2748,#2749);
#2547=AXIS2_PLACEMENT_3D('',#3391,#2751,#2752);
#2548=AXIS2_PLACEMENT_3D('',#3392,#2753,#2754);
#2549=AXIS2_PLACEMENT_3D('',#3393,#2755,#2756);
#2550=AXIS2_PLACEMENT_3D('',#3395,#2757,#2758);
#2551=AXIS2_PLACEMENT_3D('',#3398,#2760,#2761);
#2552=AXIS2_PLACEMENT_3D('',#3399,#2762,#2763);
#2553=AXIS2_PLACEMENT_3D('',#3400,#2764,#2765);
#2554=AXIS2_PLACEMENT_3D('',#3402,#2766,#2767);
#2555=AXIS2_PLACEMENT_3D('',#3405,#2769,#2770);
#2556=AXIS2_PLACEMENT_3D('',#3406,#2771,#2772);
#2557=AXIS2_PLACEMENT_3D('',#3407,#2773,#2774);
#2558=AXIS2_PLACEMENT_3D('',#3416,#2779,#2780);
#2559=AXIS2_PLACEMENT_3D('',#3425,#2785,#2786);
#2560=AXIS2_PLACEMENT_3D('',#3428,#2789,#2790);
#2561=AXIS2_PLACEMENT_3D('',#3437,#2795,#2796);
#2562=AXIS2_PLACEMENT_3D('',#3446,#2801,#2802);
#2563=AXIS2_PLACEMENT_3D('',#3449,#2805,#2806);
#2564=AXIS2_PLACEMENT_3D('',#3459,#2812,#2813);
#2565=AXIS2_PLACEMENT_3D('',#3470,#2820,#2821);
#2566=AXIS2_PLACEMENT_3D('',#3481,#2828,#2829);
#2567=AXIS2_PLACEMENT_3D('',#3487,#2833,#2834);
#2568=AXIS2_PLACEMENT_3D('',#3491,#2837,#2838);
#2569=AXIS2_PLACEMENT_3D('',#3495,#2841,#2842);
#2570=AXIS2_PLACEMENT_3D('',#3497,#2844,#2845);
#2571=AXIS2_PLACEMENT_3D('',#3503,#2849,#2850);
#2572=AXIS2_PLACEMENT_3D('',#3507,#2853,#2854);
#2573=AXIS2_PLACEMENT_3D('',#3511,#2857,#2858);
#2574=AXIS2_PLACEMENT_3D('',#3513,#2860,#2861);
#2575=AXIS2_PLACEMENT_3D('',#3515,#2863,#2864);
#2576=AXIS2_PLACEMENT_3D('',#3516,#2865,#2866);
#2577=AXIS2_PLACEMENT_3D('',#3518,#2867,#2868);
#2578=AXIS2_PLACEMENT_3D('',#3519,#2869,#2870);
#2579=AXIS2_PLACEMENT_3D('',#3521,#2871,#2872);
#2580=AXIS2_PLACEMENT_3D('',#3522,#2873,#2874);
#2581=AXIS2_PLACEMENT_3D('',#3531,#2879,#2880);
#2582=AXIS2_PLACEMENT_3D('',#3537,#2884,#2885);
#2583=AXIS2_PLACEMENT_3D('',#3543,#2889,#2890);
#2584=AXIS2_PLACEMENT_3D('',#3546,#2893,#2894);
#2585=AXIS2_PLACEMENT_3D('',#3547,#2895,#2896);
#2586=AXIS2_PLACEMENT_3D('',#3550,#2898,#2899);
#2587=AXIS2_PLACEMENT_3D('',#3551,#2900,#2901);
#2588=AXIS2_PLACEMENT_3D('',#3554,#2903,#2904);
#2589=AXIS2_PLACEMENT_3D('',#3555,#2905,#2906);
#2590=AXIS2_PLACEMENT_3D('',#3564,#2911,#2912);
#2591=AXIS2_PLACEMENT_3D('',#3570,#2916,#2917);
#2592=AXIS2_PLACEMENT_3D('',#3576,#2921,#2922);
#2593=AXIS2_PLACEMENT_3D('',#3582,#2926,#2927);
#2594=AXIS2_PLACEMENT_3D('',#3588,#2931,#2932);
#2595=AXIS2_PLACEMENT_3D('',#3591,#2935,#2936);
#2596=AXIS2_PLACEMENT_3D('',#3592,#2937,#2938);
#2597=AXIS2_PLACEMENT_3D('',#3605,#2945,#2946);
#2598=AXIS2_PLACEMENT_3D('',#3607,#2947,#2948);
#2599=AXIS2_PLACEMENT_3D('',#3610,#2950,#2951);
#2600=AXIS2_PLACEMENT_3D('',#3611,#2952,#2953);
#2601=AXIS2_PLACEMENT_3D('',#3613,#2954,#2955);
#2602=AXIS2_PLACEMENT_3D('',#3616,#2957,#2958);
#2603=AXIS2_PLACEMENT_3D('',#3617,#2959,#2960);
#2604=AXIS2_PLACEMENT_3D('',#3626,#2965,#2966);
#2605=AXIS2_PLACEMENT_3D('',#3632,#2970,#2971);
#2606=AXIS2_PLACEMENT_3D('',#3638,#2975,#2976);
#2607=AXIS2_PLACEMENT_3D('',#3644,#2980,#2981);
#2608=AXIS2_PLACEMENT_3D('',#3650,#2985,#2986);
#2609=AXIS2_PLACEMENT_3D('',#3653,#2989,#2990);
#2610=AXIS2_PLACEMENT_3D('',#3662,#2995,#2996);
#2611=AXIS2_PLACEMENT_3D('',#3668,#3000,#3001);
#2612=AXIS2_PLACEMENT_3D('',#3672,#3004,#3005);
#2613=AXIS2_PLACEMENT_3D('',#3685,#3012,#3013);
#2614=AXIS2_PLACEMENT_3D('',#3686,#3014,#3015);
#2615=AXIS2_PLACEMENT_3D('',#3690,#3018,#3019);
#2616=AXIS2_PLACEMENT_3D('',#3692,#3021,#3022);
#2617=AXIS2_PLACEMENT_3D('',#3693,#3023,#3024);
#2618=AXIS2_PLACEMENT_3D('',#3702,#3029,#3030);
#2619=AXIS2_PLACEMENT_3D('',#3708,#3034,#3035);
#2620=AXIS2_PLACEMENT_3D('',#3714,#3039,#3040);
#2621=AXIS2_PLACEMENT_3D('',#3717,#3043,#3044);
#2622=AXIS2_PLACEMENT_3D('',#3718,#3045,#3046);
#2623=AXIS2_PLACEMENT_3D('',#3724,#3050,#3051);
#2624=AXIS2_PLACEMENT_3D('',#3728,#3054,#3055);
#2625=AXIS2_PLACEMENT_3D('',#3732,#3058,#3059);
#2626=AXIS2_PLACEMENT_3D('',#3736,#3062,#3063);
#2627=AXIS2_PLACEMENT_3D('',#3740,#3066,#3067);
#2628=AXIS2_PLACEMENT_3D('',#3742,#3069,#3070);
#2629=AXIS2_PLACEMENT_3D('',#3743,#3071,#3072);
#2630=AXIS2_PLACEMENT_3D('',#3749,#3076,#3077);
#2631=AXIS2_PLACEMENT_3D('',#3753,#3080,#3081);
#2632=AXIS2_PLACEMENT_3D('',#3757,#3084,#3085);
#2633=AXIS2_PLACEMENT_3D('',#3761,#3088,#3089);
#2634=AXIS2_PLACEMENT_3D('',#3765,#3092,#3093);
#2635=AXIS2_PLACEMENT_3D('',#3767,#3095,#3096);
#2636=AXIS2_PLACEMENT_3D('',#3769,#3097,#3098);
#2637=AXIS2_PLACEMENT_3D('',#3772,#3100,#3101);
#2638=AXIS2_PLACEMENT_3D('',#3773,#3102,#3103);
#2639=AXIS2_PLACEMENT_3D('',#3775,#3104,#3105);
#2640=AXIS2_PLACEMENT_3D('',#3778,#3107,#3108);
#2641=AXIS2_PLACEMENT_3D('',#3779,#3109,#3110);
#2642=AXIS2_PLACEMENT_3D('',#3781,#3111,#3112);
#2643=AXIS2_PLACEMENT_3D('',#3784,#3114,#3115);
#2644=AXIS2_PLACEMENT_3D('',#3785,#3116,#3117);
#2645=AXIS2_PLACEMENT_3D('',#3787,#3118,#3119);
#2646=AXIS2_PLACEMENT_3D('',#3790,#3121,#3122);
#2647=AXIS2_PLACEMENT_3D('',#3791,#3123,#3124);
#2648=AXIS2_PLACEMENT_3D('',#3800,#3129,#3130);
#2649=AXIS2_PLACEMENT_3D('',#3806,#3134,#3135);
#2650=AXIS2_PLACEMENT_3D('',#3812,#3139,#3140);
#2651=AXIS2_PLACEMENT_3D('',#3815,#3143,#3144);
#2652=AXIS2_PLACEMENT_3D('',#3816,#3145,#3146);
#2653=AXIS2_PLACEMENT_3D('',#3817,#3147,#3148);
#2654=AXIS2_PLACEMENT_3D('',#3826,#3153,#3154);
#2655=AXIS2_PLACEMENT_3D('',#3835,#3159,#3160);
#2656=AXIS2_PLACEMENT_3D('',#3838,#3163,#3164);
#2657=AXIS2_PLACEMENT_3D('',#3847,#3169,#3170);
#2658=AXIS2_PLACEMENT_3D('',#3856,#3175,#3176);
#2659=AXIS2_PLACEMENT_3D('',#3859,#3179,#3180);
#2660=AXIS2_PLACEMENT_3D('',#3868,#3185,#3186);
#2661=AXIS2_PLACEMENT_3D('',#3877,#3191,#3192);
#2662=AXIS2_PLACEMENT_3D('',#3882,#3196,#3197);
#2663=AXIS2_PLACEMENT_3D('',#3892,#3203,#3204);
#2664=AXIS2_PLACEMENT_3D('',#3902,#3210,#3211);
#2665=AXIS2_PLACEMENT_3D('',#3907,#3215,#3216);
#2666=AXIS2_PLACEMENT_3D('',#3912,#3220,#3221);
#2667=AXIS2_PLACEMENT_3D('',#3919,#3226,#3227);
#2668=AXIS2_PLACEMENT_3D('',#3923,#3230,#3231);
#2669=AXIS2_PLACEMENT_3D('',#3927,#3234,#3235);
#2670=AXIS2_PLACEMENT_3D('',#3931,#3238,#3239);
#2671=AXIS2_PLACEMENT_3D('',#3933,#3241,#3242);
#2672=AXIS2_PLACEMENT_3D('',#3937,#3245,#3246);
#2673=AXIS2_PLACEMENT_3D('',#3941,#3249,#3250);
#2674=AXIS2_PLACEMENT_3D('',#3943,#3252,#3253);
#2675=AXIS2_PLACEMENT_3D('',#3944,#3254,#3255);
#2676=AXIS2_PLACEMENT_3D('',#3953,#3260,#3261);
#2677=AXIS2_PLACEMENT_3D('',#3959,#3265,#3266);
#2678=AXIS2_PLACEMENT_3D('',#3965,#3270,#3271);
#2679=AXIS2_PLACEMENT_3D('',#3968,#3274,#3275);
#2680=AXIS2_PLACEMENT_3D('',#3969,#3276,#3277);
#2681=AXIS2_PLACEMENT_3D('',#3970,#3278,#3279);
#2682=AXIS2_PLACEMENT_3D('',#3979,#3284,#3285);
#2683=AXIS2_PLACEMENT_3D('',#3985,#3289,#3290);
#2684=AXIS2_PLACEMENT_3D('',#3991,#3294,#3295);
#2685=AXIS2_PLACEMENT_3D('',#3994,#3298,#3299);
#2686=AXIS2_PLACEMENT_3D('',#3995,#3300,#3301);
#2687=AXIS2_PLACEMENT_3D('',#3996,#3302,#3303);
#2688=AXIS2_PLACEMENT_3D('',#4005,#3308,#3309);
#2689=AXIS2_PLACEMENT_3D('',#4011,#3313,#3314);
#2690=AXIS2_PLACEMENT_3D('',#4017,#3318,#3319);
#2691=AXIS2_PLACEMENT_3D('',#4020,#3322,#3323);
#2692=AXIS2_PLACEMENT_3D('',#4021,#3324,#3325);
#2693=AXIS2_PLACEMENT_3D('',#4022,#3326,#3327);
#2694=AXIS2_PLACEMENT_3D('',#4031,#3332,#3333);
#2695=AXIS2_PLACEMENT_3D('',#4037,#3337,#3338);
#2696=AXIS2_PLACEMENT_3D('',#4043,#3342,#3343);
#2697=AXIS2_PLACEMENT_3D('',#4046,#3346,#3347);
#2698=AXIS2_PLACEMENT_3D('',#4047,#3348,#3349);
#2699=DIRECTION('axis',(0.,0.,1.));
#2700=DIRECTION('refdir',(1.,0.,0.));
#2701=DIRECTION('center_axis',(0.,0.,-1.));
#2702=DIRECTION('ref_axis',(1.,0.,0.));
#2703=DIRECTION('center_axis',(0.,0.,-1.));
#2704=DIRECTION('ref_axis',(1.,0.,0.));
#2705=DIRECTION('',(0.,0.,1.));
#2706=DIRECTION('center_axis',(0.,0.,1.));
#2707=DIRECTION('ref_axis',(1.,0.,0.));
#2708=DIRECTION('center_axis',(0.,0.,-1.));
#2709=DIRECTION('ref_axis',(1.,0.,0.));
#2710=DIRECTION('center_axis',(0.,0.,-1.));
#2711=DIRECTION('ref_axis',(1.,0.,0.));
#2712=DIRECTION('center_axis',(0.,0.,-1.));
#2713=DIRECTION('ref_axis',(1.,0.,0.));
#2714=DIRECTION('',(0.,0.,1.));
#2715=DIRECTION('center_axis',(0.,0.,1.));
#2716=DIRECTION('ref_axis',(1.,0.,0.));
#2717=DIRECTION('center_axis',(0.,0.,-1.));
#2718=DIRECTION('ref_axis',(1.,0.,0.));
#2719=DIRECTION('center_axis',(0.,0.,-1.));
#2720=DIRECTION('ref_axis',(1.,0.,0.));
#2721=DIRECTION('center_axis',(0.,0.,-1.));
#2722=DIRECTION('ref_axis',(1.,0.,0.));
#2723=DIRECTION('',(0.,0.,1.));
#2724=DIRECTION('center_axis',(0.,0.,1.));
#2725=DIRECTION('ref_axis',(1.,0.,0.));
#2726=DIRECTION('center_axis',(0.,0.,-1.));
#2727=DIRECTION('ref_axis',(1.,0.,0.));
#2728=DIRECTION('center_axis',(0.,0.,-1.));
#2729=DIRECTION('ref_axis',(1.,0.,0.));
#2730=DIRECTION('center_axis',(0.,0.,-1.));
#2731=DIRECTION('ref_axis',(1.,0.,0.));
#2732=DIRECTION('',(0.,0.,1.));
#2733=DIRECTION('center_axis',(0.,0.,1.));
#2734=DIRECTION('ref_axis',(1.,0.,0.));
#2735=DIRECTION('center_axis',(0.,0.,-1.));
#2736=DIRECTION('ref_axis',(1.,0.,0.));
#2737=DIRECTION('center_axis',(0.,0.,-1.));
#2738=DIRECTION('ref_axis',(1.,0.,0.));
#2739=DIRECTION('center_axis',(0.,0.,-1.));
#2740=DIRECTION('ref_axis',(1.,0.,0.));
#2741=DIRECTION('',(0.,0.,1.));
#2742=DIRECTION('center_axis',(0.,0.,1.));
#2743=DIRECTION('ref_axis',(1.,0.,0.));
#2744=DIRECTION('center_axis',(0.,0.,-1.));
#2745=DIRECTION('ref_axis',(1.,0.,0.));
#2746=DIRECTION('center_axis',(0.,0.,-1.));
#2747=DIRECTION('ref_axis',(1.,0.,0.));
#2748=DIRECTION('center_axis',(0.,0.,-1.));
#2749=DIRECTION('ref_axis',(1.,0.,0.));
#2750=DIRECTION('',(0.,0.,1.));
#2751=DIRECTION('center_axis',(0.,0.,1.));
#2752=DIRECTION('ref_axis',(1.,0.,0.));
#2753=DIRECTION('center_axis',(0.,0.,-1.));
#2754=DIRECTION('ref_axis',(1.,0.,0.));
#2755=DIRECTION('center_axis',(0.,0.,-1.));
#2756=DIRECTION('ref_axis',(1.,0.,0.));
#2757=DIRECTION('center_axis',(0.,0.,-1.));
#2758=DIRECTION('ref_axis',(1.,0.,0.));
#2759=DIRECTION('',(0.,0.,1.));
#2760=DIRECTION('center_axis',(0.,0.,1.));
#2761=DIRECTION('ref_axis',(1.,0.,0.));
#2762=DIRECTION('center_axis',(0.,0.,-1.));
#2763=DIRECTION('ref_axis',(1.,0.,0.));
#2764=DIRECTION('center_axis',(0.,0.,-1.));
#2765=DIRECTION('ref_axis',(1.,0.,0.));
#2766=DIRECTION('center_axis',(0.,0.,-1.));
#2767=DIRECTION('ref_axis',(1.,0.,0.));
#2768=DIRECTION('',(0.,0.,1.));
#2769=DIRECTION('center_axis',(0.,0.,1.));
#2770=DIRECTION('ref_axis',(1.,0.,0.));
#2771=DIRECTION('center_axis',(0.,0.,-1.));
#2772=DIRECTION('ref_axis',(1.,0.,0.));
#2773=DIRECTION('center_axis',(0.,1.,0.));
#2774=DIRECTION('ref_axis',(1.,0.,0.));
#2775=DIRECTION('',(1.,0.,0.));
#2776=DIRECTION('',(0.,0.,1.));
#2777=DIRECTION('',(1.,0.,0.));
#2778=DIRECTION('',(0.,0.,-1.));
#2779=DIRECTION('center_axis',(0.,-1.,0.));
#2780=DIRECTION('ref_axis',(-1.,0.,0.));
#2781=DIRECTION('',(-1.,0.,0.));
#2782=DIRECTION('',(0.,0.,1.));
#2783=DIRECTION('',(-1.,0.,0.));
#2784=DIRECTION('',(0.,0.,-1.));
#2785=DIRECTION('center_axis',(0.,0.,-1.));
#2786=DIRECTION('ref_axis',(-1.,0.,0.));
#2787=DIRECTION('',(0.,-1.,0.));
#2788=DIRECTION('',(-6.46896835615714E-9,1.,0.));
#2789=DIRECTION('center_axis',(2.06228116805818E-7,0.999999999999979,0.));
#2790=DIRECTION('ref_axis',(0.999999999999979,-2.06228116805818E-7,0.));
#2791=DIRECTION('',(0.999999999999979,-2.06228116805818E-7,0.));
#2792=DIRECTION('',(0.,0.,1.));
#2793=DIRECTION('',(0.999999999999979,-2.06228116805818E-7,0.));
#2794=DIRECTION('',(0.,0.,-1.));
#2795=DIRECTION('center_axis',(-2.06228115401412E-7,-0.999999999999979,
0.));
#2796=DIRECTION('ref_axis',(-0.999999999999979,2.06228115401412E-7,0.));
#2797=DIRECTION('',(-0.999999999999979,2.06228115401412E-7,0.));
#2798=DIRECTION('',(0.,0.,1.));
#2799=DIRECTION('',(-0.999999999999979,2.06228115401412E-7,0.));
#2800=DIRECTION('',(0.,0.,-1.));
#2801=DIRECTION('center_axis',(0.,0.,-1.));
#2802=DIRECTION('ref_axis',(-1.,0.,0.));
#2803=DIRECTION('',(1.08739266383414E-7,-0.999999999999994,0.));
#2804=DIRECTION('',(0.,1.,0.));
#2805=DIRECTION('center_axis',(-1.,-6.46896835615714E-9,0.));
#2806=DIRECTION('ref_axis',(6.46896835615714E-9,-1.,0.));
#2807=DIRECTION('',(6.46896835615714E-9,-1.,0.));
#2808=DIRECTION('',(0.,0.,1.));
#2809=DIRECTION('',(-6.46896835615714E-9,1.,0.));
#2810=DIRECTION('',(0.,0.,1.));
#2811=DIRECTION('',(6.46896835615714E-9,-1.,0.));
#2812=DIRECTION('center_axis',(0.,0.,1.));
#2813=DIRECTION('ref_axis',(1.,0.,0.));
#2814=DIRECTION('',(0.,1.,0.));
#2815=DIRECTION('',(1.,0.,0.));
#2816=DIRECTION('',(0.,-1.,0.));
#2817=DIRECTION('',(-1.08739266383414E-7,0.999999999999994,0.));
#2818=DIRECTION('',(-0.999999999999995,1.03114057673458E-7,0.));
#2819=DIRECTION('',(-1.,8.45920294974647E-10,0.));
#2820=DIRECTION('center_axis',(0.,0.,1.));
#2821=DIRECTION('ref_axis',(1.,0.,0.));
#2822=DIRECTION('',(1.,-8.45927772274992E-10,0.));
#2823=DIRECTION('',(0.999999999999995,-1.03115064029266E-7,0.));
#2824=DIRECTION('',(-1.08739266383414E-7,0.999999999999994,0.));
#2825=DIRECTION('',(0.,-1.,0.));
#2826=DIRECTION('',(-1.,0.,0.));
#2827=DIRECTION('',(0.,1.,0.));
#2828=DIRECTION('center_axis',(-1.,0.,0.));
#2829=DIRECTION('ref_axis',(0.,-1.,0.));
#2830=DIRECTION('',(0.,0.,1.));
#2831=DIRECTION('',(0.,1.,0.));
#2832=DIRECTION('',(0.,0.,1.));
#2833=DIRECTION('center_axis',(0.,-1.,0.));
#2834=DIRECTION('ref_axis',(1.,0.,0.));
#2835=DIRECTION('',(-1.,0.,0.));
#2836=DIRECTION('',(0.,0.,1.));
#2837=DIRECTION('center_axis',(1.,0.,0.));
#2838=DIRECTION('ref_axis',(0.,1.,0.));
#2839=DIRECTION('',(0.,0.,1.));
#2840=DIRECTION('',(0.,-1.,0.));
#2841=DIRECTION('center_axis',(0.,1.,0.));
#2842=DIRECTION('ref_axis',(-1.,0.,0.));
#2843=DIRECTION('',(1.,0.,0.));
#2844=DIRECTION('center_axis',(1.03114057673458E-7,0.999999999999995,0.));
#2845=DIRECTION('ref_axis',(-0.999999999999995,1.03114057673458E-7,0.));
#2846=DIRECTION('',(0.999999999999995,-1.03114057673458E-7,0.));
#2847=DIRECTION('',(0.,0.,1.));
#2848=DIRECTION('',(0.,0.,1.));
#2849=DIRECTION('center_axis',(0.999999999999994,1.08739266383414E-7,0.));
#2850=DIRECTION('ref_axis',(-1.08739266383414E-7,0.999999999999994,0.));
#2851=DIRECTION('',(0.,0.,1.));
#2852=DIRECTION('',(1.08739266383414E-7,-0.999999999999994,0.));
#2853=DIRECTION('center_axis',(-1.03115064029266E-7,-0.999999999999995,
0.));
#2854=DIRECTION('ref_axis',(0.999999999999995,-1.03115064029266E-7,0.));
#2855=DIRECTION('',(-0.999999999999995,1.03115064029266E-7,0.));
#2856=DIRECTION('',(0.,0.,1.));
#2857=DIRECTION('center_axis',(-8.45927772274992E-10,-1.,0.));
#2858=DIRECTION('ref_axis',(1.,-8.45927772274992E-10,0.));
#2859=DIRECTION('',(-1.,8.45927772274992E-10,0.));
#2860=DIRECTION('center_axis',(8.45920294974647E-10,1.,0.));
#2861=DIRECTION('ref_axis',(-1.,8.45920294974647E-10,0.));
#2862=DIRECTION('',(1.,-8.45920294974647E-10,0.));
#2863=DIRECTION('center_axis',(0.,0.,1.));
#2864=DIRECTION('ref_axis',(1.,0.,0.));
#2865=DIRECTION('center_axis',(0.,0.,1.));
#2866=DIRECTION('ref_axis',(-1.,0.,0.));
#2867=DIRECTION('center_axis',(0.,0.,-1.));
#2868=DIRECTION('ref_axis',(-1.,0.,0.));
#2869=DIRECTION('center_axis',(0.,0.,1.));
#2870=DIRECTION('ref_axis',(-1.,0.,0.));
#2871=DIRECTION('center_axis',(0.,0.,-1.));
#2872=DIRECTION('ref_axis',(-1.,0.,0.));
#2873=DIRECTION('center_axis',(1.,0.,0.));
#2874=DIRECTION('ref_axis',(0.,-1.,0.));
#2875=DIRECTION('',(0.,1.,0.));
#2876=DIRECTION('',(0.,0.,-1.));
#2877=DIRECTION('',(0.,-1.,0.));
#2878=DIRECTION('',(0.,0.,-1.));
#2879=DIRECTION('center_axis',(0.,-1.,0.));
#2880=DIRECTION('ref_axis',(-1.,0.,0.));
#2881=DIRECTION('',(1.,0.,0.));
#2882=DIRECTION('',(-1.,0.,0.));
#2883=DIRECTION('',(0.,0.,-1.));
#2884=DIRECTION('center_axis',(0.,1.,0.));
#2885=DIRECTION('ref_axis',(1.,0.,0.));
#2886=DIRECTION('',(-1.,0.,0.));
#2887=DIRECTION('',(0.,0.,-1.));
#2888=DIRECTION('',(1.,0.,0.));
#2889=DIRECTION('center_axis',(-1.,0.,0.));
#2890=DIRECTION('ref_axis',(0.,1.,0.));
#2891=DIRECTION('',(0.,-1.,0.));
#2892=DIRECTION('',(0.,1.,0.));
#2893=DIRECTION('center_axis',(0.,0.,-1.));
#2894=DIRECTION('ref_axis',(-1.,0.,0.));
#2895=DIRECTION('center_axis',(0.,0.,-1.));
#2896=DIRECTION('ref_axis',(-1.,0.,0.));
#2897=DIRECTION('',(0.,0.,-1.));
#2898=DIRECTION('center_axis',(0.,0.,1.));
#2899=DIRECTION('ref_axis',(-1.,0.,0.));
#2900=DIRECTION('center_axis',(0.,0.,-1.));
#2901=DIRECTION('ref_axis',(-1.,0.,0.));
#2902=DIRECTION('',(0.,0.,-1.));
#2903=DIRECTION('center_axis',(0.,0.,1.));
#2904=DIRECTION('ref_axis',(-1.,0.,0.));
#2905=DIRECTION('center_axis',(-0.73715414020066,-0.675724628517435,0.));
#2906=DIRECTION('ref_axis',(-0.675724628517435,0.73715414020066,0.));
#2907=DIRECTION('',(-0.675724628517435,0.73715414020066,0.));
#2908=DIRECTION('',(0.,0.,-1.));
#2909=DIRECTION('',(-0.675724628517435,0.73715414020066,0.));
#2910=DIRECTION('',(0.,0.,-1.));
#2911=DIRECTION('center_axis',(5.49560397189454E-14,-1.,0.));
#2912=DIRECTION('ref_axis',(-1.,-5.49560397189454E-14,0.));
#2913=DIRECTION('',(-1.,-5.49560397189454E-14,0.));
#2914=DIRECTION('',(0.,0.,-1.));
#2915=DIRECTION('',(-1.,-5.49560397189454E-14,0.));
#2916=DIRECTION('center_axis',(0.737154140200733,-0.675724628517355,0.));
#2917=DIRECTION('ref_axis',(-0.675724628517355,-0.737154140200733,0.));
#2918=DIRECTION('',(-0.675724628517355,-0.737154140200733,0.));
#2919=DIRECTION('',(0.,0.,-1.));
#2920=DIRECTION('',(-0.675724628517355,-0.737154140200733,0.));
#2921=DIRECTION('center_axis',(1.,-3.70074341541719E-16,0.));
#2922=DIRECTION('ref_axis',(-3.70074341541719E-16,-1.,0.));
#2923=DIRECTION('',(-3.70074341541719E-16,-1.,0.));
#2924=DIRECTION('',(0.,0.,-1.));
#2925=DIRECTION('',(-3.70074341541719E-16,-1.,0.));
#2926=DIRECTION('center_axis',(-5.48172618408671E-14,1.,0.));
#2927=DIRECTION('ref_axis',(1.,5.48172618408671E-14,0.));
#2928=DIRECTION('',(1.,5.48172618408671E-14,0.));
#2929=DIRECTION('',(0.,0.,-1.));
#2930=DIRECTION('',(1.,5.48172618408671E-14,0.));
#2931=DIRECTION('center_axis',(-1.,-1.10097116608661E-13,0.));
#2932=DIRECTION('ref_axis',(-1.10097116608661E-13,1.,0.));
#2933=DIRECTION('',(-1.10097116608661E-13,1.,0.));
#2934=DIRECTION('',(-1.10097116608661E-13,1.,0.));
#2935=DIRECTION('center_axis',(0.,0.,1.));
#2936=DIRECTION('ref_axis',(-1.,0.,0.));
#2937=DIRECTION('center_axis',(0.,0.,1.));
#2938=DIRECTION('ref_axis',(1.,0.,0.));
#2939=DIRECTION('',(-1.,-3.88578058618805E-15,0.));
#2940=DIRECTION('',(0.,-1.,0.));
#2941=DIRECTION('',(0.694594513699596,-0.719401460617382,0.));
#2942=DIRECTION('',(1.,-7.40148683083438E-15,0.));
#2943=DIRECTION('',(0.694594513699345,0.719401460617624,0.));
#2944=DIRECTION('',(-1.38865991016643E-13,1.,0.));
#2945=DIRECTION('center_axis',(0.,0.,1.));
#2946=DIRECTION('ref_axis',(-1.,0.,0.));
#2947=DIRECTION('center_axis',(0.,0.,-1.));
#2948=DIRECTION('ref_axis',(-1.,0.,0.));
#2949=DIRECTION('',(0.,0.,-1.));
#2950=DIRECTION('center_axis',(0.,0.,1.));
#2951=DIRECTION('ref_axis',(-1.,0.,0.));
#2952=DIRECTION('center_axis',(0.,0.,1.));
#2953=DIRECTION('ref_axis',(-1.,0.,0.));
#2954=DIRECTION('center_axis',(0.,0.,-1.));
#2955=DIRECTION('ref_axis',(-1.,0.,0.));
#2956=DIRECTION('',(0.,0.,-1.));
#2957=DIRECTION('center_axis',(0.,0.,1.));
#2958=DIRECTION('ref_axis',(-1.,0.,0.));
#2959=DIRECTION('center_axis',(1.,-1.10467190950203E-13,0.));
#2960=DIRECTION('ref_axis',(1.10467190950203E-13,1.,0.));
#2961=DIRECTION('',(-1.10467190950203E-13,-1.,0.));
#2962=DIRECTION('',(0.,0.,1.));
#2963=DIRECTION('',(1.10467190950203E-13,1.,0.));
#2964=DIRECTION('',(0.,0.,1.));
#2965=DIRECTION('center_axis',(0.737154140200659,-0.675724628517436,0.));
#2966=DIRECTION('ref_axis',(0.675724628517436,0.737154140200659,0.));
#2967=DIRECTION('',(-0.675724628517436,-0.737154140200659,0.));
#2968=DIRECTION('',(0.675724628517436,0.737154140200659,0.));
#2969=DIRECTION('',(0.,0.,1.));
#2970=DIRECTION('center_axis',(-3.66373598126301E-14,-1.,0.));
#2971=DIRECTION('ref_axis',(1.,-3.66373598126301E-14,0.));
#2972=DIRECTION('',(-1.,3.66373598126301E-14,0.));
#2973=DIRECTION('',(1.,-3.66373598126301E-14,0.));
#2974=DIRECTION('',(0.,0.,1.));
#2975=DIRECTION('center_axis',(-0.737154140200734,-0.675724628517354,0.));
#2976=DIRECTION('ref_axis',(0.675724628517354,-0.737154140200734,0.));
#2977=DIRECTION('',(-0.675724628517354,0.737154140200734,0.));
#2978=DIRECTION('',(0.675724628517354,-0.737154140200734,0.));
#2979=DIRECTION('',(0.,0.,1.));
#2980=DIRECTION('center_axis',(-1.,0.,0.));
#2981=DIRECTION('ref_axis',(0.,-1.,0.));
#2982=DIRECTION('',(0.,1.,0.));
#2983=DIRECTION('',(0.,-1.,0.));
#2984=DIRECTION('',(0.,0.,1.));
#2985=DIRECTION('center_axis',(5.44703171456717E-14,1.,0.));
#2986=DIRECTION('ref_axis',(-1.,5.44703171456717E-14,0.));
#2987=DIRECTION('',(1.,-5.44703171456717E-14,0.));
#2988=DIRECTION('',(-1.,5.44703171456717E-14,0.));
#2989=DIRECTION('center_axis',(0.,0.,1.));
#2990=DIRECTION('ref_axis',(-1.,0.,0.));
#2991=DIRECTION('',(1.,-5.50948175970234E-14,0.));
#2992=DIRECTION('',(-5.77315972805081E-14,-1.,0.));
#2993=DIRECTION('',(-1.,5.55111512312578E-14,0.));
#2994=DIRECTION('',(5.77315972805082E-14,1.,0.));
#2995=DIRECTION('center_axis',(5.55111512312578E-14,1.,0.));
#2996=DIRECTION('ref_axis',(-1.,5.55111512312578E-14,0.));
#2997=DIRECTION('',(0.,0.,1.));
#2998=DIRECTION('',(-1.,5.55111512312578E-14,0.));
#2999=DIRECTION('',(0.,0.,1.));
#3000=DIRECTION('center_axis',(-1.,5.77315972805081E-14,0.));
#3001=DIRECTION('ref_axis',(-5.77315972805081E-14,-1.,0.));
#3002=DIRECTION('',(0.,0.,1.));
#3003=DIRECTION('',(-5.77315972805081E-14,-1.,0.));
#3004=DIRECTION('center_axis',(0.,0.,1.));
#3005=DIRECTION('ref_axis',(1.,0.,0.));
#3006=DIRECTION('',(-1.,-3.30568905582363E-13,0.));
#3007=DIRECTION('',(-1.38865991016643E-13,-1.,0.));
#3008=DIRECTION('',(0.694594513699345,-0.719401460617624,0.));
#3009=DIRECTION('',(1.,-4.34837351311818E-14,0.));
#3010=DIRECTION('',(0.694594513699581,0.719401460617396,0.));
#3011=DIRECTION('',(0.,1.,0.));
#3012=DIRECTION('center_axis',(0.,0.,1.));
#3013=DIRECTION('ref_axis',(1.,0.,0.));
#3014=DIRECTION('center_axis',(1.,-5.77315972805082E-14,0.));
#3015=DIRECTION('ref_axis',(5.77315972805082E-14,1.,0.));
#3016=DIRECTION('',(5.77315972805082E-14,1.,0.));
#3017=DIRECTION('',(0.,0.,1.));
#3018=DIRECTION('center_axis',(-5.50948175970234E-14,-1.,0.));
#3019=DIRECTION('ref_axis',(1.,-5.50948175970234E-14,0.));
#3020=DIRECTION('',(1.,-5.50948175970234E-14,0.));
#3021=DIRECTION('center_axis',(0.,0.,1.));
#3022=DIRECTION('ref_axis',(1.,0.,0.));
#3023=DIRECTION('center_axis',(-1.,0.,0.));
#3024=DIRECTION('ref_axis',(0.,-1.,0.));
#3025=DIRECTION('',(0.,1.,0.));
#3026=DIRECTION('',(0.,0.,1.));
#3027=DIRECTION('',(0.,-1.,0.));
#3028=DIRECTION('',(0.,0.,1.));
#3029=DIRECTION('center_axis',(3.36431219583381E-15,1.,0.));
#3030=DIRECTION('ref_axis',(-1.,3.36431219583381E-15,0.));
#3031=DIRECTION('',(1.,-3.36431219583381E-15,0.));
#3032=DIRECTION('',(-1.,3.36431219583381E-15,0.));
#3033=DIRECTION('',(0.,0.,1.));
#3034=DIRECTION('center_axis',(1.,1.6821560979169E-16,0.));
#3035=DIRECTION('ref_axis',(-1.6821560979169E-16,1.,0.));
#3036=DIRECTION('',(1.6821560979169E-16,-1.,0.));
#3037=DIRECTION('',(-1.6821560979169E-16,1.,0.));
#3038=DIRECTION('',(0.,0.,1.));
#3039=DIRECTION('center_axis',(-5.60718699305634E-17,-1.,0.));
#3040=DIRECTION('ref_axis',(1.,-5.60718699305634E-17,0.));
#3041=DIRECTION('',(-1.,5.60718699305634E-17,0.));
#3042=DIRECTION('',(1.,-5.60718699305634E-17,0.));
#3043=DIRECTION('center_axis',(0.,0.,1.));
#3044=DIRECTION('ref_axis',(1.,0.,0.));
#3045=DIRECTION('center_axis',(1.,0.,0.));
#3046=DIRECTION('ref_axis',(0.,1.,0.));
#3047=DIRECTION('',(0.,-1.,0.));
#3048=DIRECTION('',(0.,0.,1.));
#3049=DIRECTION('',(0.,0.,1.));
#3050=DIRECTION('center_axis',(0.719401460617396,-0.694594513699581,0.));
#3051=DIRECTION('ref_axis',(0.694594513699581,0.719401460617396,0.));
#3052=DIRECTION('',(-0.694594513699581,-0.719401460617396,0.));
#3053=DIRECTION('',(0.,0.,1.));
#3054=DIRECTION('center_axis',(-4.34837351311818E-14,-1.,0.));
#3055=DIRECTION('ref_axis',(1.,-4.34837351311818E-14,0.));
#3056=DIRECTION('',(-1.,4.34837351311818E-14,0.));
#3057=DIRECTION('',(0.,0.,1.));
#3058=DIRECTION('center_axis',(-0.719401460617624,-0.694594513699345,0.));
#3059=DIRECTION('ref_axis',(0.694594513699344,-0.719401460617624,0.));
#3060=DIRECTION('',(-0.694594513699344,0.719401460617624,0.));
#3061=DIRECTION('',(0.,0.,1.));
#3062=DIRECTION('center_axis',(-1.,1.38865991016643E-13,0.));
#3063=DIRECTION('ref_axis',(-1.38865991016643E-13,-1.,0.));
#3064=DIRECTION('',(1.38865991016643E-13,1.,0.));
#3065=DIRECTION('',(0.,0.,1.));
#3066=DIRECTION('center_axis',(-3.30568905582363E-13,1.,0.));
#3067=DIRECTION('ref_axis',(-1.,-3.30568905582363E-13,0.));
#3068=DIRECTION('',(1.,3.30568905582363E-13,0.));
#3069=DIRECTION('center_axis',(0.,0.,1.));
#3070=DIRECTION('ref_axis',(1.,0.,0.));
#3071=DIRECTION('center_axis',(1.,1.38865991016643E-13,0.));
#3072=DIRECTION('ref_axis',(-1.38865991016643E-13,1.,0.));
#3073=DIRECTION('',(1.38865991016643E-13,-1.,0.));
#3074=DIRECTION('',(0.,0.,1.));
#3075=DIRECTION('',(0.,0.,1.));
#3076=DIRECTION('center_axis',(0.719401460617624,-0.694594513699345,0.));
#3077=DIRECTION('ref_axis',(0.694594513699344,0.719401460617624,0.));
#3078=DIRECTION('',(-0.694594513699344,-0.719401460617624,0.));
#3079=DIRECTION('',(0.,0.,1.));
#3080=DIRECTION('center_axis',(-7.40148683083438E-15,-1.,0.));
#3081=DIRECTION('ref_axis',(1.,-7.40148683083438E-15,0.));
#3082=DIRECTION('',(-1.,7.40148683083438E-15,0.));
#3083=DIRECTION('',(0.,0.,1.));
#3084=DIRECTION('center_axis',(-0.719401460617382,-0.694594513699596,0.));
#3085=DIRECTION('ref_axis',(0.694594513699596,-0.719401460617382,0.));
#3086=DIRECTION('',(-0.694594513699596,0.719401460617382,0.));
#3087=DIRECTION('',(0.,0.,1.));
#3088=DIRECTION('center_axis',(-1.,0.,0.));
#3089=DIRECTION('ref_axis',(0.,-1.,0.));
#3090=DIRECTION('',(0.,1.,0.));
#3091=DIRECTION('',(0.,0.,1.));
#3092=DIRECTION('center_axis',(-3.88578058618805E-15,1.,0.));
#3093=DIRECTION('ref_axis',(-1.,-3.88578058618805E-15,0.));
#3094=DIRECTION('',(1.,3.88578058618805E-15,0.));
#3095=DIRECTION('center_axis',(0.,0.,-1.));
#3096=DIRECTION('ref_axis',(1.,0.,0.));
#3097=DIRECTION('center_axis',(0.,0.,1.));
#3098=DIRECTION('ref_axis',(1.,0.,0.));
#3099=DIRECTION('',(0.,0.,1.));
#3100=DIRECTION('center_axis',(0.,0.,-1.));
#3101=DIRECTION('ref_axis',(1.,0.,0.));
#3102=DIRECTION('center_axis',(0.,0.,-1.));
#3103=DIRECTION('ref_axis',(1.,0.,0.));
#3104=DIRECTION('center_axis',(0.,0.,1.));
#3105=DIRECTION('ref_axis',(1.,0.,0.));
#3106=DIRECTION('',(0.,0.,1.));
#3107=DIRECTION('center_axis',(0.,0.,-1.));
#3108=DIRECTION('ref_axis',(1.,0.,0.));
#3109=DIRECTION('center_axis',(0.,0.,-1.));
#3110=DIRECTION('ref_axis',(1.,0.,0.));
#3111=DIRECTION('center_axis',(0.,0.,1.));
#3112=DIRECTION('ref_axis',(1.,0.,0.));
#3113=DIRECTION('',(0.,0.,1.));
#3114=DIRECTION('center_axis',(0.,0.,-1.));
#3115=DIRECTION('ref_axis',(1.,0.,0.));
#3116=DIRECTION('center_axis',(0.,0.,-1.));
#3117=DIRECTION('ref_axis',(1.,0.,0.));
#3118=DIRECTION('center_axis',(0.,0.,1.));
#3119=DIRECTION('ref_axis',(1.,0.,0.));
#3120=DIRECTION('',(0.,0.,1.));
#3121=DIRECTION('center_axis',(0.,0.,-1.));
#3122=DIRECTION('ref_axis',(1.,0.,0.));
#3123=DIRECTION('center_axis',(1.,0.,0.));
#3124=DIRECTION('ref_axis',(0.,-1.,0.));
#3125=DIRECTION('',(0.,-1.,0.));
#3126=DIRECTION('',(0.,0.,-1.));
#3127=DIRECTION('',(0.,-1.,0.));
#3128=DIRECTION('',(0.,0.,-1.));
#3129=DIRECTION('center_axis',(3.17206578464332E-16,1.,0.));
#3130=DIRECTION('ref_axis',(1.,-3.17206578464332E-16,0.));
#3131=DIRECTION('',(1.,-3.17206578464332E-16,0.));
#3132=DIRECTION('',(1.,-3.17206578464332E-16,0.));
#3133=DIRECTION('',(0.,0.,-1.));
#3134=DIRECTION('center_axis',(-1.,0.,0.));
#3135=DIRECTION('ref_axis',(0.,1.,0.));
#3136=DIRECTION('',(0.,1.,0.));
#3137=DIRECTION('',(0.,1.,0.));
#3138=DIRECTION('',(0.,0.,-1.));
#3139=DIRECTION('center_axis',(2.59680160972327E-9,-1.,0.));
#3140=DIRECTION('ref_axis',(-1.,-2.59680160972327E-9,0.));
#3141=DIRECTION('',(-1.,-2.59680160972327E-9,0.));
#3142=DIRECTION('',(-1.,-2.59680160972327E-9,0.));
#3143=DIRECTION('center_axis',(0.,0.,1.));
#3144=DIRECTION('ref_axis',(1.,0.,0.));
#3145=DIRECTION('center_axis',(0.,0.,1.));
#3146=DIRECTION('ref_axis',(1.,0.,0.));
#3147=DIRECTION('center_axis',(0.,1.,0.));
#3148=DIRECTION('ref_axis',(1.,0.,0.));
#3149=DIRECTION('',(1.,0.,0.));
#3150=DIRECTION('',(0.,0.,1.));
#3151=DIRECTION('',(1.,0.,0.));
#3152=DIRECTION('',(0.,0.,-1.));
#3153=DIRECTION('center_axis',(0.,-1.,0.));
#3154=DIRECTION('ref_axis',(-1.,0.,0.));
#3155=DIRECTION('',(-1.,0.,0.));
#3156=DIRECTION('',(0.,0.,1.));
#3157=DIRECTION('',(-1.,0.,0.));
#3158=DIRECTION('',(0.,0.,-1.));
#3159=DIRECTION('center_axis',(0.,0.,-1.));
#3160=DIRECTION('ref_axis',(-1.,0.,0.));
#3161=DIRECTION('',(0.,-1.,0.));
#3162=DIRECTION('',(-4.77310899138495E-9,1.,0.));
#3163=DIRECTION('center_axis',(0.,1.,0.));
#3164=DIRECTION('ref_axis',(1.,0.,0.));
#3165=DIRECTION('',(1.,0.,0.));
#3166=DIRECTION('',(0.,0.,1.));
#3167=DIRECTION('',(1.,0.,0.));
#3168=DIRECTION('',(0.,0.,-1.));
#3169=DIRECTION('center_axis',(0.,-1.,0.));
#3170=DIRECTION('ref_axis',(-1.,0.,0.));
#3171=DIRECTION('',(-1.,0.,0.));
#3172=DIRECTION('',(0.,0.,1.));
#3173=DIRECTION('',(-1.,0.,0.));
#3174=DIRECTION('',(0.,0.,-1.));
#3175=DIRECTION('center_axis',(0.,0.,-1.));
#3176=DIRECTION('ref_axis',(-1.,0.,0.));
#3177=DIRECTION('',(-4.77310899138495E-9,-1.,0.));
#3178=DIRECTION('',(0.,1.,0.));
#3179=DIRECTION('center_axis',(-1.,3.0454691304156E-8,0.));
#3180=DIRECTION('ref_axis',(3.0454691304156E-8,0.999999999999999,0.));
#3181=DIRECTION('',(3.0454691304156E-8,0.999999999999999,0.));
#3182=DIRECTION('',(0.,0.,1.));
#3183=DIRECTION('',(3.0454691304156E-8,0.999999999999999,0.));
#3184=DIRECTION('',(0.,0.,-1.));
#3185=DIRECTION('center_axis',(1.,3.0454691304156E-8,0.));
#3186=DIRECTION('ref_axis',(3.0454691304156E-8,-0.999999999999999,0.));
#3187=DIRECTION('',(3.0454691304156E-8,-0.999999999999999,0.));
#3188=DIRECTION('',(0.,0.,1.));
#3189=DIRECTION('',(3.0454691304156E-8,-0.999999999999999,0.));
#3190=DIRECTION('',(0.,0.,-1.));
#3191=DIRECTION('center_axis',(0.,0.,-1.));
#3192=DIRECTION('ref_axis',(-1.,0.,0.));
#3193=DIRECTION('',(1.,0.,0.));
#3194=DIRECTION('',(-0.999999999999999,3.04547426316509E-8,0.));
#3195=DIRECTION('',(-0.999999999999999,-3.04546910212833E-8,0.));
#3196=DIRECTION('center_axis',(-1.,-4.77310899138495E-9,0.));
#3197=DIRECTION('ref_axis',(4.77310899138495E-9,-1.,0.));
#3198=DIRECTION('',(4.77310899138495E-9,-1.,0.));
#3199=DIRECTION('',(0.,0.,1.));
#3200=DIRECTION('',(-4.77310899138495E-9,1.,0.));
#3201=DIRECTION('',(0.,0.,1.));
#3202=DIRECTION('',(4.77310899138495E-9,-1.,0.));
#3203=DIRECTION('center_axis',(-1.,0.,0.));
#3204=DIRECTION('ref_axis',(0.,-1.,0.));
#3205=DIRECTION('',(0.,-1.,0.));
#3206=DIRECTION('',(0.,0.,1.));
#3207=DIRECTION('',(0.,-1.,0.));
#3208=DIRECTION('',(0.,0.,1.));
#3209=DIRECTION('',(0.,-1.,0.));
#3210=DIRECTION('center_axis',(-3.04547426316509E-8,-1.,0.));
#3211=DIRECTION('ref_axis',(0.999999999999999,-3.04547426316509E-8,0.));
#3212=DIRECTION('',(0.999999999999999,-3.04547426316509E-8,0.));
#3213=DIRECTION('',(-0.999999999999999,3.04547426316509E-8,0.));
#3214=DIRECTION('',(0.,0.,1.));
#3215=DIRECTION('center_axis',(0.,0.,1.));
#3216=DIRECTION('ref_axis',(1.,0.,0.));
#3217=DIRECTION('',(-1.,0.,0.));
#3218=DIRECTION('',(0.999999999999999,3.04546910212833E-8,0.));
#3219=DIRECTION('',(4.77310899138495E-9,1.,0.));
#3220=DIRECTION('center_axis',(0.,0.,1.));
#3221=DIRECTION('ref_axis',(1.,0.,0.));
#3222=DIRECTION('',(0.,1.,0.));
#3223=DIRECTION('',(1.,0.,0.));
#3224=DIRECTION('',(4.77310899138495E-9,1.,0.));
#3225=DIRECTION('',(-1.,-1.8003616485482E-15,0.));
#3226=DIRECTION('center_axis',(0.,0.,1.));
#3227=DIRECTION('ref_axis',(1.,0.,0.));
#3228=DIRECTION('',(-1.,0.,0.));
#3229=DIRECTION('',(0.,1.,0.));
#3230=DIRECTION('center_axis',(0.,1.,0.));
#3231=DIRECTION('ref_axis',(-1.,0.,0.));
#3232=DIRECTION('',(-1.,0.,0.));
#3233=DIRECTION('',(0.,0.,1.));
#3234=DIRECTION('center_axis',(0.,-1.,0.));
#3235=DIRECTION('ref_axis',(1.,0.,0.));
#3236=DIRECTION('',(1.,0.,0.));
#3237=DIRECTION('',(0.,0.,1.));
#3238=DIRECTION('center_axis',(1.,0.,0.));
#3239=DIRECTION('ref_axis',(0.,1.,0.));
#3240=DIRECTION('',(0.,1.,0.));
#3241=DIRECTION('center_axis',(-1.8003616485482E-15,1.,0.));
#3242=DIRECTION('ref_axis',(-1.,-1.8003616485482E-15,0.));
#3243=DIRECTION('',(-1.,-1.8003616485482E-15,0.));
#3244=DIRECTION('',(0.,0.,1.));
#3245=DIRECTION('center_axis',(1.,-4.77310899138495E-9,0.));
#3246=DIRECTION('ref_axis',(4.77310899138495E-9,1.,0.));
#3247=DIRECTION('',(0.,0.,1.));
#3248=DIRECTION('',(4.77310899138495E-9,1.,0.));
#3249=DIRECTION('center_axis',(3.04546910212833E-8,-1.,0.));
#3250=DIRECTION('ref_axis',(0.999999999999999,3.04546910212833E-8,0.));
#3251=DIRECTION('',(0.999999999999999,3.04546910212833E-8,0.));
#3252=DIRECTION('center_axis',(0.,0.,1.));
#3253=DIRECTION('ref_axis',(1.,0.,0.));
#3254=DIRECTION('center_axis',(-1.,0.,0.));
#3255=DIRECTION('ref_axis',(0.,-1.,0.));
#3256=DIRECTION('',(0.,1.,0.));
#3257=DIRECTION('',(0.,0.,1.));
#3258=DIRECTION('',(0.,-1.,0.));
#3259=DIRECTION('',(0.,0.,1.));
#3260=DIRECTION('center_axis',(0.,1.,0.));
#3261=DIRECTION('ref_axis',(-1.,0.,0.));
#3262=DIRECTION('',(1.,0.,0.));
#3263=DIRECTION('',(-1.,0.,0.));
#3264=DIRECTION('',(0.,0.,1.));
#3265=DIRECTION('center_axis',(1.,0.,0.));
#3266=DIRECTION('ref_axis',(0.,1.,0.));
#3267=DIRECTION('',(0.,-1.,0.));
#3268=DIRECTION('',(0.,1.,0.));
#3269=DIRECTION('',(0.,0.,1.));
#3270=DIRECTION('center_axis',(0.,-1.,0.));
#3271=DIRECTION('ref_axis',(1.,0.,0.));
#3272=DIRECTION('',(-1.,0.,0.));
#3273=DIRECTION('',(1.,0.,0.));
#3274=DIRECTION('center_axis',(0.,0.,1.));
#3275=DIRECTION('ref_axis',(1.,0.,0.));
#3276=DIRECTION('center_axis',(0.,0.,1.));
#3277=DIRECTION('ref_axis',(1.,0.,0.));
#3278=DIRECTION('center_axis',(-1.,0.,0.));
#3279=DIRECTION('ref_axis',(0.,-1.,0.));
#3280=DIRECTION('',(0.,-1.,0.));
#3281=DIRECTION('',(0.,0.,1.));
#3282=DIRECTION('',(0.,-1.,0.));
#3283=DIRECTION('',(0.,0.,1.));
#3284=DIRECTION('center_axis',(0.,1.,0.));
#3285=DIRECTION('ref_axis',(-1.,0.,0.));
#3286=DIRECTION('',(-1.,0.,0.));
#3287=DIRECTION('',(-1.,0.,0.));
#3288=DIRECTION('',(0.,0.,1.));
#3289=DIRECTION('center_axis',(1.,0.,0.));
#3290=DIRECTION('ref_axis',(0.,1.,0.));
#3291=DIRECTION('',(0.,1.,0.));
#3292=DIRECTION('',(0.,1.,0.));
#3293=DIRECTION('',(0.,0.,1.));
#3294=DIRECTION('center_axis',(0.,-1.,0.));
#3295=DIRECTION('ref_axis',(1.,0.,0.));
#3296=DIRECTION('',(1.,0.,0.));
#3297=DIRECTION('',(1.,0.,0.));
#3298=DIRECTION('center_axis',(0.,0.,1.));
#3299=DIRECTION('ref_axis',(1.,0.,0.));
#3300=DIRECTION('center_axis',(0.,0.,1.));
#3301=DIRECTION('ref_axis',(1.,0.,0.));
#3302=DIRECTION('center_axis',(-1.,0.,0.));
#3303=DIRECTION('ref_axis',(0.,-1.,0.));
#3304=DIRECTION('',(0.,1.,0.));
#3305=DIRECTION('',(0.,0.,1.));
#3306=DIRECTION('',(0.,-1.,0.));
#3307=DIRECTION('',(0.,0.,1.));
#3308=DIRECTION('center_axis',(0.,1.,0.));
#3309=DIRECTION('ref_axis',(-1.,0.,0.));
#3310=DIRECTION('',(1.,0.,0.));
#3311=DIRECTION('',(-1.,0.,0.));
#3312=DIRECTION('',(0.,0.,1.));
#3313=DIRECTION('center_axis',(1.,0.,0.));
#3314=DIRECTION('ref_axis',(0.,1.,0.));
#3315=DIRECTION('',(0.,-1.,0.));
#3316=DIRECTION('',(0.,1.,0.));
#3317=DIRECTION('',(0.,0.,1.));
#3318=DIRECTION('center_axis',(0.,-1.,0.));
#3319=DIRECTION('ref_axis',(1.,0.,0.));
#3320=DIRECTION('',(-1.,0.,0.));
#3321=DIRECTION('',(1.,0.,0.));
#3322=DIRECTION('center_axis',(0.,0.,1.));
#3323=DIRECTION('ref_axis',(1.,0.,0.));
#3324=DIRECTION('center_axis',(0.,0.,1.));
#3325=DIRECTION('ref_axis',(1.,0.,0.));
#3326=DIRECTION('center_axis',(-0.999999999999995,1.03961006470143E-7,0.));
#3327=DIRECTION('ref_axis',(-1.03961006470143E-7,-0.999999999999995,0.));
#3328=DIRECTION('',(-1.03961006470143E-7,-0.999999999999995,0.));
#3329=DIRECTION('',(0.,0.,1.));
#3330=DIRECTION('',(-1.03961006470143E-7,-0.999999999999995,0.));
#3331=DIRECTION('',(0.,0.,1.));
#3332=DIRECTION('center_axis',(1.03961012021259E-7,0.999999999999995,0.));
#3333=DIRECTION('ref_axis',(-0.999999999999995,1.03961012021259E-7,0.));
#3334=DIRECTION('',(-0.999999999999995,1.03961012021259E-7,0.));
#3335=DIRECTION('',(-0.999999999999995,1.03961012021259E-7,0.));
#3336=DIRECTION('',(0.,0.,1.));
#3337=DIRECTION('center_axis',(0.999999999999995,-1.03961006470143E-7,0.));
#3338=DIRECTION('ref_axis',(1.03961006470143E-7,0.999999999999995,0.));
#3339=DIRECTION('',(1.03961006470143E-7,0.999999999999995,0.));
#3340=DIRECTION('',(1.03961006470143E-7,0.999999999999995,0.));
#3341=DIRECTION('',(0.,0.,1.));
#3342=DIRECTION('center_axis',(-1.03961009245701E-7,-0.999999999999995,
0.));
#3343=DIRECTION('ref_axis',(0.999999999999995,-1.03961009245701E-7,0.));
#3344=DIRECTION('',(0.999999999999995,-1.03961009245701E-7,0.));
#3345=DIRECTION('',(0.999999999999995,-1.03961009245701E-7,0.));
#3346=DIRECTION('center_axis',(0.,0.,1.));
#3347=DIRECTION('ref_axis',(1.,0.,0.));
#3348=DIRECTION('center_axis',(0.,0.,1.));
#3349=DIRECTION('ref_axis',(1.,0.,0.));
#3350=CARTESIAN_POINT('',(0.,0.,0.));
#3351=CARTESIAN_POINT('Origin',(12.7999999479483,-8.69999999402714,-1.5));
#3352=CARTESIAN_POINT('',(12.4999999479483,-8.69999999402714,-3.4));
#3353=CARTESIAN_POINT('Origin',(12.7999999479483,-8.69999999402714,-3.4));
#3354=CARTESIAN_POINT('',(12.4999999479483,-8.69999999402714,-1.5));
#3355=CARTESIAN_POINT('',(12.4999999479483,-8.69999999402714,-1.5));
#3356=CARTESIAN_POINT('Origin',(12.7999999479483,-8.69999999402714,-1.5));
#3357=CARTESIAN_POINT('Origin',(12.7999999479483,-8.69999999402714,-3.4));
#3358=CARTESIAN_POINT('Origin',(-2.50000005205154,-8.0000000337582,-1.5));
#3359=CARTESIAN_POINT('',(-2.80000005205154,-8.0000000337582,-3.4));
#3360=CARTESIAN_POINT('Origin',(-2.50000005205154,-8.0000000337582,-3.4));
#3361=CARTESIAN_POINT('',(-2.80000005205154,-8.0000000337582,-1.5));
#3362=CARTESIAN_POINT('',(-2.80000005205154,-8.0000000337582,-1.5));
#3363=CARTESIAN_POINT('Origin',(-2.50000005205154,-8.0000000337582,-1.5));
#3364=CARTESIAN_POINT('Origin',(-2.50000005205154,-8.0000000337582,-3.4));
#3365=CARTESIAN_POINT('Origin',(10.5999999479483,-8.69999999402714,-1.5));
#3366=CARTESIAN_POINT('',(10.2999999479483,-8.69999999402714,-3.4));
#3367=CARTESIAN_POINT('Origin',(10.5999999479483,-8.69999999402714,-3.4));
#3368=CARTESIAN_POINT('',(10.2999999479483,-8.69999999402714,-1.5));
#3369=CARTESIAN_POINT('',(10.2999999479483,-8.69999999402714,-1.5));
#3370=CARTESIAN_POINT('Origin',(10.5999999479483,-8.69999999402714,-1.5));
#3371=CARTESIAN_POINT('Origin',(10.5999999479483,-8.69999999402714,-3.4));
#3372=CARTESIAN_POINT('Origin',(0.299999947948459,-8.0000000337582,-1.5));
#3373=CARTESIAN_POINT('',(-5.20515409940803E-8,-8.0000000337582,-3.4));
#3374=CARTESIAN_POINT('Origin',(0.299999947948459,-8.0000000337582,-3.4));
#3375=CARTESIAN_POINT('',(-5.20515409940803E-8,-8.0000000337582,-1.5));
#3376=CARTESIAN_POINT('',(-5.20515409940803E-8,-8.0000000337582,-1.5));
#3377=CARTESIAN_POINT('Origin',(0.299999947948459,-8.0000000337582,-1.5));
#3378=CARTESIAN_POINT('Origin',(0.299999947948459,-8.0000000337582,-3.4));
#3379=CARTESIAN_POINT('Origin',(16.3000000520515,5.80000002726665,-1.5));
#3380=CARTESIAN_POINT('',(14.3000000520515,5.80000002726665,-2.9));
#3381=CARTESIAN_POINT('Origin',(16.3000000520515,5.80000002726665,-2.9));
#3382=CARTESIAN_POINT('',(14.3000000520515,5.80000002726665,-1.5));
#3383=CARTESIAN_POINT('',(14.3000000520515,5.80000002726665,-1.5));
#3384=CARTESIAN_POINT('Origin',(16.3000000520515,5.80000002726665,-1.5));
#3385=CARTESIAN_POINT('Origin',(16.3000000520515,5.80000002726665,-2.9));
#3386=CARTESIAN_POINT('Origin',(-16.3000000520515,0.800000027266649,-1.5));
#3387=CARTESIAN_POINT('',(-18.3000000520515,0.800000027266649,-2.9));
#3388=CARTESIAN_POINT('Origin',(-16.3000000520515,0.800000027266649,-2.9));
#3389=CARTESIAN_POINT('',(-18.3000000520515,0.800000027266649,-1.5));
#3390=CARTESIAN_POINT('',(-18.3000000520515,0.800000027266649,-1.5));
#3391=CARTESIAN_POINT('Origin',(-16.3000000520515,0.800000027266649,-1.5));
#3392=CARTESIAN_POINT('Origin',(-16.3000000520515,0.800000027266649,-2.9));
#3393=CARTESIAN_POINT('Origin',(16.3000000520515,0.800000027266646,-1.5));
#3394=CARTESIAN_POINT('',(14.3000000520515,0.800000027266647,-2.9));
#3395=CARTESIAN_POINT('Origin',(16.3000000520515,0.800000027266646,-2.9));
#3396=CARTESIAN_POINT('',(14.3000000520515,0.800000027266647,-1.5));
#3397=CARTESIAN_POINT('',(14.3000000520515,0.800000027266647,-1.5));
#3398=CARTESIAN_POINT('Origin',(16.3000000520515,0.800000027266646,-1.5));
#3399=CARTESIAN_POINT('Origin',(16.3000000520515,0.800000027266646,-2.9));
#3400=CARTESIAN_POINT('Origin',(-16.3000000520515,5.80000002726665,-1.5));
#3401=CARTESIAN_POINT('',(-18.3000000520515,5.80000002726665,-2.9));
#3402=CARTESIAN_POINT('Origin',(-16.3000000520515,5.80000002726665,-2.9));
#3403=CARTESIAN_POINT('',(-18.3000000520515,5.80000002726665,-1.5));
#3404=CARTESIAN_POINT('',(-18.3000000520515,5.80000002726665,-1.5));
#3405=CARTESIAN_POINT('Origin',(-16.3000000520515,5.80000002726665,-1.5));
#3406=CARTESIAN_POINT('Origin',(-16.3000000520515,5.80000002726665,-2.9));
#3407=CARTESIAN_POINT('Origin',(8.59999942897829,-8.7999999137614,6.3));
#3408=CARTESIAN_POINT('',(8.59999942897829,-8.7999999137614,6.3));
#3409=CARTESIAN_POINT('',(9.09999942897829,-8.7999999137614,6.3));
#3410=CARTESIAN_POINT('',(10.0999996790809,-8.7999999137614,6.3));
#3411=CARTESIAN_POINT('',(8.59999942897829,-8.7999999137614,2.3));
#3412=CARTESIAN_POINT('',(8.59999942897829,-8.7999999137614,3.15));
#3413=CARTESIAN_POINT('',(9.09999942897829,-8.7999999137614,2.3));
#3414=CARTESIAN_POINT('',(8.59999942897829,-8.7999999137614,2.3));
#3415=CARTESIAN_POINT('',(9.09999941021828,-8.7999999137614,3.15));
#3416=CARTESIAN_POINT('Origin',(9.09999942893949,-9.7999999137614,6.3));
#3417=CARTESIAN_POINT('',(9.09999942893949,-9.7999999137614,6.3));
#3418=CARTESIAN_POINT('',(8.59999943091798,-9.7999999137614,6.3));
#3419=CARTESIAN_POINT('',(10.3499996790615,-9.7999999137614,6.3));
#3420=CARTESIAN_POINT('',(9.09999942893949,-9.7999999137614,2.3));
#3421=CARTESIAN_POINT('',(9.09999941021828,-9.7999999137614,3.15));
#3422=CARTESIAN_POINT('',(8.59999943091798,-9.7999999137614,2.3));
#3423=CARTESIAN_POINT('',(9.09999942893949,-9.7999999137614,2.3));
#3424=CARTESIAN_POINT('',(8.59999943544725,-9.7999999137614,3.15));
#3425=CARTESIAN_POINT('Origin',(8.84999942897829,-9.2999999137614,2.3));
#3426=CARTESIAN_POINT('',(9.09999941021828,-9.74999991492454,2.3));
#3427=CARTESIAN_POINT('',(8.59999942121552,-7.59999991446427,2.3));
#3428=CARTESIAN_POINT('Origin',(14.0999992883442,-8.80000042933167,6.3));
#3429=CARTESIAN_POINT('',(14.0999992883442,-8.80000042933167,6.3));
#3430=CARTESIAN_POINT('',(14.5999992883441,-8.80000053244573,6.3));
#3431=CARTESIAN_POINT('',(12.8499995468954,-8.80000017154658,6.3));
#3432=CARTESIAN_POINT('',(14.0999992883442,-8.80000042933167,2.3));
#3433=CARTESIAN_POINT('',(14.0999994102183,-8.8000004293317,3.15));
#3434=CARTESIAN_POINT('',(14.5999992883441,-8.80000053244573,2.3));
#3435=CARTESIAN_POINT('',(14.5999992883441,-8.80000053244573,2.3));
#3436=CARTESIAN_POINT('',(14.600000263292,-8.80000053244593,3.15));
#3437=CARTESIAN_POINT('Origin',(14.5999990801763,-9.80000053244571,6.3));
#3438=CARTESIAN_POINT('',(14.5999990801763,-9.80000053244571,6.3));
#3439=CARTESIAN_POINT('',(14.0999990821548,-9.80000042933165,6.3));
#3440=CARTESIAN_POINT('',(13.0999993396975,-9.80000022310359,6.3));
#3441=CARTESIAN_POINT('',(14.5999990801763,-9.80000053244571,2.3));
#3442=CARTESIAN_POINT('',(14.6000003720313,-9.80000053244597,3.15));
#3443=CARTESIAN_POINT('',(14.0999990821548,-9.80000042933165,2.3));
#3444=CARTESIAN_POINT('',(14.0999990821548,-9.80000042933165,2.3));
#3445=CARTESIAN_POINT('',(14.0999994102183,-9.80000042933172,3.15));
#3446=CARTESIAN_POINT('Origin',(14.3499991852495,-9.30000048088869,2.3));
#3447=CARTESIAN_POINT('',(14.6000003829052,-9.90000033956836,2.3));
#3448=CARTESIAN_POINT('',(14.0999994102183,-7.85000019848818,2.3));
#3449=CARTESIAN_POINT('Origin',(8.59999941021828,-5.89999991354991,0.));
#3450=CARTESIAN_POINT('',(8.59999941021828,-5.89999991354991,6.3));
#3451=CARTESIAN_POINT('',(8.59999941021828,-5.89999991354991,6.3));
#3452=CARTESIAN_POINT('',(8.59999941021828,-5.89999991354991,0.));
#3453=CARTESIAN_POINT('',(8.59999941021828,-5.89999991354991,0.));
#3454=CARTESIAN_POINT('',(8.59999943997553,-10.4999999135499,0.));
#3455=CARTESIAN_POINT('',(8.59999939113482,-2.94999994259149,0.));
#3456=CARTESIAN_POINT('',(8.59999943997553,-10.4999999135499,6.3));
#3457=CARTESIAN_POINT('',(8.59999943997553,-10.4999999135499,0.));
#3458=CARTESIAN_POINT('',(8.59999941021828,-5.89999991354991,6.3));
#3459=CARTESIAN_POINT('Origin',(11.5999999291835,-8.20000006949144,6.3));
#3460=CARTESIAN_POINT('',(9.09999941021828,-6.39999991608767,6.3));
#3461=CARTESIAN_POINT('',(9.09999941021828,-10.1999999160877,6.3));
#3462=CARTESIAN_POINT('',(14.0999994102183,-6.39999991608767,6.3));
#3463=CARTESIAN_POINT('',(9.09999941021828,-6.39999991608767,6.3));
#3464=CARTESIAN_POINT('',(14.0999994102183,-6.39999991608767,6.3));
#3465=CARTESIAN_POINT('',(14.5999999479481,-5.90000022542987,6.3));
#3466=CARTESIAN_POINT('',(14.5999999479481,-5.90000022542987,6.3));
#3467=CARTESIAN_POINT('',(11.5999996790859,-5.89999991608767,6.3));
#3468=CARTESIAN_POINT('',(11.5999996790859,-5.89999991608767,6.3));
#3469=CARTESIAN_POINT('',(11.5999996790859,-5.89999991608767,6.3));
#3470=CARTESIAN_POINT('Origin',(11.5999999291835,-8.20000006949144,6.3));
#3471=CARTESIAN_POINT('',(11.5999994399755,-10.4999999160877,6.3));
#3472=CARTESIAN_POINT('',(8.59999943997553,-10.4999999135499,6.3));
#3473=CARTESIAN_POINT('',(14.6000004481488,-10.500000225433,6.3));
#3474=CARTESIAN_POINT('',(14.6000004481488,-10.500000225433,6.3));
#3475=CARTESIAN_POINT('',(14.5999999479481,-5.90000022542987,6.3));
#3476=CARTESIAN_POINT('',(14.0999994102183,-10.1999999160877,6.3));
#3477=CARTESIAN_POINT('',(14.0999994102183,-6.39999991608767,6.3));
#3478=CARTESIAN_POINT('',(9.09999941021828,-10.1999999160877,6.3));
#3479=CARTESIAN_POINT('',(14.0999994102183,-10.1999999160877,6.3));
#3480=CARTESIAN_POINT('',(9.09999941021828,-10.1999999160877,6.3));
#3481=CARTESIAN_POINT('Origin',(14.0999994102183,-6.39999991608767,0.));
#3482=CARTESIAN_POINT('',(14.0999994102183,-6.39999991608767,0.));
#3483=CARTESIAN_POINT('',(14.0999994102183,-6.39999991608767,0.));
#3484=CARTESIAN_POINT('',(14.0999994102183,-10.1999999160877,0.));
#3485=CARTESIAN_POINT('',(14.0999994102183,-3.19999997167693,0.));
#3486=CARTESIAN_POINT('',(14.0999994102183,-10.1999999160877,0.));
#3487=CARTESIAN_POINT('Origin',(9.09999941021828,-6.39999991608767,0.));
#3488=CARTESIAN_POINT('',(9.09999941021828,-6.39999991608767,0.));
#3489=CARTESIAN_POINT('',(4.54999967908333,-6.39999991608767,0.));
#3490=CARTESIAN_POINT('',(9.09999941021828,-6.39999991608767,0.));
#3491=CARTESIAN_POINT('Origin',(9.09999941021828,-10.1999999160877,0.));
#3492=CARTESIAN_POINT('',(9.09999941021828,-10.1999999160877,0.));
#3493=CARTESIAN_POINT('',(9.09999941021828,-10.1999999160877,0.));
#3494=CARTESIAN_POINT('',(9.09999941021828,-5.09999997167693,0.));
#3495=CARTESIAN_POINT('Origin',(14.0999994102183,-10.1999999160877,0.));
#3496=CARTESIAN_POINT('',(7.04999967908333,-10.1999999160877,0.));
#3497=CARTESIAN_POINT('Origin',(14.5999999479481,-5.90000022542987,0.));
#3498=CARTESIAN_POINT('',(11.5999996790859,-5.89999991608767,0.));
#3499=CARTESIAN_POINT('',(14.5999999479481,-5.90000022542987,0.));
#3500=CARTESIAN_POINT('',(7.29999964376186,-5.89999947269722,0.));
#3501=CARTESIAN_POINT('',(11.5999996790859,-5.89999991608767,0.));
#3502=CARTESIAN_POINT('',(14.5999999479481,-5.90000022542987,0.));
#3503=CARTESIAN_POINT('Origin',(14.6000004481488,-10.500000225433,0.));
#3504=CARTESIAN_POINT('',(14.6000004481488,-10.500000225433,0.));
#3505=CARTESIAN_POINT('',(14.6000004481488,-10.500000225433,0.));
#3506=CARTESIAN_POINT('',(14.5999998772675,-5.24999933255297,0.));
#3507=CARTESIAN_POINT('Origin',(11.5999994399755,-10.4999999160877,0.));
#3508=CARTESIAN_POINT('',(11.5999994399755,-10.4999999160877,0.));
#3509=CARTESIAN_POINT('',(5.79999915260793,-10.4999993180203,0.));
#3510=CARTESIAN_POINT('',(11.5999994399755,-10.4999999160877,0.));
#3511=CARTESIAN_POINT('Origin',(8.59999943997553,-10.4999999135499,0.));
#3512=CARTESIAN_POINT('',(4.29999968952083,-10.4999999099124,0.));
#3513=CARTESIAN_POINT('Origin',(11.5999996790859,-5.89999991608767,0.));
#3514=CARTESIAN_POINT('',(5.79999981102165,-5.89999991118133,0.));
#3515=CARTESIAN_POINT('Origin',(-5.20516207913602E-8,-2.72661915268202E-8,
0.));
#3516=CARTESIAN_POINT('Origin',(-16.0000000520529,6.55000002726599,15.2));
#3517=CARTESIAN_POINT('',(-14.2500000520529,6.55000002726599,15.2));
#3518=CARTESIAN_POINT('Origin',(-16.0000000520529,6.55000002726599,15.2));
#3519=CARTESIAN_POINT('Origin',(-16.0000000520523,-3.2499999727333,15.2));
#3520=CARTESIAN_POINT('',(-14.2500001016708,-3.2499999727333,15.2));
#3521=CARTESIAN_POINT('Origin',(-16.0000000520523,-3.2499999727333,15.2));
#3522=CARTESIAN_POINT('Origin',(-14.0000000520526,2.15000002726623,16.3));
#3523=CARTESIAN_POINT('',(-14.0000000520526,1.15000002726645,0.));
#3524=CARTESIAN_POINT('',(-14.0000000520526,2.15000002726623,0.));
#3525=CARTESIAN_POINT('',(-14.0000000520526,2.15000002726623,0.));
#3526=CARTESIAN_POINT('',(-14.0000000520526,2.15000002726623,-0.0999999999999979));
#3527=CARTESIAN_POINT('',(-14.0000000520526,2.15000002726623,16.3));
#3528=CARTESIAN_POINT('',(-14.0000000520526,1.15000002726645,-0.0999999999999979));
#3529=CARTESIAN_POINT('',(-14.0000000520526,2.15000002726623,-0.0999999999999979));
#3530=CARTESIAN_POINT('',(-14.0000000520526,1.15000002726645,16.3));
#3531=CARTESIAN_POINT('Origin',(-14.0000000520526,1.15000002726645,16.3));
#3532=CARTESIAN_POINT('',(-18.0000000520526,1.15000002726645,0.));
#3533=CARTESIAN_POINT('',(-14.0000000520526,1.15000002726645,0.));
#3534=CARTESIAN_POINT('',(-18.0000000520526,1.15000002726645,-0.0999999999999979));
#3535=CARTESIAN_POINT('',(-14.0000000520526,1.15000002726645,-0.0999999999999979));
#3536=CARTESIAN_POINT('',(-18.0000000520526,1.15000002726645,16.3));
#3537=CARTESIAN_POINT('Origin',(-18.0000000520526,2.15000002726623,16.3));
#3538=CARTESIAN_POINT('',(-18.0000000520526,2.15000002726623,0.));
#3539=CARTESIAN_POINT('',(-18.0000000520526,2.15000002726623,0.));
#3540=CARTESIAN_POINT('',(-18.0000000520526,2.15000002726623,-0.0999999999999979));
#3541=CARTESIAN_POINT('',(-18.0000000520526,2.15000002726623,16.3));
#3542=CARTESIAN_POINT('',(-18.0000000520526,2.15000002726623,-0.0999999999999979));
#3543=CARTESIAN_POINT('Origin',(-18.0000000520526,1.15000002726645,16.3));
#3544=CARTESIAN_POINT('',(-18.0000000520526,1.15000002726645,0.));
#3545=CARTESIAN_POINT('',(-18.0000000520526,1.15000002726645,-0.0999999999999979));
#3546=CARTESIAN_POINT('Origin',(-16.0000000520526,1.65000002726634,-0.0999999999999979));
#3547=CARTESIAN_POINT('Origin',(-16.0000000520523,-3.2499999727333,16.3));
#3548=CARTESIAN_POINT('',(-14.2500001016708,-3.2499999727333,0.));
#3549=CARTESIAN_POINT('',(-14.2500001016708,-3.2499999727333,16.3));
#3550=CARTESIAN_POINT('Origin',(-16.0000000520523,-3.2499999727333,0.));
#3551=CARTESIAN_POINT('Origin',(-16.0000000520529,6.55000002726599,16.3));
#3552=CARTESIAN_POINT('',(-14.2500000520529,6.55000002726599,0.));
#3553=CARTESIAN_POINT('',(-14.2500000520529,6.55000002726599,16.3));
#3554=CARTESIAN_POINT('Origin',(-16.0000000520529,6.55000002726599,0.));
#3555=CARTESIAN_POINT('Origin',(-17.0000000520522,-5.59999997273338,16.3));
#3556=CARTESIAN_POINT('',(-17.0000000520522,-5.59999997273338,16.3));
#3557=CARTESIAN_POINT('',(-19.2000000520517,-3.19999997273454,16.3));
#3558=CARTESIAN_POINT('',(-18.5773585426182,-3.87924525575269,16.3));
#3559=CARTESIAN_POINT('',(-17.0000000520522,-5.59999997273338,0.));
#3560=CARTESIAN_POINT('',(-17.0000000520522,-5.59999997273338,16.3));
#3561=CARTESIAN_POINT('',(-19.2000000520517,-3.19999997273454,0.));
#3562=CARTESIAN_POINT('',(-19.2000000520517,-3.19999997273454,0.));
#3563=CARTESIAN_POINT('',(-19.2000000520517,-3.19999997273454,16.3));
#3564=CARTESIAN_POINT('Origin',(-15.0000000520522,-5.59999997273327,16.3));
#3565=CARTESIAN_POINT('',(-15.0000000520522,-5.59999997273327,16.3));
#3566=CARTESIAN_POINT('',(-15.500000052052,-5.59999997273329,16.3));
#3567=CARTESIAN_POINT('',(-15.0000000520522,-5.59999997273327,0.));
#3568=CARTESIAN_POINT('',(-15.0000000520522,-5.59999997273327,16.3));
#3569=CARTESIAN_POINT('',(-17.0000000520522,-5.59999997273338,0.));
#3570=CARTESIAN_POINT('Origin',(-12.800000052053,-3.19999997273419,16.3));
#3571=CARTESIAN_POINT('',(-12.800000052053,-3.19999997273419,16.3));
#3572=CARTESIAN_POINT('',(-12.3226415614866,-2.67924525575265,16.3));
#3573=CARTESIAN_POINT('',(-12.800000052053,-3.19999997273419,0.));
#3574=CARTESIAN_POINT('',(-12.800000052053,-3.19999997273419,16.3));
#3575=CARTESIAN_POINT('',(-15.0000000520522,-5.59999997273327,0.));
#3576=CARTESIAN_POINT('Origin',(-12.800000052053,8.80000002726582,16.3));
#3577=CARTESIAN_POINT('',(-12.800000052053,8.80000002726582,16.3));
#3578=CARTESIAN_POINT('',(-12.800000052053,5.22500002726623,16.3));
#3579=CARTESIAN_POINT('',(-12.800000052053,8.80000002726582,0.));
#3580=CARTESIAN_POINT('',(-12.800000052053,8.80000002726582,16.3));
#3581=CARTESIAN_POINT('',(-12.800000052053,-3.19999997273419,0.));
#3582=CARTESIAN_POINT('Origin',(-19.200000052053,8.80000002726547,16.3));
#3583=CARTESIAN_POINT('',(-19.200000052053,8.80000002726547,16.3));
#3584=CARTESIAN_POINT('',(-17.6000000520528,8.80000002726555,16.3));
#3585=CARTESIAN_POINT('',(-19.200000052053,8.80000002726547,0.));
#3586=CARTESIAN_POINT('',(-19.200000052053,8.80000002726547,16.3));
#3587=CARTESIAN_POINT('',(-19.200000052053,8.80000002726547,0.));
#3588=CARTESIAN_POINT('Origin',(-19.2000000520517,-3.19999997273454,16.3));
#3589=CARTESIAN_POINT('',(-19.2000000520519,-0.774999972734121,16.3));
#3590=CARTESIAN_POINT('',(-19.200000052053,8.80000002726547,0.));
#3591=CARTESIAN_POINT('Origin',(-16.000000052053,1.60000002726622,0.));
#3592=CARTESIAN_POINT('Origin',(-16.0000000520522,1.65000002726665,16.3));
#3593=CARTESIAN_POINT('',(-12.0000000520546,9.40000002726533,16.3));
#3594=CARTESIAN_POINT('',(-20.0000000520515,9.40000002726663,16.3));
#3595=CARTESIAN_POINT('',(-16.0000000520515,9.40000002726665,16.3));
#3596=CARTESIAN_POINT('',(-20.0000000520515,-3.19999997273337,16.3));
#3597=CARTESIAN_POINT('',(-20.0000000520515,9.40000002726663,16.3));
#3598=CARTESIAN_POINT('',(-17.2000000520513,-6.09999997273334,16.3));
#3599=CARTESIAN_POINT('',(-20.0000000520515,-3.19999997273337,16.3));
#3600=CARTESIAN_POINT('',(-14.8000000520529,-6.09999997273329,16.3));
#3601=CARTESIAN_POINT('',(-17.2000000520513,-6.09999997273334,16.3));
#3602=CARTESIAN_POINT('',(-12.0000000520528,-3.19999997273138,16.3));
#3603=CARTESIAN_POINT('',(-12.0000000520528,-3.19999997273138,16.3));
#3604=CARTESIAN_POINT('',(-12.0000000520546,9.40000002726533,16.3));
#3605=CARTESIAN_POINT('Origin',(16.0000000520523,-3.24999997273331,8.2));
#3606=CARTESIAN_POINT('',(17.7500000520523,-3.24999997273331,15.9));
#3607=CARTESIAN_POINT('Origin',(16.0000000520523,-3.24999997273331,15.9));
#3608=CARTESIAN_POINT('',(17.7500000520523,-3.24999997273331,8.2));
#3609=CARTESIAN_POINT('',(17.7500000520523,-3.24999997273331,8.2));
#3610=CARTESIAN_POINT('Origin',(16.0000000520523,-3.24999997273331,8.2));
#3611=CARTESIAN_POINT('Origin',(16.0000000520529,6.55000002726598,8.2));
#3612=CARTESIAN_POINT('',(17.7500000520529,6.55000002726598,15.9));
#3613=CARTESIAN_POINT('Origin',(16.0000000520529,6.55000002726598,15.9));
#3614=CARTESIAN_POINT('',(17.7500000520529,6.55000002726598,8.2));
#3615=CARTESIAN_POINT('',(17.7500000520529,6.55000002726598,8.2));
#3616=CARTESIAN_POINT('Origin',(16.0000000520529,6.55000002726598,8.2));
#3617=CARTESIAN_POINT('Origin',(19.2000000520517,-3.19999997273455,8.2));
#3618=CARTESIAN_POINT('',(19.200000052053,8.80000002726545,8.2));
#3619=CARTESIAN_POINT('',(19.2000000520517,-3.19999997273455,8.2));
#3620=CARTESIAN_POINT('',(19.200000052052,-0.774999972734124,8.2));
#3621=CARTESIAN_POINT('',(19.200000052053,8.80000002726545,15.9));
#3622=CARTESIAN_POINT('',(19.200000052053,8.80000002726545,8.2));
#3623=CARTESIAN_POINT('',(19.2000000520517,-3.19999997273455,15.9));
#3624=CARTESIAN_POINT('',(19.200000052053,8.80000002726545,15.9));
#3625=CARTESIAN_POINT('',(19.2000000520517,-3.19999997273455,8.2));
#3626=CARTESIAN_POINT('Origin',(17.0000000520522,-5.59999997273339,8.2));
#3627=CARTESIAN_POINT('',(17.0000000520522,-5.59999997273339,8.2));
#3628=CARTESIAN_POINT('',(18.5773585426182,-3.8792452557527,8.2));
#3629=CARTESIAN_POINT('',(17.0000000520522,-5.59999997273339,15.9));
#3630=CARTESIAN_POINT('',(19.2000000520517,-3.19999997273455,15.9));
#3631=CARTESIAN_POINT('',(17.0000000520522,-5.59999997273339,8.2));
#3632=CARTESIAN_POINT('Origin',(15.0000000520522,-5.59999997273328,8.2));
#3633=CARTESIAN_POINT('',(15.0000000520522,-5.59999997273328,8.2));
#3634=CARTESIAN_POINT('',(15.5000000520521,-5.59999997273329,8.2));
#3635=CARTESIAN_POINT('',(15.0000000520522,-5.59999997273327,15.9));
#3636=CARTESIAN_POINT('',(15.0000000520522,-5.59999997273328,15.9));
#3637=CARTESIAN_POINT('',(15.0000000520522,-5.59999997273328,8.2));
#3638=CARTESIAN_POINT('Origin',(12.800000052053,-3.1999999727342,8.2));
#3639=CARTESIAN_POINT('',(12.800000052053,-3.1999999727342,8.2));
#3640=CARTESIAN_POINT('',(12.3226415614866,-2.67924525575265,8.2));
#3641=CARTESIAN_POINT('',(12.800000052053,-3.1999999727342,15.9));
#3642=CARTESIAN_POINT('',(12.800000052053,-3.1999999727342,15.9));
#3643=CARTESIAN_POINT('',(12.800000052053,-3.1999999727342,8.2));
#3644=CARTESIAN_POINT('Origin',(12.800000052053,8.8000000272658,8.2));
#3645=CARTESIAN_POINT('',(12.800000052053,8.8000000272658,8.2));
#3646=CARTESIAN_POINT('',(12.800000052053,5.22500002726623,8.2));
#3647=CARTESIAN_POINT('',(12.800000052053,8.8000000272658,15.9));
#3648=CARTESIAN_POINT('',(12.800000052053,8.8000000272658,15.9));
#3649=CARTESIAN_POINT('',(12.800000052053,8.8000000272658,8.2));
#3650=CARTESIAN_POINT('Origin',(19.200000052053,8.80000002726546,8.2));
#3651=CARTESIAN_POINT('',(17.6000000520528,8.80000002726554,8.2));
#3652=CARTESIAN_POINT('',(16.000000052053,8.80000002726563,15.9));
#3653=CARTESIAN_POINT('Origin',(16.000000052053,1.60000002726621,15.9));
#3654=CARTESIAN_POINT('',(14.0000000520526,1.15000002726644,15.9));
#3655=CARTESIAN_POINT('',(18.0000000520526,1.15000002726622,15.9));
#3656=CARTESIAN_POINT('',(15.0000000520528,1.15000002726639,15.9));
#3657=CARTESIAN_POINT('',(14.0000000520526,2.15000002726644,15.9));
#3658=CARTESIAN_POINT('',(14.0000000520526,1.87500002726638,15.9));
#3659=CARTESIAN_POINT('',(18.0000000520526,2.15000002726622,15.9));
#3660=CARTESIAN_POINT('',(17.0000000520528,2.15000002726628,15.9));
#3661=CARTESIAN_POINT('',(18.0000000520526,1.37500002726616,15.9));
#3662=CARTESIAN_POINT('Origin',(18.0000000520526,2.15000002726622,8.2));
#3663=CARTESIAN_POINT('',(14.0000000520526,2.15000002726644,17.2));
#3664=CARTESIAN_POINT('',(14.0000000520526,2.15000002726644,8.2));
#3665=CARTESIAN_POINT('',(18.0000000520526,2.15000002726622,17.2));
#3666=CARTESIAN_POINT('',(16.0000000520526,2.15000002726633,17.2));
#3667=CARTESIAN_POINT('',(18.0000000520526,2.15000002726622,8.2));
#3668=CARTESIAN_POINT('Origin',(14.0000000520526,2.15000002726644,8.2));
#3669=CARTESIAN_POINT('',(14.0000000520526,1.15000002726644,17.2));
#3670=CARTESIAN_POINT('',(14.0000000520526,1.15000002726644,8.2));
#3671=CARTESIAN_POINT('',(14.0000000520526,2.15000002726644,17.2));
#3672=CARTESIAN_POINT('Origin',(16.0000000520522,1.65000002726666,8.2));
#3673=CARTESIAN_POINT('',(20.0000000520515,9.40000002726664,8.2));
#3674=CARTESIAN_POINT('',(12.0000000520546,9.40000002726533,8.2));
#3675=CARTESIAN_POINT('',(16.0000000520519,9.40000002726665,8.2));
#3676=CARTESIAN_POINT('',(12.0000000520528,-3.19999997273138,8.2));
#3677=CARTESIAN_POINT('',(12.0000000520546,9.40000002726533,8.2));
#3678=CARTESIAN_POINT('',(14.8000000520529,-6.09999997273329,8.2));
#3679=CARTESIAN_POINT('',(12.0000000520528,-3.19999997273138,8.2));
#3680=CARTESIAN_POINT('',(17.2000000520515,-6.09999997273334,8.2));
#3681=CARTESIAN_POINT('',(14.8000000520529,-6.09999997273329,8.2));
#3682=CARTESIAN_POINT('',(20.0000000520515,-3.19999997273337,8.2));
#3683=CARTESIAN_POINT('',(20.0000000520515,-3.19999997273337,8.2));
#3684=CARTESIAN_POINT('',(20.0000000520515,9.40000002726664,8.2));
#3685=CARTESIAN_POINT('Origin',(16.0000000520522,1.65000002726666,8.2));
#3686=CARTESIAN_POINT('Origin',(18.0000000520526,1.15000002726622,8.2));
#3687=CARTESIAN_POINT('',(18.0000000520526,1.15000002726622,17.2));
#3688=CARTESIAN_POINT('',(18.0000000520526,1.15000002726622,17.2));
#3689=CARTESIAN_POINT('',(18.0000000520526,1.15000002726622,8.2));
#3690=CARTESIAN_POINT('Origin',(14.0000000520526,1.15000002726644,8.2));
#3691=CARTESIAN_POINT('',(16.0000000520526,1.15000002726633,17.2));
#3692=CARTESIAN_POINT('Origin',(16.0000000520526,1.65000002726633,17.2));
#3693=CARTESIAN_POINT('Origin',(-4.95000000000001,7.50000002726665,0.));
#3694=CARTESIAN_POINT('',(-4.95000000000001,-2.39999997273339,0.));
#3695=CARTESIAN_POINT('',(-4.95000000000001,7.50000002726665,0.));
#3696=CARTESIAN_POINT('',(-4.95000000000001,3.75000000000023,0.));
#3697=CARTESIAN_POINT('',(-4.95000000000001,-2.39999997273339,2.4));
#3698=CARTESIAN_POINT('',(-4.95000000000001,-2.39999997273339,0.));
#3699=CARTESIAN_POINT('',(-4.95000000000001,7.50000002726665,2.4));
#3700=CARTESIAN_POINT('',(-4.95000000000001,-2.39999997273339,2.4));
#3701=CARTESIAN_POINT('',(-4.95000000000001,7.50000002726665,0.));
#3702=CARTESIAN_POINT('Origin',(4.95,7.50000002726661,0.));
#3703=CARTESIAN_POINT('',(4.95,7.50000002726661,0.));
#3704=CARTESIAN_POINT('',(2.4749999739742,7.50000002726662,0.));
#3705=CARTESIAN_POINT('',(4.95,7.50000002726661,2.4));
#3706=CARTESIAN_POINT('',(-4.95000000000001,7.50000002726665,2.4));
#3707=CARTESIAN_POINT('',(4.95,7.50000002726661,0.));
#3708=CARTESIAN_POINT('Origin',(4.95,-2.39999997273339,0.));
#3709=CARTESIAN_POINT('',(4.95,-2.39999997273339,0.));
#3710=CARTESIAN_POINT('',(4.95,-1.19999999999979,0.));
#3711=CARTESIAN_POINT('',(4.95,-2.39999997273339,2.4));
#3712=CARTESIAN_POINT('',(4.95,7.50000002726661,2.4));
#3713=CARTESIAN_POINT('',(4.95,-2.39999997273339,0.));
#3714=CARTESIAN_POINT('Origin',(-4.95000000000001,-2.39999997273339,0.));
#3715=CARTESIAN_POINT('',(-2.47500002602581,-2.39999997273339,0.));
#3716=CARTESIAN_POINT('',(4.95,-2.39999997273339,2.4));
#3717=CARTESIAN_POINT('Origin',(-3.33066907387547E-15,2.55000002726663,
2.4));
#3718=CARTESIAN_POINT('Origin',(20.0000000520515,-3.19999997273337,0.));
#3719=CARTESIAN_POINT('',(20.0000000520515,9.40000002726664,0.));
#3720=CARTESIAN_POINT('',(20.0000000520515,-3.19999997273337,0.));
#3721=CARTESIAN_POINT('',(20.0000000520515,-1.59999999999978,0.));
#3722=CARTESIAN_POINT('',(20.0000000520515,9.40000002726664,0.));
#3723=CARTESIAN_POINT('',(20.0000000520515,-3.19999997273337,0.));
#3724=CARTESIAN_POINT('Origin',(17.2000000520515,-6.09999997273334,0.));
#3725=CARTESIAN_POINT('',(17.2000000520515,-6.09999997273334,0.));
#3726=CARTESIAN_POINT('',(14.5748923210059,-8.81886155131611,0.));
#3727=CARTESIAN_POINT('',(17.2000000520515,-6.09999997273334,0.));
#3728=CARTESIAN_POINT('Origin',(14.8000000520529,-6.09999997273329,0.));
#3729=CARTESIAN_POINT('',(14.8000000520529,-6.09999997273329,0.));
#3730=CARTESIAN_POINT('',(7.40000000000052,-6.09999997273297,0.));
#3731=CARTESIAN_POINT('',(14.8000000520529,-6.09999997273329,0.));
#3732=CARTESIAN_POINT('Origin',(12.0000000520528,-3.19999997273138,0.));
#3733=CARTESIAN_POINT('',(12.0000000520528,-3.19999997273138,0.));
#3734=CARTESIAN_POINT('',(8.30572311748988,0.626215423782595,0.));
#3735=CARTESIAN_POINT('',(12.0000000520528,-3.19999997273138,0.));
#3736=CARTESIAN_POINT('Origin',(12.0000000520546,9.40000002726533,0.));
#3737=CARTESIAN_POINT('',(12.0000000520546,9.40000002726533,0.));
#3738=CARTESIAN_POINT('',(12.0000000520539,4.69999999999874,0.));
#3739=CARTESIAN_POINT('',(12.0000000520546,9.40000002726533,0.));
#3740=CARTESIAN_POINT('Origin',(20.0000000520515,9.40000002726797,0.));
#3741=CARTESIAN_POINT('',(9.9999999999984,9.40000002726467,0.));
#3742=CARTESIAN_POINT('Origin',(16.0000000520522,1.65000002726666,8.2));
#3743=CARTESIAN_POINT('Origin',(-12.0000000520528,-3.19999997273138,0.));
#3744=CARTESIAN_POINT('',(-12.0000000520546,9.40000002726533,0.));
#3745=CARTESIAN_POINT('',(-12.0000000520528,-3.19999997273138,0.));
#3746=CARTESIAN_POINT('',(-12.000000052053,-1.59999999999962,0.));
#3747=CARTESIAN_POINT('',(-12.0000000520546,9.40000002726533,0.));
#3748=CARTESIAN_POINT('',(-12.0000000520528,-3.19999997273138,0.));
#3749=CARTESIAN_POINT('Origin',(-14.8000000520529,-6.09999997273329,0.));
#3750=CARTESIAN_POINT('',(-14.8000000520529,-6.09999997273329,0.));
#3751=CARTESIAN_POINT('',(-9.70572314260284,-0.823784602228157,0.));
#3752=CARTESIAN_POINT('',(-14.8000000520529,-6.09999997273329,0.));
#3753=CARTESIAN_POINT('Origin',(-17.2000000520513,-6.09999997273334,0.));
#3754=CARTESIAN_POINT('',(-17.2000000520513,-6.09999997273334,0.));
#3755=CARTESIAN_POINT('',(-8.6000000520515,-6.09999997273341,0.));
#3756=CARTESIAN_POINT('',(-17.2000000520513,-6.09999997273334,0.));
#3757=CARTESIAN_POINT('Origin',(-20.0000000520515,-3.19999997273337,0.));
#3758=CARTESIAN_POINT('',(-20.0000000520515,-3.19999997273337,0.));
#3759=CARTESIAN_POINT('',(-15.9748923461187,-7.36886152530638,0.));
#3760=CARTESIAN_POINT('',(-20.0000000520515,-3.19999997273337,0.));
#3761=CARTESIAN_POINT('Origin',(-20.0000000520515,9.40000002726663,0.));
#3762=CARTESIAN_POINT('',(-20.0000000520515,9.40000002726663,0.));
#3763=CARTESIAN_POINT('',(-20.0000000520515,4.70000000000022,0.));
#3764=CARTESIAN_POINT('',(-20.0000000520515,9.40000002726663,0.));
#3765=CARTESIAN_POINT('Origin',(-12.0000000520546,9.40000002726667,0.));
#3766=CARTESIAN_POINT('',(-6.0000000520531,9.40000002726669,0.));
#3767=CARTESIAN_POINT('Origin',(-8.20000005205154,-4.89999983335861,0.));
#3768=CARTESIAN_POINT('',(-9.55000005205154,-4.89999983335861,-1.5));
#3769=CARTESIAN_POINT('Origin',(-8.20000005205154,-4.89999983335861,-1.5));
#3770=CARTESIAN_POINT('',(-9.55000005205154,-4.89999983335861,0.));
#3771=CARTESIAN_POINT('',(-9.55000005205154,-4.89999983335861,0.));
#3772=CARTESIAN_POINT('Origin',(-8.20000005205154,-4.89999983335861,0.));
#3773=CARTESIAN_POINT('Origin',(8.20000005205154,4.8999998333586,0.));
#3774=CARTESIAN_POINT('',(6.85000005205154,4.8999998333586,-1.5));
#3775=CARTESIAN_POINT('Origin',(8.20000005205154,4.8999998333586,-1.5));
#3776=CARTESIAN_POINT('',(6.85000005205154,4.8999998333586,0.));
#3777=CARTESIAN_POINT('',(6.85000005205154,4.8999998333586,0.));
#3778=CARTESIAN_POINT('Origin',(8.20000005205154,4.8999998333586,0.));
#3779=CARTESIAN_POINT('Origin',(-8.20000005205154,4.90000002726665,0.));
#3780=CARTESIAN_POINT('',(-9.05000005205154,4.90000002726665,-1.5));
#3781=CARTESIAN_POINT('Origin',(-8.20000005205154,4.90000002726665,-1.5));
#3782=CARTESIAN_POINT('',(-9.05000005205154,4.90000002726665,0.));
#3783=CARTESIAN_POINT('',(-9.05000005205154,4.90000002726665,0.));
#3784=CARTESIAN_POINT('Origin',(-8.20000005205154,4.90000002726665,0.));
#3785=CARTESIAN_POINT('Origin',(8.20000005205153,-4.90000002726665,0.));
#3786=CARTESIAN_POINT('',(7.35000005205153,-4.90000002726665,-1.5));
#3787=CARTESIAN_POINT('Origin',(8.20000005205153,-4.90000002726665,-1.5));
#3788=CARTESIAN_POINT('',(7.35000005205153,-4.90000002726665,0.));
#3789=CARTESIAN_POINT('',(7.35000005205153,-4.90000002726665,0.));
#3790=CARTESIAN_POINT('Origin',(8.20000005205153,-4.90000002726665,0.));
#3791=CARTESIAN_POINT('Origin',(20.9999999479483,11.0000000272666,0.));
#3792=CARTESIAN_POINT('',(20.9999999479483,11.0000000272666,0.));
#3793=CARTESIAN_POINT('',(20.9999999479483,-10.9999999727334,0.));
#3794=CARTESIAN_POINT('',(20.9999999479483,11.0000000272666,0.));
#3795=CARTESIAN_POINT('',(20.9999999479483,-10.9999999727334,-1.5));
#3796=CARTESIAN_POINT('',(20.9999999479483,-10.9999999727334,0.));
#3797=CARTESIAN_POINT('',(20.9999999479483,11.0000000272666,-1.5));
#3798=CARTESIAN_POINT('',(20.9999999479483,11.0000000272666,-1.5));
#3799=CARTESIAN_POINT('',(20.9999999479483,11.0000000272666,0.));
#3800=CARTESIAN_POINT('Origin',(-21.0000000520515,11.0000000272666,0.));
#3801=CARTESIAN_POINT('',(-21.0000000520515,11.0000000272666,0.));
#3802=CARTESIAN_POINT('',(-21.0000000520515,11.0000000272666,0.));
#3803=CARTESIAN_POINT('',(-21.0000000520515,11.0000000272666,-1.5));
#3804=CARTESIAN_POINT('',(-21.0000000520515,11.0000000272666,-1.5));
#3805=CARTESIAN_POINT('',(-21.0000000520515,11.0000000272666,0.));
#3806=CARTESIAN_POINT('Origin',(-21.0000000520515,-11.000000081799,0.));
#3807=CARTESIAN_POINT('',(-21.0000000520515,-11.000000081799,0.));
#3808=CARTESIAN_POINT('',(-21.0000000520515,-11.000000081799,0.));
#3809=CARTESIAN_POINT('',(-21.0000000520515,-11.000000081799,-1.5));
#3810=CARTESIAN_POINT('',(-21.0000000520515,-11.000000081799,-1.5));
#3811=CARTESIAN_POINT('',(-21.0000000520515,-11.000000081799,0.));
#3812=CARTESIAN_POINT('Origin',(20.9999999479483,-10.9999999727334,0.));
#3813=CARTESIAN_POINT('',(20.9999999479483,-10.9999999727334,0.));
#3814=CARTESIAN_POINT('',(20.9999999479483,-10.9999999727334,-1.5));
#3815=CARTESIAN_POINT('Origin',(-5.20516207913602E-8,-2.72661915268202E-8,
0.));
#3816=CARTESIAN_POINT('Origin',(-5.20516207913602E-8,-2.72661915268202E-8,
-1.5));
#3817=CARTESIAN_POINT('Origin',(-3.70000000811428,-8.79999975129163,7.1));
#3818=CARTESIAN_POINT('',(-3.70000000811428,-8.79999975129163,7.1));
#3819=CARTESIAN_POINT('',(-3.09999998557376,-8.79999975129163,7.1));
#3820=CARTESIAN_POINT('',(-1.85000000405714,-8.79999975129163,7.1));
#3821=CARTESIAN_POINT('',(-3.70000000811428,-8.79999975129163,3.1));
#3822=CARTESIAN_POINT('',(-3.70000000811428,-8.79999975129163,3.55));
#3823=CARTESIAN_POINT('',(-3.09999998557376,-8.79999975129163,3.1));
#3824=CARTESIAN_POINT('',(-3.70000000811428,-8.79999975129163,3.1));
#3825=CARTESIAN_POINT('',(-3.09999998711261,-8.79999975129163,3.55));
#3826=CARTESIAN_POINT('Origin',(-3.09999998557376,-9.79999975129163,7.1));
#3827=CARTESIAN_POINT('',(-3.09999998557376,-9.79999975129163,7.1));
#3828=CARTESIAN_POINT('',(-3.70000000811428,-9.79999975129163,7.1));
#3829=CARTESIAN_POINT('',(-1.54999999278688,-9.79999975129163,7.1));
#3830=CARTESIAN_POINT('',(-3.09999998557376,-9.79999975129163,3.1));
#3831=CARTESIAN_POINT('',(-3.09999998711261,-9.79999975129163,3.55));
#3832=CARTESIAN_POINT('',(-3.70000000811428,-9.79999975129163,3.1));
#3833=CARTESIAN_POINT('',(-3.09999998557376,-9.79999975129163,3.1));
#3834=CARTESIAN_POINT('',(-3.70000000334118,-9.79999975129163,3.55));
#3835=CARTESIAN_POINT('Origin',(-3.39999999684402,-9.29999975129163,3.1));
#3836=CARTESIAN_POINT('',(-3.09999998711261,-9.69999974672343,3.1));
#3837=CARTESIAN_POINT('',(-3.70000001622857,-7.09999974743939,3.1));
#3838=CARTESIAN_POINT('Origin',(3.10000001134855,-8.79999975129163,7.1));
#3839=CARTESIAN_POINT('',(3.10000001134855,-8.79999975129163,7.1));
#3840=CARTESIAN_POINT('',(3.70000003388907,-8.79999975129163,7.1));
#3841=CARTESIAN_POINT('',(1.55000000567428,-8.79999975129163,7.1));
#3842=CARTESIAN_POINT('',(3.10000001134855,-8.79999975129163,3.1));
#3843=CARTESIAN_POINT('',(3.10000001288739,-8.79999975129163,3.55));
#3844=CARTESIAN_POINT('',(3.70000003388907,-8.79999975129163,3.1));
#3845=CARTESIAN_POINT('',(3.70000003388907,-8.79999975129163,3.1));
#3846=CARTESIAN_POINT('',(3.70000000811428,-8.79999975129163,3.55));
#3847=CARTESIAN_POINT('Origin',(3.70000003388907,-9.79999975129163,7.1));
#3848=CARTESIAN_POINT('',(3.70000003388907,-9.79999975129163,7.1));
#3849=CARTESIAN_POINT('',(3.10000001134855,-9.79999975129163,7.1));
#3850=CARTESIAN_POINT('',(1.85000001694454,-9.79999975129163,7.1));
#3851=CARTESIAN_POINT('',(3.70000003388907,-9.79999975129163,3.1));
#3852=CARTESIAN_POINT('',(3.70000000334118,-9.79999975129163,3.55));
#3853=CARTESIAN_POINT('',(3.10000001134855,-9.79999975129163,3.1));
#3854=CARTESIAN_POINT('',(3.10000001134855,-9.79999975129163,3.1));
#3855=CARTESIAN_POINT('',(3.10000001288739,-9.79999975129163,3.55));
#3856=CARTESIAN_POINT('Origin',(3.40000002261881,-9.29999975129163,3.1));
#3857=CARTESIAN_POINT('',(3.70000000286386,-9.89999974743939,3.1));
#3858=CARTESIAN_POINT('',(3.10000001288739,-7.39999974672343,3.1));
#3859=CARTESIAN_POINT('Origin',(-1.79999999929449,-10.4999998000191,7.1));
#3860=CARTESIAN_POINT('',(-1.79999999929449,-10.4999998000191,7.1));
#3861=CARTESIAN_POINT('',(-1.79999998711261,-10.0999997421552,7.1));
#3862=CARTESIAN_POINT('',(-1.79999995665792,-9.0999997718486,7.1));
#3863=CARTESIAN_POINT('',(-1.79999999929449,-10.4999998000191,3.1));
#3864=CARTESIAN_POINT('',(-1.79999999929448,-10.4999998000192,3.55));
#3865=CARTESIAN_POINT('',(-1.79999998711261,-10.0999997421552,3.1));
#3866=CARTESIAN_POINT('',(-1.79999998711261,-10.0999997421552,3.1));
#3867=CARTESIAN_POINT('',(-1.79999998711261,-10.0999997421552,3.55));
#3868=CARTESIAN_POINT('Origin',(1.80000001288739,-10.0999997421552,7.1));
#3869=CARTESIAN_POINT('',(1.80000001288739,-10.0999997421552,7.1));
#3870=CARTESIAN_POINT('',(1.80000002506927,-10.4999998000191,7.1));
#3871=CARTESIAN_POINT('',(1.79999997634176,-8.89999974291664,7.1));
#3872=CARTESIAN_POINT('',(1.80000001288739,-10.0999997421552,3.1));
#3873=CARTESIAN_POINT('',(1.80000001288739,-10.0999997421552,3.55));
#3874=CARTESIAN_POINT('',(1.80000002506927,-10.4999998000191,3.1));
#3875=CARTESIAN_POINT('',(1.80000001288739,-10.0999997421552,3.1));
#3876=CARTESIAN_POINT('',(1.80000002506927,-10.4999998000191,3.55));
#3877=CARTESIAN_POINT('Origin',(1.28873933746831E-8,-10.2999997984964,3.1));
#3878=CARTESIAN_POINT('',(1.55000001288739,-10.0999997421552,3.1));
#3879=CARTESIAN_POINT('',(2.57747867493663E-8,-10.4999998548376,3.1));
#3880=CARTESIAN_POINT('',(-1.84999999660178,-10.4999997984965,3.1));
#3881=CARTESIAN_POINT('',(9.48916664739645E-9,-10.4999998548376,3.1));
#3882=CARTESIAN_POINT('Origin',(-3.70000002672941,-4.89999974215522,0.));
#3883=CARTESIAN_POINT('',(-3.70000002672941,-4.89999974215522,7.1));
#3884=CARTESIAN_POINT('',(-3.7,-10.4999997421552,7.1));
#3885=CARTESIAN_POINT('',(-3.70000002672941,-4.89999974215522,0.));
#3886=CARTESIAN_POINT('',(-3.70000002672941,-4.89999974215522,0.));
#3887=CARTESIAN_POINT('',(-3.7,-10.4999997421552,0.));
#3888=CARTESIAN_POINT('',(-3.7,-10.4999997421552,0.));
#3889=CARTESIAN_POINT('',(-3.7,-10.4999997421552,7.1));
#3890=CARTESIAN_POINT('',(-3.7,-10.4999997421552,0.));
#3891=CARTESIAN_POINT('',(-3.7,-10.4999997421552,7.1));
#3892=CARTESIAN_POINT('Origin',(3.10000001288739,-5.49999974215522,0.));
#3893=CARTESIAN_POINT('',(3.10000001288739,-5.49999974215522,7.1));
#3894=CARTESIAN_POINT('',(3.10000001288739,-5.49999974215522,7.1));
#3895=CARTESIAN_POINT('',(3.10000001288739,-5.49999974215522,0.));
#3896=CARTESIAN_POINT('',(3.10000001288739,-5.49999974215522,0.));
#3897=CARTESIAN_POINT('',(3.10000001288739,-10.0999997421552,0.));
#3898=CARTESIAN_POINT('',(3.10000001288739,-5.49999974215522,0.));
#3899=CARTESIAN_POINT('',(3.10000001288739,-10.0999997421552,7.1));
#3900=CARTESIAN_POINT('',(3.10000001288739,-10.0999997421552,0.));
#3901=CARTESIAN_POINT('',(3.10000001288739,-5.49999974215522,7.1));
#3902=CARTESIAN_POINT('Origin',(-3.7,-10.4999997421552,0.));
#3903=CARTESIAN_POINT('',(3.27870313732483E-29,-10.4999998548378,7.1));
#3904=CARTESIAN_POINT('',(2.46519032881566E-31,-10.4999998548376,0.));
#3905=CARTESIAN_POINT('',(3.27870313732483E-29,-10.4999998548378,0.));
#3906=CARTESIAN_POINT('',(2.46519032881566E-31,-10.4999998548376,0.));
#3907=CARTESIAN_POINT('Origin',(0.,-7.6999997984965,7.1));
#3908=CARTESIAN_POINT('',(3.10000001288739,-10.0999997421552,7.1));
#3909=CARTESIAN_POINT('',(3.7,-10.4999997421552,7.1));
#3910=CARTESIAN_POINT('',(2.46519032881566E-31,-10.4999998548376,7.1));
#3911=CARTESIAN_POINT('',(3.7,-10.4999997421552,7.1));
#3912=CARTESIAN_POINT('Origin',(0.,-7.6999997984965,7.1));
#3913=CARTESIAN_POINT('',(-3.09999998711261,-5.49999974215522,7.1));
#3914=CARTESIAN_POINT('',(-3.09999998711261,-10.0999997421552,7.1));
#3915=CARTESIAN_POINT('',(-3.09999998711261,-5.49999974215522,7.1));
#3916=CARTESIAN_POINT('',(3.70000002672941,-4.89999974215522,7.1));
#3917=CARTESIAN_POINT('',(3.7,-10.4999997421552,7.1));
#3918=CARTESIAN_POINT('',(3.70000002672941,-4.89999974215522,7.1));
#3919=CARTESIAN_POINT('Origin',(0.,-7.6999997984965,7.1));
#3920=CARTESIAN_POINT('',(-3.09999998711261,-10.0999997421552,7.1));
#3921=CARTESIAN_POINT('',(3.10000001288739,-10.0999997421552,7.1));
#3922=CARTESIAN_POINT('',(-3.09999998711261,-10.0999997421552,7.1));
#3923=CARTESIAN_POINT('Origin',(3.10000001288739,-10.0999997421552,0.));
#3924=CARTESIAN_POINT('',(-3.09999998711261,-10.0999997421552,0.));
#3925=CARTESIAN_POINT('',(3.10000001288739,-10.0999997421552,0.));
#3926=CARTESIAN_POINT('',(-3.09999998711261,-10.0999997421552,0.));
#3927=CARTESIAN_POINT('Origin',(-3.09999998711261,-5.49999974215522,0.));
#3928=CARTESIAN_POINT('',(-3.09999998711261,-5.49999974215522,0.));
#3929=CARTESIAN_POINT('',(-3.09999998711261,-5.49999974215522,0.));
#3930=CARTESIAN_POINT('',(-3.09999998711261,-5.49999974215522,0.));
#3931=CARTESIAN_POINT('Origin',(-3.09999998711261,-10.0999997421552,0.));
#3932=CARTESIAN_POINT('',(-3.09999998711261,-10.0999997421552,0.));
#3933=CARTESIAN_POINT('Origin',(3.70000002672941,-4.89999974215522,0.));
#3934=CARTESIAN_POINT('',(3.70000002672941,-4.89999974215522,0.));
#3935=CARTESIAN_POINT('',(3.70000002672941,-4.89999974215522,0.));
#3936=CARTESIAN_POINT('',(3.70000002672941,-4.89999974215522,0.));
#3937=CARTESIAN_POINT('Origin',(3.7,-10.4999997421552,0.));
#3938=CARTESIAN_POINT('',(3.7,-10.4999997421552,0.));
#3939=CARTESIAN_POINT('',(3.7,-10.4999997421552,0.));
#3940=CARTESIAN_POINT('',(3.7,-10.4999997421552,0.));
#3941=CARTESIAN_POINT('Origin',(2.46519032881566E-31,-10.4999998548376,
0.));
#3942=CARTESIAN_POINT('',(2.46519032881566E-31,-10.4999998548376,0.));
#3943=CARTESIAN_POINT('Origin',(0.,-7.6999997984965,0.));
#3944=CARTESIAN_POINT('Origin',(-1.5,-8.29999974215522,0.));
#3945=CARTESIAN_POINT('',(-1.5,-8.69999974215522,0.));
#3946=CARTESIAN_POINT('',(-1.5,-8.29999974215522,0.));
#3947=CARTESIAN_POINT('',(-1.5,-8.69999974215522,0.));
#3948=CARTESIAN_POINT('',(-1.5,-8.69999974215522,4.));
#3949=CARTESIAN_POINT('',(-1.5,-8.69999974215522,0.));
#3950=CARTESIAN_POINT('',(-1.5,-8.29999974215522,4.));
#3951=CARTESIAN_POINT('',(-1.5,-8.69999974215522,4.));
#3952=CARTESIAN_POINT('',(-1.5,-8.29999974215522,0.));
#3953=CARTESIAN_POINT('Origin',(-1.1,-8.29999974215522,0.));
#3954=CARTESIAN_POINT('',(-1.1,-8.29999974215522,0.));
#3955=CARTESIAN_POINT('',(-1.5,-8.29999974215522,0.));
#3956=CARTESIAN_POINT('',(-1.1,-8.29999974215522,4.));
#3957=CARTESIAN_POINT('',(-1.5,-8.29999974215522,4.));
#3958=CARTESIAN_POINT('',(-1.1,-8.29999974215522,0.));
#3959=CARTESIAN_POINT('Origin',(-1.1,-8.69999974215522,0.));
#3960=CARTESIAN_POINT('',(-1.1,-8.69999974215522,0.));
#3961=CARTESIAN_POINT('',(-1.1,-8.29999974215522,0.));
#3962=CARTESIAN_POINT('',(-1.1,-8.69999974215522,4.));
#3963=CARTESIAN_POINT('',(-1.1,-8.29999974215522,4.));
#3964=CARTESIAN_POINT('',(-1.1,-8.69999974215522,0.));
#3965=CARTESIAN_POINT('Origin',(-1.5,-8.69999974215522,0.));
#3966=CARTESIAN_POINT('',(-1.1,-8.69999974215522,0.));
#3967=CARTESIAN_POINT('',(-1.1,-8.69999974215522,4.));
#3968=CARTESIAN_POINT('Origin',(-1.3,-8.49999974215522,4.));
#3969=CARTESIAN_POINT('Origin',(-1.3,-8.49999974215522,0.));
#3970=CARTESIAN_POINT('Origin',(1.1,-8.29999974215522,0.));
#3971=CARTESIAN_POINT('',(1.1,-8.29999974215522,0.));
#3972=CARTESIAN_POINT('',(1.1,-8.69999974215522,0.));
#3973=CARTESIAN_POINT('',(1.1,-8.29999974215522,0.));
#3974=CARTESIAN_POINT('',(1.1,-8.69999974215522,4.));
#3975=CARTESIAN_POINT('',(1.1,-8.69999974215522,0.));
#3976=CARTESIAN_POINT('',(1.1,-8.29999974215522,4.));
#3977=CARTESIAN_POINT('',(1.1,-8.29999974215522,4.));
#3978=CARTESIAN_POINT('',(1.1,-8.29999974215522,0.));
#3979=CARTESIAN_POINT('Origin',(1.5,-8.29999974215522,0.));
#3980=CARTESIAN_POINT('',(1.5,-8.29999974215522,0.));
#3981=CARTESIAN_POINT('',(1.5,-8.29999974215522,0.));
#3982=CARTESIAN_POINT('',(1.5,-8.29999974215522,4.));
#3983=CARTESIAN_POINT('',(1.5,-8.29999974215522,4.));
#3984=CARTESIAN_POINT('',(1.5,-8.29999974215522,0.));
#3985=CARTESIAN_POINT('Origin',(1.5,-8.69999974215522,0.));
#3986=CARTESIAN_POINT('',(1.5,-8.69999974215522,0.));
#3987=CARTESIAN_POINT('',(1.5,-8.69999974215522,0.));
#3988=CARTESIAN_POINT('',(1.5,-8.69999974215522,4.));
#3989=CARTESIAN_POINT('',(1.5,-8.69999974215522,4.));
#3990=CARTESIAN_POINT('',(1.5,-8.69999974215522,0.));
#3991=CARTESIAN_POINT('Origin',(1.1,-8.69999974215522,0.));
#3992=CARTESIAN_POINT('',(1.1,-8.69999974215522,0.));
#3993=CARTESIAN_POINT('',(1.1,-8.69999974215522,4.));
#3994=CARTESIAN_POINT('Origin',(1.3,-8.49999974215522,4.));
#3995=CARTESIAN_POINT('Origin',(1.3,-8.49999974215522,0.));
#3996=CARTESIAN_POINT('Origin',(10.4999995335404,-8.49999991608767,0.));
#3997=CARTESIAN_POINT('',(10.4999995335404,-8.89999991608767,0.));
#3998=CARTESIAN_POINT('',(10.4999995335404,-8.49999991608767,0.));
#3999=CARTESIAN_POINT('',(10.4999995335404,-8.89999991608767,0.));
#4000=CARTESIAN_POINT('',(10.4999995335404,-8.89999991608767,3.));
#4001=CARTESIAN_POINT('',(10.4999995335404,-8.89999991608767,0.));
#4002=CARTESIAN_POINT('',(10.4999995335404,-8.49999991608767,3.));
#4003=CARTESIAN_POINT('',(10.4999995335404,-8.89999991608767,3.));
#4004=CARTESIAN_POINT('',(10.4999995335404,-8.49999991608767,0.));
#4005=CARTESIAN_POINT('Origin',(10.8999995335404,-8.49999991608767,0.));
#4006=CARTESIAN_POINT('',(10.8999995335404,-8.49999991608767,0.));
#4007=CARTESIAN_POINT('',(10.4999995335404,-8.49999991608767,0.));
#4008=CARTESIAN_POINT('',(10.8999995335404,-8.49999991608767,3.));
#4009=CARTESIAN_POINT('',(10.4999995335404,-8.49999991608767,3.));
#4010=CARTESIAN_POINT('',(10.8999995335404,-8.49999991608767,0.));
#4011=CARTESIAN_POINT('Origin',(10.8999995335404,-8.89999991608767,0.));
#4012=CARTESIAN_POINT('',(10.8999995335404,-8.89999991608767,0.));
#4013=CARTESIAN_POINT('',(10.8999995335404,-8.49999991608767,0.));
#4014=CARTESIAN_POINT('',(10.8999995335404,-8.89999991608767,3.));
#4015=CARTESIAN_POINT('',(10.8999995335404,-8.49999991608767,3.));
#4016=CARTESIAN_POINT('',(10.8999995335404,-8.89999991608767,0.));
#4017=CARTESIAN_POINT('Origin',(10.4999995335404,-8.89999991608767,0.));
#4018=CARTESIAN_POINT('',(10.8999995335404,-8.89999991608767,0.));
#4019=CARTESIAN_POINT('',(10.8999995335404,-8.89999991608767,3.));
#4020=CARTESIAN_POINT('Origin',(10.6999995335404,-8.69999991608767,3.));
#4021=CARTESIAN_POINT('Origin',(10.6999995335404,-8.69999991608767,0.));
#4022=CARTESIAN_POINT('Origin',(12.2999995543326,-8.49999998886038,0.));
#4023=CARTESIAN_POINT('',(12.2999995543326,-8.49999998886038,0.));
#4024=CARTESIAN_POINT('',(12.2999995127482,-8.89999998886038,0.));
#4025=CARTESIAN_POINT('',(12.2999995543326,-8.49999998886038,0.));
#4026=CARTESIAN_POINT('',(12.2999995127482,-8.89999998886038,3.));
#4027=CARTESIAN_POINT('',(12.2999995127482,-8.89999998886038,0.));
#4028=CARTESIAN_POINT('',(12.2999995543326,-8.49999998886038,3.));
#4029=CARTESIAN_POINT('',(12.2999995543326,-8.49999998886038,3.));
#4030=CARTESIAN_POINT('',(12.2999995543326,-8.49999998886038,0.));
#4031=CARTESIAN_POINT('Origin',(12.6999995543326,-8.50000003044478,0.));
#4032=CARTESIAN_POINT('',(12.6999995543326,-8.50000003044478,0.));
#4033=CARTESIAN_POINT('',(12.6999995543326,-8.50000003044478,0.));
#4034=CARTESIAN_POINT('',(12.6999995543326,-8.50000003044478,3.));
#4035=CARTESIAN_POINT('',(12.6999995543326,-8.50000003044478,3.));
#4036=CARTESIAN_POINT('',(12.6999995543326,-8.50000003044478,0.));
#4037=CARTESIAN_POINT('Origin',(12.6999995127482,-8.90000003044478,0.));
#4038=CARTESIAN_POINT('',(12.6999995127482,-8.90000003044478,0.));
#4039=CARTESIAN_POINT('',(12.6999995127482,-8.90000003044478,0.));
#4040=CARTESIAN_POINT('',(12.6999995127482,-8.90000003044478,3.));
#4041=CARTESIAN_POINT('',(12.6999995127482,-8.90000003044478,3.));
#4042=CARTESIAN_POINT('',(12.6999995127482,-8.90000003044478,0.));
#4043=CARTESIAN_POINT('Origin',(12.2999995127482,-8.89999998886038,0.));
#4044=CARTESIAN_POINT('',(12.2999995127482,-8.89999998886038,0.));
#4045=CARTESIAN_POINT('',(12.2999995127482,-8.89999998886038,3.));
#4046=CARTESIAN_POINT('Origin',(12.4999995335404,-8.70000000965258,3.));
#4047=CARTESIAN_POINT('Origin',(12.4999995335404,-8.70000000965258,0.));
#4048=UNCERTAINTY_MEASURE_WITH_UNIT(LENGTH_MEASURE(0.01),#4052,
'DISTANCE_ACCURACY_VALUE',
'Maximum model space distance between geometric entities at asserted c
onnectivities');
#4049=UNCERTAINTY_MEASURE_WITH_UNIT(LENGTH_MEASURE(0.01),#4052,
'DISTANCE_ACCURACY_VALUE',
'Maximum model space distance between geometric entities at asserted c
onnectivities');
#4050=(
GEOMETRIC_REPRESENTATION_CONTEXT(3)
GLOBAL_UNCERTAINTY_ASSIGNED_CONTEXT((#4048))
GLOBAL_UNIT_ASSIGNED_CONTEXT((#4052,#4054,#4055))
REPRESENTATION_CONTEXT('','3D')
);
#4051=(
GEOMETRIC_REPRESENTATION_CONTEXT(3)
GLOBAL_UNCERTAINTY_ASSIGNED_CONTEXT((#4049))
GLOBAL_UNIT_ASSIGNED_CONTEXT((#4052,#4054,#4055))
REPRESENTATION_CONTEXT('','3D')
);
#4052=(
LENGTH_UNIT()
NAMED_UNIT(*)
SI_UNIT(.MILLI.,.METRE.)
);
#4053=(
LENGTH_UNIT()
NAMED_UNIT(*)
SI_UNIT($,.METRE.)
);
#4054=(
NAMED_UNIT(*)
PLANE_ANGLE_UNIT()
SI_UNIT($,.RADIAN.)
);
#4055=(
NAMED_UNIT(*)
SI_UNIT($,.STERADIAN.)
SOLID_ANGLE_UNIT()
);
#4056=SHAPE_DEFINITION_REPRESENTATION(#4057,#4058);
#4057=PRODUCT_DEFINITION_SHAPE('',$,#4060);
#4058=SHAPE_REPRESENTATION('',(#2524),#4050);
#4059=PRODUCT_DEFINITION_CONTEXT('part definition',#4064,'design');
#4060=PRODUCT_DEFINITION('2026-05-06-07-05-00-710','\X2\75356E90677FFF08FF09\X0\',
#4061,#4059);
#4061=PRODUCT_DEFINITION_FORMATION('',$,#4066);
#4062=PRODUCT_RELATED_PRODUCT_CATEGORY('\X2\75356E90677FFF08FF09\X0\',
'\X2\75356E90677FFF08FF09\X0\',(#4066));
#4063=APPLICATION_PROTOCOL_DEFINITION('international standard',
'automotive_design',2009,#4064);
#4064=APPLICATION_CONTEXT(
'Core Data for Automotive Mechanical Design Process');
#4065=PRODUCT_CONTEXT('part definition',#4064,'mechanical');
#4066=PRODUCT('2026-05-06-07-05-00-710','\X2\75356E90677FFF08FF09\X0\',
$,(#4065));
#4067=PRESENTATION_STYLE_ASSIGNMENT((#4068));
#4068=SURFACE_STYLE_USAGE(.BOTH.,#4069);
#4069=SURFACE_SIDE_STYLE('',(#4070));
#4070=SURFACE_STYLE_FILL_AREA(#4071);
#4071=FILL_AREA_STYLE('\X2\94A2\X0\ - \X2\7F0E5149\X0\',(#4072));
#4072=FILL_AREA_STYLE_COLOUR('\X2\94A2\X0\ - \X2\7F0E5149\X0\',#4073);
#4073=COLOUR_RGB('\X2\94A2\X0\ - \X2\7F0E5149\X0\',0.627450980392157,0.627450980392157,
0.627450980392157);
ENDSEC;
END-ISO-10303-21;
