ISO-10303-21;
HEADER;
/* Generated by software containing ST-Developer
 * from STEP Tools, Inc. (www.steptools.com) 
 */

FILE_DESCRIPTION(
/* description */ (''),
/* implementation_level */ '2;1');

FILE_NAME(
/* name */ '',
/* time_stamp */ '2026-08-11T12:31:39+09:00',
/* author */ (''),
/* organization */ (''),
/* preprocessor_version */ 'ST-DEVELOPER v20.1',
/* originating_system */ 'Autodesk Translation Framework v15.8.0.0',
/* authorisation */ '');

FILE_SCHEMA (('AUTOMOTIVE_DESIGN { 1 0 10303 214 3 1 1 }'));
ENDSEC;

DATA;
#10=MECHANICAL_DESIGN_GEOMETRIC_PRESENTATION_REPRESENTATION('',(#13),#6377);
#11=SHAPE_REPRESENTATION_RELATIONSHIP('SRR','None',#6384,#12);
#12=ADVANCED_BREP_SHAPE_REPRESENTATION('',(#14),#6376);
#13=STYLED_ITEM('',(#6393),#14);
#14=MANIFOLD_SOLID_BREP('\X2\5B9E4F53\X0\1',#3951);
#15=CYLINDRICAL_SURFACE('',#3988,1.15);
#16=CYLINDRICAL_SURFACE('',#3990,1.15);
#17=CYLINDRICAL_SURFACE('',#3992,1.15);
#18=CYLINDRICAL_SURFACE('',#3994,1.15);
#19=CYLINDRICAL_SURFACE('',#3996,2.05);
#20=CYLINDRICAL_SURFACE('',#3999,2.05);
#21=CYLINDRICAL_SURFACE('',#4002,2.05);
#22=CYLINDRICAL_SURFACE('',#4011,2.05);
#23=CYLINDRICAL_SURFACE('',#4055,3.05);
#24=CYLINDRICAL_SURFACE('',#4058,3.05);
#25=CYLINDRICAL_SURFACE('',#4061,3.05);
#26=CYLINDRICAL_SURFACE('',#4064,3.05);
#27=CYLINDRICAL_SURFACE('',#4091,1.7);
#28=CYLINDRICAL_SURFACE('',#4094,1.7);
#29=CYLINDRICAL_SURFACE('',#4097,1.7);
#30=CYLINDRICAL_SURFACE('',#4100,1.7);
#31=CYLINDRICAL_SURFACE('',#4111,1.35);
#32=CYLINDRICAL_SURFACE('',#4113,1.35);
#33=CYLINDRICAL_SURFACE('',#4115,1.35);
#34=CYLINDRICAL_SURFACE('',#4117,1.35);
#35=CYLINDRICAL_SURFACE('',#4119,1.85);
#36=CYLINDRICAL_SURFACE('',#4122,1.85);
#37=CYLINDRICAL_SURFACE('',#4125,1.85);
#38=CYLINDRICAL_SURFACE('',#4134,1.85);
#39=CYLINDRICAL_SURFACE('',#4167,2.85);
#40=CYLINDRICAL_SURFACE('',#4170,2.85);
#41=CYLINDRICAL_SURFACE('',#4173,2.85);
#42=CYLINDRICAL_SURFACE('',#4176,2.85);
#43=CYLINDRICAL_SURFACE('',#4203,1.5);
#44=CYLINDRICAL_SURFACE('',#4206,1.5);
#45=CYLINDRICAL_SURFACE('',#4209,1.5);
#46=CYLINDRICAL_SURFACE('',#4212,1.5);
#47=CIRCLE('',#3979,2.05);
#48=CIRCLE('',#3980,2.05);
#49=CIRCLE('',#3981,2.05);
#50=CIRCLE('',#3982,2.05);
#51=CIRCLE('',#3983,1.15);
#52=CIRCLE('',#3984,1.15);
#53=CIRCLE('',#3985,1.15);
#54=CIRCLE('',#3986,1.15);
#55=CIRCLE('',#3989,1.15);
#56=CIRCLE('',#3991,1.15);
#57=CIRCLE('',#3993,1.15);
#58=CIRCLE('',#3995,1.15);
#59=CIRCLE('',#3997,2.05);
#60=CIRCLE('',#4000,2.05);
#61=CIRCLE('',#4003,2.05);
#62=CIRCLE('',#4005,2.05);
#63=CIRCLE('',#4006,3.05);
#64=CIRCLE('',#4007,3.05);
#65=CIRCLE('',#4008,3.05);
#66=CIRCLE('',#4009,3.05);
#67=CIRCLE('',#4054,3.05);
#68=CIRCLE('',#4057,3.05);
#69=CIRCLE('',#4060,3.05);
#70=CIRCLE('',#4063,3.05);
#71=CIRCLE('',#4066,1.7);
#72=CIRCLE('',#4072,1.7);
#73=CIRCLE('',#4078,1.7);
#74=CIRCLE('',#4084,1.7);
#75=CIRCLE('',#4090,1.7);
#76=CIRCLE('',#4093,1.7);
#77=CIRCLE('',#4096,1.7);
#78=CIRCLE('',#4099,1.7);
#79=CIRCLE('',#4102,1.85);
#80=CIRCLE('',#4103,1.85);
#81=CIRCLE('',#4104,1.85);
#82=CIRCLE('',#4105,1.85);
#83=CIRCLE('',#4106,1.35);
#84=CIRCLE('',#4107,1.35);
#85=CIRCLE('',#4108,1.35);
#86=CIRCLE('',#4109,1.35);
#87=CIRCLE('',#4112,1.35);
#88=CIRCLE('',#4114,1.35);
#89=CIRCLE('',#4116,1.35);
#90=CIRCLE('',#4118,1.35);
#91=CIRCLE('',#4120,1.85);
#92=CIRCLE('',#4123,1.85);
#93=CIRCLE('',#4126,1.85);
#94=CIRCLE('',#4128,1.85);
#95=CIRCLE('',#4129,2.85);
#96=CIRCLE('',#4130,2.85);
#97=CIRCLE('',#4131,2.85);
#98=CIRCLE('',#4132,2.85);
#99=CIRCLE('',#4166,2.85);
#100=CIRCLE('',#4169,2.85);
#101=CIRCLE('',#4172,2.85);
#102=CIRCLE('',#4175,2.85);
#103=CIRCLE('',#4178,1.5);
#104=CIRCLE('',#4184,1.5);
#105=CIRCLE('',#4190,1.5);
#106=CIRCLE('',#4196,1.5);
#107=CIRCLE('',#4202,1.5);
#108=CIRCLE('',#4205,1.5);
#109=CIRCLE('',#4208,1.5);
#110=CIRCLE('',#4211,1.5);
#111=FACE_BOUND('',#388,.T.);
#112=FACE_BOUND('',#392,.T.);
#113=FACE_BOUND('',#393,.T.);
#114=FACE_BOUND('',#394,.T.);
#115=FACE_BOUND('',#395,.T.);
#116=FACE_BOUND('',#407,.T.);
#117=FACE_BOUND('',#408,.T.);
#118=FACE_BOUND('',#409,.T.);
#119=FACE_BOUND('',#410,.T.);
#120=FACE_BOUND('',#411,.T.);
#121=FACE_BOUND('',#412,.T.);
#122=FACE_BOUND('',#413,.T.);
#123=FACE_BOUND('',#414,.T.);
#124=FACE_BOUND('',#415,.T.);
#125=FACE_BOUND('',#416,.T.);
#126=FACE_BOUND('',#417,.T.);
#127=FACE_BOUND('',#418,.T.);
#128=FACE_BOUND('',#425,.T.);
#129=FACE_BOUND('',#432,.T.);
#130=FACE_BOUND('',#438,.T.);
#131=FACE_BOUND('',#446,.T.);
#132=FACE_BOUND('',#459,.T.);
#133=FACE_BOUND('',#464,.T.);
#134=FACE_BOUND('',#477,.T.);
#135=FACE_BOUND('',#483,.T.);
#136=FACE_BOUND('',#489,.T.);
#137=FACE_BOUND('',#495,.T.);
#138=FACE_BOUND('',#509,.T.);
#139=FACE_BOUND('',#510,.T.);
#140=FACE_BOUND('',#511,.T.);
#141=FACE_BOUND('',#512,.T.);
#142=FACE_BOUND('',#524,.T.);
#143=FACE_BOUND('',#525,.T.);
#144=FACE_BOUND('',#526,.T.);
#145=FACE_BOUND('',#527,.T.);
#146=FACE_BOUND('',#528,.T.);
#147=FACE_BOUND('',#529,.T.);
#148=FACE_BOUND('',#530,.T.);
#149=FACE_BOUND('',#531,.T.);
#150=FACE_BOUND('',#532,.T.);
#151=FACE_BOUND('',#533,.T.);
#152=FACE_BOUND('',#534,.T.);
#153=FACE_BOUND('',#535,.T.);
#154=FACE_BOUND('',#543,.T.);
#155=FACE_BOUND('',#549,.T.);
#156=FACE_BOUND('',#554,.T.);
#157=FACE_BOUND('',#561,.T.);
#158=FACE_BOUND('',#571,.T.);
#159=FACE_BOUND('',#582,.T.);
#160=FACE_BOUND('',#588,.T.);
#161=FACE_BOUND('',#594,.T.);
#162=FACE_BOUND('',#600,.T.);
#163=FACE_BOUND('',#634,.T.);
#164=FACE_BOUND('',#636,.T.);
#165=FACE_OUTER_BOUND('',#377,.T.);
#166=FACE_OUTER_BOUND('',#378,.T.);
#167=FACE_OUTER_BOUND('',#379,.T.);
#168=FACE_OUTER_BOUND('',#380,.T.);
#169=FACE_OUTER_BOUND('',#381,.T.);
#170=FACE_OUTER_BOUND('',#382,.T.);
#171=FACE_OUTER_BOUND('',#383,.T.);
#172=FACE_OUTER_BOUND('',#384,.T.);
#173=FACE_OUTER_BOUND('',#385,.T.);
#174=FACE_OUTER_BOUND('',#386,.T.);
#175=FACE_OUTER_BOUND('',#387,.T.);
#176=FACE_OUTER_BOUND('',#389,.T.);
#177=FACE_OUTER_BOUND('',#390,.T.);
#178=FACE_OUTER_BOUND('',#391,.T.);
#179=FACE_OUTER_BOUND('',#396,.T.);
#180=FACE_OUTER_BOUND('',#397,.T.);
#181=FACE_OUTER_BOUND('',#398,.T.);
#182=FACE_OUTER_BOUND('',#399,.T.);
#183=FACE_OUTER_BOUND('',#400,.T.);
#184=FACE_OUTER_BOUND('',#401,.T.);
#185=FACE_OUTER_BOUND('',#402,.T.);
#186=FACE_OUTER_BOUND('',#403,.T.);
#187=FACE_OUTER_BOUND('',#404,.T.);
#188=FACE_OUTER_BOUND('',#405,.T.);
#189=FACE_OUTER_BOUND('',#406,.T.);
#190=FACE_OUTER_BOUND('',#419,.T.);
#191=FACE_OUTER_BOUND('',#420,.T.);
#192=FACE_OUTER_BOUND('',#421,.T.);
#193=FACE_OUTER_BOUND('',#422,.T.);
#194=FACE_OUTER_BOUND('',#423,.T.);
#195=FACE_OUTER_BOUND('',#424,.T.);
#196=FACE_OUTER_BOUND('',#426,.T.);
#197=FACE_OUTER_BOUND('',#427,.T.);
#198=FACE_OUTER_BOUND('',#428,.T.);
#199=FACE_OUTER_BOUND('',#429,.T.);
#200=FACE_OUTER_BOUND('',#430,.T.);
#201=FACE_OUTER_BOUND('',#431,.T.);
#202=FACE_OUTER_BOUND('',#433,.T.);
#203=FACE_OUTER_BOUND('',#434,.T.);
#204=FACE_OUTER_BOUND('',#435,.T.);
#205=FACE_OUTER_BOUND('',#436,.T.);
#206=FACE_OUTER_BOUND('',#437,.T.);
#207=FACE_OUTER_BOUND('',#439,.T.);
#208=FACE_OUTER_BOUND('',#440,.T.);
#209=FACE_OUTER_BOUND('',#441,.T.);
#210=FACE_OUTER_BOUND('',#442,.T.);
#211=FACE_OUTER_BOUND('',#443,.T.);
#212=FACE_OUTER_BOUND('',#444,.T.);
#213=FACE_OUTER_BOUND('',#445,.T.);
#214=FACE_OUTER_BOUND('',#447,.T.);
#215=FACE_OUTER_BOUND('',#448,.T.);
#216=FACE_OUTER_BOUND('',#449,.T.);
#217=FACE_OUTER_BOUND('',#450,.T.);
#218=FACE_OUTER_BOUND('',#451,.T.);
#219=FACE_OUTER_BOUND('',#452,.T.);
#220=FACE_OUTER_BOUND('',#453,.T.);
#221=FACE_OUTER_BOUND('',#454,.T.);
#222=FACE_OUTER_BOUND('',#455,.T.);
#223=FACE_OUTER_BOUND('',#456,.T.);
#224=FACE_OUTER_BOUND('',#457,.T.);
#225=FACE_OUTER_BOUND('',#458,.T.);
#226=FACE_OUTER_BOUND('',#460,.T.);
#227=FACE_OUTER_BOUND('',#461,.T.);
#228=FACE_OUTER_BOUND('',#462,.T.);
#229=FACE_OUTER_BOUND('',#463,.T.);
#230=FACE_OUTER_BOUND('',#465,.T.);
#231=FACE_OUTER_BOUND('',#466,.T.);
#232=FACE_OUTER_BOUND('',#467,.T.);
#233=FACE_OUTER_BOUND('',#468,.T.);
#234=FACE_OUTER_BOUND('',#469,.T.);
#235=FACE_OUTER_BOUND('',#470,.T.);
#236=FACE_OUTER_BOUND('',#471,.T.);
#237=FACE_OUTER_BOUND('',#472,.T.);
#238=FACE_OUTER_BOUND('',#473,.T.);
#239=FACE_OUTER_BOUND('',#474,.T.);
#240=FACE_OUTER_BOUND('',#475,.T.);
#241=FACE_OUTER_BOUND('',#476,.T.);
#242=FACE_OUTER_BOUND('',#478,.T.);
#243=FACE_OUTER_BOUND('',#479,.T.);
#244=FACE_OUTER_BOUND('',#480,.T.);
#245=FACE_OUTER_BOUND('',#481,.T.);
#246=FACE_OUTER_BOUND('',#482,.T.);
#247=FACE_OUTER_BOUND('',#484,.T.);
#248=FACE_OUTER_BOUND('',#485,.T.);
#249=FACE_OUTER_BOUND('',#486,.T.);
#250=FACE_OUTER_BOUND('',#487,.T.);
#251=FACE_OUTER_BOUND('',#488,.T.);
#252=FACE_OUTER_BOUND('',#490,.T.);
#253=FACE_OUTER_BOUND('',#491,.T.);
#254=FACE_OUTER_BOUND('',#492,.T.);
#255=FACE_OUTER_BOUND('',#493,.T.);
#256=FACE_OUTER_BOUND('',#494,.T.);
#257=FACE_OUTER_BOUND('',#496,.T.);
#258=FACE_OUTER_BOUND('',#497,.T.);
#259=FACE_OUTER_BOUND('',#498,.T.);
#260=FACE_OUTER_BOUND('',#499,.T.);
#261=FACE_OUTER_BOUND('',#500,.T.);
#262=FACE_OUTER_BOUND('',#501,.T.);
#263=FACE_OUTER_BOUND('',#502,.T.);
#264=FACE_OUTER_BOUND('',#503,.T.);
#265=FACE_OUTER_BOUND('',#504,.T.);
#266=FACE_OUTER_BOUND('',#505,.T.);
#267=FACE_OUTER_BOUND('',#506,.T.);
#268=FACE_OUTER_BOUND('',#507,.T.);
#269=FACE_OUTER_BOUND('',#508,.T.);
#270=FACE_OUTER_BOUND('',#513,.T.);
#271=FACE_OUTER_BOUND('',#514,.T.);
#272=FACE_OUTER_BOUND('',#515,.T.);
#273=FACE_OUTER_BOUND('',#516,.T.);
#274=FACE_OUTER_BOUND('',#517,.T.);
#275=FACE_OUTER_BOUND('',#518,.T.);
#276=FACE_OUTER_BOUND('',#519,.T.);
#277=FACE_OUTER_BOUND('',#520,.T.);
#278=FACE_OUTER_BOUND('',#521,.T.);
#279=FACE_OUTER_BOUND('',#522,.T.);
#280=FACE_OUTER_BOUND('',#523,.T.);
#281=FACE_OUTER_BOUND('',#536,.T.);
#282=FACE_OUTER_BOUND('',#537,.T.);
#283=FACE_OUTER_BOUND('',#538,.T.);
#284=FACE_OUTER_BOUND('',#539,.T.);
#285=FACE_OUTER_BOUND('',#540,.T.);
#286=FACE_OUTER_BOUND('',#541,.T.);
#287=FACE_OUTER_BOUND('',#542,.T.);
#288=FACE_OUTER_BOUND('',#544,.T.);
#289=FACE_OUTER_BOUND('',#545,.T.);
#290=FACE_OUTER_BOUND('',#546,.T.);
#291=FACE_OUTER_BOUND('',#547,.T.);
#292=FACE_OUTER_BOUND('',#548,.T.);
#293=FACE_OUTER_BOUND('',#550,.T.);
#294=FACE_OUTER_BOUND('',#551,.T.);
#295=FACE_OUTER_BOUND('',#552,.T.);
#296=FACE_OUTER_BOUND('',#553,.T.);
#297=FACE_OUTER_BOUND('',#555,.T.);
#298=FACE_OUTER_BOUND('',#556,.T.);
#299=FACE_OUTER_BOUND('',#557,.T.);
#300=FACE_OUTER_BOUND('',#558,.T.);
#301=FACE_OUTER_BOUND('',#559,.T.);
#302=FACE_OUTER_BOUND('',#560,.T.);
#303=FACE_OUTER_BOUND('',#562,.T.);
#304=FACE_OUTER_BOUND('',#563,.T.);
#305=FACE_OUTER_BOUND('',#564,.T.);
#306=FACE_OUTER_BOUND('',#565,.T.);
#307=FACE_OUTER_BOUND('',#566,.T.);
#308=FACE_OUTER_BOUND('',#567,.T.);
#309=FACE_OUTER_BOUND('',#568,.T.);
#310=FACE_OUTER_BOUND('',#569,.T.);
#311=FACE_OUTER_BOUND('',#570,.T.);
#312=FACE_OUTER_BOUND('',#572,.T.);
#313=FACE_OUTER_BOUND('',#573,.T.);
#314=FACE_OUTER_BOUND('',#574,.T.);
#315=FACE_OUTER_BOUND('',#575,.T.);
#316=FACE_OUTER_BOUND('',#576,.T.);
#317=FACE_OUTER_BOUND('',#577,.T.);
#318=FACE_OUTER_BOUND('',#578,.T.);
#319=FACE_OUTER_BOUND('',#579,.T.);
#320=FACE_OUTER_BOUND('',#580,.T.);
#321=FACE_OUTER_BOUND('',#581,.T.);
#322=FACE_OUTER_BOUND('',#583,.T.);
#323=FACE_OUTER_BOUND('',#584,.T.);
#324=FACE_OUTER_BOUND('',#585,.T.);
#325=FACE_OUTER_BOUND('',#586,.T.);
#326=FACE_OUTER_BOUND('',#587,.T.);
#327=FACE_OUTER_BOUND('',#589,.T.);
#328=FACE_OUTER_BOUND('',#590,.T.);
#329=FACE_OUTER_BOUND('',#591,.T.);
#330=FACE_OUTER_BOUND('',#592,.T.);
#331=FACE_OUTER_BOUND('',#593,.T.);
#332=FACE_OUTER_BOUND('',#595,.T.);
#333=FACE_OUTER_BOUND('',#596,.T.);
#334=FACE_OUTER_BOUND('',#597,.T.);
#335=FACE_OUTER_BOUND('',#598,.T.);
#336=FACE_OUTER_BOUND('',#599,.T.);
#337=FACE_OUTER_BOUND('',#601,.T.);
#338=FACE_OUTER_BOUND('',#602,.T.);
#339=FACE_OUTER_BOUND('',#603,.T.);
#340=FACE_OUTER_BOUND('',#604,.T.);
#341=FACE_OUTER_BOUND('',#605,.T.);
#342=FACE_OUTER_BOUND('',#606,.T.);
#343=FACE_OUTER_BOUND('',#607,.T.);
#344=FACE_OUTER_BOUND('',#608,.T.);
#345=FACE_OUTER_BOUND('',#609,.T.);
#346=FACE_OUTER_BOUND('',#610,.T.);
#347=FACE_OUTER_BOUND('',#611,.T.);
#348=FACE_OUTER_BOUND('',#612,.T.);
#349=FACE_OUTER_BOUND('',#613,.T.);
#350=FACE_OUTER_BOUND('',#614,.T.);
#351=FACE_OUTER_BOUND('',#615,.T.);
#352=FACE_OUTER_BOUND('',#616,.T.);
#353=FACE_OUTER_BOUND('',#617,.T.);
#354=FACE_OUTER_BOUND('',#618,.T.);
#355=FACE_OUTER_BOUND('',#619,.T.);
#356=FACE_OUTER_BOUND('',#620,.T.);
#357=FACE_OUTER_BOUND('',#621,.T.);
#358=FACE_OUTER_BOUND('',#622,.T.);
#359=FACE_OUTER_BOUND('',#623,.T.);
#360=FACE_OUTER_BOUND('',#624,.T.);
#361=FACE_OUTER_BOUND('',#625,.T.);
#362=FACE_OUTER_BOUND('',#626,.T.);
#363=FACE_OUTER_BOUND('',#627,.T.);
#364=FACE_OUTER_BOUND('',#628,.T.);
#365=FACE_OUTER_BOUND('',#629,.T.);
#366=FACE_OUTER_BOUND('',#630,.T.);
#367=FACE_OUTER_BOUND('',#631,.T.);
#368=FACE_OUTER_BOUND('',#632,.T.);
#369=FACE_OUTER_BOUND('',#633,.T.);
#370=FACE_OUTER_BOUND('',#635,.T.);
#371=FACE_OUTER_BOUND('',#637,.T.);
#372=FACE_OUTER_BOUND('',#638,.T.);
#373=FACE_OUTER_BOUND('',#639,.T.);
#374=FACE_OUTER_BOUND('',#640,.T.);
#375=FACE_OUTER_BOUND('',#641,.T.);
#376=FACE_OUTER_BOUND('',#642,.T.);
#377=EDGE_LOOP('',(#2483,#2484,#2485,#2486));
#378=EDGE_LOOP('',(#2487,#2488,#2489,#2490));
#379=EDGE_LOOP('',(#2491,#2492,#2493,#2494));
#380=EDGE_LOOP('',(#2495,#2496,#2497,#2498));
#381=EDGE_LOOP('',(#2499,#2500,#2501,#2502));
#382=EDGE_LOOP('',(#2503,#2504,#2505,#2506));
#383=EDGE_LOOP('',(#2507,#2508,#2509,#2510));
#384=EDGE_LOOP('',(#2511,#2512,#2513,#2514));
#385=EDGE_LOOP('',(#2515,#2516,#2517,#2518));
#386=EDGE_LOOP('',(#2519,#2520,#2521,#2522));
#387=EDGE_LOOP('',(#2523,#2524,#2525,#2526));
#388=EDGE_LOOP('',(#2527,#2528,#2529,#2530));
#389=EDGE_LOOP('',(#2531,#2532,#2533,#2534,#2535,#2536));
#390=EDGE_LOOP('',(#2537,#2538,#2539,#2540,#2541,#2542));
#391=EDGE_LOOP('',(#2543,#2544,#2545,#2546,#2547,#2548,#2549,#2550));
#392=EDGE_LOOP('',(#2551));
#393=EDGE_LOOP('',(#2552));
#394=EDGE_LOOP('',(#2553));
#395=EDGE_LOOP('',(#2554));
#396=EDGE_LOOP('',(#2555,#2556,#2557,#2558,#2559,#2560,#2561,#2562,#2563,
#2564,#2565,#2566,#2567,#2568));
#397=EDGE_LOOP('',(#2569,#2570,#2571,#2572));
#398=EDGE_LOOP('',(#2573,#2574,#2575,#2576));
#399=EDGE_LOOP('',(#2577,#2578,#2579,#2580));
#400=EDGE_LOOP('',(#2581,#2582,#2583,#2584));
#401=EDGE_LOOP('',(#2585,#2586,#2587,#2588));
#402=EDGE_LOOP('',(#2589,#2590,#2591,#2592,#2593,#2594,#2595,#2596));
#403=EDGE_LOOP('',(#2597,#2598,#2599,#2600));
#404=EDGE_LOOP('',(#2601,#2602,#2603,#2604));
#405=EDGE_LOOP('',(#2605,#2606,#2607,#2608));
#406=EDGE_LOOP('',(#2609,#2610,#2611,#2612,#2613,#2614,#2615,#2616,#2617,
#2618,#2619,#2620,#2621,#2622,#2623,#2624,#2625,#2626,#2627,#2628,#2629,
#2630,#2631,#2632,#2633,#2634,#2635,#2636,#2637,#2638,#2639,#2640,#2641,
#2642,#2643,#2644));
#407=EDGE_LOOP('',(#2645,#2646,#2647,#2648));
#408=EDGE_LOOP('',(#2649,#2650,#2651,#2652));
#409=EDGE_LOOP('',(#2653));
#410=EDGE_LOOP('',(#2654));
#411=EDGE_LOOP('',(#2655));
#412=EDGE_LOOP('',(#2656));
#413=EDGE_LOOP('',(#2657));
#414=EDGE_LOOP('',(#2658));
#415=EDGE_LOOP('',(#2659));
#416=EDGE_LOOP('',(#2660));
#417=EDGE_LOOP('',(#2661,#2662,#2663,#2664));
#418=EDGE_LOOP('',(#2665,#2666,#2667,#2668));
#419=EDGE_LOOP('',(#2669,#2670,#2671,#2672));
#420=EDGE_LOOP('',(#2673,#2674,#2675,#2676));
#421=EDGE_LOOP('',(#2677,#2678,#2679,#2680));
#422=EDGE_LOOP('',(#2681,#2682,#2683,#2684));
#423=EDGE_LOOP('',(#2685,#2686,#2687,#2688,#2689));
#424=EDGE_LOOP('',(#2690,#2691,#2692,#2693));
#425=EDGE_LOOP('',(#2694,#2695,#2696,#2697));
#426=EDGE_LOOP('',(#2698,#2699,#2700,#2701,#2702));
#427=EDGE_LOOP('',(#2703,#2704,#2705,#2706));
#428=EDGE_LOOP('',(#2707,#2708,#2709,#2710));
#429=EDGE_LOOP('',(#2711,#2712,#2713,#2714));
#430=EDGE_LOOP('',(#2715,#2716,#2717,#2718,#2719));
#431=EDGE_LOOP('',(#2720,#2721,#2722,#2723));
#432=EDGE_LOOP('',(#2724,#2725,#2726,#2727));
#433=EDGE_LOOP('',(#2728,#2729,#2730,#2731,#2732));
#434=EDGE_LOOP('',(#2733,#2734,#2735,#2736));
#435=EDGE_LOOP('',(#2737,#2738,#2739,#2740));
#436=EDGE_LOOP('',(#2741,#2742,#2743,#2744));
#437=EDGE_LOOP('',(#2745,#2746,#2747,#2748));
#438=EDGE_LOOP('',(#2749,#2750,#2751,#2752));
#439=EDGE_LOOP('',(#2753,#2754,#2755,#2756,#2757));
#440=EDGE_LOOP('',(#2758,#2759,#2760,#2761));
#441=EDGE_LOOP('',(#2762,#2763,#2764,#2765,#2766));
#442=EDGE_LOOP('',(#2767,#2768,#2769,#2770));
#443=EDGE_LOOP('',(#2771,#2772,#2773,#2774));
#444=EDGE_LOOP('',(#2775,#2776,#2777,#2778,#2779));
#445=EDGE_LOOP('',(#2780,#2781,#2782,#2783));
#446=EDGE_LOOP('',(#2784,#2785,#2786,#2787));
#447=EDGE_LOOP('',(#2788,#2789,#2790,#2791,#2792));
#448=EDGE_LOOP('',(#2793,#2794,#2795,#2796));
#449=EDGE_LOOP('',(#2797,#2798,#2799,#2800));
#450=EDGE_LOOP('',(#2801,#2802,#2803,#2804));
#451=EDGE_LOOP('',(#2805,#2806,#2807,#2808));
#452=EDGE_LOOP('',(#2809,#2810,#2811,#2812,#2813));
#453=EDGE_LOOP('',(#2814,#2815,#2816,#2817,#2818));
#454=EDGE_LOOP('',(#2819,#2820,#2821,#2822));
#455=EDGE_LOOP('',(#2823,#2824,#2825,#2826));
#456=EDGE_LOOP('',(#2827,#2828,#2829,#2830));
#457=EDGE_LOOP('',(#2831,#2832,#2833,#2834,#2835));
#458=EDGE_LOOP('',(#2836,#2837,#2838,#2839));
#459=EDGE_LOOP('',(#2840,#2841,#2842,#2843));
#460=EDGE_LOOP('',(#2844,#2845,#2846,#2847,#2848));
#461=EDGE_LOOP('',(#2849,#2850,#2851,#2852));
#462=EDGE_LOOP('',(#2853,#2854,#2855,#2856));
#463=EDGE_LOOP('',(#2857,#2858,#2859,#2860));
#464=EDGE_LOOP('',(#2861,#2862,#2863,#2864));
#465=EDGE_LOOP('',(#2865,#2866,#2867,#2868,#2869));
#466=EDGE_LOOP('',(#2870,#2871,#2872,#2873));
#467=EDGE_LOOP('',(#2874,#2875,#2876,#2877,#2878));
#468=EDGE_LOOP('',(#2879));
#469=EDGE_LOOP('',(#2880,#2881,#2882,#2883));
#470=EDGE_LOOP('',(#2884));
#471=EDGE_LOOP('',(#2885,#2886,#2887,#2888));
#472=EDGE_LOOP('',(#2889));
#473=EDGE_LOOP('',(#2890,#2891,#2892,#2893));
#474=EDGE_LOOP('',(#2894));
#475=EDGE_LOOP('',(#2895,#2896,#2897,#2898));
#476=EDGE_LOOP('',(#2899,#2900,#2901,#2902));
#477=EDGE_LOOP('',(#2903));
#478=EDGE_LOOP('',(#2904,#2905,#2906,#2907));
#479=EDGE_LOOP('',(#2908,#2909,#2910,#2911));
#480=EDGE_LOOP('',(#2912,#2913,#2914,#2915));
#481=EDGE_LOOP('',(#2916,#2917,#2918,#2919));
#482=EDGE_LOOP('',(#2920,#2921,#2922,#2923));
#483=EDGE_LOOP('',(#2924));
#484=EDGE_LOOP('',(#2925,#2926,#2927,#2928));
#485=EDGE_LOOP('',(#2929,#2930,#2931,#2932));
#486=EDGE_LOOP('',(#2933,#2934,#2935,#2936));
#487=EDGE_LOOP('',(#2937,#2938,#2939,#2940));
#488=EDGE_LOOP('',(#2941,#2942,#2943,#2944));
#489=EDGE_LOOP('',(#2945));
#490=EDGE_LOOP('',(#2946,#2947,#2948,#2949));
#491=EDGE_LOOP('',(#2950,#2951,#2952,#2953));
#492=EDGE_LOOP('',(#2954,#2955,#2956,#2957));
#493=EDGE_LOOP('',(#2958,#2959,#2960,#2961));
#494=EDGE_LOOP('',(#2962,#2963,#2964,#2965));
#495=EDGE_LOOP('',(#2966));
#496=EDGE_LOOP('',(#2967,#2968,#2969,#2970));
#497=EDGE_LOOP('',(#2971,#2972,#2973,#2974));
#498=EDGE_LOOP('',(#2975,#2976,#2977,#2978));
#499=EDGE_LOOP('',(#2979,#2980,#2981,#2982));
#500=EDGE_LOOP('',(#2983));
#501=EDGE_LOOP('',(#2984,#2985,#2986,#2987));
#502=EDGE_LOOP('',(#2988));
#503=EDGE_LOOP('',(#2989,#2990,#2991,#2992));
#504=EDGE_LOOP('',(#2993));
#505=EDGE_LOOP('',(#2994,#2995,#2996,#2997));
#506=EDGE_LOOP('',(#2998));
#507=EDGE_LOOP('',(#2999,#3000,#3001,#3002));
#508=EDGE_LOOP('',(#3003,#3004,#3005,#3006,#3007,#3008,#3009,#3010));
#509=EDGE_LOOP('',(#3011));
#510=EDGE_LOOP('',(#3012));
#511=EDGE_LOOP('',(#3013));
#512=EDGE_LOOP('',(#3014));
#513=EDGE_LOOP('',(#3015,#3016,#3017,#3018,#3019,#3020,#3021,#3022,#3023,
#3024,#3025,#3026,#3027,#3028,#3029,#3030,#3031,#3032,#3033,#3034,#3035,
#3036,#3037,#3038));
#514=EDGE_LOOP('',(#3039,#3040,#3041,#3042));
#515=EDGE_LOOP('',(#3043,#3044,#3045,#3046));
#516=EDGE_LOOP('',(#3047,#3048,#3049,#3050));
#517=EDGE_LOOP('',(#3051,#3052,#3053,#3054));
#518=EDGE_LOOP('',(#3055,#3056,#3057,#3058));
#519=EDGE_LOOP('',(#3059,#3060,#3061,#3062,#3063,#3064,#3065,#3066,#3067,
#3068,#3069,#3070));
#520=EDGE_LOOP('',(#3071,#3072,#3073,#3074));
#521=EDGE_LOOP('',(#3075,#3076,#3077,#3078));
#522=EDGE_LOOP('',(#3079,#3080,#3081,#3082));
#523=EDGE_LOOP('',(#3083,#3084,#3085,#3086,#3087,#3088,#3089,#3090,#3091,
#3092,#3093,#3094,#3095,#3096,#3097,#3098,#3099,#3100,#3101,#3102,#3103,
#3104,#3105,#3106,#3107,#3108,#3109,#3110,#3111,#3112,#3113,#3114,#3115,
#3116,#3117,#3118));
#524=EDGE_LOOP('',(#3119,#3120,#3121,#3122));
#525=EDGE_LOOP('',(#3123,#3124,#3125,#3126));
#526=EDGE_LOOP('',(#3127));
#527=EDGE_LOOP('',(#3128));
#528=EDGE_LOOP('',(#3129));
#529=EDGE_LOOP('',(#3130));
#530=EDGE_LOOP('',(#3131));
#531=EDGE_LOOP('',(#3132));
#532=EDGE_LOOP('',(#3133));
#533=EDGE_LOOP('',(#3134));
#534=EDGE_LOOP('',(#3135,#3136,#3137,#3138));
#535=EDGE_LOOP('',(#3139,#3140,#3141,#3142));
#536=EDGE_LOOP('',(#3143,#3144,#3145,#3146));
#537=EDGE_LOOP('',(#3147,#3148,#3149,#3150));
#538=EDGE_LOOP('',(#3151,#3152,#3153,#3154));
#539=EDGE_LOOP('',(#3155,#3156,#3157,#3158));
#540=EDGE_LOOP('',(#3159,#3160,#3161,#3162,#3163,#3164));
#541=EDGE_LOOP('',(#3165,#3166,#3167,#3168,#3169,#3170));
#542=EDGE_LOOP('',(#3171,#3172,#3173,#3174));
#543=EDGE_LOOP('',(#3175,#3176,#3177,#3178));
#544=EDGE_LOOP('',(#3179,#3180,#3181,#3182));
#545=EDGE_LOOP('',(#3183,#3184,#3185,#3186));
#546=EDGE_LOOP('',(#3187,#3188,#3189,#3190,#3191,#3192));
#547=EDGE_LOOP('',(#3193,#3194,#3195,#3196,#3197,#3198));
#548=EDGE_LOOP('',(#3199,#3200,#3201,#3202));
#549=EDGE_LOOP('',(#3203,#3204,#3205,#3206));
#550=EDGE_LOOP('',(#3207,#3208,#3209,#3210));
#551=EDGE_LOOP('',(#3211,#3212,#3213,#3214));
#552=EDGE_LOOP('',(#3215,#3216,#3217,#3218,#3219,#3220));
#553=EDGE_LOOP('',(#3221,#3222,#3223,#3224));
#554=EDGE_LOOP('',(#3225,#3226,#3227,#3228));
#555=EDGE_LOOP('',(#3229,#3230,#3231,#3232,#3233,#3234));
#556=EDGE_LOOP('',(#3235,#3236,#3237,#3238));
#557=EDGE_LOOP('',(#3239,#3240,#3241,#3242));
#558=EDGE_LOOP('',(#3243,#3244,#3245,#3246,#3247,#3248));
#559=EDGE_LOOP('',(#3249,#3250,#3251,#3252,#3253,#3254));
#560=EDGE_LOOP('',(#3255,#3256,#3257,#3258));
#561=EDGE_LOOP('',(#3259,#3260,#3261,#3262));
#562=EDGE_LOOP('',(#3263,#3264,#3265,#3266));
#563=EDGE_LOOP('',(#3267,#3268,#3269,#3270));
#564=EDGE_LOOP('',(#3271,#3272,#3273,#3274,#3275,#3276));
#565=EDGE_LOOP('',(#3277,#3278,#3279,#3280));
#566=EDGE_LOOP('',(#3281,#3282,#3283,#3284));
#567=EDGE_LOOP('',(#3285,#3286,#3287,#3288,#3289,#3290));
#568=EDGE_LOOP('',(#3291,#3292,#3293,#3294));
#569=EDGE_LOOP('',(#3295,#3296,#3297,#3298));
#570=EDGE_LOOP('',(#3299,#3300,#3301,#3302));
#571=EDGE_LOOP('',(#3303,#3304,#3305,#3306));
#572=EDGE_LOOP('',(#3307,#3308,#3309,#3310,#3311,#3312));
#573=EDGE_LOOP('',(#3313));
#574=EDGE_LOOP('',(#3314,#3315,#3316,#3317));
#575=EDGE_LOOP('',(#3318));
#576=EDGE_LOOP('',(#3319,#3320,#3321,#3322));
#577=EDGE_LOOP('',(#3323));
#578=EDGE_LOOP('',(#3324,#3325,#3326,#3327));
#579=EDGE_LOOP('',(#3328));
#580=EDGE_LOOP('',(#3329,#3330,#3331,#3332));
#581=EDGE_LOOP('',(#3333,#3334,#3335,#3336));
#582=EDGE_LOOP('',(#3337));
#583=EDGE_LOOP('',(#3338,#3339,#3340,#3341));
#584=EDGE_LOOP('',(#3342,#3343,#3344,#3345));
#585=EDGE_LOOP('',(#3346,#3347,#3348,#3349));
#586=EDGE_LOOP('',(#3350,#3351,#3352,#3353));
#587=EDGE_LOOP('',(#3354,#3355,#3356,#3357));
#588=EDGE_LOOP('',(#3358));
#589=EDGE_LOOP('',(#3359,#3360,#3361,#3362));
#590=EDGE_LOOP('',(#3363,#3364,#3365,#3366));
#591=EDGE_LOOP('',(#3367,#3368,#3369,#3370));
#592=EDGE_LOOP('',(#3371,#3372,#3373,#3374));
#593=EDGE_LOOP('',(#3375,#3376,#3377,#3378));
#594=EDGE_LOOP('',(#3379));
#595=EDGE_LOOP('',(#3380,#3381,#3382,#3383));
#596=EDGE_LOOP('',(#3384,#3385,#3386,#3387));
#597=EDGE_LOOP('',(#3388,#3389,#3390,#3391));
#598=EDGE_LOOP('',(#3392,#3393,#3394,#3395));
#599=EDGE_LOOP('',(#3396,#3397,#3398,#3399));
#600=EDGE_LOOP('',(#3400));
#601=EDGE_LOOP('',(#3401,#3402,#3403,#3404));
#602=EDGE_LOOP('',(#3405,#3406,#3407,#3408));
#603=EDGE_LOOP('',(#3409,#3410,#3411,#3412));
#604=EDGE_LOOP('',(#3413,#3414,#3415,#3416));
#605=EDGE_LOOP('',(#3417));
#606=EDGE_LOOP('',(#3418,#3419,#3420,#3421));
#607=EDGE_LOOP('',(#3422));
#608=EDGE_LOOP('',(#3423,#3424,#3425,#3426));
#609=EDGE_LOOP('',(#3427));
#610=EDGE_LOOP('',(#3428,#3429,#3430,#3431));
#611=EDGE_LOOP('',(#3432));
#612=EDGE_LOOP('',(#3433,#3434,#3435,#3436));
#613=EDGE_LOOP('',(#3437,#3438,#3439,#3440));
#614=EDGE_LOOP('',(#3441,#3442,#3443,#3444));
#615=EDGE_LOOP('',(#3445,#3446,#3447,#3448));
#616=EDGE_LOOP('',(#3449,#3450,#3451,#3452));
#617=EDGE_LOOP('',(#3453,#3454,#3455,#3456));
#618=EDGE_LOOP('',(#3457,#3458,#3459,#3460));
#619=EDGE_LOOP('',(#3461,#3462,#3463,#3464));
#620=EDGE_LOOP('',(#3465,#3466,#3467,#3468));
#621=EDGE_LOOP('',(#3469,#3470,#3471,#3472));
#622=EDGE_LOOP('',(#3473,#3474,#3475,#3476));
#623=EDGE_LOOP('',(#3477,#3478,#3479,#3480));
#624=EDGE_LOOP('',(#3481,#3482,#3483,#3484));
#625=EDGE_LOOP('',(#3485,#3486,#3487,#3488));
#626=EDGE_LOOP('',(#3489,#3490,#3491,#3492));
#627=EDGE_LOOP('',(#3493,#3494,#3495,#3496));
#628=EDGE_LOOP('',(#3497,#3498,#3499,#3500));
#629=EDGE_LOOP('',(#3501,#3502,#3503,#3504));
#630=EDGE_LOOP('',(#3505,#3506,#3507,#3508));
#631=EDGE_LOOP('',(#3509,#3510,#3511,#3512));
#632=EDGE_LOOP('',(#3513,#3514,#3515,#3516));
#633=EDGE_LOOP('',(#3517,#3518,#3519,#3520));
#634=EDGE_LOOP('',(#3521,#3522,#3523,#3524));
#635=EDGE_LOOP('',(#3525,#3526,#3527,#3528));
#636=EDGE_LOOP('',(#3529,#3530,#3531,#3532));
#637=EDGE_LOOP('',(#3533,#3534,#3535,#3536,#3537,#3538));
#638=EDGE_LOOP('',(#3539,#3540,#3541,#3542));
#639=EDGE_LOOP('',(#3543,#3544,#3545,#3546));
#640=EDGE_LOOP('',(#3547,#3548,#3549,#3550));
#641=EDGE_LOOP('',(#3551,#3552,#3553,#3554));
#642=EDGE_LOOP('',(#3555,#3556,#3557,#3558));
#643=LINE('',#5273,#1117);
#644=LINE('',#5275,#1118);
#645=LINE('',#5277,#1119);
#646=LINE('',#5278,#1120);
#647=LINE('',#5281,#1121);
#648=LINE('',#5283,#1122);
#649=LINE('',#5284,#1123);
#650=LINE('',#5287,#1124);
#651=LINE('',#5289,#1125);
#652=LINE('',#5290,#1126);
#653=LINE('',#5292,#1127);
#654=LINE('',#5293,#1128);
#655=LINE('',#5298,#1129);
#656=LINE('',#5300,#1130);
#657=LINE('',#5302,#1131);
#658=LINE('',#5303,#1132);
#659=LINE('',#5306,#1133);
#660=LINE('',#5308,#1134);
#661=LINE('',#5309,#1135);
#662=LINE('',#5312,#1136);
#663=LINE('',#5314,#1137);
#664=LINE('',#5315,#1138);
#665=LINE('',#5317,#1139);
#666=LINE('',#5318,#1140);
#667=LINE('',#5323,#1141);
#668=LINE('',#5325,#1142);
#669=LINE('',#5327,#1143);
#670=LINE('',#5328,#1144);
#671=LINE('',#5332,#1145);
#672=LINE('',#5333,#1146);
#673=LINE('',#5335,#1147);
#674=LINE('',#5337,#1148);
#675=LINE('',#5338,#1149);
#676=LINE('',#5342,#1150);
#677=LINE('',#5344,#1151);
#678=LINE('',#5346,#1152);
#679=LINE('',#5348,#1153);
#680=LINE('',#5350,#1154);
#681=LINE('',#5351,#1155);
#682=LINE('',#5357,#1156);
#683=LINE('',#5361,#1157);
#684=LINE('',#5365,#1158);
#685=LINE('',#5368,#1159);
#686=LINE('',#5379,#1160);
#687=LINE('',#5381,#1161);
#688=LINE('',#5383,#1162);
#689=LINE('',#5385,#1163);
#690=LINE('',#5387,#1164);
#691=LINE('',#5389,#1165);
#692=LINE('',#5391,#1166);
#693=LINE('',#5393,#1167);
#694=LINE('',#5395,#1168);
#695=LINE('',#5397,#1169);
#696=LINE('',#5399,#1170);
#697=LINE('',#5401,#1171);
#698=LINE('',#5402,#1172);
#699=LINE('',#5405,#1173);
#700=LINE('',#5409,#1174);
#701=LINE('',#5413,#1175);
#702=LINE('',#5417,#1176);
#703=LINE('',#5421,#1177);
#704=LINE('',#5425,#1178);
#705=LINE('',#5427,#1179);
#706=LINE('',#5429,#1180);
#707=LINE('',#5431,#1181);
#708=LINE('',#5433,#1182);
#709=LINE('',#5434,#1183);
#710=LINE('',#5437,#1184);
#711=LINE('',#5441,#1185);
#712=LINE('',#5442,#1186);
#713=LINE('',#5445,#1187);
#714=LINE('',#5449,#1188);
#715=LINE('',#5451,#1189);
#716=LINE('',#5454,#1190);
#717=LINE('',#5456,#1191);
#718=LINE('',#5457,#1192);
#719=LINE('',#5459,#1193);
#720=LINE('',#5461,#1194);
#721=LINE('',#5462,#1195);
#722=LINE('',#5464,#1196);
#723=LINE('',#5466,#1197);
#724=LINE('',#5467,#1198);
#725=LINE('',#5469,#1199);
#726=LINE('',#5471,#1200);
#727=LINE('',#5472,#1201);
#728=LINE('',#5474,#1202);
#729=LINE('',#5476,#1203);
#730=LINE('',#5477,#1204);
#731=LINE('',#5479,#1205);
#732=LINE('',#5481,#1206);
#733=LINE('',#5482,#1207);
#734=LINE('',#5484,#1208);
#735=LINE('',#5485,#1209);
#736=LINE('',#5488,#1210);
#737=LINE('',#5490,#1211);
#738=LINE('',#5492,#1212);
#739=LINE('',#5493,#1213);
#740=LINE('',#5496,#1214);
#741=LINE('',#5498,#1215);
#742=LINE('',#5500,#1216);
#743=LINE('',#5501,#1217);
#744=LINE('',#5512,#1218);
#745=LINE('',#5514,#1219);
#746=LINE('',#5516,#1220);
#747=LINE('',#5517,#1221);
#748=LINE('',#5520,#1222);
#749=LINE('',#5522,#1223);
#750=LINE('',#5524,#1224);
#751=LINE('',#5525,#1225);
#752=LINE('',#5527,#1226);
#753=LINE('',#5531,#1227);
#754=LINE('',#5533,#1228);
#755=LINE('',#5534,#1229);
#756=LINE('',#5538,#1230);
#757=LINE('',#5540,#1231);
#758=LINE('',#5542,#1232);
#759=LINE('',#5543,#1233);
#760=LINE('',#5545,#1234);
#761=LINE('',#5546,#1235);
#762=LINE('',#5548,#1236);
#763=LINE('',#5551,#1237);
#764=LINE('',#5553,#1238);
#765=LINE('',#5555,#1239);
#766=LINE('',#5556,#1240);
#767=LINE('',#5558,#1241);
#768=LINE('',#5562,#1242);
#769=LINE('',#5564,#1243);
#770=LINE('',#5565,#1244);
#771=LINE('',#5569,#1245);
#772=LINE('',#5571,#1246);
#773=LINE('',#5573,#1247);
#774=LINE('',#5574,#1248);
#775=LINE('',#5576,#1249);
#776=LINE('',#5577,#1250);
#777=LINE('',#5579,#1251);
#778=LINE('',#5582,#1252);
#779=LINE('',#5584,#1253);
#780=LINE('',#5586,#1254);
#781=LINE('',#5587,#1255);
#782=LINE('',#5589,#1256);
#783=LINE('',#5593,#1257);
#784=LINE('',#5595,#1258);
#785=LINE('',#5596,#1259);
#786=LINE('',#5600,#1260);
#787=LINE('',#5602,#1261);
#788=LINE('',#5604,#1262);
#789=LINE('',#5605,#1263);
#790=LINE('',#5607,#1264);
#791=LINE('',#5608,#1265);
#792=LINE('',#5611,#1266);
#793=LINE('',#5613,#1267);
#794=LINE('',#5615,#1268);
#795=LINE('',#5616,#1269);
#796=LINE('',#5618,#1270);
#797=LINE('',#5620,#1271);
#798=LINE('',#5624,#1272);
#799=LINE('',#5626,#1273);
#800=LINE('',#5627,#1274);
#801=LINE('',#5631,#1275);
#802=LINE('',#5633,#1276);
#803=LINE('',#5635,#1277);
#804=LINE('',#5636,#1278);
#805=LINE('',#5638,#1279);
#806=LINE('',#5639,#1280);
#807=LINE('',#5641,#1281);
#808=LINE('',#5644,#1282);
#809=LINE('',#5646,#1283);
#810=LINE('',#5648,#1284);
#811=LINE('',#5649,#1285);
#812=LINE('',#5651,#1286);
#813=LINE('',#5655,#1287);
#814=LINE('',#5657,#1288);
#815=LINE('',#5658,#1289);
#816=LINE('',#5662,#1290);
#817=LINE('',#5664,#1291);
#818=LINE('',#5666,#1292);
#819=LINE('',#5667,#1293);
#820=LINE('',#5669,#1294);
#821=LINE('',#5670,#1295);
#822=LINE('',#5672,#1296);
#823=LINE('',#5674,#1297);
#824=LINE('',#5677,#1298);
#825=LINE('',#5679,#1299);
#826=LINE('',#5680,#1300);
#827=LINE('',#5684,#1301);
#828=LINE('',#5686,#1302);
#829=LINE('',#5688,#1303);
#830=LINE('',#5689,#1304);
#831=LINE('',#5691,#1305);
#832=LINE('',#5692,#1306);
#833=LINE('',#5694,#1307);
#834=LINE('',#5696,#1308);
#835=LINE('',#5699,#1309);
#836=LINE('',#5700,#1310);
#837=LINE('',#5701,#1311);
#838=LINE('',#5705,#1312);
#839=LINE('',#5707,#1313);
#840=LINE('',#5708,#1314);
#841=LINE('',#5712,#1315);
#842=LINE('',#5714,#1316);
#843=LINE('',#5716,#1317);
#844=LINE('',#5717,#1318);
#845=LINE('',#5719,#1319);
#846=LINE('',#5720,#1320);
#847=LINE('',#5722,#1321);
#848=LINE('',#5724,#1322);
#849=LINE('',#5725,#1323);
#850=LINE('',#5727,#1324);
#851=LINE('',#5729,#1325);
#852=LINE('',#5735,#1326);
#853=LINE('',#5740,#1327);
#854=LINE('',#5745,#1328);
#855=LINE('',#5750,#1329);
#856=LINE('',#5754,#1330);
#857=LINE('',#5756,#1331);
#858=LINE('',#5758,#1332);
#859=LINE('',#5759,#1333);
#860=LINE('',#5763,#1334);
#861=LINE('',#5764,#1335);
#862=LINE('',#5766,#1336);
#863=LINE('',#5768,#1337);
#864=LINE('',#5773,#1338);
#865=LINE('',#5775,#1339);
#866=LINE('',#5777,#1340);
#867=LINE('',#5778,#1341);
#868=LINE('',#5782,#1342);
#869=LINE('',#5783,#1343);
#870=LINE('',#5785,#1344);
#871=LINE('',#5787,#1345);
#872=LINE('',#5792,#1346);
#873=LINE('',#5794,#1347);
#874=LINE('',#5796,#1348);
#875=LINE('',#5797,#1349);
#876=LINE('',#5801,#1350);
#877=LINE('',#5802,#1351);
#878=LINE('',#5804,#1352);
#879=LINE('',#5806,#1353);
#880=LINE('',#5811,#1354);
#881=LINE('',#5813,#1355);
#882=LINE('',#5815,#1356);
#883=LINE('',#5816,#1357);
#884=LINE('',#5820,#1358);
#885=LINE('',#5821,#1359);
#886=LINE('',#5823,#1360);
#887=LINE('',#5825,#1361);
#888=LINE('',#5831,#1362);
#889=LINE('',#5836,#1363);
#890=LINE('',#5841,#1364);
#891=LINE('',#5846,#1365);
#892=LINE('',#5852,#1366);
#893=LINE('',#5856,#1367);
#894=LINE('',#5860,#1368);
#895=LINE('',#5863,#1369);
#896=LINE('',#5874,#1370);
#897=LINE('',#5876,#1371);
#898=LINE('',#5878,#1372);
#899=LINE('',#5880,#1373);
#900=LINE('',#5882,#1374);
#901=LINE('',#5884,#1375);
#902=LINE('',#5886,#1376);
#903=LINE('',#5888,#1377);
#904=LINE('',#5890,#1378);
#905=LINE('',#5892,#1379);
#906=LINE('',#5894,#1380);
#907=LINE('',#5896,#1381);
#908=LINE('',#5898,#1382);
#909=LINE('',#5900,#1383);
#910=LINE('',#5902,#1384);
#911=LINE('',#5904,#1385);
#912=LINE('',#5906,#1386);
#913=LINE('',#5908,#1387);
#914=LINE('',#5910,#1388);
#915=LINE('',#5912,#1389);
#916=LINE('',#5914,#1390);
#917=LINE('',#5916,#1391);
#918=LINE('',#5917,#1392);
#919=LINE('',#5921,#1393);
#920=LINE('',#5925,#1394);
#921=LINE('',#5929,#1395);
#922=LINE('',#5933,#1396);
#923=LINE('',#5937,#1397);
#924=LINE('',#5940,#1398);
#925=LINE('',#5941,#1399);
#926=LINE('',#5943,#1400);
#927=LINE('',#5945,#1401);
#928=LINE('',#5947,#1402);
#929=LINE('',#5949,#1403);
#930=LINE('',#5950,#1404);
#931=LINE('',#5951,#1405);
#932=LINE('',#5955,#1406);
#933=LINE('',#5958,#1407);
#934=LINE('',#5959,#1408);
#935=LINE('',#5963,#1409);
#936=LINE('',#5966,#1410);
#937=LINE('',#5967,#1411);
#938=LINE('',#5968,#1412);
#939=LINE('',#5970,#1413);
#940=LINE('',#5972,#1414);
#941=LINE('',#5973,#1415);
#942=LINE('',#5975,#1416);
#943=LINE('',#5977,#1417);
#944=LINE('',#5978,#1418);
#945=LINE('',#5980,#1419);
#946=LINE('',#5982,#1420);
#947=LINE('',#5983,#1421);
#948=LINE('',#5985,#1422);
#949=LINE('',#5987,#1423);
#950=LINE('',#5988,#1424);
#951=LINE('',#5990,#1425);
#952=LINE('',#5992,#1426);
#953=LINE('',#5993,#1427);
#954=LINE('',#5996,#1428);
#955=LINE('',#5999,#1429);
#956=LINE('',#6001,#1430);
#957=LINE('',#6003,#1431);
#958=LINE('',#6004,#1432);
#959=LINE('',#6007,#1433);
#960=LINE('',#6009,#1434);
#961=LINE('',#6011,#1435);
#962=LINE('',#6012,#1436);
#963=LINE('',#6023,#1437);
#964=LINE('',#6025,#1438);
#965=LINE('',#6027,#1439);
#966=LINE('',#6028,#1440);
#967=LINE('',#6031,#1441);
#968=LINE('',#6033,#1442);
#969=LINE('',#6035,#1443);
#970=LINE('',#6036,#1444);
#971=LINE('',#6038,#1445);
#972=LINE('',#6041,#1446);
#973=LINE('',#6042,#1447);
#974=LINE('',#6045,#1448);
#975=LINE('',#6047,#1449);
#976=LINE('',#6048,#1450);
#977=LINE('',#6050,#1451);
#978=LINE('',#6052,#1452);
#979=LINE('',#6056,#1453);
#980=LINE('',#6058,#1454);
#981=LINE('',#6060,#1455);
#982=LINE('',#6061,#1456);
#983=LINE('',#6063,#1457);
#984=LINE('',#6064,#1458);
#985=LINE('',#6067,#1459);
#986=LINE('',#6069,#1460);
#987=LINE('',#6070,#1461);
#988=LINE('',#6072,#1462);
#989=LINE('',#6074,#1463);
#990=LINE('',#6078,#1464);
#991=LINE('',#6080,#1465);
#992=LINE('',#6082,#1466);
#993=LINE('',#6083,#1467);
#994=LINE('',#6085,#1468);
#995=LINE('',#6086,#1469);
#996=LINE('',#6089,#1470);
#997=LINE('',#6091,#1471);
#998=LINE('',#6092,#1472);
#999=LINE('',#6094,#1473);
#1000=LINE('',#6096,#1474);
#1001=LINE('',#6099,#1475);
#1002=LINE('',#6101,#1476);
#1003=LINE('',#6103,#1477);
#1004=LINE('',#6104,#1478);
#1005=LINE('',#6107,#1479);
#1006=LINE('',#6108,#1480);
#1007=LINE('',#6111,#1481);
#1008=LINE('',#6113,#1482);
#1009=LINE('',#6114,#1483);
#1010=LINE('',#6116,#1484);
#1011=LINE('',#6118,#1485);
#1012=LINE('',#6122,#1486);
#1013=LINE('',#6124,#1487);
#1014=LINE('',#6126,#1488);
#1015=LINE('',#6127,#1489);
#1016=LINE('',#6130,#1490);
#1017=LINE('',#6132,#1491);
#1018=LINE('',#6133,#1492);
#1019=LINE('',#6137,#1493);
#1020=LINE('',#6139,#1494);
#1021=LINE('',#6141,#1495);
#1022=LINE('',#6142,#1496);
#1023=LINE('',#6144,#1497);
#1024=LINE('',#6145,#1498);
#1025=LINE('',#6147,#1499);
#1026=LINE('',#6149,#1500);
#1027=LINE('',#6152,#1501);
#1028=LINE('',#6155,#1502);
#1029=LINE('',#6156,#1503);
#1030=LINE('',#6158,#1504);
#1031=LINE('',#6164,#1505);
#1032=LINE('',#6169,#1506);
#1033=LINE('',#6174,#1507);
#1034=LINE('',#6179,#1508);
#1035=LINE('',#6183,#1509);
#1036=LINE('',#6185,#1510);
#1037=LINE('',#6187,#1511);
#1038=LINE('',#6188,#1512);
#1039=LINE('',#6192,#1513);
#1040=LINE('',#6193,#1514);
#1041=LINE('',#6195,#1515);
#1042=LINE('',#6197,#1516);
#1043=LINE('',#6202,#1517);
#1044=LINE('',#6204,#1518);
#1045=LINE('',#6206,#1519);
#1046=LINE('',#6207,#1520);
#1047=LINE('',#6211,#1521);
#1048=LINE('',#6212,#1522);
#1049=LINE('',#6214,#1523);
#1050=LINE('',#6216,#1524);
#1051=LINE('',#6221,#1525);
#1052=LINE('',#6223,#1526);
#1053=LINE('',#6225,#1527);
#1054=LINE('',#6226,#1528);
#1055=LINE('',#6230,#1529);
#1056=LINE('',#6231,#1530);
#1057=LINE('',#6233,#1531);
#1058=LINE('',#6235,#1532);
#1059=LINE('',#6240,#1533);
#1060=LINE('',#6242,#1534);
#1061=LINE('',#6244,#1535);
#1062=LINE('',#6245,#1536);
#1063=LINE('',#6249,#1537);
#1064=LINE('',#6250,#1538);
#1065=LINE('',#6252,#1539);
#1066=LINE('',#6254,#1540);
#1067=LINE('',#6260,#1541);
#1068=LINE('',#6265,#1542);
#1069=LINE('',#6270,#1543);
#1070=LINE('',#6275,#1544);
#1071=LINE('',#6279,#1545);
#1072=LINE('',#6281,#1546);
#1073=LINE('',#6283,#1547);
#1074=LINE('',#6284,#1548);
#1075=LINE('',#6286,#1549);
#1076=LINE('',#6287,#1550);
#1077=LINE('',#6289,#1551);
#1078=LINE('',#6291,#1552);
#1079=LINE('',#6296,#1553);
#1080=LINE('',#6298,#1554);
#1081=LINE('',#6300,#1555);
#1082=LINE('',#6301,#1556);
#1083=LINE('',#6303,#1557);
#1084=LINE('',#6304,#1558);
#1085=LINE('',#6306,#1559);
#1086=LINE('',#6308,#1560);
#1087=LINE('',#6313,#1561);
#1088=LINE('',#6315,#1562);
#1089=LINE('',#6317,#1563);
#1090=LINE('',#6318,#1564);
#1091=LINE('',#6320,#1565);
#1092=LINE('',#6321,#1566);
#1093=LINE('',#6323,#1567);
#1094=LINE('',#6325,#1568);
#1095=LINE('',#6330,#1569);
#1096=LINE('',#6332,#1570);
#1097=LINE('',#6334,#1571);
#1098=LINE('',#6335,#1572);
#1099=LINE('',#6337,#1573);
#1100=LINE('',#6338,#1574);
#1101=LINE('',#6340,#1575);
#1102=LINE('',#6342,#1576);
#1103=LINE('',#6345,#1577);
#1104=LINE('',#6347,#1578);
#1105=LINE('',#6350,#1579);
#1106=LINE('',#6352,#1580);
#1107=LINE('',#6354,#1581);
#1108=LINE('',#6355,#1582);
#1109=LINE('',#6359,#1583);
#1110=LINE('',#6361,#1584);
#1111=LINE('',#6362,#1585);
#1112=LINE('',#6365,#1586);
#1113=LINE('',#6366,#1587);
#1114=LINE('',#6369,#1588);
#1115=LINE('',#6370,#1589);
#1116=LINE('',#6372,#1590);
#1117=VECTOR('',#4245,10.);
#1118=VECTOR('',#4246,10.);
#1119=VECTOR('',#4247,10.);
#1120=VECTOR('',#4248,10.);
#1121=VECTOR('',#4251,10.);
#1122=VECTOR('',#4252,10.);
#1123=VECTOR('',#4253,10.);
#1124=VECTOR('',#4256,10.);
#1125=VECTOR('',#4257,10.);
#1126=VECTOR('',#4258,10.);
#1127=VECTOR('',#4261,10.);
#1128=VECTOR('',#4262,10.);
#1129=VECTOR('',#4267,10.);
#1130=VECTOR('',#4268,10.);
#1131=VECTOR('',#4269,10.);
#1132=VECTOR('',#4270,10.);
#1133=VECTOR('',#4273,10.);
#1134=VECTOR('',#4274,10.);
#1135=VECTOR('',#4275,10.);
#1136=VECTOR('',#4278,10.);
#1137=VECTOR('',#4279,10.);
#1138=VECTOR('',#4280,10.);
#1139=VECTOR('',#4283,10.);
#1140=VECTOR('',#4284,10.);
#1141=VECTOR('',#4289,10.);
#1142=VECTOR('',#4290,10.);
#1143=VECTOR('',#4291,10.);
#1144=VECTOR('',#4292,10.);
#1145=VECTOR('',#4295,10.);
#1146=VECTOR('',#4296,10.);
#1147=VECTOR('',#4297,10.);
#1148=VECTOR('',#4298,10.);
#1149=VECTOR('',#4299,10.);
#1150=VECTOR('',#4302,10.);
#1151=VECTOR('',#4303,10.);
#1152=VECTOR('',#4304,10.);
#1153=VECTOR('',#4305,10.);
#1154=VECTOR('',#4306,10.);
#1155=VECTOR('',#4307,10.);
#1156=VECTOR('',#4312,10.);
#1157=VECTOR('',#4315,10.);
#1158=VECTOR('',#4318,10.);
#1159=VECTOR('',#4321,10.);
#1160=VECTOR('',#4332,10.);
#1161=VECTOR('',#4333,10.);
#1162=VECTOR('',#4334,10.);
#1163=VECTOR('',#4335,10.);
#1164=VECTOR('',#4336,10.);
#1165=VECTOR('',#4337,10.);
#1166=VECTOR('',#4338,10.);
#1167=VECTOR('',#4339,10.);
#1168=VECTOR('',#4340,10.);
#1169=VECTOR('',#4341,10.);
#1170=VECTOR('',#4342,10.);
#1171=VECTOR('',#4343,10.);
#1172=VECTOR('',#4344,10.);
#1173=VECTOR('',#4347,1.15);
#1174=VECTOR('',#4352,1.15);
#1175=VECTOR('',#4357,1.15);
#1176=VECTOR('',#4362,1.15);
#1177=VECTOR('',#4367,10.);
#1178=VECTOR('',#4372,10.);
#1179=VECTOR('',#4373,10.);
#1180=VECTOR('',#4374,10.);
#1181=VECTOR('',#4375,10.);
#1182=VECTOR('',#4376,10.);
#1183=VECTOR('',#4377,10.);
#1184=VECTOR('',#4380,10.);
#1185=VECTOR('',#4385,10.);
#1186=VECTOR('',#4386,10.);
#1187=VECTOR('',#4389,10.);
#1188=VECTOR('',#4394,10.);
#1189=VECTOR('',#4395,10.);
#1190=VECTOR('',#4398,10.);
#1191=VECTOR('',#4399,10.);
#1192=VECTOR('',#4400,10.);
#1193=VECTOR('',#4401,10.);
#1194=VECTOR('',#4402,10.);
#1195=VECTOR('',#4403,10.);
#1196=VECTOR('',#4404,10.);
#1197=VECTOR('',#4405,10.);
#1198=VECTOR('',#4406,10.);
#1199=VECTOR('',#4407,10.);
#1200=VECTOR('',#4408,10.);
#1201=VECTOR('',#4409,10.);
#1202=VECTOR('',#4410,10.);
#1203=VECTOR('',#4411,10.);
#1204=VECTOR('',#4412,10.);
#1205=VECTOR('',#4413,10.);
#1206=VECTOR('',#4414,10.);
#1207=VECTOR('',#4415,10.);
#1208=VECTOR('',#4416,10.);
#1209=VECTOR('',#4417,10.);
#1210=VECTOR('',#4418,10.);
#1211=VECTOR('',#4419,10.);
#1212=VECTOR('',#4420,10.);
#1213=VECTOR('',#4421,10.);
#1214=VECTOR('',#4422,10.);
#1215=VECTOR('',#4423,10.);
#1216=VECTOR('',#4424,10.);
#1217=VECTOR('',#4425,10.);
#1218=VECTOR('',#4434,10.);
#1219=VECTOR('',#4435,10.);
#1220=VECTOR('',#4436,10.);
#1221=VECTOR('',#4437,10.);
#1222=VECTOR('',#4438,10.);
#1223=VECTOR('',#4439,10.);
#1224=VECTOR('',#4440,10.);
#1225=VECTOR('',#4441,10.);
#1226=VECTOR('',#4444,10.);
#1227=VECTOR('',#4449,10.);
#1228=VECTOR('',#4450,10.);
#1229=VECTOR('',#4451,10.);
#1230=VECTOR('',#4454,10.);
#1231=VECTOR('',#4455,10.);
#1232=VECTOR('',#4456,10.);
#1233=VECTOR('',#4457,10.);
#1234=VECTOR('',#4460,10.);
#1235=VECTOR('',#4461,10.);
#1236=VECTOR('',#4464,10.);
#1237=VECTOR('',#4465,10.);
#1238=VECTOR('',#4466,10.);
#1239=VECTOR('',#4467,10.);
#1240=VECTOR('',#4468,10.);
#1241=VECTOR('',#4471,10.);
#1242=VECTOR('',#4476,10.);
#1243=VECTOR('',#4477,10.);
#1244=VECTOR('',#4478,10.);
#1245=VECTOR('',#4481,10.);
#1246=VECTOR('',#4482,10.);
#1247=VECTOR('',#4483,10.);
#1248=VECTOR('',#4484,10.);
#1249=VECTOR('',#4487,10.);
#1250=VECTOR('',#4488,10.);
#1251=VECTOR('',#4491,10.);
#1252=VECTOR('',#4492,10.);
#1253=VECTOR('',#4493,10.);
#1254=VECTOR('',#4494,10.);
#1255=VECTOR('',#4495,10.);
#1256=VECTOR('',#4498,10.);
#1257=VECTOR('',#4503,10.);
#1258=VECTOR('',#4504,10.);
#1259=VECTOR('',#4505,10.);
#1260=VECTOR('',#4508,10.);
#1261=VECTOR('',#4509,10.);
#1262=VECTOR('',#4510,10.);
#1263=VECTOR('',#4511,10.);
#1264=VECTOR('',#4514,10.);
#1265=VECTOR('',#4515,10.);
#1266=VECTOR('',#4516,10.);
#1267=VECTOR('',#4517,10.);
#1268=VECTOR('',#4518,10.);
#1269=VECTOR('',#4519,10.);
#1270=VECTOR('',#4522,10.);
#1271=VECTOR('',#4525,10.);
#1272=VECTOR('',#4530,10.);
#1273=VECTOR('',#4531,10.);
#1274=VECTOR('',#4532,10.);
#1275=VECTOR('',#4535,10.);
#1276=VECTOR('',#4536,10.);
#1277=VECTOR('',#4537,10.);
#1278=VECTOR('',#4538,10.);
#1279=VECTOR('',#4541,10.);
#1280=VECTOR('',#4542,10.);
#1281=VECTOR('',#4545,10.);
#1282=VECTOR('',#4546,10.);
#1283=VECTOR('',#4547,10.);
#1284=VECTOR('',#4548,10.);
#1285=VECTOR('',#4549,10.);
#1286=VECTOR('',#4552,10.);
#1287=VECTOR('',#4557,10.);
#1288=VECTOR('',#4558,10.);
#1289=VECTOR('',#4559,10.);
#1290=VECTOR('',#4562,10.);
#1291=VECTOR('',#4563,10.);
#1292=VECTOR('',#4564,10.);
#1293=VECTOR('',#4565,10.);
#1294=VECTOR('',#4568,10.);
#1295=VECTOR('',#4569,10.);
#1296=VECTOR('',#4572,10.);
#1297=VECTOR('',#4575,10.);
#1298=VECTOR('',#4578,10.);
#1299=VECTOR('',#4579,10.);
#1300=VECTOR('',#4580,10.);
#1301=VECTOR('',#4583,10.);
#1302=VECTOR('',#4584,10.);
#1303=VECTOR('',#4585,10.);
#1304=VECTOR('',#4586,10.);
#1305=VECTOR('',#4589,10.);
#1306=VECTOR('',#4590,10.);
#1307=VECTOR('',#4593,10.);
#1308=VECTOR('',#4596,10.);
#1309=VECTOR('',#4597,10.);
#1310=VECTOR('',#4598,10.);
#1311=VECTOR('',#4599,10.);
#1312=VECTOR('',#4604,10.);
#1313=VECTOR('',#4605,10.);
#1314=VECTOR('',#4606,10.);
#1315=VECTOR('',#4609,10.);
#1316=VECTOR('',#4610,10.);
#1317=VECTOR('',#4611,10.);
#1318=VECTOR('',#4612,10.);
#1319=VECTOR('',#4615,10.);
#1320=VECTOR('',#4616,10.);
#1321=VECTOR('',#4617,10.);
#1322=VECTOR('',#4618,10.);
#1323=VECTOR('',#4619,10.);
#1324=VECTOR('',#4622,10.);
#1325=VECTOR('',#4625,10.);
#1326=VECTOR('',#4634,3.05);
#1327=VECTOR('',#4641,3.05);
#1328=VECTOR('',#4648,3.05);
#1329=VECTOR('',#4655,3.05);
#1330=VECTOR('',#4658,10.);
#1331=VECTOR('',#4659,10.);
#1332=VECTOR('',#4660,10.);
#1333=VECTOR('',#4661,10.);
#1334=VECTOR('',#4666,10.);
#1335=VECTOR('',#4667,10.);
#1336=VECTOR('',#4670,10.);
#1337=VECTOR('',#4673,10.);
#1338=VECTOR('',#4678,10.);
#1339=VECTOR('',#4679,10.);
#1340=VECTOR('',#4680,10.);
#1341=VECTOR('',#4681,10.);
#1342=VECTOR('',#4686,10.);
#1343=VECTOR('',#4687,10.);
#1344=VECTOR('',#4690,10.);
#1345=VECTOR('',#4693,10.);
#1346=VECTOR('',#4698,10.);
#1347=VECTOR('',#4699,10.);
#1348=VECTOR('',#4700,10.);
#1349=VECTOR('',#4701,10.);
#1350=VECTOR('',#4706,10.);
#1351=VECTOR('',#4707,10.);
#1352=VECTOR('',#4710,10.);
#1353=VECTOR('',#4713,10.);
#1354=VECTOR('',#4718,10.);
#1355=VECTOR('',#4719,10.);
#1356=VECTOR('',#4720,10.);
#1357=VECTOR('',#4721,10.);
#1358=VECTOR('',#4726,10.);
#1359=VECTOR('',#4727,10.);
#1360=VECTOR('',#4730,10.);
#1361=VECTOR('',#4733,10.);
#1362=VECTOR('',#4742,1.7);
#1363=VECTOR('',#4749,1.7);
#1364=VECTOR('',#4756,1.7);
#1365=VECTOR('',#4763,1.7);
#1366=VECTOR('',#4768,10.);
#1367=VECTOR('',#4771,10.);
#1368=VECTOR('',#4774,10.);
#1369=VECTOR('',#4777,10.);
#1370=VECTOR('',#4788,10.);
#1371=VECTOR('',#4789,10.);
#1372=VECTOR('',#4790,10.);
#1373=VECTOR('',#4791,10.);
#1374=VECTOR('',#4792,10.);
#1375=VECTOR('',#4793,10.);
#1376=VECTOR('',#4794,10.);
#1377=VECTOR('',#4795,10.);
#1378=VECTOR('',#4796,10.);
#1379=VECTOR('',#4797,10.);
#1380=VECTOR('',#4798,10.);
#1381=VECTOR('',#4799,10.);
#1382=VECTOR('',#4800,10.);
#1383=VECTOR('',#4801,10.);
#1384=VECTOR('',#4802,10.);
#1385=VECTOR('',#4803,10.);
#1386=VECTOR('',#4804,10.);
#1387=VECTOR('',#4805,10.);
#1388=VECTOR('',#4806,10.);
#1389=VECTOR('',#4807,10.);
#1390=VECTOR('',#4808,10.);
#1391=VECTOR('',#4809,10.);
#1392=VECTOR('',#4810,10.);
#1393=VECTOR('',#4815,1.15);
#1394=VECTOR('',#4820,1.15);
#1395=VECTOR('',#4825,1.15);
#1396=VECTOR('',#4830,1.15);
#1397=VECTOR('',#4835,10.);
#1398=VECTOR('',#4838,10.);
#1399=VECTOR('',#4839,10.);
#1400=VECTOR('',#4840,10.);
#1401=VECTOR('',#4841,10.);
#1402=VECTOR('',#4842,10.);
#1403=VECTOR('',#4843,10.);
#1404=VECTOR('',#4844,10.);
#1405=VECTOR('',#4845,10.);
#1406=VECTOR('',#4850,10.);
#1407=VECTOR('',#4853,10.);
#1408=VECTOR('',#4854,10.);
#1409=VECTOR('',#4859,10.);
#1410=VECTOR('',#4862,10.);
#1411=VECTOR('',#4863,10.);
#1412=VECTOR('',#4864,10.);
#1413=VECTOR('',#4865,10.);
#1414=VECTOR('',#4866,10.);
#1415=VECTOR('',#4867,10.);
#1416=VECTOR('',#4868,10.);
#1417=VECTOR('',#4869,10.);
#1418=VECTOR('',#4870,10.);
#1419=VECTOR('',#4871,10.);
#1420=VECTOR('',#4872,10.);
#1421=VECTOR('',#4873,10.);
#1422=VECTOR('',#4874,10.);
#1423=VECTOR('',#4875,10.);
#1424=VECTOR('',#4876,10.);
#1425=VECTOR('',#4877,10.);
#1426=VECTOR('',#4878,10.);
#1427=VECTOR('',#4879,10.);
#1428=VECTOR('',#4882,10.);
#1429=VECTOR('',#4883,10.);
#1430=VECTOR('',#4884,10.);
#1431=VECTOR('',#4885,10.);
#1432=VECTOR('',#4886,10.);
#1433=VECTOR('',#4887,10.);
#1434=VECTOR('',#4888,10.);
#1435=VECTOR('',#4889,10.);
#1436=VECTOR('',#4890,10.);
#1437=VECTOR('',#4899,10.);
#1438=VECTOR('',#4900,10.);
#1439=VECTOR('',#4901,10.);
#1440=VECTOR('',#4902,10.);
#1441=VECTOR('',#4903,10.);
#1442=VECTOR('',#4904,10.);
#1443=VECTOR('',#4905,10.);
#1444=VECTOR('',#4906,10.);
#1445=VECTOR('',#4909,10.);
#1446=VECTOR('',#4914,10.);
#1447=VECTOR('',#4915,10.);
#1448=VECTOR('',#4918,10.);
#1449=VECTOR('',#4919,10.);
#1450=VECTOR('',#4920,10.);
#1451=VECTOR('',#4923,10.);
#1452=VECTOR('',#4926,10.);
#1453=VECTOR('',#4929,10.);
#1454=VECTOR('',#4930,10.);
#1455=VECTOR('',#4931,10.);
#1456=VECTOR('',#4932,10.);
#1457=VECTOR('',#4935,10.);
#1458=VECTOR('',#4936,10.);
#1459=VECTOR('',#4939,10.);
#1460=VECTOR('',#4940,10.);
#1461=VECTOR('',#4941,10.);
#1462=VECTOR('',#4944,10.);
#1463=VECTOR('',#4947,10.);
#1464=VECTOR('',#4950,10.);
#1465=VECTOR('',#4951,10.);
#1466=VECTOR('',#4952,10.);
#1467=VECTOR('',#4953,10.);
#1468=VECTOR('',#4956,10.);
#1469=VECTOR('',#4957,10.);
#1470=VECTOR('',#4960,10.);
#1471=VECTOR('',#4961,10.);
#1472=VECTOR('',#4962,10.);
#1473=VECTOR('',#4965,10.);
#1474=VECTOR('',#4968,10.);
#1475=VECTOR('',#4969,10.);
#1476=VECTOR('',#4970,10.);
#1477=VECTOR('',#4971,10.);
#1478=VECTOR('',#4972,10.);
#1479=VECTOR('',#4977,10.);
#1480=VECTOR('',#4978,10.);
#1481=VECTOR('',#4981,10.);
#1482=VECTOR('',#4982,10.);
#1483=VECTOR('',#4983,10.);
#1484=VECTOR('',#4986,10.);
#1485=VECTOR('',#4989,10.);
#1486=VECTOR('',#4992,10.);
#1487=VECTOR('',#4993,10.);
#1488=VECTOR('',#4994,10.);
#1489=VECTOR('',#4995,10.);
#1490=VECTOR('',#4998,10.);
#1491=VECTOR('',#4999,10.);
#1492=VECTOR('',#5000,10.);
#1493=VECTOR('',#5003,10.);
#1494=VECTOR('',#5004,10.);
#1495=VECTOR('',#5005,10.);
#1496=VECTOR('',#5006,10.);
#1497=VECTOR('',#5009,10.);
#1498=VECTOR('',#5010,10.);
#1499=VECTOR('',#5013,10.);
#1500=VECTOR('',#5016,10.);
#1501=VECTOR('',#5021,10.);
#1502=VECTOR('',#5024,10.);
#1503=VECTOR('',#5025,10.);
#1504=VECTOR('',#5028,10.);
#1505=VECTOR('',#5037,3.05);
#1506=VECTOR('',#5044,3.05);
#1507=VECTOR('',#5051,3.05);
#1508=VECTOR('',#5058,3.05);
#1509=VECTOR('',#5061,10.);
#1510=VECTOR('',#5062,10.);
#1511=VECTOR('',#5063,10.);
#1512=VECTOR('',#5064,10.);
#1513=VECTOR('',#5069,10.);
#1514=VECTOR('',#5070,10.);
#1515=VECTOR('',#5073,10.);
#1516=VECTOR('',#5076,10.);
#1517=VECTOR('',#5081,10.);
#1518=VECTOR('',#5082,10.);
#1519=VECTOR('',#5083,10.);
#1520=VECTOR('',#5084,10.);
#1521=VECTOR('',#5089,10.);
#1522=VECTOR('',#5090,10.);
#1523=VECTOR('',#5093,10.);
#1524=VECTOR('',#5096,10.);
#1525=VECTOR('',#5101,10.);
#1526=VECTOR('',#5102,10.);
#1527=VECTOR('',#5103,10.);
#1528=VECTOR('',#5104,10.);
#1529=VECTOR('',#5109,10.);
#1530=VECTOR('',#5110,10.);
#1531=VECTOR('',#5113,10.);
#1532=VECTOR('',#5116,10.);
#1533=VECTOR('',#5121,10.);
#1534=VECTOR('',#5122,10.);
#1535=VECTOR('',#5123,10.);
#1536=VECTOR('',#5124,10.);
#1537=VECTOR('',#5129,10.);
#1538=VECTOR('',#5130,10.);
#1539=VECTOR('',#5133,10.);
#1540=VECTOR('',#5136,10.);
#1541=VECTOR('',#5145,1.7);
#1542=VECTOR('',#5152,1.7);
#1543=VECTOR('',#5159,1.7);
#1544=VECTOR('',#5166,1.7);
#1545=VECTOR('',#5169,10.);
#1546=VECTOR('',#5170,10.);
#1547=VECTOR('',#5171,10.);
#1548=VECTOR('',#5172,10.);
#1549=VECTOR('',#5175,10.);
#1550=VECTOR('',#5176,10.);
#1551=VECTOR('',#5179,10.);
#1552=VECTOR('',#5182,10.);
#1553=VECTOR('',#5187,10.);
#1554=VECTOR('',#5188,10.);
#1555=VECTOR('',#5189,10.);
#1556=VECTOR('',#5190,10.);
#1557=VECTOR('',#5193,10.);
#1558=VECTOR('',#5194,10.);
#1559=VECTOR('',#5197,10.);
#1560=VECTOR('',#5200,10.);
#1561=VECTOR('',#5205,10.);
#1562=VECTOR('',#5206,10.);
#1563=VECTOR('',#5207,10.);
#1564=VECTOR('',#5208,10.);
#1565=VECTOR('',#5211,10.);
#1566=VECTOR('',#5212,10.);
#1567=VECTOR('',#5215,10.);
#1568=VECTOR('',#5218,10.);
#1569=VECTOR('',#5223,10.);
#1570=VECTOR('',#5224,10.);
#1571=VECTOR('',#5225,10.);
#1572=VECTOR('',#5226,10.);
#1573=VECTOR('',#5229,10.);
#1574=VECTOR('',#5230,10.);
#1575=VECTOR('',#5233,10.);
#1576=VECTOR('',#5236,10.);
#1577=VECTOR('',#5241,10.);
#1578=VECTOR('',#5244,10.);
#1579=VECTOR('',#5245,10.);
#1580=VECTOR('',#5246,10.);
#1581=VECTOR('',#5247,10.);
#1582=VECTOR('',#5248,10.);
#1583=VECTOR('',#5253,10.);
#1584=VECTOR('',#5254,10.);
#1585=VECTOR('',#5255,10.);
#1586=VECTOR('',#5258,10.);
#1587=VECTOR('',#5259,10.);
#1588=VECTOR('',#5262,10.);
#1589=VECTOR('',#5263,10.);
#1590=VECTOR('',#5266,10.);
#1591=VERTEX_POINT('',#5271);
#1592=VERTEX_POINT('',#5272);
#1593=VERTEX_POINT('',#5274);
#1594=VERTEX_POINT('',#5276);
#1595=VERTEX_POINT('',#5280);
#1596=VERTEX_POINT('',#5282);
#1597=VERTEX_POINT('',#5286);
#1598=VERTEX_POINT('',#5288);
#1599=VERTEX_POINT('',#5296);
#1600=VERTEX_POINT('',#5297);
#1601=VERTEX_POINT('',#5299);
#1602=VERTEX_POINT('',#5301);
#1603=VERTEX_POINT('',#5305);
#1604=VERTEX_POINT('',#5307);
#1605=VERTEX_POINT('',#5311);
#1606=VERTEX_POINT('',#5313);
#1607=VERTEX_POINT('',#5321);
#1608=VERTEX_POINT('',#5322);
#1609=VERTEX_POINT('',#5324);
#1610=VERTEX_POINT('',#5326);
#1611=VERTEX_POINT('',#5330);
#1612=VERTEX_POINT('',#5331);
#1613=VERTEX_POINT('',#5334);
#1614=VERTEX_POINT('',#5336);
#1615=VERTEX_POINT('',#5340);
#1616=VERTEX_POINT('',#5341);
#1617=VERTEX_POINT('',#5343);
#1618=VERTEX_POINT('',#5345);
#1619=VERTEX_POINT('',#5347);
#1620=VERTEX_POINT('',#5349);
#1621=VERTEX_POINT('',#5353);
#1622=VERTEX_POINT('',#5354);
#1623=VERTEX_POINT('',#5356);
#1624=VERTEX_POINT('',#5358);
#1625=VERTEX_POINT('',#5360);
#1626=VERTEX_POINT('',#5362);
#1627=VERTEX_POINT('',#5364);
#1628=VERTEX_POINT('',#5366);
#1629=VERTEX_POINT('',#5369);
#1630=VERTEX_POINT('',#5371);
#1631=VERTEX_POINT('',#5373);
#1632=VERTEX_POINT('',#5375);
#1633=VERTEX_POINT('',#5378);
#1634=VERTEX_POINT('',#5380);
#1635=VERTEX_POINT('',#5382);
#1636=VERTEX_POINT('',#5384);
#1637=VERTEX_POINT('',#5386);
#1638=VERTEX_POINT('',#5388);
#1639=VERTEX_POINT('',#5390);
#1640=VERTEX_POINT('',#5392);
#1641=VERTEX_POINT('',#5394);
#1642=VERTEX_POINT('',#5396);
#1643=VERTEX_POINT('',#5398);
#1644=VERTEX_POINT('',#5400);
#1645=VERTEX_POINT('',#5404);
#1646=VERTEX_POINT('',#5408);
#1647=VERTEX_POINT('',#5412);
#1648=VERTEX_POINT('',#5416);
#1649=VERTEX_POINT('',#5420);
#1650=VERTEX_POINT('',#5424);
#1651=VERTEX_POINT('',#5426);
#1652=VERTEX_POINT('',#5428);
#1653=VERTEX_POINT('',#5430);
#1654=VERTEX_POINT('',#5432);
#1655=VERTEX_POINT('',#5436);
#1656=VERTEX_POINT('',#5440);
#1657=VERTEX_POINT('',#5444);
#1658=VERTEX_POINT('',#5448);
#1659=VERTEX_POINT('',#5450);
#1660=VERTEX_POINT('',#5453);
#1661=VERTEX_POINT('',#5455);
#1662=VERTEX_POINT('',#5458);
#1663=VERTEX_POINT('',#5460);
#1664=VERTEX_POINT('',#5463);
#1665=VERTEX_POINT('',#5465);
#1666=VERTEX_POINT('',#5468);
#1667=VERTEX_POINT('',#5470);
#1668=VERTEX_POINT('',#5473);
#1669=VERTEX_POINT('',#5475);
#1670=VERTEX_POINT('',#5478);
#1671=VERTEX_POINT('',#5480);
#1672=VERTEX_POINT('',#5483);
#1673=VERTEX_POINT('',#5486);
#1674=VERTEX_POINT('',#5487);
#1675=VERTEX_POINT('',#5489);
#1676=VERTEX_POINT('',#5491);
#1677=VERTEX_POINT('',#5494);
#1678=VERTEX_POINT('',#5495);
#1679=VERTEX_POINT('',#5497);
#1680=VERTEX_POINT('',#5499);
#1681=VERTEX_POINT('',#5502);
#1682=VERTEX_POINT('',#5504);
#1683=VERTEX_POINT('',#5506);
#1684=VERTEX_POINT('',#5508);
#1685=VERTEX_POINT('',#5510);
#1686=VERTEX_POINT('',#5511);
#1687=VERTEX_POINT('',#5513);
#1688=VERTEX_POINT('',#5515);
#1689=VERTEX_POINT('',#5518);
#1690=VERTEX_POINT('',#5519);
#1691=VERTEX_POINT('',#5521);
#1692=VERTEX_POINT('',#5523);
#1693=VERTEX_POINT('',#5530);
#1694=VERTEX_POINT('',#5532);
#1695=VERTEX_POINT('',#5536);
#1696=VERTEX_POINT('',#5537);
#1697=VERTEX_POINT('',#5539);
#1698=VERTEX_POINT('',#5541);
#1699=VERTEX_POINT('',#5549);
#1700=VERTEX_POINT('',#5550);
#1701=VERTEX_POINT('',#5552);
#1702=VERTEX_POINT('',#5554);
#1703=VERTEX_POINT('',#5561);
#1704=VERTEX_POINT('',#5563);
#1705=VERTEX_POINT('',#5567);
#1706=VERTEX_POINT('',#5568);
#1707=VERTEX_POINT('',#5570);
#1708=VERTEX_POINT('',#5572);
#1709=VERTEX_POINT('',#5580);
#1710=VERTEX_POINT('',#5581);
#1711=VERTEX_POINT('',#5583);
#1712=VERTEX_POINT('',#5585);
#1713=VERTEX_POINT('',#5592);
#1714=VERTEX_POINT('',#5594);
#1715=VERTEX_POINT('',#5598);
#1716=VERTEX_POINT('',#5599);
#1717=VERTEX_POINT('',#5601);
#1718=VERTEX_POINT('',#5603);
#1719=VERTEX_POINT('',#5609);
#1720=VERTEX_POINT('',#5610);
#1721=VERTEX_POINT('',#5612);
#1722=VERTEX_POINT('',#5614);
#1723=VERTEX_POINT('',#5623);
#1724=VERTEX_POINT('',#5625);
#1725=VERTEX_POINT('',#5629);
#1726=VERTEX_POINT('',#5630);
#1727=VERTEX_POINT('',#5632);
#1728=VERTEX_POINT('',#5634);
#1729=VERTEX_POINT('',#5642);
#1730=VERTEX_POINT('',#5643);
#1731=VERTEX_POINT('',#5645);
#1732=VERTEX_POINT('',#5647);
#1733=VERTEX_POINT('',#5654);
#1734=VERTEX_POINT('',#5656);
#1735=VERTEX_POINT('',#5660);
#1736=VERTEX_POINT('',#5661);
#1737=VERTEX_POINT('',#5663);
#1738=VERTEX_POINT('',#5665);
#1739=VERTEX_POINT('',#5676);
#1740=VERTEX_POINT('',#5678);
#1741=VERTEX_POINT('',#5682);
#1742=VERTEX_POINT('',#5683);
#1743=VERTEX_POINT('',#5685);
#1744=VERTEX_POINT('',#5687);
#1745=VERTEX_POINT('',#5697);
#1746=VERTEX_POINT('',#5698);
#1747=VERTEX_POINT('',#5704);
#1748=VERTEX_POINT('',#5706);
#1749=VERTEX_POINT('',#5710);
#1750=VERTEX_POINT('',#5711);
#1751=VERTEX_POINT('',#5713);
#1752=VERTEX_POINT('',#5715);
#1753=VERTEX_POINT('',#5721);
#1754=VERTEX_POINT('',#5723);
#1755=VERTEX_POINT('',#5732);
#1756=VERTEX_POINT('',#5737);
#1757=VERTEX_POINT('',#5742);
#1758=VERTEX_POINT('',#5747);
#1759=VERTEX_POINT('',#5752);
#1760=VERTEX_POINT('',#5753);
#1761=VERTEX_POINT('',#5755);
#1762=VERTEX_POINT('',#5757);
#1763=VERTEX_POINT('',#5760);
#1764=VERTEX_POINT('',#5771);
#1765=VERTEX_POINT('',#5772);
#1766=VERTEX_POINT('',#5774);
#1767=VERTEX_POINT('',#5776);
#1768=VERTEX_POINT('',#5779);
#1769=VERTEX_POINT('',#5790);
#1770=VERTEX_POINT('',#5791);
#1771=VERTEX_POINT('',#5793);
#1772=VERTEX_POINT('',#5795);
#1773=VERTEX_POINT('',#5798);
#1774=VERTEX_POINT('',#5809);
#1775=VERTEX_POINT('',#5810);
#1776=VERTEX_POINT('',#5812);
#1777=VERTEX_POINT('',#5814);
#1778=VERTEX_POINT('',#5817);
#1779=VERTEX_POINT('',#5828);
#1780=VERTEX_POINT('',#5833);
#1781=VERTEX_POINT('',#5838);
#1782=VERTEX_POINT('',#5843);
#1783=VERTEX_POINT('',#5848);
#1784=VERTEX_POINT('',#5849);
#1785=VERTEX_POINT('',#5851);
#1786=VERTEX_POINT('',#5853);
#1787=VERTEX_POINT('',#5855);
#1788=VERTEX_POINT('',#5857);
#1789=VERTEX_POINT('',#5859);
#1790=VERTEX_POINT('',#5861);
#1791=VERTEX_POINT('',#5864);
#1792=VERTEX_POINT('',#5866);
#1793=VERTEX_POINT('',#5868);
#1794=VERTEX_POINT('',#5870);
#1795=VERTEX_POINT('',#5873);
#1796=VERTEX_POINT('',#5875);
#1797=VERTEX_POINT('',#5877);
#1798=VERTEX_POINT('',#5879);
#1799=VERTEX_POINT('',#5881);
#1800=VERTEX_POINT('',#5883);
#1801=VERTEX_POINT('',#5885);
#1802=VERTEX_POINT('',#5887);
#1803=VERTEX_POINT('',#5889);
#1804=VERTEX_POINT('',#5891);
#1805=VERTEX_POINT('',#5893);
#1806=VERTEX_POINT('',#5895);
#1807=VERTEX_POINT('',#5897);
#1808=VERTEX_POINT('',#5899);
#1809=VERTEX_POINT('',#5901);
#1810=VERTEX_POINT('',#5903);
#1811=VERTEX_POINT('',#5905);
#1812=VERTEX_POINT('',#5907);
#1813=VERTEX_POINT('',#5909);
#1814=VERTEX_POINT('',#5911);
#1815=VERTEX_POINT('',#5913);
#1816=VERTEX_POINT('',#5915);
#1817=VERTEX_POINT('',#5919);
#1818=VERTEX_POINT('',#5923);
#1819=VERTEX_POINT('',#5927);
#1820=VERTEX_POINT('',#5931);
#1821=VERTEX_POINT('',#5935);
#1822=VERTEX_POINT('',#5939);
#1823=VERTEX_POINT('',#5942);
#1824=VERTEX_POINT('',#5944);
#1825=VERTEX_POINT('',#5946);
#1826=VERTEX_POINT('',#5948);
#1827=VERTEX_POINT('',#5953);
#1828=VERTEX_POINT('',#5957);
#1829=VERTEX_POINT('',#5961);
#1830=VERTEX_POINT('',#5965);
#1831=VERTEX_POINT('',#5969);
#1832=VERTEX_POINT('',#5971);
#1833=VERTEX_POINT('',#5974);
#1834=VERTEX_POINT('',#5976);
#1835=VERTEX_POINT('',#5979);
#1836=VERTEX_POINT('',#5981);
#1837=VERTEX_POINT('',#5984);
#1838=VERTEX_POINT('',#5986);
#1839=VERTEX_POINT('',#5989);
#1840=VERTEX_POINT('',#5991);
#1841=VERTEX_POINT('',#5994);
#1842=VERTEX_POINT('',#5997);
#1843=VERTEX_POINT('',#5998);
#1844=VERTEX_POINT('',#6000);
#1845=VERTEX_POINT('',#6002);
#1846=VERTEX_POINT('',#6005);
#1847=VERTEX_POINT('',#6006);
#1848=VERTEX_POINT('',#6008);
#1849=VERTEX_POINT('',#6010);
#1850=VERTEX_POINT('',#6013);
#1851=VERTEX_POINT('',#6015);
#1852=VERTEX_POINT('',#6017);
#1853=VERTEX_POINT('',#6019);
#1854=VERTEX_POINT('',#6021);
#1855=VERTEX_POINT('',#6022);
#1856=VERTEX_POINT('',#6024);
#1857=VERTEX_POINT('',#6026);
#1858=VERTEX_POINT('',#6029);
#1859=VERTEX_POINT('',#6030);
#1860=VERTEX_POINT('',#6032);
#1861=VERTEX_POINT('',#6034);
#1862=VERTEX_POINT('',#6044);
#1863=VERTEX_POINT('',#6046);
#1864=VERTEX_POINT('',#6054);
#1865=VERTEX_POINT('',#6055);
#1866=VERTEX_POINT('',#6057);
#1867=VERTEX_POINT('',#6059);
#1868=VERTEX_POINT('',#6066);
#1869=VERTEX_POINT('',#6068);
#1870=VERTEX_POINT('',#6076);
#1871=VERTEX_POINT('',#6077);
#1872=VERTEX_POINT('',#6079);
#1873=VERTEX_POINT('',#6081);
#1874=VERTEX_POINT('',#6088);
#1875=VERTEX_POINT('',#6090);
#1876=VERTEX_POINT('',#6097);
#1877=VERTEX_POINT('',#6098);
#1878=VERTEX_POINT('',#6100);
#1879=VERTEX_POINT('',#6102);
#1880=VERTEX_POINT('',#6110);
#1881=VERTEX_POINT('',#6112);
#1882=VERTEX_POINT('',#6120);
#1883=VERTEX_POINT('',#6121);
#1884=VERTEX_POINT('',#6123);
#1885=VERTEX_POINT('',#6125);
#1886=VERTEX_POINT('',#6129);
#1887=VERTEX_POINT('',#6131);
#1888=VERTEX_POINT('',#6135);
#1889=VERTEX_POINT('',#6136);
#1890=VERTEX_POINT('',#6138);
#1891=VERTEX_POINT('',#6140);
#1892=VERTEX_POINT('',#6154);
#1893=VERTEX_POINT('',#6161);
#1894=VERTEX_POINT('',#6166);
#1895=VERTEX_POINT('',#6171);
#1896=VERTEX_POINT('',#6176);
#1897=VERTEX_POINT('',#6181);
#1898=VERTEX_POINT('',#6182);
#1899=VERTEX_POINT('',#6184);
#1900=VERTEX_POINT('',#6186);
#1901=VERTEX_POINT('',#6189);
#1902=VERTEX_POINT('',#6200);
#1903=VERTEX_POINT('',#6201);
#1904=VERTEX_POINT('',#6203);
#1905=VERTEX_POINT('',#6205);
#1906=VERTEX_POINT('',#6208);
#1907=VERTEX_POINT('',#6219);
#1908=VERTEX_POINT('',#6220);
#1909=VERTEX_POINT('',#6222);
#1910=VERTEX_POINT('',#6224);
#1911=VERTEX_POINT('',#6227);
#1912=VERTEX_POINT('',#6238);
#1913=VERTEX_POINT('',#6239);
#1914=VERTEX_POINT('',#6241);
#1915=VERTEX_POINT('',#6243);
#1916=VERTEX_POINT('',#6246);
#1917=VERTEX_POINT('',#6257);
#1918=VERTEX_POINT('',#6262);
#1919=VERTEX_POINT('',#6267);
#1920=VERTEX_POINT('',#6272);
#1921=VERTEX_POINT('',#6277);
#1922=VERTEX_POINT('',#6278);
#1923=VERTEX_POINT('',#6280);
#1924=VERTEX_POINT('',#6282);
#1925=VERTEX_POINT('',#6294);
#1926=VERTEX_POINT('',#6295);
#1927=VERTEX_POINT('',#6297);
#1928=VERTEX_POINT('',#6299);
#1929=VERTEX_POINT('',#6311);
#1930=VERTEX_POINT('',#6312);
#1931=VERTEX_POINT('',#6314);
#1932=VERTEX_POINT('',#6316);
#1933=VERTEX_POINT('',#6328);
#1934=VERTEX_POINT('',#6329);
#1935=VERTEX_POINT('',#6331);
#1936=VERTEX_POINT('',#6333);
#1937=VERTEX_POINT('',#6348);
#1938=VERTEX_POINT('',#6349);
#1939=VERTEX_POINT('',#6351);
#1940=VERTEX_POINT('',#6353);
#1941=VERTEX_POINT('',#6358);
#1942=VERTEX_POINT('',#6360);
#1943=VERTEX_POINT('',#6364);
#1944=VERTEX_POINT('',#6368);
#1945=EDGE_CURVE('',#1591,#1592,#643,.T.);
#1946=EDGE_CURVE('',#1593,#1591,#644,.T.);
#1947=EDGE_CURVE('',#1594,#1593,#645,.T.);
#1948=EDGE_CURVE('',#1594,#1592,#646,.T.);
#1949=EDGE_CURVE('',#1595,#1591,#647,.T.);
#1950=EDGE_CURVE('',#1596,#1595,#648,.T.);
#1951=EDGE_CURVE('',#1593,#1596,#649,.T.);
#1952=EDGE_CURVE('',#1597,#1595,#650,.T.);
#1953=EDGE_CURVE('',#1598,#1597,#651,.T.);
#1954=EDGE_CURVE('',#1596,#1598,#652,.T.);
#1955=EDGE_CURVE('',#1592,#1597,#653,.T.);
#1956=EDGE_CURVE('',#1598,#1594,#654,.T.);
#1957=EDGE_CURVE('',#1599,#1600,#655,.T.);
#1958=EDGE_CURVE('',#1601,#1599,#656,.T.);
#1959=EDGE_CURVE('',#1601,#1602,#657,.T.);
#1960=EDGE_CURVE('',#1602,#1600,#658,.T.);
#1961=EDGE_CURVE('',#1603,#1599,#659,.T.);
#1962=EDGE_CURVE('',#1604,#1603,#660,.T.);
#1963=EDGE_CURVE('',#1604,#1601,#661,.T.);
#1964=EDGE_CURVE('',#1605,#1603,#662,.T.);
#1965=EDGE_CURVE('',#1606,#1605,#663,.T.);
#1966=EDGE_CURVE('',#1606,#1604,#664,.T.);
#1967=EDGE_CURVE('',#1600,#1605,#665,.T.);
#1968=EDGE_CURVE('',#1602,#1606,#666,.T.);
#1969=EDGE_CURVE('',#1607,#1608,#667,.F.);
#1970=EDGE_CURVE('',#1607,#1609,#668,.T.);
#1971=EDGE_CURVE('',#1609,#1610,#669,.T.);
#1972=EDGE_CURVE('',#1610,#1608,#670,.F.);
#1973=EDGE_CURVE('',#1611,#1612,#671,.T.);
#1974=EDGE_CURVE('',#1611,#1607,#672,.T.);
#1975=EDGE_CURVE('',#1613,#1608,#673,.T.);
#1976=EDGE_CURVE('',#1614,#1613,#674,.T.);
#1977=EDGE_CURVE('',#1612,#1614,#675,.F.);
#1978=EDGE_CURVE('',#1615,#1616,#676,.F.);
#1979=EDGE_CURVE('',#1615,#1617,#677,.T.);
#1980=EDGE_CURVE('',#1618,#1617,#678,.T.);
#1981=EDGE_CURVE('',#1618,#1619,#679,.T.);
#1982=EDGE_CURVE('',#1620,#1619,#680,.T.);
#1983=EDGE_CURVE('',#1620,#1616,#681,.F.);
#1984=EDGE_CURVE('',#1621,#1622,#47,.T.);
#1985=EDGE_CURVE('',#1621,#1623,#682,.T.);
#1986=EDGE_CURVE('',#1624,#1623,#48,.T.);
#1987=EDGE_CURVE('',#1624,#1625,#683,.T.);
#1988=EDGE_CURVE('',#1626,#1625,#49,.T.);
#1989=EDGE_CURVE('',#1626,#1627,#684,.T.);
#1990=EDGE_CURVE('',#1628,#1627,#50,.T.);
#1991=EDGE_CURVE('',#1628,#1622,#685,.T.);
#1992=EDGE_CURVE('',#1629,#1629,#51,.T.);
#1993=EDGE_CURVE('',#1630,#1630,#52,.T.);
#1994=EDGE_CURVE('',#1631,#1631,#53,.T.);
#1995=EDGE_CURVE('',#1632,#1632,#54,.T.);
#1996=EDGE_CURVE('',#1622,#1633,#686,.T.);
#1997=EDGE_CURVE('',#1634,#1628,#687,.T.);
#1998=EDGE_CURVE('',#1634,#1635,#688,.T.);
#1999=EDGE_CURVE('',#1635,#1636,#689,.T.);
#2000=EDGE_CURVE('',#1636,#1637,#690,.T.);
#2001=EDGE_CURVE('',#1637,#1638,#691,.T.);
#2002=EDGE_CURVE('',#1638,#1639,#692,.T.);
#2003=EDGE_CURVE('',#1639,#1640,#693,.T.);
#2004=EDGE_CURVE('',#1640,#1641,#694,.T.);
#2005=EDGE_CURVE('',#1641,#1642,#695,.T.);
#2006=EDGE_CURVE('',#1642,#1643,#696,.T.);
#2007=EDGE_CURVE('',#1643,#1644,#697,.T.);
#2008=EDGE_CURVE('',#1644,#1633,#698,.T.);
#2009=EDGE_CURVE('',#1629,#1645,#699,.T.);
#2010=EDGE_CURVE('',#1645,#1645,#55,.T.);
#2011=EDGE_CURVE('',#1630,#1646,#700,.T.);
#2012=EDGE_CURVE('',#1646,#1646,#56,.T.);
#2013=EDGE_CURVE('',#1631,#1647,#701,.T.);
#2014=EDGE_CURVE('',#1647,#1647,#57,.T.);
#2015=EDGE_CURVE('',#1632,#1648,#702,.T.);
#2016=EDGE_CURVE('',#1648,#1648,#58,.T.);
#2017=EDGE_CURVE('',#1627,#1649,#703,.T.);
#2018=EDGE_CURVE('',#1649,#1634,#59,.T.);
#2019=EDGE_CURVE('',#1650,#1626,#704,.T.);
#2020=EDGE_CURVE('',#1650,#1651,#705,.T.);
#2021=EDGE_CURVE('',#1651,#1652,#706,.T.);
#2022=EDGE_CURVE('',#1652,#1653,#707,.T.);
#2023=EDGE_CURVE('',#1653,#1654,#708,.T.);
#2024=EDGE_CURVE('',#1654,#1649,#709,.T.);
#2025=EDGE_CURVE('',#1625,#1655,#710,.T.);
#2026=EDGE_CURVE('',#1655,#1650,#60,.T.);
#2027=EDGE_CURVE('',#1656,#1624,#711,.T.);
#2028=EDGE_CURVE('',#1656,#1655,#712,.T.);
#2029=EDGE_CURVE('',#1623,#1657,#713,.T.);
#2030=EDGE_CURVE('',#1657,#1656,#61,.T.);
#2031=EDGE_CURVE('',#1658,#1651,#714,.T.);
#2032=EDGE_CURVE('',#1659,#1657,#715,.T.);
#2033=EDGE_CURVE('',#1633,#1659,#62,.T.);
#2034=EDGE_CURVE('',#1644,#1660,#716,.T.);
#2035=EDGE_CURVE('',#1660,#1661,#717,.T.);
#2036=EDGE_CURVE('',#1661,#1643,#718,.T.);
#2037=EDGE_CURVE('',#1642,#1662,#719,.T.);
#2038=EDGE_CURVE('',#1662,#1663,#720,.T.);
#2039=EDGE_CURVE('',#1663,#1641,#721,.T.);
#2040=EDGE_CURVE('',#1640,#1664,#722,.T.);
#2041=EDGE_CURVE('',#1664,#1665,#723,.T.);
#2042=EDGE_CURVE('',#1665,#1639,#724,.T.);
#2043=EDGE_CURVE('',#1638,#1666,#725,.T.);
#2044=EDGE_CURVE('',#1666,#1667,#726,.T.);
#2045=EDGE_CURVE('',#1667,#1637,#727,.T.);
#2046=EDGE_CURVE('',#1636,#1668,#728,.T.);
#2047=EDGE_CURVE('',#1668,#1669,#729,.T.);
#2048=EDGE_CURVE('',#1669,#1635,#730,.T.);
#2049=EDGE_CURVE('',#1654,#1670,#731,.T.);
#2050=EDGE_CURVE('',#1670,#1671,#732,.T.);
#2051=EDGE_CURVE('',#1671,#1653,#733,.T.);
#2052=EDGE_CURVE('',#1652,#1672,#734,.T.);
#2053=EDGE_CURVE('',#1672,#1658,#735,.T.);
#2054=EDGE_CURVE('',#1673,#1674,#736,.T.);
#2055=EDGE_CURVE('',#1674,#1675,#737,.T.);
#2056=EDGE_CURVE('',#1675,#1676,#738,.T.);
#2057=EDGE_CURVE('',#1676,#1673,#739,.T.);
#2058=EDGE_CURVE('',#1677,#1678,#740,.T.);
#2059=EDGE_CURVE('',#1678,#1679,#741,.T.);
#2060=EDGE_CURVE('',#1679,#1680,#742,.T.);
#2061=EDGE_CURVE('',#1680,#1677,#743,.T.);
#2062=EDGE_CURVE('',#1681,#1681,#63,.T.);
#2063=EDGE_CURVE('',#1682,#1682,#64,.T.);
#2064=EDGE_CURVE('',#1683,#1683,#65,.T.);
#2065=EDGE_CURVE('',#1684,#1684,#66,.T.);
#2066=EDGE_CURVE('',#1685,#1686,#744,.T.);
#2067=EDGE_CURVE('',#1686,#1687,#745,.T.);
#2068=EDGE_CURVE('',#1687,#1688,#746,.T.);
#2069=EDGE_CURVE('',#1688,#1685,#747,.T.);
#2070=EDGE_CURVE('',#1689,#1690,#748,.T.);
#2071=EDGE_CURVE('',#1690,#1691,#749,.T.);
#2072=EDGE_CURVE('',#1691,#1692,#750,.T.);
#2073=EDGE_CURVE('',#1692,#1689,#751,.T.);
#2074=EDGE_CURVE('',#1659,#1621,#752,.T.);
#2075=EDGE_CURVE('',#1641,#1693,#753,.T.);
#2076=EDGE_CURVE('',#1693,#1694,#754,.T.);
#2077=EDGE_CURVE('',#1694,#1642,#755,.T.);
#2078=EDGE_CURVE('',#1695,#1696,#756,.T.);
#2079=EDGE_CURVE('',#1696,#1697,#757,.T.);
#2080=EDGE_CURVE('',#1697,#1698,#758,.T.);
#2081=EDGE_CURVE('',#1698,#1695,#759,.T.);
#2082=EDGE_CURVE('',#1694,#1696,#760,.T.);
#2083=EDGE_CURVE('',#1662,#1695,#761,.T.);
#2084=EDGE_CURVE('',#1693,#1697,#762,.T.);
#2085=EDGE_CURVE('',#1699,#1700,#763,.T.);
#2086=EDGE_CURVE('',#1700,#1701,#764,.T.);
#2087=EDGE_CURVE('',#1701,#1702,#765,.T.);
#2088=EDGE_CURVE('',#1702,#1699,#766,.T.);
#2089=EDGE_CURVE('',#1663,#1698,#767,.T.);
#2090=EDGE_CURVE('',#1639,#1703,#768,.T.);
#2091=EDGE_CURVE('',#1703,#1704,#769,.T.);
#2092=EDGE_CURVE('',#1704,#1640,#770,.T.);
#2093=EDGE_CURVE('',#1705,#1706,#771,.T.);
#2094=EDGE_CURVE('',#1706,#1707,#772,.T.);
#2095=EDGE_CURVE('',#1707,#1708,#773,.T.);
#2096=EDGE_CURVE('',#1708,#1705,#774,.T.);
#2097=EDGE_CURVE('',#1704,#1706,#775,.T.);
#2098=EDGE_CURVE('',#1664,#1705,#776,.T.);
#2099=EDGE_CURVE('',#1703,#1707,#777,.T.);
#2100=EDGE_CURVE('',#1709,#1710,#778,.T.);
#2101=EDGE_CURVE('',#1710,#1711,#779,.T.);
#2102=EDGE_CURVE('',#1711,#1712,#780,.T.);
#2103=EDGE_CURVE('',#1712,#1709,#781,.T.);
#2104=EDGE_CURVE('',#1665,#1708,#782,.T.);
#2105=EDGE_CURVE('',#1643,#1713,#783,.T.);
#2106=EDGE_CURVE('',#1713,#1714,#784,.T.);
#2107=EDGE_CURVE('',#1714,#1644,#785,.T.);
#2108=EDGE_CURVE('',#1715,#1716,#786,.T.);
#2109=EDGE_CURVE('',#1716,#1717,#787,.T.);
#2110=EDGE_CURVE('',#1717,#1718,#788,.T.);
#2111=EDGE_CURVE('',#1718,#1715,#789,.T.);
#2112=EDGE_CURVE('',#1713,#1716,#790,.T.);
#2113=EDGE_CURVE('',#1714,#1715,#791,.T.);
#2114=EDGE_CURVE('',#1719,#1720,#792,.T.);
#2115=EDGE_CURVE('',#1720,#1721,#793,.T.);
#2116=EDGE_CURVE('',#1721,#1722,#794,.T.);
#2117=EDGE_CURVE('',#1722,#1719,#795,.T.);
#2118=EDGE_CURVE('',#1661,#1717,#796,.T.);
#2119=EDGE_CURVE('',#1660,#1718,#797,.T.);
#2120=EDGE_CURVE('',#1637,#1723,#798,.T.);
#2121=EDGE_CURVE('',#1723,#1724,#799,.T.);
#2122=EDGE_CURVE('',#1724,#1638,#800,.T.);
#2123=EDGE_CURVE('',#1725,#1726,#801,.T.);
#2124=EDGE_CURVE('',#1726,#1727,#802,.T.);
#2125=EDGE_CURVE('',#1727,#1728,#803,.T.);
#2126=EDGE_CURVE('',#1728,#1725,#804,.T.);
#2127=EDGE_CURVE('',#1724,#1726,#805,.T.);
#2128=EDGE_CURVE('',#1666,#1725,#806,.T.);
#2129=EDGE_CURVE('',#1723,#1727,#807,.T.);
#2130=EDGE_CURVE('',#1729,#1730,#808,.T.);
#2131=EDGE_CURVE('',#1730,#1731,#809,.T.);
#2132=EDGE_CURVE('',#1731,#1732,#810,.T.);
#2133=EDGE_CURVE('',#1732,#1729,#811,.T.);
#2134=EDGE_CURVE('',#1667,#1728,#812,.T.);
#2135=EDGE_CURVE('',#1635,#1733,#813,.T.);
#2136=EDGE_CURVE('',#1733,#1734,#814,.T.);
#2137=EDGE_CURVE('',#1734,#1636,#815,.T.);
#2138=EDGE_CURVE('',#1735,#1736,#816,.T.);
#2139=EDGE_CURVE('',#1736,#1737,#817,.T.);
#2140=EDGE_CURVE('',#1737,#1738,#818,.T.);
#2141=EDGE_CURVE('',#1738,#1735,#819,.T.);
#2142=EDGE_CURVE('',#1668,#1736,#820,.T.);
#2143=EDGE_CURVE('',#1669,#1735,#821,.T.);
#2144=EDGE_CURVE('',#1734,#1737,#822,.T.);
#2145=EDGE_CURVE('',#1733,#1738,#823,.T.);
#2146=EDGE_CURVE('',#1739,#1653,#824,.T.);
#2147=EDGE_CURVE('',#1740,#1739,#825,.T.);
#2148=EDGE_CURVE('',#1654,#1740,#826,.T.);
#2149=EDGE_CURVE('',#1741,#1742,#827,.T.);
#2150=EDGE_CURVE('',#1742,#1743,#828,.T.);
#2151=EDGE_CURVE('',#1743,#1744,#829,.T.);
#2152=EDGE_CURVE('',#1744,#1741,#830,.T.);
#2153=EDGE_CURVE('',#1670,#1742,#831,.T.);
#2154=EDGE_CURVE('',#1671,#1741,#832,.T.);
#2155=EDGE_CURVE('',#1740,#1743,#833,.T.);
#2156=EDGE_CURVE('',#1739,#1744,#834,.T.);
#2157=EDGE_CURVE('',#1745,#1746,#835,.T.);
#2158=EDGE_CURVE('',#1746,#1614,#836,.T.);
#2159=EDGE_CURVE('',#1613,#1745,#837,.T.);
#2160=EDGE_CURVE('',#1651,#1747,#838,.T.);
#2161=EDGE_CURVE('',#1747,#1748,#839,.T.);
#2162=EDGE_CURVE('',#1748,#1652,#840,.T.);
#2163=EDGE_CURVE('',#1749,#1750,#841,.T.);
#2164=EDGE_CURVE('',#1750,#1751,#842,.T.);
#2165=EDGE_CURVE('',#1751,#1752,#843,.T.);
#2166=EDGE_CURVE('',#1752,#1749,#844,.T.);
#2167=EDGE_CURVE('',#1747,#1750,#845,.T.);
#2168=EDGE_CURVE('',#1748,#1749,#846,.T.);
#2169=EDGE_CURVE('',#1619,#1753,#847,.T.);
#2170=EDGE_CURVE('',#1753,#1754,#848,.T.);
#2171=EDGE_CURVE('',#1754,#1620,#849,.T.);
#2172=EDGE_CURVE('',#1658,#1751,#850,.T.);
#2173=EDGE_CURVE('',#1672,#1752,#851,.T.);
#2174=EDGE_CURVE('',#1755,#1755,#67,.T.);
#2175=EDGE_CURVE('',#1755,#1681,#852,.T.);
#2176=EDGE_CURVE('',#1756,#1756,#68,.T.);
#2177=EDGE_CURVE('',#1756,#1682,#853,.T.);
#2178=EDGE_CURVE('',#1757,#1757,#69,.T.);
#2179=EDGE_CURVE('',#1757,#1683,#854,.T.);
#2180=EDGE_CURVE('',#1758,#1758,#70,.T.);
#2181=EDGE_CURVE('',#1758,#1684,#855,.T.);
#2182=EDGE_CURVE('',#1759,#1760,#856,.T.);
#2183=EDGE_CURVE('',#1760,#1761,#857,.T.);
#2184=EDGE_CURVE('',#1761,#1762,#858,.T.);
#2185=EDGE_CURVE('',#1762,#1759,#859,.T.);
#2186=EDGE_CURVE('',#1763,#1763,#71,.T.);
#2187=EDGE_CURVE('',#1680,#1760,#860,.T.);
#2188=EDGE_CURVE('',#1677,#1759,#861,.T.);
#2189=EDGE_CURVE('',#1679,#1761,#862,.T.);
#2190=EDGE_CURVE('',#1678,#1762,#863,.T.);
#2191=EDGE_CURVE('',#1764,#1765,#864,.T.);
#2192=EDGE_CURVE('',#1765,#1766,#865,.T.);
#2193=EDGE_CURVE('',#1766,#1767,#866,.T.);
#2194=EDGE_CURVE('',#1767,#1764,#867,.T.);
#2195=EDGE_CURVE('',#1768,#1768,#72,.T.);
#2196=EDGE_CURVE('',#1688,#1765,#868,.T.);
#2197=EDGE_CURVE('',#1685,#1764,#869,.T.);
#2198=EDGE_CURVE('',#1687,#1766,#870,.T.);
#2199=EDGE_CURVE('',#1686,#1767,#871,.T.);
#2200=EDGE_CURVE('',#1769,#1770,#872,.T.);
#2201=EDGE_CURVE('',#1770,#1771,#873,.T.);
#2202=EDGE_CURVE('',#1771,#1772,#874,.T.);
#2203=EDGE_CURVE('',#1772,#1769,#875,.T.);
#2204=EDGE_CURVE('',#1773,#1773,#73,.T.);
#2205=EDGE_CURVE('',#1676,#1770,#876,.T.);
#2206=EDGE_CURVE('',#1673,#1769,#877,.T.);
#2207=EDGE_CURVE('',#1675,#1771,#878,.T.);
#2208=EDGE_CURVE('',#1674,#1772,#879,.T.);
#2209=EDGE_CURVE('',#1774,#1775,#880,.T.);
#2210=EDGE_CURVE('',#1775,#1776,#881,.T.);
#2211=EDGE_CURVE('',#1776,#1777,#882,.T.);
#2212=EDGE_CURVE('',#1777,#1774,#883,.T.);
#2213=EDGE_CURVE('',#1778,#1778,#74,.T.);
#2214=EDGE_CURVE('',#1692,#1775,#884,.T.);
#2215=EDGE_CURVE('',#1689,#1774,#885,.T.);
#2216=EDGE_CURVE('',#1691,#1776,#886,.T.);
#2217=EDGE_CURVE('',#1690,#1777,#887,.T.);
#2218=EDGE_CURVE('',#1779,#1779,#75,.T.);
#2219=EDGE_CURVE('',#1779,#1763,#888,.T.);
#2220=EDGE_CURVE('',#1780,#1780,#76,.T.);
#2221=EDGE_CURVE('',#1780,#1768,#889,.T.);
#2222=EDGE_CURVE('',#1781,#1781,#77,.T.);
#2223=EDGE_CURVE('',#1781,#1773,#890,.T.);
#2224=EDGE_CURVE('',#1782,#1782,#78,.T.);
#2225=EDGE_CURVE('',#1782,#1778,#891,.T.);
#2226=EDGE_CURVE('',#1783,#1784,#79,.F.);
#2227=EDGE_CURVE('',#1785,#1784,#892,.T.);
#2228=EDGE_CURVE('',#1785,#1786,#80,.F.);
#2229=EDGE_CURVE('',#1787,#1786,#893,.T.);
#2230=EDGE_CURVE('',#1787,#1788,#81,.F.);
#2231=EDGE_CURVE('',#1789,#1788,#894,.T.);
#2232=EDGE_CURVE('',#1789,#1790,#82,.F.);
#2233=EDGE_CURVE('',#1783,#1790,#895,.T.);
#2234=EDGE_CURVE('',#1791,#1791,#83,.T.);
#2235=EDGE_CURVE('',#1792,#1792,#84,.T.);
#2236=EDGE_CURVE('',#1793,#1793,#85,.T.);
#2237=EDGE_CURVE('',#1794,#1794,#86,.T.);
#2238=EDGE_CURVE('',#1784,#1795,#896,.T.);
#2239=EDGE_CURVE('',#1796,#1795,#897,.F.);
#2240=EDGE_CURVE('',#1796,#1797,#898,.T.);
#2241=EDGE_CURVE('',#1798,#1797,#899,.F.);
#2242=EDGE_CURVE('',#1798,#1799,#900,.T.);
#2243=EDGE_CURVE('',#1800,#1799,#901,.F.);
#2244=EDGE_CURVE('',#1800,#1801,#902,.T.);
#2245=EDGE_CURVE('',#1802,#1801,#903,.F.);
#2246=EDGE_CURVE('',#1802,#1803,#904,.T.);
#2247=EDGE_CURVE('',#1804,#1803,#905,.F.);
#2248=EDGE_CURVE('',#1804,#1805,#906,.T.);
#2249=EDGE_CURVE('',#1806,#1805,#907,.F.);
#2250=EDGE_CURVE('',#1806,#1807,#908,.T.);
#2251=EDGE_CURVE('',#1808,#1807,#909,.F.);
#2252=EDGE_CURVE('',#1808,#1809,#910,.T.);
#2253=EDGE_CURVE('',#1810,#1809,#911,.F.);
#2254=EDGE_CURVE('',#1810,#1811,#912,.T.);
#2255=EDGE_CURVE('',#1812,#1811,#913,.F.);
#2256=EDGE_CURVE('',#1812,#1813,#914,.T.);
#2257=EDGE_CURVE('',#1814,#1813,#915,.F.);
#2258=EDGE_CURVE('',#1814,#1815,#916,.T.);
#2259=EDGE_CURVE('',#1816,#1815,#917,.F.);
#2260=EDGE_CURVE('',#1816,#1785,#918,.T.);
#2261=EDGE_CURVE('',#1817,#1817,#87,.T.);
#2262=EDGE_CURVE('',#1817,#1791,#919,.T.);
#2263=EDGE_CURVE('',#1818,#1818,#88,.T.);
#2264=EDGE_CURVE('',#1818,#1792,#920,.T.);
#2265=EDGE_CURVE('',#1819,#1819,#89,.T.);
#2266=EDGE_CURVE('',#1819,#1793,#921,.T.);
#2267=EDGE_CURVE('',#1820,#1820,#90,.T.);
#2268=EDGE_CURVE('',#1820,#1794,#922,.T.);
#2269=EDGE_CURVE('',#1821,#1816,#91,.F.);
#2270=EDGE_CURVE('',#1786,#1821,#923,.T.);
#2271=EDGE_CURVE('',#1822,#1787,#924,.T.);
#2272=EDGE_CURVE('',#1611,#1821,#925,.F.);
#2273=EDGE_CURVE('',#1823,#1612,#926,.F.);
#2274=EDGE_CURVE('',#1823,#1824,#927,.T.);
#2275=EDGE_CURVE('',#1825,#1824,#928,.F.);
#2276=EDGE_CURVE('',#1825,#1826,#929,.T.);
#2277=EDGE_CURVE('',#1618,#1826,#930,.F.);
#2278=EDGE_CURVE('',#1822,#1617,#931,.F.);
#2279=EDGE_CURVE('',#1827,#1822,#92,.F.);
#2280=EDGE_CURVE('',#1788,#1827,#932,.T.);
#2281=EDGE_CURVE('',#1828,#1789,#933,.T.);
#2282=EDGE_CURVE('',#1828,#1827,#934,.F.);
#2283=EDGE_CURVE('',#1829,#1828,#93,.F.);
#2284=EDGE_CURVE('',#1790,#1829,#935,.T.);
#2285=EDGE_CURVE('',#1830,#1615,#936,.T.);
#2286=EDGE_CURVE('',#1825,#1830,#937,.T.);
#2287=EDGE_CURVE('',#1609,#1824,#938,.T.);
#2288=EDGE_CURVE('',#1831,#1815,#939,.T.);
#2289=EDGE_CURVE('',#1832,#1831,#940,.T.);
#2290=EDGE_CURVE('',#1812,#1832,#941,.T.);
#2291=EDGE_CURVE('',#1833,#1811,#942,.T.);
#2292=EDGE_CURVE('',#1834,#1833,#943,.T.);
#2293=EDGE_CURVE('',#1808,#1834,#944,.T.);
#2294=EDGE_CURVE('',#1835,#1807,#945,.T.);
#2295=EDGE_CURVE('',#1836,#1835,#946,.T.);
#2296=EDGE_CURVE('',#1804,#1836,#947,.T.);
#2297=EDGE_CURVE('',#1837,#1803,#948,.T.);
#2298=EDGE_CURVE('',#1838,#1837,#949,.T.);
#2299=EDGE_CURVE('',#1800,#1838,#950,.T.);
#2300=EDGE_CURVE('',#1839,#1799,#951,.T.);
#2301=EDGE_CURVE('',#1840,#1839,#952,.T.);
#2302=EDGE_CURVE('',#1796,#1840,#953,.T.);
#2303=EDGE_CURVE('',#1795,#1841,#94,.T.);
#2304=EDGE_CURVE('',#1841,#1829,#954,.T.);
#2305=EDGE_CURVE('',#1842,#1843,#955,.T.);
#2306=EDGE_CURVE('',#1844,#1842,#956,.T.);
#2307=EDGE_CURVE('',#1845,#1844,#957,.T.);
#2308=EDGE_CURVE('',#1843,#1845,#958,.T.);
#2309=EDGE_CURVE('',#1846,#1847,#959,.T.);
#2310=EDGE_CURVE('',#1848,#1846,#960,.T.);
#2311=EDGE_CURVE('',#1849,#1848,#961,.T.);
#2312=EDGE_CURVE('',#1847,#1849,#962,.T.);
#2313=EDGE_CURVE('',#1850,#1850,#95,.T.);
#2314=EDGE_CURVE('',#1851,#1851,#96,.T.);
#2315=EDGE_CURVE('',#1852,#1852,#97,.T.);
#2316=EDGE_CURVE('',#1853,#1853,#98,.T.);
#2317=EDGE_CURVE('',#1854,#1855,#963,.T.);
#2318=EDGE_CURVE('',#1856,#1854,#964,.T.);
#2319=EDGE_CURVE('',#1857,#1856,#965,.T.);
#2320=EDGE_CURVE('',#1855,#1857,#966,.T.);
#2321=EDGE_CURVE('',#1858,#1859,#967,.T.);
#2322=EDGE_CURVE('',#1860,#1858,#968,.T.);
#2323=EDGE_CURVE('',#1861,#1860,#969,.T.);
#2324=EDGE_CURVE('',#1859,#1861,#970,.T.);
#2325=EDGE_CURVE('',#1841,#1783,#971,.T.);
#2326=EDGE_CURVE('',#1802,#1702,#972,.T.);
#2327=EDGE_CURVE('',#1699,#1801,#973,.T.);
#2328=EDGE_CURVE('',#1862,#1700,#974,.F.);
#2329=EDGE_CURVE('',#1863,#1862,#975,.F.);
#2330=EDGE_CURVE('',#1701,#1863,#976,.F.);
#2331=EDGE_CURVE('',#1838,#1862,#977,.T.);
#2332=EDGE_CURVE('',#1837,#1863,#978,.F.);
#2333=EDGE_CURVE('',#1864,#1865,#979,.T.);
#2334=EDGE_CURVE('',#1865,#1866,#980,.T.);
#2335=EDGE_CURVE('',#1866,#1867,#981,.T.);
#2336=EDGE_CURVE('',#1867,#1864,#982,.T.);
#2337=EDGE_CURVE('',#1806,#1712,#983,.T.);
#2338=EDGE_CURVE('',#1709,#1805,#984,.T.);
#2339=EDGE_CURVE('',#1868,#1710,#985,.F.);
#2340=EDGE_CURVE('',#1869,#1868,#986,.F.);
#2341=EDGE_CURVE('',#1711,#1869,#987,.F.);
#2342=EDGE_CURVE('',#1836,#1868,#988,.T.);
#2343=EDGE_CURVE('',#1835,#1869,#989,.F.);
#2344=EDGE_CURVE('',#1870,#1871,#990,.T.);
#2345=EDGE_CURVE('',#1871,#1872,#991,.T.);
#2346=EDGE_CURVE('',#1872,#1873,#992,.T.);
#2347=EDGE_CURVE('',#1873,#1870,#993,.T.);
#2348=EDGE_CURVE('',#1798,#1720,#994,.T.);
#2349=EDGE_CURVE('',#1721,#1797,#995,.T.);
#2350=EDGE_CURVE('',#1874,#1722,#996,.F.);
#2351=EDGE_CURVE('',#1875,#1874,#997,.F.);
#2352=EDGE_CURVE('',#1719,#1875,#998,.F.);
#2353=EDGE_CURVE('',#1839,#1875,#999,.F.);
#2354=EDGE_CURVE('',#1840,#1874,#1000,.F.);
#2355=EDGE_CURVE('',#1876,#1877,#1001,.T.);
#2356=EDGE_CURVE('',#1877,#1878,#1002,.T.);
#2357=EDGE_CURVE('',#1878,#1879,#1003,.T.);
#2358=EDGE_CURVE('',#1879,#1876,#1004,.T.);
#2359=EDGE_CURVE('',#1810,#1732,#1005,.T.);
#2360=EDGE_CURVE('',#1729,#1809,#1006,.T.);
#2361=EDGE_CURVE('',#1880,#1730,#1007,.F.);
#2362=EDGE_CURVE('',#1881,#1880,#1008,.F.);
#2363=EDGE_CURVE('',#1731,#1881,#1009,.F.);
#2364=EDGE_CURVE('',#1834,#1880,#1010,.T.);
#2365=EDGE_CURVE('',#1833,#1881,#1011,.F.);
#2366=EDGE_CURVE('',#1882,#1883,#1012,.T.);
#2367=EDGE_CURVE('',#1883,#1884,#1013,.T.);
#2368=EDGE_CURVE('',#1884,#1885,#1014,.T.);
#2369=EDGE_CURVE('',#1885,#1882,#1015,.T.);
#2370=EDGE_CURVE('',#1814,#1886,#1016,.T.);
#2371=EDGE_CURVE('',#1887,#1813,#1017,.T.);
#2372=EDGE_CURVE('',#1886,#1887,#1018,.T.);
#2373=EDGE_CURVE('',#1888,#1889,#1019,.F.);
#2374=EDGE_CURVE('',#1890,#1888,#1020,.F.);
#2375=EDGE_CURVE('',#1891,#1890,#1021,.T.);
#2376=EDGE_CURVE('',#1891,#1889,#1022,.T.);
#2377=EDGE_CURVE('',#1832,#1889,#1023,.F.);
#2378=EDGE_CURVE('',#1887,#1891,#1024,.T.);
#2379=EDGE_CURVE('',#1746,#1823,#1025,.F.);
#2380=EDGE_CURVE('',#1745,#1610,#1026,.F.);
#2381=EDGE_CURVE('',#1753,#1826,#1027,.T.);
#2382=EDGE_CURVE('',#1754,#1892,#1028,.T.);
#2383=EDGE_CURVE('',#1616,#1892,#1029,.F.);
#2384=EDGE_CURVE('',#1830,#1892,#1030,.F.);
#2385=EDGE_CURVE('',#1893,#1893,#99,.F.);
#2386=EDGE_CURVE('',#1850,#1893,#1031,.T.);
#2387=EDGE_CURVE('',#1894,#1894,#100,.F.);
#2388=EDGE_CURVE('',#1851,#1894,#1032,.T.);
#2389=EDGE_CURVE('',#1895,#1895,#101,.F.);
#2390=EDGE_CURVE('',#1852,#1895,#1033,.T.);
#2391=EDGE_CURVE('',#1896,#1896,#102,.F.);
#2392=EDGE_CURVE('',#1853,#1896,#1034,.T.);
#2393=EDGE_CURVE('',#1897,#1898,#1035,.F.);
#2394=EDGE_CURVE('',#1899,#1897,#1036,.F.);
#2395=EDGE_CURVE('',#1900,#1899,#1037,.F.);
#2396=EDGE_CURVE('',#1898,#1900,#1038,.F.);
#2397=EDGE_CURVE('',#1901,#1901,#103,.T.);
#2398=EDGE_CURVE('',#1846,#1897,#1039,.T.);
#2399=EDGE_CURVE('',#1848,#1898,#1040,.F.);
#2400=EDGE_CURVE('',#1849,#1900,#1041,.F.);
#2401=EDGE_CURVE('',#1847,#1899,#1042,.F.);
#2402=EDGE_CURVE('',#1902,#1903,#1043,.F.);
#2403=EDGE_CURVE('',#1904,#1902,#1044,.F.);
#2404=EDGE_CURVE('',#1905,#1904,#1045,.F.);
#2405=EDGE_CURVE('',#1903,#1905,#1046,.F.);
#2406=EDGE_CURVE('',#1906,#1906,#104,.T.);
#2407=EDGE_CURVE('',#1854,#1902,#1047,.T.);
#2408=EDGE_CURVE('',#1856,#1903,#1048,.F.);
#2409=EDGE_CURVE('',#1857,#1905,#1049,.F.);
#2410=EDGE_CURVE('',#1855,#1904,#1050,.F.);
#2411=EDGE_CURVE('',#1907,#1908,#1051,.F.);
#2412=EDGE_CURVE('',#1909,#1907,#1052,.F.);
#2413=EDGE_CURVE('',#1910,#1909,#1053,.F.);
#2414=EDGE_CURVE('',#1908,#1910,#1054,.F.);
#2415=EDGE_CURVE('',#1911,#1911,#105,.T.);
#2416=EDGE_CURVE('',#1842,#1907,#1055,.T.);
#2417=EDGE_CURVE('',#1844,#1908,#1056,.F.);
#2418=EDGE_CURVE('',#1845,#1910,#1057,.F.);
#2419=EDGE_CURVE('',#1843,#1909,#1058,.F.);
#2420=EDGE_CURVE('',#1912,#1913,#1059,.F.);
#2421=EDGE_CURVE('',#1914,#1912,#1060,.F.);
#2422=EDGE_CURVE('',#1915,#1914,#1061,.F.);
#2423=EDGE_CURVE('',#1913,#1915,#1062,.F.);
#2424=EDGE_CURVE('',#1916,#1916,#106,.T.);
#2425=EDGE_CURVE('',#1858,#1912,#1063,.T.);
#2426=EDGE_CURVE('',#1860,#1913,#1064,.F.);
#2427=EDGE_CURVE('',#1861,#1915,#1065,.F.);
#2428=EDGE_CURVE('',#1859,#1914,#1066,.F.);
#2429=EDGE_CURVE('',#1917,#1917,#107,.F.);
#2430=EDGE_CURVE('',#1901,#1917,#1067,.T.);
#2431=EDGE_CURVE('',#1918,#1918,#108,.F.);
#2432=EDGE_CURVE('',#1906,#1918,#1068,.T.);
#2433=EDGE_CURVE('',#1919,#1919,#109,.F.);
#2434=EDGE_CURVE('',#1911,#1919,#1069,.T.);
#2435=EDGE_CURVE('',#1920,#1920,#110,.F.);
#2436=EDGE_CURVE('',#1916,#1920,#1070,.T.);
#2437=EDGE_CURVE('',#1921,#1922,#1071,.T.);
#2438=EDGE_CURVE('',#1922,#1923,#1072,.T.);
#2439=EDGE_CURVE('',#1923,#1924,#1073,.T.);
#2440=EDGE_CURVE('',#1924,#1921,#1074,.T.);
#2441=EDGE_CURVE('',#1921,#1865,#1075,.T.);
#2442=EDGE_CURVE('',#1924,#1866,#1076,.T.);
#2443=EDGE_CURVE('',#1923,#1867,#1077,.T.);
#2444=EDGE_CURVE('',#1922,#1864,#1078,.T.);
#2445=EDGE_CURVE('',#1925,#1926,#1079,.T.);
#2446=EDGE_CURVE('',#1927,#1925,#1080,.T.);
#2447=EDGE_CURVE('',#1928,#1927,#1081,.T.);
#2448=EDGE_CURVE('',#1926,#1928,#1082,.T.);
#2449=EDGE_CURVE('',#1926,#1871,#1083,.T.);
#2450=EDGE_CURVE('',#1928,#1872,#1084,.T.);
#2451=EDGE_CURVE('',#1927,#1873,#1085,.T.);
#2452=EDGE_CURVE('',#1925,#1870,#1086,.T.);
#2453=EDGE_CURVE('',#1929,#1930,#1087,.T.);
#2454=EDGE_CURVE('',#1931,#1929,#1088,.T.);
#2455=EDGE_CURVE('',#1932,#1931,#1089,.T.);
#2456=EDGE_CURVE('',#1930,#1932,#1090,.T.);
#2457=EDGE_CURVE('',#1930,#1877,#1091,.T.);
#2458=EDGE_CURVE('',#1932,#1878,#1092,.T.);
#2459=EDGE_CURVE('',#1931,#1879,#1093,.T.);
#2460=EDGE_CURVE('',#1929,#1876,#1094,.T.);
#2461=EDGE_CURVE('',#1933,#1934,#1095,.T.);
#2462=EDGE_CURVE('',#1934,#1935,#1096,.T.);
#2463=EDGE_CURVE('',#1935,#1936,#1097,.T.);
#2464=EDGE_CURVE('',#1936,#1933,#1098,.T.);
#2465=EDGE_CURVE('',#1933,#1883,#1099,.T.);
#2466=EDGE_CURVE('',#1936,#1884,#1100,.T.);
#2467=EDGE_CURVE('',#1935,#1885,#1101,.T.);
#2468=EDGE_CURVE('',#1934,#1882,#1102,.T.);
#2469=EDGE_CURVE('',#1890,#1886,#1103,.T.);
#2470=EDGE_CURVE('',#1831,#1888,#1104,.T.);
#2471=EDGE_CURVE('',#1937,#1938,#1105,.T.);
#2472=EDGE_CURVE('',#1938,#1939,#1106,.T.);
#2473=EDGE_CURVE('',#1939,#1940,#1107,.T.);
#2474=EDGE_CURVE('',#1940,#1937,#1108,.T.);
#2475=EDGE_CURVE('',#1941,#1939,#1109,.T.);
#2476=EDGE_CURVE('',#1942,#1941,#1110,.T.);
#2477=EDGE_CURVE('',#1942,#1940,#1111,.T.);
#2478=EDGE_CURVE('',#1943,#1942,#1112,.T.);
#2479=EDGE_CURVE('',#1943,#1937,#1113,.T.);
#2480=EDGE_CURVE('',#1944,#1943,#1114,.T.);
#2481=EDGE_CURVE('',#1944,#1938,#1115,.T.);
#2482=EDGE_CURVE('',#1941,#1944,#1116,.T.);
#2483=ORIENTED_EDGE('',*,*,#1945,.F.);
#2484=ORIENTED_EDGE('',*,*,#1946,.F.);
#2485=ORIENTED_EDGE('',*,*,#1947,.F.);
#2486=ORIENTED_EDGE('',*,*,#1948,.T.);
#2487=ORIENTED_EDGE('',*,*,#1949,.F.);
#2488=ORIENTED_EDGE('',*,*,#1950,.F.);
#2489=ORIENTED_EDGE('',*,*,#1951,.F.);
#2490=ORIENTED_EDGE('',*,*,#1946,.T.);
#2491=ORIENTED_EDGE('',*,*,#1952,.F.);
#2492=ORIENTED_EDGE('',*,*,#1953,.F.);
#2493=ORIENTED_EDGE('',*,*,#1954,.F.);
#2494=ORIENTED_EDGE('',*,*,#1950,.T.);
#2495=ORIENTED_EDGE('',*,*,#1955,.F.);
#2496=ORIENTED_EDGE('',*,*,#1948,.F.);
#2497=ORIENTED_EDGE('',*,*,#1956,.F.);
#2498=ORIENTED_EDGE('',*,*,#1953,.T.);
#2499=ORIENTED_EDGE('',*,*,#1954,.T.);
#2500=ORIENTED_EDGE('',*,*,#1956,.T.);
#2501=ORIENTED_EDGE('',*,*,#1947,.T.);
#2502=ORIENTED_EDGE('',*,*,#1951,.T.);
#2503=ORIENTED_EDGE('',*,*,#1957,.F.);
#2504=ORIENTED_EDGE('',*,*,#1958,.F.);
#2505=ORIENTED_EDGE('',*,*,#1959,.T.);
#2506=ORIENTED_EDGE('',*,*,#1960,.T.);
#2507=ORIENTED_EDGE('',*,*,#1961,.F.);
#2508=ORIENTED_EDGE('',*,*,#1962,.F.);
#2509=ORIENTED_EDGE('',*,*,#1963,.T.);
#2510=ORIENTED_EDGE('',*,*,#1958,.T.);
#2511=ORIENTED_EDGE('',*,*,#1964,.F.);
#2512=ORIENTED_EDGE('',*,*,#1965,.F.);
#2513=ORIENTED_EDGE('',*,*,#1966,.T.);
#2514=ORIENTED_EDGE('',*,*,#1962,.T.);
#2515=ORIENTED_EDGE('',*,*,#1967,.F.);
#2516=ORIENTED_EDGE('',*,*,#1960,.F.);
#2517=ORIENTED_EDGE('',*,*,#1968,.T.);
#2518=ORIENTED_EDGE('',*,*,#1965,.T.);
#2519=ORIENTED_EDGE('',*,*,#1966,.F.);
#2520=ORIENTED_EDGE('',*,*,#1968,.F.);
#2521=ORIENTED_EDGE('',*,*,#1959,.F.);
#2522=ORIENTED_EDGE('',*,*,#1963,.F.);
#2523=ORIENTED_EDGE('',*,*,#1969,.F.);
#2524=ORIENTED_EDGE('',*,*,#1970,.T.);
#2525=ORIENTED_EDGE('',*,*,#1971,.T.);
#2526=ORIENTED_EDGE('',*,*,#1972,.T.);
#2527=ORIENTED_EDGE('',*,*,#1961,.T.);
#2528=ORIENTED_EDGE('',*,*,#1957,.T.);
#2529=ORIENTED_EDGE('',*,*,#1967,.T.);
#2530=ORIENTED_EDGE('',*,*,#1964,.T.);
#2531=ORIENTED_EDGE('',*,*,#1973,.F.);
#2532=ORIENTED_EDGE('',*,*,#1974,.T.);
#2533=ORIENTED_EDGE('',*,*,#1969,.T.);
#2534=ORIENTED_EDGE('',*,*,#1975,.F.);
#2535=ORIENTED_EDGE('',*,*,#1976,.F.);
#2536=ORIENTED_EDGE('',*,*,#1977,.F.);
#2537=ORIENTED_EDGE('',*,*,#1978,.F.);
#2538=ORIENTED_EDGE('',*,*,#1979,.T.);
#2539=ORIENTED_EDGE('',*,*,#1980,.F.);
#2540=ORIENTED_EDGE('',*,*,#1981,.T.);
#2541=ORIENTED_EDGE('',*,*,#1982,.F.);
#2542=ORIENTED_EDGE('',*,*,#1983,.T.);
#2543=ORIENTED_EDGE('',*,*,#1984,.F.);
#2544=ORIENTED_EDGE('',*,*,#1985,.T.);
#2545=ORIENTED_EDGE('',*,*,#1986,.F.);
#2546=ORIENTED_EDGE('',*,*,#1987,.T.);
#2547=ORIENTED_EDGE('',*,*,#1988,.F.);
#2548=ORIENTED_EDGE('',*,*,#1989,.T.);
#2549=ORIENTED_EDGE('',*,*,#1990,.F.);
#2550=ORIENTED_EDGE('',*,*,#1991,.T.);
#2551=ORIENTED_EDGE('',*,*,#1992,.T.);
#2552=ORIENTED_EDGE('',*,*,#1993,.T.);
#2553=ORIENTED_EDGE('',*,*,#1994,.T.);
#2554=ORIENTED_EDGE('',*,*,#1995,.T.);
#2555=ORIENTED_EDGE('',*,*,#1996,.F.);
#2556=ORIENTED_EDGE('',*,*,#1991,.F.);
#2557=ORIENTED_EDGE('',*,*,#1997,.F.);
#2558=ORIENTED_EDGE('',*,*,#1998,.T.);
#2559=ORIENTED_EDGE('',*,*,#1999,.T.);
#2560=ORIENTED_EDGE('',*,*,#2000,.T.);
#2561=ORIENTED_EDGE('',*,*,#2001,.T.);
#2562=ORIENTED_EDGE('',*,*,#2002,.T.);
#2563=ORIENTED_EDGE('',*,*,#2003,.T.);
#2564=ORIENTED_EDGE('',*,*,#2004,.T.);
#2565=ORIENTED_EDGE('',*,*,#2005,.T.);
#2566=ORIENTED_EDGE('',*,*,#2006,.T.);
#2567=ORIENTED_EDGE('',*,*,#2007,.T.);
#2568=ORIENTED_EDGE('',*,*,#2008,.T.);
#2569=ORIENTED_EDGE('',*,*,#1992,.F.);
#2570=ORIENTED_EDGE('',*,*,#2009,.T.);
#2571=ORIENTED_EDGE('',*,*,#2010,.F.);
#2572=ORIENTED_EDGE('',*,*,#2009,.F.);
#2573=ORIENTED_EDGE('',*,*,#1993,.F.);
#2574=ORIENTED_EDGE('',*,*,#2011,.T.);
#2575=ORIENTED_EDGE('',*,*,#2012,.F.);
#2576=ORIENTED_EDGE('',*,*,#2011,.F.);
#2577=ORIENTED_EDGE('',*,*,#1994,.F.);
#2578=ORIENTED_EDGE('',*,*,#2013,.T.);
#2579=ORIENTED_EDGE('',*,*,#2014,.F.);
#2580=ORIENTED_EDGE('',*,*,#2013,.F.);
#2581=ORIENTED_EDGE('',*,*,#1995,.F.);
#2582=ORIENTED_EDGE('',*,*,#2015,.T.);
#2583=ORIENTED_EDGE('',*,*,#2016,.F.);
#2584=ORIENTED_EDGE('',*,*,#2015,.F.);
#2585=ORIENTED_EDGE('',*,*,#1990,.T.);
#2586=ORIENTED_EDGE('',*,*,#2017,.T.);
#2587=ORIENTED_EDGE('',*,*,#2018,.T.);
#2588=ORIENTED_EDGE('',*,*,#1997,.T.);
#2589=ORIENTED_EDGE('',*,*,#2019,.F.);
#2590=ORIENTED_EDGE('',*,*,#2020,.T.);
#2591=ORIENTED_EDGE('',*,*,#2021,.T.);
#2592=ORIENTED_EDGE('',*,*,#2022,.T.);
#2593=ORIENTED_EDGE('',*,*,#2023,.T.);
#2594=ORIENTED_EDGE('',*,*,#2024,.T.);
#2595=ORIENTED_EDGE('',*,*,#2017,.F.);
#2596=ORIENTED_EDGE('',*,*,#1989,.F.);
#2597=ORIENTED_EDGE('',*,*,#1988,.T.);
#2598=ORIENTED_EDGE('',*,*,#2025,.T.);
#2599=ORIENTED_EDGE('',*,*,#2026,.T.);
#2600=ORIENTED_EDGE('',*,*,#2019,.T.);
#2601=ORIENTED_EDGE('',*,*,#2027,.F.);
#2602=ORIENTED_EDGE('',*,*,#2028,.T.);
#2603=ORIENTED_EDGE('',*,*,#2025,.F.);
#2604=ORIENTED_EDGE('',*,*,#1987,.F.);
#2605=ORIENTED_EDGE('',*,*,#1986,.T.);
#2606=ORIENTED_EDGE('',*,*,#2029,.T.);
#2607=ORIENTED_EDGE('',*,*,#2030,.T.);
#2608=ORIENTED_EDGE('',*,*,#2027,.T.);
#2609=ORIENTED_EDGE('',*,*,#2031,.T.);
#2610=ORIENTED_EDGE('',*,*,#2020,.F.);
#2611=ORIENTED_EDGE('',*,*,#2026,.F.);
#2612=ORIENTED_EDGE('',*,*,#2028,.F.);
#2613=ORIENTED_EDGE('',*,*,#2030,.F.);
#2614=ORIENTED_EDGE('',*,*,#2032,.F.);
#2615=ORIENTED_EDGE('',*,*,#2033,.F.);
#2616=ORIENTED_EDGE('',*,*,#2008,.F.);
#2617=ORIENTED_EDGE('',*,*,#2034,.T.);
#2618=ORIENTED_EDGE('',*,*,#2035,.T.);
#2619=ORIENTED_EDGE('',*,*,#2036,.T.);
#2620=ORIENTED_EDGE('',*,*,#2006,.F.);
#2621=ORIENTED_EDGE('',*,*,#2037,.T.);
#2622=ORIENTED_EDGE('',*,*,#2038,.T.);
#2623=ORIENTED_EDGE('',*,*,#2039,.T.);
#2624=ORIENTED_EDGE('',*,*,#2004,.F.);
#2625=ORIENTED_EDGE('',*,*,#2040,.T.);
#2626=ORIENTED_EDGE('',*,*,#2041,.T.);
#2627=ORIENTED_EDGE('',*,*,#2042,.T.);
#2628=ORIENTED_EDGE('',*,*,#2002,.F.);
#2629=ORIENTED_EDGE('',*,*,#2043,.T.);
#2630=ORIENTED_EDGE('',*,*,#2044,.T.);
#2631=ORIENTED_EDGE('',*,*,#2045,.T.);
#2632=ORIENTED_EDGE('',*,*,#2000,.F.);
#2633=ORIENTED_EDGE('',*,*,#2046,.T.);
#2634=ORIENTED_EDGE('',*,*,#2047,.T.);
#2635=ORIENTED_EDGE('',*,*,#2048,.T.);
#2636=ORIENTED_EDGE('',*,*,#1998,.F.);
#2637=ORIENTED_EDGE('',*,*,#2018,.F.);
#2638=ORIENTED_EDGE('',*,*,#2024,.F.);
#2639=ORIENTED_EDGE('',*,*,#2049,.T.);
#2640=ORIENTED_EDGE('',*,*,#2050,.T.);
#2641=ORIENTED_EDGE('',*,*,#2051,.T.);
#2642=ORIENTED_EDGE('',*,*,#2022,.F.);
#2643=ORIENTED_EDGE('',*,*,#2052,.T.);
#2644=ORIENTED_EDGE('',*,*,#2053,.T.);
#2645=ORIENTED_EDGE('',*,*,#2054,.T.);
#2646=ORIENTED_EDGE('',*,*,#2055,.T.);
#2647=ORIENTED_EDGE('',*,*,#2056,.T.);
#2648=ORIENTED_EDGE('',*,*,#2057,.T.);
#2649=ORIENTED_EDGE('',*,*,#2058,.T.);
#2650=ORIENTED_EDGE('',*,*,#2059,.T.);
#2651=ORIENTED_EDGE('',*,*,#2060,.T.);
#2652=ORIENTED_EDGE('',*,*,#2061,.T.);
#2653=ORIENTED_EDGE('',*,*,#2016,.T.);
#2654=ORIENTED_EDGE('',*,*,#2014,.T.);
#2655=ORIENTED_EDGE('',*,*,#2012,.T.);
#2656=ORIENTED_EDGE('',*,*,#2010,.T.);
#2657=ORIENTED_EDGE('',*,*,#2062,.T.);
#2658=ORIENTED_EDGE('',*,*,#2063,.T.);
#2659=ORIENTED_EDGE('',*,*,#2064,.T.);
#2660=ORIENTED_EDGE('',*,*,#2065,.T.);
#2661=ORIENTED_EDGE('',*,*,#2066,.T.);
#2662=ORIENTED_EDGE('',*,*,#2067,.T.);
#2663=ORIENTED_EDGE('',*,*,#2068,.T.);
#2664=ORIENTED_EDGE('',*,*,#2069,.T.);
#2665=ORIENTED_EDGE('',*,*,#2070,.T.);
#2666=ORIENTED_EDGE('',*,*,#2071,.T.);
#2667=ORIENTED_EDGE('',*,*,#2072,.T.);
#2668=ORIENTED_EDGE('',*,*,#2073,.T.);
#2669=ORIENTED_EDGE('',*,*,#2074,.F.);
#2670=ORIENTED_EDGE('',*,*,#2032,.T.);
#2671=ORIENTED_EDGE('',*,*,#2029,.F.);
#2672=ORIENTED_EDGE('',*,*,#1985,.F.);
#2673=ORIENTED_EDGE('',*,*,#1984,.T.);
#2674=ORIENTED_EDGE('',*,*,#1996,.T.);
#2675=ORIENTED_EDGE('',*,*,#2033,.T.);
#2676=ORIENTED_EDGE('',*,*,#2074,.T.);
#2677=ORIENTED_EDGE('',*,*,#2005,.F.);
#2678=ORIENTED_EDGE('',*,*,#2075,.T.);
#2679=ORIENTED_EDGE('',*,*,#2076,.T.);
#2680=ORIENTED_EDGE('',*,*,#2077,.T.);
#2681=ORIENTED_EDGE('',*,*,#2078,.T.);
#2682=ORIENTED_EDGE('',*,*,#2079,.T.);
#2683=ORIENTED_EDGE('',*,*,#2080,.T.);
#2684=ORIENTED_EDGE('',*,*,#2081,.T.);
#2685=ORIENTED_EDGE('',*,*,#2077,.F.);
#2686=ORIENTED_EDGE('',*,*,#2082,.T.);
#2687=ORIENTED_EDGE('',*,*,#2078,.F.);
#2688=ORIENTED_EDGE('',*,*,#2083,.F.);
#2689=ORIENTED_EDGE('',*,*,#2037,.F.);
#2690=ORIENTED_EDGE('',*,*,#2076,.F.);
#2691=ORIENTED_EDGE('',*,*,#2084,.T.);
#2692=ORIENTED_EDGE('',*,*,#2079,.F.);
#2693=ORIENTED_EDGE('',*,*,#2082,.F.);
#2694=ORIENTED_EDGE('',*,*,#2085,.T.);
#2695=ORIENTED_EDGE('',*,*,#2086,.T.);
#2696=ORIENTED_EDGE('',*,*,#2087,.T.);
#2697=ORIENTED_EDGE('',*,*,#2088,.T.);
#2698=ORIENTED_EDGE('',*,*,#2039,.F.);
#2699=ORIENTED_EDGE('',*,*,#2089,.T.);
#2700=ORIENTED_EDGE('',*,*,#2080,.F.);
#2701=ORIENTED_EDGE('',*,*,#2084,.F.);
#2702=ORIENTED_EDGE('',*,*,#2075,.F.);
#2703=ORIENTED_EDGE('',*,*,#2038,.F.);
#2704=ORIENTED_EDGE('',*,*,#2083,.T.);
#2705=ORIENTED_EDGE('',*,*,#2081,.F.);
#2706=ORIENTED_EDGE('',*,*,#2089,.F.);
#2707=ORIENTED_EDGE('',*,*,#2003,.F.);
#2708=ORIENTED_EDGE('',*,*,#2090,.T.);
#2709=ORIENTED_EDGE('',*,*,#2091,.T.);
#2710=ORIENTED_EDGE('',*,*,#2092,.T.);
#2711=ORIENTED_EDGE('',*,*,#2093,.T.);
#2712=ORIENTED_EDGE('',*,*,#2094,.T.);
#2713=ORIENTED_EDGE('',*,*,#2095,.T.);
#2714=ORIENTED_EDGE('',*,*,#2096,.T.);
#2715=ORIENTED_EDGE('',*,*,#2092,.F.);
#2716=ORIENTED_EDGE('',*,*,#2097,.T.);
#2717=ORIENTED_EDGE('',*,*,#2093,.F.);
#2718=ORIENTED_EDGE('',*,*,#2098,.F.);
#2719=ORIENTED_EDGE('',*,*,#2040,.F.);
#2720=ORIENTED_EDGE('',*,*,#2091,.F.);
#2721=ORIENTED_EDGE('',*,*,#2099,.T.);
#2722=ORIENTED_EDGE('',*,*,#2094,.F.);
#2723=ORIENTED_EDGE('',*,*,#2097,.F.);
#2724=ORIENTED_EDGE('',*,*,#2100,.T.);
#2725=ORIENTED_EDGE('',*,*,#2101,.T.);
#2726=ORIENTED_EDGE('',*,*,#2102,.T.);
#2727=ORIENTED_EDGE('',*,*,#2103,.T.);
#2728=ORIENTED_EDGE('',*,*,#2042,.F.);
#2729=ORIENTED_EDGE('',*,*,#2104,.T.);
#2730=ORIENTED_EDGE('',*,*,#2095,.F.);
#2731=ORIENTED_EDGE('',*,*,#2099,.F.);
#2732=ORIENTED_EDGE('',*,*,#2090,.F.);
#2733=ORIENTED_EDGE('',*,*,#2041,.F.);
#2734=ORIENTED_EDGE('',*,*,#2098,.T.);
#2735=ORIENTED_EDGE('',*,*,#2096,.F.);
#2736=ORIENTED_EDGE('',*,*,#2104,.F.);
#2737=ORIENTED_EDGE('',*,*,#2007,.F.);
#2738=ORIENTED_EDGE('',*,*,#2105,.T.);
#2739=ORIENTED_EDGE('',*,*,#2106,.T.);
#2740=ORIENTED_EDGE('',*,*,#2107,.T.);
#2741=ORIENTED_EDGE('',*,*,#2108,.T.);
#2742=ORIENTED_EDGE('',*,*,#2109,.T.);
#2743=ORIENTED_EDGE('',*,*,#2110,.T.);
#2744=ORIENTED_EDGE('',*,*,#2111,.T.);
#2745=ORIENTED_EDGE('',*,*,#2106,.F.);
#2746=ORIENTED_EDGE('',*,*,#2112,.T.);
#2747=ORIENTED_EDGE('',*,*,#2108,.F.);
#2748=ORIENTED_EDGE('',*,*,#2113,.F.);
#2749=ORIENTED_EDGE('',*,*,#2114,.T.);
#2750=ORIENTED_EDGE('',*,*,#2115,.T.);
#2751=ORIENTED_EDGE('',*,*,#2116,.T.);
#2752=ORIENTED_EDGE('',*,*,#2117,.T.);
#2753=ORIENTED_EDGE('',*,*,#2036,.F.);
#2754=ORIENTED_EDGE('',*,*,#2118,.T.);
#2755=ORIENTED_EDGE('',*,*,#2109,.F.);
#2756=ORIENTED_EDGE('',*,*,#2112,.F.);
#2757=ORIENTED_EDGE('',*,*,#2105,.F.);
#2758=ORIENTED_EDGE('',*,*,#2035,.F.);
#2759=ORIENTED_EDGE('',*,*,#2119,.T.);
#2760=ORIENTED_EDGE('',*,*,#2110,.F.);
#2761=ORIENTED_EDGE('',*,*,#2118,.F.);
#2762=ORIENTED_EDGE('',*,*,#2107,.F.);
#2763=ORIENTED_EDGE('',*,*,#2113,.T.);
#2764=ORIENTED_EDGE('',*,*,#2111,.F.);
#2765=ORIENTED_EDGE('',*,*,#2119,.F.);
#2766=ORIENTED_EDGE('',*,*,#2034,.F.);
#2767=ORIENTED_EDGE('',*,*,#2001,.F.);
#2768=ORIENTED_EDGE('',*,*,#2120,.T.);
#2769=ORIENTED_EDGE('',*,*,#2121,.T.);
#2770=ORIENTED_EDGE('',*,*,#2122,.T.);
#2771=ORIENTED_EDGE('',*,*,#2123,.T.);
#2772=ORIENTED_EDGE('',*,*,#2124,.T.);
#2773=ORIENTED_EDGE('',*,*,#2125,.T.);
#2774=ORIENTED_EDGE('',*,*,#2126,.T.);
#2775=ORIENTED_EDGE('',*,*,#2122,.F.);
#2776=ORIENTED_EDGE('',*,*,#2127,.T.);
#2777=ORIENTED_EDGE('',*,*,#2123,.F.);
#2778=ORIENTED_EDGE('',*,*,#2128,.F.);
#2779=ORIENTED_EDGE('',*,*,#2043,.F.);
#2780=ORIENTED_EDGE('',*,*,#2121,.F.);
#2781=ORIENTED_EDGE('',*,*,#2129,.T.);
#2782=ORIENTED_EDGE('',*,*,#2124,.F.);
#2783=ORIENTED_EDGE('',*,*,#2127,.F.);
#2784=ORIENTED_EDGE('',*,*,#2130,.T.);
#2785=ORIENTED_EDGE('',*,*,#2131,.T.);
#2786=ORIENTED_EDGE('',*,*,#2132,.T.);
#2787=ORIENTED_EDGE('',*,*,#2133,.T.);
#2788=ORIENTED_EDGE('',*,*,#2045,.F.);
#2789=ORIENTED_EDGE('',*,*,#2134,.T.);
#2790=ORIENTED_EDGE('',*,*,#2125,.F.);
#2791=ORIENTED_EDGE('',*,*,#2129,.F.);
#2792=ORIENTED_EDGE('',*,*,#2120,.F.);
#2793=ORIENTED_EDGE('',*,*,#2044,.F.);
#2794=ORIENTED_EDGE('',*,*,#2128,.T.);
#2795=ORIENTED_EDGE('',*,*,#2126,.F.);
#2796=ORIENTED_EDGE('',*,*,#2134,.F.);
#2797=ORIENTED_EDGE('',*,*,#1999,.F.);
#2798=ORIENTED_EDGE('',*,*,#2135,.T.);
#2799=ORIENTED_EDGE('',*,*,#2136,.T.);
#2800=ORIENTED_EDGE('',*,*,#2137,.T.);
#2801=ORIENTED_EDGE('',*,*,#2138,.T.);
#2802=ORIENTED_EDGE('',*,*,#2139,.T.);
#2803=ORIENTED_EDGE('',*,*,#2140,.T.);
#2804=ORIENTED_EDGE('',*,*,#2141,.T.);
#2805=ORIENTED_EDGE('',*,*,#2047,.F.);
#2806=ORIENTED_EDGE('',*,*,#2142,.T.);
#2807=ORIENTED_EDGE('',*,*,#2138,.F.);
#2808=ORIENTED_EDGE('',*,*,#2143,.F.);
#2809=ORIENTED_EDGE('',*,*,#2137,.F.);
#2810=ORIENTED_EDGE('',*,*,#2144,.T.);
#2811=ORIENTED_EDGE('',*,*,#2139,.F.);
#2812=ORIENTED_EDGE('',*,*,#2142,.F.);
#2813=ORIENTED_EDGE('',*,*,#2046,.F.);
#2814=ORIENTED_EDGE('',*,*,#2048,.F.);
#2815=ORIENTED_EDGE('',*,*,#2143,.T.);
#2816=ORIENTED_EDGE('',*,*,#2141,.F.);
#2817=ORIENTED_EDGE('',*,*,#2145,.F.);
#2818=ORIENTED_EDGE('',*,*,#2135,.F.);
#2819=ORIENTED_EDGE('',*,*,#2023,.F.);
#2820=ORIENTED_EDGE('',*,*,#2146,.F.);
#2821=ORIENTED_EDGE('',*,*,#2147,.F.);
#2822=ORIENTED_EDGE('',*,*,#2148,.F.);
#2823=ORIENTED_EDGE('',*,*,#2149,.T.);
#2824=ORIENTED_EDGE('',*,*,#2150,.T.);
#2825=ORIENTED_EDGE('',*,*,#2151,.T.);
#2826=ORIENTED_EDGE('',*,*,#2152,.T.);
#2827=ORIENTED_EDGE('',*,*,#2050,.F.);
#2828=ORIENTED_EDGE('',*,*,#2153,.T.);
#2829=ORIENTED_EDGE('',*,*,#2149,.F.);
#2830=ORIENTED_EDGE('',*,*,#2154,.F.);
#2831=ORIENTED_EDGE('',*,*,#2049,.F.);
#2832=ORIENTED_EDGE('',*,*,#2148,.T.);
#2833=ORIENTED_EDGE('',*,*,#2155,.T.);
#2834=ORIENTED_EDGE('',*,*,#2150,.F.);
#2835=ORIENTED_EDGE('',*,*,#2153,.F.);
#2836=ORIENTED_EDGE('',*,*,#2147,.T.);
#2837=ORIENTED_EDGE('',*,*,#2156,.T.);
#2838=ORIENTED_EDGE('',*,*,#2151,.F.);
#2839=ORIENTED_EDGE('',*,*,#2155,.F.);
#2840=ORIENTED_EDGE('',*,*,#2157,.T.);
#2841=ORIENTED_EDGE('',*,*,#2158,.T.);
#2842=ORIENTED_EDGE('',*,*,#1976,.T.);
#2843=ORIENTED_EDGE('',*,*,#2159,.T.);
#2844=ORIENTED_EDGE('',*,*,#2146,.T.);
#2845=ORIENTED_EDGE('',*,*,#2051,.F.);
#2846=ORIENTED_EDGE('',*,*,#2154,.T.);
#2847=ORIENTED_EDGE('',*,*,#2152,.F.);
#2848=ORIENTED_EDGE('',*,*,#2156,.F.);
#2849=ORIENTED_EDGE('',*,*,#2021,.F.);
#2850=ORIENTED_EDGE('',*,*,#2160,.T.);
#2851=ORIENTED_EDGE('',*,*,#2161,.T.);
#2852=ORIENTED_EDGE('',*,*,#2162,.T.);
#2853=ORIENTED_EDGE('',*,*,#2163,.T.);
#2854=ORIENTED_EDGE('',*,*,#2164,.T.);
#2855=ORIENTED_EDGE('',*,*,#2165,.T.);
#2856=ORIENTED_EDGE('',*,*,#2166,.T.);
#2857=ORIENTED_EDGE('',*,*,#2161,.F.);
#2858=ORIENTED_EDGE('',*,*,#2167,.T.);
#2859=ORIENTED_EDGE('',*,*,#2163,.F.);
#2860=ORIENTED_EDGE('',*,*,#2168,.F.);
#2861=ORIENTED_EDGE('',*,*,#2169,.T.);
#2862=ORIENTED_EDGE('',*,*,#2170,.T.);
#2863=ORIENTED_EDGE('',*,*,#2171,.T.);
#2864=ORIENTED_EDGE('',*,*,#1982,.T.);
#2865=ORIENTED_EDGE('',*,*,#2031,.F.);
#2866=ORIENTED_EDGE('',*,*,#2172,.T.);
#2867=ORIENTED_EDGE('',*,*,#2164,.F.);
#2868=ORIENTED_EDGE('',*,*,#2167,.F.);
#2869=ORIENTED_EDGE('',*,*,#2160,.F.);
#2870=ORIENTED_EDGE('',*,*,#2053,.F.);
#2871=ORIENTED_EDGE('',*,*,#2173,.T.);
#2872=ORIENTED_EDGE('',*,*,#2165,.F.);
#2873=ORIENTED_EDGE('',*,*,#2172,.F.);
#2874=ORIENTED_EDGE('',*,*,#2162,.F.);
#2875=ORIENTED_EDGE('',*,*,#2168,.T.);
#2876=ORIENTED_EDGE('',*,*,#2166,.F.);
#2877=ORIENTED_EDGE('',*,*,#2173,.F.);
#2878=ORIENTED_EDGE('',*,*,#2052,.F.);
#2879=ORIENTED_EDGE('',*,*,#2174,.T.);
#2880=ORIENTED_EDGE('',*,*,#2174,.F.);
#2881=ORIENTED_EDGE('',*,*,#2175,.T.);
#2882=ORIENTED_EDGE('',*,*,#2062,.F.);
#2883=ORIENTED_EDGE('',*,*,#2175,.F.);
#2884=ORIENTED_EDGE('',*,*,#2176,.T.);
#2885=ORIENTED_EDGE('',*,*,#2176,.F.);
#2886=ORIENTED_EDGE('',*,*,#2177,.T.);
#2887=ORIENTED_EDGE('',*,*,#2063,.F.);
#2888=ORIENTED_EDGE('',*,*,#2177,.F.);
#2889=ORIENTED_EDGE('',*,*,#2178,.T.);
#2890=ORIENTED_EDGE('',*,*,#2178,.F.);
#2891=ORIENTED_EDGE('',*,*,#2179,.T.);
#2892=ORIENTED_EDGE('',*,*,#2064,.F.);
#2893=ORIENTED_EDGE('',*,*,#2179,.F.);
#2894=ORIENTED_EDGE('',*,*,#2180,.T.);
#2895=ORIENTED_EDGE('',*,*,#2180,.F.);
#2896=ORIENTED_EDGE('',*,*,#2181,.T.);
#2897=ORIENTED_EDGE('',*,*,#2065,.F.);
#2898=ORIENTED_EDGE('',*,*,#2181,.F.);
#2899=ORIENTED_EDGE('',*,*,#2182,.T.);
#2900=ORIENTED_EDGE('',*,*,#2183,.T.);
#2901=ORIENTED_EDGE('',*,*,#2184,.T.);
#2902=ORIENTED_EDGE('',*,*,#2185,.T.);
#2903=ORIENTED_EDGE('',*,*,#2186,.T.);
#2904=ORIENTED_EDGE('',*,*,#2061,.F.);
#2905=ORIENTED_EDGE('',*,*,#2187,.T.);
#2906=ORIENTED_EDGE('',*,*,#2182,.F.);
#2907=ORIENTED_EDGE('',*,*,#2188,.F.);
#2908=ORIENTED_EDGE('',*,*,#2060,.F.);
#2909=ORIENTED_EDGE('',*,*,#2189,.T.);
#2910=ORIENTED_EDGE('',*,*,#2183,.F.);
#2911=ORIENTED_EDGE('',*,*,#2187,.F.);
#2912=ORIENTED_EDGE('',*,*,#2059,.F.);
#2913=ORIENTED_EDGE('',*,*,#2190,.T.);
#2914=ORIENTED_EDGE('',*,*,#2184,.F.);
#2915=ORIENTED_EDGE('',*,*,#2189,.F.);
#2916=ORIENTED_EDGE('',*,*,#2058,.F.);
#2917=ORIENTED_EDGE('',*,*,#2188,.T.);
#2918=ORIENTED_EDGE('',*,*,#2185,.F.);
#2919=ORIENTED_EDGE('',*,*,#2190,.F.);
#2920=ORIENTED_EDGE('',*,*,#2191,.T.);
#2921=ORIENTED_EDGE('',*,*,#2192,.T.);
#2922=ORIENTED_EDGE('',*,*,#2193,.T.);
#2923=ORIENTED_EDGE('',*,*,#2194,.T.);
#2924=ORIENTED_EDGE('',*,*,#2195,.T.);
#2925=ORIENTED_EDGE('',*,*,#2069,.F.);
#2926=ORIENTED_EDGE('',*,*,#2196,.T.);
#2927=ORIENTED_EDGE('',*,*,#2191,.F.);
#2928=ORIENTED_EDGE('',*,*,#2197,.F.);
#2929=ORIENTED_EDGE('',*,*,#2068,.F.);
#2930=ORIENTED_EDGE('',*,*,#2198,.T.);
#2931=ORIENTED_EDGE('',*,*,#2192,.F.);
#2932=ORIENTED_EDGE('',*,*,#2196,.F.);
#2933=ORIENTED_EDGE('',*,*,#2067,.F.);
#2934=ORIENTED_EDGE('',*,*,#2199,.T.);
#2935=ORIENTED_EDGE('',*,*,#2193,.F.);
#2936=ORIENTED_EDGE('',*,*,#2198,.F.);
#2937=ORIENTED_EDGE('',*,*,#2066,.F.);
#2938=ORIENTED_EDGE('',*,*,#2197,.T.);
#2939=ORIENTED_EDGE('',*,*,#2194,.F.);
#2940=ORIENTED_EDGE('',*,*,#2199,.F.);
#2941=ORIENTED_EDGE('',*,*,#2200,.T.);
#2942=ORIENTED_EDGE('',*,*,#2201,.T.);
#2943=ORIENTED_EDGE('',*,*,#2202,.T.);
#2944=ORIENTED_EDGE('',*,*,#2203,.T.);
#2945=ORIENTED_EDGE('',*,*,#2204,.T.);
#2946=ORIENTED_EDGE('',*,*,#2057,.F.);
#2947=ORIENTED_EDGE('',*,*,#2205,.T.);
#2948=ORIENTED_EDGE('',*,*,#2200,.F.);
#2949=ORIENTED_EDGE('',*,*,#2206,.F.);
#2950=ORIENTED_EDGE('',*,*,#2056,.F.);
#2951=ORIENTED_EDGE('',*,*,#2207,.T.);
#2952=ORIENTED_EDGE('',*,*,#2201,.F.);
#2953=ORIENTED_EDGE('',*,*,#2205,.F.);
#2954=ORIENTED_EDGE('',*,*,#2055,.F.);
#2955=ORIENTED_EDGE('',*,*,#2208,.T.);
#2956=ORIENTED_EDGE('',*,*,#2202,.F.);
#2957=ORIENTED_EDGE('',*,*,#2207,.F.);
#2958=ORIENTED_EDGE('',*,*,#2054,.F.);
#2959=ORIENTED_EDGE('',*,*,#2206,.T.);
#2960=ORIENTED_EDGE('',*,*,#2203,.F.);
#2961=ORIENTED_EDGE('',*,*,#2208,.F.);
#2962=ORIENTED_EDGE('',*,*,#2209,.T.);
#2963=ORIENTED_EDGE('',*,*,#2210,.T.);
#2964=ORIENTED_EDGE('',*,*,#2211,.T.);
#2965=ORIENTED_EDGE('',*,*,#2212,.T.);
#2966=ORIENTED_EDGE('',*,*,#2213,.T.);
#2967=ORIENTED_EDGE('',*,*,#2073,.F.);
#2968=ORIENTED_EDGE('',*,*,#2214,.T.);
#2969=ORIENTED_EDGE('',*,*,#2209,.F.);
#2970=ORIENTED_EDGE('',*,*,#2215,.F.);
#2971=ORIENTED_EDGE('',*,*,#2072,.F.);
#2972=ORIENTED_EDGE('',*,*,#2216,.T.);
#2973=ORIENTED_EDGE('',*,*,#2210,.F.);
#2974=ORIENTED_EDGE('',*,*,#2214,.F.);
#2975=ORIENTED_EDGE('',*,*,#2071,.F.);
#2976=ORIENTED_EDGE('',*,*,#2217,.T.);
#2977=ORIENTED_EDGE('',*,*,#2211,.F.);
#2978=ORIENTED_EDGE('',*,*,#2216,.F.);
#2979=ORIENTED_EDGE('',*,*,#2070,.F.);
#2980=ORIENTED_EDGE('',*,*,#2215,.T.);
#2981=ORIENTED_EDGE('',*,*,#2212,.F.);
#2982=ORIENTED_EDGE('',*,*,#2217,.F.);
#2983=ORIENTED_EDGE('',*,*,#2218,.T.);
#2984=ORIENTED_EDGE('',*,*,#2218,.F.);
#2985=ORIENTED_EDGE('',*,*,#2219,.T.);
#2986=ORIENTED_EDGE('',*,*,#2186,.F.);
#2987=ORIENTED_EDGE('',*,*,#2219,.F.);
#2988=ORIENTED_EDGE('',*,*,#2220,.T.);
#2989=ORIENTED_EDGE('',*,*,#2220,.F.);
#2990=ORIENTED_EDGE('',*,*,#2221,.T.);
#2991=ORIENTED_EDGE('',*,*,#2195,.F.);
#2992=ORIENTED_EDGE('',*,*,#2221,.F.);
#2993=ORIENTED_EDGE('',*,*,#2222,.T.);
#2994=ORIENTED_EDGE('',*,*,#2222,.F.);
#2995=ORIENTED_EDGE('',*,*,#2223,.T.);
#2996=ORIENTED_EDGE('',*,*,#2204,.F.);
#2997=ORIENTED_EDGE('',*,*,#2223,.F.);
#2998=ORIENTED_EDGE('',*,*,#2224,.T.);
#2999=ORIENTED_EDGE('',*,*,#2224,.F.);
#3000=ORIENTED_EDGE('',*,*,#2225,.T.);
#3001=ORIENTED_EDGE('',*,*,#2213,.F.);
#3002=ORIENTED_EDGE('',*,*,#2225,.F.);
#3003=ORIENTED_EDGE('',*,*,#2226,.T.);
#3004=ORIENTED_EDGE('',*,*,#2227,.F.);
#3005=ORIENTED_EDGE('',*,*,#2228,.T.);
#3006=ORIENTED_EDGE('',*,*,#2229,.F.);
#3007=ORIENTED_EDGE('',*,*,#2230,.T.);
#3008=ORIENTED_EDGE('',*,*,#2231,.F.);
#3009=ORIENTED_EDGE('',*,*,#2232,.T.);
#3010=ORIENTED_EDGE('',*,*,#2233,.F.);
#3011=ORIENTED_EDGE('',*,*,#2234,.F.);
#3012=ORIENTED_EDGE('',*,*,#2235,.F.);
#3013=ORIENTED_EDGE('',*,*,#2236,.F.);
#3014=ORIENTED_EDGE('',*,*,#2237,.F.);
#3015=ORIENTED_EDGE('',*,*,#2238,.T.);
#3016=ORIENTED_EDGE('',*,*,#2239,.F.);
#3017=ORIENTED_EDGE('',*,*,#2240,.T.);
#3018=ORIENTED_EDGE('',*,*,#2241,.F.);
#3019=ORIENTED_EDGE('',*,*,#2242,.T.);
#3020=ORIENTED_EDGE('',*,*,#2243,.F.);
#3021=ORIENTED_EDGE('',*,*,#2244,.T.);
#3022=ORIENTED_EDGE('',*,*,#2245,.F.);
#3023=ORIENTED_EDGE('',*,*,#2246,.T.);
#3024=ORIENTED_EDGE('',*,*,#2247,.F.);
#3025=ORIENTED_EDGE('',*,*,#2248,.T.);
#3026=ORIENTED_EDGE('',*,*,#2249,.F.);
#3027=ORIENTED_EDGE('',*,*,#2250,.T.);
#3028=ORIENTED_EDGE('',*,*,#2251,.F.);
#3029=ORIENTED_EDGE('',*,*,#2252,.T.);
#3030=ORIENTED_EDGE('',*,*,#2253,.F.);
#3031=ORIENTED_EDGE('',*,*,#2254,.T.);
#3032=ORIENTED_EDGE('',*,*,#2255,.F.);
#3033=ORIENTED_EDGE('',*,*,#2256,.T.);
#3034=ORIENTED_EDGE('',*,*,#2257,.F.);
#3035=ORIENTED_EDGE('',*,*,#2258,.T.);
#3036=ORIENTED_EDGE('',*,*,#2259,.F.);
#3037=ORIENTED_EDGE('',*,*,#2260,.T.);
#3038=ORIENTED_EDGE('',*,*,#2227,.T.);
#3039=ORIENTED_EDGE('',*,*,#2261,.T.);
#3040=ORIENTED_EDGE('',*,*,#2262,.T.);
#3041=ORIENTED_EDGE('',*,*,#2234,.T.);
#3042=ORIENTED_EDGE('',*,*,#2262,.F.);
#3043=ORIENTED_EDGE('',*,*,#2263,.T.);
#3044=ORIENTED_EDGE('',*,*,#2264,.T.);
#3045=ORIENTED_EDGE('',*,*,#2235,.T.);
#3046=ORIENTED_EDGE('',*,*,#2264,.F.);
#3047=ORIENTED_EDGE('',*,*,#2265,.T.);
#3048=ORIENTED_EDGE('',*,*,#2266,.T.);
#3049=ORIENTED_EDGE('',*,*,#2236,.T.);
#3050=ORIENTED_EDGE('',*,*,#2266,.F.);
#3051=ORIENTED_EDGE('',*,*,#2267,.T.);
#3052=ORIENTED_EDGE('',*,*,#2268,.T.);
#3053=ORIENTED_EDGE('',*,*,#2237,.T.);
#3054=ORIENTED_EDGE('',*,*,#2268,.F.);
#3055=ORIENTED_EDGE('',*,*,#2228,.F.);
#3056=ORIENTED_EDGE('',*,*,#2260,.F.);
#3057=ORIENTED_EDGE('',*,*,#2269,.F.);
#3058=ORIENTED_EDGE('',*,*,#2270,.F.);
#3059=ORIENTED_EDGE('',*,*,#2271,.T.);
#3060=ORIENTED_EDGE('',*,*,#2229,.T.);
#3061=ORIENTED_EDGE('',*,*,#2270,.T.);
#3062=ORIENTED_EDGE('',*,*,#2272,.F.);
#3063=ORIENTED_EDGE('',*,*,#1973,.T.);
#3064=ORIENTED_EDGE('',*,*,#2273,.F.);
#3065=ORIENTED_EDGE('',*,*,#2274,.T.);
#3066=ORIENTED_EDGE('',*,*,#2275,.F.);
#3067=ORIENTED_EDGE('',*,*,#2276,.T.);
#3068=ORIENTED_EDGE('',*,*,#2277,.F.);
#3069=ORIENTED_EDGE('',*,*,#1980,.T.);
#3070=ORIENTED_EDGE('',*,*,#2278,.F.);
#3071=ORIENTED_EDGE('',*,*,#2230,.F.);
#3072=ORIENTED_EDGE('',*,*,#2271,.F.);
#3073=ORIENTED_EDGE('',*,*,#2279,.F.);
#3074=ORIENTED_EDGE('',*,*,#2280,.F.);
#3075=ORIENTED_EDGE('',*,*,#2281,.T.);
#3076=ORIENTED_EDGE('',*,*,#2231,.T.);
#3077=ORIENTED_EDGE('',*,*,#2280,.T.);
#3078=ORIENTED_EDGE('',*,*,#2282,.F.);
#3079=ORIENTED_EDGE('',*,*,#2232,.F.);
#3080=ORIENTED_EDGE('',*,*,#2281,.F.);
#3081=ORIENTED_EDGE('',*,*,#2283,.F.);
#3082=ORIENTED_EDGE('',*,*,#2284,.F.);
#3083=ORIENTED_EDGE('',*,*,#1979,.F.);
#3084=ORIENTED_EDGE('',*,*,#2285,.F.);
#3085=ORIENTED_EDGE('',*,*,#2286,.F.);
#3086=ORIENTED_EDGE('',*,*,#2275,.T.);
#3087=ORIENTED_EDGE('',*,*,#2287,.F.);
#3088=ORIENTED_EDGE('',*,*,#1970,.F.);
#3089=ORIENTED_EDGE('',*,*,#1974,.F.);
#3090=ORIENTED_EDGE('',*,*,#2272,.T.);
#3091=ORIENTED_EDGE('',*,*,#2269,.T.);
#3092=ORIENTED_EDGE('',*,*,#2259,.T.);
#3093=ORIENTED_EDGE('',*,*,#2288,.F.);
#3094=ORIENTED_EDGE('',*,*,#2289,.F.);
#3095=ORIENTED_EDGE('',*,*,#2290,.F.);
#3096=ORIENTED_EDGE('',*,*,#2255,.T.);
#3097=ORIENTED_EDGE('',*,*,#2291,.F.);
#3098=ORIENTED_EDGE('',*,*,#2292,.F.);
#3099=ORIENTED_EDGE('',*,*,#2293,.F.);
#3100=ORIENTED_EDGE('',*,*,#2251,.T.);
#3101=ORIENTED_EDGE('',*,*,#2294,.F.);
#3102=ORIENTED_EDGE('',*,*,#2295,.F.);
#3103=ORIENTED_EDGE('',*,*,#2296,.F.);
#3104=ORIENTED_EDGE('',*,*,#2247,.T.);
#3105=ORIENTED_EDGE('',*,*,#2297,.F.);
#3106=ORIENTED_EDGE('',*,*,#2298,.F.);
#3107=ORIENTED_EDGE('',*,*,#2299,.F.);
#3108=ORIENTED_EDGE('',*,*,#2243,.T.);
#3109=ORIENTED_EDGE('',*,*,#2300,.F.);
#3110=ORIENTED_EDGE('',*,*,#2301,.F.);
#3111=ORIENTED_EDGE('',*,*,#2302,.F.);
#3112=ORIENTED_EDGE('',*,*,#2239,.T.);
#3113=ORIENTED_EDGE('',*,*,#2303,.T.);
#3114=ORIENTED_EDGE('',*,*,#2304,.T.);
#3115=ORIENTED_EDGE('',*,*,#2283,.T.);
#3116=ORIENTED_EDGE('',*,*,#2282,.T.);
#3117=ORIENTED_EDGE('',*,*,#2279,.T.);
#3118=ORIENTED_EDGE('',*,*,#2278,.T.);
#3119=ORIENTED_EDGE('',*,*,#2305,.F.);
#3120=ORIENTED_EDGE('',*,*,#2306,.F.);
#3121=ORIENTED_EDGE('',*,*,#2307,.F.);
#3122=ORIENTED_EDGE('',*,*,#2308,.F.);
#3123=ORIENTED_EDGE('',*,*,#2309,.F.);
#3124=ORIENTED_EDGE('',*,*,#2310,.F.);
#3125=ORIENTED_EDGE('',*,*,#2311,.F.);
#3126=ORIENTED_EDGE('',*,*,#2312,.F.);
#3127=ORIENTED_EDGE('',*,*,#2267,.F.);
#3128=ORIENTED_EDGE('',*,*,#2265,.F.);
#3129=ORIENTED_EDGE('',*,*,#2263,.F.);
#3130=ORIENTED_EDGE('',*,*,#2261,.F.);
#3131=ORIENTED_EDGE('',*,*,#2313,.F.);
#3132=ORIENTED_EDGE('',*,*,#2314,.F.);
#3133=ORIENTED_EDGE('',*,*,#2315,.F.);
#3134=ORIENTED_EDGE('',*,*,#2316,.F.);
#3135=ORIENTED_EDGE('',*,*,#2317,.F.);
#3136=ORIENTED_EDGE('',*,*,#2318,.F.);
#3137=ORIENTED_EDGE('',*,*,#2319,.F.);
#3138=ORIENTED_EDGE('',*,*,#2320,.F.);
#3139=ORIENTED_EDGE('',*,*,#2321,.F.);
#3140=ORIENTED_EDGE('',*,*,#2322,.F.);
#3141=ORIENTED_EDGE('',*,*,#2323,.F.);
#3142=ORIENTED_EDGE('',*,*,#2324,.F.);
#3143=ORIENTED_EDGE('',*,*,#2325,.T.);
#3144=ORIENTED_EDGE('',*,*,#2233,.T.);
#3145=ORIENTED_EDGE('',*,*,#2284,.T.);
#3146=ORIENTED_EDGE('',*,*,#2304,.F.);
#3147=ORIENTED_EDGE('',*,*,#2226,.F.);
#3148=ORIENTED_EDGE('',*,*,#2325,.F.);
#3149=ORIENTED_EDGE('',*,*,#2303,.F.);
#3150=ORIENTED_EDGE('',*,*,#2238,.F.);
#3151=ORIENTED_EDGE('',*,*,#2088,.F.);
#3152=ORIENTED_EDGE('',*,*,#2326,.F.);
#3153=ORIENTED_EDGE('',*,*,#2245,.T.);
#3154=ORIENTED_EDGE('',*,*,#2327,.F.);
#3155=ORIENTED_EDGE('',*,*,#2328,.F.);
#3156=ORIENTED_EDGE('',*,*,#2329,.F.);
#3157=ORIENTED_EDGE('',*,*,#2330,.F.);
#3158=ORIENTED_EDGE('',*,*,#2086,.F.);
#3159=ORIENTED_EDGE('',*,*,#2085,.F.);
#3160=ORIENTED_EDGE('',*,*,#2327,.T.);
#3161=ORIENTED_EDGE('',*,*,#2244,.F.);
#3162=ORIENTED_EDGE('',*,*,#2299,.T.);
#3163=ORIENTED_EDGE('',*,*,#2331,.T.);
#3164=ORIENTED_EDGE('',*,*,#2328,.T.);
#3165=ORIENTED_EDGE('',*,*,#2332,.F.);
#3166=ORIENTED_EDGE('',*,*,#2297,.T.);
#3167=ORIENTED_EDGE('',*,*,#2246,.F.);
#3168=ORIENTED_EDGE('',*,*,#2326,.T.);
#3169=ORIENTED_EDGE('',*,*,#2087,.F.);
#3170=ORIENTED_EDGE('',*,*,#2330,.T.);
#3171=ORIENTED_EDGE('',*,*,#2298,.T.);
#3172=ORIENTED_EDGE('',*,*,#2332,.T.);
#3173=ORIENTED_EDGE('',*,*,#2329,.T.);
#3174=ORIENTED_EDGE('',*,*,#2331,.F.);
#3175=ORIENTED_EDGE('',*,*,#2333,.T.);
#3176=ORIENTED_EDGE('',*,*,#2334,.T.);
#3177=ORIENTED_EDGE('',*,*,#2335,.T.);
#3178=ORIENTED_EDGE('',*,*,#2336,.T.);
#3179=ORIENTED_EDGE('',*,*,#2103,.F.);
#3180=ORIENTED_EDGE('',*,*,#2337,.F.);
#3181=ORIENTED_EDGE('',*,*,#2249,.T.);
#3182=ORIENTED_EDGE('',*,*,#2338,.F.);
#3183=ORIENTED_EDGE('',*,*,#2339,.F.);
#3184=ORIENTED_EDGE('',*,*,#2340,.F.);
#3185=ORIENTED_EDGE('',*,*,#2341,.F.);
#3186=ORIENTED_EDGE('',*,*,#2101,.F.);
#3187=ORIENTED_EDGE('',*,*,#2100,.F.);
#3188=ORIENTED_EDGE('',*,*,#2338,.T.);
#3189=ORIENTED_EDGE('',*,*,#2248,.F.);
#3190=ORIENTED_EDGE('',*,*,#2296,.T.);
#3191=ORIENTED_EDGE('',*,*,#2342,.T.);
#3192=ORIENTED_EDGE('',*,*,#2339,.T.);
#3193=ORIENTED_EDGE('',*,*,#2343,.F.);
#3194=ORIENTED_EDGE('',*,*,#2294,.T.);
#3195=ORIENTED_EDGE('',*,*,#2250,.F.);
#3196=ORIENTED_EDGE('',*,*,#2337,.T.);
#3197=ORIENTED_EDGE('',*,*,#2102,.F.);
#3198=ORIENTED_EDGE('',*,*,#2341,.T.);
#3199=ORIENTED_EDGE('',*,*,#2295,.T.);
#3200=ORIENTED_EDGE('',*,*,#2343,.T.);
#3201=ORIENTED_EDGE('',*,*,#2340,.T.);
#3202=ORIENTED_EDGE('',*,*,#2342,.F.);
#3203=ORIENTED_EDGE('',*,*,#2344,.T.);
#3204=ORIENTED_EDGE('',*,*,#2345,.T.);
#3205=ORIENTED_EDGE('',*,*,#2346,.T.);
#3206=ORIENTED_EDGE('',*,*,#2347,.T.);
#3207=ORIENTED_EDGE('',*,*,#2115,.F.);
#3208=ORIENTED_EDGE('',*,*,#2348,.F.);
#3209=ORIENTED_EDGE('',*,*,#2241,.T.);
#3210=ORIENTED_EDGE('',*,*,#2349,.F.);
#3211=ORIENTED_EDGE('',*,*,#2117,.F.);
#3212=ORIENTED_EDGE('',*,*,#2350,.F.);
#3213=ORIENTED_EDGE('',*,*,#2351,.F.);
#3214=ORIENTED_EDGE('',*,*,#2352,.F.);
#3215=ORIENTED_EDGE('',*,*,#2353,.F.);
#3216=ORIENTED_EDGE('',*,*,#2300,.T.);
#3217=ORIENTED_EDGE('',*,*,#2242,.F.);
#3218=ORIENTED_EDGE('',*,*,#2348,.T.);
#3219=ORIENTED_EDGE('',*,*,#2114,.F.);
#3220=ORIENTED_EDGE('',*,*,#2352,.T.);
#3221=ORIENTED_EDGE('',*,*,#2301,.T.);
#3222=ORIENTED_EDGE('',*,*,#2353,.T.);
#3223=ORIENTED_EDGE('',*,*,#2351,.T.);
#3224=ORIENTED_EDGE('',*,*,#2354,.F.);
#3225=ORIENTED_EDGE('',*,*,#2355,.T.);
#3226=ORIENTED_EDGE('',*,*,#2356,.T.);
#3227=ORIENTED_EDGE('',*,*,#2357,.T.);
#3228=ORIENTED_EDGE('',*,*,#2358,.T.);
#3229=ORIENTED_EDGE('',*,*,#2116,.F.);
#3230=ORIENTED_EDGE('',*,*,#2349,.T.);
#3231=ORIENTED_EDGE('',*,*,#2240,.F.);
#3232=ORIENTED_EDGE('',*,*,#2302,.T.);
#3233=ORIENTED_EDGE('',*,*,#2354,.T.);
#3234=ORIENTED_EDGE('',*,*,#2350,.T.);
#3235=ORIENTED_EDGE('',*,*,#2133,.F.);
#3236=ORIENTED_EDGE('',*,*,#2359,.F.);
#3237=ORIENTED_EDGE('',*,*,#2253,.T.);
#3238=ORIENTED_EDGE('',*,*,#2360,.F.);
#3239=ORIENTED_EDGE('',*,*,#2361,.F.);
#3240=ORIENTED_EDGE('',*,*,#2362,.F.);
#3241=ORIENTED_EDGE('',*,*,#2363,.F.);
#3242=ORIENTED_EDGE('',*,*,#2131,.F.);
#3243=ORIENTED_EDGE('',*,*,#2130,.F.);
#3244=ORIENTED_EDGE('',*,*,#2360,.T.);
#3245=ORIENTED_EDGE('',*,*,#2252,.F.);
#3246=ORIENTED_EDGE('',*,*,#2293,.T.);
#3247=ORIENTED_EDGE('',*,*,#2364,.T.);
#3248=ORIENTED_EDGE('',*,*,#2361,.T.);
#3249=ORIENTED_EDGE('',*,*,#2365,.F.);
#3250=ORIENTED_EDGE('',*,*,#2291,.T.);
#3251=ORIENTED_EDGE('',*,*,#2254,.F.);
#3252=ORIENTED_EDGE('',*,*,#2359,.T.);
#3253=ORIENTED_EDGE('',*,*,#2132,.F.);
#3254=ORIENTED_EDGE('',*,*,#2363,.T.);
#3255=ORIENTED_EDGE('',*,*,#2292,.T.);
#3256=ORIENTED_EDGE('',*,*,#2365,.T.);
#3257=ORIENTED_EDGE('',*,*,#2362,.T.);
#3258=ORIENTED_EDGE('',*,*,#2364,.F.);
#3259=ORIENTED_EDGE('',*,*,#2366,.T.);
#3260=ORIENTED_EDGE('',*,*,#2367,.T.);
#3261=ORIENTED_EDGE('',*,*,#2368,.T.);
#3262=ORIENTED_EDGE('',*,*,#2369,.T.);
#3263=ORIENTED_EDGE('',*,*,#2370,.F.);
#3264=ORIENTED_EDGE('',*,*,#2257,.T.);
#3265=ORIENTED_EDGE('',*,*,#2371,.F.);
#3266=ORIENTED_EDGE('',*,*,#2372,.F.);
#3267=ORIENTED_EDGE('',*,*,#2373,.F.);
#3268=ORIENTED_EDGE('',*,*,#2374,.F.);
#3269=ORIENTED_EDGE('',*,*,#2375,.F.);
#3270=ORIENTED_EDGE('',*,*,#2376,.T.);
#3271=ORIENTED_EDGE('',*,*,#2256,.F.);
#3272=ORIENTED_EDGE('',*,*,#2290,.T.);
#3273=ORIENTED_EDGE('',*,*,#2377,.T.);
#3274=ORIENTED_EDGE('',*,*,#2376,.F.);
#3275=ORIENTED_EDGE('',*,*,#2378,.F.);
#3276=ORIENTED_EDGE('',*,*,#2371,.T.);
#3277=ORIENTED_EDGE('',*,*,#2379,.T.);
#3278=ORIENTED_EDGE('',*,*,#2273,.T.);
#3279=ORIENTED_EDGE('',*,*,#1977,.T.);
#3280=ORIENTED_EDGE('',*,*,#2158,.F.);
#3281=ORIENTED_EDGE('',*,*,#1972,.F.);
#3282=ORIENTED_EDGE('',*,*,#2380,.F.);
#3283=ORIENTED_EDGE('',*,*,#2159,.F.);
#3284=ORIENTED_EDGE('',*,*,#1975,.T.);
#3285=ORIENTED_EDGE('',*,*,#1971,.F.);
#3286=ORIENTED_EDGE('',*,*,#2287,.T.);
#3287=ORIENTED_EDGE('',*,*,#2274,.F.);
#3288=ORIENTED_EDGE('',*,*,#2379,.F.);
#3289=ORIENTED_EDGE('',*,*,#2157,.F.);
#3290=ORIENTED_EDGE('',*,*,#2380,.T.);
#3291=ORIENTED_EDGE('',*,*,#1981,.F.);
#3292=ORIENTED_EDGE('',*,*,#2277,.T.);
#3293=ORIENTED_EDGE('',*,*,#2381,.F.);
#3294=ORIENTED_EDGE('',*,*,#2169,.F.);
#3295=ORIENTED_EDGE('',*,*,#2382,.T.);
#3296=ORIENTED_EDGE('',*,*,#2383,.F.);
#3297=ORIENTED_EDGE('',*,*,#1983,.F.);
#3298=ORIENTED_EDGE('',*,*,#2171,.F.);
#3299=ORIENTED_EDGE('',*,*,#2384,.F.);
#3300=ORIENTED_EDGE('',*,*,#2285,.T.);
#3301=ORIENTED_EDGE('',*,*,#1978,.T.);
#3302=ORIENTED_EDGE('',*,*,#2383,.T.);
#3303=ORIENTED_EDGE('',*,*,#1949,.T.);
#3304=ORIENTED_EDGE('',*,*,#1945,.T.);
#3305=ORIENTED_EDGE('',*,*,#1955,.T.);
#3306=ORIENTED_EDGE('',*,*,#1952,.T.);
#3307=ORIENTED_EDGE('',*,*,#2276,.F.);
#3308=ORIENTED_EDGE('',*,*,#2286,.T.);
#3309=ORIENTED_EDGE('',*,*,#2384,.T.);
#3310=ORIENTED_EDGE('',*,*,#2382,.F.);
#3311=ORIENTED_EDGE('',*,*,#2170,.F.);
#3312=ORIENTED_EDGE('',*,*,#2381,.T.);
#3313=ORIENTED_EDGE('',*,*,#2385,.F.);
#3314=ORIENTED_EDGE('',*,*,#2313,.T.);
#3315=ORIENTED_EDGE('',*,*,#2386,.T.);
#3316=ORIENTED_EDGE('',*,*,#2385,.T.);
#3317=ORIENTED_EDGE('',*,*,#2386,.F.);
#3318=ORIENTED_EDGE('',*,*,#2387,.F.);
#3319=ORIENTED_EDGE('',*,*,#2314,.T.);
#3320=ORIENTED_EDGE('',*,*,#2388,.T.);
#3321=ORIENTED_EDGE('',*,*,#2387,.T.);
#3322=ORIENTED_EDGE('',*,*,#2388,.F.);
#3323=ORIENTED_EDGE('',*,*,#2389,.F.);
#3324=ORIENTED_EDGE('',*,*,#2315,.T.);
#3325=ORIENTED_EDGE('',*,*,#2390,.T.);
#3326=ORIENTED_EDGE('',*,*,#2389,.T.);
#3327=ORIENTED_EDGE('',*,*,#2390,.F.);
#3328=ORIENTED_EDGE('',*,*,#2391,.F.);
#3329=ORIENTED_EDGE('',*,*,#2316,.T.);
#3330=ORIENTED_EDGE('',*,*,#2392,.T.);
#3331=ORIENTED_EDGE('',*,*,#2391,.T.);
#3332=ORIENTED_EDGE('',*,*,#2392,.F.);
#3333=ORIENTED_EDGE('',*,*,#2393,.F.);
#3334=ORIENTED_EDGE('',*,*,#2394,.F.);
#3335=ORIENTED_EDGE('',*,*,#2395,.F.);
#3336=ORIENTED_EDGE('',*,*,#2396,.F.);
#3337=ORIENTED_EDGE('',*,*,#2397,.F.);
#3338=ORIENTED_EDGE('',*,*,#2310,.T.);
#3339=ORIENTED_EDGE('',*,*,#2398,.T.);
#3340=ORIENTED_EDGE('',*,*,#2393,.T.);
#3341=ORIENTED_EDGE('',*,*,#2399,.F.);
#3342=ORIENTED_EDGE('',*,*,#2311,.T.);
#3343=ORIENTED_EDGE('',*,*,#2399,.T.);
#3344=ORIENTED_EDGE('',*,*,#2396,.T.);
#3345=ORIENTED_EDGE('',*,*,#2400,.F.);
#3346=ORIENTED_EDGE('',*,*,#2312,.T.);
#3347=ORIENTED_EDGE('',*,*,#2400,.T.);
#3348=ORIENTED_EDGE('',*,*,#2395,.T.);
#3349=ORIENTED_EDGE('',*,*,#2401,.F.);
#3350=ORIENTED_EDGE('',*,*,#2309,.T.);
#3351=ORIENTED_EDGE('',*,*,#2401,.T.);
#3352=ORIENTED_EDGE('',*,*,#2394,.T.);
#3353=ORIENTED_EDGE('',*,*,#2398,.F.);
#3354=ORIENTED_EDGE('',*,*,#2402,.F.);
#3355=ORIENTED_EDGE('',*,*,#2403,.F.);
#3356=ORIENTED_EDGE('',*,*,#2404,.F.);
#3357=ORIENTED_EDGE('',*,*,#2405,.F.);
#3358=ORIENTED_EDGE('',*,*,#2406,.F.);
#3359=ORIENTED_EDGE('',*,*,#2318,.T.);
#3360=ORIENTED_EDGE('',*,*,#2407,.T.);
#3361=ORIENTED_EDGE('',*,*,#2402,.T.);
#3362=ORIENTED_EDGE('',*,*,#2408,.F.);
#3363=ORIENTED_EDGE('',*,*,#2319,.T.);
#3364=ORIENTED_EDGE('',*,*,#2408,.T.);
#3365=ORIENTED_EDGE('',*,*,#2405,.T.);
#3366=ORIENTED_EDGE('',*,*,#2409,.F.);
#3367=ORIENTED_EDGE('',*,*,#2320,.T.);
#3368=ORIENTED_EDGE('',*,*,#2409,.T.);
#3369=ORIENTED_EDGE('',*,*,#2404,.T.);
#3370=ORIENTED_EDGE('',*,*,#2410,.F.);
#3371=ORIENTED_EDGE('',*,*,#2317,.T.);
#3372=ORIENTED_EDGE('',*,*,#2410,.T.);
#3373=ORIENTED_EDGE('',*,*,#2403,.T.);
#3374=ORIENTED_EDGE('',*,*,#2407,.F.);
#3375=ORIENTED_EDGE('',*,*,#2411,.F.);
#3376=ORIENTED_EDGE('',*,*,#2412,.F.);
#3377=ORIENTED_EDGE('',*,*,#2413,.F.);
#3378=ORIENTED_EDGE('',*,*,#2414,.F.);
#3379=ORIENTED_EDGE('',*,*,#2415,.F.);
#3380=ORIENTED_EDGE('',*,*,#2306,.T.);
#3381=ORIENTED_EDGE('',*,*,#2416,.T.);
#3382=ORIENTED_EDGE('',*,*,#2411,.T.);
#3383=ORIENTED_EDGE('',*,*,#2417,.F.);
#3384=ORIENTED_EDGE('',*,*,#2307,.T.);
#3385=ORIENTED_EDGE('',*,*,#2417,.T.);
#3386=ORIENTED_EDGE('',*,*,#2414,.T.);
#3387=ORIENTED_EDGE('',*,*,#2418,.F.);
#3388=ORIENTED_EDGE('',*,*,#2308,.T.);
#3389=ORIENTED_EDGE('',*,*,#2418,.T.);
#3390=ORIENTED_EDGE('',*,*,#2413,.T.);
#3391=ORIENTED_EDGE('',*,*,#2419,.F.);
#3392=ORIENTED_EDGE('',*,*,#2305,.T.);
#3393=ORIENTED_EDGE('',*,*,#2419,.T.);
#3394=ORIENTED_EDGE('',*,*,#2412,.T.);
#3395=ORIENTED_EDGE('',*,*,#2416,.F.);
#3396=ORIENTED_EDGE('',*,*,#2420,.F.);
#3397=ORIENTED_EDGE('',*,*,#2421,.F.);
#3398=ORIENTED_EDGE('',*,*,#2422,.F.);
#3399=ORIENTED_EDGE('',*,*,#2423,.F.);
#3400=ORIENTED_EDGE('',*,*,#2424,.F.);
#3401=ORIENTED_EDGE('',*,*,#2322,.T.);
#3402=ORIENTED_EDGE('',*,*,#2425,.T.);
#3403=ORIENTED_EDGE('',*,*,#2420,.T.);
#3404=ORIENTED_EDGE('',*,*,#2426,.F.);
#3405=ORIENTED_EDGE('',*,*,#2323,.T.);
#3406=ORIENTED_EDGE('',*,*,#2426,.T.);
#3407=ORIENTED_EDGE('',*,*,#2423,.T.);
#3408=ORIENTED_EDGE('',*,*,#2427,.F.);
#3409=ORIENTED_EDGE('',*,*,#2324,.T.);
#3410=ORIENTED_EDGE('',*,*,#2427,.T.);
#3411=ORIENTED_EDGE('',*,*,#2422,.T.);
#3412=ORIENTED_EDGE('',*,*,#2428,.F.);
#3413=ORIENTED_EDGE('',*,*,#2321,.T.);
#3414=ORIENTED_EDGE('',*,*,#2428,.T.);
#3415=ORIENTED_EDGE('',*,*,#2421,.T.);
#3416=ORIENTED_EDGE('',*,*,#2425,.F.);
#3417=ORIENTED_EDGE('',*,*,#2429,.F.);
#3418=ORIENTED_EDGE('',*,*,#2397,.T.);
#3419=ORIENTED_EDGE('',*,*,#2430,.T.);
#3420=ORIENTED_EDGE('',*,*,#2429,.T.);
#3421=ORIENTED_EDGE('',*,*,#2430,.F.);
#3422=ORIENTED_EDGE('',*,*,#2431,.F.);
#3423=ORIENTED_EDGE('',*,*,#2406,.T.);
#3424=ORIENTED_EDGE('',*,*,#2432,.T.);
#3425=ORIENTED_EDGE('',*,*,#2431,.T.);
#3426=ORIENTED_EDGE('',*,*,#2432,.F.);
#3427=ORIENTED_EDGE('',*,*,#2433,.F.);
#3428=ORIENTED_EDGE('',*,*,#2415,.T.);
#3429=ORIENTED_EDGE('',*,*,#2434,.T.);
#3430=ORIENTED_EDGE('',*,*,#2433,.T.);
#3431=ORIENTED_EDGE('',*,*,#2434,.F.);
#3432=ORIENTED_EDGE('',*,*,#2435,.F.);
#3433=ORIENTED_EDGE('',*,*,#2424,.T.);
#3434=ORIENTED_EDGE('',*,*,#2436,.T.);
#3435=ORIENTED_EDGE('',*,*,#2435,.T.);
#3436=ORIENTED_EDGE('',*,*,#2436,.F.);
#3437=ORIENTED_EDGE('',*,*,#2437,.T.);
#3438=ORIENTED_EDGE('',*,*,#2438,.T.);
#3439=ORIENTED_EDGE('',*,*,#2439,.T.);
#3440=ORIENTED_EDGE('',*,*,#2440,.T.);
#3441=ORIENTED_EDGE('',*,*,#2334,.F.);
#3442=ORIENTED_EDGE('',*,*,#2441,.F.);
#3443=ORIENTED_EDGE('',*,*,#2440,.F.);
#3444=ORIENTED_EDGE('',*,*,#2442,.T.);
#3445=ORIENTED_EDGE('',*,*,#2335,.F.);
#3446=ORIENTED_EDGE('',*,*,#2442,.F.);
#3447=ORIENTED_EDGE('',*,*,#2439,.F.);
#3448=ORIENTED_EDGE('',*,*,#2443,.T.);
#3449=ORIENTED_EDGE('',*,*,#2336,.F.);
#3450=ORIENTED_EDGE('',*,*,#2443,.F.);
#3451=ORIENTED_EDGE('',*,*,#2438,.F.);
#3452=ORIENTED_EDGE('',*,*,#2444,.T.);
#3453=ORIENTED_EDGE('',*,*,#2333,.F.);
#3454=ORIENTED_EDGE('',*,*,#2444,.F.);
#3455=ORIENTED_EDGE('',*,*,#2437,.F.);
#3456=ORIENTED_EDGE('',*,*,#2441,.T.);
#3457=ORIENTED_EDGE('',*,*,#2445,.F.);
#3458=ORIENTED_EDGE('',*,*,#2446,.F.);
#3459=ORIENTED_EDGE('',*,*,#2447,.F.);
#3460=ORIENTED_EDGE('',*,*,#2448,.F.);
#3461=ORIENTED_EDGE('',*,*,#2345,.F.);
#3462=ORIENTED_EDGE('',*,*,#2449,.F.);
#3463=ORIENTED_EDGE('',*,*,#2448,.T.);
#3464=ORIENTED_EDGE('',*,*,#2450,.T.);
#3465=ORIENTED_EDGE('',*,*,#2346,.F.);
#3466=ORIENTED_EDGE('',*,*,#2450,.F.);
#3467=ORIENTED_EDGE('',*,*,#2447,.T.);
#3468=ORIENTED_EDGE('',*,*,#2451,.T.);
#3469=ORIENTED_EDGE('',*,*,#2347,.F.);
#3470=ORIENTED_EDGE('',*,*,#2451,.F.);
#3471=ORIENTED_EDGE('',*,*,#2446,.T.);
#3472=ORIENTED_EDGE('',*,*,#2452,.T.);
#3473=ORIENTED_EDGE('',*,*,#2344,.F.);
#3474=ORIENTED_EDGE('',*,*,#2452,.F.);
#3475=ORIENTED_EDGE('',*,*,#2445,.T.);
#3476=ORIENTED_EDGE('',*,*,#2449,.T.);
#3477=ORIENTED_EDGE('',*,*,#2453,.F.);
#3478=ORIENTED_EDGE('',*,*,#2454,.F.);
#3479=ORIENTED_EDGE('',*,*,#2455,.F.);
#3480=ORIENTED_EDGE('',*,*,#2456,.F.);
#3481=ORIENTED_EDGE('',*,*,#2356,.F.);
#3482=ORIENTED_EDGE('',*,*,#2457,.F.);
#3483=ORIENTED_EDGE('',*,*,#2456,.T.);
#3484=ORIENTED_EDGE('',*,*,#2458,.T.);
#3485=ORIENTED_EDGE('',*,*,#2357,.F.);
#3486=ORIENTED_EDGE('',*,*,#2458,.F.);
#3487=ORIENTED_EDGE('',*,*,#2455,.T.);
#3488=ORIENTED_EDGE('',*,*,#2459,.T.);
#3489=ORIENTED_EDGE('',*,*,#2358,.F.);
#3490=ORIENTED_EDGE('',*,*,#2459,.F.);
#3491=ORIENTED_EDGE('',*,*,#2454,.T.);
#3492=ORIENTED_EDGE('',*,*,#2460,.T.);
#3493=ORIENTED_EDGE('',*,*,#2355,.F.);
#3494=ORIENTED_EDGE('',*,*,#2460,.F.);
#3495=ORIENTED_EDGE('',*,*,#2453,.T.);
#3496=ORIENTED_EDGE('',*,*,#2457,.T.);
#3497=ORIENTED_EDGE('',*,*,#2461,.T.);
#3498=ORIENTED_EDGE('',*,*,#2462,.T.);
#3499=ORIENTED_EDGE('',*,*,#2463,.T.);
#3500=ORIENTED_EDGE('',*,*,#2464,.T.);
#3501=ORIENTED_EDGE('',*,*,#2367,.F.);
#3502=ORIENTED_EDGE('',*,*,#2465,.F.);
#3503=ORIENTED_EDGE('',*,*,#2464,.F.);
#3504=ORIENTED_EDGE('',*,*,#2466,.T.);
#3505=ORIENTED_EDGE('',*,*,#2368,.F.);
#3506=ORIENTED_EDGE('',*,*,#2466,.F.);
#3507=ORIENTED_EDGE('',*,*,#2463,.F.);
#3508=ORIENTED_EDGE('',*,*,#2467,.T.);
#3509=ORIENTED_EDGE('',*,*,#2369,.F.);
#3510=ORIENTED_EDGE('',*,*,#2467,.F.);
#3511=ORIENTED_EDGE('',*,*,#2462,.F.);
#3512=ORIENTED_EDGE('',*,*,#2468,.T.);
#3513=ORIENTED_EDGE('',*,*,#2366,.F.);
#3514=ORIENTED_EDGE('',*,*,#2468,.F.);
#3515=ORIENTED_EDGE('',*,*,#2461,.F.);
#3516=ORIENTED_EDGE('',*,*,#2465,.T.);
#3517=ORIENTED_EDGE('',*,*,#2136,.F.);
#3518=ORIENTED_EDGE('',*,*,#2145,.T.);
#3519=ORIENTED_EDGE('',*,*,#2140,.F.);
#3520=ORIENTED_EDGE('',*,*,#2144,.F.);
#3521=ORIENTED_EDGE('',*,*,#2469,.T.);
#3522=ORIENTED_EDGE('',*,*,#2372,.T.);
#3523=ORIENTED_EDGE('',*,*,#2378,.T.);
#3524=ORIENTED_EDGE('',*,*,#2375,.T.);
#3525=ORIENTED_EDGE('',*,*,#2377,.F.);
#3526=ORIENTED_EDGE('',*,*,#2289,.T.);
#3527=ORIENTED_EDGE('',*,*,#2470,.T.);
#3528=ORIENTED_EDGE('',*,*,#2373,.T.);
#3529=ORIENTED_EDGE('',*,*,#2471,.T.);
#3530=ORIENTED_EDGE('',*,*,#2472,.T.);
#3531=ORIENTED_EDGE('',*,*,#2473,.T.);
#3532=ORIENTED_EDGE('',*,*,#2474,.T.);
#3533=ORIENTED_EDGE('',*,*,#2470,.F.);
#3534=ORIENTED_EDGE('',*,*,#2288,.T.);
#3535=ORIENTED_EDGE('',*,*,#2258,.F.);
#3536=ORIENTED_EDGE('',*,*,#2370,.T.);
#3537=ORIENTED_EDGE('',*,*,#2469,.F.);
#3538=ORIENTED_EDGE('',*,*,#2374,.T.);
#3539=ORIENTED_EDGE('',*,*,#2475,.F.);
#3540=ORIENTED_EDGE('',*,*,#2476,.F.);
#3541=ORIENTED_EDGE('',*,*,#2477,.T.);
#3542=ORIENTED_EDGE('',*,*,#2473,.F.);
#3543=ORIENTED_EDGE('',*,*,#2477,.F.);
#3544=ORIENTED_EDGE('',*,*,#2478,.F.);
#3545=ORIENTED_EDGE('',*,*,#2479,.T.);
#3546=ORIENTED_EDGE('',*,*,#2474,.F.);
#3547=ORIENTED_EDGE('',*,*,#2479,.F.);
#3548=ORIENTED_EDGE('',*,*,#2480,.F.);
#3549=ORIENTED_EDGE('',*,*,#2481,.T.);
#3550=ORIENTED_EDGE('',*,*,#2471,.F.);
#3551=ORIENTED_EDGE('',*,*,#2481,.F.);
#3552=ORIENTED_EDGE('',*,*,#2482,.F.);
#3553=ORIENTED_EDGE('',*,*,#2475,.T.);
#3554=ORIENTED_EDGE('',*,*,#2472,.F.);
#3555=ORIENTED_EDGE('',*,*,#2480,.T.);
#3556=ORIENTED_EDGE('',*,*,#2478,.T.);
#3557=ORIENTED_EDGE('',*,*,#2476,.T.);
#3558=ORIENTED_EDGE('',*,*,#2482,.T.);
#3559=PLANE('',#3965);
#3560=PLANE('',#3966);
#3561=PLANE('',#3967);
#3562=PLANE('',#3968);
#3563=PLANE('',#3969);
#3564=PLANE('',#3970);
#3565=PLANE('',#3971);
#3566=PLANE('',#3972);
#3567=PLANE('',#3973);
#3568=PLANE('',#3974);
#3569=PLANE('',#3975);
#3570=PLANE('',#3976);
#3571=PLANE('',#3977);
#3572=PLANE('',#3978);
#3573=PLANE('',#3987);
#3574=PLANE('',#3998);
#3575=PLANE('',#4001);
#3576=PLANE('',#4004);
#3577=PLANE('',#4010);
#3578=PLANE('',#4012);
#3579=PLANE('',#4013);
#3580=PLANE('',#4014);
#3581=PLANE('',#4015);
#3582=PLANE('',#4016);
#3583=PLANE('',#4017);
#3584=PLANE('',#4018);
#3585=PLANE('',#4019);
#3586=PLANE('',#4020);
#3587=PLANE('',#4021);
#3588=PLANE('',#4022);
#3589=PLANE('',#4023);
#3590=PLANE('',#4024);
#3591=PLANE('',#4025);
#3592=PLANE('',#4026);
#3593=PLANE('',#4027);
#3594=PLANE('',#4028);
#3595=PLANE('',#4029);
#3596=PLANE('',#4030);
#3597=PLANE('',#4031);
#3598=PLANE('',#4032);
#3599=PLANE('',#4033);
#3600=PLANE('',#4034);
#3601=PLANE('',#4035);
#3602=PLANE('',#4036);
#3603=PLANE('',#4037);
#3604=PLANE('',#4038);
#3605=PLANE('',#4039);
#3606=PLANE('',#4040);
#3607=PLANE('',#4041);
#3608=PLANE('',#4042);
#3609=PLANE('',#4043);
#3610=PLANE('',#4044);
#3611=PLANE('',#4045);
#3612=PLANE('',#4046);
#3613=PLANE('',#4047);
#3614=PLANE('',#4048);
#3615=PLANE('',#4049);
#3616=PLANE('',#4050);
#3617=PLANE('',#4051);
#3618=PLANE('',#4052);
#3619=PLANE('',#4053);
#3620=PLANE('',#4056);
#3621=PLANE('',#4059);
#3622=PLANE('',#4062);
#3623=PLANE('',#4065);
#3624=PLANE('',#4067);
#3625=PLANE('',#4068);
#3626=PLANE('',#4069);
#3627=PLANE('',#4070);
#3628=PLANE('',#4071);
#3629=PLANE('',#4073);
#3630=PLANE('',#4074);
#3631=PLANE('',#4075);
#3632=PLANE('',#4076);
#3633=PLANE('',#4077);
#3634=PLANE('',#4079);
#3635=PLANE('',#4080);
#3636=PLANE('',#4081);
#3637=PLANE('',#4082);
#3638=PLANE('',#4083);
#3639=PLANE('',#4085);
#3640=PLANE('',#4086);
#3641=PLANE('',#4087);
#3642=PLANE('',#4088);
#3643=PLANE('',#4089);
#3644=PLANE('',#4092);
#3645=PLANE('',#4095);
#3646=PLANE('',#4098);
#3647=PLANE('',#4101);
#3648=PLANE('',#4110);
#3649=PLANE('',#4121);
#3650=PLANE('',#4124);
#3651=PLANE('',#4127);
#3652=PLANE('',#4133);
#3653=PLANE('',#4135);
#3654=PLANE('',#4136);
#3655=PLANE('',#4137);
#3656=PLANE('',#4138);
#3657=PLANE('',#4139);
#3658=PLANE('',#4140);
#3659=PLANE('',#4141);
#3660=PLANE('',#4142);
#3661=PLANE('',#4143);
#3662=PLANE('',#4144);
#3663=PLANE('',#4145);
#3664=PLANE('',#4146);
#3665=PLANE('',#4147);
#3666=PLANE('',#4148);
#3667=PLANE('',#4149);
#3668=PLANE('',#4150);
#3669=PLANE('',#4151);
#3670=PLANE('',#4152);
#3671=PLANE('',#4153);
#3672=PLANE('',#4154);
#3673=PLANE('',#4155);
#3674=PLANE('',#4156);
#3675=PLANE('',#4157);
#3676=PLANE('',#4158);
#3677=PLANE('',#4159);
#3678=PLANE('',#4160);
#3679=PLANE('',#4161);
#3680=PLANE('',#4162);
#3681=PLANE('',#4163);
#3682=PLANE('',#4164);
#3683=PLANE('',#4165);
#3684=PLANE('',#4168);
#3685=PLANE('',#4171);
#3686=PLANE('',#4174);
#3687=PLANE('',#4177);
#3688=PLANE('',#4179);
#3689=PLANE('',#4180);
#3690=PLANE('',#4181);
#3691=PLANE('',#4182);
#3692=PLANE('',#4183);
#3693=PLANE('',#4185);
#3694=PLANE('',#4186);
#3695=PLANE('',#4187);
#3696=PLANE('',#4188);
#3697=PLANE('',#4189);
#3698=PLANE('',#4191);
#3699=PLANE('',#4192);
#3700=PLANE('',#4193);
#3701=PLANE('',#4194);
#3702=PLANE('',#4195);
#3703=PLANE('',#4197);
#3704=PLANE('',#4198);
#3705=PLANE('',#4199);
#3706=PLANE('',#4200);
#3707=PLANE('',#4201);
#3708=PLANE('',#4204);
#3709=PLANE('',#4207);
#3710=PLANE('',#4210);
#3711=PLANE('',#4213);
#3712=PLANE('',#4214);
#3713=PLANE('',#4215);
#3714=PLANE('',#4216);
#3715=PLANE('',#4217);
#3716=PLANE('',#4218);
#3717=PLANE('',#4219);
#3718=PLANE('',#4220);
#3719=PLANE('',#4221);
#3720=PLANE('',#4222);
#3721=PLANE('',#4223);
#3722=PLANE('',#4224);
#3723=PLANE('',#4225);
#3724=PLANE('',#4226);
#3725=PLANE('',#4227);
#3726=PLANE('',#4228);
#3727=PLANE('',#4229);
#3728=PLANE('',#4230);
#3729=PLANE('',#4231);
#3730=PLANE('',#4232);
#3731=PLANE('',#4233);
#3732=PLANE('',#4234);
#3733=PLANE('',#4235);
#3734=PLANE('',#4236);
#3735=PLANE('',#4237);
#3736=PLANE('',#4238);
#3737=PLANE('',#4239);
#3738=PLANE('',#4240);
#3739=ADVANCED_FACE('',(#165),#3559,.T.);
#3740=ADVANCED_FACE('',(#166),#3560,.T.);
#3741=ADVANCED_FACE('',(#167),#3561,.T.);
#3742=ADVANCED_FACE('',(#168),#3562,.T.);
#3743=ADVANCED_FACE('',(#169),#3563,.T.);
#3744=ADVANCED_FACE('',(#170),#3564,.T.);
#3745=ADVANCED_FACE('',(#171),#3565,.T.);
#3746=ADVANCED_FACE('',(#172),#3566,.T.);
#3747=ADVANCED_FACE('',(#173),#3567,.T.);
#3748=ADVANCED_FACE('',(#174),#3568,.T.);
#3749=ADVANCED_FACE('',(#175,#111),#3569,.F.);
#3750=ADVANCED_FACE('',(#176),#3570,.F.);
#3751=ADVANCED_FACE('',(#177),#3571,.F.);
#3752=ADVANCED_FACE('',(#178,#112,#113,#114,#115),#3572,.F.);
#3753=ADVANCED_FACE('',(#179),#3573,.T.);
#3754=ADVANCED_FACE('',(#180),#15,.F.);
#3755=ADVANCED_FACE('',(#181),#16,.F.);
#3756=ADVANCED_FACE('',(#182),#17,.F.);
#3757=ADVANCED_FACE('',(#183),#18,.F.);
#3758=ADVANCED_FACE('',(#184),#19,.T.);
#3759=ADVANCED_FACE('',(#185),#3574,.T.);
#3760=ADVANCED_FACE('',(#186),#20,.T.);
#3761=ADVANCED_FACE('',(#187),#3575,.T.);
#3762=ADVANCED_FACE('',(#188),#21,.T.);
#3763=ADVANCED_FACE('',(#189,#116,#117,#118,#119,#120,#121,#122,#123,#124,
#125,#126,#127),#3576,.T.);
#3764=ADVANCED_FACE('',(#190),#3577,.T.);
#3765=ADVANCED_FACE('',(#191),#22,.T.);
#3766=ADVANCED_FACE('',(#192),#3578,.F.);
#3767=ADVANCED_FACE('',(#193),#3579,.T.);
#3768=ADVANCED_FACE('',(#194),#3580,.T.);
#3769=ADVANCED_FACE('',(#195,#128),#3581,.T.);
#3770=ADVANCED_FACE('',(#196),#3582,.T.);
#3771=ADVANCED_FACE('',(#197),#3583,.T.);
#3772=ADVANCED_FACE('',(#198),#3584,.F.);
#3773=ADVANCED_FACE('',(#199),#3585,.T.);
#3774=ADVANCED_FACE('',(#200),#3586,.T.);
#3775=ADVANCED_FACE('',(#201,#129),#3587,.T.);
#3776=ADVANCED_FACE('',(#202),#3588,.T.);
#3777=ADVANCED_FACE('',(#203),#3589,.T.);
#3778=ADVANCED_FACE('',(#204),#3590,.F.);
#3779=ADVANCED_FACE('',(#205),#3591,.T.);
#3780=ADVANCED_FACE('',(#206,#130),#3592,.T.);
#3781=ADVANCED_FACE('',(#207),#3593,.T.);
#3782=ADVANCED_FACE('',(#208),#3594,.T.);
#3783=ADVANCED_FACE('',(#209),#3595,.T.);
#3784=ADVANCED_FACE('',(#210),#3596,.F.);
#3785=ADVANCED_FACE('',(#211),#3597,.T.);
#3786=ADVANCED_FACE('',(#212),#3598,.T.);
#3787=ADVANCED_FACE('',(#213,#131),#3599,.T.);
#3788=ADVANCED_FACE('',(#214),#3600,.T.);
#3789=ADVANCED_FACE('',(#215),#3601,.T.);
#3790=ADVANCED_FACE('',(#216),#3602,.F.);
#3791=ADVANCED_FACE('',(#217),#3603,.T.);
#3792=ADVANCED_FACE('',(#218),#3604,.T.);
#3793=ADVANCED_FACE('',(#219),#3605,.T.);
#3794=ADVANCED_FACE('',(#220),#3606,.T.);
#3795=ADVANCED_FACE('',(#221),#3607,.F.);
#3796=ADVANCED_FACE('',(#222),#3608,.T.);
#3797=ADVANCED_FACE('',(#223),#3609,.T.);
#3798=ADVANCED_FACE('',(#224),#3610,.T.);
#3799=ADVANCED_FACE('',(#225,#132),#3611,.T.);
#3800=ADVANCED_FACE('',(#226),#3612,.T.);
#3801=ADVANCED_FACE('',(#227),#3613,.F.);
#3802=ADVANCED_FACE('',(#228),#3614,.T.);
#3803=ADVANCED_FACE('',(#229,#133),#3615,.T.);
#3804=ADVANCED_FACE('',(#230),#3616,.T.);
#3805=ADVANCED_FACE('',(#231),#3617,.T.);
#3806=ADVANCED_FACE('',(#232),#3618,.T.);
#3807=ADVANCED_FACE('',(#233),#3619,.T.);
#3808=ADVANCED_FACE('',(#234),#23,.T.);
#3809=ADVANCED_FACE('',(#235),#3620,.T.);
#3810=ADVANCED_FACE('',(#236),#24,.T.);
#3811=ADVANCED_FACE('',(#237),#3621,.T.);
#3812=ADVANCED_FACE('',(#238),#25,.T.);
#3813=ADVANCED_FACE('',(#239),#3622,.T.);
#3814=ADVANCED_FACE('',(#240),#26,.T.);
#3815=ADVANCED_FACE('',(#241,#134),#3623,.T.);
#3816=ADVANCED_FACE('',(#242),#3624,.T.);
#3817=ADVANCED_FACE('',(#243),#3625,.T.);
#3818=ADVANCED_FACE('',(#244),#3626,.T.);
#3819=ADVANCED_FACE('',(#245),#3627,.T.);
#3820=ADVANCED_FACE('',(#246,#135),#3628,.T.);
#3821=ADVANCED_FACE('',(#247),#3629,.T.);
#3822=ADVANCED_FACE('',(#248),#3630,.T.);
#3823=ADVANCED_FACE('',(#249),#3631,.T.);
#3824=ADVANCED_FACE('',(#250),#3632,.T.);
#3825=ADVANCED_FACE('',(#251,#136),#3633,.T.);
#3826=ADVANCED_FACE('',(#252),#3634,.T.);
#3827=ADVANCED_FACE('',(#253),#3635,.T.);
#3828=ADVANCED_FACE('',(#254),#3636,.T.);
#3829=ADVANCED_FACE('',(#255),#3637,.T.);
#3830=ADVANCED_FACE('',(#256,#137),#3638,.T.);
#3831=ADVANCED_FACE('',(#257),#3639,.T.);
#3832=ADVANCED_FACE('',(#258),#3640,.T.);
#3833=ADVANCED_FACE('',(#259),#3641,.T.);
#3834=ADVANCED_FACE('',(#260),#3642,.T.);
#3835=ADVANCED_FACE('',(#261),#3643,.T.);
#3836=ADVANCED_FACE('',(#262),#27,.T.);
#3837=ADVANCED_FACE('',(#263),#3644,.T.);
#3838=ADVANCED_FACE('',(#264),#28,.T.);
#3839=ADVANCED_FACE('',(#265),#3645,.T.);
#3840=ADVANCED_FACE('',(#266),#29,.T.);
#3841=ADVANCED_FACE('',(#267),#3646,.T.);
#3842=ADVANCED_FACE('',(#268),#30,.T.);
#3843=ADVANCED_FACE('',(#269,#138,#139,#140,#141),#3647,.T.);
#3844=ADVANCED_FACE('',(#270),#3648,.F.);
#3845=ADVANCED_FACE('',(#271),#31,.T.);
#3846=ADVANCED_FACE('',(#272),#32,.T.);
#3847=ADVANCED_FACE('',(#273),#33,.T.);
#3848=ADVANCED_FACE('',(#274),#34,.T.);
#3849=ADVANCED_FACE('',(#275),#35,.F.);
#3850=ADVANCED_FACE('',(#276),#3649,.F.);
#3851=ADVANCED_FACE('',(#277),#36,.F.);
#3852=ADVANCED_FACE('',(#278),#3650,.F.);
#3853=ADVANCED_FACE('',(#279),#37,.F.);
#3854=ADVANCED_FACE('',(#280,#142,#143,#144,#145,#146,#147,#148,#149,#150,
#151,#152,#153),#3651,.F.);
#3855=ADVANCED_FACE('',(#281),#3652,.F.);
#3856=ADVANCED_FACE('',(#282),#38,.F.);
#3857=ADVANCED_FACE('',(#283),#3653,.T.);
#3858=ADVANCED_FACE('',(#284),#3654,.F.);
#3859=ADVANCED_FACE('',(#285),#3655,.F.);
#3860=ADVANCED_FACE('',(#286),#3656,.F.);
#3861=ADVANCED_FACE('',(#287,#154),#3657,.F.);
#3862=ADVANCED_FACE('',(#288),#3658,.T.);
#3863=ADVANCED_FACE('',(#289),#3659,.F.);
#3864=ADVANCED_FACE('',(#290),#3660,.F.);
#3865=ADVANCED_FACE('',(#291),#3661,.F.);
#3866=ADVANCED_FACE('',(#292,#155),#3662,.F.);
#3867=ADVANCED_FACE('',(#293),#3663,.T.);
#3868=ADVANCED_FACE('',(#294),#3664,.F.);
#3869=ADVANCED_FACE('',(#295),#3665,.F.);
#3870=ADVANCED_FACE('',(#296,#156),#3666,.F.);
#3871=ADVANCED_FACE('',(#297),#3667,.F.);
#3872=ADVANCED_FACE('',(#298),#3668,.T.);
#3873=ADVANCED_FACE('',(#299),#3669,.F.);
#3874=ADVANCED_FACE('',(#300),#3670,.F.);
#3875=ADVANCED_FACE('',(#301),#3671,.F.);
#3876=ADVANCED_FACE('',(#302,#157),#3672,.F.);
#3877=ADVANCED_FACE('',(#303),#3673,.T.);
#3878=ADVANCED_FACE('',(#304),#3674,.F.);
#3879=ADVANCED_FACE('',(#305),#3675,.F.);
#3880=ADVANCED_FACE('',(#306),#3676,.T.);
#3881=ADVANCED_FACE('',(#307),#3677,.F.);
#3882=ADVANCED_FACE('',(#308),#3678,.F.);
#3883=ADVANCED_FACE('',(#309),#3679,.T.);
#3884=ADVANCED_FACE('',(#310),#3680,.F.);
#3885=ADVANCED_FACE('',(#311,#158),#3681,.F.);
#3886=ADVANCED_FACE('',(#312),#3682,.F.);
#3887=ADVANCED_FACE('',(#313),#3683,.F.);
#3888=ADVANCED_FACE('',(#314),#39,.F.);
#3889=ADVANCED_FACE('',(#315),#3684,.F.);
#3890=ADVANCED_FACE('',(#316),#40,.F.);
#3891=ADVANCED_FACE('',(#317),#3685,.F.);
#3892=ADVANCED_FACE('',(#318),#41,.F.);
#3893=ADVANCED_FACE('',(#319),#3686,.F.);
#3894=ADVANCED_FACE('',(#320),#42,.F.);
#3895=ADVANCED_FACE('',(#321,#159),#3687,.F.);
#3896=ADVANCED_FACE('',(#322),#3688,.F.);
#3897=ADVANCED_FACE('',(#323),#3689,.F.);
#3898=ADVANCED_FACE('',(#324),#3690,.F.);
#3899=ADVANCED_FACE('',(#325),#3691,.F.);
#3900=ADVANCED_FACE('',(#326,#160),#3692,.F.);
#3901=ADVANCED_FACE('',(#327),#3693,.F.);
#3902=ADVANCED_FACE('',(#328),#3694,.F.);
#3903=ADVANCED_FACE('',(#329),#3695,.F.);
#3904=ADVANCED_FACE('',(#330),#3696,.F.);
#3905=ADVANCED_FACE('',(#331,#161),#3697,.F.);
#3906=ADVANCED_FACE('',(#332),#3698,.F.);
#3907=ADVANCED_FACE('',(#333),#3699,.F.);
#3908=ADVANCED_FACE('',(#334),#3700,.F.);
#3909=ADVANCED_FACE('',(#335),#3701,.F.);
#3910=ADVANCED_FACE('',(#336,#162),#3702,.F.);
#3911=ADVANCED_FACE('',(#337),#3703,.F.);
#3912=ADVANCED_FACE('',(#338),#3704,.F.);
#3913=ADVANCED_FACE('',(#339),#3705,.F.);
#3914=ADVANCED_FACE('',(#340),#3706,.F.);
#3915=ADVANCED_FACE('',(#341),#3707,.F.);
#3916=ADVANCED_FACE('',(#342),#43,.F.);
#3917=ADVANCED_FACE('',(#343),#3708,.F.);
#3918=ADVANCED_FACE('',(#344),#44,.F.);
#3919=ADVANCED_FACE('',(#345),#3709,.F.);
#3920=ADVANCED_FACE('',(#346),#45,.F.);
#3921=ADVANCED_FACE('',(#347),#3710,.F.);
#3922=ADVANCED_FACE('',(#348),#46,.F.);
#3923=ADVANCED_FACE('',(#349),#3711,.T.);
#3924=ADVANCED_FACE('',(#350),#3712,.T.);
#3925=ADVANCED_FACE('',(#351),#3713,.T.);
#3926=ADVANCED_FACE('',(#352),#3714,.T.);
#3927=ADVANCED_FACE('',(#353),#3715,.T.);
#3928=ADVANCED_FACE('',(#354),#3716,.T.);
#3929=ADVANCED_FACE('',(#355),#3717,.T.);
#3930=ADVANCED_FACE('',(#356),#3718,.T.);
#3931=ADVANCED_FACE('',(#357),#3719,.T.);
#3932=ADVANCED_FACE('',(#358),#3720,.T.);
#3933=ADVANCED_FACE('',(#359),#3721,.T.);
#3934=ADVANCED_FACE('',(#360),#3722,.T.);
#3935=ADVANCED_FACE('',(#361),#3723,.T.);
#3936=ADVANCED_FACE('',(#362),#3724,.T.);
#3937=ADVANCED_FACE('',(#363),#3725,.T.);
#3938=ADVANCED_FACE('',(#364),#3726,.T.);
#3939=ADVANCED_FACE('',(#365),#3727,.T.);
#3940=ADVANCED_FACE('',(#366),#3728,.T.);
#3941=ADVANCED_FACE('',(#367),#3729,.T.);
#3942=ADVANCED_FACE('',(#368),#3730,.T.);
#3943=ADVANCED_FACE('',(#369,#163),#3731,.T.);
#3944=ADVANCED_FACE('',(#370,#164),#3732,.F.);
#3945=ADVANCED_FACE('',(#371),#3733,.F.);
#3946=ADVANCED_FACE('',(#372),#3734,.F.);
#3947=ADVANCED_FACE('',(#373),#3735,.F.);
#3948=ADVANCED_FACE('',(#374),#3736,.F.);
#3949=ADVANCED_FACE('',(#375),#3737,.F.);
#3950=ADVANCED_FACE('',(#376),#3738,.T.);
#3951=CLOSED_SHELL('',(#3739,#3740,#3741,#3742,#3743,#3744,#3745,#3746,
#3747,#3748,#3749,#3750,#3751,#3752,#3753,#3754,#3755,#3756,#3757,#3758,
#3759,#3760,#3761,#3762,#3763,#3764,#3765,#3766,#3767,#3768,#3769,#3770,
#3771,#3772,#3773,#3774,#3775,#3776,#3777,#3778,#3779,#3780,#3781,#3782,
#3783,#3784,#3785,#3786,#3787,#3788,#3789,#3790,#3791,#3792,#3793,#3794,
#3795,#3796,#3797,#3798,#3799,#3800,#3801,#3802,#3803,#3804,#3805,#3806,
#3807,#3808,#3809,#3810,#3811,#3812,#3813,#3814,#3815,#3816,#3817,#3818,
#3819,#3820,#3821,#3822,#3823,#3824,#3825,#3826,#3827,#3828,#3829,#3830,
#3831,#3832,#3833,#3834,#3835,#3836,#3837,#3838,#3839,#3840,#3841,#3842,
#3843,#3844,#3845,#3846,#3847,#3848,#3849,#3850,#3851,#3852,#3853,#3854,
#3855,#3856,#3857,#3858,#3859,#3860,#3861,#3862,#3863,#3864,#3865,#3866,
#3867,#3868,#3869,#3870,#3871,#3872,#3873,#3874,#3875,#3876,#3877,#3878,
#3879,#3880,#3881,#3882,#3883,#3884,#3885,#3886,#3887,#3888,#3889,#3890,
#3891,#3892,#3893,#3894,#3895,#3896,#3897,#3898,#3899,#3900,#3901,#3902,
#3903,#3904,#3905,#3906,#3907,#3908,#3909,#3910,#3911,#3912,#3913,#3914,
#3915,#3916,#3917,#3918,#3919,#3920,#3921,#3922,#3923,#3924,#3925,#3926,
#3927,#3928,#3929,#3930,#3931,#3932,#3933,#3934,#3935,#3936,#3937,#3938,
#3939,#3940,#3941,#3942,#3943,#3944,#3945,#3946,#3947,#3948,#3949,#3950));
#3952=DERIVED_UNIT_ELEMENT(#3954,1.);
#3953=DERIVED_UNIT_ELEMENT(#6379,-3.);
#3954=(
MASS_UNIT()
NAMED_UNIT(*)
SI_UNIT(.KILO.,.GRAM.)
);
#3955=DERIVED_UNIT((#3952,#3953));
#3956=MEASURE_REPRESENTATION_ITEM('density measure',
POSITIVE_RATIO_MEASURE(7850.),#3955);
#3957=PROPERTY_DEFINITION_REPRESENTATION(#3962,#3959);
#3958=PROPERTY_DEFINITION_REPRESENTATION(#3963,#3960);
#3959=REPRESENTATION('material name',(#3961),#6376);
#3960=REPRESENTATION('density',(#3956),#6376);
#3961=DESCRIPTIVE_REPRESENTATION_ITEM('\X2\94A2\X0\','\X2\94A2\X0\');
#3962=PROPERTY_DEFINITION('material property','material name',#6386);
#3963=PROPERTY_DEFINITION('material property','density of part',#6386);
#3964=AXIS2_PLACEMENT_3D('',#5269,#4241,#4242);
#3965=AXIS2_PLACEMENT_3D('',#5270,#4243,#4244);
#3966=AXIS2_PLACEMENT_3D('',#5279,#4249,#4250);
#3967=AXIS2_PLACEMENT_3D('',#5285,#4254,#4255);
#3968=AXIS2_PLACEMENT_3D('',#5291,#4259,#4260);
#3969=AXIS2_PLACEMENT_3D('',#5294,#4263,#4264);
#3970=AXIS2_PLACEMENT_3D('',#5295,#4265,#4266);
#3971=AXIS2_PLACEMENT_3D('',#5304,#4271,#4272);
#3972=AXIS2_PLACEMENT_3D('',#5310,#4276,#4277);
#3973=AXIS2_PLACEMENT_3D('',#5316,#4281,#4282);
#3974=AXIS2_PLACEMENT_3D('',#5319,#4285,#4286);
#3975=AXIS2_PLACEMENT_3D('',#5320,#4287,#4288);
#3976=AXIS2_PLACEMENT_3D('',#5329,#4293,#4294);
#3977=AXIS2_PLACEMENT_3D('',#5339,#4300,#4301);
#3978=AXIS2_PLACEMENT_3D('',#5352,#4308,#4309);
#3979=AXIS2_PLACEMENT_3D('',#5355,#4310,#4311);
#3980=AXIS2_PLACEMENT_3D('',#5359,#4313,#4314);
#3981=AXIS2_PLACEMENT_3D('',#5363,#4316,#4317);
#3982=AXIS2_PLACEMENT_3D('',#5367,#4319,#4320);
#3983=AXIS2_PLACEMENT_3D('',#5370,#4322,#4323);
#3984=AXIS2_PLACEMENT_3D('',#5372,#4324,#4325);
#3985=AXIS2_PLACEMENT_3D('',#5374,#4326,#4327);
#3986=AXIS2_PLACEMENT_3D('',#5376,#4328,#4329);
#3987=AXIS2_PLACEMENT_3D('',#5377,#4330,#4331);
#3988=AXIS2_PLACEMENT_3D('',#5403,#4345,#4346);
#3989=AXIS2_PLACEMENT_3D('',#5406,#4348,#4349);
#3990=AXIS2_PLACEMENT_3D('',#5407,#4350,#4351);
#3991=AXIS2_PLACEMENT_3D('',#5410,#4353,#4354);
#3992=AXIS2_PLACEMENT_3D('',#5411,#4355,#4356);
#3993=AXIS2_PLACEMENT_3D('',#5414,#4358,#4359);
#3994=AXIS2_PLACEMENT_3D('',#5415,#4360,#4361);
#3995=AXIS2_PLACEMENT_3D('',#5418,#4363,#4364);
#3996=AXIS2_PLACEMENT_3D('',#5419,#4365,#4366);
#3997=AXIS2_PLACEMENT_3D('',#5422,#4368,#4369);
#3998=AXIS2_PLACEMENT_3D('',#5423,#4370,#4371);
#3999=AXIS2_PLACEMENT_3D('',#5435,#4378,#4379);
#4000=AXIS2_PLACEMENT_3D('',#5438,#4381,#4382);
#4001=AXIS2_PLACEMENT_3D('',#5439,#4383,#4384);
#4002=AXIS2_PLACEMENT_3D('',#5443,#4387,#4388);
#4003=AXIS2_PLACEMENT_3D('',#5446,#4390,#4391);
#4004=AXIS2_PLACEMENT_3D('',#5447,#4392,#4393);
#4005=AXIS2_PLACEMENT_3D('',#5452,#4396,#4397);
#4006=AXIS2_PLACEMENT_3D('',#5503,#4426,#4427);
#4007=AXIS2_PLACEMENT_3D('',#5505,#4428,#4429);
#4008=AXIS2_PLACEMENT_3D('',#5507,#4430,#4431);
#4009=AXIS2_PLACEMENT_3D('',#5509,#4432,#4433);
#4010=AXIS2_PLACEMENT_3D('',#5526,#4442,#4443);
#4011=AXIS2_PLACEMENT_3D('',#5528,#4445,#4446);
#4012=AXIS2_PLACEMENT_3D('',#5529,#4447,#4448);
#4013=AXIS2_PLACEMENT_3D('',#5535,#4452,#4453);
#4014=AXIS2_PLACEMENT_3D('',#5544,#4458,#4459);
#4015=AXIS2_PLACEMENT_3D('',#5547,#4462,#4463);
#4016=AXIS2_PLACEMENT_3D('',#5557,#4469,#4470);
#4017=AXIS2_PLACEMENT_3D('',#5559,#4472,#4473);
#4018=AXIS2_PLACEMENT_3D('',#5560,#4474,#4475);
#4019=AXIS2_PLACEMENT_3D('',#5566,#4479,#4480);
#4020=AXIS2_PLACEMENT_3D('',#5575,#4485,#4486);
#4021=AXIS2_PLACEMENT_3D('',#5578,#4489,#4490);
#4022=AXIS2_PLACEMENT_3D('',#5588,#4496,#4497);
#4023=AXIS2_PLACEMENT_3D('',#5590,#4499,#4500);
#4024=AXIS2_PLACEMENT_3D('',#5591,#4501,#4502);
#4025=AXIS2_PLACEMENT_3D('',#5597,#4506,#4507);
#4026=AXIS2_PLACEMENT_3D('',#5606,#4512,#4513);
#4027=AXIS2_PLACEMENT_3D('',#5617,#4520,#4521);
#4028=AXIS2_PLACEMENT_3D('',#5619,#4523,#4524);
#4029=AXIS2_PLACEMENT_3D('',#5621,#4526,#4527);
#4030=AXIS2_PLACEMENT_3D('',#5622,#4528,#4529);
#4031=AXIS2_PLACEMENT_3D('',#5628,#4533,#4534);
#4032=AXIS2_PLACEMENT_3D('',#5637,#4539,#4540);
#4033=AXIS2_PLACEMENT_3D('',#5640,#4543,#4544);
#4034=AXIS2_PLACEMENT_3D('',#5650,#4550,#4551);
#4035=AXIS2_PLACEMENT_3D('',#5652,#4553,#4554);
#4036=AXIS2_PLACEMENT_3D('',#5653,#4555,#4556);
#4037=AXIS2_PLACEMENT_3D('',#5659,#4560,#4561);
#4038=AXIS2_PLACEMENT_3D('',#5668,#4566,#4567);
#4039=AXIS2_PLACEMENT_3D('',#5671,#4570,#4571);
#4040=AXIS2_PLACEMENT_3D('',#5673,#4573,#4574);
#4041=AXIS2_PLACEMENT_3D('',#5675,#4576,#4577);
#4042=AXIS2_PLACEMENT_3D('',#5681,#4581,#4582);
#4043=AXIS2_PLACEMENT_3D('',#5690,#4587,#4588);
#4044=AXIS2_PLACEMENT_3D('',#5693,#4591,#4592);
#4045=AXIS2_PLACEMENT_3D('',#5695,#4594,#4595);
#4046=AXIS2_PLACEMENT_3D('',#5702,#4600,#4601);
#4047=AXIS2_PLACEMENT_3D('',#5703,#4602,#4603);
#4048=AXIS2_PLACEMENT_3D('',#5709,#4607,#4608);
#4049=AXIS2_PLACEMENT_3D('',#5718,#4613,#4614);
#4050=AXIS2_PLACEMENT_3D('',#5726,#4620,#4621);
#4051=AXIS2_PLACEMENT_3D('',#5728,#4623,#4624);
#4052=AXIS2_PLACEMENT_3D('',#5730,#4626,#4627);
#4053=AXIS2_PLACEMENT_3D('',#5731,#4628,#4629);
#4054=AXIS2_PLACEMENT_3D('',#5733,#4630,#4631);
#4055=AXIS2_PLACEMENT_3D('',#5734,#4632,#4633);
#4056=AXIS2_PLACEMENT_3D('',#5736,#4635,#4636);
#4057=AXIS2_PLACEMENT_3D('',#5738,#4637,#4638);
#4058=AXIS2_PLACEMENT_3D('',#5739,#4639,#4640);
#4059=AXIS2_PLACEMENT_3D('',#5741,#4642,#4643);
#4060=AXIS2_PLACEMENT_3D('',#5743,#4644,#4645);
#4061=AXIS2_PLACEMENT_3D('',#5744,#4646,#4647);
#4062=AXIS2_PLACEMENT_3D('',#5746,#4649,#4650);
#4063=AXIS2_PLACEMENT_3D('',#5748,#4651,#4652);
#4064=AXIS2_PLACEMENT_3D('',#5749,#4653,#4654);
#4065=AXIS2_PLACEMENT_3D('',#5751,#4656,#4657);
#4066=AXIS2_PLACEMENT_3D('',#5761,#4662,#4663);
#4067=AXIS2_PLACEMENT_3D('',#5762,#4664,#4665);
#4068=AXIS2_PLACEMENT_3D('',#5765,#4668,#4669);
#4069=AXIS2_PLACEMENT_3D('',#5767,#4671,#4672);
#4070=AXIS2_PLACEMENT_3D('',#5769,#4674,#4675);
#4071=AXIS2_PLACEMENT_3D('',#5770,#4676,#4677);
#4072=AXIS2_PLACEMENT_3D('',#5780,#4682,#4683);
#4073=AXIS2_PLACEMENT_3D('',#5781,#4684,#4685);
#4074=AXIS2_PLACEMENT_3D('',#5784,#4688,#4689);
#4075=AXIS2_PLACEMENT_3D('',#5786,#4691,#4692);
#4076=AXIS2_PLACEMENT_3D('',#5788,#4694,#4695);
#4077=AXIS2_PLACEMENT_3D('',#5789,#4696,#4697);
#4078=AXIS2_PLACEMENT_3D('',#5799,#4702,#4703);
#4079=AXIS2_PLACEMENT_3D('',#5800,#4704,#4705);
#4080=AXIS2_PLACEMENT_3D('',#5803,#4708,#4709);
#4081=AXIS2_PLACEMENT_3D('',#5805,#4711,#4712);
#4082=AXIS2_PLACEMENT_3D('',#5807,#4714,#4715);
#4083=AXIS2_PLACEMENT_3D('',#5808,#4716,#4717);
#4084=AXIS2_PLACEMENT_3D('',#5818,#4722,#4723);
#4085=AXIS2_PLACEMENT_3D('',#5819,#4724,#4725);
#4086=AXIS2_PLACEMENT_3D('',#5822,#4728,#4729);
#4087=AXIS2_PLACEMENT_3D('',#5824,#4731,#4732);
#4088=AXIS2_PLACEMENT_3D('',#5826,#4734,#4735);
#4089=AXIS2_PLACEMENT_3D('',#5827,#4736,#4737);
#4090=AXIS2_PLACEMENT_3D('',#5829,#4738,#4739);
#4091=AXIS2_PLACEMENT_3D('',#5830,#4740,#4741);
#4092=AXIS2_PLACEMENT_3D('',#5832,#4743,#4744);
#4093=AXIS2_PLACEMENT_3D('',#5834,#4745,#4746);
#4094=AXIS2_PLACEMENT_3D('',#5835,#4747,#4748);
#4095=AXIS2_PLACEMENT_3D('',#5837,#4750,#4751);
#4096=AXIS2_PLACEMENT_3D('',#5839,#4752,#4753);
#4097=AXIS2_PLACEMENT_3D('',#5840,#4754,#4755);
#4098=AXIS2_PLACEMENT_3D('',#5842,#4757,#4758);
#4099=AXIS2_PLACEMENT_3D('',#5844,#4759,#4760);
#4100=AXIS2_PLACEMENT_3D('',#5845,#4761,#4762);
#4101=AXIS2_PLACEMENT_3D('',#5847,#4764,#4765);
#4102=AXIS2_PLACEMENT_3D('',#5850,#4766,#4767);
#4103=AXIS2_PLACEMENT_3D('',#5854,#4769,#4770);
#4104=AXIS2_PLACEMENT_3D('',#5858,#4772,#4773);
#4105=AXIS2_PLACEMENT_3D('',#5862,#4775,#4776);
#4106=AXIS2_PLACEMENT_3D('',#5865,#4778,#4779);
#4107=AXIS2_PLACEMENT_3D('',#5867,#4780,#4781);
#4108=AXIS2_PLACEMENT_3D('',#5869,#4782,#4783);
#4109=AXIS2_PLACEMENT_3D('',#5871,#4784,#4785);
#4110=AXIS2_PLACEMENT_3D('',#5872,#4786,#4787);
#4111=AXIS2_PLACEMENT_3D('',#5918,#4811,#4812);
#4112=AXIS2_PLACEMENT_3D('',#5920,#4813,#4814);
#4113=AXIS2_PLACEMENT_3D('',#5922,#4816,#4817);
#4114=AXIS2_PLACEMENT_3D('',#5924,#4818,#4819);
#4115=AXIS2_PLACEMENT_3D('',#5926,#4821,#4822);
#4116=AXIS2_PLACEMENT_3D('',#5928,#4823,#4824);
#4117=AXIS2_PLACEMENT_3D('',#5930,#4826,#4827);
#4118=AXIS2_PLACEMENT_3D('',#5932,#4828,#4829);
#4119=AXIS2_PLACEMENT_3D('',#5934,#4831,#4832);
#4120=AXIS2_PLACEMENT_3D('',#5936,#4833,#4834);
#4121=AXIS2_PLACEMENT_3D('',#5938,#4836,#4837);
#4122=AXIS2_PLACEMENT_3D('',#5952,#4846,#4847);
#4123=AXIS2_PLACEMENT_3D('',#5954,#4848,#4849);
#4124=AXIS2_PLACEMENT_3D('',#5956,#4851,#4852);
#4125=AXIS2_PLACEMENT_3D('',#5960,#4855,#4856);
#4126=AXIS2_PLACEMENT_3D('',#5962,#4857,#4858);
#4127=AXIS2_PLACEMENT_3D('',#5964,#4860,#4861);
#4128=AXIS2_PLACEMENT_3D('',#5995,#4880,#4881);
#4129=AXIS2_PLACEMENT_3D('',#6014,#4891,#4892);
#4130=AXIS2_PLACEMENT_3D('',#6016,#4893,#4894);
#4131=AXIS2_PLACEMENT_3D('',#6018,#4895,#4896);
#4132=AXIS2_PLACEMENT_3D('',#6020,#4897,#4898);
#4133=AXIS2_PLACEMENT_3D('',#6037,#4907,#4908);
#4134=AXIS2_PLACEMENT_3D('',#6039,#4910,#4911);
#4135=AXIS2_PLACEMENT_3D('',#6040,#4912,#4913);
#4136=AXIS2_PLACEMENT_3D('',#6043,#4916,#4917);
#4137=AXIS2_PLACEMENT_3D('',#6049,#4921,#4922);
#4138=AXIS2_PLACEMENT_3D('',#6051,#4924,#4925);
#4139=AXIS2_PLACEMENT_3D('',#6053,#4927,#4928);
#4140=AXIS2_PLACEMENT_3D('',#6062,#4933,#4934);
#4141=AXIS2_PLACEMENT_3D('',#6065,#4937,#4938);
#4142=AXIS2_PLACEMENT_3D('',#6071,#4942,#4943);
#4143=AXIS2_PLACEMENT_3D('',#6073,#4945,#4946);
#4144=AXIS2_PLACEMENT_3D('',#6075,#4948,#4949);
#4145=AXIS2_PLACEMENT_3D('',#6084,#4954,#4955);
#4146=AXIS2_PLACEMENT_3D('',#6087,#4958,#4959);
#4147=AXIS2_PLACEMENT_3D('',#6093,#4963,#4964);
#4148=AXIS2_PLACEMENT_3D('',#6095,#4966,#4967);
#4149=AXIS2_PLACEMENT_3D('',#6105,#4973,#4974);
#4150=AXIS2_PLACEMENT_3D('',#6106,#4975,#4976);
#4151=AXIS2_PLACEMENT_3D('',#6109,#4979,#4980);
#4152=AXIS2_PLACEMENT_3D('',#6115,#4984,#4985);
#4153=AXIS2_PLACEMENT_3D('',#6117,#4987,#4988);
#4154=AXIS2_PLACEMENT_3D('',#6119,#4990,#4991);
#4155=AXIS2_PLACEMENT_3D('',#6128,#4996,#4997);
#4156=AXIS2_PLACEMENT_3D('',#6134,#5001,#5002);
#4157=AXIS2_PLACEMENT_3D('',#6143,#5007,#5008);
#4158=AXIS2_PLACEMENT_3D('',#6146,#5011,#5012);
#4159=AXIS2_PLACEMENT_3D('',#6148,#5014,#5015);
#4160=AXIS2_PLACEMENT_3D('',#6150,#5017,#5018);
#4161=AXIS2_PLACEMENT_3D('',#6151,#5019,#5020);
#4162=AXIS2_PLACEMENT_3D('',#6153,#5022,#5023);
#4163=AXIS2_PLACEMENT_3D('',#6157,#5026,#5027);
#4164=AXIS2_PLACEMENT_3D('',#6159,#5029,#5030);
#4165=AXIS2_PLACEMENT_3D('',#6160,#5031,#5032);
#4166=AXIS2_PLACEMENT_3D('',#6162,#5033,#5034);
#4167=AXIS2_PLACEMENT_3D('',#6163,#5035,#5036);
#4168=AXIS2_PLACEMENT_3D('',#6165,#5038,#5039);
#4169=AXIS2_PLACEMENT_3D('',#6167,#5040,#5041);
#4170=AXIS2_PLACEMENT_3D('',#6168,#5042,#5043);
#4171=AXIS2_PLACEMENT_3D('',#6170,#5045,#5046);
#4172=AXIS2_PLACEMENT_3D('',#6172,#5047,#5048);
#4173=AXIS2_PLACEMENT_3D('',#6173,#5049,#5050);
#4174=AXIS2_PLACEMENT_3D('',#6175,#5052,#5053);
#4175=AXIS2_PLACEMENT_3D('',#6177,#5054,#5055);
#4176=AXIS2_PLACEMENT_3D('',#6178,#5056,#5057);
#4177=AXIS2_PLACEMENT_3D('',#6180,#5059,#5060);
#4178=AXIS2_PLACEMENT_3D('',#6190,#5065,#5066);
#4179=AXIS2_PLACEMENT_3D('',#6191,#5067,#5068);
#4180=AXIS2_PLACEMENT_3D('',#6194,#5071,#5072);
#4181=AXIS2_PLACEMENT_3D('',#6196,#5074,#5075);
#4182=AXIS2_PLACEMENT_3D('',#6198,#5077,#5078);
#4183=AXIS2_PLACEMENT_3D('',#6199,#5079,#5080);
#4184=AXIS2_PLACEMENT_3D('',#6209,#5085,#5086);
#4185=AXIS2_PLACEMENT_3D('',#6210,#5087,#5088);
#4186=AXIS2_PLACEMENT_3D('',#6213,#5091,#5092);
#4187=AXIS2_PLACEMENT_3D('',#6215,#5094,#5095);
#4188=AXIS2_PLACEMENT_3D('',#6217,#5097,#5098);
#4189=AXIS2_PLACEMENT_3D('',#6218,#5099,#5100);
#4190=AXIS2_PLACEMENT_3D('',#6228,#5105,#5106);
#4191=AXIS2_PLACEMENT_3D('',#6229,#5107,#5108);
#4192=AXIS2_PLACEMENT_3D('',#6232,#5111,#5112);
#4193=AXIS2_PLACEMENT_3D('',#6234,#5114,#5115);
#4194=AXIS2_PLACEMENT_3D('',#6236,#5117,#5118);
#4195=AXIS2_PLACEMENT_3D('',#6237,#5119,#5120);
#4196=AXIS2_PLACEMENT_3D('',#6247,#5125,#5126);
#4197=AXIS2_PLACEMENT_3D('',#6248,#5127,#5128);
#4198=AXIS2_PLACEMENT_3D('',#6251,#5131,#5132);
#4199=AXIS2_PLACEMENT_3D('',#6253,#5134,#5135);
#4200=AXIS2_PLACEMENT_3D('',#6255,#5137,#5138);
#4201=AXIS2_PLACEMENT_3D('',#6256,#5139,#5140);
#4202=AXIS2_PLACEMENT_3D('',#6258,#5141,#5142);
#4203=AXIS2_PLACEMENT_3D('',#6259,#5143,#5144);
#4204=AXIS2_PLACEMENT_3D('',#6261,#5146,#5147);
#4205=AXIS2_PLACEMENT_3D('',#6263,#5148,#5149);
#4206=AXIS2_PLACEMENT_3D('',#6264,#5150,#5151);
#4207=AXIS2_PLACEMENT_3D('',#6266,#5153,#5154);
#4208=AXIS2_PLACEMENT_3D('',#6268,#5155,#5156);
#4209=AXIS2_PLACEMENT_3D('',#6269,#5157,#5158);
#4210=AXIS2_PLACEMENT_3D('',#6271,#5160,#5161);
#4211=AXIS2_PLACEMENT_3D('',#6273,#5162,#5163);
#4212=AXIS2_PLACEMENT_3D('',#6274,#5164,#5165);
#4213=AXIS2_PLACEMENT_3D('',#6276,#5167,#5168);
#4214=AXIS2_PLACEMENT_3D('',#6285,#5173,#5174);
#4215=AXIS2_PLACEMENT_3D('',#6288,#5177,#5178);
#4216=AXIS2_PLACEMENT_3D('',#6290,#5180,#5181);
#4217=AXIS2_PLACEMENT_3D('',#6292,#5183,#5184);
#4218=AXIS2_PLACEMENT_3D('',#6293,#5185,#5186);
#4219=AXIS2_PLACEMENT_3D('',#6302,#5191,#5192);
#4220=AXIS2_PLACEMENT_3D('',#6305,#5195,#5196);
#4221=AXIS2_PLACEMENT_3D('',#6307,#5198,#5199);
#4222=AXIS2_PLACEMENT_3D('',#6309,#5201,#5202);
#4223=AXIS2_PLACEMENT_3D('',#6310,#5203,#5204);
#4224=AXIS2_PLACEMENT_3D('',#6319,#5209,#5210);
#4225=AXIS2_PLACEMENT_3D('',#6322,#5213,#5214);
#4226=AXIS2_PLACEMENT_3D('',#6324,#5216,#5217);
#4227=AXIS2_PLACEMENT_3D('',#6326,#5219,#5220);
#4228=AXIS2_PLACEMENT_3D('',#6327,#5221,#5222);
#4229=AXIS2_PLACEMENT_3D('',#6336,#5227,#5228);
#4230=AXIS2_PLACEMENT_3D('',#6339,#5231,#5232);
#4231=AXIS2_PLACEMENT_3D('',#6341,#5234,#5235);
#4232=AXIS2_PLACEMENT_3D('',#6343,#5237,#5238);
#4233=AXIS2_PLACEMENT_3D('',#6344,#5239,#5240);
#4234=AXIS2_PLACEMENT_3D('',#6346,#5242,#5243);
#4235=AXIS2_PLACEMENT_3D('',#6356,#5249,#5250);
#4236=AXIS2_PLACEMENT_3D('',#6357,#5251,#5252);
#4237=AXIS2_PLACEMENT_3D('',#6363,#5256,#5257);
#4238=AXIS2_PLACEMENT_3D('',#6367,#5260,#5261);
#4239=AXIS2_PLACEMENT_3D('',#6371,#5264,#5265);
#4240=AXIS2_PLACEMENT_3D('',#6373,#5267,#5268);
#4241=DIRECTION('axis',(0.,0.,1.));
#4242=DIRECTION('refdir',(1.,0.,0.));
#4243=DIRECTION('center_axis',(0.,-1.,0.));
#4244=DIRECTION('ref_axis',(0.,0.,-1.));
#4245=DIRECTION('',(0.,0.,-1.));
#4246=DIRECTION('',(1.,0.,0.));
#4247=DIRECTION('',(0.,0.,1.));
#4248=DIRECTION('',(1.,0.,0.));
#4249=DIRECTION('center_axis',(0.,4.89804275569922E-16,1.));
#4250=DIRECTION('ref_axis',(0.,-1.,4.89804275569922E-16));
#4251=DIRECTION('',(0.,-1.,4.89804275569922E-16));
#4252=DIRECTION('',(1.,0.,0.));
#4253=DIRECTION('',(0.,1.,-4.89804275569922E-16));
#4254=DIRECTION('center_axis',(0.,1.,0.));
#4255=DIRECTION('ref_axis',(0.,0.,1.));
#4256=DIRECTION('',(0.,0.,1.));
#4257=DIRECTION('',(1.,0.,0.));
#4258=DIRECTION('',(0.,0.,-1.));
#4259=DIRECTION('center_axis',(0.,-4.89804275569922E-16,-1.));
#4260=DIRECTION('ref_axis',(0.,1.,-4.89804275569922E-16));
#4261=DIRECTION('',(0.,1.,-4.89804275569922E-16));
#4262=DIRECTION('',(0.,-1.,4.89804275569922E-16));
#4263=DIRECTION('center_axis',(-1.,0.,0.));
#4264=DIRECTION('ref_axis',(0.,-1.,0.));
#4265=DIRECTION('center_axis',(0.,0.,1.));
#4266=DIRECTION('ref_axis',(0.,-1.,0.));
#4267=DIRECTION('',(0.,-1.,0.));
#4268=DIRECTION('',(1.,0.,0.));
#4269=DIRECTION('',(0.,-1.,0.));
#4270=DIRECTION('',(1.,0.,0.));
#4271=DIRECTION('center_axis',(0.,1.,0.));
#4272=DIRECTION('ref_axis',(0.,0.,1.));
#4273=DIRECTION('',(0.,0.,1.));
#4274=DIRECTION('',(1.,0.,0.));
#4275=DIRECTION('',(0.,0.,1.));
#4276=DIRECTION('center_axis',(0.,0.,-1.));
#4277=DIRECTION('ref_axis',(0.,1.,0.));
#4278=DIRECTION('',(0.,1.,0.));
#4279=DIRECTION('',(1.,0.,0.));
#4280=DIRECTION('',(0.,1.,0.));
#4281=DIRECTION('center_axis',(0.,-1.,0.));
#4282=DIRECTION('ref_axis',(0.,0.,-1.));
#4283=DIRECTION('',(0.,0.,-1.));
#4284=DIRECTION('',(0.,0.,-1.));
#4285=DIRECTION('center_axis',(-1.,0.,0.));
#4286=DIRECTION('ref_axis',(0.,-1.,0.));
#4287=DIRECTION('center_axis',(1.,0.,0.));
#4288=DIRECTION('ref_axis',(0.,1.,0.));
#4289=DIRECTION('',(0.,0.,-1.));
#4290=DIRECTION('',(0.,-1.,0.));
#4291=DIRECTION('',(0.,0.,1.));
#4292=DIRECTION('',(0.,-1.,0.));
#4293=DIRECTION('center_axis',(0.,1.,0.));
#4294=DIRECTION('ref_axis',(-1.,0.,0.));
#4295=DIRECTION('',(0.,0.,1.));
#4296=DIRECTION('',(1.,0.,0.));
#4297=DIRECTION('',(1.,0.,0.));
#4298=DIRECTION('',(0.,0.,1.));
#4299=DIRECTION('',(1.,0.,0.));
#4300=DIRECTION('center_axis',(0.,-1.,0.));
#4301=DIRECTION('ref_axis',(1.,0.,0.));
#4302=DIRECTION('',(0.,0.,-1.));
#4303=DIRECTION('',(-1.,0.,0.));
#4304=DIRECTION('',(0.,0.,-1.));
#4305=DIRECTION('',(-1.,0.,0.));
#4306=DIRECTION('',(0.,0.,-1.));
#4307=DIRECTION('',(-1.,0.,0.));
#4308=DIRECTION('center_axis',(0.,0.,1.));
#4309=DIRECTION('ref_axis',(1.,0.,0.));
#4310=DIRECTION('center_axis',(0.,0.,1.));
#4311=DIRECTION('ref_axis',(0.707106781186548,0.707106781186548,0.));
#4312=DIRECTION('',(0.,-1.,0.));
#4313=DIRECTION('center_axis',(0.,0.,1.));
#4314=DIRECTION('ref_axis',(0.707106781186548,-0.707106781186548,0.));
#4315=DIRECTION('',(-1.,0.,0.));
#4316=DIRECTION('center_axis',(0.,0.,1.));
#4317=DIRECTION('ref_axis',(-0.707106781186548,-0.707106781186548,0.));
#4318=DIRECTION('',(0.,1.,0.));
#4319=DIRECTION('center_axis',(0.,0.,1.));
#4320=DIRECTION('ref_axis',(-0.707106781186548,0.707106781186548,0.));
#4321=DIRECTION('',(1.,0.,0.));
#4322=DIRECTION('center_axis',(0.,0.,1.));
#4323=DIRECTION('ref_axis',(1.,0.,0.));
#4324=DIRECTION('center_axis',(0.,0.,1.));
#4325=DIRECTION('ref_axis',(1.,0.,0.));
#4326=DIRECTION('center_axis',(0.,0.,1.));
#4327=DIRECTION('ref_axis',(1.,0.,0.));
#4328=DIRECTION('center_axis',(0.,0.,1.));
#4329=DIRECTION('ref_axis',(1.,0.,0.));
#4330=DIRECTION('center_axis',(0.,1.,0.));
#4331=DIRECTION('ref_axis',(1.,0.,0.));
#4332=DIRECTION('',(0.,0.,1.));
#4333=DIRECTION('',(0.,0.,-1.));
#4334=DIRECTION('',(1.,0.,0.));
#4335=DIRECTION('',(1.,0.,0.));
#4336=DIRECTION('',(1.,0.,0.));
#4337=DIRECTION('',(1.,0.,0.));
#4338=DIRECTION('',(1.,0.,0.));
#4339=DIRECTION('',(1.,0.,0.));
#4340=DIRECTION('',(1.,0.,0.));
#4341=DIRECTION('',(1.,0.,0.));
#4342=DIRECTION('',(1.,0.,0.));
#4343=DIRECTION('',(1.,0.,0.));
#4344=DIRECTION('',(1.,0.,0.));
#4345=DIRECTION('center_axis',(0.,0.,-1.));
#4346=DIRECTION('ref_axis',(1.,0.,0.));
#4347=DIRECTION('',(0.,0.,1.));
#4348=DIRECTION('center_axis',(0.,0.,-1.));
#4349=DIRECTION('ref_axis',(1.,0.,0.));
#4350=DIRECTION('center_axis',(0.,0.,-1.));
#4351=DIRECTION('ref_axis',(1.,0.,0.));
#4352=DIRECTION('',(0.,0.,1.));
#4353=DIRECTION('center_axis',(0.,0.,-1.));
#4354=DIRECTION('ref_axis',(1.,0.,0.));
#4355=DIRECTION('center_axis',(0.,0.,-1.));
#4356=DIRECTION('ref_axis',(1.,0.,0.));
#4357=DIRECTION('',(0.,0.,1.));
#4358=DIRECTION('center_axis',(0.,0.,-1.));
#4359=DIRECTION('ref_axis',(1.,0.,0.));
#4360=DIRECTION('center_axis',(0.,0.,-1.));
#4361=DIRECTION('ref_axis',(1.,0.,0.));
#4362=DIRECTION('',(0.,0.,1.));
#4363=DIRECTION('center_axis',(0.,0.,-1.));
#4364=DIRECTION('ref_axis',(1.,0.,0.));
#4365=DIRECTION('center_axis',(0.,0.,-1.));
#4366=DIRECTION('ref_axis',(-0.707106781186548,0.707106781186548,0.));
#4367=DIRECTION('',(0.,0.,1.));
#4368=DIRECTION('center_axis',(0.,0.,-1.));
#4369=DIRECTION('ref_axis',(-0.707106781186548,0.707106781186548,0.));
#4370=DIRECTION('center_axis',(-1.,0.,0.));
#4371=DIRECTION('ref_axis',(0.,1.,0.));
#4372=DIRECTION('',(0.,0.,-1.));
#4373=DIRECTION('',(0.,1.,0.));
#4374=DIRECTION('',(0.,1.,0.));
#4375=DIRECTION('',(0.,1.,0.));
#4376=DIRECTION('',(0.,1.,0.));
#4377=DIRECTION('',(0.,1.,0.));
#4378=DIRECTION('center_axis',(0.,0.,-1.));
#4379=DIRECTION('ref_axis',(-0.707106781186548,-0.707106781186548,0.));
#4380=DIRECTION('',(0.,0.,1.));
#4381=DIRECTION('center_axis',(0.,0.,-1.));
#4382=DIRECTION('ref_axis',(-0.707106781186548,-0.707106781186548,0.));
#4383=DIRECTION('center_axis',(0.,-1.,0.));
#4384=DIRECTION('ref_axis',(-1.,0.,0.));
#4385=DIRECTION('',(0.,0.,-1.));
#4386=DIRECTION('',(-1.,0.,0.));
#4387=DIRECTION('center_axis',(0.,0.,-1.));
#4388=DIRECTION('ref_axis',(0.707106781186548,-0.707106781186548,0.));
#4389=DIRECTION('',(0.,0.,1.));
#4390=DIRECTION('center_axis',(0.,0.,-1.));
#4391=DIRECTION('ref_axis',(0.707106781186548,-0.707106781186548,0.));
#4392=DIRECTION('center_axis',(0.,0.,1.));
#4393=DIRECTION('ref_axis',(1.,0.,0.));
#4394=DIRECTION('',(-1.,0.,0.));
#4395=DIRECTION('',(0.,-1.,0.));
#4396=DIRECTION('center_axis',(0.,0.,-1.));
#4397=DIRECTION('ref_axis',(0.707106781186548,0.707106781186548,0.));
#4398=DIRECTION('',(0.,-1.,0.));
#4399=DIRECTION('',(-1.,0.,0.));
#4400=DIRECTION('',(0.,1.,0.));
#4401=DIRECTION('',(0.,-1.,0.));
#4402=DIRECTION('',(-1.,0.,0.));
#4403=DIRECTION('',(0.,1.,0.));
#4404=DIRECTION('',(0.,-1.,0.));
#4405=DIRECTION('',(-1.,0.,0.));
#4406=DIRECTION('',(0.,1.,0.));
#4407=DIRECTION('',(0.,-1.,0.));
#4408=DIRECTION('',(-1.,0.,0.));
#4409=DIRECTION('',(0.,1.,0.));
#4410=DIRECTION('',(0.,-1.,0.));
#4411=DIRECTION('',(-1.,0.,0.));
#4412=DIRECTION('',(0.,1.,0.));
#4413=DIRECTION('',(1.,0.,0.));
#4414=DIRECTION('',(0.,-1.,0.));
#4415=DIRECTION('',(-1.,0.,0.));
#4416=DIRECTION('',(1.,0.,0.));
#4417=DIRECTION('',(0.,-1.,0.));
#4418=DIRECTION('',(-1.,0.,0.));
#4419=DIRECTION('',(0.,1.,0.));
#4420=DIRECTION('',(1.,0.,0.));
#4421=DIRECTION('',(0.,-1.,0.));
#4422=DIRECTION('',(-1.,0.,0.));
#4423=DIRECTION('',(0.,1.,0.));
#4424=DIRECTION('',(1.,0.,0.));
#4425=DIRECTION('',(0.,-1.,0.));
#4426=DIRECTION('center_axis',(0.,0.,-1.));
#4427=DIRECTION('ref_axis',(1.,0.,0.));
#4428=DIRECTION('center_axis',(0.,0.,-1.));
#4429=DIRECTION('ref_axis',(1.,0.,0.));
#4430=DIRECTION('center_axis',(0.,0.,-1.));
#4431=DIRECTION('ref_axis',(1.,0.,0.));
#4432=DIRECTION('center_axis',(0.,0.,-1.));
#4433=DIRECTION('ref_axis',(1.,0.,0.));
#4434=DIRECTION('',(-1.,0.,0.));
#4435=DIRECTION('',(0.,1.,0.));
#4436=DIRECTION('',(1.,0.,0.));
#4437=DIRECTION('',(0.,-1.,0.));
#4438=DIRECTION('',(0.,1.,0.));
#4439=DIRECTION('',(1.,0.,0.));
#4440=DIRECTION('',(0.,-1.,0.));
#4441=DIRECTION('',(-1.,0.,0.));
#4442=DIRECTION('center_axis',(1.,0.,0.));
#4443=DIRECTION('ref_axis',(0.,-1.,0.));
#4444=DIRECTION('',(0.,0.,-1.));
#4445=DIRECTION('center_axis',(0.,0.,-1.));
#4446=DIRECTION('ref_axis',(0.707106781186548,0.707106781186548,0.));
#4447=DIRECTION('center_axis',(0.,0.,1.));
#4448=DIRECTION('ref_axis',(1.,0.,0.));
#4449=DIRECTION('',(0.,1.,0.));
#4450=DIRECTION('',(1.,0.,0.));
#4451=DIRECTION('',(0.,-1.,0.));
#4452=DIRECTION('center_axis',(0.,0.,1.));
#4453=DIRECTION('ref_axis',(1.,0.,0.));
#4454=DIRECTION('',(0.,1.,0.));
#4455=DIRECTION('',(-1.,0.,0.));
#4456=DIRECTION('',(0.,-1.,0.));
#4457=DIRECTION('',(1.,0.,0.));
#4458=DIRECTION('center_axis',(1.,0.,0.));
#4459=DIRECTION('ref_axis',(0.,1.,0.));
#4460=DIRECTION('',(0.,0.,1.));
#4461=DIRECTION('',(0.,0.,1.));
#4462=DIRECTION('center_axis',(0.,1.,0.));
#4463=DIRECTION('ref_axis',(-1.,0.,0.));
#4464=DIRECTION('',(0.,0.,1.));
#4465=DIRECTION('',(0.,0.,1.));
#4466=DIRECTION('',(-1.,0.,0.));
#4467=DIRECTION('',(0.,0.,-1.));
#4468=DIRECTION('',(1.,0.,0.));
#4469=DIRECTION('center_axis',(-1.,0.,0.));
#4470=DIRECTION('ref_axis',(0.,-1.,0.));
#4471=DIRECTION('',(0.,0.,1.));
#4472=DIRECTION('center_axis',(0.,-1.,0.));
#4473=DIRECTION('ref_axis',(1.,0.,0.));
#4474=DIRECTION('center_axis',(0.,0.,1.));
#4475=DIRECTION('ref_axis',(1.,0.,0.));
#4476=DIRECTION('',(0.,1.,0.));
#4477=DIRECTION('',(1.,0.,0.));
#4478=DIRECTION('',(0.,-1.,0.));
#4479=DIRECTION('center_axis',(0.,0.,1.));
#4480=DIRECTION('ref_axis',(1.,0.,0.));
#4481=DIRECTION('',(0.,1.,0.));
#4482=DIRECTION('',(-1.,0.,0.));
#4483=DIRECTION('',(0.,-1.,0.));
#4484=DIRECTION('',(1.,0.,0.));
#4485=DIRECTION('center_axis',(1.,0.,0.));
#4486=DIRECTION('ref_axis',(0.,1.,0.));
#4487=DIRECTION('',(0.,0.,1.));
#4488=DIRECTION('',(0.,0.,1.));
#4489=DIRECTION('center_axis',(0.,1.,0.));
#4490=DIRECTION('ref_axis',(-1.,0.,0.));
#4491=DIRECTION('',(0.,0.,1.));
#4492=DIRECTION('',(0.,0.,1.));
#4493=DIRECTION('',(-1.,0.,0.));
#4494=DIRECTION('',(0.,0.,-1.));
#4495=DIRECTION('',(1.,0.,0.));
#4496=DIRECTION('center_axis',(-1.,0.,0.));
#4497=DIRECTION('ref_axis',(0.,-1.,0.));
#4498=DIRECTION('',(0.,0.,1.));
#4499=DIRECTION('center_axis',(0.,-1.,0.));
#4500=DIRECTION('ref_axis',(1.,0.,0.));
#4501=DIRECTION('center_axis',(0.,0.,1.));
#4502=DIRECTION('ref_axis',(1.,0.,0.));
#4503=DIRECTION('',(0.,1.,0.));
#4504=DIRECTION('',(1.,0.,0.));
#4505=DIRECTION('',(0.,-1.,0.));
#4506=DIRECTION('center_axis',(0.,0.,1.));
#4507=DIRECTION('ref_axis',(1.,0.,0.));
#4508=DIRECTION('',(-1.,0.,0.));
#4509=DIRECTION('',(0.,-1.,0.));
#4510=DIRECTION('',(1.,0.,0.));
#4511=DIRECTION('',(0.,1.,0.));
#4512=DIRECTION('center_axis',(0.,1.,0.));
#4513=DIRECTION('ref_axis',(-1.,0.,0.));
#4514=DIRECTION('',(0.,0.,1.));
#4515=DIRECTION('',(0.,0.,1.));
#4516=DIRECTION('',(0.,0.,-1.));
#4517=DIRECTION('',(1.,0.,0.));
#4518=DIRECTION('',(0.,0.,1.));
#4519=DIRECTION('',(-1.,0.,0.));
#4520=DIRECTION('center_axis',(-1.,0.,0.));
#4521=DIRECTION('ref_axis',(0.,-1.,0.));
#4522=DIRECTION('',(0.,0.,1.));
#4523=DIRECTION('center_axis',(0.,-1.,0.));
#4524=DIRECTION('ref_axis',(1.,0.,0.));
#4525=DIRECTION('',(0.,0.,1.));
#4526=DIRECTION('center_axis',(1.,0.,0.));
#4527=DIRECTION('ref_axis',(0.,1.,0.));
#4528=DIRECTION('center_axis',(0.,0.,1.));
#4529=DIRECTION('ref_axis',(1.,0.,0.));
#4530=DIRECTION('',(0.,1.,0.));
#4531=DIRECTION('',(1.,0.,0.));
#4532=DIRECTION('',(0.,-1.,0.));
#4533=DIRECTION('center_axis',(0.,0.,1.));
#4534=DIRECTION('ref_axis',(1.,0.,0.));
#4535=DIRECTION('',(0.,1.,0.));
#4536=DIRECTION('',(-1.,0.,0.));
#4537=DIRECTION('',(0.,-1.,0.));
#4538=DIRECTION('',(1.,0.,0.));
#4539=DIRECTION('center_axis',(1.,0.,0.));
#4540=DIRECTION('ref_axis',(0.,1.,0.));
#4541=DIRECTION('',(0.,0.,1.));
#4542=DIRECTION('',(0.,0.,1.));
#4543=DIRECTION('center_axis',(0.,1.,0.));
#4544=DIRECTION('ref_axis',(-1.,0.,0.));
#4545=DIRECTION('',(0.,0.,1.));
#4546=DIRECTION('',(0.,0.,1.));
#4547=DIRECTION('',(-1.,0.,0.));
#4548=DIRECTION('',(0.,0.,-1.));
#4549=DIRECTION('',(1.,0.,0.));
#4550=DIRECTION('center_axis',(-1.,0.,0.));
#4551=DIRECTION('ref_axis',(0.,-1.,0.));
#4552=DIRECTION('',(0.,0.,1.));
#4553=DIRECTION('center_axis',(0.,-1.,0.));
#4554=DIRECTION('ref_axis',(1.,0.,0.));
#4555=DIRECTION('center_axis',(0.,0.,1.));
#4556=DIRECTION('ref_axis',(1.,0.,0.));
#4557=DIRECTION('',(0.,1.,0.));
#4558=DIRECTION('',(1.,0.,0.));
#4559=DIRECTION('',(0.,-1.,0.));
#4560=DIRECTION('center_axis',(0.,0.,1.));
#4561=DIRECTION('ref_axis',(1.,0.,0.));
#4562=DIRECTION('',(1.,0.,0.));
#4563=DIRECTION('',(0.,1.,0.));
#4564=DIRECTION('',(-1.,0.,0.));
#4565=DIRECTION('',(0.,-1.,0.));
#4566=DIRECTION('center_axis',(0.,-1.,0.));
#4567=DIRECTION('ref_axis',(1.,0.,0.));
#4568=DIRECTION('',(0.,0.,1.));
#4569=DIRECTION('',(0.,0.,1.));
#4570=DIRECTION('center_axis',(1.,0.,0.));
#4571=DIRECTION('ref_axis',(0.,1.,0.));
#4572=DIRECTION('',(0.,0.,1.));
#4573=DIRECTION('center_axis',(-1.,0.,0.));
#4574=DIRECTION('ref_axis',(0.,-1.,0.));
#4575=DIRECTION('',(0.,0.,1.));
#4576=DIRECTION('center_axis',(0.,0.,1.));
#4577=DIRECTION('ref_axis',(1.,0.,0.));
#4578=DIRECTION('',(1.,0.,0.));
#4579=DIRECTION('',(0.,-1.,0.));
#4580=DIRECTION('',(-1.,0.,0.));
#4581=DIRECTION('center_axis',(0.,0.,1.));
#4582=DIRECTION('ref_axis',(1.,0.,0.));
#4583=DIRECTION('',(0.,1.,0.));
#4584=DIRECTION('',(-1.,0.,0.));
#4585=DIRECTION('',(0.,-1.,0.));
#4586=DIRECTION('',(1.,0.,0.));
#4587=DIRECTION('center_axis',(1.,0.,0.));
#4588=DIRECTION('ref_axis',(0.,1.,0.));
#4589=DIRECTION('',(0.,0.,1.));
#4590=DIRECTION('',(0.,0.,1.));
#4591=DIRECTION('center_axis',(0.,1.,0.));
#4592=DIRECTION('ref_axis',(-1.,0.,0.));
#4593=DIRECTION('',(0.,0.,1.));
#4594=DIRECTION('center_axis',(-1.,0.,0.));
#4595=DIRECTION('ref_axis',(0.,-1.,0.));
#4596=DIRECTION('',(0.,0.,1.));
#4597=DIRECTION('',(0.,0.,-1.));
#4598=DIRECTION('',(0.,1.,0.));
#4599=DIRECTION('',(0.,-1.,0.));
#4600=DIRECTION('center_axis',(0.,-1.,0.));
#4601=DIRECTION('ref_axis',(1.,0.,0.));
#4602=DIRECTION('center_axis',(0.,0.,1.));
#4603=DIRECTION('ref_axis',(1.,0.,0.));
#4604=DIRECTION('',(-1.,0.,0.));
#4605=DIRECTION('',(0.,1.,0.));
#4606=DIRECTION('',(1.,0.,0.));
#4607=DIRECTION('center_axis',(0.,0.,1.));
#4608=DIRECTION('ref_axis',(1.,0.,0.));
#4609=DIRECTION('',(0.,-1.,0.));
#4610=DIRECTION('',(1.,0.,0.));
#4611=DIRECTION('',(0.,1.,0.));
#4612=DIRECTION('',(-1.,0.,0.));
#4613=DIRECTION('center_axis',(-1.,0.,0.));
#4614=DIRECTION('ref_axis',(0.,-1.,0.));
#4615=DIRECTION('',(0.,0.,1.));
#4616=DIRECTION('',(0.,0.,1.));
#4617=DIRECTION('',(0.,1.,-3.91843420455938E-16));
#4618=DIRECTION('',(0.,0.,1.));
#4619=DIRECTION('',(0.,-1.,2.61228946970625E-16));
#4620=DIRECTION('center_axis',(0.,-1.,0.));
#4621=DIRECTION('ref_axis',(1.,0.,0.));
#4622=DIRECTION('',(0.,0.,1.));
#4623=DIRECTION('center_axis',(1.,0.,0.));
#4624=DIRECTION('ref_axis',(0.,1.,0.));
#4625=DIRECTION('',(0.,0.,1.));
#4626=DIRECTION('center_axis',(0.,1.,0.));
#4627=DIRECTION('ref_axis',(-1.,0.,0.));
#4628=DIRECTION('center_axis',(0.,0.,1.));
#4629=DIRECTION('ref_axis',(1.,0.,0.));
#4630=DIRECTION('center_axis',(0.,0.,1.));
#4631=DIRECTION('ref_axis',(1.,0.,0.));
#4632=DIRECTION('center_axis',(0.,0.,1.));
#4633=DIRECTION('ref_axis',(1.,0.,0.));
#4634=DIRECTION('',(0.,0.,-1.));
#4635=DIRECTION('center_axis',(0.,0.,1.));
#4636=DIRECTION('ref_axis',(1.,0.,0.));
#4637=DIRECTION('center_axis',(0.,0.,1.));
#4638=DIRECTION('ref_axis',(1.,0.,0.));
#4639=DIRECTION('center_axis',(0.,0.,1.));
#4640=DIRECTION('ref_axis',(1.,0.,0.));
#4641=DIRECTION('',(0.,0.,-1.));
#4642=DIRECTION('center_axis',(0.,0.,1.));
#4643=DIRECTION('ref_axis',(1.,0.,0.));
#4644=DIRECTION('center_axis',(0.,0.,1.));
#4645=DIRECTION('ref_axis',(1.,0.,0.));
#4646=DIRECTION('center_axis',(0.,0.,1.));
#4647=DIRECTION('ref_axis',(1.,0.,0.));
#4648=DIRECTION('',(0.,0.,-1.));
#4649=DIRECTION('center_axis',(0.,0.,1.));
#4650=DIRECTION('ref_axis',(1.,0.,0.));
#4651=DIRECTION('center_axis',(0.,0.,1.));
#4652=DIRECTION('ref_axis',(1.,0.,0.));
#4653=DIRECTION('center_axis',(0.,0.,1.));
#4654=DIRECTION('ref_axis',(1.,0.,0.));
#4655=DIRECTION('',(0.,0.,-1.));
#4656=DIRECTION('center_axis',(0.,0.,1.));
#4657=DIRECTION('ref_axis',(1.,0.,0.));
#4658=DIRECTION('',(0.,1.,0.));
#4659=DIRECTION('',(-1.,0.,0.));
#4660=DIRECTION('',(0.,-1.,0.));
#4661=DIRECTION('',(1.,0.,0.));
#4662=DIRECTION('center_axis',(0.,0.,-1.));
#4663=DIRECTION('ref_axis',(1.,0.,0.));
#4664=DIRECTION('center_axis',(1.,0.,0.));
#4665=DIRECTION('ref_axis',(0.,1.,0.));
#4666=DIRECTION('',(0.,0.,1.));
#4667=DIRECTION('',(0.,0.,1.));
#4668=DIRECTION('center_axis',(0.,1.,0.));
#4669=DIRECTION('ref_axis',(-1.,0.,0.));
#4670=DIRECTION('',(0.,0.,1.));
#4671=DIRECTION('center_axis',(-1.,0.,0.));
#4672=DIRECTION('ref_axis',(0.,-1.,0.));
#4673=DIRECTION('',(0.,0.,1.));
#4674=DIRECTION('center_axis',(0.,-1.,0.));
#4675=DIRECTION('ref_axis',(1.,0.,0.));
#4676=DIRECTION('center_axis',(0.,0.,1.));
#4677=DIRECTION('ref_axis',(1.,0.,0.));
#4678=DIRECTION('',(0.,1.,0.));
#4679=DIRECTION('',(-1.,0.,0.));
#4680=DIRECTION('',(0.,-1.,0.));
#4681=DIRECTION('',(1.,0.,0.));
#4682=DIRECTION('center_axis',(0.,0.,-1.));
#4683=DIRECTION('ref_axis',(1.,0.,0.));
#4684=DIRECTION('center_axis',(1.,0.,0.));
#4685=DIRECTION('ref_axis',(0.,1.,0.));
#4686=DIRECTION('',(0.,0.,1.));
#4687=DIRECTION('',(0.,0.,1.));
#4688=DIRECTION('center_axis',(0.,1.,0.));
#4689=DIRECTION('ref_axis',(-1.,0.,0.));
#4690=DIRECTION('',(0.,0.,1.));
#4691=DIRECTION('center_axis',(-1.,0.,0.));
#4692=DIRECTION('ref_axis',(0.,-1.,0.));
#4693=DIRECTION('',(0.,0.,1.));
#4694=DIRECTION('center_axis',(0.,-1.,0.));
#4695=DIRECTION('ref_axis',(1.,0.,0.));
#4696=DIRECTION('center_axis',(0.,0.,1.));
#4697=DIRECTION('ref_axis',(1.,0.,0.));
#4698=DIRECTION('',(0.,1.,0.));
#4699=DIRECTION('',(-1.,0.,0.));
#4700=DIRECTION('',(0.,-1.,0.));
#4701=DIRECTION('',(1.,0.,0.));
#4702=DIRECTION('center_axis',(0.,0.,-1.));
#4703=DIRECTION('ref_axis',(1.,0.,0.));
#4704=DIRECTION('center_axis',(1.,0.,0.));
#4705=DIRECTION('ref_axis',(0.,1.,0.));
#4706=DIRECTION('',(0.,0.,1.));
#4707=DIRECTION('',(0.,0.,1.));
#4708=DIRECTION('center_axis',(0.,1.,0.));
#4709=DIRECTION('ref_axis',(-1.,0.,0.));
#4710=DIRECTION('',(0.,0.,1.));
#4711=DIRECTION('center_axis',(-1.,0.,0.));
#4712=DIRECTION('ref_axis',(0.,-1.,0.));
#4713=DIRECTION('',(0.,0.,1.));
#4714=DIRECTION('center_axis',(0.,-1.,0.));
#4715=DIRECTION('ref_axis',(1.,0.,0.));
#4716=DIRECTION('center_axis',(0.,0.,1.));
#4717=DIRECTION('ref_axis',(1.,0.,0.));
#4718=DIRECTION('',(1.,0.,0.));
#4719=DIRECTION('',(0.,1.,0.));
#4720=DIRECTION('',(-1.,0.,0.));
#4721=DIRECTION('',(0.,-1.,0.));
#4722=DIRECTION('center_axis',(0.,0.,-1.));
#4723=DIRECTION('ref_axis',(1.,0.,0.));
#4724=DIRECTION('center_axis',(0.,-1.,0.));
#4725=DIRECTION('ref_axis',(1.,0.,0.));
#4726=DIRECTION('',(0.,0.,1.));
#4727=DIRECTION('',(0.,0.,1.));
#4728=DIRECTION('center_axis',(1.,0.,0.));
#4729=DIRECTION('ref_axis',(0.,1.,0.));
#4730=DIRECTION('',(0.,0.,1.));
#4731=DIRECTION('center_axis',(0.,1.,0.));
#4732=DIRECTION('ref_axis',(-1.,0.,0.));
#4733=DIRECTION('',(0.,0.,1.));
#4734=DIRECTION('center_axis',(-1.,0.,0.));
#4735=DIRECTION('ref_axis',(0.,-1.,0.));
#4736=DIRECTION('center_axis',(0.,0.,1.));
#4737=DIRECTION('ref_axis',(1.,0.,0.));
#4738=DIRECTION('center_axis',(0.,0.,1.));
#4739=DIRECTION('ref_axis',(1.,0.,0.));
#4740=DIRECTION('center_axis',(0.,0.,1.));
#4741=DIRECTION('ref_axis',(1.,0.,0.));
#4742=DIRECTION('',(0.,0.,-1.));
#4743=DIRECTION('center_axis',(0.,0.,1.));
#4744=DIRECTION('ref_axis',(1.,0.,0.));
#4745=DIRECTION('center_axis',(0.,0.,1.));
#4746=DIRECTION('ref_axis',(1.,0.,0.));
#4747=DIRECTION('center_axis',(0.,0.,1.));
#4748=DIRECTION('ref_axis',(1.,0.,0.));
#4749=DIRECTION('',(0.,0.,-1.));
#4750=DIRECTION('center_axis',(0.,0.,1.));
#4751=DIRECTION('ref_axis',(1.,0.,0.));
#4752=DIRECTION('center_axis',(0.,0.,1.));
#4753=DIRECTION('ref_axis',(1.,0.,0.));
#4754=DIRECTION('center_axis',(0.,0.,1.));
#4755=DIRECTION('ref_axis',(1.,0.,0.));
#4756=DIRECTION('',(0.,0.,-1.));
#4757=DIRECTION('center_axis',(0.,0.,1.));
#4758=DIRECTION('ref_axis',(1.,0.,0.));
#4759=DIRECTION('center_axis',(0.,0.,1.));
#4760=DIRECTION('ref_axis',(1.,0.,0.));
#4761=DIRECTION('center_axis',(0.,0.,1.));
#4762=DIRECTION('ref_axis',(1.,0.,0.));
#4763=DIRECTION('',(0.,0.,-1.));
#4764=DIRECTION('center_axis',(0.,0.,1.));
#4765=DIRECTION('ref_axis',(1.,0.,0.));
#4766=DIRECTION('center_axis',(0.,0.,-1.));
#4767=DIRECTION('ref_axis',(0.707106781186548,0.707106781186548,0.));
#4768=DIRECTION('',(1.,0.,0.));
#4769=DIRECTION('center_axis',(0.,0.,-1.));
#4770=DIRECTION('ref_axis',(-0.707106781186548,0.707106781186548,0.));
#4771=DIRECTION('',(0.,1.,0.));
#4772=DIRECTION('center_axis',(0.,0.,-1.));
#4773=DIRECTION('ref_axis',(-0.707106781186548,-0.707106781186548,0.));
#4774=DIRECTION('',(-1.,0.,0.));
#4775=DIRECTION('center_axis',(0.,0.,-1.));
#4776=DIRECTION('ref_axis',(0.707106781186548,-0.707106781186548,0.));
#4777=DIRECTION('',(0.,-1.,0.));
#4778=DIRECTION('center_axis',(0.,0.,1.));
#4779=DIRECTION('ref_axis',(1.,0.,0.));
#4780=DIRECTION('center_axis',(0.,0.,1.));
#4781=DIRECTION('ref_axis',(1.,0.,0.));
#4782=DIRECTION('center_axis',(0.,0.,1.));
#4783=DIRECTION('ref_axis',(1.,0.,0.));
#4784=DIRECTION('center_axis',(0.,0.,1.));
#4785=DIRECTION('ref_axis',(1.,0.,0.));
#4786=DIRECTION('center_axis',(0.,1.,0.));
#4787=DIRECTION('ref_axis',(1.,0.,0.));
#4788=DIRECTION('',(0.,0.,1.));
#4789=DIRECTION('',(-1.,0.,0.));
#4790=DIRECTION('',(0.,0.,1.));
#4791=DIRECTION('',(-1.,0.,0.));
#4792=DIRECTION('',(0.,0.,-1.));
#4793=DIRECTION('',(-1.,0.,0.));
#4794=DIRECTION('',(0.,0.,1.));
#4795=DIRECTION('',(-1.,0.,0.));
#4796=DIRECTION('',(0.,0.,-1.));
#4797=DIRECTION('',(-1.,0.,0.));
#4798=DIRECTION('',(0.,0.,1.));
#4799=DIRECTION('',(-1.,0.,0.));
#4800=DIRECTION('',(0.,0.,-1.));
#4801=DIRECTION('',(-1.,0.,0.));
#4802=DIRECTION('',(0.,0.,1.));
#4803=DIRECTION('',(-1.,0.,0.));
#4804=DIRECTION('',(0.,0.,-1.));
#4805=DIRECTION('',(-1.,0.,0.));
#4806=DIRECTION('',(0.,0.,1.));
#4807=DIRECTION('',(-1.,0.,0.));
#4808=DIRECTION('',(0.,0.,-1.));
#4809=DIRECTION('',(-1.,0.,0.));
#4810=DIRECTION('',(0.,0.,-1.));
#4811=DIRECTION('center_axis',(0.,0.,-1.));
#4812=DIRECTION('ref_axis',(1.,0.,0.));
#4813=DIRECTION('center_axis',(0.,0.,-1.));
#4814=DIRECTION('ref_axis',(1.,0.,0.));
#4815=DIRECTION('',(0.,0.,-1.));
#4816=DIRECTION('center_axis',(0.,0.,-1.));
#4817=DIRECTION('ref_axis',(1.,0.,0.));
#4818=DIRECTION('center_axis',(0.,0.,-1.));
#4819=DIRECTION('ref_axis',(1.,0.,0.));
#4820=DIRECTION('',(0.,0.,-1.));
#4821=DIRECTION('center_axis',(0.,0.,-1.));
#4822=DIRECTION('ref_axis',(1.,0.,0.));
#4823=DIRECTION('center_axis',(0.,0.,-1.));
#4824=DIRECTION('ref_axis',(1.,0.,0.));
#4825=DIRECTION('',(0.,0.,-1.));
#4826=DIRECTION('center_axis',(0.,0.,-1.));
#4827=DIRECTION('ref_axis',(1.,0.,0.));
#4828=DIRECTION('center_axis',(0.,0.,-1.));
#4829=DIRECTION('ref_axis',(1.,0.,0.));
#4830=DIRECTION('',(0.,0.,-1.));
#4831=DIRECTION('center_axis',(0.,0.,-1.));
#4832=DIRECTION('ref_axis',(-0.707106781186548,0.707106781186548,0.));
#4833=DIRECTION('center_axis',(0.,0.,1.));
#4834=DIRECTION('ref_axis',(-0.707106781186548,0.707106781186548,0.));
#4835=DIRECTION('',(0.,0.,1.));
#4836=DIRECTION('center_axis',(-1.,0.,0.));
#4837=DIRECTION('ref_axis',(0.,1.,0.));
#4838=DIRECTION('',(0.,0.,-1.));
#4839=DIRECTION('',(0.,-1.,0.));
#4840=DIRECTION('',(0.,-1.,0.));
#4841=DIRECTION('',(0.,0.,-1.));
#4842=DIRECTION('',(0.,-1.,0.));
#4843=DIRECTION('',(0.,0.,1.));
#4844=DIRECTION('',(0.,-1.,0.));
#4845=DIRECTION('',(0.,-1.,0.));
#4846=DIRECTION('center_axis',(0.,0.,-1.));
#4847=DIRECTION('ref_axis',(-0.707106781186548,-0.707106781186548,0.));
#4848=DIRECTION('center_axis',(0.,0.,1.));
#4849=DIRECTION('ref_axis',(-0.707106781186548,-0.707106781186548,0.));
#4850=DIRECTION('',(0.,0.,1.));
#4851=DIRECTION('center_axis',(0.,-1.,0.));
#4852=DIRECTION('ref_axis',(-1.,0.,0.));
#4853=DIRECTION('',(0.,0.,-1.));
#4854=DIRECTION('',(1.,0.,0.));
#4855=DIRECTION('center_axis',(0.,0.,-1.));
#4856=DIRECTION('ref_axis',(0.707106781186548,-0.707106781186548,0.));
#4857=DIRECTION('center_axis',(0.,0.,1.));
#4858=DIRECTION('ref_axis',(0.707106781186548,-0.707106781186548,0.));
#4859=DIRECTION('',(0.,0.,1.));
#4860=DIRECTION('center_axis',(0.,0.,1.));
#4861=DIRECTION('ref_axis',(1.,0.,0.));
#4862=DIRECTION('',(0.,-1.,0.));
#4863=DIRECTION('',(1.,0.,0.));
#4864=DIRECTION('',(-1.,0.,0.));
#4865=DIRECTION('',(0.,1.,0.));
#4866=DIRECTION('',(-1.,0.,0.));
#4867=DIRECTION('',(0.,-1.,0.));
#4868=DIRECTION('',(0.,1.,0.));
#4869=DIRECTION('',(-1.,0.,0.));
#4870=DIRECTION('',(0.,-1.,0.));
#4871=DIRECTION('',(0.,1.,0.));
#4872=DIRECTION('',(-1.,0.,0.));
#4873=DIRECTION('',(0.,-1.,0.));
#4874=DIRECTION('',(0.,1.,0.));
#4875=DIRECTION('',(-1.,0.,0.));
#4876=DIRECTION('',(0.,-1.,0.));
#4877=DIRECTION('',(0.,1.,0.));
#4878=DIRECTION('',(-1.,0.,0.));
#4879=DIRECTION('',(0.,-1.,0.));
#4880=DIRECTION('center_axis',(0.,0.,-1.));
#4881=DIRECTION('ref_axis',(0.707106781186548,0.707106781186548,0.));
#4882=DIRECTION('',(0.,-1.,0.));
#4883=DIRECTION('',(-1.,0.,0.));
#4884=DIRECTION('',(0.,-1.,0.));
#4885=DIRECTION('',(1.,0.,0.));
#4886=DIRECTION('',(0.,1.,0.));
#4887=DIRECTION('',(-1.,0.,0.));
#4888=DIRECTION('',(0.,-1.,0.));
#4889=DIRECTION('',(1.,0.,0.));
#4890=DIRECTION('',(0.,1.,0.));
#4891=DIRECTION('center_axis',(0.,0.,-1.));
#4892=DIRECTION('ref_axis',(1.,0.,0.));
#4893=DIRECTION('center_axis',(0.,0.,-1.));
#4894=DIRECTION('ref_axis',(1.,0.,0.));
#4895=DIRECTION('center_axis',(0.,0.,-1.));
#4896=DIRECTION('ref_axis',(1.,0.,0.));
#4897=DIRECTION('center_axis',(0.,0.,-1.));
#4898=DIRECTION('ref_axis',(1.,0.,0.));
#4899=DIRECTION('',(-1.,0.,0.));
#4900=DIRECTION('',(0.,-1.,0.));
#4901=DIRECTION('',(1.,0.,0.));
#4902=DIRECTION('',(0.,1.,0.));
#4903=DIRECTION('',(0.,1.,0.));
#4904=DIRECTION('',(-1.,0.,0.));
#4905=DIRECTION('',(0.,-1.,0.));
#4906=DIRECTION('',(1.,0.,0.));
#4907=DIRECTION('center_axis',(1.,0.,0.));
#4908=DIRECTION('ref_axis',(0.,-1.,0.));
#4909=DIRECTION('',(0.,0.,-1.));
#4910=DIRECTION('center_axis',(0.,0.,-1.));
#4911=DIRECTION('ref_axis',(0.707106781186548,0.707106781186548,0.));
#4912=DIRECTION('center_axis',(0.,0.,1.));
#4913=DIRECTION('ref_axis',(1.,0.,0.));
#4914=DIRECTION('',(0.,1.,0.));
#4915=DIRECTION('',(0.,-1.,0.));
#4916=DIRECTION('center_axis',(0.,0.,1.));
#4917=DIRECTION('ref_axis',(1.,0.,0.));
#4918=DIRECTION('',(0.,-1.,0.));
#4919=DIRECTION('',(-1.,0.,0.));
#4920=DIRECTION('',(0.,1.,0.));
#4921=DIRECTION('center_axis',(1.,0.,0.));
#4922=DIRECTION('ref_axis',(0.,1.,0.));
#4923=DIRECTION('',(0.,0.,1.));
#4924=DIRECTION('center_axis',(-1.,0.,0.));
#4925=DIRECTION('ref_axis',(0.,-1.,0.));
#4926=DIRECTION('',(0.,0.,-1.));
#4927=DIRECTION('center_axis',(0.,-1.,0.));
#4928=DIRECTION('ref_axis',(1.,0.,0.));
#4929=DIRECTION('',(0.,0.,1.));
#4930=DIRECTION('',(-1.,0.,0.));
#4931=DIRECTION('',(0.,0.,-1.));
#4932=DIRECTION('',(1.,0.,0.));
#4933=DIRECTION('center_axis',(0.,0.,1.));
#4934=DIRECTION('ref_axis',(1.,0.,0.));
#4935=DIRECTION('',(0.,1.,0.));
#4936=DIRECTION('',(0.,-1.,0.));
#4937=DIRECTION('center_axis',(0.,0.,1.));
#4938=DIRECTION('ref_axis',(1.,0.,0.));
#4939=DIRECTION('',(0.,-1.,0.));
#4940=DIRECTION('',(-1.,0.,0.));
#4941=DIRECTION('',(0.,1.,0.));
#4942=DIRECTION('center_axis',(1.,0.,0.));
#4943=DIRECTION('ref_axis',(0.,1.,0.));
#4944=DIRECTION('',(0.,0.,1.));
#4945=DIRECTION('center_axis',(-1.,0.,0.));
#4946=DIRECTION('ref_axis',(0.,-1.,0.));
#4947=DIRECTION('',(0.,0.,-1.));
#4948=DIRECTION('center_axis',(0.,-1.,0.));
#4949=DIRECTION('ref_axis',(1.,0.,0.));
#4950=DIRECTION('',(1.,0.,0.));
#4951=DIRECTION('',(0.,0.,1.));
#4952=DIRECTION('',(-1.,0.,0.));
#4953=DIRECTION('',(0.,0.,-1.));
#4954=DIRECTION('center_axis',(0.,0.,1.));
#4955=DIRECTION('ref_axis',(1.,0.,0.));
#4956=DIRECTION('',(0.,1.,0.));
#4957=DIRECTION('',(0.,-1.,0.));
#4958=DIRECTION('center_axis',(0.,0.,1.));
#4959=DIRECTION('ref_axis',(1.,0.,0.));
#4960=DIRECTION('',(0.,-1.,0.));
#4961=DIRECTION('',(-1.,0.,0.));
#4962=DIRECTION('',(0.,1.,0.));
#4963=DIRECTION('center_axis',(-1.,0.,0.));
#4964=DIRECTION('ref_axis',(0.,-1.,0.));
#4965=DIRECTION('',(0.,0.,-1.));
#4966=DIRECTION('center_axis',(0.,-1.,0.));
#4967=DIRECTION('ref_axis',(1.,0.,0.));
#4968=DIRECTION('',(0.,0.,-1.));
#4969=DIRECTION('',(1.,0.,0.));
#4970=DIRECTION('',(0.,0.,1.));
#4971=DIRECTION('',(-1.,0.,0.));
#4972=DIRECTION('',(0.,0.,-1.));
#4973=DIRECTION('center_axis',(1.,0.,0.));
#4974=DIRECTION('ref_axis',(0.,1.,0.));
#4975=DIRECTION('center_axis',(0.,0.,1.));
#4976=DIRECTION('ref_axis',(1.,0.,0.));
#4977=DIRECTION('',(0.,1.,0.));
#4978=DIRECTION('',(0.,-1.,0.));
#4979=DIRECTION('center_axis',(0.,0.,1.));
#4980=DIRECTION('ref_axis',(1.,0.,0.));
#4981=DIRECTION('',(0.,-1.,0.));
#4982=DIRECTION('',(-1.,0.,0.));
#4983=DIRECTION('',(0.,1.,0.));
#4984=DIRECTION('center_axis',(1.,0.,0.));
#4985=DIRECTION('ref_axis',(0.,1.,0.));
#4986=DIRECTION('',(0.,0.,1.));
#4987=DIRECTION('center_axis',(-1.,0.,0.));
#4988=DIRECTION('ref_axis',(0.,-1.,0.));
#4989=DIRECTION('',(0.,0.,-1.));
#4990=DIRECTION('center_axis',(0.,-1.,0.));
#4991=DIRECTION('ref_axis',(1.,0.,0.));
#4992=DIRECTION('',(0.,0.,1.));
#4993=DIRECTION('',(-1.,0.,0.));
#4994=DIRECTION('',(0.,0.,-1.));
#4995=DIRECTION('',(1.,0.,0.));
#4996=DIRECTION('center_axis',(0.,0.,1.));
#4997=DIRECTION('ref_axis',(1.,0.,0.));
#4998=DIRECTION('',(0.,1.,0.));
#4999=DIRECTION('',(0.,-1.,0.));
#5000=DIRECTION('',(1.,0.,0.));
#5001=DIRECTION('center_axis',(0.,0.,1.));
#5002=DIRECTION('ref_axis',(1.,0.,0.));
#5003=DIRECTION('',(-1.,0.,0.));
#5004=DIRECTION('',(0.,1.,0.));
#5005=DIRECTION('',(-1.,0.,0.));
#5006=DIRECTION('',(0.,-1.,0.));
#5007=DIRECTION('center_axis',(1.,0.,0.));
#5008=DIRECTION('ref_axis',(0.,1.,0.));
#5009=DIRECTION('',(0.,0.,-1.));
#5010=DIRECTION('',(0.,0.,1.));
#5011=DIRECTION('center_axis',(0.,0.,1.));
#5012=DIRECTION('ref_axis',(1.,0.,0.));
#5013=DIRECTION('',(-1.,0.,0.));
#5014=DIRECTION('center_axis',(0.,0.,1.));
#5015=DIRECTION('ref_axis',(1.,0.,0.));
#5016=DIRECTION('',(-1.,0.,0.));
#5017=DIRECTION('center_axis',(0.,-1.,0.));
#5018=DIRECTION('ref_axis',(1.,0.,0.));
#5019=DIRECTION('center_axis',(0.,0.,1.));
#5020=DIRECTION('ref_axis',(1.,0.,0.));
#5021=DIRECTION('',(1.,0.,0.));
#5022=DIRECTION('center_axis',(0.,0.,1.));
#5023=DIRECTION('ref_axis',(1.,0.,0.));
#5024=DIRECTION('',(1.,0.,0.));
#5025=DIRECTION('',(0.,-1.,0.));
#5026=DIRECTION('center_axis',(1.,0.,0.));
#5027=DIRECTION('ref_axis',(0.,1.,0.));
#5028=DIRECTION('',(0.,0.,-1.));
#5029=DIRECTION('center_axis',(0.,1.,0.));
#5030=DIRECTION('ref_axis',(-1.,0.,0.));
#5031=DIRECTION('center_axis',(0.,0.,1.));
#5032=DIRECTION('ref_axis',(1.,0.,0.));
#5033=DIRECTION('center_axis',(0.,0.,-1.));
#5034=DIRECTION('ref_axis',(1.,0.,0.));
#5035=DIRECTION('center_axis',(0.,0.,1.));
#5036=DIRECTION('ref_axis',(1.,0.,0.));
#5037=DIRECTION('',(0.,0.,1.));
#5038=DIRECTION('center_axis',(0.,0.,1.));
#5039=DIRECTION('ref_axis',(1.,0.,0.));
#5040=DIRECTION('center_axis',(0.,0.,-1.));
#5041=DIRECTION('ref_axis',(1.,0.,0.));
#5042=DIRECTION('center_axis',(0.,0.,1.));
#5043=DIRECTION('ref_axis',(1.,0.,0.));
#5044=DIRECTION('',(0.,0.,1.));
#5045=DIRECTION('center_axis',(0.,0.,1.));
#5046=DIRECTION('ref_axis',(1.,0.,0.));
#5047=DIRECTION('center_axis',(0.,0.,-1.));
#5048=DIRECTION('ref_axis',(1.,0.,0.));
#5049=DIRECTION('center_axis',(0.,0.,1.));
#5050=DIRECTION('ref_axis',(1.,0.,0.));
#5051=DIRECTION('',(0.,0.,1.));
#5052=DIRECTION('center_axis',(0.,0.,1.));
#5053=DIRECTION('ref_axis',(1.,0.,0.));
#5054=DIRECTION('center_axis',(0.,0.,-1.));
#5055=DIRECTION('ref_axis',(1.,0.,0.));
#5056=DIRECTION('center_axis',(0.,0.,1.));
#5057=DIRECTION('ref_axis',(1.,0.,0.));
#5058=DIRECTION('',(0.,0.,1.));
#5059=DIRECTION('center_axis',(0.,0.,1.));
#5060=DIRECTION('ref_axis',(1.,0.,0.));
#5061=DIRECTION('',(0.,-1.,0.));
#5062=DIRECTION('',(-1.,0.,0.));
#5063=DIRECTION('',(0.,1.,0.));
#5064=DIRECTION('',(1.,0.,0.));
#5065=DIRECTION('center_axis',(0.,0.,-1.));
#5066=DIRECTION('ref_axis',(1.,0.,0.));
#5067=DIRECTION('center_axis',(1.,0.,0.));
#5068=DIRECTION('ref_axis',(0.,1.,0.));
#5069=DIRECTION('',(0.,0.,1.));
#5070=DIRECTION('',(0.,0.,-1.));
#5071=DIRECTION('center_axis',(0.,1.,0.));
#5072=DIRECTION('ref_axis',(-1.,0.,0.));
#5073=DIRECTION('',(0.,0.,-1.));
#5074=DIRECTION('center_axis',(-1.,0.,0.));
#5075=DIRECTION('ref_axis',(0.,-1.,0.));
#5076=DIRECTION('',(0.,0.,-1.));
#5077=DIRECTION('center_axis',(0.,-1.,0.));
#5078=DIRECTION('ref_axis',(1.,0.,0.));
#5079=DIRECTION('center_axis',(0.,0.,1.));
#5080=DIRECTION('ref_axis',(1.,0.,0.));
#5081=DIRECTION('',(0.,-1.,0.));
#5082=DIRECTION('',(-1.,0.,0.));
#5083=DIRECTION('',(0.,1.,0.));
#5084=DIRECTION('',(1.,0.,0.));
#5085=DIRECTION('center_axis',(0.,0.,-1.));
#5086=DIRECTION('ref_axis',(1.,0.,0.));
#5087=DIRECTION('center_axis',(1.,0.,0.));
#5088=DIRECTION('ref_axis',(0.,1.,0.));
#5089=DIRECTION('',(0.,0.,1.));
#5090=DIRECTION('',(0.,0.,-1.));
#5091=DIRECTION('center_axis',(0.,1.,0.));
#5092=DIRECTION('ref_axis',(-1.,0.,0.));
#5093=DIRECTION('',(0.,0.,-1.));
#5094=DIRECTION('center_axis',(-1.,0.,0.));
#5095=DIRECTION('ref_axis',(0.,-1.,0.));
#5096=DIRECTION('',(0.,0.,-1.));
#5097=DIRECTION('center_axis',(0.,-1.,0.));
#5098=DIRECTION('ref_axis',(1.,0.,0.));
#5099=DIRECTION('center_axis',(0.,0.,1.));
#5100=DIRECTION('ref_axis',(1.,0.,0.));
#5101=DIRECTION('',(0.,-1.,0.));
#5102=DIRECTION('',(-1.,0.,0.));
#5103=DIRECTION('',(0.,1.,0.));
#5104=DIRECTION('',(1.,0.,0.));
#5105=DIRECTION('center_axis',(0.,0.,-1.));
#5106=DIRECTION('ref_axis',(1.,0.,0.));
#5107=DIRECTION('center_axis',(1.,0.,0.));
#5108=DIRECTION('ref_axis',(0.,1.,0.));
#5109=DIRECTION('',(0.,0.,1.));
#5110=DIRECTION('',(0.,0.,-1.));
#5111=DIRECTION('center_axis',(0.,1.,0.));
#5112=DIRECTION('ref_axis',(-1.,0.,0.));
#5113=DIRECTION('',(0.,0.,-1.));
#5114=DIRECTION('center_axis',(-1.,0.,0.));
#5115=DIRECTION('ref_axis',(0.,-1.,0.));
#5116=DIRECTION('',(0.,0.,-1.));
#5117=DIRECTION('center_axis',(0.,-1.,0.));
#5118=DIRECTION('ref_axis',(1.,0.,0.));
#5119=DIRECTION('center_axis',(0.,0.,1.));
#5120=DIRECTION('ref_axis',(1.,0.,0.));
#5121=DIRECTION('',(-1.,0.,0.));
#5122=DIRECTION('',(0.,1.,0.));
#5123=DIRECTION('',(1.,0.,0.));
#5124=DIRECTION('',(0.,-1.,0.));
#5125=DIRECTION('center_axis',(0.,0.,-1.));
#5126=DIRECTION('ref_axis',(1.,0.,0.));
#5127=DIRECTION('center_axis',(0.,-1.,0.));
#5128=DIRECTION('ref_axis',(1.,0.,0.));
#5129=DIRECTION('',(0.,0.,1.));
#5130=DIRECTION('',(0.,0.,-1.));
#5131=DIRECTION('center_axis',(1.,0.,0.));
#5132=DIRECTION('ref_axis',(0.,1.,0.));
#5133=DIRECTION('',(0.,0.,-1.));
#5134=DIRECTION('center_axis',(0.,1.,0.));
#5135=DIRECTION('ref_axis',(-1.,0.,0.));
#5136=DIRECTION('',(0.,0.,-1.));
#5137=DIRECTION('center_axis',(-1.,0.,0.));
#5138=DIRECTION('ref_axis',(0.,-1.,0.));
#5139=DIRECTION('center_axis',(0.,0.,1.));
#5140=DIRECTION('ref_axis',(1.,0.,0.));
#5141=DIRECTION('center_axis',(0.,0.,-1.));
#5142=DIRECTION('ref_axis',(1.,0.,0.));
#5143=DIRECTION('center_axis',(0.,0.,1.));
#5144=DIRECTION('ref_axis',(1.,0.,0.));
#5145=DIRECTION('',(0.,0.,1.));
#5146=DIRECTION('center_axis',(0.,0.,1.));
#5147=DIRECTION('ref_axis',(1.,0.,0.));
#5148=DIRECTION('center_axis',(0.,0.,-1.));
#5149=DIRECTION('ref_axis',(1.,0.,0.));
#5150=DIRECTION('center_axis',(0.,0.,1.));
#5151=DIRECTION('ref_axis',(1.,0.,0.));
#5152=DIRECTION('',(0.,0.,1.));
#5153=DIRECTION('center_axis',(0.,0.,1.));
#5154=DIRECTION('ref_axis',(1.,0.,0.));
#5155=DIRECTION('center_axis',(0.,0.,-1.));
#5156=DIRECTION('ref_axis',(1.,0.,0.));
#5157=DIRECTION('center_axis',(0.,0.,1.));
#5158=DIRECTION('ref_axis',(1.,0.,0.));
#5159=DIRECTION('',(0.,0.,1.));
#5160=DIRECTION('center_axis',(0.,0.,1.));
#5161=DIRECTION('ref_axis',(1.,0.,0.));
#5162=DIRECTION('center_axis',(0.,0.,-1.));
#5163=DIRECTION('ref_axis',(1.,0.,0.));
#5164=DIRECTION('center_axis',(0.,0.,1.));
#5165=DIRECTION('ref_axis',(1.,0.,0.));
#5166=DIRECTION('',(0.,0.,1.));
#5167=DIRECTION('center_axis',(0.,1.,0.));
#5168=DIRECTION('ref_axis',(-1.,0.,0.));
#5169=DIRECTION('',(0.,0.,-1.));
#5170=DIRECTION('',(-1.,0.,0.));
#5171=DIRECTION('',(0.,0.,1.));
#5172=DIRECTION('',(1.,0.,0.));
#5173=DIRECTION('center_axis',(0.,0.,1.));
#5174=DIRECTION('ref_axis',(-1.,0.,0.));
#5175=DIRECTION('',(0.,-1.,0.));
#5176=DIRECTION('',(0.,-1.,0.));
#5177=DIRECTION('center_axis',(-1.,0.,0.));
#5178=DIRECTION('ref_axis',(0.,0.,-1.));
#5179=DIRECTION('',(0.,-1.,0.));
#5180=DIRECTION('center_axis',(0.,0.,-1.));
#5181=DIRECTION('ref_axis',(1.,0.,0.));
#5182=DIRECTION('',(0.,-1.,0.));
#5183=DIRECTION('center_axis',(1.,0.,0.));
#5184=DIRECTION('ref_axis',(0.,0.,1.));
#5185=DIRECTION('center_axis',(0.,1.,0.));
#5186=DIRECTION('ref_axis',(-1.,0.,0.));
#5187=DIRECTION('',(1.,0.,0.));
#5188=DIRECTION('',(0.,0.,-1.));
#5189=DIRECTION('',(-1.,0.,0.));
#5190=DIRECTION('',(0.,0.,1.));
#5191=DIRECTION('center_axis',(1.,0.,0.));
#5192=DIRECTION('ref_axis',(0.,0.,1.));
#5193=DIRECTION('',(0.,-1.,0.));
#5194=DIRECTION('',(0.,-1.,0.));
#5195=DIRECTION('center_axis',(0.,0.,1.));
#5196=DIRECTION('ref_axis',(-1.,0.,0.));
#5197=DIRECTION('',(0.,-1.,0.));
#5198=DIRECTION('center_axis',(-1.,0.,0.));
#5199=DIRECTION('ref_axis',(0.,0.,-1.));
#5200=DIRECTION('',(0.,-1.,0.));
#5201=DIRECTION('center_axis',(0.,0.,-1.));
#5202=DIRECTION('ref_axis',(1.,0.,0.));
#5203=DIRECTION('center_axis',(0.,1.,0.));
#5204=DIRECTION('ref_axis',(-1.,0.,0.));
#5205=DIRECTION('',(1.,0.,0.));
#5206=DIRECTION('',(0.,0.,-1.));
#5207=DIRECTION('',(-1.,0.,0.));
#5208=DIRECTION('',(0.,0.,1.));
#5209=DIRECTION('center_axis',(1.,0.,0.));
#5210=DIRECTION('ref_axis',(0.,0.,1.));
#5211=DIRECTION('',(0.,-1.,0.));
#5212=DIRECTION('',(0.,-1.,0.));
#5213=DIRECTION('center_axis',(0.,0.,1.));
#5214=DIRECTION('ref_axis',(-1.,0.,0.));
#5215=DIRECTION('',(0.,-1.,0.));
#5216=DIRECTION('center_axis',(-1.,0.,0.));
#5217=DIRECTION('ref_axis',(0.,0.,-1.));
#5218=DIRECTION('',(0.,-1.,0.));
#5219=DIRECTION('center_axis',(0.,0.,-1.));
#5220=DIRECTION('ref_axis',(1.,0.,0.));
#5221=DIRECTION('center_axis',(0.,1.,0.));
#5222=DIRECTION('ref_axis',(-1.,0.,0.));
#5223=DIRECTION('',(0.,0.,-1.));
#5224=DIRECTION('',(-1.,0.,0.));
#5225=DIRECTION('',(0.,0.,1.));
#5226=DIRECTION('',(1.,0.,0.));
#5227=DIRECTION('center_axis',(0.,0.,1.));
#5228=DIRECTION('ref_axis',(-1.,0.,0.));
#5229=DIRECTION('',(0.,-1.,0.));
#5230=DIRECTION('',(0.,-1.,0.));
#5231=DIRECTION('center_axis',(-1.,0.,0.));
#5232=DIRECTION('ref_axis',(0.,0.,-1.));
#5233=DIRECTION('',(0.,-1.,0.));
#5234=DIRECTION('center_axis',(0.,0.,-1.));
#5235=DIRECTION('ref_axis',(1.,0.,0.));
#5236=DIRECTION('',(0.,-1.,0.));
#5237=DIRECTION('center_axis',(1.,0.,0.));
#5238=DIRECTION('ref_axis',(0.,0.,1.));
#5239=DIRECTION('center_axis',(0.,1.,0.));
#5240=DIRECTION('ref_axis',(-1.,0.,0.));
#5241=DIRECTION('',(0.,0.,-1.));
#5242=DIRECTION('center_axis',(0.,-1.,0.));
#5243=DIRECTION('ref_axis',(1.,0.,0.));
#5244=DIRECTION('',(0.,0.,1.));
#5245=DIRECTION('',(0.,0.,1.));
#5246=DIRECTION('',(-1.,0.,0.));
#5247=DIRECTION('',(0.,0.,-1.));
#5248=DIRECTION('',(1.,0.,0.));
#5249=DIRECTION('center_axis',(-1.,0.,0.));
#5250=DIRECTION('ref_axis',(0.,-1.,0.));
#5251=DIRECTION('center_axis',(1.,0.,0.));
#5252=DIRECTION('ref_axis',(0.,0.,1.));
#5253=DIRECTION('',(0.,-1.,0.));
#5254=DIRECTION('',(0.,0.,1.));
#5255=DIRECTION('',(0.,-1.,0.));
#5256=DIRECTION('center_axis',(0.,0.,1.));
#5257=DIRECTION('ref_axis',(-1.,0.,0.));
#5258=DIRECTION('',(-1.,0.,0.));
#5259=DIRECTION('',(0.,-1.,0.));
#5260=DIRECTION('center_axis',(-1.,0.,0.));
#5261=DIRECTION('ref_axis',(0.,0.,-1.));
#5262=DIRECTION('',(0.,0.,-1.));
#5263=DIRECTION('',(0.,-1.,0.));
#5264=DIRECTION('center_axis',(0.,0.,-1.));
#5265=DIRECTION('ref_axis',(1.,0.,0.));
#5266=DIRECTION('',(1.,0.,0.));
#5267=DIRECTION('center_axis',(0.,1.,0.));
#5268=DIRECTION('ref_axis',(-1.,0.,0.));
#5269=CARTESIAN_POINT('',(0.,0.,0.));
#5270=CARTESIAN_POINT('Origin',(-51.15,-11.1,1.8));
#5271=CARTESIAN_POINT('',(-44.05,-11.1,1.8));
#5272=CARTESIAN_POINT('',(-44.05,-11.1,1.3));
#5273=CARTESIAN_POINT('',(-44.05,-11.1,0.900000000000002));
#5274=CARTESIAN_POINT('',(-51.15,-11.1,1.8));
#5275=CARTESIAN_POINT('',(-51.15,-11.1,1.8));
#5276=CARTESIAN_POINT('',(-51.15,-11.1,1.3));
#5277=CARTESIAN_POINT('',(-51.15,-11.1,1.3));
#5278=CARTESIAN_POINT('',(-51.15,-11.1,1.3));
#5279=CARTESIAN_POINT('Origin',(-51.15,-4.3,1.8));
#5280=CARTESIAN_POINT('',(-44.05,-4.3,1.8));
#5281=CARTESIAN_POINT('',(-44.05,-8.225,1.8));
#5282=CARTESIAN_POINT('',(-51.15,-4.3,1.8));
#5283=CARTESIAN_POINT('',(-51.15,-4.3,1.8));
#5284=CARTESIAN_POINT('',(-51.15,-11.1,1.8));
#5285=CARTESIAN_POINT('Origin',(-51.15,-4.3,1.3));
#5286=CARTESIAN_POINT('',(-44.05,-4.3,1.3));
#5287=CARTESIAN_POINT('',(-44.05,-4.3,0.650000000000001));
#5288=CARTESIAN_POINT('',(-51.15,-4.3,1.3));
#5289=CARTESIAN_POINT('',(-51.15,-4.3,1.3));
#5290=CARTESIAN_POINT('',(-51.15,-4.3,1.8));
#5291=CARTESIAN_POINT('Origin',(-51.15,-11.1,1.3));
#5292=CARTESIAN_POINT('',(-44.05,-11.625,1.3));
#5293=CARTESIAN_POINT('',(-51.15,-4.3,1.3));
#5294=CARTESIAN_POINT('Origin',(-51.15,-7.7,1.55));
#5295=CARTESIAN_POINT('Origin',(-51.15,11.1,1.8));
#5296=CARTESIAN_POINT('',(-44.05,11.1,1.8));
#5297=CARTESIAN_POINT('',(-44.05,4.3,1.8));
#5298=CARTESIAN_POINT('',(-44.05,7.175,1.8));
#5299=CARTESIAN_POINT('',(-51.15,11.1,1.8));
#5300=CARTESIAN_POINT('',(-51.15,11.1,1.8));
#5301=CARTESIAN_POINT('',(-51.15,4.3,1.8));
#5302=CARTESIAN_POINT('',(-51.15,11.1,1.8));
#5303=CARTESIAN_POINT('',(-51.15,4.3,1.8));
#5304=CARTESIAN_POINT('Origin',(-51.15,11.1,1.3));
#5305=CARTESIAN_POINT('',(-44.05,11.1,1.3));
#5306=CARTESIAN_POINT('',(-44.05,11.1,0.65));
#5307=CARTESIAN_POINT('',(-51.15,11.1,1.3));
#5308=CARTESIAN_POINT('',(-51.15,11.1,1.3));
#5309=CARTESIAN_POINT('',(-51.15,11.1,1.3));
#5310=CARTESIAN_POINT('Origin',(-51.15,4.3,1.3));
#5311=CARTESIAN_POINT('',(-44.05,4.3,1.3));
#5312=CARTESIAN_POINT('',(-44.05,3.775,1.3));
#5313=CARTESIAN_POINT('',(-51.15,4.3,1.3));
#5314=CARTESIAN_POINT('',(-51.15,4.3,1.3));
#5315=CARTESIAN_POINT('',(-51.15,4.3,1.3));
#5316=CARTESIAN_POINT('Origin',(-51.15,4.3,1.8));
#5317=CARTESIAN_POINT('',(-44.05,4.3,0.9));
#5318=CARTESIAN_POINT('',(-51.15,4.3,1.8));
#5319=CARTESIAN_POINT('Origin',(-51.15,7.7,1.55));
#5320=CARTESIAN_POINT('Origin',(-44.05,3.25,0.));
#5321=CARTESIAN_POINT('',(-44.05,11.95,-0.2));
#5322=CARTESIAN_POINT('',(-44.05,11.95,2.9));
#5323=CARTESIAN_POINT('',(-44.05,11.95,0.));
#5324=CARTESIAN_POINT('',(-44.05,3.45,-0.2));
#5325=CARTESIAN_POINT('',(-44.05,1.625,-0.2));
#5326=CARTESIAN_POINT('',(-44.05,3.45,2.9));
#5327=CARTESIAN_POINT('',(-44.05,3.45,0.));
#5328=CARTESIAN_POINT('',(-44.05,5.475,2.9));
#5329=CARTESIAN_POINT('Origin',(-43.85,11.95,0.));
#5330=CARTESIAN_POINT('',(-49.75,11.95,-0.2));
#5331=CARTESIAN_POINT('',(-49.75,11.95,0.2));
#5332=CARTESIAN_POINT('',(-49.75,11.95,0.));
#5333=CARTESIAN_POINT('',(-21.925,11.95,-0.2));
#5334=CARTESIAN_POINT('',(-51.15,11.95,2.9));
#5335=CARTESIAN_POINT('',(-51.15,11.95,2.9));
#5336=CARTESIAN_POINT('',(-51.15,11.95,0.2));
#5337=CARTESIAN_POINT('',(-51.15,11.95,0.1));
#5338=CARTESIAN_POINT('',(-45.675,11.95,0.2));
#5339=CARTESIAN_POINT('Origin',(-51.15,-11.95,0.));
#5340=CARTESIAN_POINT('',(-44.05,-11.95,-0.2));
#5341=CARTESIAN_POINT('',(-44.05,-11.95,2.9));
#5342=CARTESIAN_POINT('',(-44.05,-11.95,0.));
#5343=CARTESIAN_POINT('',(-49.75,-11.95,-0.2));
#5344=CARTESIAN_POINT('',(-25.575,-11.95,-0.2));
#5345=CARTESIAN_POINT('',(-49.75,-11.95,0.2));
#5346=CARTESIAN_POINT('',(-49.75,-11.95,0.));
#5347=CARTESIAN_POINT('',(-51.15,-11.95,0.200000000000005));
#5348=CARTESIAN_POINT('',(-49.325,-11.95,0.2));
#5349=CARTESIAN_POINT('',(-51.15,-11.95,2.9));
#5350=CARTESIAN_POINT('',(-51.15,-11.95,1.45));
#5351=CARTESIAN_POINT('',(-49.325,-11.95,2.9));
#5352=CARTESIAN_POINT('Origin',(0.,0.,-1.5));
#5353=CARTESIAN_POINT('',(49.95,17.9,-1.5));
#5354=CARTESIAN_POINT('',(47.9,19.95,-1.5));
#5355=CARTESIAN_POINT('Origin',(47.9,17.9,-1.5));
#5356=CARTESIAN_POINT('',(49.95,-17.9,-1.5));
#5357=CARTESIAN_POINT('',(49.95,19.95,-1.5));
#5358=CARTESIAN_POINT('',(47.9,-19.95,-1.5));
#5359=CARTESIAN_POINT('Origin',(47.9,-17.9,-1.5));
#5360=CARTESIAN_POINT('',(-47.9,-19.95,-1.5));
#5361=CARTESIAN_POINT('',(49.95,-19.95,-1.5));
#5362=CARTESIAN_POINT('',(-49.95,-17.9,-1.5));
#5363=CARTESIAN_POINT('Origin',(-47.9,-17.9,-1.5));
#5364=CARTESIAN_POINT('',(-49.95,17.9,-1.5));
#5365=CARTESIAN_POINT('',(-49.95,-19.95,-1.5));
#5366=CARTESIAN_POINT('',(-47.9,19.95,-1.5));
#5367=CARTESIAN_POINT('Origin',(-47.9,17.9,-1.5));
#5368=CARTESIAN_POINT('',(-49.95,19.95,-1.5));
#5369=CARTESIAN_POINT('',(-49.05,17.9,-1.5));
#5370=CARTESIAN_POINT('Origin',(-47.9,17.9,-1.5));
#5371=CARTESIAN_POINT('',(46.75,17.9,-1.5));
#5372=CARTESIAN_POINT('Origin',(47.9,17.9,-1.5));
#5373=CARTESIAN_POINT('',(46.75,-17.9,-1.5));
#5374=CARTESIAN_POINT('Origin',(47.9,-17.9,-1.5));
#5375=CARTESIAN_POINT('',(-49.05,-17.9,-1.5));
#5376=CARTESIAN_POINT('Origin',(-47.9,-17.9,-1.5));
#5377=CARTESIAN_POINT('Origin',(-49.95,19.95,0.));
#5378=CARTESIAN_POINT('',(47.9,19.95,0.));
#5379=CARTESIAN_POINT('',(47.9,19.95,0.));
#5380=CARTESIAN_POINT('',(-47.9,19.95,0.));
#5381=CARTESIAN_POINT('',(-47.9,19.95,0.));
#5382=CARTESIAN_POINT('',(-45.35,19.95,0.));
#5383=CARTESIAN_POINT('',(-49.95,19.95,0.));
#5384=CARTESIAN_POINT('',(-36.45,19.95,0.));
#5385=CARTESIAN_POINT('',(-49.95,19.95,0.));
#5386=CARTESIAN_POINT('',(-31.15,19.95,0.));
#5387=CARTESIAN_POINT('',(-49.95,19.95,0.));
#5388=CARTESIAN_POINT('',(-18.15,19.95,0.));
#5389=CARTESIAN_POINT('',(-49.95,19.95,0.));
#5390=CARTESIAN_POINT('',(-10.95,19.95,0.));
#5391=CARTESIAN_POINT('',(-49.95,19.95,0.));
#5392=CARTESIAN_POINT('',(2.04999999999999,19.95,0.));
#5393=CARTESIAN_POINT('',(-49.95,19.95,0.));
#5394=CARTESIAN_POINT('',(9.25,19.95,0.));
#5395=CARTESIAN_POINT('',(-49.95,19.95,0.));
#5396=CARTESIAN_POINT('',(22.25,19.95,0.));
#5397=CARTESIAN_POINT('',(-49.95,19.95,0.));
#5398=CARTESIAN_POINT('',(29.45,19.95,0.));
#5399=CARTESIAN_POINT('',(-49.95,19.95,0.));
#5400=CARTESIAN_POINT('',(42.45,19.95,0.));
#5401=CARTESIAN_POINT('',(-49.95,19.95,0.));
#5402=CARTESIAN_POINT('',(-49.95,19.95,0.));
#5403=CARTESIAN_POINT('Origin',(-47.9,17.9,0.));
#5404=CARTESIAN_POINT('',(-49.05,17.9,0.));
#5405=CARTESIAN_POINT('',(-49.05,17.9,0.));
#5406=CARTESIAN_POINT('Origin',(-47.9,17.9,0.));
#5407=CARTESIAN_POINT('Origin',(47.9,17.9,0.));
#5408=CARTESIAN_POINT('',(46.75,17.9,0.));
#5409=CARTESIAN_POINT('',(46.75,17.9,0.));
#5410=CARTESIAN_POINT('Origin',(47.9,17.9,0.));
#5411=CARTESIAN_POINT('Origin',(47.9,-17.9,0.));
#5412=CARTESIAN_POINT('',(46.75,-17.9,0.));
#5413=CARTESIAN_POINT('',(46.75,-17.9,0.));
#5414=CARTESIAN_POINT('Origin',(47.9,-17.9,0.));
#5415=CARTESIAN_POINT('Origin',(-47.9,-17.9,0.));
#5416=CARTESIAN_POINT('',(-49.05,-17.9,0.));
#5417=CARTESIAN_POINT('',(-49.05,-17.9,0.));
#5418=CARTESIAN_POINT('Origin',(-47.9,-17.9,0.));
#5419=CARTESIAN_POINT('Origin',(-47.9,17.9,0.));
#5420=CARTESIAN_POINT('',(-49.95,17.9,0.));
#5421=CARTESIAN_POINT('',(-49.95,17.9,0.));
#5422=CARTESIAN_POINT('Origin',(-47.9,17.9,0.));
#5423=CARTESIAN_POINT('Origin',(-49.95,-19.95,0.));
#5424=CARTESIAN_POINT('',(-49.95,-17.9,0.));
#5425=CARTESIAN_POINT('',(-49.95,-17.9,0.));
#5426=CARTESIAN_POINT('',(-49.95,-12.15,0.));
#5427=CARTESIAN_POINT('',(-49.95,-19.95,0.));
#5428=CARTESIAN_POINT('',(-49.95,-3.25,0.));
#5429=CARTESIAN_POINT('',(-49.95,-19.95,0.));
#5430=CARTESIAN_POINT('',(-49.95,3.25,0.));
#5431=CARTESIAN_POINT('',(-49.95,-19.95,0.));
#5432=CARTESIAN_POINT('',(-49.95,12.15,0.));
#5433=CARTESIAN_POINT('',(-49.95,-19.95,0.));
#5434=CARTESIAN_POINT('',(-49.95,-19.95,0.));
#5435=CARTESIAN_POINT('Origin',(-47.9,-17.9,0.));
#5436=CARTESIAN_POINT('',(-47.9,-19.95,0.));
#5437=CARTESIAN_POINT('',(-47.9,-19.95,0.));
#5438=CARTESIAN_POINT('Origin',(-47.9,-17.9,0.));
#5439=CARTESIAN_POINT('Origin',(49.95,-19.95,0.));
#5440=CARTESIAN_POINT('',(47.9,-19.95,0.));
#5441=CARTESIAN_POINT('',(47.9,-19.95,0.));
#5442=CARTESIAN_POINT('',(49.95,-19.95,0.));
#5443=CARTESIAN_POINT('Origin',(47.9,-17.9,0.));
#5444=CARTESIAN_POINT('',(49.95,-17.9,0.));
#5445=CARTESIAN_POINT('',(49.95,-17.9,0.));
#5446=CARTESIAN_POINT('Origin',(47.9,-17.9,0.));
#5447=CARTESIAN_POINT('Origin',(0.,0.,0.));
#5448=CARTESIAN_POINT('',(-43.85,-12.15,0.));
#5449=CARTESIAN_POINT('',(-25.575,-12.15,0.));
#5450=CARTESIAN_POINT('',(49.95,17.9,0.));
#5451=CARTESIAN_POINT('',(49.95,19.95,0.));
#5452=CARTESIAN_POINT('Origin',(47.9,17.9,0.));
#5453=CARTESIAN_POINT('',(42.45,7.35,0.));
#5454=CARTESIAN_POINT('',(42.45,3.675,0.));
#5455=CARTESIAN_POINT('',(29.45,7.35,0.));
#5456=CARTESIAN_POINT('',(14.725,7.35,0.));
#5457=CARTESIAN_POINT('',(29.45,10.525,0.));
#5458=CARTESIAN_POINT('',(22.25,7.35,0.));
#5459=CARTESIAN_POINT('',(22.25,3.675,0.));
#5460=CARTESIAN_POINT('',(9.25,7.35,0.));
#5461=CARTESIAN_POINT('',(4.625,7.35,0.));
#5462=CARTESIAN_POINT('',(9.25,10.525,0.));
#5463=CARTESIAN_POINT('',(2.05,7.35,0.));
#5464=CARTESIAN_POINT('',(2.05,3.675,0.));
#5465=CARTESIAN_POINT('',(-10.95,7.35,0.));
#5466=CARTESIAN_POINT('',(-5.475,7.35,0.));
#5467=CARTESIAN_POINT('',(-10.95,10.525,0.));
#5468=CARTESIAN_POINT('',(-18.15,7.35,0.));
#5469=CARTESIAN_POINT('',(-18.15,3.675,0.));
#5470=CARTESIAN_POINT('',(-31.15,7.35,0.));
#5471=CARTESIAN_POINT('',(-15.575,7.35,0.));
#5472=CARTESIAN_POINT('',(-31.15,10.525,0.));
#5473=CARTESIAN_POINT('',(-36.45,13.75,0.));
#5474=CARTESIAN_POINT('',(-36.45,6.875,0.));
#5475=CARTESIAN_POINT('',(-45.35,13.75,0.));
#5476=CARTESIAN_POINT('',(-22.675,13.75,0.));
#5477=CARTESIAN_POINT('',(-45.35,10.525,0.));
#5478=CARTESIAN_POINT('',(-43.85,12.15,0.));
#5479=CARTESIAN_POINT('',(-21.925,12.15,0.));
#5480=CARTESIAN_POINT('',(-43.85,3.25,0.));
#5481=CARTESIAN_POINT('',(-43.85,1.625,0.));
#5482=CARTESIAN_POINT('',(-25.575,3.25,0.));
#5483=CARTESIAN_POINT('',(-43.85,-3.25,0.));
#5484=CARTESIAN_POINT('',(-21.925,-3.25,0.));
#5485=CARTESIAN_POINT('',(-43.85,-6.075,0.));
#5486=CARTESIAN_POINT('',(-20.35,-14.95,0.));
#5487=CARTESIAN_POINT('',(-26.15,-14.95,0.));
#5488=CARTESIAN_POINT('',(-13.075,-14.95,0.));
#5489=CARTESIAN_POINT('',(-26.15,-9.15,0.));
#5490=CARTESIAN_POINT('',(-26.15,-4.575,0.));
#5491=CARTESIAN_POINT('',(-20.35,-9.15,0.));
#5492=CARTESIAN_POINT('',(-10.175,-9.15,0.));
#5493=CARTESIAN_POINT('',(-20.35,-7.475,0.));
#5494=CARTESIAN_POINT('',(-0.549999999999993,-14.95,0.));
#5495=CARTESIAN_POINT('',(-6.34999999999999,-14.95,0.));
#5496=CARTESIAN_POINT('',(-3.175,-14.95,0.));
#5497=CARTESIAN_POINT('',(-6.34999999999999,-9.15,0.));
#5498=CARTESIAN_POINT('',(-6.34999999999999,-4.575,0.));
#5499=CARTESIAN_POINT('',(-0.549999999999993,-9.15,0.));
#5500=CARTESIAN_POINT('',(-0.274999999999996,-9.15,0.));
#5501=CARTESIAN_POINT('',(-0.549999999999993,-7.475,0.));
#5502=CARTESIAN_POINT('',(3.05,-0.100000000000005,0.));
#5503=CARTESIAN_POINT('Origin',(6.1,-0.100000000000005,0.));
#5504=CARTESIAN_POINT('',(22.75,-0.100000000000005,0.));
#5505=CARTESIAN_POINT('Origin',(25.8,-0.100000000000005,0.));
#5506=CARTESIAN_POINT('',(-16.65,-0.100000000000005,0.));
#5507=CARTESIAN_POINT('Origin',(-13.6,-0.100000000000005,0.));
#5508=CARTESIAN_POINT('',(42.45,-0.100000000000005,0.));
#5509=CARTESIAN_POINT('Origin',(45.5,-0.100000000000005,0.));
#5510=CARTESIAN_POINT('',(19.25,-14.95,0.));
#5511=CARTESIAN_POINT('',(13.45,-14.95,0.));
#5512=CARTESIAN_POINT('',(6.725,-14.95,0.));
#5513=CARTESIAN_POINT('',(13.45,-9.15,0.));
#5514=CARTESIAN_POINT('',(13.45,-4.575,0.));
#5515=CARTESIAN_POINT('',(19.25,-9.15,0.));
#5516=CARTESIAN_POINT('',(9.625,-9.15,0.));
#5517=CARTESIAN_POINT('',(19.25,-7.475,0.));
#5518=CARTESIAN_POINT('',(33.25,-14.95,0.));
#5519=CARTESIAN_POINT('',(33.25,-9.15,0.));
#5520=CARTESIAN_POINT('',(33.25,-4.575,0.));
#5521=CARTESIAN_POINT('',(39.05,-9.15,0.));
#5522=CARTESIAN_POINT('',(19.525,-9.15,0.));
#5523=CARTESIAN_POINT('',(39.05,-14.95,0.));
#5524=CARTESIAN_POINT('',(39.05,-7.475,0.));
#5525=CARTESIAN_POINT('',(16.625,-14.95,0.));
#5526=CARTESIAN_POINT('Origin',(49.95,19.95,0.));
#5527=CARTESIAN_POINT('',(49.95,17.9,0.));
#5528=CARTESIAN_POINT('Origin',(47.9,17.9,0.));
#5529=CARTESIAN_POINT('Origin',(15.75,14.2,0.));
#5530=CARTESIAN_POINT('',(9.25,21.05,0.));
#5531=CARTESIAN_POINT('',(9.25,7.35,0.));
#5532=CARTESIAN_POINT('',(22.25,21.05,0.));
#5533=CARTESIAN_POINT('',(9.25,21.05,0.));
#5534=CARTESIAN_POINT('',(22.25,21.05,0.));
#5535=CARTESIAN_POINT('Origin',(15.75,14.2,7.1));
#5536=CARTESIAN_POINT('',(22.25,7.35,7.1));
#5537=CARTESIAN_POINT('',(22.25,21.05,7.1));
#5538=CARTESIAN_POINT('',(22.25,21.05,7.1));
#5539=CARTESIAN_POINT('',(9.25,21.05,7.1));
#5540=CARTESIAN_POINT('',(9.25,21.05,7.1));
#5541=CARTESIAN_POINT('',(9.25,7.35,7.1));
#5542=CARTESIAN_POINT('',(9.25,7.35,7.1));
#5543=CARTESIAN_POINT('',(22.25,7.35,7.1));
#5544=CARTESIAN_POINT('Origin',(22.25,7.35,0.));
#5545=CARTESIAN_POINT('',(22.25,21.05,0.));
#5546=CARTESIAN_POINT('',(22.25,7.35,0.));
#5547=CARTESIAN_POINT('Origin',(22.25,21.05,0.));
#5548=CARTESIAN_POINT('',(9.25,21.05,0.));
#5549=CARTESIAN_POINT('',(22.05,21.05,0.2));
#5550=CARTESIAN_POINT('',(22.05,21.05,6.9));
#5551=CARTESIAN_POINT('',(22.05,21.05,0.));
#5552=CARTESIAN_POINT('',(9.45,21.05,6.9));
#5553=CARTESIAN_POINT('',(19.,21.05,6.9));
#5554=CARTESIAN_POINT('',(9.45,21.05,0.2));
#5555=CARTESIAN_POINT('',(9.45,21.05,0.));
#5556=CARTESIAN_POINT('',(19.,21.05,0.2));
#5557=CARTESIAN_POINT('Origin',(9.25,21.05,0.));
#5558=CARTESIAN_POINT('',(9.25,7.35,0.));
#5559=CARTESIAN_POINT('Origin',(9.25,7.35,0.));
#5560=CARTESIAN_POINT('Origin',(-4.45,14.2,0.));
#5561=CARTESIAN_POINT('',(-10.95,21.05,0.));
#5562=CARTESIAN_POINT('',(-10.95,7.35,0.));
#5563=CARTESIAN_POINT('',(2.05,21.05,0.));
#5564=CARTESIAN_POINT('',(-10.95,21.05,0.));
#5565=CARTESIAN_POINT('',(2.05,21.05,0.));
#5566=CARTESIAN_POINT('Origin',(-4.45,14.2,7.1));
#5567=CARTESIAN_POINT('',(2.05,7.35,7.1));
#5568=CARTESIAN_POINT('',(2.05,21.05,7.1));
#5569=CARTESIAN_POINT('',(2.05,21.05,7.1));
#5570=CARTESIAN_POINT('',(-10.95,21.05,7.1));
#5571=CARTESIAN_POINT('',(-10.95,21.05,7.1));
#5572=CARTESIAN_POINT('',(-10.95,7.35,7.1));
#5573=CARTESIAN_POINT('',(-10.95,7.35,7.1));
#5574=CARTESIAN_POINT('',(2.05,7.35,7.1));
#5575=CARTESIAN_POINT('Origin',(2.05,7.35,0.));
#5576=CARTESIAN_POINT('',(2.05,21.05,0.));
#5577=CARTESIAN_POINT('',(2.05,7.35,0.));
#5578=CARTESIAN_POINT('Origin',(2.05,21.05,0.));
#5579=CARTESIAN_POINT('',(-10.95,21.05,0.));
#5580=CARTESIAN_POINT('',(1.85,21.05,0.2));
#5581=CARTESIAN_POINT('',(1.85,21.05,6.9));
#5582=CARTESIAN_POINT('',(1.85,21.05,0.));
#5583=CARTESIAN_POINT('',(-10.75,21.05,6.9));
#5584=CARTESIAN_POINT('',(-1.2,21.05,6.9));
#5585=CARTESIAN_POINT('',(-10.75,21.05,0.2));
#5586=CARTESIAN_POINT('',(-10.75,21.05,0.));
#5587=CARTESIAN_POINT('',(-1.2,21.05,0.2));
#5588=CARTESIAN_POINT('Origin',(-10.95,21.05,0.));
#5589=CARTESIAN_POINT('',(-10.95,7.35,0.));
#5590=CARTESIAN_POINT('Origin',(-10.95,7.35,0.));
#5591=CARTESIAN_POINT('Origin',(35.95,14.2,0.));
#5592=CARTESIAN_POINT('',(29.45,21.05,0.));
#5593=CARTESIAN_POINT('',(29.45,7.35,0.));
#5594=CARTESIAN_POINT('',(42.45,21.05,0.));
#5595=CARTESIAN_POINT('',(29.45,21.05,0.));
#5596=CARTESIAN_POINT('',(42.45,21.05,0.));
#5597=CARTESIAN_POINT('Origin',(35.95,14.2,7.1));
#5598=CARTESIAN_POINT('',(42.45,21.05,7.1));
#5599=CARTESIAN_POINT('',(29.45,21.05,7.1));
#5600=CARTESIAN_POINT('',(29.45,21.05,7.1));
#5601=CARTESIAN_POINT('',(29.45,7.35,7.1));
#5602=CARTESIAN_POINT('',(29.45,7.35,7.1));
#5603=CARTESIAN_POINT('',(42.45,7.35,7.1));
#5604=CARTESIAN_POINT('',(42.45,7.35,7.1));
#5605=CARTESIAN_POINT('',(42.45,21.05,7.1));
#5606=CARTESIAN_POINT('Origin',(42.45,21.05,0.));
#5607=CARTESIAN_POINT('',(29.45,21.05,0.));
#5608=CARTESIAN_POINT('',(42.45,21.05,0.));
#5609=CARTESIAN_POINT('',(29.65,21.05,6.9));
#5610=CARTESIAN_POINT('',(29.65,21.05,0.2));
#5611=CARTESIAN_POINT('',(29.65,21.05,0.));
#5612=CARTESIAN_POINT('',(42.25,21.05,0.2));
#5613=CARTESIAN_POINT('',(39.2,21.05,0.2));
#5614=CARTESIAN_POINT('',(42.25,21.05,6.9));
#5615=CARTESIAN_POINT('',(42.25,21.05,0.));
#5616=CARTESIAN_POINT('',(39.2,21.05,6.9));
#5617=CARTESIAN_POINT('Origin',(29.45,21.05,0.));
#5618=CARTESIAN_POINT('',(29.45,7.35,0.));
#5619=CARTESIAN_POINT('Origin',(29.45,7.35,0.));
#5620=CARTESIAN_POINT('',(42.45,7.35,0.));
#5621=CARTESIAN_POINT('Origin',(42.45,7.35,0.));
#5622=CARTESIAN_POINT('Origin',(-24.65,14.2,0.));
#5623=CARTESIAN_POINT('',(-31.15,21.05,0.));
#5624=CARTESIAN_POINT('',(-31.15,7.35,0.));
#5625=CARTESIAN_POINT('',(-18.15,21.05,0.));
#5626=CARTESIAN_POINT('',(-31.15,21.05,0.));
#5627=CARTESIAN_POINT('',(-18.15,21.05,0.));
#5628=CARTESIAN_POINT('Origin',(-24.65,14.2,7.1));
#5629=CARTESIAN_POINT('',(-18.15,7.35,7.1));
#5630=CARTESIAN_POINT('',(-18.15,21.05,7.1));
#5631=CARTESIAN_POINT('',(-18.15,21.05,7.1));
#5632=CARTESIAN_POINT('',(-31.15,21.05,7.1));
#5633=CARTESIAN_POINT('',(-31.15,21.05,7.1));
#5634=CARTESIAN_POINT('',(-31.15,7.35,7.1));
#5635=CARTESIAN_POINT('',(-31.15,7.35,7.1));
#5636=CARTESIAN_POINT('',(-18.15,7.35,7.1));
#5637=CARTESIAN_POINT('Origin',(-18.15,7.35,0.));
#5638=CARTESIAN_POINT('',(-18.15,21.05,0.));
#5639=CARTESIAN_POINT('',(-18.15,7.35,0.));
#5640=CARTESIAN_POINT('Origin',(-18.15,21.05,0.));
#5641=CARTESIAN_POINT('',(-31.15,21.05,0.));
#5642=CARTESIAN_POINT('',(-18.35,21.05,0.2));
#5643=CARTESIAN_POINT('',(-18.35,21.05,6.9));
#5644=CARTESIAN_POINT('',(-18.35,21.05,0.));
#5645=CARTESIAN_POINT('',(-30.95,21.05,6.9));
#5646=CARTESIAN_POINT('',(-21.4,21.05,6.9));
#5647=CARTESIAN_POINT('',(-30.95,21.05,0.2));
#5648=CARTESIAN_POINT('',(-30.95,21.05,0.));
#5649=CARTESIAN_POINT('',(-21.4,21.05,0.2));
#5650=CARTESIAN_POINT('Origin',(-31.15,21.05,0.));
#5651=CARTESIAN_POINT('',(-31.15,7.35,0.));
#5652=CARTESIAN_POINT('Origin',(-31.15,7.35,0.));
#5653=CARTESIAN_POINT('Origin',(-40.9,17.4,0.));
#5654=CARTESIAN_POINT('',(-45.35,21.05,0.));
#5655=CARTESIAN_POINT('',(-45.35,13.75,0.));
#5656=CARTESIAN_POINT('',(-36.45,21.05,0.));
#5657=CARTESIAN_POINT('',(-45.35,21.05,0.));
#5658=CARTESIAN_POINT('',(-36.45,21.05,0.));
#5659=CARTESIAN_POINT('Origin',(-40.9,17.4,3.1));
#5660=CARTESIAN_POINT('',(-45.35,13.75,3.1));
#5661=CARTESIAN_POINT('',(-36.45,13.75,3.1));
#5662=CARTESIAN_POINT('',(-36.45,13.75,3.1));
#5663=CARTESIAN_POINT('',(-36.45,21.05,3.1));
#5664=CARTESIAN_POINT('',(-36.45,21.05,3.1));
#5665=CARTESIAN_POINT('',(-45.35,21.05,3.1));
#5666=CARTESIAN_POINT('',(-45.35,21.05,3.1));
#5667=CARTESIAN_POINT('',(-45.35,13.75,3.1));
#5668=CARTESIAN_POINT('Origin',(-45.35,13.75,0.));
#5669=CARTESIAN_POINT('',(-36.45,13.75,0.));
#5670=CARTESIAN_POINT('',(-45.35,13.75,0.));
#5671=CARTESIAN_POINT('Origin',(-36.45,13.75,0.));
#5672=CARTESIAN_POINT('',(-36.45,21.05,0.));
#5673=CARTESIAN_POINT('Origin',(-45.35,21.05,0.));
#5674=CARTESIAN_POINT('',(-45.35,21.05,0.));
#5675=CARTESIAN_POINT('Origin',(-47.5,7.7,0.));
#5676=CARTESIAN_POINT('',(-51.15,3.25,0.));
#5677=CARTESIAN_POINT('',(-51.15,3.25,0.));
#5678=CARTESIAN_POINT('',(-51.15,12.15,0.));
#5679=CARTESIAN_POINT('',(-51.15,12.15,0.));
#5680=CARTESIAN_POINT('',(-43.85,12.15,0.));
#5681=CARTESIAN_POINT('Origin',(-47.5,7.7,3.1));
#5682=CARTESIAN_POINT('',(-43.85,3.25,3.1));
#5683=CARTESIAN_POINT('',(-43.85,12.15,3.1));
#5684=CARTESIAN_POINT('',(-43.85,3.25,3.1));
#5685=CARTESIAN_POINT('',(-51.15,12.15,3.1));
#5686=CARTESIAN_POINT('',(-43.85,12.15,3.1));
#5687=CARTESIAN_POINT('',(-51.15,3.25,3.1));
#5688=CARTESIAN_POINT('',(-51.15,12.15,3.1));
#5689=CARTESIAN_POINT('',(-51.15,3.25,3.1));
#5690=CARTESIAN_POINT('Origin',(-43.85,3.25,0.));
#5691=CARTESIAN_POINT('',(-43.85,12.15,0.));
#5692=CARTESIAN_POINT('',(-43.85,3.25,0.));
#5693=CARTESIAN_POINT('Origin',(-43.85,12.15,0.));
#5694=CARTESIAN_POINT('',(-51.15,12.15,0.));
#5695=CARTESIAN_POINT('Origin',(-51.15,12.15,0.));
#5696=CARTESIAN_POINT('',(-51.15,3.25,0.));
#5697=CARTESIAN_POINT('',(-51.15,3.45,2.9));
#5698=CARTESIAN_POINT('',(-51.15,3.45,0.2));
#5699=CARTESIAN_POINT('',(-51.15,3.45,1.45));
#5700=CARTESIAN_POINT('',(-51.15,7.8,0.2));
#5701=CARTESIAN_POINT('',(-51.15,12.05,2.9));
#5702=CARTESIAN_POINT('Origin',(-51.15,3.25,0.));
#5703=CARTESIAN_POINT('Origin',(-47.5,-7.7,0.));
#5704=CARTESIAN_POINT('',(-51.15,-12.15,0.));
#5705=CARTESIAN_POINT('',(-43.85,-12.15,0.));
#5706=CARTESIAN_POINT('',(-51.15,-3.25,0.));
#5707=CARTESIAN_POINT('',(-51.15,-12.15,0.));
#5708=CARTESIAN_POINT('',(-51.15,-3.25,0.));
#5709=CARTESIAN_POINT('Origin',(-47.5,-7.7,3.1));
#5710=CARTESIAN_POINT('',(-51.15,-3.25,3.1));
#5711=CARTESIAN_POINT('',(-51.15,-12.15,3.1));
#5712=CARTESIAN_POINT('',(-51.15,-12.15,3.1));
#5713=CARTESIAN_POINT('',(-43.85,-12.15,3.1));
#5714=CARTESIAN_POINT('',(-43.85,-12.15,3.1));
#5715=CARTESIAN_POINT('',(-43.85,-3.25,3.1));
#5716=CARTESIAN_POINT('',(-43.85,-3.25,3.1));
#5717=CARTESIAN_POINT('',(-51.15,-3.25,3.1));
#5718=CARTESIAN_POINT('Origin',(-51.15,-3.25,0.));
#5719=CARTESIAN_POINT('',(-51.15,-12.15,0.));
#5720=CARTESIAN_POINT('',(-51.15,-3.25,0.));
#5721=CARTESIAN_POINT('',(-51.15,-3.45,0.200000000000001));
#5722=CARTESIAN_POINT('',(-51.15,-7.6,0.200000000000003));
#5723=CARTESIAN_POINT('',(-51.15,-3.45,2.9));
#5724=CARTESIAN_POINT('',(-51.15,-3.45,0.100000000000001));
#5725=CARTESIAN_POINT('',(-51.15,-3.35,2.9));
#5726=CARTESIAN_POINT('Origin',(-51.15,-12.15,0.));
#5727=CARTESIAN_POINT('',(-43.85,-12.15,0.));
#5728=CARTESIAN_POINT('Origin',(-43.85,-12.15,0.));
#5729=CARTESIAN_POINT('',(-43.85,-3.25,0.));
#5730=CARTESIAN_POINT('Origin',(-43.85,-3.25,0.));
#5731=CARTESIAN_POINT('Origin',(6.1,-0.100000000000005,5.4));
#5732=CARTESIAN_POINT('',(3.05,-0.100000000000005,5.4));
#5733=CARTESIAN_POINT('Origin',(6.1,-0.100000000000005,5.4));
#5734=CARTESIAN_POINT('Origin',(6.1,-0.100000000000005,0.));
#5735=CARTESIAN_POINT('',(3.05,-0.100000000000005,0.));
#5736=CARTESIAN_POINT('Origin',(25.8,-0.100000000000005,5.4));
#5737=CARTESIAN_POINT('',(22.75,-0.100000000000005,5.4));
#5738=CARTESIAN_POINT('Origin',(25.8,-0.100000000000005,5.4));
#5739=CARTESIAN_POINT('Origin',(25.8,-0.100000000000005,0.));
#5740=CARTESIAN_POINT('',(22.75,-0.100000000000005,0.));
#5741=CARTESIAN_POINT('Origin',(-13.6,-0.100000000000005,5.4));
#5742=CARTESIAN_POINT('',(-16.65,-0.100000000000005,5.4));
#5743=CARTESIAN_POINT('Origin',(-13.6,-0.100000000000005,5.4));
#5744=CARTESIAN_POINT('Origin',(-13.6,-0.100000000000005,0.));
#5745=CARTESIAN_POINT('',(-16.65,-0.100000000000005,0.));
#5746=CARTESIAN_POINT('Origin',(45.5,-0.100000000000005,5.4));
#5747=CARTESIAN_POINT('',(42.45,-0.100000000000005,5.4));
#5748=CARTESIAN_POINT('Origin',(45.5,-0.100000000000005,5.4));
#5749=CARTESIAN_POINT('Origin',(45.5,-0.100000000000005,0.));
#5750=CARTESIAN_POINT('',(42.45,-0.100000000000005,0.));
#5751=CARTESIAN_POINT('Origin',(-3.44999999999999,-12.05,3.7));
#5752=CARTESIAN_POINT('',(-0.549999999999993,-14.95,3.7));
#5753=CARTESIAN_POINT('',(-0.549999999999993,-9.15,3.7));
#5754=CARTESIAN_POINT('',(-0.549999999999993,-9.15,3.7));
#5755=CARTESIAN_POINT('',(-6.34999999999999,-9.15,3.7));
#5756=CARTESIAN_POINT('',(-6.34999999999999,-9.15,3.7));
#5757=CARTESIAN_POINT('',(-6.34999999999999,-14.95,3.7));
#5758=CARTESIAN_POINT('',(-6.34999999999999,-14.95,3.7));
#5759=CARTESIAN_POINT('',(-0.549999999999993,-14.95,3.7));
#5760=CARTESIAN_POINT('',(-5.14999999999999,-12.05,3.7));
#5761=CARTESIAN_POINT('Origin',(-3.44999999999999,-12.05,3.7));
#5762=CARTESIAN_POINT('Origin',(-0.549999999999993,-14.95,0.));
#5763=CARTESIAN_POINT('',(-0.549999999999993,-9.15,0.));
#5764=CARTESIAN_POINT('',(-0.549999999999993,-14.95,0.));
#5765=CARTESIAN_POINT('Origin',(-0.549999999999993,-9.15,0.));
#5766=CARTESIAN_POINT('',(-6.34999999999999,-9.15,0.));
#5767=CARTESIAN_POINT('Origin',(-6.34999999999999,-9.15,0.));
#5768=CARTESIAN_POINT('',(-6.34999999999999,-14.95,0.));
#5769=CARTESIAN_POINT('Origin',(-6.34999999999999,-14.95,0.));
#5770=CARTESIAN_POINT('Origin',(16.35,-12.05,3.7));
#5771=CARTESIAN_POINT('',(19.25,-14.95,3.7));
#5772=CARTESIAN_POINT('',(19.25,-9.15,3.7));
#5773=CARTESIAN_POINT('',(19.25,-9.15,3.7));
#5774=CARTESIAN_POINT('',(13.45,-9.15,3.7));
#5775=CARTESIAN_POINT('',(13.45,-9.15,3.7));
#5776=CARTESIAN_POINT('',(13.45,-14.95,3.7));
#5777=CARTESIAN_POINT('',(13.45,-14.95,3.7));
#5778=CARTESIAN_POINT('',(19.25,-14.95,3.7));
#5779=CARTESIAN_POINT('',(14.65,-12.05,3.7));
#5780=CARTESIAN_POINT('Origin',(16.35,-12.05,3.7));
#5781=CARTESIAN_POINT('Origin',(19.25,-14.95,0.));
#5782=CARTESIAN_POINT('',(19.25,-9.15,0.));
#5783=CARTESIAN_POINT('',(19.25,-14.95,0.));
#5784=CARTESIAN_POINT('Origin',(19.25,-9.15,0.));
#5785=CARTESIAN_POINT('',(13.45,-9.15,0.));
#5786=CARTESIAN_POINT('Origin',(13.45,-9.15,0.));
#5787=CARTESIAN_POINT('',(13.45,-14.95,0.));
#5788=CARTESIAN_POINT('Origin',(13.45,-14.95,0.));
#5789=CARTESIAN_POINT('Origin',(-23.25,-12.05,3.7));
#5790=CARTESIAN_POINT('',(-20.35,-14.95,3.7));
#5791=CARTESIAN_POINT('',(-20.35,-9.15,3.7));
#5792=CARTESIAN_POINT('',(-20.35,-9.15,3.7));
#5793=CARTESIAN_POINT('',(-26.15,-9.15,3.7));
#5794=CARTESIAN_POINT('',(-26.15,-9.15,3.7));
#5795=CARTESIAN_POINT('',(-26.15,-14.95,3.7));
#5796=CARTESIAN_POINT('',(-26.15,-14.95,3.7));
#5797=CARTESIAN_POINT('',(-20.35,-14.95,3.7));
#5798=CARTESIAN_POINT('',(-24.95,-12.05,3.7));
#5799=CARTESIAN_POINT('Origin',(-23.25,-12.05,3.7));
#5800=CARTESIAN_POINT('Origin',(-20.35,-14.95,0.));
#5801=CARTESIAN_POINT('',(-20.35,-9.15,0.));
#5802=CARTESIAN_POINT('',(-20.35,-14.95,0.));
#5803=CARTESIAN_POINT('Origin',(-20.35,-9.15,0.));
#5804=CARTESIAN_POINT('',(-26.15,-9.15,0.));
#5805=CARTESIAN_POINT('Origin',(-26.15,-9.15,0.));
#5806=CARTESIAN_POINT('',(-26.15,-14.95,0.));
#5807=CARTESIAN_POINT('Origin',(-26.15,-14.95,0.));
#5808=CARTESIAN_POINT('Origin',(36.15,-12.05,3.7));
#5809=CARTESIAN_POINT('',(33.25,-14.95,3.7));
#5810=CARTESIAN_POINT('',(39.05,-14.95,3.7));
#5811=CARTESIAN_POINT('',(39.05,-14.95,3.7));
#5812=CARTESIAN_POINT('',(39.05,-9.15,3.7));
#5813=CARTESIAN_POINT('',(39.05,-9.15,3.7));
#5814=CARTESIAN_POINT('',(33.25,-9.15,3.7));
#5815=CARTESIAN_POINT('',(33.25,-9.15,3.7));
#5816=CARTESIAN_POINT('',(33.25,-14.95,3.7));
#5817=CARTESIAN_POINT('',(34.45,-12.05,3.7));
#5818=CARTESIAN_POINT('Origin',(36.15,-12.05,3.7));
#5819=CARTESIAN_POINT('Origin',(33.25,-14.95,0.));
#5820=CARTESIAN_POINT('',(39.05,-14.95,0.));
#5821=CARTESIAN_POINT('',(33.25,-14.95,0.));
#5822=CARTESIAN_POINT('Origin',(39.05,-14.95,0.));
#5823=CARTESIAN_POINT('',(39.05,-9.15,0.));
#5824=CARTESIAN_POINT('Origin',(39.05,-9.15,0.));
#5825=CARTESIAN_POINT('',(33.25,-9.15,0.));
#5826=CARTESIAN_POINT('Origin',(33.25,-9.15,0.));
#5827=CARTESIAN_POINT('Origin',(-3.44999999999999,-12.05,13.3));
#5828=CARTESIAN_POINT('',(-5.14999999999999,-12.05,13.3));
#5829=CARTESIAN_POINT('Origin',(-3.44999999999999,-12.05,13.3));
#5830=CARTESIAN_POINT('Origin',(-3.44999999999999,-12.05,0.));
#5831=CARTESIAN_POINT('',(-5.14999999999999,-12.05,0.));
#5832=CARTESIAN_POINT('Origin',(16.35,-12.05,13.3));
#5833=CARTESIAN_POINT('',(14.65,-12.05,13.3));
#5834=CARTESIAN_POINT('Origin',(16.35,-12.05,13.3));
#5835=CARTESIAN_POINT('Origin',(16.35,-12.05,0.));
#5836=CARTESIAN_POINT('',(14.65,-12.05,0.));
#5837=CARTESIAN_POINT('Origin',(-23.25,-12.05,13.3));
#5838=CARTESIAN_POINT('',(-24.95,-12.05,13.3));
#5839=CARTESIAN_POINT('Origin',(-23.25,-12.05,13.3));
#5840=CARTESIAN_POINT('Origin',(-23.25,-12.05,0.));
#5841=CARTESIAN_POINT('',(-24.95,-12.05,0.));
#5842=CARTESIAN_POINT('Origin',(36.15,-12.05,13.3));
#5843=CARTESIAN_POINT('',(34.45,-12.05,13.3));
#5844=CARTESIAN_POINT('Origin',(36.15,-12.05,13.3));
#5845=CARTESIAN_POINT('Origin',(36.15,-12.05,0.));
#5846=CARTESIAN_POINT('',(34.45,-12.05,0.));
#5847=CARTESIAN_POINT('Origin',(0.,0.,-1.3));
#5848=CARTESIAN_POINT('',(49.75,17.9,-1.3));
#5849=CARTESIAN_POINT('',(47.9,19.75,-1.3));
#5850=CARTESIAN_POINT('Origin',(47.9,17.9,-1.3));
#5851=CARTESIAN_POINT('',(-47.9,19.75,-1.3));
#5852=CARTESIAN_POINT('',(-24.975,19.75,-1.3));
#5853=CARTESIAN_POINT('',(-49.75,17.9,-1.3));
#5854=CARTESIAN_POINT('Origin',(-47.9,17.9,-1.3));
#5855=CARTESIAN_POINT('',(-49.75,-17.9,-1.3));
#5856=CARTESIAN_POINT('',(-49.75,-9.975,-1.3));
#5857=CARTESIAN_POINT('',(-47.9,-19.75,-1.3));
#5858=CARTESIAN_POINT('Origin',(-47.9,-17.9,-1.3));
#5859=CARTESIAN_POINT('',(47.9,-19.75,-1.3));
#5860=CARTESIAN_POINT('',(24.975,-19.75,-1.3));
#5861=CARTESIAN_POINT('',(49.75,-17.9,-1.3));
#5862=CARTESIAN_POINT('Origin',(47.9,-17.9,-1.3));
#5863=CARTESIAN_POINT('',(49.75,9.975,-1.3));
#5864=CARTESIAN_POINT('',(-49.25,17.9,-1.3));
#5865=CARTESIAN_POINT('Origin',(-47.9,17.9,-1.3));
#5866=CARTESIAN_POINT('',(46.55,17.9,-1.3));
#5867=CARTESIAN_POINT('Origin',(47.9,17.9,-1.3));
#5868=CARTESIAN_POINT('',(46.55,-17.9,-1.3));
#5869=CARTESIAN_POINT('Origin',(47.9,-17.9,-1.3));
#5870=CARTESIAN_POINT('',(-49.25,-17.9,-1.3));
#5871=CARTESIAN_POINT('Origin',(-47.9,-17.9,-1.3));
#5872=CARTESIAN_POINT('Origin',(-49.95,19.75,0.));
#5873=CARTESIAN_POINT('',(47.9,19.75,-0.2));
#5874=CARTESIAN_POINT('',(47.9,19.75,0.));
#5875=CARTESIAN_POINT('',(42.25,19.75,-0.2));
#5876=CARTESIAN_POINT('',(-24.975,19.75,-0.2));
#5877=CARTESIAN_POINT('',(42.25,19.75,0.2));
#5878=CARTESIAN_POINT('',(42.25,19.75,0.));
#5879=CARTESIAN_POINT('',(29.65,19.75,0.2));
#5880=CARTESIAN_POINT('',(-7.,19.75,0.2));
#5881=CARTESIAN_POINT('',(29.65,19.75,-0.2));
#5882=CARTESIAN_POINT('',(29.65,19.75,0.));
#5883=CARTESIAN_POINT('',(22.05,19.75,-0.2));
#5884=CARTESIAN_POINT('',(-24.975,19.75,-0.2));
#5885=CARTESIAN_POINT('',(22.05,19.75,0.2));
#5886=CARTESIAN_POINT('',(22.05,19.75,0.));
#5887=CARTESIAN_POINT('',(9.45,19.75,0.2));
#5888=CARTESIAN_POINT('',(-17.1,19.75,0.2));
#5889=CARTESIAN_POINT('',(9.45,19.75,-0.2));
#5890=CARTESIAN_POINT('',(9.45,19.75,0.));
#5891=CARTESIAN_POINT('',(1.85,19.75,-0.2));
#5892=CARTESIAN_POINT('',(-24.975,19.75,-0.2));
#5893=CARTESIAN_POINT('',(1.85,19.75,0.2));
#5894=CARTESIAN_POINT('',(1.85,19.75,0.));
#5895=CARTESIAN_POINT('',(-10.75,19.75,0.2));
#5896=CARTESIAN_POINT('',(-27.2,19.75,0.2));
#5897=CARTESIAN_POINT('',(-10.75,19.75,-0.2));
#5898=CARTESIAN_POINT('',(-10.75,19.75,0.));
#5899=CARTESIAN_POINT('',(-18.35,19.75,-0.2));
#5900=CARTESIAN_POINT('',(-24.975,19.75,-0.2));
#5901=CARTESIAN_POINT('',(-18.35,19.75,0.2));
#5902=CARTESIAN_POINT('',(-18.35,19.75,0.));
#5903=CARTESIAN_POINT('',(-30.95,19.75,0.2));
#5904=CARTESIAN_POINT('',(-37.3,19.75,0.2));
#5905=CARTESIAN_POINT('',(-30.95,19.75,-0.2));
#5906=CARTESIAN_POINT('',(-30.95,19.75,0.));
#5907=CARTESIAN_POINT('',(-36.65,19.75,-0.2));
#5908=CARTESIAN_POINT('',(-24.975,19.75,-0.2));
#5909=CARTESIAN_POINT('',(-36.65,19.75,0.2));
#5910=CARTESIAN_POINT('',(-36.65,19.75,0.));
#5911=CARTESIAN_POINT('',(-45.15,19.75,0.2));
#5912=CARTESIAN_POINT('',(-45.425,19.75,0.2));
#5913=CARTESIAN_POINT('',(-45.15,19.75,-0.2));
#5914=CARTESIAN_POINT('',(-45.15,19.75,0.));
#5915=CARTESIAN_POINT('',(-47.9,19.75,-0.2));
#5916=CARTESIAN_POINT('',(-24.975,19.75,-0.2));
#5917=CARTESIAN_POINT('',(-47.9,19.75,0.));
#5918=CARTESIAN_POINT('Origin',(-47.9,17.9,0.));
#5919=CARTESIAN_POINT('',(-49.25,17.9,-0.2));
#5920=CARTESIAN_POINT('Origin',(-47.9,17.9,-0.2));
#5921=CARTESIAN_POINT('',(-49.25,17.9,0.));
#5922=CARTESIAN_POINT('Origin',(47.9,17.9,0.));
#5923=CARTESIAN_POINT('',(46.55,17.9,-0.2));
#5924=CARTESIAN_POINT('Origin',(47.9,17.9,-0.2));
#5925=CARTESIAN_POINT('',(46.55,17.9,0.));
#5926=CARTESIAN_POINT('Origin',(47.9,-17.9,0.));
#5927=CARTESIAN_POINT('',(46.55,-17.9,-0.2));
#5928=CARTESIAN_POINT('Origin',(47.9,-17.9,-0.2));
#5929=CARTESIAN_POINT('',(46.55,-17.9,0.));
#5930=CARTESIAN_POINT('Origin',(-47.9,-17.9,0.));
#5931=CARTESIAN_POINT('',(-49.25,-17.9,-0.2));
#5932=CARTESIAN_POINT('Origin',(-47.9,-17.9,-0.2));
#5933=CARTESIAN_POINT('',(-49.25,-17.9,0.));
#5934=CARTESIAN_POINT('Origin',(-47.9,17.9,0.));
#5935=CARTESIAN_POINT('',(-49.75,17.9,-0.2));
#5936=CARTESIAN_POINT('Origin',(-47.9,17.9,-0.2));
#5937=CARTESIAN_POINT('',(-49.75,17.9,0.));
#5938=CARTESIAN_POINT('Origin',(-49.75,-19.95,0.));
#5939=CARTESIAN_POINT('',(-49.75,-17.9,-0.2));
#5940=CARTESIAN_POINT('',(-49.75,-17.9,0.));
#5941=CARTESIAN_POINT('',(-49.75,-9.975,-0.2));
#5942=CARTESIAN_POINT('',(-49.75,3.45,0.2));
#5943=CARTESIAN_POINT('',(-49.75,-6.125,0.2));
#5944=CARTESIAN_POINT('',(-49.75,3.45,-0.2));
#5945=CARTESIAN_POINT('',(-49.75,3.45,0.));
#5946=CARTESIAN_POINT('',(-49.75,-3.45,-0.2));
#5947=CARTESIAN_POINT('',(-49.75,-9.975,-0.2));
#5948=CARTESIAN_POINT('',(-49.75,-3.45,0.2));
#5949=CARTESIAN_POINT('',(-49.75,-3.45,0.));
#5950=CARTESIAN_POINT('',(-49.75,-13.825,0.2));
#5951=CARTESIAN_POINT('',(-49.75,-9.975,-0.2));
#5952=CARTESIAN_POINT('Origin',(-47.9,-17.9,0.));
#5953=CARTESIAN_POINT('',(-47.9,-19.75,-0.2));
#5954=CARTESIAN_POINT('Origin',(-47.9,-17.9,-0.2));
#5955=CARTESIAN_POINT('',(-47.9,-19.75,0.));
#5956=CARTESIAN_POINT('Origin',(49.95,-19.75,0.));
#5957=CARTESIAN_POINT('',(47.9,-19.75,-0.2));
#5958=CARTESIAN_POINT('',(47.9,-19.75,0.));
#5959=CARTESIAN_POINT('',(24.975,-19.75,-0.2));
#5960=CARTESIAN_POINT('Origin',(47.9,-17.9,0.));
#5961=CARTESIAN_POINT('',(49.75,-17.9,-0.2));
#5962=CARTESIAN_POINT('Origin',(47.9,-17.9,-0.2));
#5963=CARTESIAN_POINT('',(49.75,-17.9,0.));
#5964=CARTESIAN_POINT('Origin',(0.,0.,-0.2));
#5965=CARTESIAN_POINT('',(-44.05,-3.45,-0.2));
#5966=CARTESIAN_POINT('',(-44.05,-6.075,-0.2));
#5967=CARTESIAN_POINT('',(-21.925,-3.45,-0.2));
#5968=CARTESIAN_POINT('',(-25.575,3.45,-0.2));
#5969=CARTESIAN_POINT('',(-45.15,13.95,-0.2));
#5970=CARTESIAN_POINT('',(-45.15,10.525,-0.2));
#5971=CARTESIAN_POINT('',(-36.65,13.95,-0.2));
#5972=CARTESIAN_POINT('',(-22.675,13.95,-0.2));
#5973=CARTESIAN_POINT('',(-36.65,6.875,-0.2));
#5974=CARTESIAN_POINT('',(-30.95,7.55,-0.2));
#5975=CARTESIAN_POINT('',(-30.95,10.525,-0.2));
#5976=CARTESIAN_POINT('',(-18.35,7.55,-0.2));
#5977=CARTESIAN_POINT('',(-15.575,7.55,-0.2));
#5978=CARTESIAN_POINT('',(-18.35,3.675,-0.2));
#5979=CARTESIAN_POINT('',(-10.75,7.55,-0.2));
#5980=CARTESIAN_POINT('',(-10.75,10.525,-0.2));
#5981=CARTESIAN_POINT('',(1.85,7.55,-0.2));
#5982=CARTESIAN_POINT('',(-5.475,7.55,-0.2));
#5983=CARTESIAN_POINT('',(1.85,3.675,-0.2));
#5984=CARTESIAN_POINT('',(9.45,7.55,-0.2));
#5985=CARTESIAN_POINT('',(9.45,10.525,-0.2));
#5986=CARTESIAN_POINT('',(22.05,7.55,-0.2));
#5987=CARTESIAN_POINT('',(4.625,7.55,-0.2));
#5988=CARTESIAN_POINT('',(22.05,3.675,-0.2));
#5989=CARTESIAN_POINT('',(29.65,7.55,-0.2));
#5990=CARTESIAN_POINT('',(29.65,10.525,-0.2));
#5991=CARTESIAN_POINT('',(42.25,7.55,-0.2));
#5992=CARTESIAN_POINT('',(14.725,7.55,-0.2));
#5993=CARTESIAN_POINT('',(42.25,3.675,-0.2));
#5994=CARTESIAN_POINT('',(49.75,17.9,-0.2));
#5995=CARTESIAN_POINT('Origin',(47.9,17.9,-0.2));
#5996=CARTESIAN_POINT('',(49.75,9.975,-0.2));
#5997=CARTESIAN_POINT('',(-20.55,-14.75,-0.2));
#5998=CARTESIAN_POINT('',(-25.95,-14.75,-0.2));
#5999=CARTESIAN_POINT('',(-13.075,-14.75,-0.2));
#6000=CARTESIAN_POINT('',(-20.55,-9.35,-0.2));
#6001=CARTESIAN_POINT('',(-20.55,-7.475,-0.2));
#6002=CARTESIAN_POINT('',(-25.95,-9.35,-0.2));
#6003=CARTESIAN_POINT('',(-10.175,-9.35,-0.2));
#6004=CARTESIAN_POINT('',(-25.95,-4.575,-0.2));
#6005=CARTESIAN_POINT('',(-0.749999999999993,-14.75,-0.2));
#6006=CARTESIAN_POINT('',(-6.14999999999999,-14.75,-0.2));
#6007=CARTESIAN_POINT('',(-3.175,-14.75,-0.2));
#6008=CARTESIAN_POINT('',(-0.749999999999993,-9.35,-0.2));
#6009=CARTESIAN_POINT('',(-0.749999999999993,-7.475,-0.2));
#6010=CARTESIAN_POINT('',(-6.14999999999999,-9.35,-0.2));
#6011=CARTESIAN_POINT('',(-0.274999999999996,-9.35,-0.2));
#6012=CARTESIAN_POINT('',(-6.14999999999999,-4.575,-0.2));
#6013=CARTESIAN_POINT('',(3.25,-0.100000000000004,-0.2));
#6014=CARTESIAN_POINT('Origin',(6.1,-0.100000000000005,-0.2));
#6015=CARTESIAN_POINT('',(22.95,-0.100000000000004,-0.2));
#6016=CARTESIAN_POINT('Origin',(25.8,-0.100000000000005,-0.2));
#6017=CARTESIAN_POINT('',(-16.45,-0.100000000000004,-0.2));
#6018=CARTESIAN_POINT('Origin',(-13.6,-0.100000000000005,-0.2));
#6019=CARTESIAN_POINT('',(42.65,-0.100000000000004,-0.2));
#6020=CARTESIAN_POINT('Origin',(45.5,-0.100000000000005,-0.2));
#6021=CARTESIAN_POINT('',(19.05,-14.75,-0.2));
#6022=CARTESIAN_POINT('',(13.65,-14.75,-0.2));
#6023=CARTESIAN_POINT('',(6.725,-14.75,-0.2));
#6024=CARTESIAN_POINT('',(19.05,-9.35,-0.2));
#6025=CARTESIAN_POINT('',(19.05,-7.475,-0.2));
#6026=CARTESIAN_POINT('',(13.65,-9.35,-0.2));
#6027=CARTESIAN_POINT('',(9.625,-9.35,-0.2));
#6028=CARTESIAN_POINT('',(13.65,-4.575,-0.2));
#6029=CARTESIAN_POINT('',(33.45,-14.75,-0.2));
#6030=CARTESIAN_POINT('',(33.45,-9.35,-0.2));
#6031=CARTESIAN_POINT('',(33.45,-4.575,-0.2));
#6032=CARTESIAN_POINT('',(38.85,-14.75,-0.2));
#6033=CARTESIAN_POINT('',(16.625,-14.75,-0.2));
#6034=CARTESIAN_POINT('',(38.85,-9.35,-0.2));
#6035=CARTESIAN_POINT('',(38.85,-7.475,-0.2));
#6036=CARTESIAN_POINT('',(19.525,-9.35,-0.2));
#6037=CARTESIAN_POINT('Origin',(49.75,19.95,0.));
#6038=CARTESIAN_POINT('',(49.75,17.9,0.));
#6039=CARTESIAN_POINT('Origin',(47.9,17.9,0.));
#6040=CARTESIAN_POINT('Origin',(15.75,14.2,0.2));
#6041=CARTESIAN_POINT('',(9.45,17.625,0.2));
#6042=CARTESIAN_POINT('',(22.05,10.775,0.2));
#6043=CARTESIAN_POINT('Origin',(15.75,14.2,6.9));
#6044=CARTESIAN_POINT('',(22.05,7.55,6.9));
#6045=CARTESIAN_POINT('',(22.05,10.775,6.9));
#6046=CARTESIAN_POINT('',(9.45,7.55,6.9));
#6047=CARTESIAN_POINT('',(12.5,7.55,6.9));
#6048=CARTESIAN_POINT('',(9.45,17.625,6.9));
#6049=CARTESIAN_POINT('Origin',(22.05,7.35,0.));
#6050=CARTESIAN_POINT('',(22.05,7.55,0.));
#6051=CARTESIAN_POINT('Origin',(9.45,21.05,0.));
#6052=CARTESIAN_POINT('',(9.45,7.55,0.));
#6053=CARTESIAN_POINT('Origin',(9.25,7.55,0.));
#6054=CARTESIAN_POINT('',(21.,7.55,4.1));
#6055=CARTESIAN_POINT('',(21.,7.55,5.7));
#6056=CARTESIAN_POINT('',(21.,7.55,2.05));
#6057=CARTESIAN_POINT('',(10.5,7.55,5.7));
#6058=CARTESIAN_POINT('',(15.125,7.55,5.7));
#6059=CARTESIAN_POINT('',(10.5,7.55,4.1));
#6060=CARTESIAN_POINT('',(10.5,7.55,2.85));
#6061=CARTESIAN_POINT('',(9.87500000000001,7.55,4.1));
#6062=CARTESIAN_POINT('Origin',(-4.45,14.2,0.2));
#6063=CARTESIAN_POINT('',(-10.75,17.625,0.2));
#6064=CARTESIAN_POINT('',(1.85,10.775,0.2));
#6065=CARTESIAN_POINT('Origin',(-4.45,14.2,6.9));
#6066=CARTESIAN_POINT('',(1.85,7.55,6.9));
#6067=CARTESIAN_POINT('',(1.85,10.775,6.9));
#6068=CARTESIAN_POINT('',(-10.75,7.55,6.9));
#6069=CARTESIAN_POINT('',(-7.7,7.55,6.9));
#6070=CARTESIAN_POINT('',(-10.75,17.625,6.9));
#6071=CARTESIAN_POINT('Origin',(1.85,7.35,0.));
#6072=CARTESIAN_POINT('',(1.85,7.55,0.));
#6073=CARTESIAN_POINT('Origin',(-10.75,21.05,0.));
#6074=CARTESIAN_POINT('',(-10.75,7.55,0.));
#6075=CARTESIAN_POINT('Origin',(-10.95,7.55,0.));
#6076=CARTESIAN_POINT('',(-9.70000000000001,7.55,4.1));
#6077=CARTESIAN_POINT('',(0.799999999999992,7.55,4.1));
#6078=CARTESIAN_POINT('',(-10.325,7.55,4.1));
#6079=CARTESIAN_POINT('',(0.799999999999992,7.55,5.7));
#6080=CARTESIAN_POINT('',(0.799999999999992,7.55,2.05));
#6081=CARTESIAN_POINT('',(-9.70000000000001,7.55,5.7));
#6082=CARTESIAN_POINT('',(-5.075,7.55,5.7));
#6083=CARTESIAN_POINT('',(-9.70000000000001,7.55,2.85));
#6084=CARTESIAN_POINT('Origin',(35.95,14.2,0.2));
#6085=CARTESIAN_POINT('',(29.65,17.625,0.2));
#6086=CARTESIAN_POINT('',(42.25,10.775,0.2));
#6087=CARTESIAN_POINT('Origin',(35.95,14.2,6.9));
#6088=CARTESIAN_POINT('',(42.25,7.55,6.9));
#6089=CARTESIAN_POINT('',(42.25,10.775,6.9));
#6090=CARTESIAN_POINT('',(29.65,7.55,6.9));
#6091=CARTESIAN_POINT('',(32.7,7.55,6.9));
#6092=CARTESIAN_POINT('',(29.65,17.625,6.9));
#6093=CARTESIAN_POINT('Origin',(29.65,21.05,0.));
#6094=CARTESIAN_POINT('',(29.65,7.55,0.));
#6095=CARTESIAN_POINT('Origin',(29.45,7.55,0.));
#6096=CARTESIAN_POINT('',(42.25,7.55,0.));
#6097=CARTESIAN_POINT('',(30.7,7.55,4.1));
#6098=CARTESIAN_POINT('',(41.2,7.55,4.1));
#6099=CARTESIAN_POINT('',(30.075,7.55,4.1));
#6100=CARTESIAN_POINT('',(41.2,7.55,5.7));
#6101=CARTESIAN_POINT('',(41.2,7.55,2.05));
#6102=CARTESIAN_POINT('',(30.7,7.55,5.7));
#6103=CARTESIAN_POINT('',(35.325,7.55,5.7));
#6104=CARTESIAN_POINT('',(30.7,7.55,2.85));
#6105=CARTESIAN_POINT('Origin',(42.25,7.35,0.));
#6106=CARTESIAN_POINT('Origin',(-24.65,14.2,0.2));
#6107=CARTESIAN_POINT('',(-30.95,17.625,0.2));
#6108=CARTESIAN_POINT('',(-18.35,10.775,0.2));
#6109=CARTESIAN_POINT('Origin',(-24.65,14.2,6.9));
#6110=CARTESIAN_POINT('',(-18.35,7.55,6.9));
#6111=CARTESIAN_POINT('',(-18.35,10.775,6.9));
#6112=CARTESIAN_POINT('',(-30.95,7.55,6.9));
#6113=CARTESIAN_POINT('',(-27.9,7.55,6.9));
#6114=CARTESIAN_POINT('',(-30.95,17.625,6.9));
#6115=CARTESIAN_POINT('Origin',(-18.35,7.35,0.));
#6116=CARTESIAN_POINT('',(-18.35,7.55,0.));
#6117=CARTESIAN_POINT('Origin',(-30.95,21.05,0.));
#6118=CARTESIAN_POINT('',(-30.95,7.55,0.));
#6119=CARTESIAN_POINT('Origin',(-31.15,7.55,0.));
#6120=CARTESIAN_POINT('',(-19.4,7.55,4.1));
#6121=CARTESIAN_POINT('',(-19.4,7.55,5.7));
#6122=CARTESIAN_POINT('',(-19.4,7.55,2.05));
#6123=CARTESIAN_POINT('',(-29.9,7.55,5.7));
#6124=CARTESIAN_POINT('',(-25.275,7.55,5.7));
#6125=CARTESIAN_POINT('',(-29.9,7.55,4.1));
#6126=CARTESIAN_POINT('',(-29.9,7.55,2.85));
#6127=CARTESIAN_POINT('',(-30.525,7.55,4.1));
#6128=CARTESIAN_POINT('Origin',(-40.9,17.4,0.2));
#6129=CARTESIAN_POINT('',(-45.15,21.05,0.199999995529652));
#6130=CARTESIAN_POINT('',(-45.15,19.225,0.2));
#6131=CARTESIAN_POINT('',(-36.65,21.05,0.199999995529652));
#6132=CARTESIAN_POINT('',(-36.65,15.575,0.2));
#6133=CARTESIAN_POINT('',(-40.8,21.05,0.199999995529652));
#6134=CARTESIAN_POINT('Origin',(-40.9,17.4,2.9));
#6135=CARTESIAN_POINT('',(-45.15,13.95,2.9));
#6136=CARTESIAN_POINT('',(-36.65,13.95,2.9));
#6137=CARTESIAN_POINT('',(-43.125,13.95,2.9));
#6138=CARTESIAN_POINT('',(-45.15,21.05,2.89999993517995));
#6139=CARTESIAN_POINT('',(-45.15,19.225,2.9));
#6140=CARTESIAN_POINT('',(-36.65,21.05,2.89999993517995));
#6141=CARTESIAN_POINT('',(-36.55,21.05,2.89999993517995));
#6142=CARTESIAN_POINT('',(-36.65,21.05,2.89999993517995));
#6143=CARTESIAN_POINT('Origin',(-36.65,13.75,0.));
#6144=CARTESIAN_POINT('',(-36.65,13.95,0.));
#6145=CARTESIAN_POINT('',(-36.65,21.05,0.0999999977648258));
#6146=CARTESIAN_POINT('Origin',(-47.5,7.7,0.2));
#6147=CARTESIAN_POINT('',(-49.325,3.45,0.2));
#6148=CARTESIAN_POINT('Origin',(-47.5,7.7,2.9));
#6149=CARTESIAN_POINT('',(-49.325,3.45,2.9));
#6150=CARTESIAN_POINT('Origin',(-51.15,3.45,0.));
#6151=CARTESIAN_POINT('Origin',(-47.5,-7.7,0.2));
#6152=CARTESIAN_POINT('',(-51.15,-3.45,0.200000000000001));
#6153=CARTESIAN_POINT('Origin',(-47.5,-7.7,2.9));
#6154=CARTESIAN_POINT('',(-44.05,-3.45,2.9));
#6155=CARTESIAN_POINT('',(-51.15,-3.45,2.9));
#6156=CARTESIAN_POINT('',(-44.05,-9.925,2.9));
#6157=CARTESIAN_POINT('Origin',(-44.05,-12.15,0.));
#6158=CARTESIAN_POINT('',(-44.05,-3.45,0.));
#6159=CARTESIAN_POINT('Origin',(-43.85,-3.45,0.));
#6160=CARTESIAN_POINT('Origin',(6.1,-0.100000000000005,5.2));
#6161=CARTESIAN_POINT('',(3.25,-0.100000000000004,5.2));
#6162=CARTESIAN_POINT('Origin',(6.1,-0.100000000000005,5.2));
#6163=CARTESIAN_POINT('Origin',(6.1,-0.100000000000005,0.));
#6164=CARTESIAN_POINT('',(3.25,-0.100000000000005,0.));
#6165=CARTESIAN_POINT('Origin',(25.8,-0.100000000000005,5.2));
#6166=CARTESIAN_POINT('',(22.95,-0.100000000000004,5.2));
#6167=CARTESIAN_POINT('Origin',(25.8,-0.100000000000005,5.2));
#6168=CARTESIAN_POINT('Origin',(25.8,-0.100000000000005,0.));
#6169=CARTESIAN_POINT('',(22.95,-0.100000000000005,0.));
#6170=CARTESIAN_POINT('Origin',(-13.6,-0.100000000000005,5.2));
#6171=CARTESIAN_POINT('',(-16.45,-0.100000000000004,5.2));
#6172=CARTESIAN_POINT('Origin',(-13.6,-0.100000000000005,5.2));
#6173=CARTESIAN_POINT('Origin',(-13.6,-0.100000000000005,0.));
#6174=CARTESIAN_POINT('',(-16.45,-0.100000000000005,0.));
#6175=CARTESIAN_POINT('Origin',(45.5,-0.100000000000005,5.2));
#6176=CARTESIAN_POINT('',(42.65,-0.100000000000004,5.2));
#6177=CARTESIAN_POINT('Origin',(45.5,-0.100000000000005,5.2));
#6178=CARTESIAN_POINT('Origin',(45.5,-0.100000000000005,0.));
#6179=CARTESIAN_POINT('',(42.65,-0.100000000000005,0.));
#6180=CARTESIAN_POINT('Origin',(-3.44999999999999,-12.05,3.5));
#6181=CARTESIAN_POINT('',(-0.749999999999993,-14.75,3.5));
#6182=CARTESIAN_POINT('',(-0.749999999999993,-9.35,3.5));
#6183=CARTESIAN_POINT('',(-0.749999999999993,-13.5,3.5));
#6184=CARTESIAN_POINT('',(-6.14999999999999,-14.75,3.5));
#6185=CARTESIAN_POINT('',(-4.89999999999999,-14.75,3.5));
#6186=CARTESIAN_POINT('',(-6.14999999999999,-9.35,3.5));
#6187=CARTESIAN_POINT('',(-6.14999999999999,-10.6,3.5));
#6188=CARTESIAN_POINT('',(-1.99999999999999,-9.35,3.5));
#6189=CARTESIAN_POINT('',(-4.94999999999999,-12.05,3.5));
#6190=CARTESIAN_POINT('Origin',(-3.44999999999999,-12.05,3.5));
#6191=CARTESIAN_POINT('Origin',(-0.749999999999993,-14.95,0.));
#6192=CARTESIAN_POINT('',(-0.749999999999993,-14.75,0.));
#6193=CARTESIAN_POINT('',(-0.749999999999993,-9.35,0.));
#6194=CARTESIAN_POINT('Origin',(-0.549999999999993,-9.35,0.));
#6195=CARTESIAN_POINT('',(-6.14999999999999,-9.35,0.));
#6196=CARTESIAN_POINT('Origin',(-6.14999999999999,-9.15,0.));
#6197=CARTESIAN_POINT('',(-6.14999999999999,-14.75,0.));
#6198=CARTESIAN_POINT('Origin',(-6.34999999999999,-14.75,0.));
#6199=CARTESIAN_POINT('Origin',(16.35,-12.05,3.5));
#6200=CARTESIAN_POINT('',(19.05,-14.75,3.5));
#6201=CARTESIAN_POINT('',(19.05,-9.35,3.5));
#6202=CARTESIAN_POINT('',(19.05,-13.5,3.5));
#6203=CARTESIAN_POINT('',(13.65,-14.75,3.5));
#6204=CARTESIAN_POINT('',(14.9,-14.75,3.5));
#6205=CARTESIAN_POINT('',(13.65,-9.35,3.5));
#6206=CARTESIAN_POINT('',(13.65,-10.6,3.5));
#6207=CARTESIAN_POINT('',(17.8,-9.35,3.5));
#6208=CARTESIAN_POINT('',(14.85,-12.05,3.5));
#6209=CARTESIAN_POINT('Origin',(16.35,-12.05,3.5));
#6210=CARTESIAN_POINT('Origin',(19.05,-14.95,0.));
#6211=CARTESIAN_POINT('',(19.05,-14.75,0.));
#6212=CARTESIAN_POINT('',(19.05,-9.35,0.));
#6213=CARTESIAN_POINT('Origin',(19.25,-9.35,0.));
#6214=CARTESIAN_POINT('',(13.65,-9.35,0.));
#6215=CARTESIAN_POINT('Origin',(13.65,-9.15,0.));
#6216=CARTESIAN_POINT('',(13.65,-14.75,0.));
#6217=CARTESIAN_POINT('Origin',(13.45,-14.75,0.));
#6218=CARTESIAN_POINT('Origin',(-23.25,-12.05,3.5));
#6219=CARTESIAN_POINT('',(-20.55,-14.75,3.5));
#6220=CARTESIAN_POINT('',(-20.55,-9.35,3.5));
#6221=CARTESIAN_POINT('',(-20.55,-13.5,3.5));
#6222=CARTESIAN_POINT('',(-25.95,-14.75,3.5));
#6223=CARTESIAN_POINT('',(-24.7,-14.75,3.5));
#6224=CARTESIAN_POINT('',(-25.95,-9.35,3.5));
#6225=CARTESIAN_POINT('',(-25.95,-10.6,3.5));
#6226=CARTESIAN_POINT('',(-21.8,-9.35,3.5));
#6227=CARTESIAN_POINT('',(-24.75,-12.05,3.5));
#6228=CARTESIAN_POINT('Origin',(-23.25,-12.05,3.5));
#6229=CARTESIAN_POINT('Origin',(-20.55,-14.95,0.));
#6230=CARTESIAN_POINT('',(-20.55,-14.75,0.));
#6231=CARTESIAN_POINT('',(-20.55,-9.35,0.));
#6232=CARTESIAN_POINT('Origin',(-20.35,-9.35,0.));
#6233=CARTESIAN_POINT('',(-25.95,-9.35,0.));
#6234=CARTESIAN_POINT('Origin',(-25.95,-9.15,0.));
#6235=CARTESIAN_POINT('',(-25.95,-14.75,0.));
#6236=CARTESIAN_POINT('Origin',(-26.15,-14.75,0.));
#6237=CARTESIAN_POINT('Origin',(36.15,-12.05,3.5));
#6238=CARTESIAN_POINT('',(33.45,-14.75,3.5));
#6239=CARTESIAN_POINT('',(38.85,-14.75,3.5));
#6240=CARTESIAN_POINT('',(34.7,-14.75,3.5));
#6241=CARTESIAN_POINT('',(33.45,-9.35,3.5));
#6242=CARTESIAN_POINT('',(33.45,-10.6,3.5));
#6243=CARTESIAN_POINT('',(38.85,-9.35,3.5));
#6244=CARTESIAN_POINT('',(37.6,-9.35,3.5));
#6245=CARTESIAN_POINT('',(38.85,-13.5,3.5));
#6246=CARTESIAN_POINT('',(34.65,-12.05,3.5));
#6247=CARTESIAN_POINT('Origin',(36.15,-12.05,3.5));
#6248=CARTESIAN_POINT('Origin',(33.25,-14.75,0.));
#6249=CARTESIAN_POINT('',(33.45,-14.75,0.));
#6250=CARTESIAN_POINT('',(38.85,-14.75,0.));
#6251=CARTESIAN_POINT('Origin',(38.85,-14.95,0.));
#6252=CARTESIAN_POINT('',(38.85,-9.35,0.));
#6253=CARTESIAN_POINT('Origin',(39.05,-9.35,0.));
#6254=CARTESIAN_POINT('',(33.45,-9.35,0.));
#6255=CARTESIAN_POINT('Origin',(33.45,-9.15,0.));
#6256=CARTESIAN_POINT('Origin',(-3.44999999999999,-12.05,13.1));
#6257=CARTESIAN_POINT('',(-4.94999999999999,-12.05,13.1));
#6258=CARTESIAN_POINT('Origin',(-3.44999999999999,-12.05,13.1));
#6259=CARTESIAN_POINT('Origin',(-3.44999999999999,-12.05,0.));
#6260=CARTESIAN_POINT('',(-4.94999999999999,-12.05,0.));
#6261=CARTESIAN_POINT('Origin',(16.35,-12.05,13.1));
#6262=CARTESIAN_POINT('',(14.85,-12.05,13.1));
#6263=CARTESIAN_POINT('Origin',(16.35,-12.05,13.1));
#6264=CARTESIAN_POINT('Origin',(16.35,-12.05,0.));
#6265=CARTESIAN_POINT('',(14.85,-12.05,0.));
#6266=CARTESIAN_POINT('Origin',(-23.25,-12.05,13.1));
#6267=CARTESIAN_POINT('',(-24.75,-12.05,13.1));
#6268=CARTESIAN_POINT('Origin',(-23.25,-12.05,13.1));
#6269=CARTESIAN_POINT('Origin',(-23.25,-12.05,0.));
#6270=CARTESIAN_POINT('',(-24.75,-12.05,0.));
#6271=CARTESIAN_POINT('Origin',(36.15,-12.05,13.1));
#6272=CARTESIAN_POINT('',(34.65,-12.05,13.1));
#6273=CARTESIAN_POINT('Origin',(36.15,-12.05,13.1));
#6274=CARTESIAN_POINT('Origin',(36.15,-12.05,0.));
#6275=CARTESIAN_POINT('',(34.65,-12.05,0.));
#6276=CARTESIAN_POINT('Origin',(15.75,21.05,4.9));
#6277=CARTESIAN_POINT('',(21.,21.05,5.7));
#6278=CARTESIAN_POINT('',(21.,21.05,4.1));
#6279=CARTESIAN_POINT('',(21.,21.05,5.7));
#6280=CARTESIAN_POINT('',(10.5,21.05,4.1));
#6281=CARTESIAN_POINT('',(21.,21.05,4.1));
#6282=CARTESIAN_POINT('',(10.5,21.05,5.7));
#6283=CARTESIAN_POINT('',(10.5,21.05,4.1));
#6284=CARTESIAN_POINT('',(10.5,21.05,5.7));
#6285=CARTESIAN_POINT('Origin',(21.,21.05,5.7));
#6286=CARTESIAN_POINT('',(21.,21.05,5.7));
#6287=CARTESIAN_POINT('',(10.5,21.05,5.7));
#6288=CARTESIAN_POINT('Origin',(10.5,21.05,5.7));
#6289=CARTESIAN_POINT('',(10.5,21.05,4.1));
#6290=CARTESIAN_POINT('Origin',(10.5,21.05,4.1));
#6291=CARTESIAN_POINT('',(21.,21.05,4.1));
#6292=CARTESIAN_POINT('Origin',(21.,21.05,4.1));
#6293=CARTESIAN_POINT('Origin',(-4.45000000000001,21.05,4.9));
#6294=CARTESIAN_POINT('',(-9.70000000000001,21.05,4.1));
#6295=CARTESIAN_POINT('',(0.799999999999992,21.05,4.1));
#6296=CARTESIAN_POINT('',(-9.70000000000001,21.05,4.1));
#6297=CARTESIAN_POINT('',(-9.70000000000001,21.05,5.7));
#6298=CARTESIAN_POINT('',(-9.70000000000001,21.05,5.7));
#6299=CARTESIAN_POINT('',(0.799999999999992,21.05,5.7));
#6300=CARTESIAN_POINT('',(0.799999999999992,21.05,5.7));
#6301=CARTESIAN_POINT('',(0.799999999999992,21.05,4.1));
#6302=CARTESIAN_POINT('Origin',(0.799999999999992,21.05,4.1));
#6303=CARTESIAN_POINT('',(0.799999999999992,21.05,4.1));
#6304=CARTESIAN_POINT('',(0.799999999999992,21.05,5.7));
#6305=CARTESIAN_POINT('Origin',(0.799999999999992,21.05,5.7));
#6306=CARTESIAN_POINT('',(-9.70000000000001,21.05,5.7));
#6307=CARTESIAN_POINT('Origin',(-9.70000000000001,21.05,5.7));
#6308=CARTESIAN_POINT('',(-9.70000000000001,21.05,4.1));
#6309=CARTESIAN_POINT('Origin',(-9.70000000000001,21.05,4.1));
#6310=CARTESIAN_POINT('Origin',(35.95,21.05,4.9));
#6311=CARTESIAN_POINT('',(30.7,21.05,4.1));
#6312=CARTESIAN_POINT('',(41.2,21.05,4.1));
#6313=CARTESIAN_POINT('',(30.7,21.05,4.1));
#6314=CARTESIAN_POINT('',(30.7,21.05,5.7));
#6315=CARTESIAN_POINT('',(30.7,21.05,5.7));
#6316=CARTESIAN_POINT('',(41.2,21.05,5.7));
#6317=CARTESIAN_POINT('',(41.2,21.05,5.7));
#6318=CARTESIAN_POINT('',(41.2,21.05,4.1));
#6319=CARTESIAN_POINT('Origin',(41.2,21.05,4.1));
#6320=CARTESIAN_POINT('',(41.2,21.05,4.1));
#6321=CARTESIAN_POINT('',(41.2,21.05,5.7));
#6322=CARTESIAN_POINT('Origin',(41.2,21.05,5.7));
#6323=CARTESIAN_POINT('',(30.7,21.05,5.7));
#6324=CARTESIAN_POINT('Origin',(30.7,21.05,5.7));
#6325=CARTESIAN_POINT('',(30.7,21.05,4.1));
#6326=CARTESIAN_POINT('Origin',(30.7,21.05,4.1));
#6327=CARTESIAN_POINT('Origin',(-24.65,21.05,4.9));
#6328=CARTESIAN_POINT('',(-19.4,21.05,5.7));
#6329=CARTESIAN_POINT('',(-19.4,21.05,4.1));
#6330=CARTESIAN_POINT('',(-19.4,21.05,5.7));
#6331=CARTESIAN_POINT('',(-29.9,21.05,4.1));
#6332=CARTESIAN_POINT('',(-19.4,21.05,4.1));
#6333=CARTESIAN_POINT('',(-29.9,21.05,5.7));
#6334=CARTESIAN_POINT('',(-29.9,21.05,4.1));
#6335=CARTESIAN_POINT('',(-29.9,21.05,5.7));
#6336=CARTESIAN_POINT('Origin',(-19.4,21.05,5.7));
#6337=CARTESIAN_POINT('',(-19.4,21.05,5.7));
#6338=CARTESIAN_POINT('',(-29.9,21.05,5.7));
#6339=CARTESIAN_POINT('Origin',(-29.9,21.05,5.7));
#6340=CARTESIAN_POINT('',(-29.9,21.05,4.1));
#6341=CARTESIAN_POINT('Origin',(-29.9,21.05,4.1));
#6342=CARTESIAN_POINT('',(-19.4,21.05,4.1));
#6343=CARTESIAN_POINT('Origin',(-19.4,21.05,4.1));
#6344=CARTESIAN_POINT('Origin',(-36.45,21.05,0.));
#6345=CARTESIAN_POINT('',(-45.15,21.05,1.44999996758997));
#6346=CARTESIAN_POINT('Origin',(-45.35,13.95,0.));
#6347=CARTESIAN_POINT('',(-45.15,13.95,0.));
#6348=CARTESIAN_POINT('',(-37.634450289849,13.95,1.3));
#6349=CARTESIAN_POINT('',(-37.634450289849,13.95,1.8));
#6350=CARTESIAN_POINT('',(-37.634450289849,13.95,0.650000000000001));
#6351=CARTESIAN_POINT('',(-44.434450289849,13.95,1.8));
#6352=CARTESIAN_POINT('',(-41.4922251449245,13.95,1.8));
#6353=CARTESIAN_POINT('',(-44.434450289849,13.95,1.3));
#6354=CARTESIAN_POINT('',(-44.434450289849,13.95,0.9));
#6355=CARTESIAN_POINT('',(-44.8922251449245,13.95,1.3));
#6356=CARTESIAN_POINT('Origin',(-45.15,21.05,0.));
#6357=CARTESIAN_POINT('Origin',(-44.434450289849,21.05,1.3));
#6358=CARTESIAN_POINT('',(-44.434450289849,21.05,1.8));
#6359=CARTESIAN_POINT('',(-44.434450289849,21.05,1.8));
#6360=CARTESIAN_POINT('',(-44.434450289849,21.05,1.3));
#6361=CARTESIAN_POINT('',(-44.434450289849,21.05,0.650000000000001));
#6362=CARTESIAN_POINT('',(-44.434450289849,21.05,1.3));
#6363=CARTESIAN_POINT('Origin',(-37.634450289849,21.05,1.3));
#6364=CARTESIAN_POINT('',(-37.634450289849,21.05,1.3));
#6365=CARTESIAN_POINT('',(-37.0422251449245,21.05,1.3));
#6366=CARTESIAN_POINT('',(-37.634450289849,21.05,1.3));
#6367=CARTESIAN_POINT('Origin',(-37.634450289849,21.05,1.8));
#6368=CARTESIAN_POINT('',(-37.634450289849,21.05,1.8));
#6369=CARTESIAN_POINT('',(-37.634450289849,21.05,0.9));
#6370=CARTESIAN_POINT('',(-37.634450289849,21.05,1.8));
#6371=CARTESIAN_POINT('Origin',(-44.434450289849,21.05,1.8));
#6372=CARTESIAN_POINT('',(-40.4422251449245,21.05,1.8));
#6373=CARTESIAN_POINT('Origin',(-36.45,21.05,0.));
#6374=UNCERTAINTY_MEASURE_WITH_UNIT(LENGTH_MEASURE(0.01),#6378,
'DISTANCE_ACCURACY_VALUE',
'Maximum model space distance between geometric entities at asserted c
onnectivities');
#6375=UNCERTAINTY_MEASURE_WITH_UNIT(LENGTH_MEASURE(0.01),#6378,
'DISTANCE_ACCURACY_VALUE',
'Maximum model space distance between geometric entities at asserted c
onnectivities');
#6376=(
GEOMETRIC_REPRESENTATION_CONTEXT(3)
GLOBAL_UNCERTAINTY_ASSIGNED_CONTEXT((#6374))
GLOBAL_UNIT_ASSIGNED_CONTEXT((#6378,#6380,#6381))
REPRESENTATION_CONTEXT('','3D')
);
#6377=(
GEOMETRIC_REPRESENTATION_CONTEXT(3)
GLOBAL_UNCERTAINTY_ASSIGNED_CONTEXT((#6375))
GLOBAL_UNIT_ASSIGNED_CONTEXT((#6378,#6380,#6381))
REPRESENTATION_CONTEXT('','3D')
);
#6378=(
LENGTH_UNIT()
NAMED_UNIT(*)
SI_UNIT(.MILLI.,.METRE.)
);
#6379=(
LENGTH_UNIT()
NAMED_UNIT(*)
SI_UNIT($,.METRE.)
);
#6380=(
NAMED_UNIT(*)
PLANE_ANGLE_UNIT()
SI_UNIT($,.RADIAN.)
);
#6381=(
NAMED_UNIT(*)
SI_UNIT($,.STERADIAN.)
SOLID_ANGLE_UNIT()
);
#6382=SHAPE_DEFINITION_REPRESENTATION(#6383,#6384);
#6383=PRODUCT_DEFINITION_SHAPE('',$,#6386);
#6384=SHAPE_REPRESENTATION('',(#3964),#6376);
#6385=PRODUCT_DEFINITION_CONTEXT('part definition',#6390,'design');
#6386=PRODUCT_DEFINITION('2026-06-30-14-28-09-780','\X2\96C67EBF5668FF08FF09\X0\',
#6387,#6385);
#6387=PRODUCT_DEFINITION_FORMATION('',$,#6392);
#6388=PRODUCT_RELATED_PRODUCT_CATEGORY('\X2\96C67EBF5668FF08FF09\X0\',
'\X2\96C67EBF5668FF08FF09\X0\',(#6392));
#6389=APPLICATION_PROTOCOL_DEFINITION('international standard',
'automotive_design',2009,#6390);
#6390=APPLICATION_CONTEXT(
'Core Data for Automotive Mechanical Design Process');
#6391=PRODUCT_CONTEXT('part definition',#6390,'mechanical');
#6392=PRODUCT('2026-06-30-14-28-09-780','\X2\96C67EBF5668FF08FF09\X0\',
$,(#6391));
#6393=PRESENTATION_STYLE_ASSIGNMENT((#6394));
#6394=SURFACE_STYLE_USAGE(.BOTH.,#6395);
#6395=SURFACE_SIDE_STYLE('',(#6396));
#6396=SURFACE_STYLE_FILL_AREA(#6397);
#6397=FILL_AREA_STYLE('\X2\94A2\X0\ - \X2\7F0E5149\X0\',(#6398));
#6398=FILL_AREA_STYLE_COLOUR('\X2\94A2\X0\ - \X2\7F0E5149\X0\',#6399);
#6399=COLOUR_RGB('\X2\94A2\X0\ - \X2\7F0E5149\X0\',0.627450980392157,0.627450980392157,
0.627450980392157);
ENDSEC;
END-ISO-10303-21;
