ISO-10303-21;
HEADER;
/* Generated by software containing ST-Developer
 * from STEP Tools, Inc. (www.steptools.com) 
 */

FILE_DESCRIPTION(
/* description */ (''),
/* implementation_level */ '2;1');

FILE_NAME(
/* name */ '',
/* time_stamp */ '2026-08-11T12:28:15+09:00',
/* author */ (''),
/* organization */ (''),
/* preprocessor_version */ 'ST-DEVELOPER v20.1',
/* originating_system */ 'Autodesk Translation Framework v15.8.0.0',
/* authorisation */ '');

FILE_SCHEMA (('AUTOMOTIVE_DESIGN { 1 0 10303 214 3 1 1 }'));
ENDSEC;

DATA;
#10=MECHANICAL_DESIGN_GEOMETRIC_PRESENTATION_REPRESENTATION('',(#13),#2318);
#11=SHAPE_REPRESENTATION_RELATIONSHIP('SRR','None',#2325,#12);
#12=ADVANCED_BREP_SHAPE_REPRESENTATION('',(#14),#2317);
#13=STYLED_ITEM('',(#2334),#14);
#14=MANIFOLD_SOLID_BREP('\X2\5B9E4F53\X0\1',#1265);
#15=B_SPLINE_CURVE_WITH_KNOTS('',5,(#1874,#1875,#1876,#1877,#1878,#1879),
 .UNSPECIFIED.,.F.,.F.,(6,6),(0.,1.),.UNSPECIFIED.);
#16=B_SPLINE_CURVE_WITH_KNOTS('',5,(#1882,#1883,#1884,#1885,#1886,#1887),
 .UNSPECIFIED.,.F.,.F.,(6,6),(0.,1.),.UNSPECIFIED.);
#17=B_SPLINE_CURVE_WITH_KNOTS('',5,(#1938,#1939,#1940,#1941,#1942,#1943),
 .UNSPECIFIED.,.F.,.F.,(6,6),(0.,1.),.UNSPECIFIED.);
#18=B_SPLINE_CURVE_WITH_KNOTS('',5,(#1988,#1989,#1990,#1991,#1992,#1993),
 .UNSPECIFIED.,.F.,.F.,(6,6),(0.,1.),.UNSPECIFIED.);
#19=B_SPLINE_CURVE_WITH_KNOTS('',5,(#2024,#2025,#2026,#2027,#2028,#2029),
 .UNSPECIFIED.,.F.,.F.,(6,6),(0.,1.),.UNSPECIFIED.);
#20=B_SPLINE_CURVE_WITH_KNOTS('',5,(#2081,#2082,#2083,#2084,#2085,#2086),
 .UNSPECIFIED.,.F.,.F.,(6,6),(0.,1.),.UNSPECIFIED.);
#21=FACE_BOUND('',#155,.T.);
#22=FACE_BOUND('',#156,.T.);
#23=FACE_BOUND('',#157,.T.);
#24=FACE_BOUND('',#165,.T.);
#25=FACE_BOUND('',#197,.T.);
#26=FACE_BOUND('',#198,.T.);
#27=FACE_BOUND('',#199,.T.);
#28=FACE_BOUND('',#207,.T.);
#29=FACE_BOUND('',#208,.T.);
#30=FACE_BOUND('',#209,.T.);
#31=FACE_BOUND('',#217,.T.);
#32=FACE_BOUND('',#218,.T.);
#33=CIRCLE('',#1289,1.75);
#34=CIRCLE('',#1290,1.75);
#35=CIRCLE('',#1293,1.75);
#36=CIRCLE('',#1294,1.75);
#37=CIRCLE('',#1321,2.);
#38=CIRCLE('',#1322,2.);
#39=CIRCLE('',#1325,2.);
#40=CIRCLE('',#1326,2.);
#41=CIRCLE('',#1329,2.);
#42=CIRCLE('',#1330,2.);
#43=CIRCLE('',#1333,2.);
#44=CIRCLE('',#1334,2.);
#45=CYLINDRICAL_SURFACE('',#1288,1.75);
#46=CYLINDRICAL_SURFACE('',#1292,1.75);
#47=CYLINDRICAL_SURFACE('',#1320,2.);
#48=CYLINDRICAL_SURFACE('',#1324,2.);
#49=CYLINDRICAL_SURFACE('',#1328,2.);
#50=CYLINDRICAL_SURFACE('',#1332,2.);
#51=B_SPLINE_SURFACE_WITH_KNOTS('',3,3,((#1720,#1721,#1722,#1723),(#1724,
#1725,#1726,#1727),(#1728,#1729,#1730,#1731),(#1732,#1733,#1734,#1735)),
 .UNSPECIFIED.,.F.,.F.,.F.,(4,4),(4,4),(0.,1.),(0.,1.),.UNSPECIFIED.);
#52=B_SPLINE_SURFACE_WITH_KNOTS('',3,3,((#1749,#1750,#1751,#1752),(#1753,
#1754,#1755,#1756),(#1757,#1758,#1759,#1760),(#1761,#1762,#1763,#1764)),
 .UNSPECIFIED.,.F.,.F.,.F.,(4,4),(4,4),(0.,1.),(0.,1.),.UNSPECIFIED.);
#53=B_SPLINE_SURFACE_WITH_KNOTS('',3,3,((#1845,#1846,#1847,#1848,#1849,
#1850,#1851),(#1852,#1853,#1854,#1855,#1856,#1857,#1858),(#1859,#1860,#1861,
#1862,#1863,#1864,#1865),(#1866,#1867,#1868,#1869,#1870,#1871,#1872)),
 .UNSPECIFIED.,.F.,.F.,.F.,(4,4),(4,1,1,1,4),(0.,1.),(0.,0.285714285714286,
0.571428571428571,0.857142857142857,1.),.UNSPECIFIED.);
#54=B_SPLINE_SURFACE_WITH_KNOTS('',3,3,((#1888,#1889,#1890,#1891,#1892,
#1893,#1894),(#1895,#1896,#1897,#1898,#1899,#1900,#1901),(#1902,#1903,#1904,
#1905,#1906,#1907,#1908),(#1909,#1910,#1911,#1912,#1913,#1914,#1915),(#1916,
#1917,#1918,#1919,#1920,#1921,#1922),(#1923,#1924,#1925,#1926,#1927,#1928,
#1929),(#1930,#1931,#1932,#1933,#1934,#1935,#1936)),.UNSPECIFIED.,.F.,.F.,
 .F.,(4,1,1,1,4),(4,1,1,1,4),(0.,0.285714285714286,0.571428571428571,0.714285714285714,
1.),(0.,0.285714285714286,0.571428571428571,0.857142857142857,1.),
 .UNSPECIFIED.);
#55=B_SPLINE_SURFACE_WITH_KNOTS('',3,3,((#1945,#1946,#1947,#1948,#1949,
#1950,#1951),(#1952,#1953,#1954,#1955,#1956,#1957,#1958),(#1959,#1960,#1961,
#1962,#1963,#1964,#1965),(#1966,#1967,#1968,#1969,#1970,#1971,#1972),(#1973,
#1974,#1975,#1976,#1977,#1978,#1979),(#1980,#1981,#1982,#1983,#1984,#1985,
#1986)),.UNSPECIFIED.,.F.,.F.,.F.,(4,1,1,4),(4,1,1,1,4),(0.,0.428571428571429,
0.714285714285714,1.),(0.,0.285714285714286,0.571428571428571,0.857142857142857,
1.),.UNSPECIFIED.);
#56=B_SPLINE_SURFACE_WITH_KNOTS('',3,3,((#1995,#1996,#1997,#1998,#1999,
#2000,#2001),(#2002,#2003,#2004,#2005,#2006,#2007,#2008),(#2009,#2010,#2011,
#2012,#2013,#2014,#2015),(#2016,#2017,#2018,#2019,#2020,#2021,#2022)),
 .UNSPECIFIED.,.F.,.F.,.F.,(4,4),(4,1,1,1,4),(0.,1.),(0.,0.285714285714286,
0.571428571428571,0.857142857142857,1.),.UNSPECIFIED.);
#57=B_SPLINE_SURFACE_WITH_KNOTS('',3,3,((#2031,#2032,#2033,#2034,#2035,
#2036,#2037),(#2038,#2039,#2040,#2041,#2042,#2043,#2044),(#2045,#2046,#2047,
#2048,#2049,#2050,#2051),(#2052,#2053,#2054,#2055,#2056,#2057,#2058),(#2059,
#2060,#2061,#2062,#2063,#2064,#2065),(#2066,#2067,#2068,#2069,#2070,#2071,
#2072),(#2073,#2074,#2075,#2076,#2077,#2078,#2079)),.UNSPECIFIED.,.F.,.F.,
 .F.,(4,1,1,1,4),(4,1,1,1,4),(0.,0.285714285714286,0.571428571428571,0.714285714285714,
1.),(0.,0.285714285714286,0.571428571428571,0.857142857142857,1.),
 .UNSPECIFIED.);
#58=B_SPLINE_SURFACE_WITH_KNOTS('',3,3,((#2088,#2089,#2090,#2091,#2092,
#2093,#2094),(#2095,#2096,#2097,#2098,#2099,#2100,#2101),(#2102,#2103,#2104,
#2105,#2106,#2107,#2108),(#2109,#2110,#2111,#2112,#2113,#2114,#2115),(#2116,
#2117,#2118,#2119,#2120,#2121,#2122),(#2123,#2124,#2125,#2126,#2127,#2128,
#2129),(#2130,#2131,#2132,#2133,#2134,#2135,#2136)),.UNSPECIFIED.,.F.,.F.,
 .F.,(4,1,1,1,4),(4,1,1,1,4),(0.,0.214285714285714,0.428571428571429,0.714285714285714,
1.),(0.,0.285714285714286,0.571428571428571,0.857142857142857,1.),
 .UNSPECIFIED.);
#59=FACE_OUTER_BOUND('',#133,.T.);
#60=FACE_OUTER_BOUND('',#134,.T.);
#61=FACE_OUTER_BOUND('',#135,.T.);
#62=FACE_OUTER_BOUND('',#136,.T.);
#63=FACE_OUTER_BOUND('',#137,.T.);
#64=FACE_OUTER_BOUND('',#138,.T.);
#65=FACE_OUTER_BOUND('',#139,.T.);
#66=FACE_OUTER_BOUND('',#140,.T.);
#67=FACE_OUTER_BOUND('',#141,.T.);
#68=FACE_OUTER_BOUND('',#142,.T.);
#69=FACE_OUTER_BOUND('',#143,.T.);
#70=FACE_OUTER_BOUND('',#144,.T.);
#71=FACE_OUTER_BOUND('',#145,.T.);
#72=FACE_OUTER_BOUND('',#146,.T.);
#73=FACE_OUTER_BOUND('',#147,.T.);
#74=FACE_OUTER_BOUND('',#148,.T.);
#75=FACE_OUTER_BOUND('',#149,.T.);
#76=FACE_OUTER_BOUND('',#150,.T.);
#77=FACE_OUTER_BOUND('',#151,.T.);
#78=FACE_OUTER_BOUND('',#152,.T.);
#79=FACE_OUTER_BOUND('',#153,.T.);
#80=FACE_OUTER_BOUND('',#154,.T.);
#81=FACE_OUTER_BOUND('',#158,.T.);
#82=FACE_OUTER_BOUND('',#159,.T.);
#83=FACE_OUTER_BOUND('',#160,.T.);
#84=FACE_OUTER_BOUND('',#161,.T.);
#85=FACE_OUTER_BOUND('',#162,.T.);
#86=FACE_OUTER_BOUND('',#163,.T.);
#87=FACE_OUTER_BOUND('',#164,.T.);
#88=FACE_OUTER_BOUND('',#166,.T.);
#89=FACE_OUTER_BOUND('',#167,.T.);
#90=FACE_OUTER_BOUND('',#168,.T.);
#91=FACE_OUTER_BOUND('',#169,.T.);
#92=FACE_OUTER_BOUND('',#170,.T.);
#93=FACE_OUTER_BOUND('',#171,.T.);
#94=FACE_OUTER_BOUND('',#172,.T.);
#95=FACE_OUTER_BOUND('',#173,.T.);
#96=FACE_OUTER_BOUND('',#174,.T.);
#97=FACE_OUTER_BOUND('',#175,.T.);
#98=FACE_OUTER_BOUND('',#176,.T.);
#99=FACE_OUTER_BOUND('',#177,.T.);
#100=FACE_OUTER_BOUND('',#178,.T.);
#101=FACE_OUTER_BOUND('',#179,.T.);
#102=FACE_OUTER_BOUND('',#180,.T.);
#103=FACE_OUTER_BOUND('',#181,.T.);
#104=FACE_OUTER_BOUND('',#182,.T.);
#105=FACE_OUTER_BOUND('',#183,.T.);
#106=FACE_OUTER_BOUND('',#184,.T.);
#107=FACE_OUTER_BOUND('',#185,.T.);
#108=FACE_OUTER_BOUND('',#186,.T.);
#109=FACE_OUTER_BOUND('',#187,.T.);
#110=FACE_OUTER_BOUND('',#188,.T.);
#111=FACE_OUTER_BOUND('',#189,.T.);
#112=FACE_OUTER_BOUND('',#190,.T.);
#113=FACE_OUTER_BOUND('',#191,.T.);
#114=FACE_OUTER_BOUND('',#192,.T.);
#115=FACE_OUTER_BOUND('',#193,.T.);
#116=FACE_OUTER_BOUND('',#194,.T.);
#117=FACE_OUTER_BOUND('',#195,.T.);
#118=FACE_OUTER_BOUND('',#196,.T.);
#119=FACE_OUTER_BOUND('',#200,.T.);
#120=FACE_OUTER_BOUND('',#201,.T.);
#121=FACE_OUTER_BOUND('',#202,.T.);
#122=FACE_OUTER_BOUND('',#203,.T.);
#123=FACE_OUTER_BOUND('',#204,.T.);
#124=FACE_OUTER_BOUND('',#205,.T.);
#125=FACE_OUTER_BOUND('',#206,.T.);
#126=FACE_OUTER_BOUND('',#210,.T.);
#127=FACE_OUTER_BOUND('',#211,.T.);
#128=FACE_OUTER_BOUND('',#212,.T.);
#129=FACE_OUTER_BOUND('',#213,.T.);
#130=FACE_OUTER_BOUND('',#214,.T.);
#131=FACE_OUTER_BOUND('',#215,.T.);
#132=FACE_OUTER_BOUND('',#216,.T.);
#133=EDGE_LOOP('',(#795,#796,#797,#798));
#134=EDGE_LOOP('',(#799,#800,#801,#802));
#135=EDGE_LOOP('',(#803,#804,#805,#806));
#136=EDGE_LOOP('',(#807,#808,#809,#810));
#137=EDGE_LOOP('',(#811,#812,#813,#814));
#138=EDGE_LOOP('',(#815,#816,#817,#818,#819,#820));
#139=EDGE_LOOP('',(#821,#822,#823,#824));
#140=EDGE_LOOP('',(#825,#826,#827,#828,#829,#830));
#141=EDGE_LOOP('',(#831,#832,#833,#834,#835));
#142=EDGE_LOOP('',(#836,#837,#838,#839));
#143=EDGE_LOOP('',(#840,#841,#842,#843,#844));
#144=EDGE_LOOP('',(#845,#846,#847,#848));
#145=EDGE_LOOP('',(#849));
#146=EDGE_LOOP('',(#850,#851,#852,#853));
#147=EDGE_LOOP('',(#854));
#148=EDGE_LOOP('',(#855,#856,#857,#858));
#149=EDGE_LOOP('',(#859,#860,#861,#862));
#150=EDGE_LOOP('',(#863,#864,#865,#866));
#151=EDGE_LOOP('',(#867,#868,#869,#870));
#152=EDGE_LOOP('',(#871,#872,#873,#874));
#153=EDGE_LOOP('',(#875,#876,#877,#878));
#154=EDGE_LOOP('',(#879,#880,#881,#882,#883,#884));
#155=EDGE_LOOP('',(#885,#886,#887,#888));
#156=EDGE_LOOP('',(#889));
#157=EDGE_LOOP('',(#890));
#158=EDGE_LOOP('',(#891,#892,#893,#894,#895));
#159=EDGE_LOOP('',(#896,#897,#898,#899));
#160=EDGE_LOOP('',(#900,#901,#902,#903));
#161=EDGE_LOOP('',(#904,#905,#906,#907));
#162=EDGE_LOOP('',(#908,#909,#910,#911,#912));
#163=EDGE_LOOP('',(#913,#914,#915,#916));
#164=EDGE_LOOP('',(#917,#918,#919,#920,#921,#922));
#165=EDGE_LOOP('',(#923,#924,#925,#926,#927,#928));
#166=EDGE_LOOP('',(#929,#930,#931,#932,#933,#934));
#167=EDGE_LOOP('',(#935,#936,#937,#938,#939));
#168=EDGE_LOOP('',(#940,#941,#942,#943));
#169=EDGE_LOOP('',(#944,#945,#946,#947));
#170=EDGE_LOOP('',(#948,#949,#950,#951));
#171=EDGE_LOOP('',(#952,#953,#954,#955,#956));
#172=EDGE_LOOP('',(#957,#958,#959,#960));
#173=EDGE_LOOP('',(#961,#962,#963,#964));
#174=EDGE_LOOP('',(#965,#966,#967,#968));
#175=EDGE_LOOP('',(#969,#970,#971,#972));
#176=EDGE_LOOP('',(#973,#974,#975,#976));
#177=EDGE_LOOP('',(#977,#978,#979,#980));
#178=EDGE_LOOP('',(#981,#982,#983,#984));
#179=EDGE_LOOP('',(#985,#986,#987,#988));
#180=EDGE_LOOP('',(#989,#990,#991,#992));
#181=EDGE_LOOP('',(#993,#994,#995,#996));
#182=EDGE_LOOP('',(#997,#998,#999,#1000));
#183=EDGE_LOOP('',(#1001));
#184=EDGE_LOOP('',(#1002,#1003,#1004,#1005));
#185=EDGE_LOOP('',(#1006));
#186=EDGE_LOOP('',(#1007,#1008,#1009,#1010));
#187=EDGE_LOOP('',(#1011));
#188=EDGE_LOOP('',(#1012,#1013,#1014,#1015));
#189=EDGE_LOOP('',(#1016));
#190=EDGE_LOOP('',(#1017,#1018,#1019,#1020));
#191=EDGE_LOOP('',(#1021,#1022,#1023,#1024));
#192=EDGE_LOOP('',(#1025,#1026,#1027,#1028));
#193=EDGE_LOOP('',(#1029,#1030,#1031,#1032));
#194=EDGE_LOOP('',(#1033,#1034,#1035,#1036));
#195=EDGE_LOOP('',(#1037,#1038,#1039,#1040));
#196=EDGE_LOOP('',(#1041,#1042,#1043,#1044,#1045,#1046));
#197=EDGE_LOOP('',(#1047,#1048,#1049,#1050));
#198=EDGE_LOOP('',(#1051));
#199=EDGE_LOOP('',(#1052));
#200=EDGE_LOOP('',(#1053,#1054,#1055,#1056));
#201=EDGE_LOOP('',(#1057,#1058,#1059,#1060));
#202=EDGE_LOOP('',(#1061,#1062,#1063,#1064));
#203=EDGE_LOOP('',(#1065,#1066,#1067,#1068));
#204=EDGE_LOOP('',(#1069,#1070,#1071,#1072));
#205=EDGE_LOOP('',(#1073,#1074,#1075,#1076));
#206=EDGE_LOOP('',(#1077,#1078,#1079,#1080,#1081,#1082));
#207=EDGE_LOOP('',(#1083,#1084,#1085,#1086));
#208=EDGE_LOOP('',(#1087));
#209=EDGE_LOOP('',(#1088));
#210=EDGE_LOOP('',(#1089,#1090,#1091,#1092));
#211=EDGE_LOOP('',(#1093,#1094,#1095,#1096));
#212=EDGE_LOOP('',(#1097,#1098,#1099,#1100));
#213=EDGE_LOOP('',(#1101,#1102,#1103,#1104));
#214=EDGE_LOOP('',(#1105,#1106,#1107,#1108));
#215=EDGE_LOOP('',(#1109,#1110,#1111,#1112));
#216=EDGE_LOOP('',(#1113,#1114,#1115,#1116,#1117,#1118));
#217=EDGE_LOOP('',(#1119,#1120,#1121,#1122,#1123,#1124));
#218=EDGE_LOOP('',(#1125,#1126,#1127,#1128,#1129,#1130));
#219=LINE('',#1669,#369);
#220=LINE('',#1671,#370);
#221=LINE('',#1673,#371);
#222=LINE('',#1674,#372);
#223=LINE('',#1677,#373);
#224=LINE('',#1679,#374);
#225=LINE('',#1680,#375);
#226=LINE('',#1683,#376);
#227=LINE('',#1685,#377);
#228=LINE('',#1686,#378);
#229=LINE('',#1688,#379);
#230=LINE('',#1689,#380);
#231=LINE('',#1694,#381);
#232=LINE('',#1696,#382);
#233=LINE('',#1698,#383);
#234=LINE('',#1700,#384);
#235=LINE('',#1702,#385);
#236=LINE('',#1703,#386);
#237=LINE('',#1706,#387);
#238=LINE('',#1708,#388);
#239=LINE('',#1709,#389);
#240=LINE('',#1712,#390);
#241=LINE('',#1714,#391);
#242=LINE('',#1716,#392);
#243=LINE('',#1718,#393);
#244=LINE('',#1719,#394);
#245=LINE('',#1737,#395);
#246=LINE('',#1739,#396);
#247=LINE('',#1741,#397);
#248=LINE('',#1742,#398);
#249=LINE('',#1745,#399);
#250=LINE('',#1747,#400);
#251=LINE('',#1748,#401);
#252=LINE('',#1765,#402);
#253=LINE('',#1767,#403);
#254=LINE('',#1768,#404);
#255=LINE('',#1773,#405);
#256=LINE('',#1780,#406);
#257=LINE('',#1786,#407);
#258=LINE('',#1788,#408);
#259=LINE('',#1790,#409);
#260=LINE('',#1791,#410);
#261=LINE('',#1794,#411);
#262=LINE('',#1796,#412);
#263=LINE('',#1797,#413);
#264=LINE('',#1800,#414);
#265=LINE('',#1802,#415);
#266=LINE('',#1803,#416);
#267=LINE('',#1806,#417);
#268=LINE('',#1808,#418);
#269=LINE('',#1809,#419);
#270=LINE('',#1812,#420);
#271=LINE('',#1814,#421);
#272=LINE('',#1815,#422);
#273=LINE('',#1817,#423);
#274=LINE('',#1818,#424);
#275=LINE('',#1822,#425);
#276=LINE('',#1824,#426);
#277=LINE('',#1825,#427);
#278=LINE('',#1828,#428);
#279=LINE('',#1829,#429);
#280=LINE('',#1832,#430);
#281=LINE('',#1833,#431);
#282=LINE('',#1836,#432);
#283=LINE('',#1837,#433);
#284=LINE('',#1840,#434);
#285=LINE('',#1841,#435);
#286=LINE('',#1843,#436);
#287=LINE('',#1881,#437);
#288=LINE('',#1944,#438);
#289=LINE('',#1994,#439);
#290=LINE('',#2030,#440);
#291=LINE('',#2087,#441);
#292=LINE('',#2137,#442);
#293=LINE('',#2141,#443);
#294=LINE('',#2143,#444);
#295=LINE('',#2145,#445);
#296=LINE('',#2146,#446);
#297=LINE('',#2149,#447);
#298=LINE('',#2151,#448);
#299=LINE('',#2152,#449);
#300=LINE('',#2155,#450);
#301=LINE('',#2157,#451);
#302=LINE('',#2158,#452);
#303=LINE('',#2160,#453);
#304=LINE('',#2161,#454);
#305=LINE('',#2166,#455);
#306=LINE('',#2168,#456);
#307=LINE('',#2170,#457);
#308=LINE('',#2171,#458);
#309=LINE('',#2174,#459);
#310=LINE('',#2176,#460);
#311=LINE('',#2177,#461);
#312=LINE('',#2180,#462);
#313=LINE('',#2182,#463);
#314=LINE('',#2183,#464);
#315=LINE('',#2185,#465);
#316=LINE('',#2186,#466);
#317=LINE('',#2192,#467);
#318=LINE('',#2199,#468);
#319=LINE('',#2206,#469);
#320=LINE('',#2213,#470);
#321=LINE('',#2219,#471);
#322=LINE('',#2221,#472);
#323=LINE('',#2223,#473);
#324=LINE('',#2224,#474);
#325=LINE('',#2227,#475);
#326=LINE('',#2229,#476);
#327=LINE('',#2230,#477);
#328=LINE('',#2233,#478);
#329=LINE('',#2235,#479);
#330=LINE('',#2236,#480);
#331=LINE('',#2239,#481);
#332=LINE('',#2241,#482);
#333=LINE('',#2242,#483);
#334=LINE('',#2245,#484);
#335=LINE('',#2247,#485);
#336=LINE('',#2248,#486);
#337=LINE('',#2250,#487);
#338=LINE('',#2251,#488);
#339=LINE('',#2256,#489);
#340=LINE('',#2258,#490);
#341=LINE('',#2260,#491);
#342=LINE('',#2261,#492);
#343=LINE('',#2264,#493);
#344=LINE('',#2266,#494);
#345=LINE('',#2267,#495);
#346=LINE('',#2270,#496);
#347=LINE('',#2272,#497);
#348=LINE('',#2273,#498);
#349=LINE('',#2276,#499);
#350=LINE('',#2278,#500);
#351=LINE('',#2279,#501);
#352=LINE('',#2282,#502);
#353=LINE('',#2284,#503);
#354=LINE('',#2285,#504);
#355=LINE('',#2287,#505);
#356=LINE('',#2288,#506);
#357=LINE('',#2293,#507);
#358=LINE('',#2294,#508);
#359=LINE('',#2295,#509);
#360=LINE('',#2298,#510);
#361=LINE('',#2299,#511);
#362=LINE('',#2302,#512);
#363=LINE('',#2303,#513);
#364=LINE('',#2306,#514);
#365=LINE('',#2307,#515);
#366=LINE('',#2310,#516);
#367=LINE('',#2311,#517);
#368=LINE('',#2313,#518);
#369=VECTOR('',#1361,10.);
#370=VECTOR('',#1362,10.);
#371=VECTOR('',#1363,10.);
#372=VECTOR('',#1364,10.);
#373=VECTOR('',#1367,10.);
#374=VECTOR('',#1368,10.);
#375=VECTOR('',#1369,10.);
#376=VECTOR('',#1372,10.);
#377=VECTOR('',#1373,10.);
#378=VECTOR('',#1374,10.);
#379=VECTOR('',#1377,10.);
#380=VECTOR('',#1378,10.);
#381=VECTOR('',#1383,10.);
#382=VECTOR('',#1384,4.79192028314321);
#383=VECTOR('',#1385,10.);
#384=VECTOR('',#1386,10.);
#385=VECTOR('',#1387,10.);
#386=VECTOR('',#1388,10.);
#387=VECTOR('',#1391,10.);
#388=VECTOR('',#1392,10.);
#389=VECTOR('',#1393,10.);
#390=VECTOR('',#1396,10.);
#391=VECTOR('',#1397,10.);
#392=VECTOR('',#1398,4.79192028314163);
#393=VECTOR('',#1399,10.);
#394=VECTOR('',#1400,10.);
#395=VECTOR('',#1401,10.);
#396=VECTOR('',#1402,10.);
#397=VECTOR('',#1403,10.);
#398=VECTOR('',#1404,10.);
#399=VECTOR('',#1407,10.);
#400=VECTOR('',#1408,10.);
#401=VECTOR('',#1409,4.78892496100856);
#402=VECTOR('',#1410,10.);
#403=VECTOR('',#1411,10.);
#404=VECTOR('',#1412,10.);
#405=VECTOR('',#1417,1.75);
#406=VECTOR('',#1426,1.75);
#407=VECTOR('',#1433,10.);
#408=VECTOR('',#1434,10.);
#409=VECTOR('',#1435,10.);
#410=VECTOR('',#1436,10.);
#411=VECTOR('',#1439,10.);
#412=VECTOR('',#1440,10.);
#413=VECTOR('',#1441,10.);
#414=VECTOR('',#1444,10.);
#415=VECTOR('',#1445,10.);
#416=VECTOR('',#1446,10.);
#417=VECTOR('',#1449,10.);
#418=VECTOR('',#1450,10.);
#419=VECTOR('',#1451,10.);
#420=VECTOR('',#1454,10.);
#421=VECTOR('',#1455,10.);
#422=VECTOR('',#1456,10.);
#423=VECTOR('',#1459,10.);
#424=VECTOR('',#1460,10.);
#425=VECTOR('',#1465,10.);
#426=VECTOR('',#1466,10.);
#427=VECTOR('',#1467,10.);
#428=VECTOR('',#1470,10.);
#429=VECTOR('',#1471,10.);
#430=VECTOR('',#1474,10.);
#431=VECTOR('',#1475,10.);
#432=VECTOR('',#1478,10.);
#433=VECTOR('',#1479,10.);
#434=VECTOR('',#1482,10.);
#435=VECTOR('',#1483,10.);
#436=VECTOR('',#1486,10.);
#437=VECTOR('',#1489,10.);
#438=VECTOR('',#1490,10.);
#439=VECTOR('',#1491,10.);
#440=VECTOR('',#1492,10.);
#441=VECTOR('',#1493,10.);
#442=VECTOR('',#1494,10.);
#443=VECTOR('',#1497,10.);
#444=VECTOR('',#1498,10.);
#445=VECTOR('',#1499,10.);
#446=VECTOR('',#1500,10.);
#447=VECTOR('',#1503,10.);
#448=VECTOR('',#1504,10.);
#449=VECTOR('',#1505,10.);
#450=VECTOR('',#1508,10.);
#451=VECTOR('',#1509,10.);
#452=VECTOR('',#1510,10.);
#453=VECTOR('',#1513,10.);
#454=VECTOR('',#1514,10.);
#455=VECTOR('',#1519,10.);
#456=VECTOR('',#1520,10.);
#457=VECTOR('',#1521,10.);
#458=VECTOR('',#1522,10.);
#459=VECTOR('',#1525,10.);
#460=VECTOR('',#1526,10.);
#461=VECTOR('',#1527,10.);
#462=VECTOR('',#1530,10.);
#463=VECTOR('',#1531,10.);
#464=VECTOR('',#1532,10.);
#465=VECTOR('',#1535,10.);
#466=VECTOR('',#1536,10.);
#467=VECTOR('',#1543,2.);
#468=VECTOR('',#1552,2.);
#469=VECTOR('',#1561,2.);
#470=VECTOR('',#1570,2.);
#471=VECTOR('',#1577,10.);
#472=VECTOR('',#1578,10.);
#473=VECTOR('',#1579,10.);
#474=VECTOR('',#1580,10.);
#475=VECTOR('',#1583,10.);
#476=VECTOR('',#1584,10.);
#477=VECTOR('',#1585,10.);
#478=VECTOR('',#1588,10.);
#479=VECTOR('',#1589,10.);
#480=VECTOR('',#1590,10.);
#481=VECTOR('',#1593,10.);
#482=VECTOR('',#1594,10.);
#483=VECTOR('',#1595,10.);
#484=VECTOR('',#1598,10.);
#485=VECTOR('',#1599,10.);
#486=VECTOR('',#1600,10.);
#487=VECTOR('',#1603,10.);
#488=VECTOR('',#1604,10.);
#489=VECTOR('',#1609,10.);
#490=VECTOR('',#1610,10.);
#491=VECTOR('',#1611,10.);
#492=VECTOR('',#1612,10.);
#493=VECTOR('',#1615,10.);
#494=VECTOR('',#1616,10.);
#495=VECTOR('',#1617,10.);
#496=VECTOR('',#1620,10.);
#497=VECTOR('',#1621,10.);
#498=VECTOR('',#1622,10.);
#499=VECTOR('',#1625,10.);
#500=VECTOR('',#1626,10.);
#501=VECTOR('',#1627,10.);
#502=VECTOR('',#1630,10.);
#503=VECTOR('',#1631,10.);
#504=VECTOR('',#1632,10.);
#505=VECTOR('',#1635,10.);
#506=VECTOR('',#1636,10.);
#507=VECTOR('',#1641,10.);
#508=VECTOR('',#1642,10.);
#509=VECTOR('',#1643,10.);
#510=VECTOR('',#1646,10.);
#511=VECTOR('',#1647,10.);
#512=VECTOR('',#1650,10.);
#513=VECTOR('',#1651,10.);
#514=VECTOR('',#1654,10.);
#515=VECTOR('',#1655,10.);
#516=VECTOR('',#1658,10.);
#517=VECTOR('',#1659,10.);
#518=VECTOR('',#1662,10.);
#519=VERTEX_POINT('',#1667);
#520=VERTEX_POINT('',#1668);
#521=VERTEX_POINT('',#1670);
#522=VERTEX_POINT('',#1672);
#523=VERTEX_POINT('',#1676);
#524=VERTEX_POINT('',#1678);
#525=VERTEX_POINT('',#1682);
#526=VERTEX_POINT('',#1684);
#527=VERTEX_POINT('',#1692);
#528=VERTEX_POINT('',#1693);
#529=VERTEX_POINT('',#1695);
#530=VERTEX_POINT('',#1697);
#531=VERTEX_POINT('',#1699);
#532=VERTEX_POINT('',#1701);
#533=VERTEX_POINT('',#1705);
#534=VERTEX_POINT('',#1707);
#535=VERTEX_POINT('',#1711);
#536=VERTEX_POINT('',#1713);
#537=VERTEX_POINT('',#1715);
#538=VERTEX_POINT('',#1717);
#539=VERTEX_POINT('',#1736);
#540=VERTEX_POINT('',#1738);
#541=VERTEX_POINT('',#1740);
#542=VERTEX_POINT('',#1744);
#543=VERTEX_POINT('',#1746);
#544=VERTEX_POINT('',#1766);
#545=VERTEX_POINT('',#1770);
#546=VERTEX_POINT('',#1772);
#547=VERTEX_POINT('',#1777);
#548=VERTEX_POINT('',#1779);
#549=VERTEX_POINT('',#1784);
#550=VERTEX_POINT('',#1785);
#551=VERTEX_POINT('',#1787);
#552=VERTEX_POINT('',#1789);
#553=VERTEX_POINT('',#1793);
#554=VERTEX_POINT('',#1795);
#555=VERTEX_POINT('',#1799);
#556=VERTEX_POINT('',#1801);
#557=VERTEX_POINT('',#1805);
#558=VERTEX_POINT('',#1807);
#559=VERTEX_POINT('',#1811);
#560=VERTEX_POINT('',#1813);
#561=VERTEX_POINT('',#1821);
#562=VERTEX_POINT('',#1823);
#563=VERTEX_POINT('',#1827);
#564=VERTEX_POINT('',#1831);
#565=VERTEX_POINT('',#1835);
#566=VERTEX_POINT('',#1839);
#567=VERTEX_POINT('',#1873);
#568=VERTEX_POINT('',#1880);
#569=VERTEX_POINT('',#1937);
#570=VERTEX_POINT('',#1987);
#571=VERTEX_POINT('',#2023);
#572=VERTEX_POINT('',#2080);
#573=VERTEX_POINT('',#2139);
#574=VERTEX_POINT('',#2140);
#575=VERTEX_POINT('',#2142);
#576=VERTEX_POINT('',#2144);
#577=VERTEX_POINT('',#2148);
#578=VERTEX_POINT('',#2150);
#579=VERTEX_POINT('',#2154);
#580=VERTEX_POINT('',#2156);
#581=VERTEX_POINT('',#2164);
#582=VERTEX_POINT('',#2165);
#583=VERTEX_POINT('',#2167);
#584=VERTEX_POINT('',#2169);
#585=VERTEX_POINT('',#2173);
#586=VERTEX_POINT('',#2175);
#587=VERTEX_POINT('',#2179);
#588=VERTEX_POINT('',#2181);
#589=VERTEX_POINT('',#2189);
#590=VERTEX_POINT('',#2191);
#591=VERTEX_POINT('',#2196);
#592=VERTEX_POINT('',#2198);
#593=VERTEX_POINT('',#2203);
#594=VERTEX_POINT('',#2205);
#595=VERTEX_POINT('',#2210);
#596=VERTEX_POINT('',#2212);
#597=VERTEX_POINT('',#2217);
#598=VERTEX_POINT('',#2218);
#599=VERTEX_POINT('',#2220);
#600=VERTEX_POINT('',#2222);
#601=VERTEX_POINT('',#2226);
#602=VERTEX_POINT('',#2228);
#603=VERTEX_POINT('',#2232);
#604=VERTEX_POINT('',#2234);
#605=VERTEX_POINT('',#2238);
#606=VERTEX_POINT('',#2240);
#607=VERTEX_POINT('',#2244);
#608=VERTEX_POINT('',#2246);
#609=VERTEX_POINT('',#2254);
#610=VERTEX_POINT('',#2255);
#611=VERTEX_POINT('',#2257);
#612=VERTEX_POINT('',#2259);
#613=VERTEX_POINT('',#2263);
#614=VERTEX_POINT('',#2265);
#615=VERTEX_POINT('',#2269);
#616=VERTEX_POINT('',#2271);
#617=VERTEX_POINT('',#2275);
#618=VERTEX_POINT('',#2277);
#619=VERTEX_POINT('',#2281);
#620=VERTEX_POINT('',#2283);
#621=VERTEX_POINT('',#2291);
#622=VERTEX_POINT('',#2292);
#623=VERTEX_POINT('',#2297);
#624=VERTEX_POINT('',#2301);
#625=VERTEX_POINT('',#2305);
#626=VERTEX_POINT('',#2309);
#627=EDGE_CURVE('',#519,#520,#219,.T.);
#628=EDGE_CURVE('',#521,#519,#220,.T.);
#629=EDGE_CURVE('',#522,#521,#221,.T.);
#630=EDGE_CURVE('',#522,#520,#222,.T.);
#631=EDGE_CURVE('',#520,#523,#223,.T.);
#632=EDGE_CURVE('',#524,#522,#224,.T.);
#633=EDGE_CURVE('',#524,#523,#225,.T.);
#634=EDGE_CURVE('',#523,#525,#226,.T.);
#635=EDGE_CURVE('',#526,#524,#227,.T.);
#636=EDGE_CURVE('',#526,#525,#228,.T.);
#637=EDGE_CURVE('',#525,#519,#229,.T.);
#638=EDGE_CURVE('',#521,#526,#230,.T.);
#639=EDGE_CURVE('',#527,#528,#231,.T.);
#640=EDGE_CURVE('',#527,#529,#232,.T.);
#641=EDGE_CURVE('',#529,#530,#233,.T.);
#642=EDGE_CURVE('',#531,#530,#234,.T.);
#643=EDGE_CURVE('',#532,#531,#235,.T.);
#644=EDGE_CURVE('',#528,#532,#236,.T.);
#645=EDGE_CURVE('',#531,#533,#237,.T.);
#646=EDGE_CURVE('',#534,#530,#238,.T.);
#647=EDGE_CURVE('',#533,#534,#239,.T.);
#648=EDGE_CURVE('',#533,#535,#240,.T.);
#649=EDGE_CURVE('',#536,#534,#241,.T.);
#650=EDGE_CURVE('',#537,#536,#242,.T.);
#651=EDGE_CURVE('',#538,#537,#243,.T.);
#652=EDGE_CURVE('',#535,#538,#244,.T.);
#653=EDGE_CURVE('',#537,#539,#245,.T.);
#654=EDGE_CURVE('',#540,#536,#246,.T.);
#655=EDGE_CURVE('',#541,#540,#247,.T.);
#656=EDGE_CURVE('',#539,#541,#248,.T.);
#657=EDGE_CURVE('',#539,#542,#249,.T.);
#658=EDGE_CURVE('',#543,#541,#250,.T.);
#659=EDGE_CURVE('',#542,#543,#251,.T.);
#660=EDGE_CURVE('',#542,#527,#252,.T.);
#661=EDGE_CURVE('',#543,#544,#253,.T.);
#662=EDGE_CURVE('',#544,#529,#254,.T.);
#663=EDGE_CURVE('',#545,#545,#33,.T.);
#664=EDGE_CURVE('',#545,#546,#255,.T.);
#665=EDGE_CURVE('',#546,#546,#34,.T.);
#666=EDGE_CURVE('',#547,#547,#35,.T.);
#667=EDGE_CURVE('',#547,#548,#256,.T.);
#668=EDGE_CURVE('',#548,#548,#36,.T.);
#669=EDGE_CURVE('',#549,#550,#257,.T.);
#670=EDGE_CURVE('',#550,#551,#258,.F.);
#671=EDGE_CURVE('',#552,#551,#259,.T.);
#672=EDGE_CURVE('',#549,#552,#260,.T.);
#673=EDGE_CURVE('',#550,#553,#261,.T.);
#674=EDGE_CURVE('',#553,#554,#262,.F.);
#675=EDGE_CURVE('',#551,#554,#263,.T.);
#676=EDGE_CURVE('',#555,#553,#264,.F.);
#677=EDGE_CURVE('',#555,#556,#265,.F.);
#678=EDGE_CURVE('',#554,#556,#266,.T.);
#679=EDGE_CURVE('',#557,#555,#267,.F.);
#680=EDGE_CURVE('',#557,#558,#268,.F.);
#681=EDGE_CURVE('',#556,#558,#269,.T.);
#682=EDGE_CURVE('',#559,#557,#270,.F.);
#683=EDGE_CURVE('',#559,#560,#271,.F.);
#684=EDGE_CURVE('',#558,#560,#272,.T.);
#685=EDGE_CURVE('',#549,#559,#273,.F.);
#686=EDGE_CURVE('',#560,#552,#274,.T.);
#687=EDGE_CURVE('',#543,#561,#275,.T.);
#688=EDGE_CURVE('',#562,#561,#276,.T.);
#689=EDGE_CURVE('',#529,#562,#277,.T.);
#690=EDGE_CURVE('',#563,#562,#278,.T.);
#691=EDGE_CURVE('',#530,#563,#279,.T.);
#692=EDGE_CURVE('',#564,#563,#280,.T.);
#693=EDGE_CURVE('',#534,#564,#281,.T.);
#694=EDGE_CURVE('',#565,#564,#282,.T.);
#695=EDGE_CURVE('',#536,#565,#283,.T.);
#696=EDGE_CURVE('',#566,#565,#284,.T.);
#697=EDGE_CURVE('',#541,#566,#285,.T.);
#698=EDGE_CURVE('',#561,#566,#286,.T.);
#699=EDGE_CURVE('',#527,#567,#15,.T.);
#700=EDGE_CURVE('',#567,#568,#287,.T.);
#701=EDGE_CURVE('',#537,#568,#16,.T.);
#702=EDGE_CURVE('',#532,#569,#17,.T.);
#703=EDGE_CURVE('',#569,#567,#288,.T.);
#704=EDGE_CURVE('',#531,#570,#18,.T.);
#705=EDGE_CURVE('',#570,#569,#289,.T.);
#706=EDGE_CURVE('',#533,#571,#19,.T.);
#707=EDGE_CURVE('',#571,#570,#290,.T.);
#708=EDGE_CURVE('',#535,#572,#20,.T.);
#709=EDGE_CURVE('',#572,#571,#291,.T.);
#710=EDGE_CURVE('',#568,#572,#292,.T.);
#711=EDGE_CURVE('',#573,#574,#293,.T.);
#712=EDGE_CURVE('',#573,#575,#294,.T.);
#713=EDGE_CURVE('',#576,#575,#295,.T.);
#714=EDGE_CURVE('',#574,#576,#296,.T.);
#715=EDGE_CURVE('',#574,#577,#297,.T.);
#716=EDGE_CURVE('',#578,#576,#298,.T.);
#717=EDGE_CURVE('',#577,#578,#299,.T.);
#718=EDGE_CURVE('',#577,#579,#300,.T.);
#719=EDGE_CURVE('',#580,#578,#301,.T.);
#720=EDGE_CURVE('',#579,#580,#302,.T.);
#721=EDGE_CURVE('',#579,#573,#303,.T.);
#722=EDGE_CURVE('',#575,#580,#304,.T.);
#723=EDGE_CURVE('',#581,#582,#305,.T.);
#724=EDGE_CURVE('',#581,#583,#306,.T.);
#725=EDGE_CURVE('',#584,#583,#307,.T.);
#726=EDGE_CURVE('',#582,#584,#308,.T.);
#727=EDGE_CURVE('',#582,#585,#309,.T.);
#728=EDGE_CURVE('',#586,#584,#310,.T.);
#729=EDGE_CURVE('',#585,#586,#311,.T.);
#730=EDGE_CURVE('',#585,#587,#312,.T.);
#731=EDGE_CURVE('',#588,#586,#313,.T.);
#732=EDGE_CURVE('',#587,#588,#314,.T.);
#733=EDGE_CURVE('',#587,#581,#315,.T.);
#734=EDGE_CURVE('',#583,#588,#316,.T.);
#735=EDGE_CURVE('',#589,#589,#37,.T.);
#736=EDGE_CURVE('',#589,#590,#317,.T.);
#737=EDGE_CURVE('',#590,#590,#38,.T.);
#738=EDGE_CURVE('',#591,#591,#39,.T.);
#739=EDGE_CURVE('',#591,#592,#318,.T.);
#740=EDGE_CURVE('',#592,#592,#40,.T.);
#741=EDGE_CURVE('',#593,#593,#41,.T.);
#742=EDGE_CURVE('',#593,#594,#319,.T.);
#743=EDGE_CURVE('',#594,#594,#42,.T.);
#744=EDGE_CURVE('',#595,#595,#43,.T.);
#745=EDGE_CURVE('',#595,#596,#320,.T.);
#746=EDGE_CURVE('',#596,#596,#44,.T.);
#747=EDGE_CURVE('',#597,#598,#321,.T.);
#748=EDGE_CURVE('',#597,#599,#322,.T.);
#749=EDGE_CURVE('',#600,#599,#323,.T.);
#750=EDGE_CURVE('',#598,#600,#324,.T.);
#751=EDGE_CURVE('',#598,#601,#325,.T.);
#752=EDGE_CURVE('',#602,#600,#326,.T.);
#753=EDGE_CURVE('',#601,#602,#327,.T.);
#754=EDGE_CURVE('',#601,#603,#328,.T.);
#755=EDGE_CURVE('',#604,#602,#329,.T.);
#756=EDGE_CURVE('',#603,#604,#330,.T.);
#757=EDGE_CURVE('',#603,#605,#331,.T.);
#758=EDGE_CURVE('',#606,#604,#332,.T.);
#759=EDGE_CURVE('',#605,#606,#333,.T.);
#760=EDGE_CURVE('',#605,#607,#334,.T.);
#761=EDGE_CURVE('',#608,#606,#335,.T.);
#762=EDGE_CURVE('',#607,#608,#336,.T.);
#763=EDGE_CURVE('',#607,#597,#337,.T.);
#764=EDGE_CURVE('',#599,#608,#338,.T.);
#765=EDGE_CURVE('',#609,#610,#339,.T.);
#766=EDGE_CURVE('',#609,#611,#340,.T.);
#767=EDGE_CURVE('',#612,#611,#341,.T.);
#768=EDGE_CURVE('',#610,#612,#342,.T.);
#769=EDGE_CURVE('',#610,#613,#343,.T.);
#770=EDGE_CURVE('',#614,#612,#344,.T.);
#771=EDGE_CURVE('',#613,#614,#345,.T.);
#772=EDGE_CURVE('',#613,#615,#346,.T.);
#773=EDGE_CURVE('',#616,#614,#347,.T.);
#774=EDGE_CURVE('',#615,#616,#348,.T.);
#775=EDGE_CURVE('',#615,#617,#349,.T.);
#776=EDGE_CURVE('',#618,#616,#350,.T.);
#777=EDGE_CURVE('',#617,#618,#351,.T.);
#778=EDGE_CURVE('',#617,#619,#352,.T.);
#779=EDGE_CURVE('',#620,#618,#353,.T.);
#780=EDGE_CURVE('',#619,#620,#354,.T.);
#781=EDGE_CURVE('',#619,#609,#355,.T.);
#782=EDGE_CURVE('',#611,#620,#356,.T.);
#783=EDGE_CURVE('',#621,#622,#357,.T.);
#784=EDGE_CURVE('',#621,#567,#358,.T.);
#785=EDGE_CURVE('',#622,#569,#359,.T.);
#786=EDGE_CURVE('',#622,#623,#360,.T.);
#787=EDGE_CURVE('',#623,#570,#361,.T.);
#788=EDGE_CURVE('',#624,#623,#362,.T.);
#789=EDGE_CURVE('',#624,#571,#363,.T.);
#790=EDGE_CURVE('',#625,#624,#364,.T.);
#791=EDGE_CURVE('',#625,#572,#365,.T.);
#792=EDGE_CURVE('',#626,#625,#366,.T.);
#793=EDGE_CURVE('',#626,#568,#367,.T.);
#794=EDGE_CURVE('',#621,#626,#368,.T.);
#795=ORIENTED_EDGE('',*,*,#627,.F.);
#796=ORIENTED_EDGE('',*,*,#628,.F.);
#797=ORIENTED_EDGE('',*,*,#629,.F.);
#798=ORIENTED_EDGE('',*,*,#630,.T.);
#799=ORIENTED_EDGE('',*,*,#631,.F.);
#800=ORIENTED_EDGE('',*,*,#630,.F.);
#801=ORIENTED_EDGE('',*,*,#632,.F.);
#802=ORIENTED_EDGE('',*,*,#633,.T.);
#803=ORIENTED_EDGE('',*,*,#634,.F.);
#804=ORIENTED_EDGE('',*,*,#633,.F.);
#805=ORIENTED_EDGE('',*,*,#635,.F.);
#806=ORIENTED_EDGE('',*,*,#636,.T.);
#807=ORIENTED_EDGE('',*,*,#637,.F.);
#808=ORIENTED_EDGE('',*,*,#636,.F.);
#809=ORIENTED_EDGE('',*,*,#638,.F.);
#810=ORIENTED_EDGE('',*,*,#628,.T.);
#811=ORIENTED_EDGE('',*,*,#632,.T.);
#812=ORIENTED_EDGE('',*,*,#629,.T.);
#813=ORIENTED_EDGE('',*,*,#638,.T.);
#814=ORIENTED_EDGE('',*,*,#635,.T.);
#815=ORIENTED_EDGE('',*,*,#639,.F.);
#816=ORIENTED_EDGE('',*,*,#640,.T.);
#817=ORIENTED_EDGE('',*,*,#641,.T.);
#818=ORIENTED_EDGE('',*,*,#642,.F.);
#819=ORIENTED_EDGE('',*,*,#643,.F.);
#820=ORIENTED_EDGE('',*,*,#644,.F.);
#821=ORIENTED_EDGE('',*,*,#645,.F.);
#822=ORIENTED_EDGE('',*,*,#642,.T.);
#823=ORIENTED_EDGE('',*,*,#646,.F.);
#824=ORIENTED_EDGE('',*,*,#647,.F.);
#825=ORIENTED_EDGE('',*,*,#648,.F.);
#826=ORIENTED_EDGE('',*,*,#647,.T.);
#827=ORIENTED_EDGE('',*,*,#649,.F.);
#828=ORIENTED_EDGE('',*,*,#650,.F.);
#829=ORIENTED_EDGE('',*,*,#651,.F.);
#830=ORIENTED_EDGE('',*,*,#652,.F.);
#831=ORIENTED_EDGE('',*,*,#653,.F.);
#832=ORIENTED_EDGE('',*,*,#650,.T.);
#833=ORIENTED_EDGE('',*,*,#654,.F.);
#834=ORIENTED_EDGE('',*,*,#655,.F.);
#835=ORIENTED_EDGE('',*,*,#656,.F.);
#836=ORIENTED_EDGE('',*,*,#657,.F.);
#837=ORIENTED_EDGE('',*,*,#656,.T.);
#838=ORIENTED_EDGE('',*,*,#658,.F.);
#839=ORIENTED_EDGE('',*,*,#659,.F.);
#840=ORIENTED_EDGE('',*,*,#660,.F.);
#841=ORIENTED_EDGE('',*,*,#659,.T.);
#842=ORIENTED_EDGE('',*,*,#661,.T.);
#843=ORIENTED_EDGE('',*,*,#662,.T.);
#844=ORIENTED_EDGE('',*,*,#640,.F.);
#845=ORIENTED_EDGE('',*,*,#663,.F.);
#846=ORIENTED_EDGE('',*,*,#664,.T.);
#847=ORIENTED_EDGE('',*,*,#665,.F.);
#848=ORIENTED_EDGE('',*,*,#664,.F.);
#849=ORIENTED_EDGE('',*,*,#663,.T.);
#850=ORIENTED_EDGE('',*,*,#666,.F.);
#851=ORIENTED_EDGE('',*,*,#667,.T.);
#852=ORIENTED_EDGE('',*,*,#668,.F.);
#853=ORIENTED_EDGE('',*,*,#667,.F.);
#854=ORIENTED_EDGE('',*,*,#666,.T.);
#855=ORIENTED_EDGE('',*,*,#669,.T.);
#856=ORIENTED_EDGE('',*,*,#670,.T.);
#857=ORIENTED_EDGE('',*,*,#671,.F.);
#858=ORIENTED_EDGE('',*,*,#672,.F.);
#859=ORIENTED_EDGE('',*,*,#673,.T.);
#860=ORIENTED_EDGE('',*,*,#674,.T.);
#861=ORIENTED_EDGE('',*,*,#675,.F.);
#862=ORIENTED_EDGE('',*,*,#670,.F.);
#863=ORIENTED_EDGE('',*,*,#676,.F.);
#864=ORIENTED_EDGE('',*,*,#677,.T.);
#865=ORIENTED_EDGE('',*,*,#678,.F.);
#866=ORIENTED_EDGE('',*,*,#674,.F.);
#867=ORIENTED_EDGE('',*,*,#679,.F.);
#868=ORIENTED_EDGE('',*,*,#680,.T.);
#869=ORIENTED_EDGE('',*,*,#681,.F.);
#870=ORIENTED_EDGE('',*,*,#677,.F.);
#871=ORIENTED_EDGE('',*,*,#682,.F.);
#872=ORIENTED_EDGE('',*,*,#683,.T.);
#873=ORIENTED_EDGE('',*,*,#684,.F.);
#874=ORIENTED_EDGE('',*,*,#680,.F.);
#875=ORIENTED_EDGE('',*,*,#685,.F.);
#876=ORIENTED_EDGE('',*,*,#672,.T.);
#877=ORIENTED_EDGE('',*,*,#686,.F.);
#878=ORIENTED_EDGE('',*,*,#683,.F.);
#879=ORIENTED_EDGE('',*,*,#685,.T.);
#880=ORIENTED_EDGE('',*,*,#682,.T.);
#881=ORIENTED_EDGE('',*,*,#679,.T.);
#882=ORIENTED_EDGE('',*,*,#676,.T.);
#883=ORIENTED_EDGE('',*,*,#673,.F.);
#884=ORIENTED_EDGE('',*,*,#669,.F.);
#885=ORIENTED_EDGE('',*,*,#634,.T.);
#886=ORIENTED_EDGE('',*,*,#637,.T.);
#887=ORIENTED_EDGE('',*,*,#627,.T.);
#888=ORIENTED_EDGE('',*,*,#631,.T.);
#889=ORIENTED_EDGE('',*,*,#665,.T.);
#890=ORIENTED_EDGE('',*,*,#668,.T.);
#891=ORIENTED_EDGE('',*,*,#661,.F.);
#892=ORIENTED_EDGE('',*,*,#687,.T.);
#893=ORIENTED_EDGE('',*,*,#688,.F.);
#894=ORIENTED_EDGE('',*,*,#689,.F.);
#895=ORIENTED_EDGE('',*,*,#662,.F.);
#896=ORIENTED_EDGE('',*,*,#641,.F.);
#897=ORIENTED_EDGE('',*,*,#689,.T.);
#898=ORIENTED_EDGE('',*,*,#690,.F.);
#899=ORIENTED_EDGE('',*,*,#691,.F.);
#900=ORIENTED_EDGE('',*,*,#646,.T.);
#901=ORIENTED_EDGE('',*,*,#691,.T.);
#902=ORIENTED_EDGE('',*,*,#692,.F.);
#903=ORIENTED_EDGE('',*,*,#693,.F.);
#904=ORIENTED_EDGE('',*,*,#649,.T.);
#905=ORIENTED_EDGE('',*,*,#693,.T.);
#906=ORIENTED_EDGE('',*,*,#694,.F.);
#907=ORIENTED_EDGE('',*,*,#695,.F.);
#908=ORIENTED_EDGE('',*,*,#655,.T.);
#909=ORIENTED_EDGE('',*,*,#654,.T.);
#910=ORIENTED_EDGE('',*,*,#695,.T.);
#911=ORIENTED_EDGE('',*,*,#696,.F.);
#912=ORIENTED_EDGE('',*,*,#697,.F.);
#913=ORIENTED_EDGE('',*,*,#658,.T.);
#914=ORIENTED_EDGE('',*,*,#697,.T.);
#915=ORIENTED_EDGE('',*,*,#698,.F.);
#916=ORIENTED_EDGE('',*,*,#687,.F.);
#917=ORIENTED_EDGE('',*,*,#698,.T.);
#918=ORIENTED_EDGE('',*,*,#696,.T.);
#919=ORIENTED_EDGE('',*,*,#694,.T.);
#920=ORIENTED_EDGE('',*,*,#692,.T.);
#921=ORIENTED_EDGE('',*,*,#690,.T.);
#922=ORIENTED_EDGE('',*,*,#688,.T.);
#923=ORIENTED_EDGE('',*,*,#671,.T.);
#924=ORIENTED_EDGE('',*,*,#675,.T.);
#925=ORIENTED_EDGE('',*,*,#678,.T.);
#926=ORIENTED_EDGE('',*,*,#681,.T.);
#927=ORIENTED_EDGE('',*,*,#684,.T.);
#928=ORIENTED_EDGE('',*,*,#686,.T.);
#929=ORIENTED_EDGE('',*,*,#653,.T.);
#930=ORIENTED_EDGE('',*,*,#657,.T.);
#931=ORIENTED_EDGE('',*,*,#660,.T.);
#932=ORIENTED_EDGE('',*,*,#699,.T.);
#933=ORIENTED_EDGE('',*,*,#700,.T.);
#934=ORIENTED_EDGE('',*,*,#701,.F.);
#935=ORIENTED_EDGE('',*,*,#639,.T.);
#936=ORIENTED_EDGE('',*,*,#644,.T.);
#937=ORIENTED_EDGE('',*,*,#702,.T.);
#938=ORIENTED_EDGE('',*,*,#703,.T.);
#939=ORIENTED_EDGE('',*,*,#699,.F.);
#940=ORIENTED_EDGE('',*,*,#643,.T.);
#941=ORIENTED_EDGE('',*,*,#704,.T.);
#942=ORIENTED_EDGE('',*,*,#705,.T.);
#943=ORIENTED_EDGE('',*,*,#702,.F.);
#944=ORIENTED_EDGE('',*,*,#645,.T.);
#945=ORIENTED_EDGE('',*,*,#706,.T.);
#946=ORIENTED_EDGE('',*,*,#707,.T.);
#947=ORIENTED_EDGE('',*,*,#704,.F.);
#948=ORIENTED_EDGE('',*,*,#648,.T.);
#949=ORIENTED_EDGE('',*,*,#708,.T.);
#950=ORIENTED_EDGE('',*,*,#709,.T.);
#951=ORIENTED_EDGE('',*,*,#706,.F.);
#952=ORIENTED_EDGE('',*,*,#652,.T.);
#953=ORIENTED_EDGE('',*,*,#651,.T.);
#954=ORIENTED_EDGE('',*,*,#701,.T.);
#955=ORIENTED_EDGE('',*,*,#710,.T.);
#956=ORIENTED_EDGE('',*,*,#708,.F.);
#957=ORIENTED_EDGE('',*,*,#711,.F.);
#958=ORIENTED_EDGE('',*,*,#712,.T.);
#959=ORIENTED_EDGE('',*,*,#713,.F.);
#960=ORIENTED_EDGE('',*,*,#714,.F.);
#961=ORIENTED_EDGE('',*,*,#715,.F.);
#962=ORIENTED_EDGE('',*,*,#714,.T.);
#963=ORIENTED_EDGE('',*,*,#716,.F.);
#964=ORIENTED_EDGE('',*,*,#717,.F.);
#965=ORIENTED_EDGE('',*,*,#718,.F.);
#966=ORIENTED_EDGE('',*,*,#717,.T.);
#967=ORIENTED_EDGE('',*,*,#719,.F.);
#968=ORIENTED_EDGE('',*,*,#720,.F.);
#969=ORIENTED_EDGE('',*,*,#721,.F.);
#970=ORIENTED_EDGE('',*,*,#720,.T.);
#971=ORIENTED_EDGE('',*,*,#722,.F.);
#972=ORIENTED_EDGE('',*,*,#712,.F.);
#973=ORIENTED_EDGE('',*,*,#722,.T.);
#974=ORIENTED_EDGE('',*,*,#719,.T.);
#975=ORIENTED_EDGE('',*,*,#716,.T.);
#976=ORIENTED_EDGE('',*,*,#713,.T.);
#977=ORIENTED_EDGE('',*,*,#723,.F.);
#978=ORIENTED_EDGE('',*,*,#724,.T.);
#979=ORIENTED_EDGE('',*,*,#725,.F.);
#980=ORIENTED_EDGE('',*,*,#726,.F.);
#981=ORIENTED_EDGE('',*,*,#727,.F.);
#982=ORIENTED_EDGE('',*,*,#726,.T.);
#983=ORIENTED_EDGE('',*,*,#728,.F.);
#984=ORIENTED_EDGE('',*,*,#729,.F.);
#985=ORIENTED_EDGE('',*,*,#730,.F.);
#986=ORIENTED_EDGE('',*,*,#729,.T.);
#987=ORIENTED_EDGE('',*,*,#731,.F.);
#988=ORIENTED_EDGE('',*,*,#732,.F.);
#989=ORIENTED_EDGE('',*,*,#733,.F.);
#990=ORIENTED_EDGE('',*,*,#732,.T.);
#991=ORIENTED_EDGE('',*,*,#734,.F.);
#992=ORIENTED_EDGE('',*,*,#724,.F.);
#993=ORIENTED_EDGE('',*,*,#734,.T.);
#994=ORIENTED_EDGE('',*,*,#731,.T.);
#995=ORIENTED_EDGE('',*,*,#728,.T.);
#996=ORIENTED_EDGE('',*,*,#725,.T.);
#997=ORIENTED_EDGE('',*,*,#735,.F.);
#998=ORIENTED_EDGE('',*,*,#736,.T.);
#999=ORIENTED_EDGE('',*,*,#737,.T.);
#1000=ORIENTED_EDGE('',*,*,#736,.F.);
#1001=ORIENTED_EDGE('',*,*,#737,.F.);
#1002=ORIENTED_EDGE('',*,*,#738,.F.);
#1003=ORIENTED_EDGE('',*,*,#739,.T.);
#1004=ORIENTED_EDGE('',*,*,#740,.T.);
#1005=ORIENTED_EDGE('',*,*,#739,.F.);
#1006=ORIENTED_EDGE('',*,*,#740,.F.);
#1007=ORIENTED_EDGE('',*,*,#741,.F.);
#1008=ORIENTED_EDGE('',*,*,#742,.T.);
#1009=ORIENTED_EDGE('',*,*,#743,.T.);
#1010=ORIENTED_EDGE('',*,*,#742,.F.);
#1011=ORIENTED_EDGE('',*,*,#743,.F.);
#1012=ORIENTED_EDGE('',*,*,#744,.F.);
#1013=ORIENTED_EDGE('',*,*,#745,.T.);
#1014=ORIENTED_EDGE('',*,*,#746,.T.);
#1015=ORIENTED_EDGE('',*,*,#745,.F.);
#1016=ORIENTED_EDGE('',*,*,#746,.F.);
#1017=ORIENTED_EDGE('',*,*,#747,.F.);
#1018=ORIENTED_EDGE('',*,*,#748,.T.);
#1019=ORIENTED_EDGE('',*,*,#749,.F.);
#1020=ORIENTED_EDGE('',*,*,#750,.F.);
#1021=ORIENTED_EDGE('',*,*,#751,.F.);
#1022=ORIENTED_EDGE('',*,*,#750,.T.);
#1023=ORIENTED_EDGE('',*,*,#752,.F.);
#1024=ORIENTED_EDGE('',*,*,#753,.F.);
#1025=ORIENTED_EDGE('',*,*,#754,.F.);
#1026=ORIENTED_EDGE('',*,*,#753,.T.);
#1027=ORIENTED_EDGE('',*,*,#755,.F.);
#1028=ORIENTED_EDGE('',*,*,#756,.F.);
#1029=ORIENTED_EDGE('',*,*,#757,.F.);
#1030=ORIENTED_EDGE('',*,*,#756,.T.);
#1031=ORIENTED_EDGE('',*,*,#758,.F.);
#1032=ORIENTED_EDGE('',*,*,#759,.F.);
#1033=ORIENTED_EDGE('',*,*,#760,.F.);
#1034=ORIENTED_EDGE('',*,*,#759,.T.);
#1035=ORIENTED_EDGE('',*,*,#761,.F.);
#1036=ORIENTED_EDGE('',*,*,#762,.F.);
#1037=ORIENTED_EDGE('',*,*,#763,.F.);
#1038=ORIENTED_EDGE('',*,*,#762,.T.);
#1039=ORIENTED_EDGE('',*,*,#764,.F.);
#1040=ORIENTED_EDGE('',*,*,#748,.F.);
#1041=ORIENTED_EDGE('',*,*,#764,.T.);
#1042=ORIENTED_EDGE('',*,*,#761,.T.);
#1043=ORIENTED_EDGE('',*,*,#758,.T.);
#1044=ORIENTED_EDGE('',*,*,#755,.T.);
#1045=ORIENTED_EDGE('',*,*,#752,.T.);
#1046=ORIENTED_EDGE('',*,*,#749,.T.);
#1047=ORIENTED_EDGE('',*,*,#711,.T.);
#1048=ORIENTED_EDGE('',*,*,#715,.T.);
#1049=ORIENTED_EDGE('',*,*,#718,.T.);
#1050=ORIENTED_EDGE('',*,*,#721,.T.);
#1051=ORIENTED_EDGE('',*,*,#738,.T.);
#1052=ORIENTED_EDGE('',*,*,#744,.T.);
#1053=ORIENTED_EDGE('',*,*,#765,.F.);
#1054=ORIENTED_EDGE('',*,*,#766,.T.);
#1055=ORIENTED_EDGE('',*,*,#767,.F.);
#1056=ORIENTED_EDGE('',*,*,#768,.F.);
#1057=ORIENTED_EDGE('',*,*,#769,.F.);
#1058=ORIENTED_EDGE('',*,*,#768,.T.);
#1059=ORIENTED_EDGE('',*,*,#770,.F.);
#1060=ORIENTED_EDGE('',*,*,#771,.F.);
#1061=ORIENTED_EDGE('',*,*,#772,.F.);
#1062=ORIENTED_EDGE('',*,*,#771,.T.);
#1063=ORIENTED_EDGE('',*,*,#773,.F.);
#1064=ORIENTED_EDGE('',*,*,#774,.F.);
#1065=ORIENTED_EDGE('',*,*,#775,.F.);
#1066=ORIENTED_EDGE('',*,*,#774,.T.);
#1067=ORIENTED_EDGE('',*,*,#776,.F.);
#1068=ORIENTED_EDGE('',*,*,#777,.F.);
#1069=ORIENTED_EDGE('',*,*,#778,.F.);
#1070=ORIENTED_EDGE('',*,*,#777,.T.);
#1071=ORIENTED_EDGE('',*,*,#779,.F.);
#1072=ORIENTED_EDGE('',*,*,#780,.F.);
#1073=ORIENTED_EDGE('',*,*,#781,.F.);
#1074=ORIENTED_EDGE('',*,*,#780,.T.);
#1075=ORIENTED_EDGE('',*,*,#782,.F.);
#1076=ORIENTED_EDGE('',*,*,#766,.F.);
#1077=ORIENTED_EDGE('',*,*,#782,.T.);
#1078=ORIENTED_EDGE('',*,*,#779,.T.);
#1079=ORIENTED_EDGE('',*,*,#776,.T.);
#1080=ORIENTED_EDGE('',*,*,#773,.T.);
#1081=ORIENTED_EDGE('',*,*,#770,.T.);
#1082=ORIENTED_EDGE('',*,*,#767,.T.);
#1083=ORIENTED_EDGE('',*,*,#723,.T.);
#1084=ORIENTED_EDGE('',*,*,#727,.T.);
#1085=ORIENTED_EDGE('',*,*,#730,.T.);
#1086=ORIENTED_EDGE('',*,*,#733,.T.);
#1087=ORIENTED_EDGE('',*,*,#735,.T.);
#1088=ORIENTED_EDGE('',*,*,#741,.T.);
#1089=ORIENTED_EDGE('',*,*,#783,.F.);
#1090=ORIENTED_EDGE('',*,*,#784,.T.);
#1091=ORIENTED_EDGE('',*,*,#703,.F.);
#1092=ORIENTED_EDGE('',*,*,#785,.F.);
#1093=ORIENTED_EDGE('',*,*,#786,.F.);
#1094=ORIENTED_EDGE('',*,*,#785,.T.);
#1095=ORIENTED_EDGE('',*,*,#705,.F.);
#1096=ORIENTED_EDGE('',*,*,#787,.F.);
#1097=ORIENTED_EDGE('',*,*,#788,.T.);
#1098=ORIENTED_EDGE('',*,*,#787,.T.);
#1099=ORIENTED_EDGE('',*,*,#707,.F.);
#1100=ORIENTED_EDGE('',*,*,#789,.F.);
#1101=ORIENTED_EDGE('',*,*,#790,.T.);
#1102=ORIENTED_EDGE('',*,*,#789,.T.);
#1103=ORIENTED_EDGE('',*,*,#709,.F.);
#1104=ORIENTED_EDGE('',*,*,#791,.F.);
#1105=ORIENTED_EDGE('',*,*,#792,.T.);
#1106=ORIENTED_EDGE('',*,*,#791,.T.);
#1107=ORIENTED_EDGE('',*,*,#710,.F.);
#1108=ORIENTED_EDGE('',*,*,#793,.F.);
#1109=ORIENTED_EDGE('',*,*,#794,.T.);
#1110=ORIENTED_EDGE('',*,*,#793,.T.);
#1111=ORIENTED_EDGE('',*,*,#700,.F.);
#1112=ORIENTED_EDGE('',*,*,#784,.F.);
#1113=ORIENTED_EDGE('',*,*,#794,.F.);
#1114=ORIENTED_EDGE('',*,*,#783,.T.);
#1115=ORIENTED_EDGE('',*,*,#786,.T.);
#1116=ORIENTED_EDGE('',*,*,#788,.F.);
#1117=ORIENTED_EDGE('',*,*,#790,.F.);
#1118=ORIENTED_EDGE('',*,*,#792,.F.);
#1119=ORIENTED_EDGE('',*,*,#747,.T.);
#1120=ORIENTED_EDGE('',*,*,#751,.T.);
#1121=ORIENTED_EDGE('',*,*,#754,.T.);
#1122=ORIENTED_EDGE('',*,*,#757,.T.);
#1123=ORIENTED_EDGE('',*,*,#760,.T.);
#1124=ORIENTED_EDGE('',*,*,#763,.T.);
#1125=ORIENTED_EDGE('',*,*,#765,.T.);
#1126=ORIENTED_EDGE('',*,*,#769,.T.);
#1127=ORIENTED_EDGE('',*,*,#772,.T.);
#1128=ORIENTED_EDGE('',*,*,#775,.T.);
#1129=ORIENTED_EDGE('',*,*,#778,.T.);
#1130=ORIENTED_EDGE('',*,*,#781,.T.);
#1131=PLANE('',#1279);
#1132=PLANE('',#1280);
#1133=PLANE('',#1281);
#1134=PLANE('',#1282);
#1135=PLANE('',#1283);
#1136=PLANE('',#1284);
#1137=PLANE('',#1285);
#1138=PLANE('',#1286);
#1139=PLANE('',#1287);
#1140=PLANE('',#1291);
#1141=PLANE('',#1295);
#1142=PLANE('',#1296);
#1143=PLANE('',#1297);
#1144=PLANE('',#1298);
#1145=PLANE('',#1299);
#1146=PLANE('',#1300);
#1147=PLANE('',#1301);
#1148=PLANE('',#1302);
#1149=PLANE('',#1303);
#1150=PLANE('',#1304);
#1151=PLANE('',#1305);
#1152=PLANE('',#1306);
#1153=PLANE('',#1307);
#1154=PLANE('',#1308);
#1155=PLANE('',#1309);
#1156=PLANE('',#1310);
#1157=PLANE('',#1311);
#1158=PLANE('',#1312);
#1159=PLANE('',#1313);
#1160=PLANE('',#1314);
#1161=PLANE('',#1315);
#1162=PLANE('',#1316);
#1163=PLANE('',#1317);
#1164=PLANE('',#1318);
#1165=PLANE('',#1319);
#1166=PLANE('',#1323);
#1167=PLANE('',#1327);
#1168=PLANE('',#1331);
#1169=PLANE('',#1335);
#1170=PLANE('',#1336);
#1171=PLANE('',#1337);
#1172=PLANE('',#1338);
#1173=PLANE('',#1339);
#1174=PLANE('',#1340);
#1175=PLANE('',#1341);
#1176=PLANE('',#1342);
#1177=PLANE('',#1343);
#1178=PLANE('',#1344);
#1179=PLANE('',#1345);
#1180=PLANE('',#1346);
#1181=PLANE('',#1347);
#1182=PLANE('',#1348);
#1183=PLANE('',#1349);
#1184=PLANE('',#1350);
#1185=PLANE('',#1351);
#1186=PLANE('',#1352);
#1187=PLANE('',#1353);
#1188=PLANE('',#1354);
#1189=PLANE('',#1355);
#1190=PLANE('',#1356);
#1191=ADVANCED_FACE('',(#59),#1131,.F.);
#1192=ADVANCED_FACE('',(#60),#1132,.F.);
#1193=ADVANCED_FACE('',(#61),#1133,.F.);
#1194=ADVANCED_FACE('',(#62),#1134,.F.);
#1195=ADVANCED_FACE('',(#63),#1135,.T.);
#1196=ADVANCED_FACE('',(#64),#1136,.F.);
#1197=ADVANCED_FACE('',(#65),#1137,.F.);
#1198=ADVANCED_FACE('',(#66),#1138,.F.);
#1199=ADVANCED_FACE('',(#67),#51,.F.);
#1200=ADVANCED_FACE('',(#68),#1139,.F.);
#1201=ADVANCED_FACE('',(#69),#52,.F.);
#1202=ADVANCED_FACE('',(#70),#45,.T.);
#1203=ADVANCED_FACE('',(#71),#1140,.T.);
#1204=ADVANCED_FACE('',(#72),#46,.T.);
#1205=ADVANCED_FACE('',(#73),#1141,.T.);
#1206=ADVANCED_FACE('',(#74),#1142,.F.);
#1207=ADVANCED_FACE('',(#75),#1143,.F.);
#1208=ADVANCED_FACE('',(#76),#1144,.F.);
#1209=ADVANCED_FACE('',(#77),#1145,.F.);
#1210=ADVANCED_FACE('',(#78),#1146,.F.);
#1211=ADVANCED_FACE('',(#79),#1147,.F.);
#1212=ADVANCED_FACE('',(#80,#21,#22,#23),#1148,.T.);
#1213=ADVANCED_FACE('',(#81),#1149,.T.);
#1214=ADVANCED_FACE('',(#82),#1150,.T.);
#1215=ADVANCED_FACE('',(#83),#1151,.T.);
#1216=ADVANCED_FACE('',(#84),#1152,.T.);
#1217=ADVANCED_FACE('',(#85),#1153,.T.);
#1218=ADVANCED_FACE('',(#86),#1154,.T.);
#1219=ADVANCED_FACE('',(#87,#24),#1155,.T.);
#1220=ADVANCED_FACE('',(#88),#53,.T.);
#1221=ADVANCED_FACE('',(#89),#54,.T.);
#1222=ADVANCED_FACE('',(#90),#55,.T.);
#1223=ADVANCED_FACE('',(#91),#56,.T.);
#1224=ADVANCED_FACE('',(#92),#57,.T.);
#1225=ADVANCED_FACE('',(#93),#58,.T.);
#1226=ADVANCED_FACE('',(#94),#1156,.T.);
#1227=ADVANCED_FACE('',(#95),#1157,.T.);
#1228=ADVANCED_FACE('',(#96),#1158,.T.);
#1229=ADVANCED_FACE('',(#97),#1159,.T.);
#1230=ADVANCED_FACE('',(#98),#1160,.T.);
#1231=ADVANCED_FACE('',(#99),#1161,.T.);
#1232=ADVANCED_FACE('',(#100),#1162,.T.);
#1233=ADVANCED_FACE('',(#101),#1163,.T.);
#1234=ADVANCED_FACE('',(#102),#1164,.T.);
#1235=ADVANCED_FACE('',(#103),#1165,.T.);
#1236=ADVANCED_FACE('',(#104),#47,.F.);
#1237=ADVANCED_FACE('',(#105),#1166,.T.);
#1238=ADVANCED_FACE('',(#106),#48,.F.);
#1239=ADVANCED_FACE('',(#107),#1167,.T.);
#1240=ADVANCED_FACE('',(#108),#49,.F.);
#1241=ADVANCED_FACE('',(#109),#1168,.T.);
#1242=ADVANCED_FACE('',(#110),#50,.F.);
#1243=ADVANCED_FACE('',(#111),#1169,.T.);
#1244=ADVANCED_FACE('',(#112),#1170,.T.);
#1245=ADVANCED_FACE('',(#113),#1171,.T.);
#1246=ADVANCED_FACE('',(#114),#1172,.T.);
#1247=ADVANCED_FACE('',(#115),#1173,.T.);
#1248=ADVANCED_FACE('',(#116),#1174,.T.);
#1249=ADVANCED_FACE('',(#117),#1175,.T.);
#1250=ADVANCED_FACE('',(#118,#25,#26,#27),#1176,.T.);
#1251=ADVANCED_FACE('',(#119),#1177,.T.);
#1252=ADVANCED_FACE('',(#120),#1178,.T.);
#1253=ADVANCED_FACE('',(#121),#1179,.T.);
#1254=ADVANCED_FACE('',(#122),#1180,.T.);
#1255=ADVANCED_FACE('',(#123),#1181,.T.);
#1256=ADVANCED_FACE('',(#124),#1182,.T.);
#1257=ADVANCED_FACE('',(#125,#28,#29,#30),#1183,.T.);
#1258=ADVANCED_FACE('',(#126),#1184,.T.);
#1259=ADVANCED_FACE('',(#127),#1185,.T.);
#1260=ADVANCED_FACE('',(#128),#1186,.T.);
#1261=ADVANCED_FACE('',(#129),#1187,.T.);
#1262=ADVANCED_FACE('',(#130),#1188,.T.);
#1263=ADVANCED_FACE('',(#131),#1189,.T.);
#1264=ADVANCED_FACE('',(#132,#31,#32),#1190,.F.);
#1265=CLOSED_SHELL('',(#1191,#1192,#1193,#1194,#1195,#1196,#1197,#1198,
#1199,#1200,#1201,#1202,#1203,#1204,#1205,#1206,#1207,#1208,#1209,#1210,
#1211,#1212,#1213,#1214,#1215,#1216,#1217,#1218,#1219,#1220,#1221,#1222,
#1223,#1224,#1225,#1226,#1227,#1228,#1229,#1230,#1231,#1232,#1233,#1234,
#1235,#1236,#1237,#1238,#1239,#1240,#1241,#1242,#1243,#1244,#1245,#1246,
#1247,#1248,#1249,#1250,#1251,#1252,#1253,#1254,#1255,#1256,#1257,#1258,
#1259,#1260,#1261,#1262,#1263,#1264));
#1266=DERIVED_UNIT_ELEMENT(#1268,1.);
#1267=DERIVED_UNIT_ELEMENT(#2320,-3.);
#1268=(
MASS_UNIT()
NAMED_UNIT(*)
SI_UNIT(.KILO.,.GRAM.)
);
#1269=DERIVED_UNIT((#1266,#1267));
#1270=MEASURE_REPRESENTATION_ITEM('density measure',
POSITIVE_RATIO_MEASURE(7850.),#1269);
#1271=PROPERTY_DEFINITION_REPRESENTATION(#1276,#1273);
#1272=PROPERTY_DEFINITION_REPRESENTATION(#1277,#1274);
#1273=REPRESENTATION('material name',(#1275),#2317);
#1274=REPRESENTATION('density',(#1270),#2317);
#1275=DESCRIPTIVE_REPRESENTATION_ITEM('\X2\94A2\X0\','\X2\94A2\X0\');
#1276=PROPERTY_DEFINITION('material property','material name',#2327);
#1277=PROPERTY_DEFINITION('material property','density of part',#2327);
#1278=AXIS2_PLACEMENT_3D('',#1665,#1357,#1358);
#1279=AXIS2_PLACEMENT_3D('',#1666,#1359,#1360);
#1280=AXIS2_PLACEMENT_3D('',#1675,#1365,#1366);
#1281=AXIS2_PLACEMENT_3D('',#1681,#1370,#1371);
#1282=AXIS2_PLACEMENT_3D('',#1687,#1375,#1376);
#1283=AXIS2_PLACEMENT_3D('',#1690,#1379,#1380);
#1284=AXIS2_PLACEMENT_3D('',#1691,#1381,#1382);
#1285=AXIS2_PLACEMENT_3D('',#1704,#1389,#1390);
#1286=AXIS2_PLACEMENT_3D('',#1710,#1394,#1395);
#1287=AXIS2_PLACEMENT_3D('',#1743,#1405,#1406);
#1288=AXIS2_PLACEMENT_3D('',#1769,#1413,#1414);
#1289=AXIS2_PLACEMENT_3D('',#1771,#1415,#1416);
#1290=AXIS2_PLACEMENT_3D('',#1774,#1418,#1419);
#1291=AXIS2_PLACEMENT_3D('',#1775,#1420,#1421);
#1292=AXIS2_PLACEMENT_3D('',#1776,#1422,#1423);
#1293=AXIS2_PLACEMENT_3D('',#1778,#1424,#1425);
#1294=AXIS2_PLACEMENT_3D('',#1781,#1427,#1428);
#1295=AXIS2_PLACEMENT_3D('',#1782,#1429,#1430);
#1296=AXIS2_PLACEMENT_3D('',#1783,#1431,#1432);
#1297=AXIS2_PLACEMENT_3D('',#1792,#1437,#1438);
#1298=AXIS2_PLACEMENT_3D('',#1798,#1442,#1443);
#1299=AXIS2_PLACEMENT_3D('',#1804,#1447,#1448);
#1300=AXIS2_PLACEMENT_3D('',#1810,#1452,#1453);
#1301=AXIS2_PLACEMENT_3D('',#1816,#1457,#1458);
#1302=AXIS2_PLACEMENT_3D('',#1819,#1461,#1462);
#1303=AXIS2_PLACEMENT_3D('',#1820,#1463,#1464);
#1304=AXIS2_PLACEMENT_3D('',#1826,#1468,#1469);
#1305=AXIS2_PLACEMENT_3D('',#1830,#1472,#1473);
#1306=AXIS2_PLACEMENT_3D('',#1834,#1476,#1477);
#1307=AXIS2_PLACEMENT_3D('',#1838,#1480,#1481);
#1308=AXIS2_PLACEMENT_3D('',#1842,#1484,#1485);
#1309=AXIS2_PLACEMENT_3D('',#1844,#1487,#1488);
#1310=AXIS2_PLACEMENT_3D('',#2138,#1495,#1496);
#1311=AXIS2_PLACEMENT_3D('',#2147,#1501,#1502);
#1312=AXIS2_PLACEMENT_3D('',#2153,#1506,#1507);
#1313=AXIS2_PLACEMENT_3D('',#2159,#1511,#1512);
#1314=AXIS2_PLACEMENT_3D('',#2162,#1515,#1516);
#1315=AXIS2_PLACEMENT_3D('',#2163,#1517,#1518);
#1316=AXIS2_PLACEMENT_3D('',#2172,#1523,#1524);
#1317=AXIS2_PLACEMENT_3D('',#2178,#1528,#1529);
#1318=AXIS2_PLACEMENT_3D('',#2184,#1533,#1534);
#1319=AXIS2_PLACEMENT_3D('',#2187,#1537,#1538);
#1320=AXIS2_PLACEMENT_3D('',#2188,#1539,#1540);
#1321=AXIS2_PLACEMENT_3D('',#2190,#1541,#1542);
#1322=AXIS2_PLACEMENT_3D('',#2193,#1544,#1545);
#1323=AXIS2_PLACEMENT_3D('',#2194,#1546,#1547);
#1324=AXIS2_PLACEMENT_3D('',#2195,#1548,#1549);
#1325=AXIS2_PLACEMENT_3D('',#2197,#1550,#1551);
#1326=AXIS2_PLACEMENT_3D('',#2200,#1553,#1554);
#1327=AXIS2_PLACEMENT_3D('',#2201,#1555,#1556);
#1328=AXIS2_PLACEMENT_3D('',#2202,#1557,#1558);
#1329=AXIS2_PLACEMENT_3D('',#2204,#1559,#1560);
#1330=AXIS2_PLACEMENT_3D('',#2207,#1562,#1563);
#1331=AXIS2_PLACEMENT_3D('',#2208,#1564,#1565);
#1332=AXIS2_PLACEMENT_3D('',#2209,#1566,#1567);
#1333=AXIS2_PLACEMENT_3D('',#2211,#1568,#1569);
#1334=AXIS2_PLACEMENT_3D('',#2214,#1571,#1572);
#1335=AXIS2_PLACEMENT_3D('',#2215,#1573,#1574);
#1336=AXIS2_PLACEMENT_3D('',#2216,#1575,#1576);
#1337=AXIS2_PLACEMENT_3D('',#2225,#1581,#1582);
#1338=AXIS2_PLACEMENT_3D('',#2231,#1586,#1587);
#1339=AXIS2_PLACEMENT_3D('',#2237,#1591,#1592);
#1340=AXIS2_PLACEMENT_3D('',#2243,#1596,#1597);
#1341=AXIS2_PLACEMENT_3D('',#2249,#1601,#1602);
#1342=AXIS2_PLACEMENT_3D('',#2252,#1605,#1606);
#1343=AXIS2_PLACEMENT_3D('',#2253,#1607,#1608);
#1344=AXIS2_PLACEMENT_3D('',#2262,#1613,#1614);
#1345=AXIS2_PLACEMENT_3D('',#2268,#1618,#1619);
#1346=AXIS2_PLACEMENT_3D('',#2274,#1623,#1624);
#1347=AXIS2_PLACEMENT_3D('',#2280,#1628,#1629);
#1348=AXIS2_PLACEMENT_3D('',#2286,#1633,#1634);
#1349=AXIS2_PLACEMENT_3D('',#2289,#1637,#1638);
#1350=AXIS2_PLACEMENT_3D('',#2290,#1639,#1640);
#1351=AXIS2_PLACEMENT_3D('',#2296,#1644,#1645);
#1352=AXIS2_PLACEMENT_3D('',#2300,#1648,#1649);
#1353=AXIS2_PLACEMENT_3D('',#2304,#1652,#1653);
#1354=AXIS2_PLACEMENT_3D('',#2308,#1656,#1657);
#1355=AXIS2_PLACEMENT_3D('',#2312,#1660,#1661);
#1356=AXIS2_PLACEMENT_3D('',#2314,#1663,#1664);
#1357=DIRECTION('axis',(0.,0.,1.));
#1358=DIRECTION('refdir',(1.,0.,0.));
#1359=DIRECTION('center_axis',(0.,-1.,0.));
#1360=DIRECTION('ref_axis',(1.,0.,0.));
#1361=DIRECTION('',(-1.,0.,0.));
#1362=DIRECTION('',(0.,0.,1.));
#1363=DIRECTION('',(1.,0.,0.));
#1364=DIRECTION('',(0.,0.,1.));
#1365=DIRECTION('center_axis',(-1.,0.,0.));
#1366=DIRECTION('ref_axis',(0.,-1.,0.));
#1367=DIRECTION('',(0.,1.,0.));
#1368=DIRECTION('',(0.,-1.,0.));
#1369=DIRECTION('',(0.,0.,1.));
#1370=DIRECTION('center_axis',(0.,1.,0.));
#1371=DIRECTION('ref_axis',(-1.,0.,0.));
#1372=DIRECTION('',(1.,0.,0.));
#1373=DIRECTION('',(-1.,0.,0.));
#1374=DIRECTION('',(0.,0.,1.));
#1375=DIRECTION('center_axis',(1.,0.,0.));
#1376=DIRECTION('ref_axis',(0.,1.,0.));
#1377=DIRECTION('',(0.,-1.,0.));
#1378=DIRECTION('',(0.,1.,0.));
#1379=DIRECTION('center_axis',(0.,0.,1.));
#1380=DIRECTION('ref_axis',(1.,0.,0.));
#1381=DIRECTION('center_axis',(-0.902860518823773,3.76925771100537E-16,
-0.429933580392677));
#1382=DIRECTION('ref_axis',(-0.429933580392677,0.,0.902860518823773));
#1383=DIRECTION('',(9.40866970021319E-17,-1.,0.));
#1384=DIRECTION('',(-0.4173692135567,-0.239987297794129,0.876475348468246));
#1385=DIRECTION('',(-8.5401771125012E-17,-1.,0.));
#1386=DIRECTION('',(-0.383747117223463,-0.450902862736457,0.805868946168513));
#1387=DIRECTION('',(9.40866970021319E-17,-1.,0.));
#1388=DIRECTION('',(9.40866970021319E-17,-1.,0.));
#1389=DIRECTION('center_axis',(-2.23586051511166E-16,0.872683117168139,
0.488286982224286));
#1390=DIRECTION('ref_axis',(0.,-0.488286982224286,0.872683117168139));
#1391=DIRECTION('',(-1.,-2.56205313375036E-16,0.));
#1392=DIRECTION('',(1.,9.86864910777917E-16,0.));
#1393=DIRECTION('',(0.383747117222846,-0.450902862736582,0.805868946168736));
#1394=DIRECTION('center_axis',(0.902860518824088,7.63782567097167E-16,-0.429933580392017));
#1395=DIRECTION('ref_axis',(-0.429933580392017,0.,-0.902860518824088));
#1396=DIRECTION('',(-2.82260091006396E-16,1.,0.));
#1397=DIRECTION('',(5.97812397875084E-16,-1.,0.));
#1398=DIRECTION('',(0.417369213556051,-0.239987297794208,0.876475348468534));
#1399=DIRECTION('',(-2.82260091006396E-16,1.,0.));
#1400=DIRECTION('',(-2.82260091006396E-16,1.,0.));
#1401=DIRECTION('',(1.,-8.5401771125012E-17,0.));
#1402=DIRECTION('',(-0.565528355551528,-0.824728851845978,0.));
#1403=DIRECTION('',(-0.565528355551528,-0.824728851845978,0.));
#1404=DIRECTION('',(0.0128760940013998,0.480274804623211,0.877023556267107));
#1405=DIRECTION('center_axis',(-2.21720257204001E-16,-0.877096267841187,
0.48031462286616));
#1406=DIRECTION('ref_axis',(0.,-0.48031462286616,-0.877096267841187));
#1407=DIRECTION('',(1.,-8.5401771125012E-17,0.));
#1408=DIRECTION('',(-1.,9.25185853854297E-17,0.));
#1409=DIRECTION('',(-0.0128760940021871,0.480274804623206,0.877023556267098));
#1410=DIRECTION('',(1.,-8.5401771125012E-17,0.));
#1411=DIRECTION('',(0.565528355551528,-0.824728851845977,0.));
#1412=DIRECTION('',(0.565528355551528,-0.824728851845977,0.));
#1413=DIRECTION('center_axis',(0.,0.,1.));
#1414=DIRECTION('ref_axis',(1.,0.,0.));
#1415=DIRECTION('center_axis',(0.,0.,1.));
#1416=DIRECTION('ref_axis',(1.,0.,0.));
#1417=DIRECTION('',(0.,0.,-1.));
#1418=DIRECTION('center_axis',(0.,0.,-1.));
#1419=DIRECTION('ref_axis',(1.,0.,0.));
#1420=DIRECTION('center_axis',(0.,0.,1.));
#1421=DIRECTION('ref_axis',(1.,0.,0.));
#1422=DIRECTION('center_axis',(0.,0.,1.));
#1423=DIRECTION('ref_axis',(1.,0.,0.));
#1424=DIRECTION('center_axis',(0.,0.,1.));
#1425=DIRECTION('ref_axis',(1.,0.,0.));
#1426=DIRECTION('',(0.,0.,-1.));
#1427=DIRECTION('center_axis',(0.,0.,-1.));
#1428=DIRECTION('ref_axis',(1.,0.,0.));
#1429=DIRECTION('center_axis',(0.,0.,1.));
#1430=DIRECTION('ref_axis',(1.,0.,0.));
#1431=DIRECTION('center_axis',(0.824728851845977,0.565528355551528,0.));
#1432=DIRECTION('ref_axis',(-0.565528355551528,0.824728851845977,0.));
#1433=DIRECTION('',(0.565528355551528,-0.824728851845977,0.));
#1434=DIRECTION('',(0.,0.,-1.));
#1435=DIRECTION('',(0.565528355551528,-0.824728851845977,0.));
#1436=DIRECTION('',(0.,0.,1.));
#1437=DIRECTION('center_axis',(1.,-8.5401771125012E-17,0.));
#1438=DIRECTION('ref_axis',(8.5401771125012E-17,1.,0.));
#1439=DIRECTION('',(-8.5401771125012E-17,-1.,0.));
#1440=DIRECTION('',(0.,0.,-1.));
#1441=DIRECTION('',(-8.5401771125012E-17,-1.,0.));
#1442=DIRECTION('center_axis',(9.86864910777917E-16,-1.,0.));
#1443=DIRECTION('ref_axis',(1.,9.86864910777917E-16,0.));
#1444=DIRECTION('',(-1.,-9.86864910777917E-16,0.));
#1445=DIRECTION('',(0.,0.,-1.));
#1446=DIRECTION('',(-1.,-9.86864910777917E-16,0.));
#1447=DIRECTION('center_axis',(-1.,-5.97812397875084E-16,0.));
#1448=DIRECTION('ref_axis',(5.97812397875084E-16,-1.,0.));
#1449=DIRECTION('',(-5.97812397875084E-16,1.,0.));
#1450=DIRECTION('',(0.,0.,-1.));
#1451=DIRECTION('',(-5.97812397875084E-16,1.,0.));
#1452=DIRECTION('center_axis',(-0.824728851845978,0.565528355551528,0.));
#1453=DIRECTION('ref_axis',(-0.565528355551528,-0.824728851845978,0.));
#1454=DIRECTION('',(0.565528355551528,0.824728851845978,0.));
#1455=DIRECTION('',(0.,0.,-1.));
#1456=DIRECTION('',(0.565528355551528,0.824728851845978,0.));
#1457=DIRECTION('center_axis',(9.25185853854297E-17,1.,0.));
#1458=DIRECTION('ref_axis',(-1.,9.25185853854297E-17,0.));
#1459=DIRECTION('',(1.,-9.25185853854297E-17,0.));
#1460=DIRECTION('',(1.,-9.25185853854297E-17,0.));
#1461=DIRECTION('center_axis',(0.,0.,1.));
#1462=DIRECTION('ref_axis',(1.,0.,0.));
#1463=DIRECTION('center_axis',(0.824728851845977,0.565528355551528,0.));
#1464=DIRECTION('ref_axis',(-0.565528355551528,0.824728851845977,0.));
#1465=DIRECTION('',(0.,0.,1.));
#1466=DIRECTION('',(-0.565528355551528,0.824728851845977,0.));
#1467=DIRECTION('',(0.,0.,1.));
#1468=DIRECTION('center_axis',(1.,-8.5401771125012E-17,0.));
#1469=DIRECTION('ref_axis',(8.5401771125012E-17,1.,0.));
#1470=DIRECTION('',(8.5401771125012E-17,1.,0.));
#1471=DIRECTION('',(0.,0.,1.));
#1472=DIRECTION('center_axis',(9.86864910777917E-16,-1.,0.));
#1473=DIRECTION('ref_axis',(1.,9.86864910777917E-16,0.));
#1474=DIRECTION('',(1.,9.86864910777917E-16,0.));
#1475=DIRECTION('',(0.,0.,1.));
#1476=DIRECTION('center_axis',(-1.,-5.97812397875084E-16,0.));
#1477=DIRECTION('ref_axis',(5.97812397875084E-16,-1.,0.));
#1478=DIRECTION('',(5.97812397875084E-16,-1.,0.));
#1479=DIRECTION('',(0.,0.,1.));
#1480=DIRECTION('center_axis',(-0.824728851845978,0.565528355551528,0.));
#1481=DIRECTION('ref_axis',(-0.565528355551528,-0.824728851845978,0.));
#1482=DIRECTION('',(-0.565528355551528,-0.824728851845978,0.));
#1483=DIRECTION('',(0.,0.,1.));
#1484=DIRECTION('center_axis',(9.25185853854297E-17,1.,0.));
#1485=DIRECTION('ref_axis',(-1.,9.25185853854297E-17,0.));
#1486=DIRECTION('',(-1.,9.25185853854297E-17,0.));
#1487=DIRECTION('center_axis',(0.,0.,1.));
#1488=DIRECTION('ref_axis',(1.,0.,0.));
#1489=DIRECTION('',(-1.,0.,0.));
#1490=DIRECTION('',(-0.494009407609526,0.869456557392769,0.));
#1491=DIRECTION('',(-5.55111512312578E-16,1.,0.));
#1492=DIRECTION('',(1.,9.14301314397188E-16,0.));
#1493=DIRECTION('',(-5.55111512312578E-16,-1.,0.));
#1494=DIRECTION('',(-0.494009407609526,-0.869456557392769,0.));
#1495=DIRECTION('center_axis',(1.,0.,0.));
#1496=DIRECTION('ref_axis',(0.,-1.,0.));
#1497=DIRECTION('',(0.,1.,0.));
#1498=DIRECTION('',(0.,0.,-1.));
#1499=DIRECTION('',(0.,-1.,0.));
#1500=DIRECTION('',(0.,0.,-1.));
#1501=DIRECTION('center_axis',(0.,1.,0.));
#1502=DIRECTION('ref_axis',(1.,0.,0.));
#1503=DIRECTION('',(-1.,0.,0.));
#1504=DIRECTION('',(1.,0.,0.));
#1505=DIRECTION('',(0.,0.,-1.));
#1506=DIRECTION('center_axis',(-1.,0.,0.));
#1507=DIRECTION('ref_axis',(0.,1.,0.));
#1508=DIRECTION('',(0.,-1.,0.));
#1509=DIRECTION('',(0.,1.,0.));
#1510=DIRECTION('',(0.,0.,-1.));
#1511=DIRECTION('center_axis',(0.,-1.,0.));
#1512=DIRECTION('ref_axis',(-1.,0.,0.));
#1513=DIRECTION('',(1.,0.,0.));
#1514=DIRECTION('',(-1.,0.,0.));
#1515=DIRECTION('center_axis',(0.,0.,-1.));
#1516=DIRECTION('ref_axis',(-1.,0.,0.));
#1517=DIRECTION('center_axis',(5.55111512312578E-16,-1.,0.));
#1518=DIRECTION('ref_axis',(-1.,-5.55111512312578E-16,0.));
#1519=DIRECTION('',(1.,5.55111512312578E-16,0.));
#1520=DIRECTION('',(0.,0.,-1.));
#1521=DIRECTION('',(-1.,-5.55111512312578E-16,0.));
#1522=DIRECTION('',(0.,0.,-1.));
#1523=DIRECTION('center_axis',(1.,1.85037170770859E-15,0.));
#1524=DIRECTION('ref_axis',(1.85037170770859E-15,-1.,0.));
#1525=DIRECTION('',(-1.85037170770859E-15,1.,0.));
#1526=DIRECTION('',(1.85037170770859E-15,-1.,0.));
#1527=DIRECTION('',(0.,0.,-1.));
#1528=DIRECTION('center_axis',(-5.55111512312579E-16,1.,0.));
#1529=DIRECTION('ref_axis',(1.,5.55111512312579E-16,0.));
#1530=DIRECTION('',(-1.,-5.55111512312579E-16,0.));
#1531=DIRECTION('',(1.,5.55111512312579E-16,0.));
#1532=DIRECTION('',(0.,0.,-1.));
#1533=DIRECTION('center_axis',(-1.,-4.62592926927148E-16,0.));
#1534=DIRECTION('ref_axis',(-4.62592926927148E-16,1.,0.));
#1535=DIRECTION('',(4.62592926927148E-16,-1.,0.));
#1536=DIRECTION('',(-4.62592926927148E-16,1.,0.));
#1537=DIRECTION('center_axis',(0.,0.,-1.));
#1538=DIRECTION('ref_axis',(-1.,0.,0.));
#1539=DIRECTION('center_axis',(0.,0.,1.));
#1540=DIRECTION('ref_axis',(1.,0.,0.));
#1541=DIRECTION('center_axis',(0.,0.,1.));
#1542=DIRECTION('ref_axis',(1.,0.,0.));
#1543=DIRECTION('',(0.,0.,1.));
#1544=DIRECTION('center_axis',(0.,0.,1.));
#1545=DIRECTION('ref_axis',(1.,0.,0.));
#1546=DIRECTION('center_axis',(0.,0.,-1.));
#1547=DIRECTION('ref_axis',(1.,0.,0.));
#1548=DIRECTION('center_axis',(0.,0.,1.));
#1549=DIRECTION('ref_axis',(1.,0.,0.));
#1550=DIRECTION('center_axis',(0.,0.,1.));
#1551=DIRECTION('ref_axis',(1.,0.,0.));
#1552=DIRECTION('',(0.,0.,1.));
#1553=DIRECTION('center_axis',(0.,0.,1.));
#1554=DIRECTION('ref_axis',(1.,0.,0.));
#1555=DIRECTION('center_axis',(0.,0.,-1.));
#1556=DIRECTION('ref_axis',(1.,0.,0.));
#1557=DIRECTION('center_axis',(0.,0.,1.));
#1558=DIRECTION('ref_axis',(1.,0.,0.));
#1559=DIRECTION('center_axis',(0.,0.,1.));
#1560=DIRECTION('ref_axis',(1.,0.,0.));
#1561=DIRECTION('',(0.,0.,1.));
#1562=DIRECTION('center_axis',(0.,0.,1.));
#1563=DIRECTION('ref_axis',(1.,0.,0.));
#1564=DIRECTION('center_axis',(0.,0.,-1.));
#1565=DIRECTION('ref_axis',(1.,0.,0.));
#1566=DIRECTION('center_axis',(0.,0.,1.));
#1567=DIRECTION('ref_axis',(1.,0.,0.));
#1568=DIRECTION('center_axis',(0.,0.,1.));
#1569=DIRECTION('ref_axis',(1.,0.,0.));
#1570=DIRECTION('',(0.,0.,1.));
#1571=DIRECTION('center_axis',(0.,0.,1.));
#1572=DIRECTION('ref_axis',(1.,0.,0.));
#1573=DIRECTION('center_axis',(0.,0.,-1.));
#1574=DIRECTION('ref_axis',(1.,0.,0.));
#1575=DIRECTION('center_axis',(0.869456557392769,0.494009407609526,0.));
#1576=DIRECTION('ref_axis',(0.494009407609526,-0.869456557392769,0.));
#1577=DIRECTION('',(-0.494009407609526,0.869456557392769,0.));
#1578=DIRECTION('',(0.,0.,-1.));
#1579=DIRECTION('',(0.494009407609526,-0.869456557392769,0.));
#1580=DIRECTION('',(0.,0.,-1.));
#1581=DIRECTION('center_axis',(0.,1.,0.));
#1582=DIRECTION('ref_axis',(1.,0.,0.));
#1583=DIRECTION('',(-1.,0.,0.));
#1584=DIRECTION('',(1.,0.,0.));
#1585=DIRECTION('',(0.,0.,-1.));
#1586=DIRECTION('center_axis',(-0.869456557392769,0.494009407609526,0.));
#1587=DIRECTION('ref_axis',(0.494009407609526,0.869456557392769,0.));
#1588=DIRECTION('',(-0.494009407609526,-0.869456557392769,0.));
#1589=DIRECTION('',(0.494009407609526,0.869456557392769,0.));
#1590=DIRECTION('',(0.,0.,-1.));
#1591=DIRECTION('center_axis',(-1.,6.34413156928661E-16,0.));
#1592=DIRECTION('ref_axis',(6.34413156928661E-16,1.,0.));
#1593=DIRECTION('',(-6.34413156928661E-16,-1.,0.));
#1594=DIRECTION('',(6.34413156928661E-16,1.,0.));
#1595=DIRECTION('',(0.,0.,-1.));
#1596=DIRECTION('center_axis',(3.08395284618099E-16,-1.,0.));
#1597=DIRECTION('ref_axis',(-1.,-3.08395284618099E-16,0.));
#1598=DIRECTION('',(1.,3.08395284618099E-16,0.));
#1599=DIRECTION('',(-1.,-3.08395284618099E-16,0.));
#1600=DIRECTION('',(0.,0.,-1.));
#1601=DIRECTION('center_axis',(1.,3.40336224810688E-16,0.));
#1602=DIRECTION('ref_axis',(3.40336224810688E-16,-1.,0.));
#1603=DIRECTION('',(-3.40336224810688E-16,1.,0.));
#1604=DIRECTION('',(3.40336224810688E-16,-1.,0.));
#1605=DIRECTION('center_axis',(0.,0.,-1.));
#1606=DIRECTION('ref_axis',(-1.,0.,0.));
#1607=DIRECTION('center_axis',(0.869456557392769,0.494009407609526,0.));
#1608=DIRECTION('ref_axis',(0.494009407609526,-0.869456557392769,0.));
#1609=DIRECTION('',(-0.494009407609526,0.869456557392769,0.));
#1610=DIRECTION('',(0.,0.,-1.));
#1611=DIRECTION('',(0.494009407609526,-0.869456557392769,0.));
#1612=DIRECTION('',(0.,0.,-1.));
#1613=DIRECTION('center_axis',(0.,1.,0.));
#1614=DIRECTION('ref_axis',(1.,0.,0.));
#1615=DIRECTION('',(-1.,0.,0.));
#1616=DIRECTION('',(1.,0.,0.));
#1617=DIRECTION('',(0.,0.,-1.));
#1618=DIRECTION('center_axis',(-0.869456557392769,0.494009407609526,0.));
#1619=DIRECTION('ref_axis',(0.494009407609526,0.869456557392769,0.));
#1620=DIRECTION('',(-0.494009407609526,-0.869456557392769,0.));
#1621=DIRECTION('',(0.494009407609526,0.869456557392769,0.));
#1622=DIRECTION('',(0.,0.,-1.));
#1623=DIRECTION('center_axis',(-1.,3.40336224810688E-16,0.));
#1624=DIRECTION('ref_axis',(3.40336224810688E-16,1.,0.));
#1625=DIRECTION('',(-3.40336224810688E-16,-1.,0.));
#1626=DIRECTION('',(3.40336224810688E-16,1.,0.));
#1627=DIRECTION('',(0.,0.,-1.));
#1628=DIRECTION('center_axis',(3.08395284618099E-16,-1.,0.));
#1629=DIRECTION('ref_axis',(-1.,-3.08395284618099E-16,0.));
#1630=DIRECTION('',(1.,3.08395284618099E-16,0.));
#1631=DIRECTION('',(-1.,-3.08395284618099E-16,0.));
#1632=DIRECTION('',(0.,0.,-1.));
#1633=DIRECTION('center_axis',(1.,6.34413156928661E-16,0.));
#1634=DIRECTION('ref_axis',(6.34413156928661E-16,-1.,0.));
#1635=DIRECTION('',(-6.34413156928661E-16,1.,0.));
#1636=DIRECTION('',(6.34413156928661E-16,-1.,0.));
#1637=DIRECTION('center_axis',(0.,0.,-1.));
#1638=DIRECTION('ref_axis',(-1.,0.,0.));
#1639=DIRECTION('center_axis',(0.869456557392769,0.494009407609526,0.));
#1640=DIRECTION('ref_axis',(-0.494009407609526,0.869456557392769,0.));
#1641=DIRECTION('',(0.494009407609526,-0.869456557392769,0.));
#1642=DIRECTION('',(0.,0.,1.));
#1643=DIRECTION('',(0.,0.,1.));
#1644=DIRECTION('center_axis',(1.,5.55111512312578E-16,0.));
#1645=DIRECTION('ref_axis',(-5.55111512312578E-16,1.,0.));
#1646=DIRECTION('',(5.55111512312578E-16,-1.,0.));
#1647=DIRECTION('',(0.,0.,1.));
#1648=DIRECTION('center_axis',(9.14301314397188E-16,-1.,0.));
#1649=DIRECTION('ref_axis',(1.,9.14301314397188E-16,0.));
#1650=DIRECTION('',(1.,9.14301314397188E-16,0.));
#1651=DIRECTION('',(0.,0.,1.));
#1652=DIRECTION('center_axis',(-1.,5.55111512312578E-16,0.));
#1653=DIRECTION('ref_axis',(-5.55111512312578E-16,-1.,0.));
#1654=DIRECTION('',(-5.55111512312578E-16,-1.,0.));
#1655=DIRECTION('',(0.,0.,1.));
#1656=DIRECTION('center_axis',(-0.869456557392769,0.494009407609526,0.));
#1657=DIRECTION('ref_axis',(-0.494009407609526,-0.869456557392769,0.));
#1658=DIRECTION('',(-0.494009407609526,-0.869456557392769,0.));
#1659=DIRECTION('',(0.,0.,1.));
#1660=DIRECTION('center_axis',(0.,1.,0.));
#1661=DIRECTION('ref_axis',(-1.,0.,0.));
#1662=DIRECTION('',(-1.,0.,0.));
#1663=DIRECTION('center_axis',(0.,0.,1.));
#1664=DIRECTION('ref_axis',(1.,0.,0.));
#1665=CARTESIAN_POINT('',(0.,0.,0.));
#1666=CARTESIAN_POINT('Origin',(-2.,-0.6,16.7));
#1667=CARTESIAN_POINT('',(2.,-0.6,17.7));
#1668=CARTESIAN_POINT('',(-2.,-0.6,17.7));
#1669=CARTESIAN_POINT('',(-1.,-0.6,17.7));
#1670=CARTESIAN_POINT('',(2.,-0.6,16.7));
#1671=CARTESIAN_POINT('',(2.,-0.6,16.7));
#1672=CARTESIAN_POINT('',(-2.,-0.6,16.7));
#1673=CARTESIAN_POINT('',(-2.,-0.6,16.7));
#1674=CARTESIAN_POINT('',(-2.,-0.6,16.7));
#1675=CARTESIAN_POINT('Origin',(-2.,0.6,16.7));
#1676=CARTESIAN_POINT('',(-2.,0.6,17.7));
#1677=CARTESIAN_POINT('',(-2.,0.287499999999998,17.7));
#1678=CARTESIAN_POINT('',(-2.,0.6,16.7));
#1679=CARTESIAN_POINT('',(-2.,0.6,16.7));
#1680=CARTESIAN_POINT('',(-2.,0.6,16.7));
#1681=CARTESIAN_POINT('Origin',(2.,0.6,16.7));
#1682=CARTESIAN_POINT('',(2.,0.6,17.7));
#1683=CARTESIAN_POINT('',(1.,0.6,17.7));
#1684=CARTESIAN_POINT('',(2.,0.6,16.7));
#1685=CARTESIAN_POINT('',(2.,0.6,16.7));
#1686=CARTESIAN_POINT('',(2.,0.6,16.7));
#1687=CARTESIAN_POINT('Origin',(2.,-0.6,16.7));
#1688=CARTESIAN_POINT('',(2.,-0.312500000000002,17.7));
#1689=CARTESIAN_POINT('',(2.,-0.6,16.7));
#1690=CARTESIAN_POINT('Origin',(0.,0.,16.7));
#1691=CARTESIAN_POINT('Origin',(6.50000000000188,5.89999999999642,12.5));
#1692=CARTESIAN_POINT('',(6.50000000000188,5.89999999999642,12.5));
#1693=CARTESIAN_POINT('',(6.50000000000188,4.14561672790813,12.5));
#1694=CARTESIAN_POINT('',(6.50000000000188,5.89999999999642,12.5));
#1695=CARTESIAN_POINT('',(4.5,4.75,16.7));
#1696=CARTESIAN_POINT('',(6.50000000000188,5.89999999999642,12.5));
#1697=CARTESIAN_POINT('',(4.5,-8.25,16.7));
#1698=CARTESIAN_POINT('',(4.5,4.75,16.7));
#1699=CARTESIAN_POINT('',(6.50000000000188,-5.90000000000358,12.5));
#1700=CARTESIAN_POINT('',(6.50000000000188,-5.90000000000358,12.5));
#1701=CARTESIAN_POINT('',(6.50000000000188,2.39980958009809,12.5));
#1702=CARTESIAN_POINT('',(6.50000000000188,5.89999999999642,12.5));
#1703=CARTESIAN_POINT('',(6.50000000000188,5.89999999999642,12.5));
#1704=CARTESIAN_POINT('Origin',(6.50000000000188,-5.90000000000358,12.5));
#1705=CARTESIAN_POINT('',(-6.49999999999811,-5.90000000000359,12.5));
#1706=CARTESIAN_POINT('',(6.50000000000188,-5.90000000000358,12.5));
#1707=CARTESIAN_POINT('',(-4.5,-8.25000000000001,16.7));
#1708=CARTESIAN_POINT('',(-4.5,-8.25000000000001,16.7));
#1709=CARTESIAN_POINT('',(-6.49999999999811,-5.90000000000359,12.5));
#1710=CARTESIAN_POINT('Origin',(-6.49999999999811,-5.90000000000359,12.5));
#1711=CARTESIAN_POINT('',(-6.49999999999812,2.39980958009809,12.5));
#1712=CARTESIAN_POINT('',(-6.49999999999811,-5.90000000000359,12.5));
#1713=CARTESIAN_POINT('',(-4.50000000000001,4.75,16.7));
#1714=CARTESIAN_POINT('',(-4.50000000000001,4.75,16.7));
#1715=CARTESIAN_POINT('',(-6.49999999999812,5.89999999999641,12.5));
#1716=CARTESIAN_POINT('',(-6.49999999999812,5.89999999999642,12.5));
#1717=CARTESIAN_POINT('',(-6.49999999999812,4.14561672791433,12.5));
#1718=CARTESIAN_POINT('',(-6.49999999999811,-5.90000000000359,12.5));
#1719=CARTESIAN_POINT('',(-6.49999999999811,-5.90000000000359,12.5));
#1720=CARTESIAN_POINT('Ctrl Pts',(-6.49999999999812,5.89999999999642,12.5));
#1721=CARTESIAN_POINT('Ctrl Pts',(-5.83333333333208,5.51666666666428,13.9));
#1722=CARTESIAN_POINT('Ctrl Pts',(-5.16666666666604,5.13333333333214,15.3));
#1723=CARTESIAN_POINT('Ctrl Pts',(-4.50000000000001,4.75,16.7));
#1724=CARTESIAN_POINT('Ctrl Pts',(-5.06531612074852,5.89999999999642,12.5));
#1725=CARTESIAN_POINT('Ctrl Pts',(-4.6140202709752,5.89999999999761,13.9));
#1726=CARTESIAN_POINT('Ctrl Pts',(-4.16272442120189,5.8999999999988,15.3));
#1727=CARTESIAN_POINT('Ctrl Pts',(-3.71142857142858,5.9,16.7));
#1728=CARTESIAN_POINT('Ctrl Pts',(-3.63063224149891,5.89999999999642,12.5));
#1729=CARTESIAN_POINT('Ctrl Pts',(-3.39470720861832,6.28333333333094,13.9));
#1730=CARTESIAN_POINT('Ctrl Pts',(-3.15878217573774,6.66666666666547,15.3));
#1731=CARTESIAN_POINT('Ctrl Pts',(-2.92285714285715,7.05,16.7));
#1732=CARTESIAN_POINT('Ctrl Pts',(-2.19594836224931,5.89999999999642,12.5));
#1733=CARTESIAN_POINT('Ctrl Pts',(-2.17539414626145,6.66666666666428,13.9));
#1734=CARTESIAN_POINT('Ctrl Pts',(-2.15483993027358,7.43333333333214,15.3));
#1735=CARTESIAN_POINT('Ctrl Pts',(-2.13428571428572,8.2,16.7));
#1736=CARTESIAN_POINT('',(-2.19594836224931,5.89999999999642,12.5));
#1737=CARTESIAN_POINT('',(-6.49999999999812,5.89999999999642,12.5));
#1738=CARTESIAN_POINT('',(-2.96726670111553,6.98523606087319,16.7));
#1739=CARTESIAN_POINT('',(-2.1,8.25,16.7));
#1740=CARTESIAN_POINT('',(-2.13428571428572,8.2,16.7));
#1741=CARTESIAN_POINT('',(-2.1,8.25,16.7));
#1742=CARTESIAN_POINT('',(-2.19594836224931,5.89999999999642,12.5));
#1743=CARTESIAN_POINT('Origin',(-2.19594836224931,5.89999999999642,12.5));
#1744=CARTESIAN_POINT('',(2.19594836225308,5.89999999999642,12.5));
#1745=CARTESIAN_POINT('',(-6.49999999999812,5.89999999999642,12.5));
#1746=CARTESIAN_POINT('',(2.13428571428571,8.2,16.7));
#1747=CARTESIAN_POINT('',(6.,8.2,16.7));
#1748=CARTESIAN_POINT('',(2.19594836225308,5.89999999999642,12.5));
#1749=CARTESIAN_POINT('Ctrl Pts',(2.19594836225308,5.89999999999642,12.5));
#1750=CARTESIAN_POINT('Ctrl Pts',(2.17539414626396,6.66666666666428,13.9));
#1751=CARTESIAN_POINT('Ctrl Pts',(2.15483993027484,7.43333333333214,15.3));
#1752=CARTESIAN_POINT('Ctrl Pts',(2.13428571428571,8.2,16.7));
#1753=CARTESIAN_POINT('Ctrl Pts',(3.63063224150268,5.89999999999642,12.5));
#1754=CARTESIAN_POINT('Ctrl Pts',(3.39470720862084,6.28333333333094,13.9));
#1755=CARTESIAN_POINT('Ctrl Pts',(3.15878217573899,6.66666666666547,15.3));
#1756=CARTESIAN_POINT('Ctrl Pts',(2.92285714285714,7.05,16.7));
#1757=CARTESIAN_POINT('Ctrl Pts',(5.06531612075228,5.89999999999642,12.5));
#1758=CARTESIAN_POINT('Ctrl Pts',(4.61402027097771,5.89999999999761,13.9));
#1759=CARTESIAN_POINT('Ctrl Pts',(4.16272442120314,5.8999999999988,15.3));
#1760=CARTESIAN_POINT('Ctrl Pts',(3.71142857142857,5.9,16.7));
#1761=CARTESIAN_POINT('Ctrl Pts',(6.50000000000188,5.89999999999642,12.5));
#1762=CARTESIAN_POINT('Ctrl Pts',(5.83333333333459,5.51666666666428,13.9));
#1763=CARTESIAN_POINT('Ctrl Pts',(5.1666666666673,5.13333333333214,15.3));
#1764=CARTESIAN_POINT('Ctrl Pts',(4.5,4.75,16.7));
#1765=CARTESIAN_POINT('',(-6.49999999999812,5.89999999999642,12.5));
#1766=CARTESIAN_POINT('',(2.96726670111346,6.98523606087621,16.7));
#1767=CARTESIAN_POINT('',(2.1,8.25,16.7));
#1768=CARTESIAN_POINT('',(2.1,8.25,16.7));
#1769=CARTESIAN_POINT('Origin',(-9.8532464406564E-16,5.12359724093914,16.7));
#1770=CARTESIAN_POINT('',(-1.75,5.12359724093914,31.7));
#1771=CARTESIAN_POINT('Origin',(-9.8532464406564E-16,5.12359724093914,31.7));
#1772=CARTESIAN_POINT('',(-1.75,5.12359724093914,17.7));
#1773=CARTESIAN_POINT('',(-1.75,5.12359724093914,16.7));
#1774=CARTESIAN_POINT('Origin',(-9.8532464406564E-16,5.12359724093914,17.7));
#1775=CARTESIAN_POINT('Origin',(-1.11022302462516E-15,5.12359724093914,
31.7));
#1776=CARTESIAN_POINT('Origin',(2.22044604925031E-15,-5.12359724093914,
16.7));
#1777=CARTESIAN_POINT('',(-1.75,-5.12359724093914,31.7));
#1778=CARTESIAN_POINT('Origin',(2.22044604925031E-15,-5.12359724093914,
31.7));
#1779=CARTESIAN_POINT('',(-1.75,-5.12359724093914,17.7));
#1780=CARTESIAN_POINT('',(-1.75,-5.12359724093914,16.7));
#1781=CARTESIAN_POINT('Origin',(2.22044604925031E-15,-5.12359724093914,
17.7));
#1782=CARTESIAN_POINT('Origin',(2.22044604925031E-15,-5.12359724093914,
31.7));
#1783=CARTESIAN_POINT('Origin',(3.67527114815403,4.18447164444847,16.7));
#1784=CARTESIAN_POINT('',(1.60748027577583,7.2,17.7));
#1785=CARTESIAN_POINT('',(3.5,4.44007540217309,17.7));
#1786=CARTESIAN_POINT('',(4.06921895492804,3.60996442623637,17.7));
#1787=CARTESIAN_POINT('',(3.5,4.44007540217309,32.8));
#1788=CARTESIAN_POINT('',(3.5,4.44007540217309,16.7));
#1789=CARTESIAN_POINT('',(1.60748027577583,7.2,32.8));
#1790=CARTESIAN_POINT('',(4.06921895492804,3.60996442623637,32.8));
#1791=CARTESIAN_POINT('',(1.60748027577583,7.2,16.7));
#1792=CARTESIAN_POINT('Origin',(3.5,-8.25,16.7));
#1793=CARTESIAN_POINT('',(3.5,-7.25,17.7));
#1794=CARTESIAN_POINT('',(3.5,-4.1375,17.7));
#1795=CARTESIAN_POINT('',(3.5,-7.25,32.8));
#1796=CARTESIAN_POINT('',(3.5,-7.25,16.7));
#1797=CARTESIAN_POINT('',(3.5,-4.1375,32.8));
#1798=CARTESIAN_POINT('Origin',(-4.5,-7.25000000000001,16.7));
#1799=CARTESIAN_POINT('',(-3.5,-7.25000000000001,17.7));
#1800=CARTESIAN_POINT('',(-2.25,-7.25,17.7));
#1801=CARTESIAN_POINT('',(-3.5,-7.25000000000001,32.8));
#1802=CARTESIAN_POINT('',(-3.5,-7.25000000000001,16.7));
#1803=CARTESIAN_POINT('',(-2.25,-7.25,32.8));
#1804=CARTESIAN_POINT('Origin',(-3.50000000000001,4.75,16.7));
#1805=CARTESIAN_POINT('',(-3.50000000000001,4.44007540217309,17.7));
#1806=CARTESIAN_POINT('',(-3.5,2.3625,17.7));
#1807=CARTESIAN_POINT('',(-3.50000000000001,4.44007540217309,32.8));
#1808=CARTESIAN_POINT('',(-3.50000000000001,4.44007540217309,16.7));
#1809=CARTESIAN_POINT('',(-3.5,2.3625,32.8));
#1810=CARTESIAN_POINT('Origin',(-1.30955686243974,7.63447164444847,16.7));
#1811=CARTESIAN_POINT('',(-1.60748027577584,7.2,17.7));
#1812=CARTESIAN_POINT('',(-2.8863618120709,5.33496442623637,17.7));
#1813=CARTESIAN_POINT('',(-1.60748027577584,7.2,32.8));
#1814=CARTESIAN_POINT('',(-1.60748027577584,7.2,16.7));
#1815=CARTESIAN_POINT('',(-2.8863618120709,5.33496442623637,32.8));
#1816=CARTESIAN_POINT('Origin',(2.13428571428571,7.2,16.7));
#1817=CARTESIAN_POINT('',(1.06714285714286,7.2,17.7));
#1818=CARTESIAN_POINT('',(1.06714285714286,7.2,32.8));
#1819=CARTESIAN_POINT('Origin',(-1.11022302462516E-15,-0.0250000000000039,
17.7));
#1820=CARTESIAN_POINT('Origin',(4.5,4.75,16.7));
#1821=CARTESIAN_POINT('',(2.13428571428571,8.2,32.8));
#1822=CARTESIAN_POINT('',(2.13428571428571,8.2,16.7));
#1823=CARTESIAN_POINT('',(4.5,4.75,32.8));
#1824=CARTESIAN_POINT('',(2.1,8.25,32.8));
#1825=CARTESIAN_POINT('',(4.5,4.75,16.7));
#1826=CARTESIAN_POINT('Origin',(4.5,-8.25,16.7));
#1827=CARTESIAN_POINT('',(4.5,-8.25,32.8));
#1828=CARTESIAN_POINT('',(4.5,4.75,32.8));
#1829=CARTESIAN_POINT('',(4.5,-8.25,16.7));
#1830=CARTESIAN_POINT('Origin',(-4.5,-8.25000000000001,16.7));
#1831=CARTESIAN_POINT('',(-4.5,-8.25000000000001,32.8));
#1832=CARTESIAN_POINT('',(-4.5,-8.25000000000001,32.8));
#1833=CARTESIAN_POINT('',(-4.5,-8.25000000000001,16.7));
#1834=CARTESIAN_POINT('Origin',(-4.50000000000001,4.75,16.7));
#1835=CARTESIAN_POINT('',(-4.50000000000001,4.75,32.8));
#1836=CARTESIAN_POINT('',(-4.50000000000001,4.75,32.8));
#1837=CARTESIAN_POINT('',(-4.50000000000001,4.75,16.7));
#1838=CARTESIAN_POINT('Origin',(-2.13428571428572,8.2,16.7));
#1839=CARTESIAN_POINT('',(-2.13428571428572,8.2,32.8));
#1840=CARTESIAN_POINT('',(-2.1,8.25,32.8));
#1841=CARTESIAN_POINT('',(-2.13428571428572,8.2,16.7));
#1842=CARTESIAN_POINT('Origin',(2.13428571428571,8.2,16.7));
#1843=CARTESIAN_POINT('',(6.,8.2,32.8));
#1844=CARTESIAN_POINT('Origin',(-1.11022302462516E-15,-0.0250000000000039,
32.8));
#1845=CARTESIAN_POINT('Ctrl Pts',(-6.49999999999812,5.89999999999642,12.5));
#1846=CARTESIAN_POINT('Ctrl Pts',(-6.40476190476038,6.33809523809234,12.1));
#1847=CARTESIAN_POINT('Ctrl Pts',(-6.23766526005923,7.10673980372172,11.3334455100346));
#1848=CARTESIAN_POINT('Ctrl Pts',(-6.05510696174825,7.94650797595671,10.1979475651013));
#1849=CARTESIAN_POINT('Ctrl Pts',(-5.99961808002348,8.20175683189199,9.19197515259516));
#1850=CARTESIAN_POINT('Ctrl Pts',(-6.,8.2,8.52926482128028));
#1851=CARTESIAN_POINT('Ctrl Pts',(-6.,8.2,8.3));
#1852=CARTESIAN_POINT('Ctrl Pts',(-2.16666666666478,5.89999999999642,12.5));
#1853=CARTESIAN_POINT('Ctrl Pts',(-2.13492063491911,6.33809523809234,12.1));
#1854=CARTESIAN_POINT('Ctrl Pts',(-2.07922175335248,7.10673980372172,11.3334455100346));
#1855=CARTESIAN_POINT('Ctrl Pts',(-2.01836898724928,7.94650797595671,10.1979475651014));
#1856=CARTESIAN_POINT('Ctrl Pts',(-1.99987269334116,8.20175683189199,9.19197515259518));
#1857=CARTESIAN_POINT('Ctrl Pts',(-2.,8.2,8.52926482128028));
#1858=CARTESIAN_POINT('Ctrl Pts',(-2.,8.2,8.3));
#1859=CARTESIAN_POINT('Ctrl Pts',(2.16666666666855,5.89999999999642,12.5));
#1860=CARTESIAN_POINT('Ctrl Pts',(2.13492063492216,6.33809523809234,12.1));
#1861=CARTESIAN_POINT('Ctrl Pts',(2.07922175335427,7.10673980372172,11.3334455100346));
#1862=CARTESIAN_POINT('Ctrl Pts',(2.0183689872497,7.94650797595671,10.1979475651014));
#1863=CARTESIAN_POINT('Ctrl Pts',(1.99987269334116,8.20175683189199,9.1919751525952));
#1864=CARTESIAN_POINT('Ctrl Pts',(2.,8.2,8.52926482128029));
#1865=CARTESIAN_POINT('Ctrl Pts',(2.,8.2,8.3));
#1866=CARTESIAN_POINT('Ctrl Pts',(6.50000000000187,5.89999999999642,12.5));
#1867=CARTESIAN_POINT('Ctrl Pts',(6.40476190476342,6.33809523809234,12.1));
#1868=CARTESIAN_POINT('Ctrl Pts',(6.23766526006102,7.10673980372172,11.3334455100346));
#1869=CARTESIAN_POINT('Ctrl Pts',(6.05510696174866,7.94650797595671,10.1979475651014));
#1870=CARTESIAN_POINT('Ctrl Pts',(5.99961808002348,8.20175683189199,9.19197515259522));
#1871=CARTESIAN_POINT('Ctrl Pts',(6.,8.2,8.5292648212803));
#1872=CARTESIAN_POINT('Ctrl Pts',(6.,8.2,8.3));
#1873=CARTESIAN_POINT('',(6.,8.2,8.3));
#1874=CARTESIAN_POINT('Ctrl Pts',(6.50000000000188,5.89999999999642,12.5));
#1875=CARTESIAN_POINT('Ctrl Pts',(6.30000000000113,6.81999999999785,11.66));
#1876=CARTESIAN_POINT('Ctrl Pts',(6.15000000000057,7.50999999999893,10.8814561246886));
#1877=CARTESIAN_POINT('Ctrl Pts',(6.,8.2,10.1029122493772));
#1878=CARTESIAN_POINT('Ctrl Pts',(6.,8.2,9.26291224937724));
#1879=CARTESIAN_POINT('Ctrl Pts',(6.,8.2,8.3));
#1880=CARTESIAN_POINT('',(-6.,8.2,8.3));
#1881=CARTESIAN_POINT('',(0.,8.2,8.3));
#1882=CARTESIAN_POINT('Ctrl Pts',(-6.49999999999812,5.89999999999641,12.5));
#1883=CARTESIAN_POINT('Ctrl Pts',(-6.29999999999887,6.81999999999784,11.66));
#1884=CARTESIAN_POINT('Ctrl Pts',(-6.14999999999944,7.50999999999892,10.8814561246886));
#1885=CARTESIAN_POINT('Ctrl Pts',(-6.,8.2,10.1029122493772));
#1886=CARTESIAN_POINT('Ctrl Pts',(-6.,8.2,9.26291224937716));
#1887=CARTESIAN_POINT('Ctrl Pts',(-6.,8.2,8.3));
#1888=CARTESIAN_POINT('Ctrl Pts',(6.50000000000188,5.89999999999642,12.5));
#1889=CARTESIAN_POINT('Ctrl Pts',(6.40476190476343,6.33809523809234,12.1));
#1890=CARTESIAN_POINT('Ctrl Pts',(6.23767556325514,7.10669240902881,11.3334455100346));
#1891=CARTESIAN_POINT('Ctrl Pts',(6.05511197310996,7.94648492369476,10.1979475651014));
#1892=CARTESIAN_POINT('Ctrl Pts',(5.99962175044491,8.20173994795342,9.19197515259522));
#1893=CARTESIAN_POINT('Ctrl Pts',(6.,8.2,8.5292648212803));
#1894=CARTESIAN_POINT('Ctrl Pts',(6.,8.2,8.3));
#1895=CARTESIAN_POINT('Ctrl Pts',(6.50000000000188,5.56664853143467,12.5));
#1896=CARTESIAN_POINT('Ctrl Pts',(6.44826879917086,5.98793325767164,12.1));
#1897=CARTESIAN_POINT('Ctrl Pts',(6.35965686411652,6.72758829759769,11.3337526544695));
#1898=CARTESIAN_POINT('Ctrl Pts',(6.26580155151374,7.53647502365497,10.1986620869465));
#1899=CARTESIAN_POINT('Ctrl Pts',(6.23839928482817,7.78273016297653,9.19257925500436));
#1900=CARTESIAN_POINT('Ctrl Pts',(6.23809523809524,7.78095238095238,8.52946199476499));
#1901=CARTESIAN_POINT('Ctrl Pts',(6.23809523809524,7.78095238095238,8.3));
#1902=CARTESIAN_POINT('Ctrl Pts',(6.50000000000188,4.89994559431118,12.5));
#1903=CARTESIAN_POINT('Ctrl Pts',(6.5498802607466,5.29146677490031,12.1));
#1904=CARTESIAN_POINT('Ctrl Pts',(6.63382550931659,5.97765308686091,11.3335293421256));
#1905=CARTESIAN_POINT('Ctrl Pts',(6.70040070627878,6.72093172571713,10.1995195715255));
#1906=CARTESIAN_POINT('Ctrl Pts',(6.71416541053999,6.94459101406416,9.19383995418031));
#1907=CARTESIAN_POINT('Ctrl Pts',(6.71428571428571,6.94285714285714,8.52985634173437));
#1908=CARTESIAN_POINT('Ctrl Pts',(6.71428571428571,6.94285714285714,8.3));
#1909=CARTESIAN_POINT('Ctrl Pts',(6.50000000000188,4.06656692290682,12.5));
#1910=CARTESIAN_POINT('Ctrl Pts',(6.70997393478207,4.42962498643673,12.1));
#1911=CARTESIAN_POINT('Ctrl Pts',(7.05699953511187,5.06243025464738,11.33102463383));
#1912=CARTESIAN_POINT('Ctrl Pts',(7.28053721971926,5.71379407641178,10.1990560434825));
#1913=CARTESIAN_POINT('Ctrl Pts',(7.30858140459003,5.89783901672177,9.1954128067379));
#1914=CARTESIAN_POINT('Ctrl Pts',(7.30952380952381,5.89523809523809,8.5303492754461));
#1915=CARTESIAN_POINT('Ctrl Pts',(7.30952380952381,5.89523809523809,8.3));
#1916=CARTESIAN_POINT('Ctrl Pts',(6.50000000000188,3.23318825150246,12.5));
#1917=CARTESIAN_POINT('Ctrl Pts',(6.83144711871695,3.55757761958689,12.1));
#1918=CARTESIAN_POINT('Ctrl Pts',(7.38872020594318,4.1220074714908,11.3310504688915));
#1919=CARTESIAN_POINT('Ctrl Pts',(7.81904242870407,4.69275075903681,10.2003353454729));
#1920=CARTESIAN_POINT('Ctrl Pts',(7.90411712383856,4.85025771491676,9.19696392363029));
#1921=CARTESIAN_POINT('Ctrl Pts',(7.9047619047619,4.84761904761904,8.53084220915783));
#1922=CARTESIAN_POINT('Ctrl Pts',(7.9047619047619,4.84761904761904,8.3));
#1923=CARTESIAN_POINT('Ctrl Pts',(6.50000000000188,2.73316104865984,12.5));
#1924=CARTESIAN_POINT('Ctrl Pts',(6.86639565823391,3.02432466587444,12.1));
#1925=CARTESIAN_POINT('Ctrl Pts',(7.49575583281879,3.53237915418078,11.3336106608001));
#1926=CARTESIAN_POINT('Ctrl Pts',(8.10000349617276,4.06607867450159,10.2028581381041));
#1927=CARTESIAN_POINT('Ctrl Pts',(8.261860209646,4.22067929645128,9.19789523234613));
#1928=CARTESIAN_POINT('Ctrl Pts',(8.26190476190476,4.21904761904761,8.53113796938487));
#1929=CARTESIAN_POINT('Ctrl Pts',(8.26190476190476,4.21904761904761,8.3));
#1930=CARTESIAN_POINT('Ctrl Pts',(6.50000000000188,2.39980958009809,12.5));
#1931=CARTESIAN_POINT('Ctrl Pts',(6.8809523809539,2.66651251722226,12.1));
#1932=CARTESIAN_POINT('Ctrl Pts',(7.54929774698395,3.13441790657325,11.3358115918509));
#1933=CARTESIAN_POINT('Ctrl Pts',(8.27955210756121,3.64566548645967,10.2048768047063));
#1934=CARTESIAN_POINT('Ctrl Pts',(8.50151299822036,3.80105924280674,9.19848187759005));
#1935=CARTESIAN_POINT('Ctrl Pts',(8.49999999999999,3.79999999999999,8.53133514286956));
#1936=CARTESIAN_POINT('Ctrl Pts',(8.49999999999999,3.79999999999999,8.3));
#1937=CARTESIAN_POINT('',(8.49999999999999,3.79999999999999,8.3));
#1938=CARTESIAN_POINT('Ctrl Pts',(6.50000000000188,2.39980958009809,12.5));
#1939=CARTESIAN_POINT('Ctrl Pts',(7.30000000000113,2.95988574805885,11.66));
#1940=CARTESIAN_POINT('Ctrl Pts',(7.90000000000056,3.37994287402942,10.8858038000261));
#1941=CARTESIAN_POINT('Ctrl Pts',(8.49999999999999,3.79999999999999,10.1116076000522));
#1942=CARTESIAN_POINT('Ctrl Pts',(8.49999999999999,3.79999999999999,9.27160760005215));
#1943=CARTESIAN_POINT('Ctrl Pts',(8.49999999999999,3.79999999999999,8.3));
#1944=CARTESIAN_POINT('',(6.,8.2,8.3));
#1945=CARTESIAN_POINT('Ctrl Pts',(6.50000000000188,2.39980958009809,12.5));
#1946=CARTESIAN_POINT('Ctrl Pts',(6.8809523809539,2.66651251722226,12.1));
#1947=CARTESIAN_POINT('Ctrl Pts',(7.54925846864194,3.13439040799415,11.3358115918509));
#1948=CARTESIAN_POINT('Ctrl Pts',(8.27953361124059,3.64565253727421,10.2048768047063));
#1949=CARTESIAN_POINT('Ctrl Pts',(8.50149929662535,3.8010496503857,9.19848187759005));
#1950=CARTESIAN_POINT('Ctrl Pts',(8.49999999999999,3.79999999999999,8.53133514286956));
#1951=CARTESIAN_POINT('Ctrl Pts',(8.49999999999999,3.79999999999999,8.3));
#1952=CARTESIAN_POINT('Ctrl Pts',(6.50000000000188,1.21412249722642,12.5));
#1953=CARTESIAN_POINT('Ctrl Pts',(6.91386562965613,1.39842631264382,12.0654410888626));
#1954=CARTESIAN_POINT('Ctrl Pts',(7.62201849454858,1.71326562546246,11.2549680037539));
#1955=CARTESIAN_POINT('Ctrl Pts',(8.3127704078109,2.00524838015016,10.1799838796889));
#1956=CARTESIAN_POINT('Ctrl Pts',(8.49995126161133,2.08353353763693,9.21103409140623));
#1957=CARTESIAN_POINT('Ctrl Pts',(8.49999999999999,2.08571428571428,8.53358938979384));
#1958=CARTESIAN_POINT('Ctrl Pts',(8.49999999999999,2.08571428571428,8.3));
#1959=CARTESIAN_POINT('Ctrl Pts',(6.50000000000189,-0.762022640893023,12.5));
#1960=CARTESIAN_POINT('Ctrl Pts',(6.9329270437375,-0.73493754898687,12.0454266040772));
#1961=CARTESIAN_POINT('Ctrl Pts',(7.67079985413203,-0.697172499992287,11.2036727664241));
#1962=CARTESIAN_POINT('Ctrl Pts',(8.33582880139067,-0.743789111170963,10.16981258461));
#1963=CARTESIAN_POINT('Ctrl Pts',(8.50112350273972,-0.774892559108046,9.22394360398512));
#1964=CARTESIAN_POINT('Ctrl Pts',(8.5,-0.771428571428577,8.53734646800096));
#1965=CARTESIAN_POINT('Ctrl Pts',(8.5,-0.771428571428577,8.3));
#1966=CARTESIAN_POINT('Ctrl Pts',(6.50000000000188,-3.52862583426024,12.5));
#1967=CARTESIAN_POINT('Ctrl Pts',(6.88537042188071,-3.76289553773032,12.0953610570268));
#1968=CARTESIAN_POINT('Ctrl Pts',(7.5582732448545,-4.17542785225708,11.3383191100503));
#1969=CARTESIAN_POINT('Ctrl Pts',(8.28356382413521,-4.63255531371947,10.2386950047564));
#1970=CARTESIAN_POINT('Ctrl Pts',(8.50105730784221,-4.77285597520409,9.23487341719166));
#1971=CARTESIAN_POINT('Ctrl Pts',(8.5,-4.77142857142858,8.54260637749094));
#1972=CARTESIAN_POINT('Ctrl Pts',(8.5,-4.77142857142858,8.3));
#1973=CARTESIAN_POINT('Ctrl Pts',(6.50000000000188,-5.1095419447558,12.5));
#1974=CARTESIAN_POINT('Ctrl Pts',(6.88075960973598,-5.48062064922792,12.1002024097788));
#1975=CARTESIAN_POINT('Ctrl Pts',(7.54896871051427,-6.13148068394421,11.3524672182824));
#1976=CARTESIAN_POINT('Ctrl Pts',(8.27941716298925,-6.84250402496952,10.25276938637));
#1977=CARTESIAN_POINT('Ctrl Pts',(8.50155083901333,-7.05856536055275,9.24327770797037));
#1978=CARTESIAN_POINT('Ctrl Pts',(8.5,-7.05714285714286,8.54561204005664));
#1979=CARTESIAN_POINT('Ctrl Pts',(8.5,-7.05714285714286,8.3));
#1980=CARTESIAN_POINT('Ctrl Pts',(6.50000000000188,-5.90000000000358,12.5));
#1981=CARTESIAN_POINT('Ctrl Pts',(6.88095238095391,-6.33809523809814,12.1));
#1982=CARTESIAN_POINT('Ctrl Pts',(7.54925846864194,-7.10664723893891,11.3538455672451));
#1983=CARTESIAN_POINT('Ctrl Pts',(8.2795336112406,-7.94646365292685,10.2576905897893));
#1984=CARTESIAN_POINT('Ctrl Pts',(8.50149929662535,-8.20172419111916,9.24807530992412));
#1985=CARTESIAN_POINT('Ctrl Pts',(8.5,-8.20000000000001,8.54711487133949));
#1986=CARTESIAN_POINT('Ctrl Pts',(8.5,-8.20000000000001,8.3));
#1987=CARTESIAN_POINT('',(8.5,-8.20000000000001,8.3));
#1988=CARTESIAN_POINT('Ctrl Pts',(6.50000000000188,-5.90000000000358,12.5));
#1989=CARTESIAN_POINT('Ctrl Pts',(7.30000000000113,-6.82000000000215,11.66));
#1990=CARTESIAN_POINT('Ctrl Pts',(7.90000000000057,-7.51000000000108,10.9189412298129));
#1991=CARTESIAN_POINT('Ctrl Pts',(8.5,-8.19999999999999,10.1778824596259));
#1992=CARTESIAN_POINT('Ctrl Pts',(8.5,-8.19999999999999,9.33788245962587));
#1993=CARTESIAN_POINT('Ctrl Pts',(8.5,-8.19999999999999,8.3));
#1994=CARTESIAN_POINT('',(8.49999999999999,3.79999999999999,8.3));
#1995=CARTESIAN_POINT('Ctrl Pts',(6.50000000000188,-5.90000000000358,12.5));
#1996=CARTESIAN_POINT('Ctrl Pts',(6.88095238095391,-6.33809523809814,12.1));
#1997=CARTESIAN_POINT('Ctrl Pts',(7.54925846864194,-7.1066472389389,11.3538455672451));
#1998=CARTESIAN_POINT('Ctrl Pts',(8.2795336112406,-7.94646365292684,10.2576905897893));
#1999=CARTESIAN_POINT('Ctrl Pts',(8.50149929662535,-8.20172419111915,9.24807530992412));
#2000=CARTESIAN_POINT('Ctrl Pts',(8.5,-8.19999999999999,8.54711487133949));
#2001=CARTESIAN_POINT('Ctrl Pts',(8.5,-8.19999999999999,8.3));
#2002=CARTESIAN_POINT('Ctrl Pts',(2.16666666666855,-5.90000000000358,12.5));
#2003=CARTESIAN_POINT('Ctrl Pts',(2.29365079365232,-6.33809523809814,12.1));
#2004=CARTESIAN_POINT('Ctrl Pts',(2.51641948954791,-7.1066472389389,11.3538455672452));
#2005=CARTESIAN_POINT('Ctrl Pts',(2.75984453708034,-7.94646365292685,10.2576905897894));
#2006=CARTESIAN_POINT('Ctrl Pts',(2.83383309887512,-8.20172419111915,9.24807530992419));
#2007=CARTESIAN_POINT('Ctrl Pts',(2.83333333333333,-8.2,8.54711487133952));
#2008=CARTESIAN_POINT('Ctrl Pts',(2.83333333333333,-8.2,8.3));
#2009=CARTESIAN_POINT('Ctrl Pts',(-2.16666666666478,-5.90000000000359,12.5));
#2010=CARTESIAN_POINT('Ctrl Pts',(-2.29365079364927,-6.33809523809814,12.1));
#2011=CARTESIAN_POINT('Ctrl Pts',(-2.51641948954612,-7.1066472389389,11.3538455672452));
#2012=CARTESIAN_POINT('Ctrl Pts',(-2.75984453707992,-7.94646365292685,10.2576905897895));
#2013=CARTESIAN_POINT('Ctrl Pts',(-2.83383309887512,-8.20172419111915,9.24807530992426));
#2014=CARTESIAN_POINT('Ctrl Pts',(-2.83333333333333,-8.2,8.54711487133954));
#2015=CARTESIAN_POINT('Ctrl Pts',(-2.83333333333333,-8.2,8.3));
#2016=CARTESIAN_POINT('Ctrl Pts',(-6.49999999999811,-5.90000000000359,12.5));
#2017=CARTESIAN_POINT('Ctrl Pts',(-6.88095238095085,-6.33809523809814,12.1));
#2018=CARTESIAN_POINT('Ctrl Pts',(-7.54925846864014,-7.1066472389389,11.3538455672452));
#2019=CARTESIAN_POINT('Ctrl Pts',(-8.27953361124017,-7.94646365292686,10.2576905897896));
#2020=CARTESIAN_POINT('Ctrl Pts',(-8.50149929662534,-8.20172419111916,9.24807530992434));
#2021=CARTESIAN_POINT('Ctrl Pts',(-8.49999999999998,-8.20000000000001,8.54711487133956));
#2022=CARTESIAN_POINT('Ctrl Pts',(-8.49999999999998,-8.20000000000001,8.3));
#2023=CARTESIAN_POINT('',(-8.5,-8.20000000000001,8.3));
#2024=CARTESIAN_POINT('Ctrl Pts',(-6.49999999999811,-5.90000000000359,12.5));
#2025=CARTESIAN_POINT('Ctrl Pts',(-7.29999999999886,-6.82000000000215,11.66));
#2026=CARTESIAN_POINT('Ctrl Pts',(-7.89999999999942,-7.51000000000108,10.9189412298131));
#2027=CARTESIAN_POINT('Ctrl Pts',(-8.5,-8.20000000000001,10.1778824596262));
#2028=CARTESIAN_POINT('Ctrl Pts',(-8.5,-8.20000000000001,9.33788245962616));
#2029=CARTESIAN_POINT('Ctrl Pts',(-8.5,-8.20000000000001,8.3));
#2030=CARTESIAN_POINT('',(-8.5,-8.20000000000001,8.3));
#2031=CARTESIAN_POINT('Ctrl Pts',(-6.49999999999811,-5.90000000000359,12.5));
#2032=CARTESIAN_POINT('Ctrl Pts',(-6.88095238095085,-6.33809523809814,12.1));
#2033=CARTESIAN_POINT('Ctrl Pts',(-7.54925846864014,-7.1066472389389,11.3538455672452));
#2034=CARTESIAN_POINT('Ctrl Pts',(-8.27953361124018,-7.94646365292685,10.2576905897896));
#2035=CARTESIAN_POINT('Ctrl Pts',(-8.50149929662536,-8.20172419111916,9.24807530992434));
#2036=CARTESIAN_POINT('Ctrl Pts',(-8.5,-8.20000000000001,8.54711487133956));
#2037=CARTESIAN_POINT('Ctrl Pts',(-8.5,-8.20000000000001,8.3));
#2038=CARTESIAN_POINT('Ctrl Pts',(-6.49999999999811,-5.10954194475581,12.5));
#2039=CARTESIAN_POINT('Ctrl Pts',(-6.87973059917698,-5.4811923590801,12.1012828708626));
#2040=CARTESIAN_POINT('Ctrl Pts',(-7.54742198494187,-6.13239008375055,11.354277717225));
#2041=CARTESIAN_POINT('Ctrl Pts',(-8.27879556355534,-6.84277859922991,10.2533495236337));
#2042=CARTESIAN_POINT('Ctrl Pts',(-8.5018259716907,-7.05836512017584,9.24288046595467));
#2043=CARTESIAN_POINT('Ctrl Pts',(-8.5,-7.05714285714286,8.54561204005671));
#2044=CARTESIAN_POINT('Ctrl Pts',(-8.5,-7.05714285714286,8.3));
#2045=CARTESIAN_POINT('Ctrl Pts',(-6.49999999999812,-3.52862583426025,12.5));
#2046=CARTESIAN_POINT('Ctrl Pts',(-6.88695599832269,-3.76201460442039,12.0936962017596));
#2047=CARTESIAN_POINT('Ctrl Pts',(-7.56311786949251,-4.17267444165736,11.3328330928789));
#2048=CARTESIAN_POINT('Ctrl Pts',(-8.28593312655609,-4.63141033933772,10.2363338759616));
#2049=CARTESIAN_POINT('Ctrl Pts',(-8.50139986387077,-4.77278713255884,9.23472046377323));
#2050=CARTESIAN_POINT('Ctrl Pts',(-8.5,-4.77142857142858,8.54260637749101));
#2051=CARTESIAN_POINT('Ctrl Pts',(-8.5,-4.77142857142858,8.3));
#2052=CARTESIAN_POINT('Ctrl Pts',(-6.49999999999812,-1.5524806961408,12.5));
#2053=CARTESIAN_POINT('Ctrl Pts',(-6.91789829271934,-1.60086909116588,12.0612067926431));
#2054=CARTESIAN_POINT('Ctrl Pts',(-7.63499956764809,-1.69304840498886,11.2463040176241));
#2055=CARTESIAN_POINT('Ctrl Pts',(-8.31917457970009,-1.85568485027201,10.1911901618735));
#2056=CARTESIAN_POINT('Ctrl Pts',(-8.50102789107286,-1.91711486056411,9.22697121817364));
#2057=CARTESIAN_POINT('Ctrl Pts',(-8.5,-1.91428571428572,8.53884929928389));
#2058=CARTESIAN_POINT('Ctrl Pts',(-8.5,-1.91428571428572,8.3));
#2059=CARTESIAN_POINT('Ctrl Pts',(-6.49999999999812,0.423664441978647,12.5));
#2060=CARTESIAN_POINT('Ctrl Pts',(-6.92325979186851,0.546063941385562,12.0555772185365));
#2061=CARTESIAN_POINT('Ctrl Pts',(-7.647608265001,0.752531599521814,11.2275928614045));
#2062=CARTESIAN_POINT('Ctrl Pts',(-8.32502246785296,0.907107849553836,10.1728806074447));
#2063=CARTESIAN_POINT('Ctrl Pts',(-8.50101122780638,0.940342713251478,9.21581882856218));
#2064=CARTESIAN_POINT('Ctrl Pts',(-8.49999999999999,0.942857142857136,8.53509222107676));
#2065=CARTESIAN_POINT('Ctrl Pts',(-8.49999999999999,0.942857142857136,8.3));
#2066=CARTESIAN_POINT('Ctrl Pts',(-6.49999999999812,1.60935152485032,12.5));
#2067=CARTESIAN_POINT('Ctrl Pts',(-6.90134969396182,1.82026340658952,12.0785828213385));
#2068=CARTESIAN_POINT('Ctrl Pts',(-7.59544305461686,2.18560860504619,11.2846339671834));
#2069=CARTESIAN_POINT('Ctrl Pts',(-8.30075826884826,2.55163754772307,10.1891524810085));
#2070=CARTESIAN_POINT('Ctrl Pts',(-8.50088032976877,2.65633952928372,9.20625364098817));
#2071=CARTESIAN_POINT('Ctrl Pts',(-8.49999999999999,2.65714285714285,8.53283797415248));
#2072=CARTESIAN_POINT('Ctrl Pts',(-8.49999999999999,2.65714285714285,8.3));
#2073=CARTESIAN_POINT('Ctrl Pts',(-6.49999999999812,2.3998095800981,12.5));
#2074=CARTESIAN_POINT('Ctrl Pts',(-6.88095238095085,2.66651251722227,12.1));
#2075=CARTESIAN_POINT('Ctrl Pts',(-7.54925846864014,3.13439040799416,11.335811591851));
#2076=CARTESIAN_POINT('Ctrl Pts',(-8.27953361124018,3.64565253727421,10.2048768047065));
#2077=CARTESIAN_POINT('Ctrl Pts',(-8.50149929662535,3.8010496503857,9.19848187759028));
#2078=CARTESIAN_POINT('Ctrl Pts',(-8.49999999999999,3.79999999999999,8.53133514286963));
#2079=CARTESIAN_POINT('Ctrl Pts',(-8.49999999999999,3.79999999999999,8.3));
#2080=CARTESIAN_POINT('',(-8.49999999999999,3.79999999999999,8.3));
#2081=CARTESIAN_POINT('Ctrl Pts',(-6.49999999999812,2.39980958009809,12.5));
#2082=CARTESIAN_POINT('Ctrl Pts',(-7.29999999999887,2.95988574805885,11.66));
#2083=CARTESIAN_POINT('Ctrl Pts',(-7.89999999999943,3.37994287402941,10.8858038000262));
#2084=CARTESIAN_POINT('Ctrl Pts',(-8.49999999999999,3.79999999999999,10.1116076000525));
#2085=CARTESIAN_POINT('Ctrl Pts',(-8.49999999999999,3.79999999999999,9.27160760005246));
#2086=CARTESIAN_POINT('Ctrl Pts',(-8.49999999999999,3.79999999999999,8.3));
#2087=CARTESIAN_POINT('',(-8.49999999999999,3.79999999999999,8.3));
#2088=CARTESIAN_POINT('Ctrl Pts',(-6.49999999999812,2.39980958009809,12.5));
#2089=CARTESIAN_POINT('Ctrl Pts',(-6.88095238095085,2.66651251722226,12.1));
#2090=CARTESIAN_POINT('Ctrl Pts',(-7.54929774698216,3.13441790657325,11.335811591851));
#2091=CARTESIAN_POINT('Ctrl Pts',(-8.2795521075608,3.64566548645967,10.2048768047065));
#2092=CARTESIAN_POINT('Ctrl Pts',(-8.50151299822036,3.80105924280674,9.19848187759028));
#2093=CARTESIAN_POINT('Ctrl Pts',(-8.49999999999999,3.79999999999999,8.53133514286963));
#2094=CARTESIAN_POINT('Ctrl Pts',(-8.49999999999999,3.79999999999999,8.3));
#2095=CARTESIAN_POINT('Ctrl Pts',(-6.49999999999812,2.6498231815194,12.5));
#2096=CARTESIAN_POINT('Ctrl Pts',(-6.86871451093152,2.93452272814971,12.1));
#2097=CARTESIAN_POINT('Ctrl Pts',(-7.50704040357074,3.43232175629208,11.3342194473946));
#2098=CARTESIAN_POINT('Ctrl Pts',(-8.14405900138491,3.96068330098181,10.2034018826765));
#2099=CARTESIAN_POINT('Ctrl Pts',(-8.32213285941024,4.1158477680837,9.19803073760977));
#2100=CARTESIAN_POINT('Ctrl Pts',(-8.32142857142857,4.11428571428571,8.53118726275611));
#2101=CARTESIAN_POINT('Ctrl Pts',(-8.32142857142857,4.11428571428571,8.3));
#2102=CARTESIAN_POINT('Ctrl Pts',(-6.49999999999812,3.14985038436202,12.5));
#2103=CARTESIAN_POINT('Ctrl Pts',(-6.84017455949532,3.46946917015899,12.1));
#2104=CARTESIAN_POINT('Ctrl Pts',(-7.41363272596552,4.02568741847,11.3312815304794));
#2105=CARTESIAN_POINT('Ctrl Pts',(-7.86911343458528,4.58938624253868,10.2006208289932));
#2106=CARTESIAN_POINT('Ctrl Pts',(-7.9637193460822,4.74541013594095,9.19711874798065));
#2107=CARTESIAN_POINT('Ctrl Pts',(-7.96428571428571,4.74285714285714,8.53089150252906));
#2108=CARTESIAN_POINT('Ctrl Pts',(-7.96428571428571,4.74285714285714,8.3));
#2109=CARTESIAN_POINT('Ctrl Pts',(-6.49999999999812,3.98322905576638,12.5));
#2110=CARTESIAN_POINT('Ctrl Pts',(-6.72641231776704,4.34355417622357,12.1));
#2111=CARTESIAN_POINT('Ctrl Pts',(-7.10059519666885,4.97126321853551,11.3307389008699));
#2112=CARTESIAN_POINT('Ctrl Pts',(-7.33916466282824,5.61328167462386,10.1989850855024));
#2113=CARTESIAN_POINT('Ctrl Pts',(-7.36809271938059,5.79319907849209,9.19556766987355));
#2114=CARTESIAN_POINT('Ctrl Pts',(-7.36904761904762,5.79047619047619,8.53039856881731));
#2115=CARTESIAN_POINT('Ctrl Pts',(-7.36904761904762,5.79047619047619,8.3));
#2116=CARTESIAN_POINT('Ctrl Pts',(-6.49999999999812,4.89994559431118,12.5));
#2117=CARTESIAN_POINT('Ctrl Pts',(-6.54953663800422,5.29137597157823,12.1));
#2118=CARTESIAN_POINT('Ctrl Pts',(-6.63302530590623,5.97743274650915,11.3335514895481));
#2119=CARTESIAN_POINT('Ctrl Pts',(-6.70003807966099,6.72081041331906,10.1995348084111));
#2120=CARTESIAN_POINT('Ctrl Pts',(-6.71417959928636,6.94458497539082,9.19383962377211));
#2121=CARTESIAN_POINT('Ctrl Pts',(-6.71428571428572,6.94285714285714,8.52985634173438));
#2122=CARTESIAN_POINT('Ctrl Pts',(-6.71428571428572,6.94285714285714,8.3));
#2123=CARTESIAN_POINT('Ctrl Pts',(-6.49999999999812,5.56664853143467,12.5));
#2124=CARTESIAN_POINT('Ctrl Pts',(-6.44848064070013,5.98798923742119,12.1));
#2125=CARTESIAN_POINT('Ctrl Pts',(-6.3599939466669,6.72767928435725,11.3337432597331));
#2126=CARTESIAN_POINT('Ctrl Pts',(-6.26593498616897,7.53652188620447,10.1986558170446));
#2127=CARTESIAN_POINT('Ctrl Pts',(-6.23834161204146,7.7827183725847,9.19258104494913));
#2128=CARTESIAN_POINT('Ctrl Pts',(-6.23809523809524,7.78095238095238,8.52946199476498));
#2129=CARTESIAN_POINT('Ctrl Pts',(-6.23809523809524,7.78095238095238,8.3));
#2130=CARTESIAN_POINT('Ctrl Pts',(-6.49999999999812,5.89999999999641,12.5));
#2131=CARTESIAN_POINT('Ctrl Pts',(-6.40476190476038,6.33809523809233,12.1));
#2132=CARTESIAN_POINT('Ctrl Pts',(-6.23767556325334,7.10669240902881,11.3334455100346));
#2133=CARTESIAN_POINT('Ctrl Pts',(-6.05511197310954,7.94648492369476,10.1979475651013));
#2134=CARTESIAN_POINT('Ctrl Pts',(-5.99962175044491,8.20173994795342,9.19197515259516));
#2135=CARTESIAN_POINT('Ctrl Pts',(-6.,8.2,8.52926482128028));
#2136=CARTESIAN_POINT('Ctrl Pts',(-6.,8.2,8.3));
#2137=CARTESIAN_POINT('',(-6.,8.2,8.3));
#2138=CARTESIAN_POINT('Origin',(-1.9,0.599999999999999,-8.1));
#2139=CARTESIAN_POINT('',(-1.9,-0.600000000000001,-8.1));
#2140=CARTESIAN_POINT('',(-1.9,0.599999999999999,-8.1));
#2141=CARTESIAN_POINT('',(-1.9,0.299999999999997,-8.1));
#2142=CARTESIAN_POINT('',(-1.9,-0.600000000000001,-9.1));
#2143=CARTESIAN_POINT('',(-1.9,-0.600000000000001,-8.1));
#2144=CARTESIAN_POINT('',(-1.9,0.599999999999999,-9.1));
#2145=CARTESIAN_POINT('',(-1.9,-0.600000000000001,-9.1));
#2146=CARTESIAN_POINT('',(-1.9,0.599999999999999,-8.1));
#2147=CARTESIAN_POINT('Origin',(-5.9,0.599999999999999,-8.1));
#2148=CARTESIAN_POINT('',(-5.9,0.599999999999999,-8.1));
#2149=CARTESIAN_POINT('',(-4.9,0.599999999999999,-8.1));
#2150=CARTESIAN_POINT('',(-5.9,0.599999999999999,-9.1));
#2151=CARTESIAN_POINT('',(-1.9,0.599999999999999,-9.1));
#2152=CARTESIAN_POINT('',(-5.9,0.599999999999999,-8.1));
#2153=CARTESIAN_POINT('Origin',(-5.9,-0.600000000000001,-8.1));
#2154=CARTESIAN_POINT('',(-5.9,-0.600000000000001,-8.1));
#2155=CARTESIAN_POINT('',(-5.9,-0.300000000000003,-8.1));
#2156=CARTESIAN_POINT('',(-5.9,-0.600000000000001,-9.1));
#2157=CARTESIAN_POINT('',(-5.9,0.599999999999999,-9.1));
#2158=CARTESIAN_POINT('',(-5.9,-0.600000000000001,-8.1));
#2159=CARTESIAN_POINT('Origin',(-1.9,-0.600000000000001,-8.1));
#2160=CARTESIAN_POINT('',(-2.9,-0.600000000000001,-8.1));
#2161=CARTESIAN_POINT('',(-5.9,-0.600000000000001,-9.1));
#2162=CARTESIAN_POINT('Origin',(-3.9,-6.24500451351651E-16,-9.1));
#2163=CARTESIAN_POINT('Origin',(5.9,-0.599999999999996,-8.1));
#2164=CARTESIAN_POINT('',(1.9,-0.599999999999998,-8.1));
#2165=CARTESIAN_POINT('',(5.9,-0.599999999999996,-8.1));
#2166=CARTESIAN_POINT('',(4.9,-0.599999999999997,-8.1));
#2167=CARTESIAN_POINT('',(1.9,-0.599999999999998,-9.1));
#2168=CARTESIAN_POINT('',(1.9,-0.599999999999998,-8.1));
#2169=CARTESIAN_POINT('',(5.9,-0.599999999999996,-9.1));
#2170=CARTESIAN_POINT('',(5.9,-0.599999999999996,-9.1));
#2171=CARTESIAN_POINT('',(5.9,-0.599999999999996,-8.1));
#2172=CARTESIAN_POINT('Origin',(5.9,0.600000000000005,-8.1));
#2173=CARTESIAN_POINT('',(5.9,0.600000000000005,-8.1));
#2174=CARTESIAN_POINT('',(5.9,0.300000000000002,-8.1));
#2175=CARTESIAN_POINT('',(5.9,0.600000000000005,-9.1));
#2176=CARTESIAN_POINT('',(5.9,0.600000000000005,-9.1));
#2177=CARTESIAN_POINT('',(5.9,0.600000000000005,-8.1));
#2178=CARTESIAN_POINT('Origin',(1.9,0.600000000000003,-8.1));
#2179=CARTESIAN_POINT('',(1.9,0.600000000000003,-8.1));
#2180=CARTESIAN_POINT('',(2.9,0.600000000000003,-8.1));
#2181=CARTESIAN_POINT('',(1.9,0.600000000000003,-9.1));
#2182=CARTESIAN_POINT('',(1.9,0.600000000000003,-9.1));
#2183=CARTESIAN_POINT('',(1.9,0.600000000000003,-8.1));
#2184=CARTESIAN_POINT('Origin',(1.9,-0.599999999999998,-8.1));
#2185=CARTESIAN_POINT('',(1.9,-0.300000000000002,-8.1));
#2186=CARTESIAN_POINT('',(1.9,-0.599999999999998,-9.1));
#2187=CARTESIAN_POINT('Origin',(3.9,3.33066907387547E-15,-9.1));
#2188=CARTESIAN_POINT('Origin',(3.9,-3.96809174386177,-8.1));
#2189=CARTESIAN_POINT('',(1.9,-3.96809174386177,-8.1));
#2190=CARTESIAN_POINT('Origin',(3.9,-3.96809174386177,-8.1));
#2191=CARTESIAN_POINT('',(1.9,-3.96809174386177,2.2));
#2192=CARTESIAN_POINT('',(1.9,-3.96809174386177,-8.1));
#2193=CARTESIAN_POINT('Origin',(3.9,-3.96809174386177,2.2));
#2194=CARTESIAN_POINT('Origin',(3.9,-3.96809174386177,2.2));
#2195=CARTESIAN_POINT('Origin',(-3.9,3.96809174386177,-8.1));
#2196=CARTESIAN_POINT('',(-5.9,3.96809174386177,-8.1));
#2197=CARTESIAN_POINT('Origin',(-3.9,3.96809174386177,-8.1));
#2198=CARTESIAN_POINT('',(-5.9,3.96809174386177,2.2));
#2199=CARTESIAN_POINT('',(-5.9,3.96809174386177,-8.1));
#2200=CARTESIAN_POINT('Origin',(-3.9,3.96809174386177,2.2));
#2201=CARTESIAN_POINT('Origin',(-3.9,3.96809174386177,2.2));
#2202=CARTESIAN_POINT('Origin',(3.9,3.96809174386177,-8.1));
#2203=CARTESIAN_POINT('',(1.9,3.96809174386177,-8.1));
#2204=CARTESIAN_POINT('Origin',(3.9,3.96809174386177,-8.1));
#2205=CARTESIAN_POINT('',(1.9,3.96809174386177,2.2));
#2206=CARTESIAN_POINT('',(1.9,3.96809174386177,-8.1));
#2207=CARTESIAN_POINT('Origin',(3.9,3.96809174386177,2.2));
#2208=CARTESIAN_POINT('Origin',(3.9,3.96809174386177,2.2));
#2209=CARTESIAN_POINT('Origin',(-3.9,-3.96809174386177,-8.1));
#2210=CARTESIAN_POINT('',(-5.9,-3.96809174386177,-8.1));
#2211=CARTESIAN_POINT('Origin',(-3.9,-3.96809174386177,-8.1));
#2212=CARTESIAN_POINT('',(-5.9,-3.96809174386177,2.2));
#2213=CARTESIAN_POINT('',(-5.9,-3.96809174386177,-8.1));
#2214=CARTESIAN_POINT('Origin',(-3.9,-3.96809174386177,2.2));
#2215=CARTESIAN_POINT('Origin',(-3.9,-3.96809174386177,2.2));
#2216=CARTESIAN_POINT('Origin',(-2.51590909090908,7.2,0.));
#2217=CARTESIAN_POINT('',(-0.299999999999999,3.29999999999999,0.));
#2218=CARTESIAN_POINT('',(-2.51590909090908,7.2,0.));
#2219=CARTESIAN_POINT('',(-0.662640215114833,3.9382467786021,0.));
#2220=CARTESIAN_POINT('',(-0.299999999999999,3.29999999999999,-8.1));
#2221=CARTESIAN_POINT('',(-0.299999999999999,3.29999999999999,0.));
#2222=CARTESIAN_POINT('',(-2.51590909090908,7.2,-8.1));
#2223=CARTESIAN_POINT('',(-0.299999999999999,3.29999999999999,-8.1));
#2224=CARTESIAN_POINT('',(-2.51590909090908,7.2,0.));
#2225=CARTESIAN_POINT('Origin',(-5.2840909090909,7.2,0.));
#2226=CARTESIAN_POINT('',(-5.2840909090909,7.2,0.));
#2227=CARTESIAN_POINT('',(-2.64204545454545,7.2,0.));
#2228=CARTESIAN_POINT('',(-5.2840909090909,7.2,-8.1));
#2229=CARTESIAN_POINT('',(-2.51590909090908,7.2,-8.1));
#2230=CARTESIAN_POINT('',(-5.2840909090909,7.2,0.));
#2231=CARTESIAN_POINT('Origin',(-7.49999999999999,3.29999999999999,0.));
#2232=CARTESIAN_POINT('',(-7.49999999999999,3.29999999999999,0.));
#2233=CARTESIAN_POINT('',(-7.29353768059351,3.6633736821554,0.));
#2234=CARTESIAN_POINT('',(-7.49999999999999,3.29999999999999,-8.1));
#2235=CARTESIAN_POINT('',(-7.49999999999999,3.29999999999999,-8.1));
#2236=CARTESIAN_POINT('',(-7.49999999999999,3.29999999999999,0.));
#2237=CARTESIAN_POINT('Origin',(-7.5,-7.20000000000001,0.));
#2238=CARTESIAN_POINT('',(-7.5,-7.20000000000001,0.));
#2239=CARTESIAN_POINT('',(-7.5,-3.6,0.));
#2240=CARTESIAN_POINT('',(-7.5,-7.20000000000001,-8.1));
#2241=CARTESIAN_POINT('',(-7.5,-7.20000000000001,-8.1));
#2242=CARTESIAN_POINT('',(-7.5,-7.20000000000001,0.));
#2243=CARTESIAN_POINT('Origin',(-0.299999999999996,-7.2,0.));
#2244=CARTESIAN_POINT('',(-0.299999999999996,-7.20000000000001,0.));
#2245=CARTESIAN_POINT('',(-0.149999999999997,-7.2,0.));
#2246=CARTESIAN_POINT('',(-0.299999999999996,-7.20000000000001,-8.1));
#2247=CARTESIAN_POINT('',(-3.9,-7.20000000000001,-8.1));
#2248=CARTESIAN_POINT('',(-0.299999999999996,-7.20000000000001,0.));
#2249=CARTESIAN_POINT('Origin',(-0.299999999999999,3.29999999999999,0.));
#2250=CARTESIAN_POINT('',(-0.299999999999999,1.64999999999999,0.));
#2251=CARTESIAN_POINT('',(-0.299999999999996,-7.20000000000001,-8.1));
#2252=CARTESIAN_POINT('Origin',(-3.9,-4.44089209850063E-15,-8.1));
#2253=CARTESIAN_POINT('Origin',(5.2840909090909,7.2,0.));
#2254=CARTESIAN_POINT('',(7.49999999999999,3.29999999999999,0.));
#2255=CARTESIAN_POINT('',(5.2840909090909,7.2,0.));
#2256=CARTESIAN_POINT('',(6.18558313513897,5.6133736821554,0.));
#2257=CARTESIAN_POINT('',(7.49999999999999,3.29999999999999,-8.1));
#2258=CARTESIAN_POINT('',(7.49999999999999,3.29999999999999,0.));
#2259=CARTESIAN_POINT('',(5.2840909090909,7.2,-8.1));
#2260=CARTESIAN_POINT('',(7.49999999999999,3.29999999999999,-8.1));
#2261=CARTESIAN_POINT('',(5.2840909090909,7.2,0.));
#2262=CARTESIAN_POINT('Origin',(2.51590909090908,7.2,0.));
#2263=CARTESIAN_POINT('',(2.51590909090908,7.2,0.));
#2264=CARTESIAN_POINT('',(1.25795454545454,7.2,0.));
#2265=CARTESIAN_POINT('',(2.51590909090908,7.2,-8.1));
#2266=CARTESIAN_POINT('',(5.2840909090909,7.2,-8.1));
#2267=CARTESIAN_POINT('',(2.51590909090908,7.2,0.));
#2268=CARTESIAN_POINT('Origin',(0.299999999999999,3.29999999999999,0.));
#2269=CARTESIAN_POINT('',(0.299999999999999,3.29999999999999,0.));
#2270=CARTESIAN_POINT('',(-0.44531433033971,1.9882467786021,0.));
#2271=CARTESIAN_POINT('',(0.299999999999999,3.29999999999999,-8.1));
#2272=CARTESIAN_POINT('',(0.299999999999999,3.29999999999999,-8.1));
#2273=CARTESIAN_POINT('',(0.299999999999999,3.29999999999999,0.));
#2274=CARTESIAN_POINT('Origin',(0.299999999999996,-7.20000000000001,0.));
#2275=CARTESIAN_POINT('',(0.299999999999996,-7.20000000000001,0.));
#2276=CARTESIAN_POINT('',(0.299999999999997,-3.60000000000001,0.));
#2277=CARTESIAN_POINT('',(0.299999999999996,-7.20000000000001,-8.1));
#2278=CARTESIAN_POINT('',(0.299999999999996,-7.20000000000001,-8.1));
#2279=CARTESIAN_POINT('',(0.299999999999996,-7.20000000000001,0.));
#2280=CARTESIAN_POINT('Origin',(7.5,-7.2,0.));
#2281=CARTESIAN_POINT('',(7.5,-7.20000000000001,0.));
#2282=CARTESIAN_POINT('',(3.75,-7.20000000000001,0.));
#2283=CARTESIAN_POINT('',(7.5,-7.20000000000001,-8.1));
#2284=CARTESIAN_POINT('',(3.9,-7.20000000000001,-8.1));
#2285=CARTESIAN_POINT('',(7.5,-7.20000000000001,0.));
#2286=CARTESIAN_POINT('Origin',(7.49999999999999,3.29999999999999,0.));
#2287=CARTESIAN_POINT('',(7.49999999999999,1.65,0.));
#2288=CARTESIAN_POINT('',(7.5,-7.20000000000001,-8.1));
#2289=CARTESIAN_POINT('Origin',(3.9,-4.44089209850063E-15,-8.1));
#2290=CARTESIAN_POINT('Origin',(8.49999999999999,3.79999999999999,0.));
#2291=CARTESIAN_POINT('',(6.,8.2,0.));
#2292=CARTESIAN_POINT('',(8.49999999999999,3.79999999999999,0.));
#2293=CARTESIAN_POINT('',(6.,8.2,0.));
#2294=CARTESIAN_POINT('',(6.,8.2,0.));
#2295=CARTESIAN_POINT('',(8.49999999999999,3.79999999999999,0.));
#2296=CARTESIAN_POINT('Origin',(8.5,-8.20000000000001,0.));
#2297=CARTESIAN_POINT('',(8.5,-8.20000000000001,0.));
#2298=CARTESIAN_POINT('',(8.49999999999999,3.79999999999999,0.));
#2299=CARTESIAN_POINT('',(8.5,-8.20000000000001,0.));
#2300=CARTESIAN_POINT('Origin',(-8.5,-8.20000000000001,0.));
#2301=CARTESIAN_POINT('',(-8.5,-8.20000000000001,0.));
#2302=CARTESIAN_POINT('',(-8.5,-8.20000000000001,0.));
#2303=CARTESIAN_POINT('',(-8.5,-8.20000000000001,0.));
#2304=CARTESIAN_POINT('Origin',(-8.49999999999999,3.79999999999999,0.));
#2305=CARTESIAN_POINT('',(-8.49999999999999,3.79999999999999,0.));
#2306=CARTESIAN_POINT('',(-8.49999999999999,3.79999999999999,0.));
#2307=CARTESIAN_POINT('',(-8.49999999999999,3.79999999999999,0.));
#2308=CARTESIAN_POINT('Origin',(-6.,8.2,0.));
#2309=CARTESIAN_POINT('',(-6.,8.2,0.));
#2310=CARTESIAN_POINT('',(-6.,8.2,0.));
#2311=CARTESIAN_POINT('',(-6.,8.2,0.));
#2312=CARTESIAN_POINT('Origin',(6.,8.2,0.));
#2313=CARTESIAN_POINT('',(0.,8.2,0.));
#2314=CARTESIAN_POINT('Origin',(0.,-4.44089209850063E-15,0.));
#2315=UNCERTAINTY_MEASURE_WITH_UNIT(LENGTH_MEASURE(0.01),#2319,
'DISTANCE_ACCURACY_VALUE',
'Maximum model space distance between geometric entities at asserted c
onnectivities');
#2316=UNCERTAINTY_MEASURE_WITH_UNIT(LENGTH_MEASURE(0.01),#2319,
'DISTANCE_ACCURACY_VALUE',
'Maximum model space distance between geometric entities at asserted c
onnectivities');
#2317=(
GEOMETRIC_REPRESENTATION_CONTEXT(3)
GLOBAL_UNCERTAINTY_ASSIGNED_CONTEXT((#2315))
GLOBAL_UNIT_ASSIGNED_CONTEXT((#2319,#2321,#2322))
REPRESENTATION_CONTEXT('','3D')
);
#2318=(
GEOMETRIC_REPRESENTATION_CONTEXT(3)
GLOBAL_UNCERTAINTY_ASSIGNED_CONTEXT((#2316))
GLOBAL_UNIT_ASSIGNED_CONTEXT((#2319,#2321,#2322))
REPRESENTATION_CONTEXT('','3D')
);
#2319=(
LENGTH_UNIT()
NAMED_UNIT(*)
SI_UNIT(.MILLI.,.METRE.)
);
#2320=(
LENGTH_UNIT()
NAMED_UNIT(*)
SI_UNIT($,.METRE.)
);
#2321=(
NAMED_UNIT(*)
PLANE_ANGLE_UNIT()
SI_UNIT($,.RADIAN.)
);
#2322=(
NAMED_UNIT(*)
SI_UNIT($,.STERADIAN.)
SOLID_ANGLE_UNIT()
);
#2323=SHAPE_DEFINITION_REPRESENTATION(#2324,#2325);
#2324=PRODUCT_DEFINITION_SHAPE('',$,#2327);
#2325=SHAPE_REPRESENTATION('',(#1278),#2317);
#2326=PRODUCT_DEFINITION_CONTEXT('part definition',#2331,'design');
#2327=PRODUCT_DEFINITION('2026-05-07-07-36-09-701','\X2\52067535677FFF08FF09\X0\',
#2328,#2326);
#2328=PRODUCT_DEFINITION_FORMATION('',$,#2333);
#2329=PRODUCT_RELATED_PRODUCT_CATEGORY('\X2\52067535677FFF08FF09\X0\',
'\X2\52067535677FFF08FF09\X0\',(#2333));
#2330=APPLICATION_PROTOCOL_DEFINITION('international standard',
'automotive_design',2009,#2331);
#2331=APPLICATION_CONTEXT(
'Core Data for Automotive Mechanical Design Process');
#2332=PRODUCT_CONTEXT('part definition',#2331,'mechanical');
#2333=PRODUCT('2026-05-07-07-36-09-701','\X2\52067535677FFF08FF09\X0\',
$,(#2332));
#2334=PRESENTATION_STYLE_ASSIGNMENT((#2335));
#2335=SURFACE_STYLE_USAGE(.BOTH.,#2336);
#2336=SURFACE_SIDE_STYLE('',(#2337));
#2337=SURFACE_STYLE_FILL_AREA(#2338);
#2338=FILL_AREA_STYLE('\X2\94A2\X0\ - \X2\7F0E5149\X0\',(#2339));
#2339=FILL_AREA_STYLE_COLOUR('\X2\94A2\X0\ - \X2\7F0E5149\X0\',#2340);
#2340=COLOUR_RGB('\X2\94A2\X0\ - \X2\7F0E5149\X0\',0.627450980392157,0.627450980392157,
0.627450980392157);
ENDSEC;
END-ISO-10303-21;
