ISO-10303-21;
HEADER;
/* Generated by software containing ST-Developer
 * from STEP Tools, Inc. (www.steptools.com) 
 */

FILE_DESCRIPTION(
/* description */ (''),
/* implementation_level */ '2;1');

FILE_NAME(
/* name */ 'SAK-D626A          SAK-D625.step',
/* time_stamp */ '2026-08-11T12:39:44+09:00',
/* author */ (''),
/* organization */ (''),
/* preprocessor_version */ 'ST-DEVELOPER v20.1',
/* originating_system */ 'Autodesk Translation Framework v15.8.0.0',
/* authorisation */ '');

FILE_SCHEMA (('AUTOMOTIVE_DESIGN { 1 0 10303 214 3 1 1 }'));
ENDSEC;

DATA;
#10=MECHANICAL_DESIGN_GEOMETRIC_PRESENTATION_REPRESENTATION('',(#17,#18,
#19,#20),#2900);
#11=SHAPE_REPRESENTATION_RELATIONSHIP('SRR','None',#2907,#12);
#12=ADVANCED_BREP_SHAPE_REPRESENTATION('',(#21,#22,#23,#24),#2899);
#13=ELLIPSE('',#1792,3.83865223251605,3.45);
#14=ELLIPSE('',#1795,3.83865223251605,3.45);
#15=ELLIPSE('',#1848,3.83865223251605,3.45);
#16=ELLIPSE('',#1851,3.83865223251605,3.45);
#17=STYLED_ITEM('',(#2916),#21);
#18=STYLED_ITEM('',(#2916),#22);
#19=STYLED_ITEM('',(#2916),#23);
#20=STYLED_ITEM('',(#2916),#24);
#21=MANIFOLD_SOLID_BREP('\X2\5B9E4F53\X0\1',#1717);
#22=MANIFOLD_SOLID_BREP('\X2\5B9E4F53\X0\2',#1718);
#23=MANIFOLD_SOLID_BREP('\X2\5B9E4F53\X0\3',#1719);
#24=MANIFOLD_SOLID_BREP('\X2\5B9E4F53\X0\4',#1720);
#25=FACE_BOUND('',#222,.T.);
#26=FACE_BOUND('',#223,.T.);
#27=FACE_BOUND('',#225,.T.);
#28=FACE_BOUND('',#226,.T.);
#29=FACE_BOUND('',#242,.T.);
#30=FACE_BOUND('',#243,.T.);
#31=FACE_BOUND('',#245,.T.);
#32=FACE_BOUND('',#246,.T.);
#33=FACE_BOUND('',#272,.T.);
#34=FACE_BOUND('',#273,.T.);
#35=FACE_BOUND('',#278,.T.);
#36=FACE_BOUND('',#280,.T.);
#37=FACE_BOUND('',#310,.T.);
#38=FACE_BOUND('',#311,.T.);
#39=FACE_BOUND('',#316,.T.);
#40=FACE_BOUND('',#318,.T.);
#41=PLANE('',#1740);
#42=PLANE('',#1741);
#43=PLANE('',#1742);
#44=PLANE('',#1746);
#45=PLANE('',#1750);
#46=PLANE('',#1751);
#47=PLANE('',#1752);
#48=PLANE('',#1756);
#49=PLANE('',#1760);
#50=PLANE('',#1761);
#51=PLANE('',#1768);
#52=PLANE('',#1769);
#53=PLANE('',#1770);
#54=PLANE('',#1774);
#55=PLANE('',#1778);
#56=PLANE('',#1779);
#57=PLANE('',#1780);
#58=PLANE('',#1784);
#59=PLANE('',#1788);
#60=PLANE('',#1789);
#61=PLANE('',#1790);
#62=PLANE('',#1791);
#63=PLANE('',#1793);
#64=PLANE('',#1794);
#65=PLANE('',#1796);
#66=PLANE('',#1797);
#67=PLANE('',#1798);
#68=PLANE('',#1803);
#69=PLANE('',#1807);
#70=PLANE('',#1811);
#71=PLANE('',#1815);
#72=PLANE('',#1819);
#73=PLANE('',#1820);
#74=PLANE('',#1825);
#75=PLANE('',#1829);
#76=PLANE('',#1833);
#77=PLANE('',#1834);
#78=PLANE('',#1836);
#79=PLANE('',#1837);
#80=PLANE('',#1838);
#81=PLANE('',#1840);
#82=PLANE('',#1842);
#83=PLANE('',#1843);
#84=PLANE('',#1846);
#85=PLANE('',#1847);
#86=PLANE('',#1849);
#87=PLANE('',#1850);
#88=PLANE('',#1852);
#89=PLANE('',#1853);
#90=PLANE('',#1854);
#91=PLANE('',#1859);
#92=PLANE('',#1863);
#93=PLANE('',#1867);
#94=PLANE('',#1871);
#95=PLANE('',#1875);
#96=PLANE('',#1876);
#97=PLANE('',#1881);
#98=PLANE('',#1885);
#99=PLANE('',#1889);
#100=PLANE('',#1890);
#101=PLANE('',#1892);
#102=PLANE('',#1893);
#103=PLANE('',#1894);
#104=PLANE('',#1896);
#105=PLANE('',#1898);
#106=PLANE('',#1899);
#107=FACE_OUTER_BOUND('',#207,.T.);
#108=FACE_OUTER_BOUND('',#208,.T.);
#109=FACE_OUTER_BOUND('',#209,.T.);
#110=FACE_OUTER_BOUND('',#210,.T.);
#111=FACE_OUTER_BOUND('',#211,.T.);
#112=FACE_OUTER_BOUND('',#212,.T.);
#113=FACE_OUTER_BOUND('',#213,.T.);
#114=FACE_OUTER_BOUND('',#214,.T.);
#115=FACE_OUTER_BOUND('',#215,.T.);
#116=FACE_OUTER_BOUND('',#216,.T.);
#117=FACE_OUTER_BOUND('',#217,.T.);
#118=FACE_OUTER_BOUND('',#218,.T.);
#119=FACE_OUTER_BOUND('',#219,.T.);
#120=FACE_OUTER_BOUND('',#220,.T.);
#121=FACE_OUTER_BOUND('',#221,.T.);
#122=FACE_OUTER_BOUND('',#224,.T.);
#123=FACE_OUTER_BOUND('',#227,.T.);
#124=FACE_OUTER_BOUND('',#228,.T.);
#125=FACE_OUTER_BOUND('',#229,.T.);
#126=FACE_OUTER_BOUND('',#230,.T.);
#127=FACE_OUTER_BOUND('',#231,.T.);
#128=FACE_OUTER_BOUND('',#232,.T.);
#129=FACE_OUTER_BOUND('',#233,.T.);
#130=FACE_OUTER_BOUND('',#234,.T.);
#131=FACE_OUTER_BOUND('',#235,.T.);
#132=FACE_OUTER_BOUND('',#236,.T.);
#133=FACE_OUTER_BOUND('',#237,.T.);
#134=FACE_OUTER_BOUND('',#238,.T.);
#135=FACE_OUTER_BOUND('',#239,.T.);
#136=FACE_OUTER_BOUND('',#240,.T.);
#137=FACE_OUTER_BOUND('',#241,.T.);
#138=FACE_OUTER_BOUND('',#244,.T.);
#139=FACE_OUTER_BOUND('',#247,.T.);
#140=FACE_OUTER_BOUND('',#248,.T.);
#141=FACE_OUTER_BOUND('',#249,.T.);
#142=FACE_OUTER_BOUND('',#250,.T.);
#143=FACE_OUTER_BOUND('',#251,.T.);
#144=FACE_OUTER_BOUND('',#252,.T.);
#145=FACE_OUTER_BOUND('',#253,.T.);
#146=FACE_OUTER_BOUND('',#254,.T.);
#147=FACE_OUTER_BOUND('',#255,.T.);
#148=FACE_OUTER_BOUND('',#256,.T.);
#149=FACE_OUTER_BOUND('',#257,.T.);
#150=FACE_OUTER_BOUND('',#258,.T.);
#151=FACE_OUTER_BOUND('',#259,.T.);
#152=FACE_OUTER_BOUND('',#260,.T.);
#153=FACE_OUTER_BOUND('',#261,.T.);
#154=FACE_OUTER_BOUND('',#262,.T.);
#155=FACE_OUTER_BOUND('',#263,.T.);
#156=FACE_OUTER_BOUND('',#264,.T.);
#157=FACE_OUTER_BOUND('',#265,.T.);
#158=FACE_OUTER_BOUND('',#266,.T.);
#159=FACE_OUTER_BOUND('',#267,.T.);
#160=FACE_OUTER_BOUND('',#268,.T.);
#161=FACE_OUTER_BOUND('',#269,.T.);
#162=FACE_OUTER_BOUND('',#270,.T.);
#163=FACE_OUTER_BOUND('',#271,.T.);
#164=FACE_OUTER_BOUND('',#274,.T.);
#165=FACE_OUTER_BOUND('',#275,.T.);
#166=FACE_OUTER_BOUND('',#276,.T.);
#167=FACE_OUTER_BOUND('',#277,.T.);
#168=FACE_OUTER_BOUND('',#279,.T.);
#169=FACE_OUTER_BOUND('',#281,.T.);
#170=FACE_OUTER_BOUND('',#282,.T.);
#171=FACE_OUTER_BOUND('',#283,.T.);
#172=FACE_OUTER_BOUND('',#284,.T.);
#173=FACE_OUTER_BOUND('',#285,.T.);
#174=FACE_OUTER_BOUND('',#286,.T.);
#175=FACE_OUTER_BOUND('',#287,.T.);
#176=FACE_OUTER_BOUND('',#288,.T.);
#177=FACE_OUTER_BOUND('',#289,.T.);
#178=FACE_OUTER_BOUND('',#290,.T.);
#179=FACE_OUTER_BOUND('',#291,.T.);
#180=FACE_OUTER_BOUND('',#292,.T.);
#181=FACE_OUTER_BOUND('',#293,.T.);
#182=FACE_OUTER_BOUND('',#294,.T.);
#183=FACE_OUTER_BOUND('',#295,.T.);
#184=FACE_OUTER_BOUND('',#296,.T.);
#185=FACE_OUTER_BOUND('',#297,.T.);
#186=FACE_OUTER_BOUND('',#298,.T.);
#187=FACE_OUTER_BOUND('',#299,.T.);
#188=FACE_OUTER_BOUND('',#300,.T.);
#189=FACE_OUTER_BOUND('',#301,.T.);
#190=FACE_OUTER_BOUND('',#302,.T.);
#191=FACE_OUTER_BOUND('',#303,.T.);
#192=FACE_OUTER_BOUND('',#304,.T.);
#193=FACE_OUTER_BOUND('',#305,.T.);
#194=FACE_OUTER_BOUND('',#306,.T.);
#195=FACE_OUTER_BOUND('',#307,.T.);
#196=FACE_OUTER_BOUND('',#308,.T.);
#197=FACE_OUTER_BOUND('',#309,.T.);
#198=FACE_OUTER_BOUND('',#312,.T.);
#199=FACE_OUTER_BOUND('',#313,.T.);
#200=FACE_OUTER_BOUND('',#314,.T.);
#201=FACE_OUTER_BOUND('',#315,.T.);
#202=FACE_OUTER_BOUND('',#317,.T.);
#203=FACE_OUTER_BOUND('',#319,.T.);
#204=FACE_OUTER_BOUND('',#320,.T.);
#205=FACE_OUTER_BOUND('',#321,.T.);
#206=FACE_OUTER_BOUND('',#322,.T.);
#207=EDGE_LOOP('',(#1111,#1112,#1113,#1114));
#208=EDGE_LOOP('',(#1115,#1116,#1117,#1118));
#209=EDGE_LOOP('',(#1119,#1120,#1121,#1122));
#210=EDGE_LOOP('',(#1123,#1124,#1125,#1126));
#211=EDGE_LOOP('',(#1127,#1128,#1129,#1130));
#212=EDGE_LOOP('',(#1131,#1132,#1133,#1134));
#213=EDGE_LOOP('',(#1135,#1136,#1137,#1138));
#214=EDGE_LOOP('',(#1139,#1140,#1141,#1142));
#215=EDGE_LOOP('',(#1143,#1144,#1145,#1146));
#216=EDGE_LOOP('',(#1147,#1148,#1149,#1150));
#217=EDGE_LOOP('',(#1151,#1152,#1153,#1154));
#218=EDGE_LOOP('',(#1155,#1156,#1157,#1158));
#219=EDGE_LOOP('',(#1159,#1160,#1161,#1162));
#220=EDGE_LOOP('',(#1163,#1164,#1165,#1166));
#221=EDGE_LOOP('',(#1167,#1168,#1169,#1170,#1171,#1172,#1173,#1174,#1175,
#1176,#1177,#1178));
#222=EDGE_LOOP('',(#1179));
#223=EDGE_LOOP('',(#1180));
#224=EDGE_LOOP('',(#1181,#1182,#1183,#1184,#1185,#1186,#1187,#1188,#1189,
#1190,#1191,#1192));
#225=EDGE_LOOP('',(#1193));
#226=EDGE_LOOP('',(#1194));
#227=EDGE_LOOP('',(#1195,#1196,#1197,#1198));
#228=EDGE_LOOP('',(#1199,#1200,#1201,#1202));
#229=EDGE_LOOP('',(#1203,#1204,#1205,#1206));
#230=EDGE_LOOP('',(#1207,#1208,#1209,#1210));
#231=EDGE_LOOP('',(#1211,#1212,#1213,#1214));
#232=EDGE_LOOP('',(#1215,#1216,#1217,#1218));
#233=EDGE_LOOP('',(#1219,#1220,#1221,#1222));
#234=EDGE_LOOP('',(#1223,#1224,#1225,#1226));
#235=EDGE_LOOP('',(#1227,#1228,#1229,#1230));
#236=EDGE_LOOP('',(#1231,#1232,#1233,#1234));
#237=EDGE_LOOP('',(#1235,#1236,#1237,#1238));
#238=EDGE_LOOP('',(#1239,#1240,#1241,#1242));
#239=EDGE_LOOP('',(#1243,#1244,#1245,#1246));
#240=EDGE_LOOP('',(#1247,#1248,#1249,#1250));
#241=EDGE_LOOP('',(#1251,#1252,#1253,#1254,#1255,#1256,#1257,#1258,#1259,
#1260,#1261,#1262));
#242=EDGE_LOOP('',(#1263));
#243=EDGE_LOOP('',(#1264));
#244=EDGE_LOOP('',(#1265,#1266,#1267,#1268,#1269,#1270,#1271,#1272,#1273,
#1274,#1275,#1276));
#245=EDGE_LOOP('',(#1277));
#246=EDGE_LOOP('',(#1278));
#247=EDGE_LOOP('',(#1279,#1280,#1281,#1282));
#248=EDGE_LOOP('',(#1283,#1284,#1285,#1286,#1287,#1288));
#249=EDGE_LOOP('',(#1289,#1290,#1291,#1292));
#250=EDGE_LOOP('',(#1293,#1294,#1295,#1296,#1297,#1298));
#251=EDGE_LOOP('',(#1299,#1300,#1301,#1302));
#252=EDGE_LOOP('',(#1303,#1304,#1305,#1306));
#253=EDGE_LOOP('',(#1307,#1308,#1309,#1310,#1311,#1312,#1313,#1314,#1315,
#1316,#1317,#1318,#1319,#1320));
#254=EDGE_LOOP('',(#1321,#1322,#1323,#1324));
#255=EDGE_LOOP('',(#1325));
#256=EDGE_LOOP('',(#1326,#1327,#1328,#1329));
#257=EDGE_LOOP('',(#1330));
#258=EDGE_LOOP('',(#1331,#1332,#1333,#1334));
#259=EDGE_LOOP('',(#1335));
#260=EDGE_LOOP('',(#1336,#1337,#1338,#1339));
#261=EDGE_LOOP('',(#1340));
#262=EDGE_LOOP('',(#1341,#1342,#1343,#1344));
#263=EDGE_LOOP('',(#1345,#1346));
#264=EDGE_LOOP('',(#1347,#1348,#1349,#1350,#1351,#1352,#1353,#1354,#1355,
#1356,#1357,#1358,#1359,#1360));
#265=EDGE_LOOP('',(#1361,#1362,#1363,#1364));
#266=EDGE_LOOP('',(#1365,#1366));
#267=EDGE_LOOP('',(#1367,#1368,#1369,#1370));
#268=EDGE_LOOP('',(#1371,#1372));
#269=EDGE_LOOP('',(#1373,#1374,#1375,#1376));
#270=EDGE_LOOP('',(#1377,#1378));
#271=EDGE_LOOP('',(#1379,#1380,#1381,#1382,#1383,#1384,#1385,#1386));
#272=EDGE_LOOP('',(#1387));
#273=EDGE_LOOP('',(#1388));
#274=EDGE_LOOP('',(#1389,#1390,#1391,#1392));
#275=EDGE_LOOP('',(#1393,#1394,#1395,#1396));
#276=EDGE_LOOP('',(#1397,#1398,#1399,#1400));
#277=EDGE_LOOP('',(#1401,#1402,#1403,#1404,#1405,#1406));
#278=EDGE_LOOP('',(#1407));
#279=EDGE_LOOP('',(#1408,#1409,#1410,#1411,#1412,#1413));
#280=EDGE_LOOP('',(#1414));
#281=EDGE_LOOP('',(#1415,#1416,#1417,#1418));
#282=EDGE_LOOP('',(#1419,#1420,#1421,#1422));
#283=EDGE_LOOP('',(#1423,#1424,#1425,#1426));
#284=EDGE_LOOP('',(#1427,#1428,#1429,#1430));
#285=EDGE_LOOP('',(#1431,#1432,#1433,#1434));
#286=EDGE_LOOP('',(#1435,#1436,#1437,#1438,#1439,#1440));
#287=EDGE_LOOP('',(#1441,#1442,#1443,#1444));
#288=EDGE_LOOP('',(#1445,#1446,#1447,#1448,#1449,#1450));
#289=EDGE_LOOP('',(#1451,#1452,#1453,#1454));
#290=EDGE_LOOP('',(#1455,#1456,#1457,#1458));
#291=EDGE_LOOP('',(#1459,#1460,#1461,#1462,#1463,#1464,#1465,#1466,#1467,
#1468,#1469,#1470,#1471,#1472));
#292=EDGE_LOOP('',(#1473,#1474,#1475,#1476));
#293=EDGE_LOOP('',(#1477));
#294=EDGE_LOOP('',(#1478,#1479,#1480,#1481));
#295=EDGE_LOOP('',(#1482));
#296=EDGE_LOOP('',(#1483,#1484,#1485,#1486));
#297=EDGE_LOOP('',(#1487));
#298=EDGE_LOOP('',(#1488,#1489,#1490,#1491));
#299=EDGE_LOOP('',(#1492));
#300=EDGE_LOOP('',(#1493,#1494,#1495,#1496));
#301=EDGE_LOOP('',(#1497,#1498));
#302=EDGE_LOOP('',(#1499,#1500,#1501,#1502,#1503,#1504,#1505,#1506,#1507,
#1508,#1509,#1510,#1511,#1512));
#303=EDGE_LOOP('',(#1513,#1514,#1515,#1516));
#304=EDGE_LOOP('',(#1517,#1518));
#305=EDGE_LOOP('',(#1519,#1520,#1521,#1522));
#306=EDGE_LOOP('',(#1523,#1524));
#307=EDGE_LOOP('',(#1525,#1526,#1527,#1528));
#308=EDGE_LOOP('',(#1529,#1530));
#309=EDGE_LOOP('',(#1531,#1532,#1533,#1534,#1535,#1536,#1537,#1538));
#310=EDGE_LOOP('',(#1539));
#311=EDGE_LOOP('',(#1540));
#312=EDGE_LOOP('',(#1541,#1542,#1543,#1544));
#313=EDGE_LOOP('',(#1545,#1546,#1547,#1548));
#314=EDGE_LOOP('',(#1549,#1550,#1551,#1552));
#315=EDGE_LOOP('',(#1553,#1554,#1555,#1556,#1557,#1558));
#316=EDGE_LOOP('',(#1559));
#317=EDGE_LOOP('',(#1560,#1561,#1562,#1563,#1564,#1565));
#318=EDGE_LOOP('',(#1566));
#319=EDGE_LOOP('',(#1567,#1568,#1569,#1570));
#320=EDGE_LOOP('',(#1571,#1572,#1573,#1574));
#321=EDGE_LOOP('',(#1575,#1576,#1577,#1578));
#322=EDGE_LOOP('',(#1579,#1580,#1581,#1582));
#323=LINE('',#2413,#491);
#324=LINE('',#2419,#492);
#325=LINE('',#2424,#493);
#326=LINE('',#2426,#494);
#327=LINE('',#2428,#495);
#328=LINE('',#2429,#496);
#329=LINE('',#2432,#497);
#330=LINE('',#2434,#498);
#331=LINE('',#2435,#499);
#332=LINE('',#2438,#500);
#333=LINE('',#2440,#501);
#334=LINE('',#2441,#502);
#335=LINE('',#2447,#503);
#336=LINE('',#2450,#504);
#337=LINE('',#2452,#505);
#338=LINE('',#2453,#506);
#339=LINE('',#2459,#507);
#340=LINE('',#2462,#508);
#341=LINE('',#2464,#509);
#342=LINE('',#2465,#510);
#343=LINE('',#2468,#511);
#344=LINE('',#2470,#512);
#345=LINE('',#2471,#513);
#346=LINE('',#2474,#514);
#347=LINE('',#2476,#515);
#348=LINE('',#2477,#516);
#349=LINE('',#2483,#517);
#350=LINE('',#2486,#518);
#351=LINE('',#2488,#519);
#352=LINE('',#2489,#520);
#353=LINE('',#2499,#521);
#354=LINE('',#2505,#522);
#355=LINE('',#2510,#523);
#356=LINE('',#2512,#524);
#357=LINE('',#2514,#525);
#358=LINE('',#2515,#526);
#359=LINE('',#2518,#527);
#360=LINE('',#2520,#528);
#361=LINE('',#2521,#529);
#362=LINE('',#2524,#530);
#363=LINE('',#2526,#531);
#364=LINE('',#2527,#532);
#365=LINE('',#2532,#533);
#366=LINE('',#2536,#534);
#367=LINE('',#2538,#535);
#368=LINE('',#2539,#536);
#369=LINE('',#2544,#537);
#370=LINE('',#2548,#538);
#371=LINE('',#2550,#539);
#372=LINE('',#2551,#540);
#373=LINE('',#2554,#541);
#374=LINE('',#2556,#542);
#375=LINE('',#2557,#543);
#376=LINE('',#2560,#544);
#377=LINE('',#2562,#545);
#378=LINE('',#2563,#546);
#379=LINE('',#2568,#547);
#380=LINE('',#2572,#548);
#381=LINE('',#2574,#549);
#382=LINE('',#2575,#550);
#383=LINE('',#2584,#551);
#384=LINE('',#2586,#552);
#385=LINE('',#2588,#553);
#386=LINE('',#2589,#554);
#387=LINE('',#2593,#555);
#388=LINE('',#2596,#556);
#389=LINE('',#2598,#557);
#390=LINE('',#2599,#558);
#391=LINE('',#2603,#559);
#392=LINE('',#2605,#560);
#393=LINE('',#2607,#561);
#394=LINE('',#2608,#562);
#395=LINE('',#2611,#563);
#396=LINE('',#2615,#564);
#397=LINE('',#2617,#565);
#398=LINE('',#2618,#566);
#399=LINE('',#2621,#567);
#400=LINE('',#2623,#568);
#401=LINE('',#2624,#569);
#402=LINE('',#2627,#570);
#403=LINE('',#2628,#571);
#404=LINE('',#2631,#572);
#405=LINE('',#2633,#573);
#406=LINE('',#2635,#574);
#407=LINE('',#2637,#575);
#408=LINE('',#2638,#576);
#409=LINE('',#2640,#577);
#410=LINE('',#2642,#578);
#411=LINE('',#2644,#579);
#412=LINE('',#2648,#580);
#413=LINE('',#2649,#581);
#414=LINE('',#2654,#582);
#415=LINE('',#2661,#583);
#416=LINE('',#2668,#584);
#417=LINE('',#2675,#585);
#418=LINE('',#2682,#586);
#419=LINE('',#2685,#587);
#420=LINE('',#2688,#588);
#421=LINE('',#2690,#589);
#422=LINE('',#2692,#590);
#423=LINE('',#2696,#591);
#424=LINE('',#2698,#592);
#425=LINE('',#2699,#593);
#426=LINE('',#2701,#594);
#427=LINE('',#2703,#595);
#428=LINE('',#2704,#596);
#429=LINE('',#2719,#597);
#430=LINE('',#2720,#598);
#431=LINE('',#2722,#599);
#432=LINE('',#2724,#600);
#433=LINE('',#2727,#601);
#434=LINE('',#2729,#602);
#435=LINE('',#2734,#603);
#436=LINE('',#2736,#604);
#437=LINE('',#2742,#605);
#438=LINE('',#2744,#606);
#439=LINE('',#2746,#607);
#440=LINE('',#2747,#608);
#441=LINE('',#2751,#609);
#442=LINE('',#2753,#610);
#443=LINE('',#2754,#611);
#444=LINE('',#2756,#612);
#445=LINE('',#2761,#613);
#446=LINE('',#2763,#614);
#447=LINE('',#2765,#615);
#448=LINE('',#2766,#616);
#449=LINE('',#2769,#617);
#450=LINE('',#2771,#618);
#451=LINE('',#2773,#619);
#452=LINE('',#2775,#620);
#453=LINE('',#2779,#621);
#454=LINE('',#2781,#622);
#455=LINE('',#2782,#623);
#456=LINE('',#2785,#624);
#457=LINE('',#2786,#625);
#458=LINE('',#2789,#626);
#459=LINE('',#2791,#627);
#460=LINE('',#2795,#628);
#461=LINE('',#2797,#629);
#462=LINE('',#2798,#630);
#463=LINE('',#2800,#631);
#464=LINE('',#2802,#632);
#465=LINE('',#2804,#633);
#466=LINE('',#2806,#634);
#467=LINE('',#2807,#635);
#468=LINE('',#2812,#636);
#469=LINE('',#2819,#637);
#470=LINE('',#2826,#638);
#471=LINE('',#2833,#639);
#472=LINE('',#2841,#640);
#473=LINE('',#2843,#641);
#474=LINE('',#2846,#642);
#475=LINE('',#2848,#643);
#476=LINE('',#2849,#644);
#477=LINE('',#2851,#645);
#478=LINE('',#2853,#646);
#479=LINE('',#2855,#647);
#480=LINE('',#2859,#648);
#481=LINE('',#2861,#649);
#482=LINE('',#2862,#650);
#483=LINE('',#2877,#651);
#484=LINE('',#2878,#652);
#485=LINE('',#2880,#653);
#486=LINE('',#2882,#654);
#487=LINE('',#2887,#655);
#488=LINE('',#2888,#656);
#489=LINE('',#2892,#657);
#490=LINE('',#2894,#658);
#491=VECTOR('',#1908,1.5);
#492=VECTOR('',#1915,1.5);
#493=VECTOR('',#1920,10.);
#494=VECTOR('',#1921,10.);
#495=VECTOR('',#1922,10.);
#496=VECTOR('',#1923,10.);
#497=VECTOR('',#1926,10.);
#498=VECTOR('',#1927,10.);
#499=VECTOR('',#1928,10.);
#500=VECTOR('',#1931,10.);
#501=VECTOR('',#1932,10.);
#502=VECTOR('',#1933,10.);
#503=VECTOR('',#1940,10.);
#504=VECTOR('',#1943,10.);
#505=VECTOR('',#1944,10.);
#506=VECTOR('',#1945,10.);
#507=VECTOR('',#1952,10.);
#508=VECTOR('',#1955,10.);
#509=VECTOR('',#1956,10.);
#510=VECTOR('',#1957,10.);
#511=VECTOR('',#1960,10.);
#512=VECTOR('',#1961,10.);
#513=VECTOR('',#1962,10.);
#514=VECTOR('',#1965,10.);
#515=VECTOR('',#1966,10.);
#516=VECTOR('',#1967,10.);
#517=VECTOR('',#1974,10.);
#518=VECTOR('',#1977,10.);
#519=VECTOR('',#1978,10.);
#520=VECTOR('',#1979,10.);
#521=VECTOR('',#1994,1.5);
#522=VECTOR('',#2001,1.5);
#523=VECTOR('',#2006,10.);
#524=VECTOR('',#2007,10.);
#525=VECTOR('',#2008,10.);
#526=VECTOR('',#2009,10.);
#527=VECTOR('',#2012,10.);
#528=VECTOR('',#2013,10.);
#529=VECTOR('',#2014,10.);
#530=VECTOR('',#2017,10.);
#531=VECTOR('',#2018,10.);
#532=VECTOR('',#2019,10.);
#533=VECTOR('',#2024,10.);
#534=VECTOR('',#2029,10.);
#535=VECTOR('',#2030,10.);
#536=VECTOR('',#2031,10.);
#537=VECTOR('',#2036,10.);
#538=VECTOR('',#2041,10.);
#539=VECTOR('',#2042,10.);
#540=VECTOR('',#2043,10.);
#541=VECTOR('',#2046,10.);
#542=VECTOR('',#2047,10.);
#543=VECTOR('',#2048,10.);
#544=VECTOR('',#2051,10.);
#545=VECTOR('',#2052,10.);
#546=VECTOR('',#2053,10.);
#547=VECTOR('',#2058,10.);
#548=VECTOR('',#2063,10.);
#549=VECTOR('',#2064,10.);
#550=VECTOR('',#2065,10.);
#551=VECTOR('',#2078,10.);
#552=VECTOR('',#2079,10.);
#553=VECTOR('',#2080,10.);
#554=VECTOR('',#2081,10.);
#555=VECTOR('',#2084,10.);
#556=VECTOR('',#2087,10.);
#557=VECTOR('',#2088,10.);
#558=VECTOR('',#2089,10.);
#559=VECTOR('',#2092,10.);
#560=VECTOR('',#2093,10.);
#561=VECTOR('',#2094,10.);
#562=VECTOR('',#2095,10.);
#563=VECTOR('',#2098,10.);
#564=VECTOR('',#2101,10.);
#565=VECTOR('',#2102,10.);
#566=VECTOR('',#2103,10.);
#567=VECTOR('',#2106,10.);
#568=VECTOR('',#2107,10.);
#569=VECTOR('',#2108,10.);
#570=VECTOR('',#2111,10.);
#571=VECTOR('',#2112,10.);
#572=VECTOR('',#2115,10.);
#573=VECTOR('',#2116,10.);
#574=VECTOR('',#2117,10.);
#575=VECTOR('',#2118,10.);
#576=VECTOR('',#2119,10.);
#577=VECTOR('',#2120,10.);
#578=VECTOR('',#2121,10.);
#579=VECTOR('',#2122,10.);
#580=VECTOR('',#2125,10.);
#581=VECTOR('',#2126,10.);
#582=VECTOR('',#2131,1.5);
#583=VECTOR('',#2140,1.5);
#584=VECTOR('',#2149,1.3);
#585=VECTOR('',#2158,1.3);
#586=VECTOR('',#2167,10.);
#587=VECTOR('',#2172,10.);
#588=VECTOR('',#2175,10.);
#589=VECTOR('',#2176,10.);
#590=VECTOR('',#2177,10.);
#591=VECTOR('',#2180,10.);
#592=VECTOR('',#2181,10.);
#593=VECTOR('',#2182,10.);
#594=VECTOR('',#2183,10.);
#595=VECTOR('',#2184,10.);
#596=VECTOR('',#2185,10.);
#597=VECTOR('',#2214,10.);
#598=VECTOR('',#2215,10.);
#599=VECTOR('',#2218,10.);
#600=VECTOR('',#2221,10.);
#601=VECTOR('',#2224,10.);
#602=VECTOR('',#2225,10.);
#603=VECTOR('',#2234,10.);
#604=VECTOR('',#2237,10.);
#605=VECTOR('',#2244,10.);
#606=VECTOR('',#2245,10.);
#607=VECTOR('',#2246,10.);
#608=VECTOR('',#2247,10.);
#609=VECTOR('',#2250,10.);
#610=VECTOR('',#2251,10.);
#611=VECTOR('',#2252,10.);
#612=VECTOR('',#2253,10.);
#613=VECTOR('',#2258,10.);
#614=VECTOR('',#2259,10.);
#615=VECTOR('',#2260,10.);
#616=VECTOR('',#2261,10.);
#617=VECTOR('',#2264,10.);
#618=VECTOR('',#2265,10.);
#619=VECTOR('',#2266,10.);
#620=VECTOR('',#2267,10.);
#621=VECTOR('',#2272,10.);
#622=VECTOR('',#2273,10.);
#623=VECTOR('',#2274,10.);
#624=VECTOR('',#2277,10.);
#625=VECTOR('',#2278,10.);
#626=VECTOR('',#2281,10.);
#627=VECTOR('',#2282,10.);
#628=VECTOR('',#2285,10.);
#629=VECTOR('',#2286,10.);
#630=VECTOR('',#2287,10.);
#631=VECTOR('',#2288,10.);
#632=VECTOR('',#2289,10.);
#633=VECTOR('',#2290,10.);
#634=VECTOR('',#2291,10.);
#635=VECTOR('',#2292,10.);
#636=VECTOR('',#2297,1.5);
#637=VECTOR('',#2306,1.5);
#638=VECTOR('',#2315,1.3);
#639=VECTOR('',#2324,1.3);
#640=VECTOR('',#2335,10.);
#641=VECTOR('',#2338,10.);
#642=VECTOR('',#2341,10.);
#643=VECTOR('',#2342,10.);
#644=VECTOR('',#2343,10.);
#645=VECTOR('',#2344,10.);
#646=VECTOR('',#2345,10.);
#647=VECTOR('',#2346,10.);
#648=VECTOR('',#2349,10.);
#649=VECTOR('',#2350,10.);
#650=VECTOR('',#2351,10.);
#651=VECTOR('',#2380,10.);
#652=VECTOR('',#2381,10.);
#653=VECTOR('',#2384,10.);
#654=VECTOR('',#2387,10.);
#655=VECTOR('',#2392,10.);
#656=VECTOR('',#2393,10.);
#657=VECTOR('',#2400,10.);
#658=VECTOR('',#2403,10.);
#659=CIRCLE('',#1735,1.5);
#660=CIRCLE('',#1736,1.5);
#661=CIRCLE('',#1738,1.5);
#662=CIRCLE('',#1739,1.5);
#663=CIRCLE('',#1744,3.45);
#664=CIRCLE('',#1745,3.45);
#665=CIRCLE('',#1748,3.45);
#666=CIRCLE('',#1749,3.45);
#667=CIRCLE('',#1754,3.45);
#668=CIRCLE('',#1755,3.45);
#669=CIRCLE('',#1758,3.45);
#670=CIRCLE('',#1759,3.45);
#671=CIRCLE('',#1763,1.5);
#672=CIRCLE('',#1764,1.5);
#673=CIRCLE('',#1766,1.5);
#674=CIRCLE('',#1767,1.5);
#675=CIRCLE('',#1772,3.45);
#676=CIRCLE('',#1773,3.45);
#677=CIRCLE('',#1776,3.45);
#678=CIRCLE('',#1777,3.45);
#679=CIRCLE('',#1782,3.45);
#680=CIRCLE('',#1783,3.45);
#681=CIRCLE('',#1786,3.45);
#682=CIRCLE('',#1787,3.45);
#683=CIRCLE('',#1799,8.97620999227555);
#684=CIRCLE('',#1801,1.5);
#685=CIRCLE('',#1802,1.5);
#686=CIRCLE('',#1805,1.5);
#687=CIRCLE('',#1806,1.5);
#688=CIRCLE('',#1809,1.3);
#689=CIRCLE('',#1810,1.3);
#690=CIRCLE('',#1813,1.3);
#691=CIRCLE('',#1814,1.3);
#692=CIRCLE('',#1817,3.3);
#693=CIRCLE('',#1818,3.3);
#694=CIRCLE('',#1821,8.97620999227555);
#695=CIRCLE('',#1823,3.3);
#696=CIRCLE('',#1824,3.3);
#697=CIRCLE('',#1827,3.3);
#698=CIRCLE('',#1828,3.3);
#699=CIRCLE('',#1831,3.3);
#700=CIRCLE('',#1832,3.3);
#701=CIRCLE('',#1839,3.45);
#702=CIRCLE('',#1841,3.45);
#703=CIRCLE('',#1855,8.97620999227555);
#704=CIRCLE('',#1857,1.5);
#705=CIRCLE('',#1858,1.5);
#706=CIRCLE('',#1861,1.5);
#707=CIRCLE('',#1862,1.5);
#708=CIRCLE('',#1865,1.3);
#709=CIRCLE('',#1866,1.3);
#710=CIRCLE('',#1869,1.3);
#711=CIRCLE('',#1870,1.3);
#712=CIRCLE('',#1873,3.3);
#713=CIRCLE('',#1874,3.3);
#714=CIRCLE('',#1877,8.97620999227555);
#715=CIRCLE('',#1879,3.3);
#716=CIRCLE('',#1880,3.3);
#717=CIRCLE('',#1883,3.3);
#718=CIRCLE('',#1884,3.3);
#719=CIRCLE('',#1887,3.3);
#720=CIRCLE('',#1888,3.3);
#721=CIRCLE('',#1895,3.45);
#722=CIRCLE('',#1897,3.45);
#723=VERTEX_POINT('',#2410);
#724=VERTEX_POINT('',#2412);
#725=VERTEX_POINT('',#2416);
#726=VERTEX_POINT('',#2418);
#727=VERTEX_POINT('',#2422);
#728=VERTEX_POINT('',#2423);
#729=VERTEX_POINT('',#2425);
#730=VERTEX_POINT('',#2427);
#731=VERTEX_POINT('',#2431);
#732=VERTEX_POINT('',#2433);
#733=VERTEX_POINT('',#2437);
#734=VERTEX_POINT('',#2439);
#735=VERTEX_POINT('',#2443);
#736=VERTEX_POINT('',#2445);
#737=VERTEX_POINT('',#2449);
#738=VERTEX_POINT('',#2451);
#739=VERTEX_POINT('',#2455);
#740=VERTEX_POINT('',#2457);
#741=VERTEX_POINT('',#2461);
#742=VERTEX_POINT('',#2463);
#743=VERTEX_POINT('',#2467);
#744=VERTEX_POINT('',#2469);
#745=VERTEX_POINT('',#2473);
#746=VERTEX_POINT('',#2475);
#747=VERTEX_POINT('',#2479);
#748=VERTEX_POINT('',#2481);
#749=VERTEX_POINT('',#2485);
#750=VERTEX_POINT('',#2487);
#751=VERTEX_POINT('',#2496);
#752=VERTEX_POINT('',#2498);
#753=VERTEX_POINT('',#2502);
#754=VERTEX_POINT('',#2504);
#755=VERTEX_POINT('',#2508);
#756=VERTEX_POINT('',#2509);
#757=VERTEX_POINT('',#2511);
#758=VERTEX_POINT('',#2513);
#759=VERTEX_POINT('',#2517);
#760=VERTEX_POINT('',#2519);
#761=VERTEX_POINT('',#2523);
#762=VERTEX_POINT('',#2525);
#763=VERTEX_POINT('',#2529);
#764=VERTEX_POINT('',#2531);
#765=VERTEX_POINT('',#2535);
#766=VERTEX_POINT('',#2537);
#767=VERTEX_POINT('',#2541);
#768=VERTEX_POINT('',#2543);
#769=VERTEX_POINT('',#2547);
#770=VERTEX_POINT('',#2549);
#771=VERTEX_POINT('',#2553);
#772=VERTEX_POINT('',#2555);
#773=VERTEX_POINT('',#2559);
#774=VERTEX_POINT('',#2561);
#775=VERTEX_POINT('',#2565);
#776=VERTEX_POINT('',#2567);
#777=VERTEX_POINT('',#2571);
#778=VERTEX_POINT('',#2573);
#779=VERTEX_POINT('',#2582);
#780=VERTEX_POINT('',#2583);
#781=VERTEX_POINT('',#2585);
#782=VERTEX_POINT('',#2587);
#783=VERTEX_POINT('',#2591);
#784=VERTEX_POINT('',#2592);
#785=VERTEX_POINT('',#2594);
#786=VERTEX_POINT('',#2597);
#787=VERTEX_POINT('',#2601);
#788=VERTEX_POINT('',#2602);
#789=VERTEX_POINT('',#2604);
#790=VERTEX_POINT('',#2606);
#791=VERTEX_POINT('',#2610);
#792=VERTEX_POINT('',#2612);
#793=VERTEX_POINT('',#2614);
#794=VERTEX_POINT('',#2616);
#795=VERTEX_POINT('',#2620);
#796=VERTEX_POINT('',#2622);
#797=VERTEX_POINT('',#2626);
#798=VERTEX_POINT('',#2630);
#799=VERTEX_POINT('',#2632);
#800=VERTEX_POINT('',#2634);
#801=VERTEX_POINT('',#2636);
#802=VERTEX_POINT('',#2639);
#803=VERTEX_POINT('',#2641);
#804=VERTEX_POINT('',#2643);
#805=VERTEX_POINT('',#2645);
#806=VERTEX_POINT('',#2647);
#807=VERTEX_POINT('',#2651);
#808=VERTEX_POINT('',#2653);
#809=VERTEX_POINT('',#2658);
#810=VERTEX_POINT('',#2660);
#811=VERTEX_POINT('',#2665);
#812=VERTEX_POINT('',#2667);
#813=VERTEX_POINT('',#2672);
#814=VERTEX_POINT('',#2674);
#815=VERTEX_POINT('',#2679);
#816=VERTEX_POINT('',#2681);
#817=VERTEX_POINT('',#2687);
#818=VERTEX_POINT('',#2689);
#819=VERTEX_POINT('',#2691);
#820=VERTEX_POINT('',#2693);
#821=VERTEX_POINT('',#2695);
#822=VERTEX_POINT('',#2697);
#823=VERTEX_POINT('',#2700);
#824=VERTEX_POINT('',#2702);
#825=VERTEX_POINT('',#2726);
#826=VERTEX_POINT('',#2728);
#827=VERTEX_POINT('',#2740);
#828=VERTEX_POINT('',#2741);
#829=VERTEX_POINT('',#2743);
#830=VERTEX_POINT('',#2745);
#831=VERTEX_POINT('',#2749);
#832=VERTEX_POINT('',#2750);
#833=VERTEX_POINT('',#2752);
#834=VERTEX_POINT('',#2755);
#835=VERTEX_POINT('',#2759);
#836=VERTEX_POINT('',#2760);
#837=VERTEX_POINT('',#2762);
#838=VERTEX_POINT('',#2764);
#839=VERTEX_POINT('',#2768);
#840=VERTEX_POINT('',#2770);
#841=VERTEX_POINT('',#2772);
#842=VERTEX_POINT('',#2774);
#843=VERTEX_POINT('',#2778);
#844=VERTEX_POINT('',#2780);
#845=VERTEX_POINT('',#2784);
#846=VERTEX_POINT('',#2788);
#847=VERTEX_POINT('',#2790);
#848=VERTEX_POINT('',#2792);
#849=VERTEX_POINT('',#2794);
#850=VERTEX_POINT('',#2796);
#851=VERTEX_POINT('',#2799);
#852=VERTEX_POINT('',#2801);
#853=VERTEX_POINT('',#2803);
#854=VERTEX_POINT('',#2805);
#855=VERTEX_POINT('',#2809);
#856=VERTEX_POINT('',#2811);
#857=VERTEX_POINT('',#2816);
#858=VERTEX_POINT('',#2818);
#859=VERTEX_POINT('',#2823);
#860=VERTEX_POINT('',#2825);
#861=VERTEX_POINT('',#2830);
#862=VERTEX_POINT('',#2832);
#863=VERTEX_POINT('',#2837);
#864=VERTEX_POINT('',#2839);
#865=VERTEX_POINT('',#2845);
#866=VERTEX_POINT('',#2847);
#867=VERTEX_POINT('',#2850);
#868=VERTEX_POINT('',#2852);
#869=VERTEX_POINT('',#2854);
#870=VERTEX_POINT('',#2856);
#871=VERTEX_POINT('',#2858);
#872=VERTEX_POINT('',#2860);
#873=VERTEX_POINT('',#2884);
#874=VERTEX_POINT('',#2886);
#875=EDGE_CURVE('',#723,#723,#659,.T.);
#876=EDGE_CURVE('',#723,#724,#323,.T.);
#877=EDGE_CURVE('',#724,#724,#660,.T.);
#878=EDGE_CURVE('',#725,#725,#661,.T.);
#879=EDGE_CURVE('',#725,#726,#324,.T.);
#880=EDGE_CURVE('',#726,#726,#662,.T.);
#881=EDGE_CURVE('',#727,#728,#325,.T.);
#882=EDGE_CURVE('',#727,#729,#326,.T.);
#883=EDGE_CURVE('',#730,#729,#327,.T.);
#884=EDGE_CURVE('',#728,#730,#328,.T.);
#885=EDGE_CURVE('',#728,#731,#329,.T.);
#886=EDGE_CURVE('',#732,#730,#330,.T.);
#887=EDGE_CURVE('',#731,#732,#331,.T.);
#888=EDGE_CURVE('',#733,#731,#332,.T.);
#889=EDGE_CURVE('',#734,#732,#333,.T.);
#890=EDGE_CURVE('',#733,#734,#334,.T.);
#891=EDGE_CURVE('',#735,#733,#663,.T.);
#892=EDGE_CURVE('',#736,#734,#664,.T.);
#893=EDGE_CURVE('',#735,#736,#335,.T.);
#894=EDGE_CURVE('',#737,#735,#336,.T.);
#895=EDGE_CURVE('',#738,#736,#337,.T.);
#896=EDGE_CURVE('',#737,#738,#338,.T.);
#897=EDGE_CURVE('',#739,#737,#665,.T.);
#898=EDGE_CURVE('',#740,#738,#666,.T.);
#899=EDGE_CURVE('',#739,#740,#339,.T.);
#900=EDGE_CURVE('',#739,#741,#340,.T.);
#901=EDGE_CURVE('',#742,#740,#341,.T.);
#902=EDGE_CURVE('',#741,#742,#342,.T.);
#903=EDGE_CURVE('',#743,#741,#343,.T.);
#904=EDGE_CURVE('',#744,#742,#344,.T.);
#905=EDGE_CURVE('',#743,#744,#345,.T.);
#906=EDGE_CURVE('',#745,#743,#346,.T.);
#907=EDGE_CURVE('',#746,#744,#347,.T.);
#908=EDGE_CURVE('',#745,#746,#348,.T.);
#909=EDGE_CURVE('',#747,#745,#667,.T.);
#910=EDGE_CURVE('',#748,#746,#668,.T.);
#911=EDGE_CURVE('',#747,#748,#349,.T.);
#912=EDGE_CURVE('',#747,#749,#350,.T.);
#913=EDGE_CURVE('',#750,#748,#351,.T.);
#914=EDGE_CURVE('',#749,#750,#352,.T.);
#915=EDGE_CURVE('',#727,#749,#669,.T.);
#916=EDGE_CURVE('',#729,#750,#670,.T.);
#917=EDGE_CURVE('',#751,#751,#671,.T.);
#918=EDGE_CURVE('',#751,#752,#353,.T.);
#919=EDGE_CURVE('',#752,#752,#672,.T.);
#920=EDGE_CURVE('',#753,#753,#673,.T.);
#921=EDGE_CURVE('',#753,#754,#354,.T.);
#922=EDGE_CURVE('',#754,#754,#674,.T.);
#923=EDGE_CURVE('',#755,#756,#355,.T.);
#924=EDGE_CURVE('',#756,#757,#356,.T.);
#925=EDGE_CURVE('',#757,#758,#357,.T.);
#926=EDGE_CURVE('',#755,#758,#358,.T.);
#927=EDGE_CURVE('',#756,#759,#359,.T.);
#928=EDGE_CURVE('',#759,#760,#360,.T.);
#929=EDGE_CURVE('',#760,#757,#361,.T.);
#930=EDGE_CURVE('',#761,#759,#362,.T.);
#931=EDGE_CURVE('',#761,#762,#363,.T.);
#932=EDGE_CURVE('',#762,#760,#364,.T.);
#933=EDGE_CURVE('',#763,#761,#675,.T.);
#934=EDGE_CURVE('',#763,#764,#365,.T.);
#935=EDGE_CURVE('',#764,#762,#676,.T.);
#936=EDGE_CURVE('',#765,#763,#366,.T.);
#937=EDGE_CURVE('',#765,#766,#367,.T.);
#938=EDGE_CURVE('',#766,#764,#368,.T.);
#939=EDGE_CURVE('',#767,#765,#677,.T.);
#940=EDGE_CURVE('',#767,#768,#369,.T.);
#941=EDGE_CURVE('',#768,#766,#678,.T.);
#942=EDGE_CURVE('',#767,#769,#370,.T.);
#943=EDGE_CURVE('',#769,#770,#371,.T.);
#944=EDGE_CURVE('',#770,#768,#372,.T.);
#945=EDGE_CURVE('',#771,#769,#373,.T.);
#946=EDGE_CURVE('',#771,#772,#374,.T.);
#947=EDGE_CURVE('',#772,#770,#375,.T.);
#948=EDGE_CURVE('',#773,#771,#376,.T.);
#949=EDGE_CURVE('',#773,#774,#377,.T.);
#950=EDGE_CURVE('',#774,#772,#378,.T.);
#951=EDGE_CURVE('',#775,#773,#679,.T.);
#952=EDGE_CURVE('',#775,#776,#379,.T.);
#953=EDGE_CURVE('',#776,#774,#680,.T.);
#954=EDGE_CURVE('',#775,#777,#380,.T.);
#955=EDGE_CURVE('',#777,#778,#381,.T.);
#956=EDGE_CURVE('',#778,#776,#382,.T.);
#957=EDGE_CURVE('',#755,#777,#681,.T.);
#958=EDGE_CURVE('',#758,#778,#682,.T.);
#959=EDGE_CURVE('',#779,#780,#383,.T.);
#960=EDGE_CURVE('',#781,#780,#384,.T.);
#961=EDGE_CURVE('',#781,#782,#385,.T.);
#962=EDGE_CURVE('',#782,#779,#386,.T.);
#963=EDGE_CURVE('',#783,#784,#387,.T.);
#964=EDGE_CURVE('',#785,#783,#13,.T.);
#965=EDGE_CURVE('',#779,#785,#388,.T.);
#966=EDGE_CURVE('',#786,#782,#389,.T.);
#967=EDGE_CURVE('',#784,#786,#390,.T.);
#968=EDGE_CURVE('',#787,#788,#391,.T.);
#969=EDGE_CURVE('',#789,#788,#392,.T.);
#970=EDGE_CURVE('',#789,#790,#393,.T.);
#971=EDGE_CURVE('',#787,#790,#394,.T.);
#972=EDGE_CURVE('',#791,#788,#395,.T.);
#973=EDGE_CURVE('',#792,#791,#14,.T.);
#974=EDGE_CURVE('',#793,#792,#396,.T.);
#975=EDGE_CURVE('',#794,#793,#397,.T.);
#976=EDGE_CURVE('',#789,#794,#398,.T.);
#977=EDGE_CURVE('',#795,#784,#399,.T.);
#978=EDGE_CURVE('',#796,#795,#400,.T.);
#979=EDGE_CURVE('',#796,#783,#401,.T.);
#980=EDGE_CURVE('',#797,#786,#402,.T.);
#981=EDGE_CURVE('',#795,#797,#403,.T.);
#982=EDGE_CURVE('',#782,#798,#404,.T.);
#983=EDGE_CURVE('',#798,#799,#405,.T.);
#984=EDGE_CURVE('',#800,#799,#406,.T.);
#985=EDGE_CURVE('',#800,#801,#407,.T.);
#986=EDGE_CURVE('',#801,#789,#408,.T.);
#987=EDGE_CURVE('',#802,#794,#409,.T.);
#988=EDGE_CURVE('',#803,#802,#410,.T.);
#989=EDGE_CURVE('',#803,#804,#411,.T.);
#990=EDGE_CURVE('',#804,#805,#683,.T.);
#991=EDGE_CURVE('',#805,#806,#412,.T.);
#992=EDGE_CURVE('',#797,#806,#413,.T.);
#993=EDGE_CURVE('',#807,#807,#684,.T.);
#994=EDGE_CURVE('',#807,#808,#414,.T.);
#995=EDGE_CURVE('',#808,#808,#685,.T.);
#996=EDGE_CURVE('',#809,#809,#686,.T.);
#997=EDGE_CURVE('',#809,#810,#415,.T.);
#998=EDGE_CURVE('',#810,#810,#687,.T.);
#999=EDGE_CURVE('',#811,#811,#688,.T.);
#1000=EDGE_CURVE('',#811,#812,#416,.T.);
#1001=EDGE_CURVE('',#812,#812,#689,.T.);
#1002=EDGE_CURVE('',#813,#813,#690,.T.);
#1003=EDGE_CURVE('',#813,#814,#417,.T.);
#1004=EDGE_CURVE('',#814,#814,#691,.T.);
#1005=EDGE_CURVE('',#815,#787,#692,.T.);
#1006=EDGE_CURVE('',#816,#815,#418,.T.);
#1007=EDGE_CURVE('',#788,#816,#693,.T.);
#1008=EDGE_CURVE('',#788,#816,#419,.T.);
#1009=EDGE_CURVE('',#817,#785,#420,.T.);
#1010=EDGE_CURVE('',#818,#817,#421,.T.);
#1011=EDGE_CURVE('',#818,#819,#422,.T.);
#1012=EDGE_CURVE('',#819,#820,#694,.T.);
#1013=EDGE_CURVE('',#820,#821,#423,.T.);
#1014=EDGE_CURVE('',#822,#821,#424,.T.);
#1015=EDGE_CURVE('',#822,#791,#425,.T.);
#1016=EDGE_CURVE('',#823,#815,#426,.T.);
#1017=EDGE_CURVE('',#823,#824,#427,.T.);
#1018=EDGE_CURVE('',#824,#779,#428,.T.);
#1019=EDGE_CURVE('',#799,#781,#695,.T.);
#1020=EDGE_CURVE('',#782,#798,#696,.T.);
#1021=EDGE_CURVE('',#790,#800,#697,.T.);
#1022=EDGE_CURVE('',#801,#789,#698,.T.);
#1023=EDGE_CURVE('',#780,#823,#699,.T.);
#1024=EDGE_CURVE('',#824,#779,#700,.T.);
#1025=EDGE_CURVE('',#805,#819,#429,.T.);
#1026=EDGE_CURVE('',#820,#804,#430,.T.);
#1027=EDGE_CURVE('',#821,#803,#431,.T.);
#1028=EDGE_CURVE('',#806,#818,#432,.T.);
#1029=EDGE_CURVE('',#825,#802,#433,.T.);
#1030=EDGE_CURVE('',#826,#825,#434,.T.);
#1031=EDGE_CURVE('',#826,#822,#701,.T.);
#1032=EDGE_CURVE('',#817,#796,#702,.T.);
#1033=EDGE_CURVE('',#825,#793,#435,.T.);
#1034=EDGE_CURVE('',#826,#792,#436,.T.);
#1035=EDGE_CURVE('',#827,#828,#437,.T.);
#1036=EDGE_CURVE('',#829,#827,#438,.T.);
#1037=EDGE_CURVE('',#830,#829,#439,.T.);
#1038=EDGE_CURVE('',#830,#828,#440,.T.);
#1039=EDGE_CURVE('',#831,#832,#441,.T.);
#1040=EDGE_CURVE('',#832,#833,#442,.T.);
#1041=EDGE_CURVE('',#833,#829,#443,.T.);
#1042=EDGE_CURVE('',#827,#834,#444,.T.);
#1043=EDGE_CURVE('',#834,#831,#15,.T.);
#1044=EDGE_CURVE('',#835,#836,#445,.T.);
#1045=EDGE_CURVE('',#835,#837,#446,.T.);
#1046=EDGE_CURVE('',#838,#837,#447,.T.);
#1047=EDGE_CURVE('',#838,#836,#448,.T.);
#1048=EDGE_CURVE('',#839,#836,#449,.T.);
#1049=EDGE_CURVE('',#838,#840,#450,.T.);
#1050=EDGE_CURVE('',#840,#841,#451,.T.);
#1051=EDGE_CURVE('',#841,#842,#452,.T.);
#1052=EDGE_CURVE('',#842,#839,#16,.T.);
#1053=EDGE_CURVE('',#843,#831,#453,.T.);
#1054=EDGE_CURVE('',#843,#844,#454,.T.);
#1055=EDGE_CURVE('',#844,#832,#455,.T.);
#1056=EDGE_CURVE('',#844,#845,#456,.T.);
#1057=EDGE_CURVE('',#845,#833,#457,.T.);
#1058=EDGE_CURVE('',#845,#846,#458,.T.);
#1059=EDGE_CURVE('',#847,#846,#459,.T.);
#1060=EDGE_CURVE('',#848,#847,#703,.T.);
#1061=EDGE_CURVE('',#849,#848,#460,.T.);
#1062=EDGE_CURVE('',#849,#850,#461,.T.);
#1063=EDGE_CURVE('',#850,#840,#462,.T.);
#1064=EDGE_CURVE('',#851,#838,#463,.T.);
#1065=EDGE_CURVE('',#852,#851,#464,.T.);
#1066=EDGE_CURVE('',#852,#853,#465,.T.);
#1067=EDGE_CURVE('',#854,#853,#466,.T.);
#1068=EDGE_CURVE('',#829,#854,#467,.T.);
#1069=EDGE_CURVE('',#855,#855,#704,.T.);
#1070=EDGE_CURVE('',#855,#856,#468,.T.);
#1071=EDGE_CURVE('',#856,#856,#705,.T.);
#1072=EDGE_CURVE('',#857,#857,#706,.T.);
#1073=EDGE_CURVE('',#857,#858,#469,.T.);
#1074=EDGE_CURVE('',#858,#858,#707,.T.);
#1075=EDGE_CURVE('',#859,#859,#708,.T.);
#1076=EDGE_CURVE('',#859,#860,#470,.T.);
#1077=EDGE_CURVE('',#860,#860,#709,.T.);
#1078=EDGE_CURVE('',#861,#861,#710,.T.);
#1079=EDGE_CURVE('',#861,#862,#471,.T.);
#1080=EDGE_CURVE('',#862,#862,#711,.T.);
#1081=EDGE_CURVE('',#863,#835,#712,.T.);
#1082=EDGE_CURVE('',#836,#864,#713,.T.);
#1083=EDGE_CURVE('',#864,#863,#472,.T.);
#1084=EDGE_CURVE('',#836,#864,#473,.T.);
#1085=EDGE_CURVE('',#865,#827,#474,.T.);
#1086=EDGE_CURVE('',#866,#865,#475,.T.);
#1087=EDGE_CURVE('',#866,#863,#476,.T.);
#1088=EDGE_CURVE('',#867,#839,#477,.T.);
#1089=EDGE_CURVE('',#867,#868,#478,.T.);
#1090=EDGE_CURVE('',#869,#868,#479,.T.);
#1091=EDGE_CURVE('',#870,#869,#714,.T.);
#1092=EDGE_CURVE('',#871,#870,#480,.T.);
#1093=EDGE_CURVE('',#871,#872,#481,.T.);
#1094=EDGE_CURVE('',#872,#834,#482,.T.);
#1095=EDGE_CURVE('',#853,#830,#715,.T.);
#1096=EDGE_CURVE('',#829,#854,#716,.T.);
#1097=EDGE_CURVE('',#837,#852,#717,.T.);
#1098=EDGE_CURVE('',#851,#838,#718,.T.);
#1099=EDGE_CURVE('',#828,#866,#719,.T.);
#1100=EDGE_CURVE('',#865,#827,#720,.T.);
#1101=EDGE_CURVE('',#869,#848,#483,.T.);
#1102=EDGE_CURVE('',#847,#870,#484,.T.);
#1103=EDGE_CURVE('',#868,#849,#485,.T.);
#1104=EDGE_CURVE('',#846,#871,#486,.T.);
#1105=EDGE_CURVE('',#873,#867,#721,.T.);
#1106=EDGE_CURVE('',#873,#874,#487,.T.);
#1107=EDGE_CURVE('',#874,#850,#488,.T.);
#1108=EDGE_CURVE('',#872,#843,#722,.T.);
#1109=EDGE_CURVE('',#874,#841,#489,.T.);
#1110=EDGE_CURVE('',#873,#842,#490,.T.);
#1111=ORIENTED_EDGE('',*,*,#875,.F.);
#1112=ORIENTED_EDGE('',*,*,#876,.T.);
#1113=ORIENTED_EDGE('',*,*,#877,.T.);
#1114=ORIENTED_EDGE('',*,*,#876,.F.);
#1115=ORIENTED_EDGE('',*,*,#878,.F.);
#1116=ORIENTED_EDGE('',*,*,#879,.T.);
#1117=ORIENTED_EDGE('',*,*,#880,.T.);
#1118=ORIENTED_EDGE('',*,*,#879,.F.);
#1119=ORIENTED_EDGE('',*,*,#881,.F.);
#1120=ORIENTED_EDGE('',*,*,#882,.T.);
#1121=ORIENTED_EDGE('',*,*,#883,.F.);
#1122=ORIENTED_EDGE('',*,*,#884,.F.);
#1123=ORIENTED_EDGE('',*,*,#885,.F.);
#1124=ORIENTED_EDGE('',*,*,#884,.T.);
#1125=ORIENTED_EDGE('',*,*,#886,.F.);
#1126=ORIENTED_EDGE('',*,*,#887,.F.);
#1127=ORIENTED_EDGE('',*,*,#888,.T.);
#1128=ORIENTED_EDGE('',*,*,#887,.T.);
#1129=ORIENTED_EDGE('',*,*,#889,.F.);
#1130=ORIENTED_EDGE('',*,*,#890,.F.);
#1131=ORIENTED_EDGE('',*,*,#891,.T.);
#1132=ORIENTED_EDGE('',*,*,#890,.T.);
#1133=ORIENTED_EDGE('',*,*,#892,.F.);
#1134=ORIENTED_EDGE('',*,*,#893,.F.);
#1135=ORIENTED_EDGE('',*,*,#894,.T.);
#1136=ORIENTED_EDGE('',*,*,#893,.T.);
#1137=ORIENTED_EDGE('',*,*,#895,.F.);
#1138=ORIENTED_EDGE('',*,*,#896,.F.);
#1139=ORIENTED_EDGE('',*,*,#897,.T.);
#1140=ORIENTED_EDGE('',*,*,#896,.T.);
#1141=ORIENTED_EDGE('',*,*,#898,.F.);
#1142=ORIENTED_EDGE('',*,*,#899,.F.);
#1143=ORIENTED_EDGE('',*,*,#900,.F.);
#1144=ORIENTED_EDGE('',*,*,#899,.T.);
#1145=ORIENTED_EDGE('',*,*,#901,.F.);
#1146=ORIENTED_EDGE('',*,*,#902,.F.);
#1147=ORIENTED_EDGE('',*,*,#903,.T.);
#1148=ORIENTED_EDGE('',*,*,#902,.T.);
#1149=ORIENTED_EDGE('',*,*,#904,.F.);
#1150=ORIENTED_EDGE('',*,*,#905,.F.);
#1151=ORIENTED_EDGE('',*,*,#906,.T.);
#1152=ORIENTED_EDGE('',*,*,#905,.T.);
#1153=ORIENTED_EDGE('',*,*,#907,.F.);
#1154=ORIENTED_EDGE('',*,*,#908,.F.);
#1155=ORIENTED_EDGE('',*,*,#909,.T.);
#1156=ORIENTED_EDGE('',*,*,#908,.T.);
#1157=ORIENTED_EDGE('',*,*,#910,.F.);
#1158=ORIENTED_EDGE('',*,*,#911,.F.);
#1159=ORIENTED_EDGE('',*,*,#912,.F.);
#1160=ORIENTED_EDGE('',*,*,#911,.T.);
#1161=ORIENTED_EDGE('',*,*,#913,.F.);
#1162=ORIENTED_EDGE('',*,*,#914,.F.);
#1163=ORIENTED_EDGE('',*,*,#915,.T.);
#1164=ORIENTED_EDGE('',*,*,#914,.T.);
#1165=ORIENTED_EDGE('',*,*,#916,.F.);
#1166=ORIENTED_EDGE('',*,*,#882,.F.);
#1167=ORIENTED_EDGE('',*,*,#916,.T.);
#1168=ORIENTED_EDGE('',*,*,#913,.T.);
#1169=ORIENTED_EDGE('',*,*,#910,.T.);
#1170=ORIENTED_EDGE('',*,*,#907,.T.);
#1171=ORIENTED_EDGE('',*,*,#904,.T.);
#1172=ORIENTED_EDGE('',*,*,#901,.T.);
#1173=ORIENTED_EDGE('',*,*,#898,.T.);
#1174=ORIENTED_EDGE('',*,*,#895,.T.);
#1175=ORIENTED_EDGE('',*,*,#892,.T.);
#1176=ORIENTED_EDGE('',*,*,#889,.T.);
#1177=ORIENTED_EDGE('',*,*,#886,.T.);
#1178=ORIENTED_EDGE('',*,*,#883,.T.);
#1179=ORIENTED_EDGE('',*,*,#878,.T.);
#1180=ORIENTED_EDGE('',*,*,#875,.T.);
#1181=ORIENTED_EDGE('',*,*,#915,.F.);
#1182=ORIENTED_EDGE('',*,*,#881,.T.);
#1183=ORIENTED_EDGE('',*,*,#885,.T.);
#1184=ORIENTED_EDGE('',*,*,#888,.F.);
#1185=ORIENTED_EDGE('',*,*,#891,.F.);
#1186=ORIENTED_EDGE('',*,*,#894,.F.);
#1187=ORIENTED_EDGE('',*,*,#897,.F.);
#1188=ORIENTED_EDGE('',*,*,#900,.T.);
#1189=ORIENTED_EDGE('',*,*,#903,.F.);
#1190=ORIENTED_EDGE('',*,*,#906,.F.);
#1191=ORIENTED_EDGE('',*,*,#909,.F.);
#1192=ORIENTED_EDGE('',*,*,#912,.T.);
#1193=ORIENTED_EDGE('',*,*,#880,.F.);
#1194=ORIENTED_EDGE('',*,*,#877,.F.);
#1195=ORIENTED_EDGE('',*,*,#917,.T.);
#1196=ORIENTED_EDGE('',*,*,#918,.T.);
#1197=ORIENTED_EDGE('',*,*,#919,.F.);
#1198=ORIENTED_EDGE('',*,*,#918,.F.);
#1199=ORIENTED_EDGE('',*,*,#920,.T.);
#1200=ORIENTED_EDGE('',*,*,#921,.T.);
#1201=ORIENTED_EDGE('',*,*,#922,.F.);
#1202=ORIENTED_EDGE('',*,*,#921,.F.);
#1203=ORIENTED_EDGE('',*,*,#923,.T.);
#1204=ORIENTED_EDGE('',*,*,#924,.T.);
#1205=ORIENTED_EDGE('',*,*,#925,.T.);
#1206=ORIENTED_EDGE('',*,*,#926,.F.);
#1207=ORIENTED_EDGE('',*,*,#927,.T.);
#1208=ORIENTED_EDGE('',*,*,#928,.T.);
#1209=ORIENTED_EDGE('',*,*,#929,.T.);
#1210=ORIENTED_EDGE('',*,*,#924,.F.);
#1211=ORIENTED_EDGE('',*,*,#930,.F.);
#1212=ORIENTED_EDGE('',*,*,#931,.T.);
#1213=ORIENTED_EDGE('',*,*,#932,.T.);
#1214=ORIENTED_EDGE('',*,*,#928,.F.);
#1215=ORIENTED_EDGE('',*,*,#933,.F.);
#1216=ORIENTED_EDGE('',*,*,#934,.T.);
#1217=ORIENTED_EDGE('',*,*,#935,.T.);
#1218=ORIENTED_EDGE('',*,*,#931,.F.);
#1219=ORIENTED_EDGE('',*,*,#936,.F.);
#1220=ORIENTED_EDGE('',*,*,#937,.T.);
#1221=ORIENTED_EDGE('',*,*,#938,.T.);
#1222=ORIENTED_EDGE('',*,*,#934,.F.);
#1223=ORIENTED_EDGE('',*,*,#939,.F.);
#1224=ORIENTED_EDGE('',*,*,#940,.T.);
#1225=ORIENTED_EDGE('',*,*,#941,.T.);
#1226=ORIENTED_EDGE('',*,*,#937,.F.);
#1227=ORIENTED_EDGE('',*,*,#942,.T.);
#1228=ORIENTED_EDGE('',*,*,#943,.T.);
#1229=ORIENTED_EDGE('',*,*,#944,.T.);
#1230=ORIENTED_EDGE('',*,*,#940,.F.);
#1231=ORIENTED_EDGE('',*,*,#945,.F.);
#1232=ORIENTED_EDGE('',*,*,#946,.T.);
#1233=ORIENTED_EDGE('',*,*,#947,.T.);
#1234=ORIENTED_EDGE('',*,*,#943,.F.);
#1235=ORIENTED_EDGE('',*,*,#948,.F.);
#1236=ORIENTED_EDGE('',*,*,#949,.T.);
#1237=ORIENTED_EDGE('',*,*,#950,.T.);
#1238=ORIENTED_EDGE('',*,*,#946,.F.);
#1239=ORIENTED_EDGE('',*,*,#951,.F.);
#1240=ORIENTED_EDGE('',*,*,#952,.T.);
#1241=ORIENTED_EDGE('',*,*,#953,.T.);
#1242=ORIENTED_EDGE('',*,*,#949,.F.);
#1243=ORIENTED_EDGE('',*,*,#954,.T.);
#1244=ORIENTED_EDGE('',*,*,#955,.T.);
#1245=ORIENTED_EDGE('',*,*,#956,.T.);
#1246=ORIENTED_EDGE('',*,*,#952,.F.);
#1247=ORIENTED_EDGE('',*,*,#957,.F.);
#1248=ORIENTED_EDGE('',*,*,#926,.T.);
#1249=ORIENTED_EDGE('',*,*,#958,.T.);
#1250=ORIENTED_EDGE('',*,*,#955,.F.);
#1251=ORIENTED_EDGE('',*,*,#958,.F.);
#1252=ORIENTED_EDGE('',*,*,#925,.F.);
#1253=ORIENTED_EDGE('',*,*,#929,.F.);
#1254=ORIENTED_EDGE('',*,*,#932,.F.);
#1255=ORIENTED_EDGE('',*,*,#935,.F.);
#1256=ORIENTED_EDGE('',*,*,#938,.F.);
#1257=ORIENTED_EDGE('',*,*,#941,.F.);
#1258=ORIENTED_EDGE('',*,*,#944,.F.);
#1259=ORIENTED_EDGE('',*,*,#947,.F.);
#1260=ORIENTED_EDGE('',*,*,#950,.F.);
#1261=ORIENTED_EDGE('',*,*,#953,.F.);
#1262=ORIENTED_EDGE('',*,*,#956,.F.);
#1263=ORIENTED_EDGE('',*,*,#920,.F.);
#1264=ORIENTED_EDGE('',*,*,#917,.F.);
#1265=ORIENTED_EDGE('',*,*,#957,.T.);
#1266=ORIENTED_EDGE('',*,*,#954,.F.);
#1267=ORIENTED_EDGE('',*,*,#951,.T.);
#1268=ORIENTED_EDGE('',*,*,#948,.T.);
#1269=ORIENTED_EDGE('',*,*,#945,.T.);
#1270=ORIENTED_EDGE('',*,*,#942,.F.);
#1271=ORIENTED_EDGE('',*,*,#939,.T.);
#1272=ORIENTED_EDGE('',*,*,#936,.T.);
#1273=ORIENTED_EDGE('',*,*,#933,.T.);
#1274=ORIENTED_EDGE('',*,*,#930,.T.);
#1275=ORIENTED_EDGE('',*,*,#927,.F.);
#1276=ORIENTED_EDGE('',*,*,#923,.F.);
#1277=ORIENTED_EDGE('',*,*,#922,.T.);
#1278=ORIENTED_EDGE('',*,*,#919,.T.);
#1279=ORIENTED_EDGE('',*,*,#959,.T.);
#1280=ORIENTED_EDGE('',*,*,#960,.F.);
#1281=ORIENTED_EDGE('',*,*,#961,.T.);
#1282=ORIENTED_EDGE('',*,*,#962,.T.);
#1283=ORIENTED_EDGE('',*,*,#963,.F.);
#1284=ORIENTED_EDGE('',*,*,#964,.F.);
#1285=ORIENTED_EDGE('',*,*,#965,.F.);
#1286=ORIENTED_EDGE('',*,*,#962,.F.);
#1287=ORIENTED_EDGE('',*,*,#966,.F.);
#1288=ORIENTED_EDGE('',*,*,#967,.F.);
#1289=ORIENTED_EDGE('',*,*,#968,.T.);
#1290=ORIENTED_EDGE('',*,*,#969,.F.);
#1291=ORIENTED_EDGE('',*,*,#970,.T.);
#1292=ORIENTED_EDGE('',*,*,#971,.F.);
#1293=ORIENTED_EDGE('',*,*,#972,.F.);
#1294=ORIENTED_EDGE('',*,*,#973,.F.);
#1295=ORIENTED_EDGE('',*,*,#974,.F.);
#1296=ORIENTED_EDGE('',*,*,#975,.F.);
#1297=ORIENTED_EDGE('',*,*,#976,.F.);
#1298=ORIENTED_EDGE('',*,*,#969,.T.);
#1299=ORIENTED_EDGE('',*,*,#963,.T.);
#1300=ORIENTED_EDGE('',*,*,#977,.F.);
#1301=ORIENTED_EDGE('',*,*,#978,.F.);
#1302=ORIENTED_EDGE('',*,*,#979,.T.);
#1303=ORIENTED_EDGE('',*,*,#967,.T.);
#1304=ORIENTED_EDGE('',*,*,#980,.F.);
#1305=ORIENTED_EDGE('',*,*,#981,.F.);
#1306=ORIENTED_EDGE('',*,*,#977,.T.);
#1307=ORIENTED_EDGE('',*,*,#966,.T.);
#1308=ORIENTED_EDGE('',*,*,#982,.T.);
#1309=ORIENTED_EDGE('',*,*,#983,.T.);
#1310=ORIENTED_EDGE('',*,*,#984,.F.);
#1311=ORIENTED_EDGE('',*,*,#985,.T.);
#1312=ORIENTED_EDGE('',*,*,#986,.T.);
#1313=ORIENTED_EDGE('',*,*,#976,.T.);
#1314=ORIENTED_EDGE('',*,*,#987,.F.);
#1315=ORIENTED_EDGE('',*,*,#988,.F.);
#1316=ORIENTED_EDGE('',*,*,#989,.T.);
#1317=ORIENTED_EDGE('',*,*,#990,.T.);
#1318=ORIENTED_EDGE('',*,*,#991,.T.);
#1319=ORIENTED_EDGE('',*,*,#992,.F.);
#1320=ORIENTED_EDGE('',*,*,#980,.T.);
#1321=ORIENTED_EDGE('',*,*,#993,.F.);
#1322=ORIENTED_EDGE('',*,*,#994,.T.);
#1323=ORIENTED_EDGE('',*,*,#995,.T.);
#1324=ORIENTED_EDGE('',*,*,#994,.F.);
#1325=ORIENTED_EDGE('',*,*,#995,.F.);
#1326=ORIENTED_EDGE('',*,*,#996,.F.);
#1327=ORIENTED_EDGE('',*,*,#997,.T.);
#1328=ORIENTED_EDGE('',*,*,#998,.T.);
#1329=ORIENTED_EDGE('',*,*,#997,.F.);
#1330=ORIENTED_EDGE('',*,*,#998,.F.);
#1331=ORIENTED_EDGE('',*,*,#999,.F.);
#1332=ORIENTED_EDGE('',*,*,#1000,.T.);
#1333=ORIENTED_EDGE('',*,*,#1001,.T.);
#1334=ORIENTED_EDGE('',*,*,#1000,.F.);
#1335=ORIENTED_EDGE('',*,*,#1001,.F.);
#1336=ORIENTED_EDGE('',*,*,#1002,.F.);
#1337=ORIENTED_EDGE('',*,*,#1003,.T.);
#1338=ORIENTED_EDGE('',*,*,#1004,.T.);
#1339=ORIENTED_EDGE('',*,*,#1003,.F.);
#1340=ORIENTED_EDGE('',*,*,#1004,.F.);
#1341=ORIENTED_EDGE('',*,*,#1005,.F.);
#1342=ORIENTED_EDGE('',*,*,#1006,.F.);
#1343=ORIENTED_EDGE('',*,*,#1007,.F.);
#1344=ORIENTED_EDGE('',*,*,#968,.F.);
#1345=ORIENTED_EDGE('',*,*,#1007,.T.);
#1346=ORIENTED_EDGE('',*,*,#1008,.F.);
#1347=ORIENTED_EDGE('',*,*,#965,.T.);
#1348=ORIENTED_EDGE('',*,*,#1009,.F.);
#1349=ORIENTED_EDGE('',*,*,#1010,.F.);
#1350=ORIENTED_EDGE('',*,*,#1011,.T.);
#1351=ORIENTED_EDGE('',*,*,#1012,.T.);
#1352=ORIENTED_EDGE('',*,*,#1013,.T.);
#1353=ORIENTED_EDGE('',*,*,#1014,.F.);
#1354=ORIENTED_EDGE('',*,*,#1015,.T.);
#1355=ORIENTED_EDGE('',*,*,#972,.T.);
#1356=ORIENTED_EDGE('',*,*,#1008,.T.);
#1357=ORIENTED_EDGE('',*,*,#1006,.T.);
#1358=ORIENTED_EDGE('',*,*,#1016,.F.);
#1359=ORIENTED_EDGE('',*,*,#1017,.T.);
#1360=ORIENTED_EDGE('',*,*,#1018,.T.);
#1361=ORIENTED_EDGE('',*,*,#1019,.F.);
#1362=ORIENTED_EDGE('',*,*,#983,.F.);
#1363=ORIENTED_EDGE('',*,*,#1020,.F.);
#1364=ORIENTED_EDGE('',*,*,#961,.F.);
#1365=ORIENTED_EDGE('',*,*,#1020,.T.);
#1366=ORIENTED_EDGE('',*,*,#982,.F.);
#1367=ORIENTED_EDGE('',*,*,#1021,.F.);
#1368=ORIENTED_EDGE('',*,*,#970,.F.);
#1369=ORIENTED_EDGE('',*,*,#1022,.F.);
#1370=ORIENTED_EDGE('',*,*,#985,.F.);
#1371=ORIENTED_EDGE('',*,*,#1022,.T.);
#1372=ORIENTED_EDGE('',*,*,#986,.F.);
#1373=ORIENTED_EDGE('',*,*,#1023,.F.);
#1374=ORIENTED_EDGE('',*,*,#959,.F.);
#1375=ORIENTED_EDGE('',*,*,#1024,.F.);
#1376=ORIENTED_EDGE('',*,*,#1017,.F.);
#1377=ORIENTED_EDGE('',*,*,#1024,.T.);
#1378=ORIENTED_EDGE('',*,*,#1018,.F.);
#1379=ORIENTED_EDGE('',*,*,#960,.T.);
#1380=ORIENTED_EDGE('',*,*,#1023,.T.);
#1381=ORIENTED_EDGE('',*,*,#1016,.T.);
#1382=ORIENTED_EDGE('',*,*,#1005,.T.);
#1383=ORIENTED_EDGE('',*,*,#971,.T.);
#1384=ORIENTED_EDGE('',*,*,#1021,.T.);
#1385=ORIENTED_EDGE('',*,*,#984,.T.);
#1386=ORIENTED_EDGE('',*,*,#1019,.T.);
#1387=ORIENTED_EDGE('',*,*,#999,.T.);
#1388=ORIENTED_EDGE('',*,*,#1002,.T.);
#1389=ORIENTED_EDGE('',*,*,#1012,.F.);
#1390=ORIENTED_EDGE('',*,*,#1025,.F.);
#1391=ORIENTED_EDGE('',*,*,#990,.F.);
#1392=ORIENTED_EDGE('',*,*,#1026,.F.);
#1393=ORIENTED_EDGE('',*,*,#1027,.F.);
#1394=ORIENTED_EDGE('',*,*,#1013,.F.);
#1395=ORIENTED_EDGE('',*,*,#1026,.T.);
#1396=ORIENTED_EDGE('',*,*,#989,.F.);
#1397=ORIENTED_EDGE('',*,*,#1028,.F.);
#1398=ORIENTED_EDGE('',*,*,#991,.F.);
#1399=ORIENTED_EDGE('',*,*,#1025,.T.);
#1400=ORIENTED_EDGE('',*,*,#1011,.F.);
#1401=ORIENTED_EDGE('',*,*,#988,.T.);
#1402=ORIENTED_EDGE('',*,*,#1029,.F.);
#1403=ORIENTED_EDGE('',*,*,#1030,.F.);
#1404=ORIENTED_EDGE('',*,*,#1031,.T.);
#1405=ORIENTED_EDGE('',*,*,#1014,.T.);
#1406=ORIENTED_EDGE('',*,*,#1027,.T.);
#1407=ORIENTED_EDGE('',*,*,#993,.T.);
#1408=ORIENTED_EDGE('',*,*,#992,.T.);
#1409=ORIENTED_EDGE('',*,*,#1028,.T.);
#1410=ORIENTED_EDGE('',*,*,#1010,.T.);
#1411=ORIENTED_EDGE('',*,*,#1032,.T.);
#1412=ORIENTED_EDGE('',*,*,#978,.T.);
#1413=ORIENTED_EDGE('',*,*,#981,.T.);
#1414=ORIENTED_EDGE('',*,*,#996,.T.);
#1415=ORIENTED_EDGE('',*,*,#975,.T.);
#1416=ORIENTED_EDGE('',*,*,#1033,.F.);
#1417=ORIENTED_EDGE('',*,*,#1029,.T.);
#1418=ORIENTED_EDGE('',*,*,#987,.T.);
#1419=ORIENTED_EDGE('',*,*,#974,.T.);
#1420=ORIENTED_EDGE('',*,*,#1034,.F.);
#1421=ORIENTED_EDGE('',*,*,#1030,.T.);
#1422=ORIENTED_EDGE('',*,*,#1033,.T.);
#1423=ORIENTED_EDGE('',*,*,#973,.T.);
#1424=ORIENTED_EDGE('',*,*,#1015,.F.);
#1425=ORIENTED_EDGE('',*,*,#1031,.F.);
#1426=ORIENTED_EDGE('',*,*,#1034,.T.);
#1427=ORIENTED_EDGE('',*,*,#964,.T.);
#1428=ORIENTED_EDGE('',*,*,#979,.F.);
#1429=ORIENTED_EDGE('',*,*,#1032,.F.);
#1430=ORIENTED_EDGE('',*,*,#1009,.T.);
#1431=ORIENTED_EDGE('',*,*,#1035,.F.);
#1432=ORIENTED_EDGE('',*,*,#1036,.F.);
#1433=ORIENTED_EDGE('',*,*,#1037,.F.);
#1434=ORIENTED_EDGE('',*,*,#1038,.T.);
#1435=ORIENTED_EDGE('',*,*,#1039,.T.);
#1436=ORIENTED_EDGE('',*,*,#1040,.T.);
#1437=ORIENTED_EDGE('',*,*,#1041,.T.);
#1438=ORIENTED_EDGE('',*,*,#1036,.T.);
#1439=ORIENTED_EDGE('',*,*,#1042,.T.);
#1440=ORIENTED_EDGE('',*,*,#1043,.T.);
#1441=ORIENTED_EDGE('',*,*,#1044,.F.);
#1442=ORIENTED_EDGE('',*,*,#1045,.T.);
#1443=ORIENTED_EDGE('',*,*,#1046,.F.);
#1444=ORIENTED_EDGE('',*,*,#1047,.T.);
#1445=ORIENTED_EDGE('',*,*,#1048,.T.);
#1446=ORIENTED_EDGE('',*,*,#1047,.F.);
#1447=ORIENTED_EDGE('',*,*,#1049,.T.);
#1448=ORIENTED_EDGE('',*,*,#1050,.T.);
#1449=ORIENTED_EDGE('',*,*,#1051,.T.);
#1450=ORIENTED_EDGE('',*,*,#1052,.T.);
#1451=ORIENTED_EDGE('',*,*,#1039,.F.);
#1452=ORIENTED_EDGE('',*,*,#1053,.F.);
#1453=ORIENTED_EDGE('',*,*,#1054,.T.);
#1454=ORIENTED_EDGE('',*,*,#1055,.T.);
#1455=ORIENTED_EDGE('',*,*,#1040,.F.);
#1456=ORIENTED_EDGE('',*,*,#1055,.F.);
#1457=ORIENTED_EDGE('',*,*,#1056,.T.);
#1458=ORIENTED_EDGE('',*,*,#1057,.T.);
#1459=ORIENTED_EDGE('',*,*,#1041,.F.);
#1460=ORIENTED_EDGE('',*,*,#1057,.F.);
#1461=ORIENTED_EDGE('',*,*,#1058,.T.);
#1462=ORIENTED_EDGE('',*,*,#1059,.F.);
#1463=ORIENTED_EDGE('',*,*,#1060,.F.);
#1464=ORIENTED_EDGE('',*,*,#1061,.F.);
#1465=ORIENTED_EDGE('',*,*,#1062,.T.);
#1466=ORIENTED_EDGE('',*,*,#1063,.T.);
#1467=ORIENTED_EDGE('',*,*,#1049,.F.);
#1468=ORIENTED_EDGE('',*,*,#1064,.F.);
#1469=ORIENTED_EDGE('',*,*,#1065,.F.);
#1470=ORIENTED_EDGE('',*,*,#1066,.T.);
#1471=ORIENTED_EDGE('',*,*,#1067,.F.);
#1472=ORIENTED_EDGE('',*,*,#1068,.F.);
#1473=ORIENTED_EDGE('',*,*,#1069,.T.);
#1474=ORIENTED_EDGE('',*,*,#1070,.T.);
#1475=ORIENTED_EDGE('',*,*,#1071,.F.);
#1476=ORIENTED_EDGE('',*,*,#1070,.F.);
#1477=ORIENTED_EDGE('',*,*,#1071,.T.);
#1478=ORIENTED_EDGE('',*,*,#1072,.T.);
#1479=ORIENTED_EDGE('',*,*,#1073,.T.);
#1480=ORIENTED_EDGE('',*,*,#1074,.F.);
#1481=ORIENTED_EDGE('',*,*,#1073,.F.);
#1482=ORIENTED_EDGE('',*,*,#1074,.T.);
#1483=ORIENTED_EDGE('',*,*,#1075,.T.);
#1484=ORIENTED_EDGE('',*,*,#1076,.T.);
#1485=ORIENTED_EDGE('',*,*,#1077,.F.);
#1486=ORIENTED_EDGE('',*,*,#1076,.F.);
#1487=ORIENTED_EDGE('',*,*,#1077,.T.);
#1488=ORIENTED_EDGE('',*,*,#1078,.T.);
#1489=ORIENTED_EDGE('',*,*,#1079,.T.);
#1490=ORIENTED_EDGE('',*,*,#1080,.F.);
#1491=ORIENTED_EDGE('',*,*,#1079,.F.);
#1492=ORIENTED_EDGE('',*,*,#1080,.T.);
#1493=ORIENTED_EDGE('',*,*,#1081,.T.);
#1494=ORIENTED_EDGE('',*,*,#1044,.T.);
#1495=ORIENTED_EDGE('',*,*,#1082,.T.);
#1496=ORIENTED_EDGE('',*,*,#1083,.T.);
#1497=ORIENTED_EDGE('',*,*,#1082,.F.);
#1498=ORIENTED_EDGE('',*,*,#1084,.T.);
#1499=ORIENTED_EDGE('',*,*,#1042,.F.);
#1500=ORIENTED_EDGE('',*,*,#1085,.F.);
#1501=ORIENTED_EDGE('',*,*,#1086,.F.);
#1502=ORIENTED_EDGE('',*,*,#1087,.T.);
#1503=ORIENTED_EDGE('',*,*,#1083,.F.);
#1504=ORIENTED_EDGE('',*,*,#1084,.F.);
#1505=ORIENTED_EDGE('',*,*,#1048,.F.);
#1506=ORIENTED_EDGE('',*,*,#1088,.F.);
#1507=ORIENTED_EDGE('',*,*,#1089,.T.);
#1508=ORIENTED_EDGE('',*,*,#1090,.F.);
#1509=ORIENTED_EDGE('',*,*,#1091,.F.);
#1510=ORIENTED_EDGE('',*,*,#1092,.F.);
#1511=ORIENTED_EDGE('',*,*,#1093,.T.);
#1512=ORIENTED_EDGE('',*,*,#1094,.T.);
#1513=ORIENTED_EDGE('',*,*,#1095,.T.);
#1514=ORIENTED_EDGE('',*,*,#1037,.T.);
#1515=ORIENTED_EDGE('',*,*,#1096,.T.);
#1516=ORIENTED_EDGE('',*,*,#1067,.T.);
#1517=ORIENTED_EDGE('',*,*,#1096,.F.);
#1518=ORIENTED_EDGE('',*,*,#1068,.T.);
#1519=ORIENTED_EDGE('',*,*,#1097,.T.);
#1520=ORIENTED_EDGE('',*,*,#1065,.T.);
#1521=ORIENTED_EDGE('',*,*,#1098,.T.);
#1522=ORIENTED_EDGE('',*,*,#1046,.T.);
#1523=ORIENTED_EDGE('',*,*,#1098,.F.);
#1524=ORIENTED_EDGE('',*,*,#1064,.T.);
#1525=ORIENTED_EDGE('',*,*,#1099,.T.);
#1526=ORIENTED_EDGE('',*,*,#1086,.T.);
#1527=ORIENTED_EDGE('',*,*,#1100,.T.);
#1528=ORIENTED_EDGE('',*,*,#1035,.T.);
#1529=ORIENTED_EDGE('',*,*,#1100,.F.);
#1530=ORIENTED_EDGE('',*,*,#1085,.T.);
#1531=ORIENTED_EDGE('',*,*,#1038,.F.);
#1532=ORIENTED_EDGE('',*,*,#1095,.F.);
#1533=ORIENTED_EDGE('',*,*,#1066,.F.);
#1534=ORIENTED_EDGE('',*,*,#1097,.F.);
#1535=ORIENTED_EDGE('',*,*,#1045,.F.);
#1536=ORIENTED_EDGE('',*,*,#1081,.F.);
#1537=ORIENTED_EDGE('',*,*,#1087,.F.);
#1538=ORIENTED_EDGE('',*,*,#1099,.F.);
#1539=ORIENTED_EDGE('',*,*,#1075,.F.);
#1540=ORIENTED_EDGE('',*,*,#1078,.F.);
#1541=ORIENTED_EDGE('',*,*,#1091,.T.);
#1542=ORIENTED_EDGE('',*,*,#1101,.T.);
#1543=ORIENTED_EDGE('',*,*,#1060,.T.);
#1544=ORIENTED_EDGE('',*,*,#1102,.T.);
#1545=ORIENTED_EDGE('',*,*,#1103,.T.);
#1546=ORIENTED_EDGE('',*,*,#1061,.T.);
#1547=ORIENTED_EDGE('',*,*,#1101,.F.);
#1548=ORIENTED_EDGE('',*,*,#1090,.T.);
#1549=ORIENTED_EDGE('',*,*,#1104,.T.);
#1550=ORIENTED_EDGE('',*,*,#1092,.T.);
#1551=ORIENTED_EDGE('',*,*,#1102,.F.);
#1552=ORIENTED_EDGE('',*,*,#1059,.T.);
#1553=ORIENTED_EDGE('',*,*,#1062,.F.);
#1554=ORIENTED_EDGE('',*,*,#1103,.F.);
#1555=ORIENTED_EDGE('',*,*,#1089,.F.);
#1556=ORIENTED_EDGE('',*,*,#1105,.F.);
#1557=ORIENTED_EDGE('',*,*,#1106,.T.);
#1558=ORIENTED_EDGE('',*,*,#1107,.T.);
#1559=ORIENTED_EDGE('',*,*,#1069,.F.);
#1560=ORIENTED_EDGE('',*,*,#1058,.F.);
#1561=ORIENTED_EDGE('',*,*,#1056,.F.);
#1562=ORIENTED_EDGE('',*,*,#1054,.F.);
#1563=ORIENTED_EDGE('',*,*,#1108,.F.);
#1564=ORIENTED_EDGE('',*,*,#1093,.F.);
#1565=ORIENTED_EDGE('',*,*,#1104,.F.);
#1566=ORIENTED_EDGE('',*,*,#1072,.F.);
#1567=ORIENTED_EDGE('',*,*,#1050,.F.);
#1568=ORIENTED_EDGE('',*,*,#1063,.F.);
#1569=ORIENTED_EDGE('',*,*,#1107,.F.);
#1570=ORIENTED_EDGE('',*,*,#1109,.T.);
#1571=ORIENTED_EDGE('',*,*,#1051,.F.);
#1572=ORIENTED_EDGE('',*,*,#1109,.F.);
#1573=ORIENTED_EDGE('',*,*,#1106,.F.);
#1574=ORIENTED_EDGE('',*,*,#1110,.T.);
#1575=ORIENTED_EDGE('',*,*,#1052,.F.);
#1576=ORIENTED_EDGE('',*,*,#1110,.F.);
#1577=ORIENTED_EDGE('',*,*,#1105,.T.);
#1578=ORIENTED_EDGE('',*,*,#1088,.T.);
#1579=ORIENTED_EDGE('',*,*,#1043,.F.);
#1580=ORIENTED_EDGE('',*,*,#1094,.F.);
#1581=ORIENTED_EDGE('',*,*,#1108,.T.);
#1582=ORIENTED_EDGE('',*,*,#1053,.T.);
#1583=CYLINDRICAL_SURFACE('',#1734,1.5);
#1584=CYLINDRICAL_SURFACE('',#1737,1.5);
#1585=CYLINDRICAL_SURFACE('',#1743,3.45);
#1586=CYLINDRICAL_SURFACE('',#1747,3.45);
#1587=CYLINDRICAL_SURFACE('',#1753,3.45);
#1588=CYLINDRICAL_SURFACE('',#1757,3.45);
#1589=CYLINDRICAL_SURFACE('',#1762,1.5);
#1590=CYLINDRICAL_SURFACE('',#1765,1.5);
#1591=CYLINDRICAL_SURFACE('',#1771,3.45);
#1592=CYLINDRICAL_SURFACE('',#1775,3.45);
#1593=CYLINDRICAL_SURFACE('',#1781,3.45);
#1594=CYLINDRICAL_SURFACE('',#1785,3.45);
#1595=CYLINDRICAL_SURFACE('',#1800,1.5);
#1596=CYLINDRICAL_SURFACE('',#1804,1.5);
#1597=CYLINDRICAL_SURFACE('',#1808,1.3);
#1598=CYLINDRICAL_SURFACE('',#1812,1.3);
#1599=CYLINDRICAL_SURFACE('',#1816,3.3);
#1600=CYLINDRICAL_SURFACE('',#1822,3.3);
#1601=CYLINDRICAL_SURFACE('',#1826,3.3);
#1602=CYLINDRICAL_SURFACE('',#1830,3.3);
#1603=CYLINDRICAL_SURFACE('',#1835,8.97620999227555);
#1604=CYLINDRICAL_SURFACE('',#1844,3.45);
#1605=CYLINDRICAL_SURFACE('',#1845,3.45);
#1606=CYLINDRICAL_SURFACE('',#1856,1.5);
#1607=CYLINDRICAL_SURFACE('',#1860,1.5);
#1608=CYLINDRICAL_SURFACE('',#1864,1.3);
#1609=CYLINDRICAL_SURFACE('',#1868,1.3);
#1610=CYLINDRICAL_SURFACE('',#1872,3.3);
#1611=CYLINDRICAL_SURFACE('',#1878,3.3);
#1612=CYLINDRICAL_SURFACE('',#1882,3.3);
#1613=CYLINDRICAL_SURFACE('',#1886,3.3);
#1614=CYLINDRICAL_SURFACE('',#1891,8.97620999227555);
#1615=CYLINDRICAL_SURFACE('',#1900,3.45);
#1616=CYLINDRICAL_SURFACE('',#1901,3.45);
#1617=ADVANCED_FACE('',(#107),#1583,.F.);
#1618=ADVANCED_FACE('',(#108),#1584,.F.);
#1619=ADVANCED_FACE('',(#109),#41,.T.);
#1620=ADVANCED_FACE('',(#110),#42,.T.);
#1621=ADVANCED_FACE('',(#111),#43,.T.);
#1622=ADVANCED_FACE('',(#112),#1585,.T.);
#1623=ADVANCED_FACE('',(#113),#44,.T.);
#1624=ADVANCED_FACE('',(#114),#1586,.T.);
#1625=ADVANCED_FACE('',(#115),#45,.T.);
#1626=ADVANCED_FACE('',(#116),#46,.T.);
#1627=ADVANCED_FACE('',(#117),#47,.T.);
#1628=ADVANCED_FACE('',(#118),#1587,.T.);
#1629=ADVANCED_FACE('',(#119),#48,.T.);
#1630=ADVANCED_FACE('',(#120),#1588,.T.);
#1631=ADVANCED_FACE('',(#121,#25,#26),#49,.T.);
#1632=ADVANCED_FACE('',(#122,#27,#28),#50,.F.);
#1633=ADVANCED_FACE('',(#123),#1589,.F.);
#1634=ADVANCED_FACE('',(#124),#1590,.F.);
#1635=ADVANCED_FACE('',(#125),#51,.F.);
#1636=ADVANCED_FACE('',(#126),#52,.F.);
#1637=ADVANCED_FACE('',(#127),#53,.F.);
#1638=ADVANCED_FACE('',(#128),#1591,.T.);
#1639=ADVANCED_FACE('',(#129),#54,.F.);
#1640=ADVANCED_FACE('',(#130),#1592,.T.);
#1641=ADVANCED_FACE('',(#131),#55,.F.);
#1642=ADVANCED_FACE('',(#132),#56,.F.);
#1643=ADVANCED_FACE('',(#133),#57,.F.);
#1644=ADVANCED_FACE('',(#134),#1593,.T.);
#1645=ADVANCED_FACE('',(#135),#58,.F.);
#1646=ADVANCED_FACE('',(#136),#1594,.T.);
#1647=ADVANCED_FACE('',(#137,#29,#30),#59,.F.);
#1648=ADVANCED_FACE('',(#138,#31,#32),#60,.T.);
#1649=ADVANCED_FACE('',(#139),#61,.F.);
#1650=ADVANCED_FACE('',(#140),#62,.F.);
#1651=ADVANCED_FACE('',(#141),#63,.F.);
#1652=ADVANCED_FACE('',(#142),#64,.F.);
#1653=ADVANCED_FACE('',(#143),#65,.T.);
#1654=ADVANCED_FACE('',(#144),#66,.T.);
#1655=ADVANCED_FACE('',(#145),#67,.T.);
#1656=ADVANCED_FACE('',(#146),#1595,.F.);
#1657=ADVANCED_FACE('',(#147),#68,.T.);
#1658=ADVANCED_FACE('',(#148),#1596,.F.);
#1659=ADVANCED_FACE('',(#149),#69,.T.);
#1660=ADVANCED_FACE('',(#150),#1597,.F.);
#1661=ADVANCED_FACE('',(#151),#70,.T.);
#1662=ADVANCED_FACE('',(#152),#1598,.F.);
#1663=ADVANCED_FACE('',(#153),#71,.T.);
#1664=ADVANCED_FACE('',(#154),#1599,.T.);
#1665=ADVANCED_FACE('',(#155),#72,.F.);
#1666=ADVANCED_FACE('',(#156),#73,.T.);
#1667=ADVANCED_FACE('',(#157),#1600,.T.);
#1668=ADVANCED_FACE('',(#158),#74,.F.);
#1669=ADVANCED_FACE('',(#159),#1601,.T.);
#1670=ADVANCED_FACE('',(#160),#75,.F.);
#1671=ADVANCED_FACE('',(#161),#1602,.T.);
#1672=ADVANCED_FACE('',(#162),#76,.F.);
#1673=ADVANCED_FACE('',(#163,#33,#34),#77,.F.);
#1674=ADVANCED_FACE('',(#164),#1603,.F.);
#1675=ADVANCED_FACE('',(#165),#78,.F.);
#1676=ADVANCED_FACE('',(#166),#79,.F.);
#1677=ADVANCED_FACE('',(#167,#35),#80,.T.);
#1678=ADVANCED_FACE('',(#168,#36),#81,.T.);
#1679=ADVANCED_FACE('',(#169),#82,.T.);
#1680=ADVANCED_FACE('',(#170),#83,.T.);
#1681=ADVANCED_FACE('',(#171),#1604,.T.);
#1682=ADVANCED_FACE('',(#172),#1605,.T.);
#1683=ADVANCED_FACE('',(#173),#84,.T.);
#1684=ADVANCED_FACE('',(#174),#85,.T.);
#1685=ADVANCED_FACE('',(#175),#86,.T.);
#1686=ADVANCED_FACE('',(#176),#87,.T.);
#1687=ADVANCED_FACE('',(#177),#88,.F.);
#1688=ADVANCED_FACE('',(#178),#89,.F.);
#1689=ADVANCED_FACE('',(#179),#90,.F.);
#1690=ADVANCED_FACE('',(#180),#1606,.F.);
#1691=ADVANCED_FACE('',(#181),#91,.F.);
#1692=ADVANCED_FACE('',(#182),#1607,.F.);
#1693=ADVANCED_FACE('',(#183),#92,.F.);
#1694=ADVANCED_FACE('',(#184),#1608,.F.);
#1695=ADVANCED_FACE('',(#185),#93,.F.);
#1696=ADVANCED_FACE('',(#186),#1609,.F.);
#1697=ADVANCED_FACE('',(#187),#94,.F.);
#1698=ADVANCED_FACE('',(#188),#1610,.T.);
#1699=ADVANCED_FACE('',(#189),#95,.T.);
#1700=ADVANCED_FACE('',(#190),#96,.F.);
#1701=ADVANCED_FACE('',(#191),#1611,.T.);
#1702=ADVANCED_FACE('',(#192),#97,.T.);
#1703=ADVANCED_FACE('',(#193),#1612,.T.);
#1704=ADVANCED_FACE('',(#194),#98,.T.);
#1705=ADVANCED_FACE('',(#195),#1613,.T.);
#1706=ADVANCED_FACE('',(#196),#99,.T.);
#1707=ADVANCED_FACE('',(#197,#37,#38),#100,.T.);
#1708=ADVANCED_FACE('',(#198),#1614,.F.);
#1709=ADVANCED_FACE('',(#199),#101,.T.);
#1710=ADVANCED_FACE('',(#200),#102,.T.);
#1711=ADVANCED_FACE('',(#201,#39),#103,.F.);
#1712=ADVANCED_FACE('',(#202,#40),#104,.F.);
#1713=ADVANCED_FACE('',(#203),#105,.F.);
#1714=ADVANCED_FACE('',(#204),#106,.F.);
#1715=ADVANCED_FACE('',(#205),#1615,.T.);
#1716=ADVANCED_FACE('',(#206),#1616,.T.);
#1717=CLOSED_SHELL('',(#1617,#1618,#1619,#1620,#1621,#1622,#1623,#1624,
#1625,#1626,#1627,#1628,#1629,#1630,#1631,#1632));
#1718=CLOSED_SHELL('',(#1633,#1634,#1635,#1636,#1637,#1638,#1639,#1640,
#1641,#1642,#1643,#1644,#1645,#1646,#1647,#1648));
#1719=CLOSED_SHELL('',(#1649,#1650,#1651,#1652,#1653,#1654,#1655,#1656,
#1657,#1658,#1659,#1660,#1661,#1662,#1663,#1664,#1665,#1666,#1667,#1668,
#1669,#1670,#1671,#1672,#1673,#1674,#1675,#1676,#1677,#1678,#1679,#1680,
#1681,#1682));
#1720=CLOSED_SHELL('',(#1683,#1684,#1685,#1686,#1687,#1688,#1689,#1690,
#1691,#1692,#1693,#1694,#1695,#1696,#1697,#1698,#1699,#1700,#1701,#1702,
#1703,#1704,#1705,#1706,#1707,#1708,#1709,#1710,#1711,#1712,#1713,#1714,
#1715,#1716));
#1721=DERIVED_UNIT_ELEMENT(#1723,1.);
#1722=DERIVED_UNIT_ELEMENT(#2902,-3.);
#1723=(
MASS_UNIT()
NAMED_UNIT(*)
SI_UNIT(.KILO.,.GRAM.)
);
#1724=DERIVED_UNIT((#1721,#1722));
#1725=MEASURE_REPRESENTATION_ITEM('density measure',
POSITIVE_RATIO_MEASURE(7850.),#1724);
#1726=PROPERTY_DEFINITION_REPRESENTATION(#1731,#1728);
#1727=PROPERTY_DEFINITION_REPRESENTATION(#1732,#1729);
#1728=REPRESENTATION('material name',(#1730),#2899);
#1729=REPRESENTATION('density',(#1725),#2899);
#1730=DESCRIPTIVE_REPRESENTATION_ITEM('\X2\94A2\X0\','\X2\94A2\X0\');
#1731=PROPERTY_DEFINITION('material property','material name',#2909);
#1732=PROPERTY_DEFINITION('material property','density of part',#2909);
#1733=AXIS2_PLACEMENT_3D('',#2408,#1902,#1903);
#1734=AXIS2_PLACEMENT_3D('',#2409,#1904,#1905);
#1735=AXIS2_PLACEMENT_3D('',#2411,#1906,#1907);
#1736=AXIS2_PLACEMENT_3D('',#2414,#1909,#1910);
#1737=AXIS2_PLACEMENT_3D('',#2415,#1911,#1912);
#1738=AXIS2_PLACEMENT_3D('',#2417,#1913,#1914);
#1739=AXIS2_PLACEMENT_3D('',#2420,#1916,#1917);
#1740=AXIS2_PLACEMENT_3D('',#2421,#1918,#1919);
#1741=AXIS2_PLACEMENT_3D('',#2430,#1924,#1925);
#1742=AXIS2_PLACEMENT_3D('',#2436,#1929,#1930);
#1743=AXIS2_PLACEMENT_3D('',#2442,#1934,#1935);
#1744=AXIS2_PLACEMENT_3D('',#2444,#1936,#1937);
#1745=AXIS2_PLACEMENT_3D('',#2446,#1938,#1939);
#1746=AXIS2_PLACEMENT_3D('',#2448,#1941,#1942);
#1747=AXIS2_PLACEMENT_3D('',#2454,#1946,#1947);
#1748=AXIS2_PLACEMENT_3D('',#2456,#1948,#1949);
#1749=AXIS2_PLACEMENT_3D('',#2458,#1950,#1951);
#1750=AXIS2_PLACEMENT_3D('',#2460,#1953,#1954);
#1751=AXIS2_PLACEMENT_3D('',#2466,#1958,#1959);
#1752=AXIS2_PLACEMENT_3D('',#2472,#1963,#1964);
#1753=AXIS2_PLACEMENT_3D('',#2478,#1968,#1969);
#1754=AXIS2_PLACEMENT_3D('',#2480,#1970,#1971);
#1755=AXIS2_PLACEMENT_3D('',#2482,#1972,#1973);
#1756=AXIS2_PLACEMENT_3D('',#2484,#1975,#1976);
#1757=AXIS2_PLACEMENT_3D('',#2490,#1980,#1981);
#1758=AXIS2_PLACEMENT_3D('',#2491,#1982,#1983);
#1759=AXIS2_PLACEMENT_3D('',#2492,#1984,#1985);
#1760=AXIS2_PLACEMENT_3D('',#2493,#1986,#1987);
#1761=AXIS2_PLACEMENT_3D('',#2494,#1988,#1989);
#1762=AXIS2_PLACEMENT_3D('',#2495,#1990,#1991);
#1763=AXIS2_PLACEMENT_3D('',#2497,#1992,#1993);
#1764=AXIS2_PLACEMENT_3D('',#2500,#1995,#1996);
#1765=AXIS2_PLACEMENT_3D('',#2501,#1997,#1998);
#1766=AXIS2_PLACEMENT_3D('',#2503,#1999,#2000);
#1767=AXIS2_PLACEMENT_3D('',#2506,#2002,#2003);
#1768=AXIS2_PLACEMENT_3D('',#2507,#2004,#2005);
#1769=AXIS2_PLACEMENT_3D('',#2516,#2010,#2011);
#1770=AXIS2_PLACEMENT_3D('',#2522,#2015,#2016);
#1771=AXIS2_PLACEMENT_3D('',#2528,#2020,#2021);
#1772=AXIS2_PLACEMENT_3D('',#2530,#2022,#2023);
#1773=AXIS2_PLACEMENT_3D('',#2533,#2025,#2026);
#1774=AXIS2_PLACEMENT_3D('',#2534,#2027,#2028);
#1775=AXIS2_PLACEMENT_3D('',#2540,#2032,#2033);
#1776=AXIS2_PLACEMENT_3D('',#2542,#2034,#2035);
#1777=AXIS2_PLACEMENT_3D('',#2545,#2037,#2038);
#1778=AXIS2_PLACEMENT_3D('',#2546,#2039,#2040);
#1779=AXIS2_PLACEMENT_3D('',#2552,#2044,#2045);
#1780=AXIS2_PLACEMENT_3D('',#2558,#2049,#2050);
#1781=AXIS2_PLACEMENT_3D('',#2564,#2054,#2055);
#1782=AXIS2_PLACEMENT_3D('',#2566,#2056,#2057);
#1783=AXIS2_PLACEMENT_3D('',#2569,#2059,#2060);
#1784=AXIS2_PLACEMENT_3D('',#2570,#2061,#2062);
#1785=AXIS2_PLACEMENT_3D('',#2576,#2066,#2067);
#1786=AXIS2_PLACEMENT_3D('',#2577,#2068,#2069);
#1787=AXIS2_PLACEMENT_3D('',#2578,#2070,#2071);
#1788=AXIS2_PLACEMENT_3D('',#2579,#2072,#2073);
#1789=AXIS2_PLACEMENT_3D('',#2580,#2074,#2075);
#1790=AXIS2_PLACEMENT_3D('',#2581,#2076,#2077);
#1791=AXIS2_PLACEMENT_3D('',#2590,#2082,#2083);
#1792=AXIS2_PLACEMENT_3D('',#2595,#2085,#2086);
#1793=AXIS2_PLACEMENT_3D('',#2600,#2090,#2091);
#1794=AXIS2_PLACEMENT_3D('',#2609,#2096,#2097);
#1795=AXIS2_PLACEMENT_3D('',#2613,#2099,#2100);
#1796=AXIS2_PLACEMENT_3D('',#2619,#2104,#2105);
#1797=AXIS2_PLACEMENT_3D('',#2625,#2109,#2110);
#1798=AXIS2_PLACEMENT_3D('',#2629,#2113,#2114);
#1799=AXIS2_PLACEMENT_3D('',#2646,#2123,#2124);
#1800=AXIS2_PLACEMENT_3D('',#2650,#2127,#2128);
#1801=AXIS2_PLACEMENT_3D('',#2652,#2129,#2130);
#1802=AXIS2_PLACEMENT_3D('',#2655,#2132,#2133);
#1803=AXIS2_PLACEMENT_3D('',#2656,#2134,#2135);
#1804=AXIS2_PLACEMENT_3D('',#2657,#2136,#2137);
#1805=AXIS2_PLACEMENT_3D('',#2659,#2138,#2139);
#1806=AXIS2_PLACEMENT_3D('',#2662,#2141,#2142);
#1807=AXIS2_PLACEMENT_3D('',#2663,#2143,#2144);
#1808=AXIS2_PLACEMENT_3D('',#2664,#2145,#2146);
#1809=AXIS2_PLACEMENT_3D('',#2666,#2147,#2148);
#1810=AXIS2_PLACEMENT_3D('',#2669,#2150,#2151);
#1811=AXIS2_PLACEMENT_3D('',#2670,#2152,#2153);
#1812=AXIS2_PLACEMENT_3D('',#2671,#2154,#2155);
#1813=AXIS2_PLACEMENT_3D('',#2673,#2156,#2157);
#1814=AXIS2_PLACEMENT_3D('',#2676,#2159,#2160);
#1815=AXIS2_PLACEMENT_3D('',#2677,#2161,#2162);
#1816=AXIS2_PLACEMENT_3D('',#2678,#2163,#2164);
#1817=AXIS2_PLACEMENT_3D('',#2680,#2165,#2166);
#1818=AXIS2_PLACEMENT_3D('',#2683,#2168,#2169);
#1819=AXIS2_PLACEMENT_3D('',#2684,#2170,#2171);
#1820=AXIS2_PLACEMENT_3D('',#2686,#2173,#2174);
#1821=AXIS2_PLACEMENT_3D('',#2694,#2178,#2179);
#1822=AXIS2_PLACEMENT_3D('',#2705,#2186,#2187);
#1823=AXIS2_PLACEMENT_3D('',#2706,#2188,#2189);
#1824=AXIS2_PLACEMENT_3D('',#2707,#2190,#2191);
#1825=AXIS2_PLACEMENT_3D('',#2708,#2192,#2193);
#1826=AXIS2_PLACEMENT_3D('',#2709,#2194,#2195);
#1827=AXIS2_PLACEMENT_3D('',#2710,#2196,#2197);
#1828=AXIS2_PLACEMENT_3D('',#2711,#2198,#2199);
#1829=AXIS2_PLACEMENT_3D('',#2712,#2200,#2201);
#1830=AXIS2_PLACEMENT_3D('',#2713,#2202,#2203);
#1831=AXIS2_PLACEMENT_3D('',#2714,#2204,#2205);
#1832=AXIS2_PLACEMENT_3D('',#2715,#2206,#2207);
#1833=AXIS2_PLACEMENT_3D('',#2716,#2208,#2209);
#1834=AXIS2_PLACEMENT_3D('',#2717,#2210,#2211);
#1835=AXIS2_PLACEMENT_3D('',#2718,#2212,#2213);
#1836=AXIS2_PLACEMENT_3D('',#2721,#2216,#2217);
#1837=AXIS2_PLACEMENT_3D('',#2723,#2219,#2220);
#1838=AXIS2_PLACEMENT_3D('',#2725,#2222,#2223);
#1839=AXIS2_PLACEMENT_3D('',#2730,#2226,#2227);
#1840=AXIS2_PLACEMENT_3D('',#2731,#2228,#2229);
#1841=AXIS2_PLACEMENT_3D('',#2732,#2230,#2231);
#1842=AXIS2_PLACEMENT_3D('',#2733,#2232,#2233);
#1843=AXIS2_PLACEMENT_3D('',#2735,#2235,#2236);
#1844=AXIS2_PLACEMENT_3D('',#2737,#2238,#2239);
#1845=AXIS2_PLACEMENT_3D('',#2738,#2240,#2241);
#1846=AXIS2_PLACEMENT_3D('',#2739,#2242,#2243);
#1847=AXIS2_PLACEMENT_3D('',#2748,#2248,#2249);
#1848=AXIS2_PLACEMENT_3D('',#2757,#2254,#2255);
#1849=AXIS2_PLACEMENT_3D('',#2758,#2256,#2257);
#1850=AXIS2_PLACEMENT_3D('',#2767,#2262,#2263);
#1851=AXIS2_PLACEMENT_3D('',#2776,#2268,#2269);
#1852=AXIS2_PLACEMENT_3D('',#2777,#2270,#2271);
#1853=AXIS2_PLACEMENT_3D('',#2783,#2275,#2276);
#1854=AXIS2_PLACEMENT_3D('',#2787,#2279,#2280);
#1855=AXIS2_PLACEMENT_3D('',#2793,#2283,#2284);
#1856=AXIS2_PLACEMENT_3D('',#2808,#2293,#2294);
#1857=AXIS2_PLACEMENT_3D('',#2810,#2295,#2296);
#1858=AXIS2_PLACEMENT_3D('',#2813,#2298,#2299);
#1859=AXIS2_PLACEMENT_3D('',#2814,#2300,#2301);
#1860=AXIS2_PLACEMENT_3D('',#2815,#2302,#2303);
#1861=AXIS2_PLACEMENT_3D('',#2817,#2304,#2305);
#1862=AXIS2_PLACEMENT_3D('',#2820,#2307,#2308);
#1863=AXIS2_PLACEMENT_3D('',#2821,#2309,#2310);
#1864=AXIS2_PLACEMENT_3D('',#2822,#2311,#2312);
#1865=AXIS2_PLACEMENT_3D('',#2824,#2313,#2314);
#1866=AXIS2_PLACEMENT_3D('',#2827,#2316,#2317);
#1867=AXIS2_PLACEMENT_3D('',#2828,#2318,#2319);
#1868=AXIS2_PLACEMENT_3D('',#2829,#2320,#2321);
#1869=AXIS2_PLACEMENT_3D('',#2831,#2322,#2323);
#1870=AXIS2_PLACEMENT_3D('',#2834,#2325,#2326);
#1871=AXIS2_PLACEMENT_3D('',#2835,#2327,#2328);
#1872=AXIS2_PLACEMENT_3D('',#2836,#2329,#2330);
#1873=AXIS2_PLACEMENT_3D('',#2838,#2331,#2332);
#1874=AXIS2_PLACEMENT_3D('',#2840,#2333,#2334);
#1875=AXIS2_PLACEMENT_3D('',#2842,#2336,#2337);
#1876=AXIS2_PLACEMENT_3D('',#2844,#2339,#2340);
#1877=AXIS2_PLACEMENT_3D('',#2857,#2347,#2348);
#1878=AXIS2_PLACEMENT_3D('',#2863,#2352,#2353);
#1879=AXIS2_PLACEMENT_3D('',#2864,#2354,#2355);
#1880=AXIS2_PLACEMENT_3D('',#2865,#2356,#2357);
#1881=AXIS2_PLACEMENT_3D('',#2866,#2358,#2359);
#1882=AXIS2_PLACEMENT_3D('',#2867,#2360,#2361);
#1883=AXIS2_PLACEMENT_3D('',#2868,#2362,#2363);
#1884=AXIS2_PLACEMENT_3D('',#2869,#2364,#2365);
#1885=AXIS2_PLACEMENT_3D('',#2870,#2366,#2367);
#1886=AXIS2_PLACEMENT_3D('',#2871,#2368,#2369);
#1887=AXIS2_PLACEMENT_3D('',#2872,#2370,#2371);
#1888=AXIS2_PLACEMENT_3D('',#2873,#2372,#2373);
#1889=AXIS2_PLACEMENT_3D('',#2874,#2374,#2375);
#1890=AXIS2_PLACEMENT_3D('',#2875,#2376,#2377);
#1891=AXIS2_PLACEMENT_3D('',#2876,#2378,#2379);
#1892=AXIS2_PLACEMENT_3D('',#2879,#2382,#2383);
#1893=AXIS2_PLACEMENT_3D('',#2881,#2385,#2386);
#1894=AXIS2_PLACEMENT_3D('',#2883,#2388,#2389);
#1895=AXIS2_PLACEMENT_3D('',#2885,#2390,#2391);
#1896=AXIS2_PLACEMENT_3D('',#2889,#2394,#2395);
#1897=AXIS2_PLACEMENT_3D('',#2890,#2396,#2397);
#1898=AXIS2_PLACEMENT_3D('',#2891,#2398,#2399);
#1899=AXIS2_PLACEMENT_3D('',#2893,#2401,#2402);
#1900=AXIS2_PLACEMENT_3D('',#2895,#2404,#2405);
#1901=AXIS2_PLACEMENT_3D('',#2896,#2406,#2407);
#1902=DIRECTION('axis',(0.,0.,1.));
#1903=DIRECTION('refdir',(1.,0.,0.));
#1904=DIRECTION('center_axis',(0.,0.,1.));
#1905=DIRECTION('ref_axis',(1.,0.,0.));
#1906=DIRECTION('center_axis',(0.,0.,-1.));
#1907=DIRECTION('ref_axis',(1.,0.,0.));
#1908=DIRECTION('',(0.,0.,-1.));
#1909=DIRECTION('center_axis',(0.,0.,-1.));
#1910=DIRECTION('ref_axis',(1.,0.,0.));
#1911=DIRECTION('center_axis',(0.,0.,1.));
#1912=DIRECTION('ref_axis',(1.,0.,0.));
#1913=DIRECTION('center_axis',(0.,0.,-1.));
#1914=DIRECTION('ref_axis',(1.,0.,0.));
#1915=DIRECTION('',(0.,0.,-1.));
#1916=DIRECTION('center_axis',(0.,0.,-1.));
#1917=DIRECTION('ref_axis',(1.,0.,0.));
#1918=DIRECTION('center_axis',(0.,1.,0.));
#1919=DIRECTION('ref_axis',(-1.,0.,0.));
#1920=DIRECTION('',(1.,0.,0.));
#1921=DIRECTION('',(0.,0.,1.));
#1922=DIRECTION('',(-1.,0.,0.));
#1923=DIRECTION('',(0.,0.,1.));
#1924=DIRECTION('center_axis',(1.,0.,0.));
#1925=DIRECTION('ref_axis',(0.,1.,0.));
#1926=DIRECTION('',(0.,-1.,0.));
#1927=DIRECTION('',(0.,1.,0.));
#1928=DIRECTION('',(0.,0.,1.));
#1929=DIRECTION('center_axis',(0.,-1.,0.));
#1930=DIRECTION('ref_axis',(1.,0.,0.));
#1931=DIRECTION('',(1.,0.,0.));
#1932=DIRECTION('',(1.,0.,0.));
#1933=DIRECTION('',(0.,0.,1.));
#1934=DIRECTION('center_axis',(0.,0.,1.));
#1935=DIRECTION('ref_axis',(1.,0.,0.));
#1936=DIRECTION('center_axis',(0.,0.,1.));
#1937=DIRECTION('ref_axis',(1.,0.,0.));
#1938=DIRECTION('center_axis',(0.,0.,1.));
#1939=DIRECTION('ref_axis',(1.,0.,0.));
#1940=DIRECTION('',(0.,0.,1.));
#1941=DIRECTION('center_axis',(-1.09478998977384E-16,-1.,0.));
#1942=DIRECTION('ref_axis',(1.,-1.09478998977384E-16,0.));
#1943=DIRECTION('',(1.,-1.09478998977384E-16,0.));
#1944=DIRECTION('',(1.,-1.09478998977384E-16,0.));
#1945=DIRECTION('',(0.,0.,1.));
#1946=DIRECTION('center_axis',(0.,0.,1.));
#1947=DIRECTION('ref_axis',(0.67356232107955,0.739130434782609,0.));
#1948=DIRECTION('center_axis',(0.,0.,1.));
#1949=DIRECTION('ref_axis',(0.67356232107955,0.739130434782609,0.));
#1950=DIRECTION('center_axis',(0.,0.,1.));
#1951=DIRECTION('ref_axis',(0.67356232107955,0.739130434782609,0.));
#1952=DIRECTION('',(0.,0.,1.));
#1953=DIRECTION('center_axis',(-2.05596856412066E-16,-1.,0.));
#1954=DIRECTION('ref_axis',(1.,-2.05596856412066E-16,0.));
#1955=DIRECTION('',(-1.,2.05596856412066E-16,0.));
#1956=DIRECTION('',(1.,-2.05596856412066E-16,0.));
#1957=DIRECTION('',(0.,0.,1.));
#1958=DIRECTION('center_axis',(-1.,0.,0.));
#1959=DIRECTION('ref_axis',(0.,-1.,0.));
#1960=DIRECTION('',(0.,-1.,0.));
#1961=DIRECTION('',(0.,-1.,0.));
#1962=DIRECTION('',(0.,0.,1.));
#1963=DIRECTION('center_axis',(-2.05596856412066E-16,1.,0.));
#1964=DIRECTION('ref_axis',(-1.,-2.05596856412066E-16,0.));
#1965=DIRECTION('',(-1.,-2.05596856412066E-16,0.));
#1966=DIRECTION('',(-1.,-2.05596856412066E-16,0.));
#1967=DIRECTION('',(0.,0.,1.));
#1968=DIRECTION('center_axis',(0.,0.,1.));
#1969=DIRECTION('ref_axis',(0.67356232107955,0.739130434782609,0.));
#1970=DIRECTION('center_axis',(0.,0.,1.));
#1971=DIRECTION('ref_axis',(0.67356232107955,0.739130434782609,0.));
#1972=DIRECTION('center_axis',(0.,0.,1.));
#1973=DIRECTION('ref_axis',(0.67356232107955,0.739130434782609,0.));
#1974=DIRECTION('',(0.,0.,1.));
#1975=DIRECTION('center_axis',(0.,1.,0.));
#1976=DIRECTION('ref_axis',(-1.,0.,0.));
#1977=DIRECTION('',(1.,0.,0.));
#1978=DIRECTION('',(-1.,0.,0.));
#1979=DIRECTION('',(0.,0.,1.));
#1980=DIRECTION('center_axis',(0.,0.,1.));
#1981=DIRECTION('ref_axis',(1.,0.,0.));
#1982=DIRECTION('center_axis',(0.,0.,1.));
#1983=DIRECTION('ref_axis',(1.,0.,0.));
#1984=DIRECTION('center_axis',(0.,0.,1.));
#1985=DIRECTION('ref_axis',(1.,0.,0.));
#1986=DIRECTION('center_axis',(0.,0.,1.));
#1987=DIRECTION('ref_axis',(1.,0.,0.));
#1988=DIRECTION('center_axis',(0.,0.,1.));
#1989=DIRECTION('ref_axis',(1.,0.,0.));
#1990=DIRECTION('center_axis',(0.,0.,-1.));
#1991=DIRECTION('ref_axis',(-1.,0.,0.));
#1992=DIRECTION('center_axis',(0.,0.,1.));
#1993=DIRECTION('ref_axis',(-1.,0.,0.));
#1994=DIRECTION('',(0.,0.,-1.));
#1995=DIRECTION('center_axis',(0.,0.,1.));
#1996=DIRECTION('ref_axis',(-1.,0.,0.));
#1997=DIRECTION('center_axis',(0.,0.,-1.));
#1998=DIRECTION('ref_axis',(-1.,0.,0.));
#1999=DIRECTION('center_axis',(0.,0.,1.));
#2000=DIRECTION('ref_axis',(-1.,0.,0.));
#2001=DIRECTION('',(0.,0.,-1.));
#2002=DIRECTION('center_axis',(0.,0.,1.));
#2003=DIRECTION('ref_axis',(-1.,0.,0.));
#2004=DIRECTION('center_axis',(0.,-1.,0.));
#2005=DIRECTION('ref_axis',(1.,0.,0.));
#2006=DIRECTION('',(-1.,0.,0.));
#2007=DIRECTION('',(0.,0.,1.));
#2008=DIRECTION('',(1.,0.,0.));
#2009=DIRECTION('',(0.,0.,1.));
#2010=DIRECTION('center_axis',(1.,0.,0.));
#2011=DIRECTION('ref_axis',(0.,1.,0.));
#2012=DIRECTION('',(0.,-1.,0.));
#2013=DIRECTION('',(0.,0.,1.));
#2014=DIRECTION('',(0.,1.,0.));
#2015=DIRECTION('center_axis',(0.,1.,0.));
#2016=DIRECTION('ref_axis',(-1.,0.,0.));
#2017=DIRECTION('',(-1.,0.,0.));
#2018=DIRECTION('',(0.,0.,1.));
#2019=DIRECTION('',(-1.,0.,0.));
#2020=DIRECTION('center_axis',(0.,0.,-1.));
#2021=DIRECTION('ref_axis',(-1.,0.,0.));
#2022=DIRECTION('center_axis',(0.,0.,-1.));
#2023=DIRECTION('ref_axis',(-1.,0.,0.));
#2024=DIRECTION('',(0.,0.,1.));
#2025=DIRECTION('center_axis',(0.,0.,-1.));
#2026=DIRECTION('ref_axis',(-1.,0.,0.));
#2027=DIRECTION('center_axis',(-1.09478998977384E-16,1.,0.));
#2028=DIRECTION('ref_axis',(-1.,-1.09478998977384E-16,0.));
#2029=DIRECTION('',(-1.,-1.09478998977384E-16,0.));
#2030=DIRECTION('',(0.,0.,1.));
#2031=DIRECTION('',(-1.,-1.09478998977384E-16,0.));
#2032=DIRECTION('center_axis',(0.,0.,-1.));
#2033=DIRECTION('ref_axis',(-0.67356232107955,0.739130434782609,0.));
#2034=DIRECTION('center_axis',(0.,0.,-1.));
#2035=DIRECTION('ref_axis',(-0.67356232107955,0.739130434782609,0.));
#2036=DIRECTION('',(0.,0.,1.));
#2037=DIRECTION('center_axis',(0.,0.,-1.));
#2038=DIRECTION('ref_axis',(-0.67356232107955,0.739130434782609,0.));
#2039=DIRECTION('center_axis',(-2.05596856412066E-16,1.,0.));
#2040=DIRECTION('ref_axis',(-1.,-2.05596856412066E-16,0.));
#2041=DIRECTION('',(1.,2.05596856412066E-16,0.));
#2042=DIRECTION('',(0.,0.,1.));
#2043=DIRECTION('',(-1.,-2.05596856412066E-16,0.));
#2044=DIRECTION('center_axis',(-1.,0.,0.));
#2045=DIRECTION('ref_axis',(0.,-1.,0.));
#2046=DIRECTION('',(0.,-1.,0.));
#2047=DIRECTION('',(0.,0.,1.));
#2048=DIRECTION('',(0.,-1.,0.));
#2049=DIRECTION('center_axis',(-2.05596856412066E-16,-1.,0.));
#2050=DIRECTION('ref_axis',(1.,-2.05596856412066E-16,0.));
#2051=DIRECTION('',(1.,-2.05596856412066E-16,0.));
#2052=DIRECTION('',(0.,0.,1.));
#2053=DIRECTION('',(1.,-2.05596856412066E-16,0.));
#2054=DIRECTION('center_axis',(0.,0.,-1.));
#2055=DIRECTION('ref_axis',(-0.67356232107955,0.739130434782609,0.));
#2056=DIRECTION('center_axis',(0.,0.,-1.));
#2057=DIRECTION('ref_axis',(-0.67356232107955,0.739130434782609,0.));
#2058=DIRECTION('',(0.,0.,1.));
#2059=DIRECTION('center_axis',(0.,0.,-1.));
#2060=DIRECTION('ref_axis',(-0.67356232107955,0.739130434782609,0.));
#2061=DIRECTION('center_axis',(0.,-1.,0.));
#2062=DIRECTION('ref_axis',(1.,0.,0.));
#2063=DIRECTION('',(-1.,0.,0.));
#2064=DIRECTION('',(0.,0.,1.));
#2065=DIRECTION('',(1.,0.,0.));
#2066=DIRECTION('center_axis',(0.,0.,-1.));
#2067=DIRECTION('ref_axis',(-1.,0.,0.));
#2068=DIRECTION('center_axis',(0.,0.,-1.));
#2069=DIRECTION('ref_axis',(-1.,0.,0.));
#2070=DIRECTION('center_axis',(0.,0.,-1.));
#2071=DIRECTION('ref_axis',(-1.,0.,0.));
#2072=DIRECTION('center_axis',(0.,0.,-1.));
#2073=DIRECTION('ref_axis',(-1.,0.,0.));
#2074=DIRECTION('center_axis',(0.,0.,-1.));
#2075=DIRECTION('ref_axis',(-1.,0.,0.));
#2076=DIRECTION('center_axis',(1.,0.,0.));
#2077=DIRECTION('ref_axis',(0.,0.,-1.));
#2078=DIRECTION('',(0.,0.,-1.));
#2079=DIRECTION('',(0.,1.,0.));
#2080=DIRECTION('',(0.,0.,1.));
#2081=DIRECTION('',(0.,1.,0.));
#2082=DIRECTION('center_axis',(0.438455406277621,0.,0.898752945311405));
#2083=DIRECTION('ref_axis',(0.898752945311405,0.,-0.438455406277621));
#2084=DIRECTION('',(-0.898752945311405,-1.10868468148266E-15,0.438455406277621));
#2085=DIRECTION('center_axis',(0.438455406277621,0.,0.898752945311405));
#2086=DIRECTION('ref_axis',(0.898752945311406,-1.44611045410782E-16,-0.438455406277621));
#2087=DIRECTION('',(-0.898752945311405,0.,0.438455406277621));
#2088=DIRECTION('',(0.898752945311405,1.47824624197688E-15,-0.438455406277621));
#2089=DIRECTION('',(0.,-1.,0.));
#2090=DIRECTION('center_axis',(-1.,0.,0.));
#2091=DIRECTION('ref_axis',(0.,0.,1.));
#2092=DIRECTION('',(0.,0.,1.));
#2093=DIRECTION('',(0.,1.,0.));
#2094=DIRECTION('',(0.,0.,-1.));
#2095=DIRECTION('',(0.,-1.,0.));
#2096=DIRECTION('center_axis',(-0.438455406277621,0.,0.898752945311405));
#2097=DIRECTION('ref_axis',(0.898752945311405,0.,0.438455406277621));
#2098=DIRECTION('',(-0.898752945311405,0.,-0.438455406277621));
#2099=DIRECTION('center_axis',(-0.438455406277621,0.,0.898752945311405));
#2100=DIRECTION('ref_axis',(0.898752945311405,-4.33833136232346E-16,0.438455406277621));
#2101=DIRECTION('',(-0.898752945311405,0.,-0.438455406277621));
#2102=DIRECTION('',(0.,1.,0.));
#2103=DIRECTION('',(0.898752945311405,1.47824624197688E-15,0.438455406277621));
#2104=DIRECTION('center_axis',(-1.23358113847239E-15,1.,0.));
#2105=DIRECTION('ref_axis',(1.,1.23358113847239E-15,0.));
#2106=DIRECTION('',(0.,0.,-1.));
#2107=DIRECTION('',(-1.,-1.23358113847239E-15,0.));
#2108=DIRECTION('',(0.,0.,-1.));
#2109=DIRECTION('center_axis',(-1.,0.,0.));
#2110=DIRECTION('ref_axis',(0.,1.,0.));
#2111=DIRECTION('',(0.,0.,-1.));
#2112=DIRECTION('',(0.,-1.,0.));
#2113=DIRECTION('center_axis',(1.64477485129653E-15,-1.,0.));
#2114=DIRECTION('ref_axis',(-1.,-1.64477485129653E-15,0.));
#2115=DIRECTION('',(1.,1.64477485129653E-15,0.));
#2116=DIRECTION('',(0.,0.,-1.));
#2117=DIRECTION('',(-1.,-1.64477485129653E-15,0.));
#2118=DIRECTION('',(0.,0.,1.));
#2119=DIRECTION('',(1.,1.64477485129653E-15,0.));
#2120=DIRECTION('',(0.,0.,-1.));
#2121=DIRECTION('',(1.,-4.77763920549918E-16,0.));
#2122=DIRECTION('',(0.,0.,-1.));
#2123=DIRECTION('center_axis',(0.,1.,0.));
#2124=DIRECTION('ref_axis',(-1.,0.,0.));
#2125=DIRECTION('',(0.,0.,1.));
#2126=DIRECTION('',(1.,-2.05596856412066E-15,0.));
#2127=DIRECTION('center_axis',(0.,0.,-1.));
#2128=DIRECTION('ref_axis',(1.,0.,0.));
#2129=DIRECTION('center_axis',(0.,0.,-1.));
#2130=DIRECTION('ref_axis',(1.,0.,0.));
#2131=DIRECTION('',(0.,0.,-1.));
#2132=DIRECTION('center_axis',(0.,0.,-1.));
#2133=DIRECTION('ref_axis',(1.,0.,0.));
#2134=DIRECTION('center_axis',(0.,0.,1.));
#2135=DIRECTION('ref_axis',(1.,0.,0.));
#2136=DIRECTION('center_axis',(0.,0.,-1.));
#2137=DIRECTION('ref_axis',(1.,0.,0.));
#2138=DIRECTION('center_axis',(0.,0.,-1.));
#2139=DIRECTION('ref_axis',(1.,0.,0.));
#2140=DIRECTION('',(0.,0.,-1.));
#2141=DIRECTION('center_axis',(0.,0.,-1.));
#2142=DIRECTION('ref_axis',(1.,0.,0.));
#2143=DIRECTION('center_axis',(0.,0.,1.));
#2144=DIRECTION('ref_axis',(1.,0.,0.));
#2145=DIRECTION('center_axis',(0.,0.,1.));
#2146=DIRECTION('ref_axis',(1.,0.,0.));
#2147=DIRECTION('center_axis',(0.,0.,1.));
#2148=DIRECTION('ref_axis',(1.,0.,0.));
#2149=DIRECTION('',(0.,0.,1.));
#2150=DIRECTION('center_axis',(0.,0.,1.));
#2151=DIRECTION('ref_axis',(1.,0.,0.));
#2152=DIRECTION('center_axis',(0.,0.,-1.));
#2153=DIRECTION('ref_axis',(1.,0.,0.));
#2154=DIRECTION('center_axis',(0.,0.,1.));
#2155=DIRECTION('ref_axis',(1.,0.,0.));
#2156=DIRECTION('center_axis',(0.,0.,1.));
#2157=DIRECTION('ref_axis',(1.,0.,0.));
#2158=DIRECTION('',(0.,0.,1.));
#2159=DIRECTION('center_axis',(0.,0.,1.));
#2160=DIRECTION('ref_axis',(1.,0.,0.));
#2161=DIRECTION('center_axis',(0.,0.,-1.));
#2162=DIRECTION('ref_axis',(1.,0.,0.));
#2163=DIRECTION('center_axis',(0.,0.,1.));
#2164=DIRECTION('ref_axis',(1.,0.,0.));
#2165=DIRECTION('center_axis',(0.,0.,-1.));
#2166=DIRECTION('ref_axis',(1.,0.,0.));
#2167=DIRECTION('',(0.,0.,-1.));
#2168=DIRECTION('center_axis',(0.,0.,1.));
#2169=DIRECTION('ref_axis',(1.,0.,0.));
#2170=DIRECTION('center_axis',(0.,0.,-1.));
#2171=DIRECTION('ref_axis',(1.,0.,0.));
#2172=DIRECTION('',(-1.,0.,0.));
#2173=DIRECTION('center_axis',(0.,1.,0.));
#2174=DIRECTION('ref_axis',(1.,0.,0.));
#2175=DIRECTION('',(0.,0.,-1.));
#2176=DIRECTION('',(-1.,0.,0.));
#2177=DIRECTION('',(0.,0.,-1.));
#2178=DIRECTION('center_axis',(0.,-1.,0.));
#2179=DIRECTION('ref_axis',(-1.,0.,0.));
#2180=DIRECTION('',(0.,0.,1.));
#2181=DIRECTION('',(-1.,0.,0.));
#2182=DIRECTION('',(0.,0.,-1.));
#2183=DIRECTION('',(1.,0.,0.));
#2184=DIRECTION('',(0.,0.,1.));
#2185=DIRECTION('',(-1.,0.,0.));
#2186=DIRECTION('center_axis',(0.,0.,1.));
#2187=DIRECTION('ref_axis',(1.,0.,0.));
#2188=DIRECTION('center_axis',(0.,0.,-1.));
#2189=DIRECTION('ref_axis',(1.,0.,0.));
#2190=DIRECTION('center_axis',(0.,0.,1.));
#2191=DIRECTION('ref_axis',(1.,0.,0.));
#2192=DIRECTION('center_axis',(0.,0.,-1.));
#2193=DIRECTION('ref_axis',(1.,0.,0.));
#2194=DIRECTION('center_axis',(0.,0.,1.));
#2195=DIRECTION('ref_axis',(1.,0.,0.));
#2196=DIRECTION('center_axis',(0.,0.,-1.));
#2197=DIRECTION('ref_axis',(1.,0.,0.));
#2198=DIRECTION('center_axis',(0.,0.,1.));
#2199=DIRECTION('ref_axis',(1.,0.,0.));
#2200=DIRECTION('center_axis',(0.,0.,-1.));
#2201=DIRECTION('ref_axis',(1.,0.,0.));
#2202=DIRECTION('center_axis',(0.,0.,1.));
#2203=DIRECTION('ref_axis',(1.,0.,0.));
#2204=DIRECTION('center_axis',(0.,0.,-1.));
#2205=DIRECTION('ref_axis',(1.,0.,0.));
#2206=DIRECTION('center_axis',(0.,0.,1.));
#2207=DIRECTION('ref_axis',(1.,0.,0.));
#2208=DIRECTION('center_axis',(0.,0.,-1.));
#2209=DIRECTION('ref_axis',(1.,0.,0.));
#2210=DIRECTION('center_axis',(0.,0.,1.));
#2211=DIRECTION('ref_axis',(1.,0.,0.));
#2212=DIRECTION('center_axis',(0.,1.,0.));
#2213=DIRECTION('ref_axis',(-1.,0.,0.));
#2214=DIRECTION('',(0.,1.,0.));
#2215=DIRECTION('',(0.,-1.,0.));
#2216=DIRECTION('center_axis',(1.,0.,0.));
#2217=DIRECTION('ref_axis',(0.,-1.,0.));
#2218=DIRECTION('',(0.,-1.,0.));
#2219=DIRECTION('center_axis',(-1.,0.,0.));
#2220=DIRECTION('ref_axis',(0.,1.,0.));
#2221=DIRECTION('',(0.,1.,0.));
#2222=DIRECTION('center_axis',(0.,0.,1.));
#2223=DIRECTION('ref_axis',(1.,0.,0.));
#2224=DIRECTION('',(0.,-1.,0.));
#2225=DIRECTION('',(1.,0.,0.));
#2226=DIRECTION('center_axis',(0.,0.,1.));
#2227=DIRECTION('ref_axis',(0.673562321079551,0.739130434782609,0.));
#2228=DIRECTION('center_axis',(0.,0.,1.));
#2229=DIRECTION('ref_axis',(1.,0.,0.));
#2230=DIRECTION('center_axis',(0.,0.,1.));
#2231=DIRECTION('ref_axis',(0.67356232107955,0.739130434782609,0.));
#2232=DIRECTION('center_axis',(1.,0.,0.));
#2233=DIRECTION('ref_axis',(0.,-1.,0.));
#2234=DIRECTION('',(0.,0.,-1.));
#2235=DIRECTION('center_axis',(0.,1.,0.));
#2236=DIRECTION('ref_axis',(1.,0.,0.));
#2237=DIRECTION('',(0.,0.,-1.));
#2238=DIRECTION('center_axis',(0.,0.,-1.));
#2239=DIRECTION('ref_axis',(0.673562321079551,0.739130434782609,0.));
#2240=DIRECTION('center_axis',(0.,0.,-1.));
#2241=DIRECTION('ref_axis',(0.67356232107955,0.739130434782609,0.));
#2242=DIRECTION('center_axis',(1.,0.,0.));
#2243=DIRECTION('ref_axis',(0.,0.,-1.));
#2244=DIRECTION('',(0.,0.,-1.));
#2245=DIRECTION('',(0.,1.,0.));
#2246=DIRECTION('',(0.,0.,1.));
#2247=DIRECTION('',(0.,1.,0.));
#2248=DIRECTION('center_axis',(0.438455406277621,0.,-0.898752945311405));
#2249=DIRECTION('ref_axis',(-0.898752945311405,0.,-0.438455406277621));
#2250=DIRECTION('',(0.898752945311405,-1.10868468148266E-15,0.438455406277621));
#2251=DIRECTION('',(0.,-1.,0.));
#2252=DIRECTION('',(-0.898752945311405,1.47824624197688E-15,-0.438455406277621));
#2253=DIRECTION('',(0.898752945311405,0.,0.438455406277621));
#2254=DIRECTION('center_axis',(0.438455406277621,0.,-0.898752945311405));
#2255=DIRECTION('ref_axis',(-0.898752945311406,-1.44611045410782E-16,-0.438455406277621));
#2256=DIRECTION('center_axis',(-1.,0.,0.));
#2257=DIRECTION('ref_axis',(0.,0.,1.));
#2258=DIRECTION('',(0.,0.,1.));
#2259=DIRECTION('',(0.,-1.,0.));
#2260=DIRECTION('',(0.,0.,-1.));
#2261=DIRECTION('',(0.,1.,0.));
#2262=DIRECTION('center_axis',(-0.438455406277621,0.,-0.898752945311405));
#2263=DIRECTION('ref_axis',(-0.898752945311405,0.,0.438455406277621));
#2264=DIRECTION('',(0.898752945311405,0.,-0.438455406277621));
#2265=DIRECTION('',(-0.898752945311405,1.47824624197688E-15,0.438455406277621));
#2266=DIRECTION('',(0.,1.,0.));
#2267=DIRECTION('',(0.898752945311405,0.,-0.438455406277621));
#2268=DIRECTION('center_axis',(-0.438455406277621,0.,-0.898752945311405));
#2269=DIRECTION('ref_axis',(-0.898752945311405,-4.33833136232346E-16,0.438455406277621));
#2270=DIRECTION('center_axis',(-1.23358113847239E-15,-1.,0.));
#2271=DIRECTION('ref_axis',(-1.,1.23358113847239E-15,0.));
#2272=DIRECTION('',(0.,0.,-1.));
#2273=DIRECTION('',(1.,-1.23358113847239E-15,0.));
#2274=DIRECTION('',(0.,0.,-1.));
#2275=DIRECTION('center_axis',(-1.,0.,0.));
#2276=DIRECTION('ref_axis',(0.,1.,0.));
#2277=DIRECTION('',(0.,-1.,0.));
#2278=DIRECTION('',(0.,0.,-1.));
#2279=DIRECTION('center_axis',(1.64477485129653E-15,1.,0.));
#2280=DIRECTION('ref_axis',(1.,-1.64477485129653E-15,0.));
#2281=DIRECTION('',(-1.,-2.05596856412066E-15,0.));
#2282=DIRECTION('',(0.,0.,1.));
#2283=DIRECTION('center_axis',(0.,-1.,0.));
#2284=DIRECTION('ref_axis',(1.,0.,0.));
#2285=DIRECTION('',(0.,0.,-1.));
#2286=DIRECTION('',(-1.,-4.77763920549918E-16,0.));
#2287=DIRECTION('',(0.,0.,-1.));
#2288=DIRECTION('',(-1.,1.64477485129653E-15,0.));
#2289=DIRECTION('',(0.,0.,1.));
#2290=DIRECTION('',(1.,-1.64477485129653E-15,0.));
#2291=DIRECTION('',(0.,0.,-1.));
#2292=DIRECTION('',(-1.,1.64477485129653E-15,0.));
#2293=DIRECTION('center_axis',(0.,0.,1.));
#2294=DIRECTION('ref_axis',(-1.,0.,0.));
#2295=DIRECTION('center_axis',(0.,0.,1.));
#2296=DIRECTION('ref_axis',(-1.,0.,0.));
#2297=DIRECTION('',(0.,0.,-1.));
#2298=DIRECTION('center_axis',(0.,0.,1.));
#2299=DIRECTION('ref_axis',(-1.,0.,0.));
#2300=DIRECTION('center_axis',(0.,0.,-1.));
#2301=DIRECTION('ref_axis',(-1.,0.,0.));
#2302=DIRECTION('center_axis',(0.,0.,1.));
#2303=DIRECTION('ref_axis',(-1.,0.,0.));
#2304=DIRECTION('center_axis',(0.,0.,1.));
#2305=DIRECTION('ref_axis',(-1.,0.,0.));
#2306=DIRECTION('',(0.,0.,-1.));
#2307=DIRECTION('center_axis',(0.,0.,1.));
#2308=DIRECTION('ref_axis',(-1.,0.,0.));
#2309=DIRECTION('center_axis',(0.,0.,-1.));
#2310=DIRECTION('ref_axis',(-1.,0.,0.));
#2311=DIRECTION('center_axis',(0.,0.,-1.));
#2312=DIRECTION('ref_axis',(-1.,0.,0.));
#2313=DIRECTION('center_axis',(0.,0.,-1.));
#2314=DIRECTION('ref_axis',(-1.,0.,0.));
#2315=DIRECTION('',(0.,0.,1.));
#2316=DIRECTION('center_axis',(0.,0.,-1.));
#2317=DIRECTION('ref_axis',(-1.,0.,0.));
#2318=DIRECTION('center_axis',(0.,0.,1.));
#2319=DIRECTION('ref_axis',(-1.,0.,0.));
#2320=DIRECTION('center_axis',(0.,0.,-1.));
#2321=DIRECTION('ref_axis',(-1.,0.,0.));
#2322=DIRECTION('center_axis',(0.,0.,-1.));
#2323=DIRECTION('ref_axis',(-1.,0.,0.));
#2324=DIRECTION('',(0.,0.,1.));
#2325=DIRECTION('center_axis',(0.,0.,-1.));
#2326=DIRECTION('ref_axis',(-1.,0.,0.));
#2327=DIRECTION('center_axis',(0.,0.,1.));
#2328=DIRECTION('ref_axis',(-1.,0.,0.));
#2329=DIRECTION('center_axis',(0.,0.,-1.));
#2330=DIRECTION('ref_axis',(-1.,0.,0.));
#2331=DIRECTION('center_axis',(0.,0.,1.));
#2332=DIRECTION('ref_axis',(-1.,0.,0.));
#2333=DIRECTION('center_axis',(0.,0.,-1.));
#2334=DIRECTION('ref_axis',(-1.,0.,0.));
#2335=DIRECTION('',(0.,0.,-1.));
#2336=DIRECTION('center_axis',(0.,0.,1.));
#2337=DIRECTION('ref_axis',(-1.,0.,0.));
#2338=DIRECTION('',(1.,0.,0.));
#2339=DIRECTION('center_axis',(0.,-1.,0.));
#2340=DIRECTION('ref_axis',(-1.,0.,0.));
#2341=DIRECTION('',(1.,0.,0.));
#2342=DIRECTION('',(0.,0.,1.));
#2343=DIRECTION('',(-1.,0.,0.));
#2344=DIRECTION('',(0.,0.,-1.));
#2345=DIRECTION('',(1.,0.,0.));
#2346=DIRECTION('',(0.,0.,1.));
#2347=DIRECTION('center_axis',(0.,1.,0.));
#2348=DIRECTION('ref_axis',(1.,0.,0.));
#2349=DIRECTION('',(0.,0.,-1.));
#2350=DIRECTION('',(1.,0.,0.));
#2351=DIRECTION('',(0.,0.,-1.));
#2352=DIRECTION('center_axis',(0.,0.,-1.));
#2353=DIRECTION('ref_axis',(-1.,0.,0.));
#2354=DIRECTION('center_axis',(0.,0.,1.));
#2355=DIRECTION('ref_axis',(-1.,0.,0.));
#2356=DIRECTION('center_axis',(0.,0.,-1.));
#2357=DIRECTION('ref_axis',(-1.,0.,0.));
#2358=DIRECTION('center_axis',(0.,0.,1.));
#2359=DIRECTION('ref_axis',(-1.,0.,0.));
#2360=DIRECTION('center_axis',(0.,0.,-1.));
#2361=DIRECTION('ref_axis',(-1.,0.,0.));
#2362=DIRECTION('center_axis',(0.,0.,1.));
#2363=DIRECTION('ref_axis',(-1.,0.,0.));
#2364=DIRECTION('center_axis',(0.,0.,-1.));
#2365=DIRECTION('ref_axis',(-1.,0.,0.));
#2366=DIRECTION('center_axis',(0.,0.,1.));
#2367=DIRECTION('ref_axis',(-1.,0.,0.));
#2368=DIRECTION('center_axis',(0.,0.,-1.));
#2369=DIRECTION('ref_axis',(-1.,0.,0.));
#2370=DIRECTION('center_axis',(0.,0.,1.));
#2371=DIRECTION('ref_axis',(-1.,0.,0.));
#2372=DIRECTION('center_axis',(0.,0.,-1.));
#2373=DIRECTION('ref_axis',(-1.,0.,0.));
#2374=DIRECTION('center_axis',(0.,0.,1.));
#2375=DIRECTION('ref_axis',(-1.,0.,0.));
#2376=DIRECTION('center_axis',(0.,0.,-1.));
#2377=DIRECTION('ref_axis',(-1.,0.,0.));
#2378=DIRECTION('center_axis',(0.,-1.,0.));
#2379=DIRECTION('ref_axis',(1.,0.,0.));
#2380=DIRECTION('',(0.,-1.,0.));
#2381=DIRECTION('',(0.,1.,0.));
#2382=DIRECTION('center_axis',(1.,0.,0.));
#2383=DIRECTION('ref_axis',(0.,-1.,0.));
#2384=DIRECTION('',(0.,-1.,0.));
#2385=DIRECTION('center_axis',(-1.,0.,0.));
#2386=DIRECTION('ref_axis',(0.,1.,0.));
#2387=DIRECTION('',(0.,1.,0.));
#2388=DIRECTION('center_axis',(0.,0.,-1.));
#2389=DIRECTION('ref_axis',(-1.,0.,0.));
#2390=DIRECTION('center_axis',(0.,0.,-1.));
#2391=DIRECTION('ref_axis',(-0.673562321079551,0.739130434782609,0.));
#2392=DIRECTION('',(-1.,0.,0.));
#2393=DIRECTION('',(0.,-1.,0.));
#2394=DIRECTION('center_axis',(0.,0.,-1.));
#2395=DIRECTION('ref_axis',(-1.,0.,0.));
#2396=DIRECTION('center_axis',(0.,0.,-1.));
#2397=DIRECTION('ref_axis',(-0.67356232107955,0.739130434782609,0.));
#2398=DIRECTION('center_axis',(1.,0.,0.));
#2399=DIRECTION('ref_axis',(0.,-1.,0.));
#2400=DIRECTION('',(0.,0.,-1.));
#2401=DIRECTION('center_axis',(0.,-1.,0.));
#2402=DIRECTION('ref_axis',(-1.,0.,0.));
#2403=DIRECTION('',(0.,0.,-1.));
#2404=DIRECTION('center_axis',(0.,0.,1.));
#2405=DIRECTION('ref_axis',(-0.673562321079551,0.739130434782609,0.));
#2406=DIRECTION('center_axis',(0.,0.,1.));
#2407=DIRECTION('ref_axis',(-0.67356232107955,0.739130434782609,0.));
#2408=CARTESIAN_POINT('',(0.,0.,0.));
#2409=CARTESIAN_POINT('Origin',(75.,-1.39818712163731E-14,5.));
#2410=CARTESIAN_POINT('',(73.5,-1.41655682362452E-14,8.9));
#2411=CARTESIAN_POINT('Origin',(75.,-1.39818712163731E-14,8.9));
#2412=CARTESIAN_POINT('',(73.5,-1.41655682362452E-14,5.));
#2413=CARTESIAN_POINT('',(73.5,-1.41655682362452E-14,5.));
#2414=CARTESIAN_POINT('Origin',(75.,-1.39818712163731E-14,5.));
#2415=CARTESIAN_POINT('Origin',(45.,-1.39818712163731E-14,5.));
#2416=CARTESIAN_POINT('',(43.5,-1.41655682362452E-14,8.9));
#2417=CARTESIAN_POINT('Origin',(45.,-1.39818712163731E-14,8.9));
#2418=CARTESIAN_POINT('',(43.5,-1.41655682362452E-14,5.));
#2419=CARTESIAN_POINT('',(43.5,-1.41655682362452E-14,5.));
#2420=CARTESIAN_POINT('Origin',(45.,-1.39818712163731E-14,5.));
#2421=CARTESIAN_POINT('Origin',(78.6237900077244,2.54999999999999,5.));
#2422=CARTESIAN_POINT('',(77.3237900077245,2.54999999999999,5.));
#2423=CARTESIAN_POINT('',(78.6237900077244,2.54999999999999,5.));
#2424=CARTESIAN_POINT('',(77.3237900077245,2.54999999999999,5.));
#2425=CARTESIAN_POINT('',(77.3237900077245,2.54999999999999,8.9));
#2426=CARTESIAN_POINT('',(77.3237900077245,2.54999999999999,5.));
#2427=CARTESIAN_POINT('',(78.6237900077244,2.54999999999999,8.9));
#2428=CARTESIAN_POINT('',(77.3237900077245,2.54999999999999,8.9));
#2429=CARTESIAN_POINT('',(78.6237900077244,2.54999999999999,5.));
#2430=CARTESIAN_POINT('Origin',(78.6237900077244,-2.55000000000001,5.));
#2431=CARTESIAN_POINT('',(78.6237900077244,-2.55000000000001,5.));
#2432=CARTESIAN_POINT('',(78.6237900077244,2.54999999999999,5.));
#2433=CARTESIAN_POINT('',(78.6237900077244,-2.55000000000001,8.9));
#2434=CARTESIAN_POINT('',(78.6237900077244,2.54999999999999,8.9));
#2435=CARTESIAN_POINT('',(78.6237900077244,-2.55000000000001,5.));
#2436=CARTESIAN_POINT('Origin',(77.3237900077245,-2.55000000000001,5.));
#2437=CARTESIAN_POINT('',(77.3237900077245,-2.55000000000001,5.));
#2438=CARTESIAN_POINT('',(77.3237900077245,-2.55000000000001,5.));
#2439=CARTESIAN_POINT('',(77.3237900077245,-2.55000000000001,8.9));
#2440=CARTESIAN_POINT('',(77.3237900077245,-2.55000000000001,8.9));
#2441=CARTESIAN_POINT('',(77.3237900077245,-2.55000000000001,5.));
#2442=CARTESIAN_POINT('Origin',(75.,-1.39471767468535E-14,5.));
#2443=CARTESIAN_POINT('',(72.6762099922755,-2.55000000000001,5.));
#2444=CARTESIAN_POINT('Origin',(75.,-1.39471767468535E-14,5.));
#2445=CARTESIAN_POINT('',(72.6762099922755,-2.55000000000001,8.9));
#2446=CARTESIAN_POINT('Origin',(75.,-1.39471767468535E-14,8.9));
#2447=CARTESIAN_POINT('',(72.6762099922755,-2.55000000000001,5.));
#2448=CARTESIAN_POINT('Origin',(47.3237900077245,-2.55000000000001,5.));
#2449=CARTESIAN_POINT('',(47.3237900077245,-2.55000000000002,5.));
#2450=CARTESIAN_POINT('',(47.3237900077245,-2.55000000000001,5.));
#2451=CARTESIAN_POINT('',(47.3237900077245,-2.55000000000002,8.9));
#2452=CARTESIAN_POINT('',(47.3237900077245,-2.55000000000001,8.9));
#2453=CARTESIAN_POINT('',(47.3237900077245,-2.55000000000002,5.));
#2454=CARTESIAN_POINT('Origin',(45.,-1.39818712163731E-14,5.));
#2455=CARTESIAN_POINT('',(42.6762099922755,-2.55000000000002,5.));
#2456=CARTESIAN_POINT('Origin',(45.,-1.39818712163731E-14,5.));
#2457=CARTESIAN_POINT('',(42.6762099922755,-2.55000000000002,8.9));
#2458=CARTESIAN_POINT('Origin',(45.,-1.39818712163731E-14,8.9));
#2459=CARTESIAN_POINT('',(42.6762099922755,-2.55000000000002,5.));
#2460=CARTESIAN_POINT('Origin',(39.9762099922755,-2.55000000000001,5.));
#2461=CARTESIAN_POINT('',(39.9762099922755,-2.55000000000001,5.));
#2462=CARTESIAN_POINT('',(42.6762099922755,-2.55000000000001,5.));
#2463=CARTESIAN_POINT('',(39.9762099922755,-2.55000000000001,8.9));
#2464=CARTESIAN_POINT('',(42.6762099922755,-2.55000000000001,8.9));
#2465=CARTESIAN_POINT('',(39.9762099922755,-2.55000000000001,5.));
#2466=CARTESIAN_POINT('Origin',(39.9762099922755,2.54999999999999,5.));
#2467=CARTESIAN_POINT('',(39.9762099922755,2.54999999999999,5.));
#2468=CARTESIAN_POINT('',(39.9762099922755,2.54999999999999,5.));
#2469=CARTESIAN_POINT('',(39.9762099922755,2.54999999999999,8.9));
#2470=CARTESIAN_POINT('',(39.9762099922755,2.54999999999999,8.9));
#2471=CARTESIAN_POINT('',(39.9762099922755,2.54999999999999,5.));
#2472=CARTESIAN_POINT('Origin',(42.6762099922755,2.54999999999999,5.));
#2473=CARTESIAN_POINT('',(42.6762099922755,2.54999999999999,5.));
#2474=CARTESIAN_POINT('',(42.6762099922755,2.54999999999999,5.));
#2475=CARTESIAN_POINT('',(42.6762099922755,2.54999999999999,8.9));
#2476=CARTESIAN_POINT('',(42.6762099922755,2.54999999999999,8.9));
#2477=CARTESIAN_POINT('',(42.6762099922755,2.54999999999999,5.));
#2478=CARTESIAN_POINT('Origin',(45.,-1.39818712163731E-14,5.));
#2479=CARTESIAN_POINT('',(47.3237900077245,2.54999999999999,5.));
#2480=CARTESIAN_POINT('Origin',(45.,-1.39818712163731E-14,5.));
#2481=CARTESIAN_POINT('',(47.3237900077245,2.54999999999999,8.9));
#2482=CARTESIAN_POINT('Origin',(45.,-1.39818712163731E-14,8.9));
#2483=CARTESIAN_POINT('',(47.3237900077245,2.54999999999999,5.));
#2484=CARTESIAN_POINT('Origin',(72.6762099922755,2.54999999999999,5.));
#2485=CARTESIAN_POINT('',(72.6762099922755,2.54999999999999,5.));
#2486=CARTESIAN_POINT('',(47.3237900077245,2.54999999999999,5.));
#2487=CARTESIAN_POINT('',(72.6762099922755,2.54999999999999,8.9));
#2488=CARTESIAN_POINT('',(47.3237900077245,2.54999999999999,8.9));
#2489=CARTESIAN_POINT('',(72.6762099922755,2.54999999999999,5.));
#2490=CARTESIAN_POINT('Origin',(75.,-1.39471767468535E-14,5.));
#2491=CARTESIAN_POINT('Origin',(75.,-1.39471767468535E-14,5.));
#2492=CARTESIAN_POINT('Origin',(75.,-1.39471767468535E-14,8.9));
#2493=CARTESIAN_POINT('Origin',(59.3,-1.38777878078145E-14,8.9));
#2494=CARTESIAN_POINT('Origin',(59.3,-1.38777878078145E-14,5.));
#2495=CARTESIAN_POINT('Origin',(125.,9.70404312461426E-14,0.));
#2496=CARTESIAN_POINT('',(126.5,9.68567342262705E-14,3.9));
#2497=CARTESIAN_POINT('Origin',(125.,9.70404312461426E-14,3.9));
#2498=CARTESIAN_POINT('',(126.5,9.68567342262705E-14,0.));
#2499=CARTESIAN_POINT('',(126.5,9.68567342262705E-14,0.));
#2500=CARTESIAN_POINT('Origin',(125.,9.70404312461426E-14,0.));
#2501=CARTESIAN_POINT('Origin',(155.,9.70404312461426E-14,0.));
#2502=CARTESIAN_POINT('',(156.5,9.68567342262705E-14,3.9));
#2503=CARTESIAN_POINT('Origin',(155.,9.70404312461426E-14,3.9));
#2504=CARTESIAN_POINT('',(156.5,9.68567342262705E-14,0.));
#2505=CARTESIAN_POINT('',(156.5,9.68567342262705E-14,0.));
#2506=CARTESIAN_POINT('Origin',(155.,9.70404312461426E-14,0.));
#2507=CARTESIAN_POINT('Origin',(121.376209992276,2.5500000000001,0.));
#2508=CARTESIAN_POINT('',(122.676209992276,2.5500000000001,0.));
#2509=CARTESIAN_POINT('',(121.376209992276,2.5500000000001,0.));
#2510=CARTESIAN_POINT('',(122.676209992276,2.5500000000001,0.));
#2511=CARTESIAN_POINT('',(121.376209992276,2.5500000000001,3.9));
#2512=CARTESIAN_POINT('',(121.376209992276,2.5500000000001,0.));
#2513=CARTESIAN_POINT('',(122.676209992276,2.5500000000001,3.9));
#2514=CARTESIAN_POINT('',(122.676209992276,2.5500000000001,3.9));
#2515=CARTESIAN_POINT('',(122.676209992276,2.5500000000001,0.));
#2516=CARTESIAN_POINT('Origin',(121.376209992276,-2.5499999999999,0.));
#2517=CARTESIAN_POINT('',(121.376209992276,-2.5499999999999,0.));
#2518=CARTESIAN_POINT('',(121.376209992276,2.5500000000001,0.));
#2519=CARTESIAN_POINT('',(121.376209992276,-2.5499999999999,3.9));
#2520=CARTESIAN_POINT('',(121.376209992276,-2.5499999999999,0.));
#2521=CARTESIAN_POINT('',(121.376209992276,2.5500000000001,3.9));
#2522=CARTESIAN_POINT('Origin',(122.676209992276,-2.5499999999999,0.));
#2523=CARTESIAN_POINT('',(122.676209992276,-2.5499999999999,0.));
#2524=CARTESIAN_POINT('',(122.676209992276,-2.5499999999999,0.));
#2525=CARTESIAN_POINT('',(122.676209992276,-2.5499999999999,3.9));
#2526=CARTESIAN_POINT('',(122.676209992276,-2.5499999999999,0.));
#2527=CARTESIAN_POINT('',(122.676209992276,-2.5499999999999,3.9));
#2528=CARTESIAN_POINT('Origin',(125.,9.70751257156621E-14,0.));
#2529=CARTESIAN_POINT('',(127.323790007724,-2.5499999999999,0.));
#2530=CARTESIAN_POINT('Origin',(125.,9.70751257156621E-14,0.));
#2531=CARTESIAN_POINT('',(127.323790007724,-2.5499999999999,3.9));
#2532=CARTESIAN_POINT('',(127.323790007724,-2.5499999999999,0.));
#2533=CARTESIAN_POINT('Origin',(125.,9.70751257156621E-14,3.9));
#2534=CARTESIAN_POINT('Origin',(152.676209992276,-2.5499999999999,0.));
#2535=CARTESIAN_POINT('',(152.676209992276,-2.5499999999999,0.));
#2536=CARTESIAN_POINT('',(152.676209992276,-2.5499999999999,0.));
#2537=CARTESIAN_POINT('',(152.676209992276,-2.5499999999999,3.9));
#2538=CARTESIAN_POINT('',(152.676209992276,-2.5499999999999,0.));
#2539=CARTESIAN_POINT('',(152.676209992276,-2.5499999999999,3.9));
#2540=CARTESIAN_POINT('Origin',(155.,9.70404312461426E-14,0.));
#2541=CARTESIAN_POINT('',(157.323790007724,-2.5499999999999,0.));
#2542=CARTESIAN_POINT('Origin',(155.,9.70404312461426E-14,0.));
#2543=CARTESIAN_POINT('',(157.323790007724,-2.5499999999999,3.9));
#2544=CARTESIAN_POINT('',(157.323790007724,-2.5499999999999,0.));
#2545=CARTESIAN_POINT('Origin',(155.,9.70404312461426E-14,3.9));
#2546=CARTESIAN_POINT('Origin',(160.023790007724,-2.5499999999999,0.));
#2547=CARTESIAN_POINT('',(160.023790007724,-2.5499999999999,0.));
#2548=CARTESIAN_POINT('',(157.323790007724,-2.5499999999999,0.));
#2549=CARTESIAN_POINT('',(160.023790007724,-2.5499999999999,3.9));
#2550=CARTESIAN_POINT('',(160.023790007724,-2.5499999999999,0.));
#2551=CARTESIAN_POINT('',(157.323790007724,-2.5499999999999,3.9));
#2552=CARTESIAN_POINT('Origin',(160.023790007724,2.5500000000001,0.));
#2553=CARTESIAN_POINT('',(160.023790007724,2.5500000000001,0.));
#2554=CARTESIAN_POINT('',(160.023790007724,2.5500000000001,0.));
#2555=CARTESIAN_POINT('',(160.023790007724,2.5500000000001,3.9));
#2556=CARTESIAN_POINT('',(160.023790007724,2.5500000000001,0.));
#2557=CARTESIAN_POINT('',(160.023790007724,2.5500000000001,3.9));
#2558=CARTESIAN_POINT('Origin',(157.323790007724,2.5500000000001,0.));
#2559=CARTESIAN_POINT('',(157.323790007724,2.5500000000001,0.));
#2560=CARTESIAN_POINT('',(157.323790007724,2.5500000000001,0.));
#2561=CARTESIAN_POINT('',(157.323790007724,2.5500000000001,3.9));
#2562=CARTESIAN_POINT('',(157.323790007724,2.5500000000001,0.));
#2563=CARTESIAN_POINT('',(157.323790007724,2.5500000000001,3.9));
#2564=CARTESIAN_POINT('Origin',(155.,9.70404312461426E-14,0.));
#2565=CARTESIAN_POINT('',(152.676209992276,2.5500000000001,0.));
#2566=CARTESIAN_POINT('Origin',(155.,9.70404312461426E-14,0.));
#2567=CARTESIAN_POINT('',(152.676209992276,2.5500000000001,3.9));
#2568=CARTESIAN_POINT('',(152.676209992276,2.5500000000001,0.));
#2569=CARTESIAN_POINT('Origin',(155.,9.70404312461426E-14,3.9));
#2570=CARTESIAN_POINT('Origin',(127.323790007724,2.5500000000001,0.));
#2571=CARTESIAN_POINT('',(127.323790007724,2.5500000000001,0.));
#2572=CARTESIAN_POINT('',(152.676209992276,2.5500000000001,0.));
#2573=CARTESIAN_POINT('',(127.323790007724,2.5500000000001,3.9));
#2574=CARTESIAN_POINT('',(127.323790007724,2.5500000000001,0.));
#2575=CARTESIAN_POINT('',(152.676209992276,2.5500000000001,3.9));
#2576=CARTESIAN_POINT('Origin',(125.,9.70751257156621E-14,0.));
#2577=CARTESIAN_POINT('Origin',(125.,9.70751257156621E-14,0.));
#2578=CARTESIAN_POINT('Origin',(125.,9.70751257156621E-14,3.9));
#2579=CARTESIAN_POINT('Origin',(140.7,9.71445146547012E-14,3.9));
#2580=CARTESIAN_POINT('Origin',(140.7,9.71445146547012E-14,0.));
#2581=CARTESIAN_POINT('Origin',(49.4053639934346,-2.5499999999999,-34.));
#2582=CARTESIAN_POINT('',(49.4053639934347,2.5500000000001,-34.));
#2583=CARTESIAN_POINT('',(49.4053639934347,2.5500000000001,-39.7));
#2584=CARTESIAN_POINT('',(49.4053639934347,2.5500000000001,-39.7));
#2585=CARTESIAN_POINT('',(49.4053639934346,-2.5499999999999,-39.7));
#2586=CARTESIAN_POINT('',(49.4053639934346,-1.2749999999999,-39.7));
#2587=CARTESIAN_POINT('',(49.4053639934346,-2.5499999999999,-34.));
#2588=CARTESIAN_POINT('',(49.4053639934347,-2.54999999999995,-39.7));
#2589=CARTESIAN_POINT('',(49.4053639934346,-2.5499999999999,-34.));
#2590=CARTESIAN_POINT('Origin',(39.9762099922755,-2.5499999999999,-29.4));
#2591=CARTESIAN_POINT('',(42.6762099922755,2.5500000000001,-30.7171913406519));
#2592=CARTESIAN_POINT('',(39.9762099922755,2.5500000000001,-29.4));
#2593=CARTESIAN_POINT('',(36.1537980408122,2.55000000000009,-27.5352415100475));
#2594=CARTESIAN_POINT('',(47.3237900077245,2.5500000000001,-32.9845069522579));
#2595=CARTESIAN_POINT('Origin',(45.,9.70404312461426E-14,-31.8508491464549));
#2596=CARTESIAN_POINT('',(39.1213271096494,2.5500000000001,-28.9829465443457));
#2597=CARTESIAN_POINT('',(39.9762099922755,-2.5499999999999,-29.4));
#2598=CARTESIAN_POINT('',(52.3281517167913,-2.54999999999995,-35.4258780295441));
#2599=CARTESIAN_POINT('',(39.9762099922755,-2.5499999999999,-29.4));
#2600=CARTESIAN_POINT('Origin',(70.5946360065653,-2.5499999999999,-39.7));
#2601=CARTESIAN_POINT('',(70.5946360065654,2.55000000000009,-39.7));
#2602=CARTESIAN_POINT('',(70.5946360065654,2.55000000000009,-34.));
#2603=CARTESIAN_POINT('',(70.5946360065653,2.5500000000001,-39.7));
#2604=CARTESIAN_POINT('',(70.5946360065653,-2.5499999999999,-34.));
#2605=CARTESIAN_POINT('',(70.5946360065654,-2.5499999999999,-34.));
#2606=CARTESIAN_POINT('',(70.5946360065653,-2.5499999999999,-39.7));
#2607=CARTESIAN_POINT('',(70.5946360065653,-2.54999999999992,-39.7));
#2608=CARTESIAN_POINT('',(70.5946360065653,-1.2749999999999,-39.7));
#2609=CARTESIAN_POINT('Origin',(70.5946360065654,-2.5499999999999,-34.));
#2610=CARTESIAN_POINT('',(72.6762099922755,2.5500000000001,-32.9845069522579));
#2611=CARTESIAN_POINT('',(65.9248003514663,2.5500000000001,-36.2781729952459));
#2612=CARTESIAN_POINT('',(77.3237900077245,2.5500000000001,-30.7171913406519));
#2613=CARTESIAN_POINT('Origin',(75.,9.88098491916389E-14,-31.8508491464549));
#2614=CARTESIAN_POINT('',(80.0237900077245,2.5500000000001,-29.4));
#2615=CARTESIAN_POINT('',(78.0411532020552,2.5500000000001,-30.3672266785501));
#2616=CARTESIAN_POINT('',(80.0237900077245,-2.5499999999999,-29.4));
#2617=CARTESIAN_POINT('',(80.0237900077245,9.65894031423886E-14,-29.4));
#2618=CARTESIAN_POINT('',(79.1316249586082,-2.5499999999999,-29.8352415100475));
#2619=CARTESIAN_POINT('Origin',(39.9762099922755,2.5500000000001,-10.));
#2620=CARTESIAN_POINT('',(39.9762099922755,2.5500000000001,-10.));
#2621=CARTESIAN_POINT('',(39.9762099922755,2.5500000000001,-10.));
#2622=CARTESIAN_POINT('',(42.6762099922755,2.5500000000001,-10.));
#2623=CARTESIAN_POINT('',(42.6762099922755,2.5500000000001,-10.));
#2624=CARTESIAN_POINT('',(42.6762099922755,2.5500000000001,-10.));
#2625=CARTESIAN_POINT('Origin',(39.9762099922755,-2.5499999999999,-10.));
#2626=CARTESIAN_POINT('',(39.9762099922755,-2.5499999999999,-10.));
#2627=CARTESIAN_POINT('',(39.9762099922755,-2.5499999999999,-10.));
#2628=CARTESIAN_POINT('',(39.9762099922755,2.5500000000001,-10.));
#2629=CARTESIAN_POINT('Origin',(80.0237900077245,-2.5499999999999,-10.));
#2630=CARTESIAN_POINT('',(53.5946360065653,-2.5499999999999,-34.));
#2631=CARTESIAN_POINT('',(65.7618950038622,-2.54999999999992,-34.));
#2632=CARTESIAN_POINT('',(53.5946360065653,-2.5499999999999,-39.7));
#2633=CARTESIAN_POINT('',(53.5946360065653,-2.54999999999994,-39.7));
#2634=CARTESIAN_POINT('',(66.4053639934347,-2.5499999999999,-39.7));
#2635=CARTESIAN_POINT('',(80.0237900077245,-2.5499999999999,-39.7));
#2636=CARTESIAN_POINT('',(66.4053639934347,-2.5499999999999,-34.));
#2637=CARTESIAN_POINT('',(66.4053639934347,-2.54999999999992,-39.7));
#2638=CARTESIAN_POINT('',(74.2618950038622,-2.54999999999991,-34.));
#2639=CARTESIAN_POINT('',(80.0237900077245,-2.5499999999999,-10.));
#2640=CARTESIAN_POINT('',(80.0237900077245,-2.5499999999999,-10.));
#2641=CARTESIAN_POINT('',(68.9762099922755,-2.5499999999999,-10.));
#2642=CARTESIAN_POINT('',(66.3381049961378,-2.5499999999999,-10.));
#2643=CARTESIAN_POINT('',(68.9762099922755,-2.5499999999999,-18.6));
#2644=CARTESIAN_POINT('',(68.9762099922755,-2.5499999999999,-10.));
#2645=CARTESIAN_POINT('',(51.0237900077245,-2.5499999999999,-18.6));
#2646=CARTESIAN_POINT('Origin',(60.,-2.5499999999999,-18.6));
#2647=CARTESIAN_POINT('',(51.0237900077245,-2.5499999999999,-10.));
#2648=CARTESIAN_POINT('',(51.0237900077245,-2.5499999999999,-10.));
#2649=CARTESIAN_POINT('',(39.9762099922755,-2.5499999999999,-10.));
#2650=CARTESIAN_POINT('Origin',(75.,9.88098491916389E-14,-10.));
#2651=CARTESIAN_POINT('',(73.5,9.86261521717668E-14,-10.));
#2652=CARTESIAN_POINT('Origin',(75.,9.88098491916389E-14,-10.));
#2653=CARTESIAN_POINT('',(73.5,9.86261521717668E-14,-16.3));
#2654=CARTESIAN_POINT('',(73.5,9.8993546211511E-14,-10.));
#2655=CARTESIAN_POINT('Origin',(75.,9.88098491916389E-14,-16.3));
#2656=CARTESIAN_POINT('Origin',(75.,9.88098491916389E-14,-16.3));
#2657=CARTESIAN_POINT('Origin',(45.,9.70404312461426E-14,-10.));
#2658=CARTESIAN_POINT('',(43.5,9.68567342262705E-14,-10.));
#2659=CARTESIAN_POINT('Origin',(45.,9.70404312461426E-14,-10.));
#2660=CARTESIAN_POINT('',(43.5,9.68567342262705E-14,-16.3));
#2661=CARTESIAN_POINT('',(43.5,9.72241282660147E-14,-10.));
#2662=CARTESIAN_POINT('Origin',(45.,9.70404312461426E-14,-16.3));
#2663=CARTESIAN_POINT('Origin',(45.,9.71445146547012E-14,-16.3));
#2664=CARTESIAN_POINT('Origin',(68.5,9.88098491916389E-14,-39.7));
#2665=CARTESIAN_POINT('',(67.2,9.89690532755281E-14,-39.7));
#2666=CARTESIAN_POINT('Origin',(68.5,9.88098491916389E-14,-39.7));
#2667=CARTESIAN_POINT('',(67.2,9.89690532755281E-14,-33.7));
#2668=CARTESIAN_POINT('',(67.2,9.86506451077498E-14,-39.7));
#2669=CARTESIAN_POINT('Origin',(68.5,9.88098491916389E-14,-33.7));
#2670=CARTESIAN_POINT('Origin',(68.5,9.88098491916389E-14,-33.7));
#2671=CARTESIAN_POINT('Origin',(51.5,9.93333856982744E-14,-39.7));
#2672=CARTESIAN_POINT('',(50.2,9.94925897821636E-14,-39.7));
#2673=CARTESIAN_POINT('Origin',(51.5,9.93333856982744E-14,-39.7));
#2674=CARTESIAN_POINT('',(50.2,9.94925897821636E-14,-33.7));
#2675=CARTESIAN_POINT('',(50.2,9.91741816143853E-14,-39.7));
#2676=CARTESIAN_POINT('Origin',(51.5,9.93333856982744E-14,-33.7));
#2677=CARTESIAN_POINT('Origin',(51.5,9.93649607039515E-14,-33.7));
#2678=CARTESIAN_POINT('Origin',(68.5,9.93357673542816E-14,-39.7));
#2679=CARTESIAN_POINT('',(66.4053639934347,2.5500000000001,-39.7));
#2680=CARTESIAN_POINT('Origin',(68.5,9.93357673542816E-14,-39.7));
#2681=CARTESIAN_POINT('',(66.4053639934347,2.5500000000001,-34.));
#2682=CARTESIAN_POINT('',(66.4053639934347,2.5500000000001,-39.7));
#2683=CARTESIAN_POINT('Origin',(68.5,9.93357673542816E-14,-34.));
#2684=CARTESIAN_POINT('Origin',(68.5,2.9250000000001,-34.));
#2685=CARTESIAN_POINT('',(57.9118950038622,2.5500000000001,-34.));
#2686=CARTESIAN_POINT('Origin',(47.3237900077245,2.5500000000001,-10.));
#2687=CARTESIAN_POINT('',(47.3237900077245,2.5500000000001,-10.));
#2688=CARTESIAN_POINT('',(47.3237900077245,2.5500000000001,-10.));
#2689=CARTESIAN_POINT('',(51.0237900077245,2.5500000000001,-10.));
#2690=CARTESIAN_POINT('',(72.6762099922755,2.5500000000001,-10.));
#2691=CARTESIAN_POINT('',(51.0237900077245,2.5500000000001,-18.6));
#2692=CARTESIAN_POINT('',(51.0237900077245,2.5500000000001,-10.));
#2693=CARTESIAN_POINT('',(68.9762099922755,2.5500000000001,-18.6));
#2694=CARTESIAN_POINT('Origin',(60.,2.5500000000001,-18.6));
#2695=CARTESIAN_POINT('',(68.9762099922755,2.5500000000001,-10.));
#2696=CARTESIAN_POINT('',(68.9762099922755,2.5500000000001,-10.));
#2697=CARTESIAN_POINT('',(72.6762099922755,2.5500000000001,-10.));
#2698=CARTESIAN_POINT('',(72.6762099922755,2.5500000000001,-10.));
#2699=CARTESIAN_POINT('',(72.6762099922755,2.5500000000001,-10.));
#2700=CARTESIAN_POINT('',(53.5946360065653,2.5500000000001,-39.7));
#2701=CARTESIAN_POINT('',(72.6762099922755,2.5500000000001,-39.7));
#2702=CARTESIAN_POINT('',(53.5946360065653,2.5500000000001,-34.));
#2703=CARTESIAN_POINT('',(53.5946360065653,2.5500000000001,-39.7));
#2704=CARTESIAN_POINT('',(49.4118950038622,2.5500000000001,-34.));
#2705=CARTESIAN_POINT('Origin',(51.5,9.93333856982744E-14,-39.7));
#2706=CARTESIAN_POINT('Origin',(51.5,9.93333856982744E-14,-39.7));
#2707=CARTESIAN_POINT('Origin',(51.5,9.93333856982744E-14,-34.));
#2708=CARTESIAN_POINT('Origin',(51.5,-2.9249999999999,-34.));
#2709=CARTESIAN_POINT('Origin',(68.5,9.93357673542816E-14,-39.7));
#2710=CARTESIAN_POINT('Origin',(68.5,9.93357673542816E-14,-39.7));
#2711=CARTESIAN_POINT('Origin',(68.5,9.93357673542816E-14,-34.));
#2712=CARTESIAN_POINT('Origin',(68.5,-2.9249999999999,-34.));
#2713=CARTESIAN_POINT('Origin',(51.5,9.93333856982744E-14,-39.7));
#2714=CARTESIAN_POINT('Origin',(51.5,9.93333856982744E-14,-39.7));
#2715=CARTESIAN_POINT('Origin',(51.5,9.93333856982744E-14,-34.));
#2716=CARTESIAN_POINT('Origin',(51.5,2.9250000000001,-34.));
#2717=CARTESIAN_POINT('Origin',(60.,9.65894031423886E-14,-39.7));
#2718=CARTESIAN_POINT('Origin',(60.,-2.5499999999999,-18.6));
#2719=CARTESIAN_POINT('',(51.0237900077245,2.5500000000001,-18.6));
#2720=CARTESIAN_POINT('',(68.9762099922755,2.5500000000001,-18.6));
#2721=CARTESIAN_POINT('Origin',(68.9762099922755,2.5500000000001,-10.));
#2722=CARTESIAN_POINT('',(68.9762099922755,1.2750000000001,-10.));
#2723=CARTESIAN_POINT('Origin',(51.0237900077245,-2.5499999999999,-10.));
#2724=CARTESIAN_POINT('',(51.0237900077245,-1.2749999999999,-10.));
#2725=CARTESIAN_POINT('Origin',(60.,9.65894031423886E-14,-10.));
#2726=CARTESIAN_POINT('',(80.0237900077245,2.5500000000001,-10.));
#2727=CARTESIAN_POINT('',(80.0237900077245,2.5500000000001,-10.));
#2728=CARTESIAN_POINT('',(77.3237900077245,2.5500000000001,-10.));
#2729=CARTESIAN_POINT('',(77.3237900077245,2.5500000000001,-10.));
#2730=CARTESIAN_POINT('Origin',(75.,9.88098491916389E-14,-10.));
#2731=CARTESIAN_POINT('Origin',(60.,9.65894031423886E-14,-10.));
#2732=CARTESIAN_POINT('Origin',(45.,9.70404312461426E-14,-10.));
#2733=CARTESIAN_POINT('Origin',(80.0237900077245,2.5500000000001,-10.));
#2734=CARTESIAN_POINT('',(80.0237900077245,2.5500000000001,-10.));
#2735=CARTESIAN_POINT('Origin',(77.3237900077245,2.5500000000001,-10.));
#2736=CARTESIAN_POINT('',(77.3237900077245,2.5500000000001,-10.));
#2737=CARTESIAN_POINT('Origin',(75.,9.88098491916389E-14,-10.));
#2738=CARTESIAN_POINT('Origin',(45.,9.70404312461426E-14,-10.));
#2739=CARTESIAN_POINT('Origin',(150.594636006565,-2.5499999999999,-24.));
#2740=CARTESIAN_POINT('',(150.594636006565,2.5500000000001,-24.));
#2741=CARTESIAN_POINT('',(150.594636006565,2.5500000000001,-29.7));
#2742=CARTESIAN_POINT('',(150.594636006565,2.5500000000001,-29.7));
#2743=CARTESIAN_POINT('',(150.594636006565,-2.5499999999999,-24.));
#2744=CARTESIAN_POINT('',(150.594636006565,-2.5499999999999,-24.));
#2745=CARTESIAN_POINT('',(150.594636006565,-2.5499999999999,-29.7));
#2746=CARTESIAN_POINT('',(150.594636006565,-2.54999999999995,-29.7));
#2747=CARTESIAN_POINT('',(150.594636006565,-1.2749999999999,-29.7));
#2748=CARTESIAN_POINT('Origin',(160.023790007724,-2.5499999999999,-19.4));
#2749=CARTESIAN_POINT('',(157.323790007724,2.5500000000001,-20.7171913406519));
#2750=CARTESIAN_POINT('',(160.023790007724,2.5500000000001,-19.4));
#2751=CARTESIAN_POINT('',(163.846201959188,2.55000000000009,-17.5352415100475));
#2752=CARTESIAN_POINT('',(160.023790007724,-2.5499999999999,-19.4));
#2753=CARTESIAN_POINT('',(160.023790007724,-2.5499999999999,-19.4));
#2754=CARTESIAN_POINT('',(147.671848283209,-2.54999999999995,-25.4258780295441));
#2755=CARTESIAN_POINT('',(152.676209992276,2.5500000000001,-22.9845069522579));
#2756=CARTESIAN_POINT('',(160.878672890351,2.5500000000001,-18.9829465443457));
#2757=CARTESIAN_POINT('Origin',(155.,9.70404312461426E-14,-21.8508491464549));
#2758=CARTESIAN_POINT('Origin',(129.405363993435,-2.5499999999999,-29.7));
#2759=CARTESIAN_POINT('',(129.405363993435,2.55000000000009,-29.7));
#2760=CARTESIAN_POINT('',(129.405363993435,2.55000000000009,-24.));
#2761=CARTESIAN_POINT('',(129.405363993435,2.5500000000001,-29.7));
#2762=CARTESIAN_POINT('',(129.405363993435,-2.5499999999999,-29.7));
#2763=CARTESIAN_POINT('',(129.405363993435,-1.2749999999999,-29.7));
#2764=CARTESIAN_POINT('',(129.405363993435,-2.5499999999999,-24.));
#2765=CARTESIAN_POINT('',(129.405363993435,-2.54999999999992,-29.7));
#2766=CARTESIAN_POINT('',(129.405363993435,-2.5499999999999,-24.));
#2767=CARTESIAN_POINT('Origin',(129.405363993435,-2.5499999999999,-24.));
#2768=CARTESIAN_POINT('',(127.323790007724,2.5500000000001,-22.9845069522579));
#2769=CARTESIAN_POINT('',(134.075199648534,2.5500000000001,-26.2781729952459));
#2770=CARTESIAN_POINT('',(119.976209992276,-2.5499999999999,-19.4));
#2771=CARTESIAN_POINT('',(120.868375041392,-2.5499999999999,-19.8352415100475));
#2772=CARTESIAN_POINT('',(119.976209992276,2.5500000000001,-19.4));
#2773=CARTESIAN_POINT('',(119.976209992276,9.65894031423886E-14,-19.4));
#2774=CARTESIAN_POINT('',(122.676209992276,2.5500000000001,-20.7171913406519));
#2775=CARTESIAN_POINT('',(121.958846797945,2.5500000000001,-20.3672266785501));
#2776=CARTESIAN_POINT('Origin',(125.,9.88098491916389E-14,-21.8508491464549));
#2777=CARTESIAN_POINT('Origin',(160.023790007724,2.5500000000001,0.));
#2778=CARTESIAN_POINT('',(157.323790007724,2.5500000000001,0.));
#2779=CARTESIAN_POINT('',(157.323790007724,2.5500000000001,0.));
#2780=CARTESIAN_POINT('',(160.023790007724,2.5500000000001,0.));
#2781=CARTESIAN_POINT('',(157.323790007724,2.5500000000001,0.));
#2782=CARTESIAN_POINT('',(160.023790007724,2.5500000000001,0.));
#2783=CARTESIAN_POINT('Origin',(160.023790007724,-2.5499999999999,0.));
#2784=CARTESIAN_POINT('',(160.023790007724,-2.5499999999999,0.));
#2785=CARTESIAN_POINT('',(160.023790007724,2.5500000000001,0.));
#2786=CARTESIAN_POINT('',(160.023790007724,-2.5499999999999,0.));
#2787=CARTESIAN_POINT('Origin',(119.976209992276,-2.5499999999999,0.));
#2788=CARTESIAN_POINT('',(148.976209992276,-2.5499999999999,0.));
#2789=CARTESIAN_POINT('',(160.023790007724,-2.5499999999999,0.));
#2790=CARTESIAN_POINT('',(148.976209992276,-2.5499999999999,-8.6));
#2791=CARTESIAN_POINT('',(148.976209992276,-2.5499999999999,0.));
#2792=CARTESIAN_POINT('',(131.023790007724,-2.5499999999999,-8.6));
#2793=CARTESIAN_POINT('Origin',(140.,-2.5499999999999,-8.6));
#2794=CARTESIAN_POINT('',(131.023790007724,-2.5499999999999,0.));
#2795=CARTESIAN_POINT('',(131.023790007724,-2.5499999999999,0.));
#2796=CARTESIAN_POINT('',(119.976209992276,-2.5499999999999,0.));
#2797=CARTESIAN_POINT('',(133.661895003862,-2.5499999999999,0.));
#2798=CARTESIAN_POINT('',(119.976209992276,-2.5499999999999,0.));
#2799=CARTESIAN_POINT('',(133.594636006565,-2.5499999999999,-24.));
#2800=CARTESIAN_POINT('',(125.738104996138,-2.54999999999991,-24.));
#2801=CARTESIAN_POINT('',(133.594636006565,-2.5499999999999,-29.7));
#2802=CARTESIAN_POINT('',(133.594636006565,-2.54999999999992,-29.7));
#2803=CARTESIAN_POINT('',(146.405363993435,-2.5499999999999,-29.7));
#2804=CARTESIAN_POINT('',(119.976209992276,-2.5499999999999,-29.7));
#2805=CARTESIAN_POINT('',(146.405363993435,-2.5499999999999,-24.));
#2806=CARTESIAN_POINT('',(146.405363993435,-2.54999999999994,-29.7));
#2807=CARTESIAN_POINT('',(134.238104996138,-2.54999999999992,-24.));
#2808=CARTESIAN_POINT('Origin',(125.,9.88098491916389E-14,0.));
#2809=CARTESIAN_POINT('',(126.5,9.86261521717668E-14,0.));
#2810=CARTESIAN_POINT('Origin',(125.,9.88098491916389E-14,0.));
#2811=CARTESIAN_POINT('',(126.5,9.86261521717668E-14,-6.3));
#2812=CARTESIAN_POINT('',(126.5,9.8993546211511E-14,0.));
#2813=CARTESIAN_POINT('Origin',(125.,9.88098491916389E-14,-6.3));
#2814=CARTESIAN_POINT('Origin',(125.,9.88098491916389E-14,-6.3));
#2815=CARTESIAN_POINT('Origin',(155.,9.70404312461426E-14,0.));
#2816=CARTESIAN_POINT('',(156.5,9.68567342262705E-14,0.));
#2817=CARTESIAN_POINT('Origin',(155.,9.70404312461426E-14,0.));
#2818=CARTESIAN_POINT('',(156.5,9.68567342262705E-14,-6.3));
#2819=CARTESIAN_POINT('',(156.5,9.72241282660147E-14,0.));
#2820=CARTESIAN_POINT('Origin',(155.,9.70404312461426E-14,-6.3));
#2821=CARTESIAN_POINT('Origin',(155.,9.71445146547012E-14,-6.3));
#2822=CARTESIAN_POINT('Origin',(131.5,9.88098491916389E-14,-29.7));
#2823=CARTESIAN_POINT('',(132.8,9.89690532755281E-14,-29.7));
#2824=CARTESIAN_POINT('Origin',(131.5,9.88098491916389E-14,-29.7));
#2825=CARTESIAN_POINT('',(132.8,9.89690532755281E-14,-23.7));
#2826=CARTESIAN_POINT('',(132.8,9.86506451077498E-14,-29.7));
#2827=CARTESIAN_POINT('Origin',(131.5,9.88098491916389E-14,-23.7));
#2828=CARTESIAN_POINT('Origin',(131.5,9.88098491916389E-14,-23.7));
#2829=CARTESIAN_POINT('Origin',(148.5,9.93333856982744E-14,-29.7));
#2830=CARTESIAN_POINT('',(149.8,9.94925897821636E-14,-29.7));
#2831=CARTESIAN_POINT('Origin',(148.5,9.93333856982744E-14,-29.7));
#2832=CARTESIAN_POINT('',(149.8,9.94925897821636E-14,-23.7));
#2833=CARTESIAN_POINT('',(149.8,9.91741816143853E-14,-29.7));
#2834=CARTESIAN_POINT('Origin',(148.5,9.93333856982744E-14,-23.7));
#2835=CARTESIAN_POINT('Origin',(148.5,9.93649607039515E-14,-23.7));
#2836=CARTESIAN_POINT('Origin',(131.5,9.93357673542816E-14,-29.7));
#2837=CARTESIAN_POINT('',(133.594636006565,2.5500000000001,-29.7));
#2838=CARTESIAN_POINT('Origin',(131.5,9.93357673542816E-14,-29.7));
#2839=CARTESIAN_POINT('',(133.594636006565,2.5500000000001,-24.));
#2840=CARTESIAN_POINT('Origin',(131.5,9.93357673542816E-14,-24.));
#2841=CARTESIAN_POINT('',(133.594636006565,2.5500000000001,-29.7));
#2842=CARTESIAN_POINT('Origin',(131.5,2.9250000000001,-24.));
#2843=CARTESIAN_POINT('',(142.088104996138,2.5500000000001,-24.));
#2844=CARTESIAN_POINT('Origin',(152.676209992276,2.5500000000001,0.));
#2845=CARTESIAN_POINT('',(146.405363993435,2.5500000000001,-24.));
#2846=CARTESIAN_POINT('',(150.588104996138,2.5500000000001,-24.));
#2847=CARTESIAN_POINT('',(146.405363993435,2.5500000000001,-29.7));
#2848=CARTESIAN_POINT('',(146.405363993435,2.5500000000001,-29.7));
#2849=CARTESIAN_POINT('',(127.323790007724,2.5500000000001,-29.7));
#2850=CARTESIAN_POINT('',(127.323790007724,2.5500000000001,0.));
#2851=CARTESIAN_POINT('',(127.323790007724,2.5500000000001,0.));
#2852=CARTESIAN_POINT('',(131.023790007724,2.5500000000001,0.));
#2853=CARTESIAN_POINT('',(127.323790007724,2.5500000000001,0.));
#2854=CARTESIAN_POINT('',(131.023790007724,2.5500000000001,-8.6));
#2855=CARTESIAN_POINT('',(131.023790007724,2.5500000000001,0.));
#2856=CARTESIAN_POINT('',(148.976209992276,2.5500000000001,-8.6));
#2857=CARTESIAN_POINT('Origin',(140.,2.5500000000001,-8.6));
#2858=CARTESIAN_POINT('',(148.976209992276,2.5500000000001,0.));
#2859=CARTESIAN_POINT('',(148.976209992276,2.5500000000001,0.));
#2860=CARTESIAN_POINT('',(152.676209992276,2.5500000000001,0.));
#2861=CARTESIAN_POINT('',(127.323790007724,2.5500000000001,0.));
#2862=CARTESIAN_POINT('',(152.676209992276,2.5500000000001,0.));
#2863=CARTESIAN_POINT('Origin',(148.5,9.93333856982744E-14,-29.7));
#2864=CARTESIAN_POINT('Origin',(148.5,9.93333856982744E-14,-29.7));
#2865=CARTESIAN_POINT('Origin',(148.5,9.93333856982744E-14,-24.));
#2866=CARTESIAN_POINT('Origin',(148.5,-2.9249999999999,-24.));
#2867=CARTESIAN_POINT('Origin',(131.5,9.93357673542816E-14,-29.7));
#2868=CARTESIAN_POINT('Origin',(131.5,9.93357673542816E-14,-29.7));
#2869=CARTESIAN_POINT('Origin',(131.5,9.93357673542816E-14,-24.));
#2870=CARTESIAN_POINT('Origin',(131.5,-2.9249999999999,-24.));
#2871=CARTESIAN_POINT('Origin',(148.5,9.93333856982744E-14,-29.7));
#2872=CARTESIAN_POINT('Origin',(148.5,9.93333856982744E-14,-29.7));
#2873=CARTESIAN_POINT('Origin',(148.5,9.93333856982744E-14,-24.));
#2874=CARTESIAN_POINT('Origin',(148.5,2.9250000000001,-24.));
#2875=CARTESIAN_POINT('Origin',(140.,9.65894031423886E-14,-29.7));
#2876=CARTESIAN_POINT('Origin',(140.,-2.5499999999999,-8.6));
#2877=CARTESIAN_POINT('',(131.023790007724,2.5500000000001,-8.6));
#2878=CARTESIAN_POINT('',(148.976209992276,2.5500000000001,-8.6));
#2879=CARTESIAN_POINT('Origin',(131.023790007724,2.5500000000001,0.));
#2880=CARTESIAN_POINT('',(131.023790007724,1.2750000000001,0.));
#2881=CARTESIAN_POINT('Origin',(148.976209992276,-2.5499999999999,0.));
#2882=CARTESIAN_POINT('',(148.976209992276,-1.2749999999999,0.));
#2883=CARTESIAN_POINT('Origin',(140.,9.65894031423886E-14,0.));
#2884=CARTESIAN_POINT('',(122.676209992276,2.5500000000001,0.));
#2885=CARTESIAN_POINT('Origin',(125.,9.88098491916389E-14,0.));
#2886=CARTESIAN_POINT('',(119.976209992276,2.5500000000001,0.));
#2887=CARTESIAN_POINT('',(122.676209992276,2.5500000000001,0.));
#2888=CARTESIAN_POINT('',(119.976209992276,2.5500000000001,0.));
#2889=CARTESIAN_POINT('Origin',(140.,9.65894031423886E-14,0.));
#2890=CARTESIAN_POINT('Origin',(155.,9.70404312461426E-14,0.));
#2891=CARTESIAN_POINT('Origin',(119.976209992276,2.5500000000001,0.));
#2892=CARTESIAN_POINT('',(119.976209992276,2.5500000000001,0.));
#2893=CARTESIAN_POINT('Origin',(122.676209992276,2.5500000000001,0.));
#2894=CARTESIAN_POINT('',(122.676209992276,2.5500000000001,0.));
#2895=CARTESIAN_POINT('Origin',(125.,9.88098491916389E-14,0.));
#2896=CARTESIAN_POINT('Origin',(155.,9.70404312461426E-14,0.));
#2897=UNCERTAINTY_MEASURE_WITH_UNIT(LENGTH_MEASURE(0.01),#2901,
'DISTANCE_ACCURACY_VALUE',
'Maximum model space distance between geometric entities at asserted c
onnectivities');
#2898=UNCERTAINTY_MEASURE_WITH_UNIT(LENGTH_MEASURE(0.01),#2901,
'DISTANCE_ACCURACY_VALUE',
'Maximum model space distance between geometric entities at asserted c
onnectivities');
#2899=(
GEOMETRIC_REPRESENTATION_CONTEXT(3)
GLOBAL_UNCERTAINTY_ASSIGNED_CONTEXT((#2897))
GLOBAL_UNIT_ASSIGNED_CONTEXT((#2901,#2903,#2904))
REPRESENTATION_CONTEXT('','3D')
);
#2900=(
GEOMETRIC_REPRESENTATION_CONTEXT(3)
GLOBAL_UNCERTAINTY_ASSIGNED_CONTEXT((#2898))
GLOBAL_UNIT_ASSIGNED_CONTEXT((#2901,#2903,#2904))
REPRESENTATION_CONTEXT('','3D')
);
#2901=(
LENGTH_UNIT()
NAMED_UNIT(*)
SI_UNIT(.MILLI.,.METRE.)
);
#2902=(
LENGTH_UNIT()
NAMED_UNIT(*)
SI_UNIT($,.METRE.)
);
#2903=(
NAMED_UNIT(*)
PLANE_ANGLE_UNIT()
SI_UNIT($,.RADIAN.)
);
#2904=(
NAMED_UNIT(*)
SI_UNIT($,.STERADIAN.)
SOLID_ANGLE_UNIT()
);
#2905=SHAPE_DEFINITION_REPRESENTATION(#2906,#2907);
#2906=PRODUCT_DEFINITION_SHAPE('',$,#2909);
#2907=SHAPE_REPRESENTATION('',(#1733),#2899);
#2908=PRODUCT_DEFINITION_CONTEXT('part definition',#2913,'design');
#2909=PRODUCT_DEFINITION('2026-06-16-08-52-33-302',
'SAK-D626A          SAK-D625',#2910,#2908);
#2910=PRODUCT_DEFINITION_FORMATION('',$,#2915);
#2911=PRODUCT_RELATED_PRODUCT_CATEGORY('SAK-D626A          SAK-D625',
'SAK-D626A          SAK-D625',(#2915));
#2912=APPLICATION_PROTOCOL_DEFINITION('international standard',
'automotive_design',2009,#2913);
#2913=APPLICATION_CONTEXT(
'Core Data for Automotive Mechanical Design Process');
#2914=PRODUCT_CONTEXT('part definition',#2913,'mechanical');
#2915=PRODUCT('2026-06-16-08-52-33-302','SAK-D626A          SAK-D625',$,
(#2914));
#2916=PRESENTATION_STYLE_ASSIGNMENT((#2917));
#2917=SURFACE_STYLE_USAGE(.BOTH.,#2918);
#2918=SURFACE_SIDE_STYLE('',(#2919));
#2919=SURFACE_STYLE_FILL_AREA(#2920);
#2920=FILL_AREA_STYLE('\X2\94A2\X0\ - \X2\7F0E5149\X0\',(#2921));
#2921=FILL_AREA_STYLE_COLOUR('\X2\94A2\X0\ - \X2\7F0E5149\X0\',#2922);
#2922=COLOUR_RGB('\X2\94A2\X0\ - \X2\7F0E5149\X0\',0.627450980392157,0.627450980392157,
0.627450980392157);
ENDSEC;
END-ISO-10303-21;
