ISO-10303-21;
HEADER;
/* Generated by software containing ST-Developer
 * from STEP Tools, Inc. (www.steptools.com) 
 */

FILE_DESCRIPTION(
/* description */ (''),
/* implementation_level */ '2;1');

FILE_NAME(
/* name */ '',
/* time_stamp */ '2026-08-11T12:16:10+09:00',
/* author */ (''),
/* organization */ (''),
/* preprocessor_version */ 'ST-DEVELOPER v20.1',
/* originating_system */ 'Autodesk Translation Framework v15.8.0.0',
/* authorisation */ '');

FILE_SCHEMA (('AUTOMOTIVE_DESIGN { 1 0 10303 214 3 1 1 }'));
ENDSEC;

DATA;
#10=MECHANICAL_DESIGN_GEOMETRIC_PRESENTATION_REPRESENTATION('',(#13),#8284);
#11=SHAPE_REPRESENTATION_RELATIONSHIP('SRR','None',#8291,#12);
#12=ADVANCED_BREP_SHAPE_REPRESENTATION('',(#14),#8283);
#13=STYLED_ITEM('',(#8300),#14);
#14=MANIFOLD_SOLID_BREP('\X2\5E9576D8\X0\',#4840);
#15=TOROIDAL_SURFACE('',#4973,1.,0.5);
#16=TOROIDAL_SURFACE('',#4979,1.,0.5);
#17=TOROIDAL_SURFACE('',#5003,1.,0.5);
#18=TOROIDAL_SURFACE('',#5009,1.,0.5);
#19=SPHERICAL_SURFACE('',#4878,0.5);
#20=SPHERICAL_SURFACE('',#4886,0.5);
#21=SPHERICAL_SURFACE('',#4891,0.5);
#22=SPHERICAL_SURFACE('',#4900,0.5);
#23=SPHERICAL_SURFACE('',#4988,0.5);
#24=SPHERICAL_SURFACE('',#4993,0.5);
#25=SPHERICAL_SURFACE('',#4998,0.5);
#26=SPHERICAL_SURFACE('',#5015,0.5);
#27=SPHERICAL_SURFACE('',#5020,0.5);
#28=SPHERICAL_SURFACE('',#5025,0.5);
#29=SPHERICAL_SURFACE('',#5030,0.5);
#30=SPHERICAL_SURFACE('',#5032,0.5);
#31=SPHERICAL_SURFACE('',#5061,0.5);
#32=SPHERICAL_SURFACE('',#5066,0.5);
#33=SPHERICAL_SURFACE('',#5071,0.5);
#34=SPHERICAL_SURFACE('',#5073,0.5);
#35=CIRCLE('',#4874,0.499999999999998);
#36=CIRCLE('',#4875,0.5);
#37=CIRCLE('',#4877,0.5);
#38=CIRCLE('',#4879,0.5);
#39=CIRCLE('',#4882,0.5);
#40=CIRCLE('',#4884,0.5);
#41=CIRCLE('',#4885,0.499999999999998);
#42=CIRCLE('',#4887,0.500000000000002);
#43=CIRCLE('',#4889,0.5);
#44=CIRCLE('',#4890,0.499999999999998);
#45=CIRCLE('',#4892,0.500000000000002);
#46=CIRCLE('',#4893,0.5);
#47=CIRCLE('',#4896,0.499999999999998);
#48=CIRCLE('',#4898,0.499999999999998);
#49=CIRCLE('',#4899,0.5);
#50=CIRCLE('',#4901,0.5);
#51=CIRCLE('',#4907,1.);
#52=CIRCLE('',#4908,1.);
#53=CIRCLE('',#4911,1.);
#54=CIRCLE('',#4912,1.);
#55=CIRCLE('',#4915,1.);
#56=CIRCLE('',#4916,1.);
#57=CIRCLE('',#4919,1.);
#58=CIRCLE('',#4920,1.);
#59=CIRCLE('',#4923,1.);
#60=CIRCLE('',#4924,1.);
#61=CIRCLE('',#4927,1.);
#62=CIRCLE('',#4928,1.);
#63=CIRCLE('',#4931,1.);
#64=CIRCLE('',#4932,1.);
#65=CIRCLE('',#4935,1.);
#66=CIRCLE('',#4936,1.);
#67=CIRCLE('',#4939,1.);
#68=CIRCLE('',#4940,1.);
#69=CIRCLE('',#4943,1.);
#70=CIRCLE('',#4944,1.);
#71=CIRCLE('',#4947,1.);
#72=CIRCLE('',#4948,1.);
#73=CIRCLE('',#4951,1.);
#74=CIRCLE('',#4952,1.);
#75=CIRCLE('',#4955,1.);
#76=CIRCLE('',#4956,1.);
#77=CIRCLE('',#4959,1.);
#78=CIRCLE('',#4960,1.);
#79=CIRCLE('',#4963,1.);
#80=CIRCLE('',#4964,1.);
#81=CIRCLE('',#4967,1.);
#82=CIRCLE('',#4968,1.);
#83=CIRCLE('',#4971,0.5);
#84=CIRCLE('',#4972,0.5);
#85=CIRCLE('',#4974,0.5);
#86=CIRCLE('',#4975,0.5);
#87=CIRCLE('',#4976,1.);
#88=CIRCLE('',#4978,0.5);
#89=CIRCLE('',#4980,0.5);
#90=CIRCLE('',#4981,0.5);
#91=CIRCLE('',#4982,1.);
#92=CIRCLE('',#4984,0.5);
#93=CIRCLE('',#4986,0.5);
#94=CIRCLE('',#4987,0.500000000000007);
#95=CIRCLE('',#4989,0.499999999999997);
#96=CIRCLE('',#4991,0.5);
#97=CIRCLE('',#4992,0.5);
#98=CIRCLE('',#4994,0.499999999999997);
#99=CIRCLE('',#4996,0.5);
#100=CIRCLE('',#4997,0.500000000000007);
#101=CIRCLE('',#4999,0.499999999999997);
#102=CIRCLE('',#5001,0.5);
#103=CIRCLE('',#5002,0.5);
#104=CIRCLE('',#5004,0.5);
#105=CIRCLE('',#5005,0.5);
#106=CIRCLE('',#5006,1.);
#107=CIRCLE('',#5008,0.5);
#108=CIRCLE('',#5010,0.5);
#109=CIRCLE('',#5011,0.5);
#110=CIRCLE('',#5012,1.);
#111=CIRCLE('',#5014,0.5);
#112=CIRCLE('',#5016,0.499999999999998);
#113=CIRCLE('',#5018,0.5);
#114=CIRCLE('',#5019,0.500000000000007);
#115=CIRCLE('',#5021,0.499999999999997);
#116=CIRCLE('',#5023,0.5);
#117=CIRCLE('',#5024,0.5);
#118=CIRCLE('',#5026,0.499999999999997);
#119=CIRCLE('',#5028,0.5);
#120=CIRCLE('',#5029,0.500000000000007);
#121=CIRCLE('',#5031,0.499999999999997);
#122=CIRCLE('',#5033,0.499999999999998);
#123=CIRCLE('',#5035,0.5);
#124=CIRCLE('',#5038,0.5);
#125=CIRCLE('',#5041,0.5);
#126=CIRCLE('',#5044,0.5);
#127=CIRCLE('',#5047,0.5);
#128=CIRCLE('',#5050,0.5);
#129=CIRCLE('',#5053,1.5);
#130=CIRCLE('',#5054,1.5);
#131=CIRCLE('',#5056,0.5);
#132=CIRCLE('',#5057,0.5);
#133=CIRCLE('',#5059,0.5);
#134=CIRCLE('',#5060,0.499999999999998);
#135=CIRCLE('',#5062,0.499999999999997);
#136=CIRCLE('',#5064,0.5);
#137=CIRCLE('',#5065,0.5);
#138=CIRCLE('',#5067,0.500000000000002);
#139=CIRCLE('',#5069,0.5);
#140=CIRCLE('',#5070,0.499999999999998);
#141=CIRCLE('',#5072,0.499999999999997);
#142=CIRCLE('',#5074,0.500000000000002);
#143=CIRCLE('',#5077,0.5);
#144=CIRCLE('',#5080,1.49999999999999);
#145=CIRCLE('',#5081,1.5);
#146=CIRCLE('',#5082,1.49999999999999);
#147=CIRCLE('',#5083,1.5);
#148=CIRCLE('',#5087,0.5);
#149=CIRCLE('',#5089,0.5);
#150=CIRCLE('',#5092,0.5);
#151=CIRCLE('',#5095,0.5);
#152=CIRCLE('',#5098,0.5);
#153=CIRCLE('',#5100,0.5);
#154=CIRCLE('',#5103,0.5);
#155=CIRCLE('',#5105,2.99999998593105);
#156=CIRCLE('',#5106,8.60333333333351);
#157=CIRCLE('',#5107,3.);
#158=CIRCLE('',#5108,3.5);
#159=CIRCLE('',#5109,3.5);
#160=CIRCLE('',#5110,3.5);
#161=CIRCLE('',#5111,3.5);
#162=CIRCLE('',#5112,3.);
#163=CIRCLE('',#5113,8.60333333333353);
#164=CIRCLE('',#5114,3.00000001316635);
#165=CIRCLE('',#5115,1.5);
#166=CIRCLE('',#5116,1.5);
#167=CIRCLE('',#5117,1.5);
#168=CIRCLE('',#5118,0.5);
#169=CIRCLE('',#5119,0.5);
#170=CIRCLE('',#5120,0.5);
#171=CIRCLE('',#5121,0.5);
#172=CIRCLE('',#5122,1.5);
#173=CIRCLE('',#5123,1.5);
#174=CIRCLE('',#5124,1.5);
#175=CIRCLE('',#5125,1.5);
#176=CIRCLE('',#5126,1.5);
#177=CIRCLE('',#5127,1.5);
#178=CIRCLE('',#5128,1.5);
#179=CIRCLE('',#5129,1.5);
#180=CIRCLE('',#5130,1.5);
#181=CIRCLE('',#5134,2.75);
#182=CIRCLE('',#5135,2.75);
#183=CIRCLE('',#5137,1.5);
#184=CIRCLE('',#5142,2.74999999999999);
#185=CIRCLE('',#5144,6.99999980186925);
#186=CIRCLE('',#5145,4.59139800979471);
#187=CIRCLE('',#5146,4.59139802952307);
#188=CIRCLE('',#5147,4.59139802952307);
#189=CIRCLE('',#5148,4.59139800979471);
#190=CIRCLE('',#5149,6.99999989833946);
#191=CIRCLE('',#5150,1.5);
#192=CIRCLE('',#5151,1.5);
#193=CIRCLE('',#5152,1.5);
#194=CIRCLE('',#5153,2.);
#195=CIRCLE('',#5154,2.);
#196=CIRCLE('',#5155,2.);
#197=CIRCLE('',#5156,2.);
#198=CIRCLE('',#5157,1.5);
#199=CIRCLE('',#5158,1.5);
#200=CIRCLE('',#5159,2.);
#201=CIRCLE('',#5160,2.);
#202=CIRCLE('',#5161,2.);
#203=CIRCLE('',#5162,2.);
#204=CIRCLE('',#5163,1.5);
#205=CIRCLE('',#5164,2.);
#206=CIRCLE('',#5165,2.);
#207=CIRCLE('',#5166,2.);
#208=CIRCLE('',#5167,2.00000000000001);
#209=CIRCLE('',#5168,1.5);
#210=CIRCLE('',#5169,1.5);
#211=CIRCLE('',#5170,1.5);
#212=CIRCLE('',#5171,1.5);
#213=CIRCLE('',#5172,1.5);
#214=CIRCLE('',#5173,1.5);
#215=CIRCLE('',#5174,2.);
#216=CIRCLE('',#5175,2.);
#217=CIRCLE('',#5176,1.99999999999999);
#218=CIRCLE('',#5177,2.);
#219=CIRCLE('',#5178,1.5);
#220=CIRCLE('',#5179,1.5);
#221=CIRCLE('',#5180,2.);
#222=CIRCLE('',#5181,1.99999999999999);
#223=CIRCLE('',#5182,2.);
#224=CIRCLE('',#5183,1.99999999999999);
#225=CIRCLE('',#5184,1.5);
#226=CIRCLE('',#5185,2.00000000000001);
#227=CIRCLE('',#5186,2.);
#228=CIRCLE('',#5187,2.);
#229=CIRCLE('',#5188,2.);
#230=CIRCLE('',#5189,1.5);
#231=CIRCLE('',#5190,1.5);
#232=CIRCLE('',#5191,1.5);
#233=CIRCLE('',#5193,2.74999999999999);
#234=CIRCLE('',#5195,1.5);
#235=CIRCLE('',#5197,4.59139800979471);
#236=CIRCLE('',#5198,6.99999980186925);
#237=CIRCLE('',#5199,3.00000001316635);
#238=CIRCLE('',#5200,8.60333333333353);
#239=CIRCLE('',#5201,3.);
#240=CIRCLE('',#5202,3.5);
#241=CIRCLE('',#5203,3.5);
#242=CIRCLE('',#5204,3.5);
#243=CIRCLE('',#5205,3.5);
#244=CIRCLE('',#5206,3.);
#245=CIRCLE('',#5207,8.60333333333351);
#246=CIRCLE('',#5208,2.99999998593105);
#247=CIRCLE('',#5209,6.99999989833946);
#248=CIRCLE('',#5210,4.59139800979471);
#249=CIRCLE('',#5211,4.59139802952307);
#250=CIRCLE('',#5212,4.59139802952307);
#251=CIRCLE('',#5213,1.5);
#252=CIRCLE('',#5214,1.5);
#253=CIRCLE('',#5215,1.5);
#254=CIRCLE('',#5216,0.5);
#255=CIRCLE('',#5217,0.5);
#256=CIRCLE('',#5218,0.5);
#257=CIRCLE('',#5219,0.5);
#258=CIRCLE('',#5220,1.5);
#259=CIRCLE('',#5221,1.5);
#260=CIRCLE('',#5222,1.5);
#261=CIRCLE('',#5223,1.5);
#262=CIRCLE('',#5224,1.5);
#263=CIRCLE('',#5225,1.5);
#264=CIRCLE('',#5226,1.5);
#265=CIRCLE('',#5227,1.5);
#266=CIRCLE('',#5228,1.5);
#267=CIRCLE('',#5229,1.5);
#268=CIRCLE('',#5230,1.5);
#269=CIRCLE('',#5231,1.49999999999999);
#270=CIRCLE('',#5232,1.5);
#271=CIRCLE('',#5233,1.5);
#272=CIRCLE('',#5234,2.);
#273=CIRCLE('',#5235,2.);
#274=CIRCLE('',#5236,2.);
#275=CIRCLE('',#5237,2.);
#276=CIRCLE('',#5238,1.5);
#277=CIRCLE('',#5239,1.5);
#278=CIRCLE('',#5240,2.);
#279=CIRCLE('',#5241,2.);
#280=CIRCLE('',#5242,2.);
#281=CIRCLE('',#5243,2.);
#282=CIRCLE('',#5244,1.5);
#283=CIRCLE('',#5245,2.);
#284=CIRCLE('',#5246,2.00000000000001);
#285=CIRCLE('',#5247,2.);
#286=CIRCLE('',#5248,2.);
#287=CIRCLE('',#5249,1.5);
#288=CIRCLE('',#5250,1.5);
#289=CIRCLE('',#5251,1.5);
#290=CIRCLE('',#5252,1.5);
#291=CIRCLE('',#5253,1.5);
#292=CIRCLE('',#5254,1.5);
#293=CIRCLE('',#5255,1.5);
#294=CIRCLE('',#5256,1.5);
#295=CIRCLE('',#5257,1.5);
#296=CIRCLE('',#5258,1.5);
#297=CIRCLE('',#5259,2.);
#298=CIRCLE('',#5260,2.);
#299=CIRCLE('',#5261,1.99999999999999);
#300=CIRCLE('',#5262,2.);
#301=CIRCLE('',#5263,1.5);
#302=CIRCLE('',#5264,1.5);
#303=CIRCLE('',#5265,2.);
#304=CIRCLE('',#5266,1.99999999999999);
#305=CIRCLE('',#5267,2.);
#306=CIRCLE('',#5268,1.99999999999999);
#307=CIRCLE('',#5269,1.5);
#308=CIRCLE('',#5270,2.00000000000001);
#309=CIRCLE('',#5271,2.);
#310=CIRCLE('',#5272,2.);
#311=CIRCLE('',#5273,2.);
#312=CIRCLE('',#5274,1.5);
#313=CIRCLE('',#5275,1.5);
#314=CIRCLE('',#5276,1.49999999999999);
#315=CIRCLE('',#5277,1.5);
#316=CIRCLE('',#5278,1.5);
#317=FACE_BOUND('',#773,.T.);
#318=FACE_BOUND('',#864,.T.);
#319=FACE_BOUND('',#865,.T.);
#320=FACE_BOUND('',#878,.T.);
#321=FACE_BOUND('',#879,.T.);
#322=FACE_BOUND('',#880,.T.);
#323=FACE_BOUND('',#881,.T.);
#324=FACE_BOUND('',#896,.T.);
#325=FACE_BOUND('',#897,.T.);
#326=FACE_BOUND('',#898,.T.);
#327=FACE_BOUND('',#899,.T.);
#328=FACE_BOUND('',#900,.T.);
#329=FACE_BOUND('',#901,.T.);
#330=FACE_BOUND('',#902,.T.);
#331=FACE_BOUND('',#903,.T.);
#332=FACE_BOUND('',#904,.T.);
#333=FACE_BOUND('',#905,.T.);
#334=FACE_BOUND('',#906,.T.);
#335=FACE_BOUND('',#907,.T.);
#336=FACE_BOUND('',#908,.T.);
#337=FACE_BOUND('',#909,.T.);
#338=FACE_BOUND('',#914,.T.);
#339=FACE_BOUND('',#919,.T.);
#340=FACE_BOUND('',#920,.T.);
#341=FACE_BOUND('',#922,.T.);
#342=FACE_BOUND('',#923,.T.);
#343=FACE_BOUND('',#924,.T.);
#344=FACE_BOUND('',#925,.T.);
#345=FACE_BOUND('',#926,.T.);
#346=FACE_BOUND('',#927,.T.);
#347=FACE_BOUND('',#928,.T.);
#348=FACE_BOUND('',#929,.T.);
#349=FACE_BOUND('',#930,.T.);
#350=FACE_BOUND('',#931,.T.);
#351=FACE_BOUND('',#932,.T.);
#352=FACE_BOUND('',#933,.T.);
#353=FACE_BOUND('',#934,.T.);
#354=FACE_BOUND('',#935,.T.);
#355=FACE_BOUND('',#936,.T.);
#356=FACE_BOUND('',#937,.T.);
#357=FACE_BOUND('',#938,.T.);
#358=FACE_BOUND('',#939,.T.);
#359=FACE_BOUND('',#940,.T.);
#360=FACE_BOUND('',#941,.T.);
#361=FACE_BOUND('',#942,.T.);
#362=FACE_BOUND('',#943,.T.);
#363=FACE_BOUND('',#944,.T.);
#364=FACE_BOUND('',#945,.T.);
#365=FACE_BOUND('',#946,.T.);
#366=FACE_BOUND('',#947,.T.);
#367=FACE_BOUND('',#948,.T.);
#368=FACE_BOUND('',#949,.T.);
#369=FACE_BOUND('',#952,.T.);
#370=FACE_BOUND('',#954,.T.);
#371=FACE_BOUND('',#955,.T.);
#372=FACE_BOUND('',#956,.T.);
#373=FACE_BOUND('',#957,.T.);
#374=FACE_BOUND('',#958,.T.);
#375=FACE_BOUND('',#959,.T.);
#376=FACE_BOUND('',#960,.T.);
#377=FACE_BOUND('',#961,.T.);
#378=FACE_BOUND('',#962,.T.);
#379=FACE_BOUND('',#963,.T.);
#380=FACE_BOUND('',#964,.T.);
#381=FACE_BOUND('',#965,.T.);
#382=FACE_BOUND('',#966,.T.);
#383=FACE_BOUND('',#967,.T.);
#384=FACE_BOUND('',#968,.T.);
#385=FACE_BOUND('',#969,.T.);
#386=FACE_BOUND('',#970,.T.);
#387=FACE_BOUND('',#971,.T.);
#388=FACE_BOUND('',#972,.T.);
#389=FACE_BOUND('',#973,.T.);
#390=FACE_BOUND('',#974,.T.);
#391=FACE_BOUND('',#975,.T.);
#392=FACE_BOUND('',#976,.T.);
#393=FACE_BOUND('',#977,.T.);
#394=FACE_BOUND('',#978,.T.);
#395=FACE_BOUND('',#979,.T.);
#396=FACE_BOUND('',#980,.T.);
#397=FACE_BOUND('',#981,.T.);
#398=FACE_BOUND('',#982,.T.);
#399=FACE_BOUND('',#983,.T.);
#400=FACE_BOUND('',#984,.T.);
#401=FACE_BOUND('',#985,.T.);
#402=FACE_BOUND('',#986,.T.);
#403=FACE_BOUND('',#987,.T.);
#404=FACE_BOUND('',#988,.T.);
#405=FACE_BOUND('',#989,.T.);
#406=FACE_BOUND('',#990,.T.);
#407=FACE_BOUND('',#991,.T.);
#408=FACE_BOUND('',#992,.T.);
#409=FACE_BOUND('',#993,.T.);
#410=FACE_BOUND('',#994,.T.);
#411=FACE_BOUND('',#995,.T.);
#412=FACE_BOUND('',#996,.T.);
#413=FACE_BOUND('',#997,.T.);
#414=FACE_BOUND('',#998,.T.);
#415=FACE_BOUND('',#999,.T.);
#416=FACE_BOUND('',#1000,.T.);
#417=FACE_BOUND('',#1001,.T.);
#418=FACE_BOUND('',#1002,.T.);
#419=PLANE('',#4862);
#420=PLANE('',#4863);
#421=PLANE('',#4864);
#422=PLANE('',#4868);
#423=PLANE('',#4872);
#424=PLANE('',#4880);
#425=PLANE('',#4894);
#426=PLANE('',#4903);
#427=PLANE('',#4905);
#428=PLANE('',#4909);
#429=PLANE('',#4913);
#430=PLANE('',#4917);
#431=PLANE('',#4921);
#432=PLANE('',#4925);
#433=PLANE('',#4929);
#434=PLANE('',#4933);
#435=PLANE('',#4937);
#436=PLANE('',#4941);
#437=PLANE('',#4945);
#438=PLANE('',#4949);
#439=PLANE('',#4953);
#440=PLANE('',#4957);
#441=PLANE('',#4961);
#442=PLANE('',#4965);
#443=PLANE('',#4969);
#444=PLANE('',#5036);
#445=PLANE('',#5039);
#446=PLANE('',#5042);
#447=PLANE('',#5045);
#448=PLANE('',#5048);
#449=PLANE('',#5051);
#450=PLANE('',#5052);
#451=PLANE('',#5078);
#452=PLANE('',#5079);
#453=PLANE('',#5084);
#454=PLANE('',#5090);
#455=PLANE('',#5093);
#456=PLANE('',#5096);
#457=PLANE('',#5101);
#458=PLANE('',#5104);
#459=PLANE('',#5131);
#460=PLANE('',#5132);
#461=PLANE('',#5136);
#462=PLANE('',#5138);
#463=PLANE('',#5139);
#464=PLANE('',#5140);
#465=PLANE('',#5141);
#466=PLANE('',#5143);
#467=PLANE('',#5194);
#468=PLANE('',#5196);
#469=PLANE('',#5280);
#470=PLANE('',#5282);
#471=PLANE('',#5284);
#472=PLANE('',#5286);
#473=PLANE('',#5297);
#474=PLANE('',#5298);
#475=PLANE('',#5300);
#476=PLANE('',#5302);
#477=PLANE('',#5304);
#478=PLANE('',#5306);
#479=PLANE('',#5308);
#480=PLANE('',#5318);
#481=PLANE('',#5320);
#482=PLANE('',#5322);
#483=PLANE('',#5324);
#484=PLANE('',#5327);
#485=PLANE('',#5329);
#486=PLANE('',#5331);
#487=PLANE('',#5333);
#488=PLANE('',#5337);
#489=PLANE('',#5339);
#490=PLANE('',#5341);
#491=PLANE('',#5343);
#492=PLANE('',#5355);
#493=PLANE('',#5357);
#494=PLANE('',#5359);
#495=PLANE('',#5361);
#496=PLANE('',#5364);
#497=PLANE('',#5366);
#498=PLANE('',#5368);
#499=PLANE('',#5370);
#500=PLANE('',#5373);
#501=PLANE('',#5375);
#502=PLANE('',#5377);
#503=PLANE('',#5379);
#504=PLANE('',#5385);
#505=PLANE('',#5392);
#506=PLANE('',#5394);
#507=PLANE('',#5396);
#508=PLANE('',#5398);
#509=FACE_OUTER_BOUND('',#766,.T.);
#510=FACE_OUTER_BOUND('',#767,.T.);
#511=FACE_OUTER_BOUND('',#768,.T.);
#512=FACE_OUTER_BOUND('',#769,.T.);
#513=FACE_OUTER_BOUND('',#770,.T.);
#514=FACE_OUTER_BOUND('',#771,.T.);
#515=FACE_OUTER_BOUND('',#772,.T.);
#516=FACE_OUTER_BOUND('',#774,.T.);
#517=FACE_OUTER_BOUND('',#775,.T.);
#518=FACE_OUTER_BOUND('',#776,.T.);
#519=FACE_OUTER_BOUND('',#777,.T.);
#520=FACE_OUTER_BOUND('',#778,.T.);
#521=FACE_OUTER_BOUND('',#779,.T.);
#522=FACE_OUTER_BOUND('',#780,.T.);
#523=FACE_OUTER_BOUND('',#781,.T.);
#524=FACE_OUTER_BOUND('',#782,.T.);
#525=FACE_OUTER_BOUND('',#783,.T.);
#526=FACE_OUTER_BOUND('',#784,.T.);
#527=FACE_OUTER_BOUND('',#785,.T.);
#528=FACE_OUTER_BOUND('',#786,.T.);
#529=FACE_OUTER_BOUND('',#787,.T.);
#530=FACE_OUTER_BOUND('',#788,.T.);
#531=FACE_OUTER_BOUND('',#789,.T.);
#532=FACE_OUTER_BOUND('',#790,.T.);
#533=FACE_OUTER_BOUND('',#791,.T.);
#534=FACE_OUTER_BOUND('',#792,.T.);
#535=FACE_OUTER_BOUND('',#793,.T.);
#536=FACE_OUTER_BOUND('',#794,.T.);
#537=FACE_OUTER_BOUND('',#795,.T.);
#538=FACE_OUTER_BOUND('',#796,.T.);
#539=FACE_OUTER_BOUND('',#797,.T.);
#540=FACE_OUTER_BOUND('',#798,.T.);
#541=FACE_OUTER_BOUND('',#799,.T.);
#542=FACE_OUTER_BOUND('',#800,.T.);
#543=FACE_OUTER_BOUND('',#801,.T.);
#544=FACE_OUTER_BOUND('',#802,.T.);
#545=FACE_OUTER_BOUND('',#803,.T.);
#546=FACE_OUTER_BOUND('',#804,.T.);
#547=FACE_OUTER_BOUND('',#805,.T.);
#548=FACE_OUTER_BOUND('',#806,.T.);
#549=FACE_OUTER_BOUND('',#807,.T.);
#550=FACE_OUTER_BOUND('',#808,.T.);
#551=FACE_OUTER_BOUND('',#809,.T.);
#552=FACE_OUTER_BOUND('',#810,.T.);
#553=FACE_OUTER_BOUND('',#811,.T.);
#554=FACE_OUTER_BOUND('',#812,.T.);
#555=FACE_OUTER_BOUND('',#813,.T.);
#556=FACE_OUTER_BOUND('',#814,.T.);
#557=FACE_OUTER_BOUND('',#815,.T.);
#558=FACE_OUTER_BOUND('',#816,.T.);
#559=FACE_OUTER_BOUND('',#817,.T.);
#560=FACE_OUTER_BOUND('',#818,.T.);
#561=FACE_OUTER_BOUND('',#819,.T.);
#562=FACE_OUTER_BOUND('',#820,.T.);
#563=FACE_OUTER_BOUND('',#821,.T.);
#564=FACE_OUTER_BOUND('',#822,.T.);
#565=FACE_OUTER_BOUND('',#823,.T.);
#566=FACE_OUTER_BOUND('',#824,.T.);
#567=FACE_OUTER_BOUND('',#825,.T.);
#568=FACE_OUTER_BOUND('',#826,.T.);
#569=FACE_OUTER_BOUND('',#827,.T.);
#570=FACE_OUTER_BOUND('',#828,.T.);
#571=FACE_OUTER_BOUND('',#829,.T.);
#572=FACE_OUTER_BOUND('',#830,.T.);
#573=FACE_OUTER_BOUND('',#831,.T.);
#574=FACE_OUTER_BOUND('',#832,.T.);
#575=FACE_OUTER_BOUND('',#833,.T.);
#576=FACE_OUTER_BOUND('',#834,.T.);
#577=FACE_OUTER_BOUND('',#835,.T.);
#578=FACE_OUTER_BOUND('',#836,.T.);
#579=FACE_OUTER_BOUND('',#837,.T.);
#580=FACE_OUTER_BOUND('',#838,.T.);
#581=FACE_OUTER_BOUND('',#839,.T.);
#582=FACE_OUTER_BOUND('',#840,.T.);
#583=FACE_OUTER_BOUND('',#841,.T.);
#584=FACE_OUTER_BOUND('',#842,.T.);
#585=FACE_OUTER_BOUND('',#843,.T.);
#586=FACE_OUTER_BOUND('',#844,.T.);
#587=FACE_OUTER_BOUND('',#845,.T.);
#588=FACE_OUTER_BOUND('',#846,.T.);
#589=FACE_OUTER_BOUND('',#847,.T.);
#590=FACE_OUTER_BOUND('',#848,.T.);
#591=FACE_OUTER_BOUND('',#849,.T.);
#592=FACE_OUTER_BOUND('',#850,.T.);
#593=FACE_OUTER_BOUND('',#851,.T.);
#594=FACE_OUTER_BOUND('',#852,.T.);
#595=FACE_OUTER_BOUND('',#853,.T.);
#596=FACE_OUTER_BOUND('',#854,.T.);
#597=FACE_OUTER_BOUND('',#855,.T.);
#598=FACE_OUTER_BOUND('',#856,.T.);
#599=FACE_OUTER_BOUND('',#857,.T.);
#600=FACE_OUTER_BOUND('',#858,.T.);
#601=FACE_OUTER_BOUND('',#859,.T.);
#602=FACE_OUTER_BOUND('',#860,.T.);
#603=FACE_OUTER_BOUND('',#861,.T.);
#604=FACE_OUTER_BOUND('',#862,.T.);
#605=FACE_OUTER_BOUND('',#863,.T.);
#606=FACE_OUTER_BOUND('',#866,.T.);
#607=FACE_OUTER_BOUND('',#867,.T.);
#608=FACE_OUTER_BOUND('',#868,.T.);
#609=FACE_OUTER_BOUND('',#869,.T.);
#610=FACE_OUTER_BOUND('',#870,.T.);
#611=FACE_OUTER_BOUND('',#871,.T.);
#612=FACE_OUTER_BOUND('',#872,.T.);
#613=FACE_OUTER_BOUND('',#873,.T.);
#614=FACE_OUTER_BOUND('',#874,.T.);
#615=FACE_OUTER_BOUND('',#875,.T.);
#616=FACE_OUTER_BOUND('',#876,.T.);
#617=FACE_OUTER_BOUND('',#877,.T.);
#618=FACE_OUTER_BOUND('',#882,.T.);
#619=FACE_OUTER_BOUND('',#883,.T.);
#620=FACE_OUTER_BOUND('',#884,.T.);
#621=FACE_OUTER_BOUND('',#885,.T.);
#622=FACE_OUTER_BOUND('',#886,.T.);
#623=FACE_OUTER_BOUND('',#887,.T.);
#624=FACE_OUTER_BOUND('',#888,.T.);
#625=FACE_OUTER_BOUND('',#889,.T.);
#626=FACE_OUTER_BOUND('',#890,.T.);
#627=FACE_OUTER_BOUND('',#891,.T.);
#628=FACE_OUTER_BOUND('',#892,.T.);
#629=FACE_OUTER_BOUND('',#893,.T.);
#630=FACE_OUTER_BOUND('',#894,.T.);
#631=FACE_OUTER_BOUND('',#895,.T.);
#632=FACE_OUTER_BOUND('',#910,.T.);
#633=FACE_OUTER_BOUND('',#911,.T.);
#634=FACE_OUTER_BOUND('',#912,.T.);
#635=FACE_OUTER_BOUND('',#913,.T.);
#636=FACE_OUTER_BOUND('',#915,.T.);
#637=FACE_OUTER_BOUND('',#916,.T.);
#638=FACE_OUTER_BOUND('',#917,.T.);
#639=FACE_OUTER_BOUND('',#918,.T.);
#640=FACE_OUTER_BOUND('',#921,.T.);
#641=FACE_OUTER_BOUND('',#950,.T.);
#642=FACE_OUTER_BOUND('',#951,.T.);
#643=FACE_OUTER_BOUND('',#953,.T.);
#644=FACE_OUTER_BOUND('',#1003,.T.);
#645=FACE_OUTER_BOUND('',#1004,.T.);
#646=FACE_OUTER_BOUND('',#1005,.T.);
#647=FACE_OUTER_BOUND('',#1006,.T.);
#648=FACE_OUTER_BOUND('',#1007,.T.);
#649=FACE_OUTER_BOUND('',#1008,.T.);
#650=FACE_OUTER_BOUND('',#1009,.T.);
#651=FACE_OUTER_BOUND('',#1010,.T.);
#652=FACE_OUTER_BOUND('',#1011,.T.);
#653=FACE_OUTER_BOUND('',#1012,.T.);
#654=FACE_OUTER_BOUND('',#1013,.T.);
#655=FACE_OUTER_BOUND('',#1014,.T.);
#656=FACE_OUTER_BOUND('',#1015,.T.);
#657=FACE_OUTER_BOUND('',#1016,.T.);
#658=FACE_OUTER_BOUND('',#1017,.T.);
#659=FACE_OUTER_BOUND('',#1018,.T.);
#660=FACE_OUTER_BOUND('',#1019,.T.);
#661=FACE_OUTER_BOUND('',#1020,.T.);
#662=FACE_OUTER_BOUND('',#1021,.T.);
#663=FACE_OUTER_BOUND('',#1022,.T.);
#664=FACE_OUTER_BOUND('',#1023,.T.);
#665=FACE_OUTER_BOUND('',#1024,.T.);
#666=FACE_OUTER_BOUND('',#1025,.T.);
#667=FACE_OUTER_BOUND('',#1026,.T.);
#668=FACE_OUTER_BOUND('',#1027,.T.);
#669=FACE_OUTER_BOUND('',#1028,.T.);
#670=FACE_OUTER_BOUND('',#1029,.T.);
#671=FACE_OUTER_BOUND('',#1030,.T.);
#672=FACE_OUTER_BOUND('',#1031,.T.);
#673=FACE_OUTER_BOUND('',#1032,.T.);
#674=FACE_OUTER_BOUND('',#1033,.T.);
#675=FACE_OUTER_BOUND('',#1034,.T.);
#676=FACE_OUTER_BOUND('',#1035,.T.);
#677=FACE_OUTER_BOUND('',#1036,.T.);
#678=FACE_OUTER_BOUND('',#1037,.T.);
#679=FACE_OUTER_BOUND('',#1038,.T.);
#680=FACE_OUTER_BOUND('',#1039,.T.);
#681=FACE_OUTER_BOUND('',#1040,.T.);
#682=FACE_OUTER_BOUND('',#1041,.T.);
#683=FACE_OUTER_BOUND('',#1042,.T.);
#684=FACE_OUTER_BOUND('',#1043,.T.);
#685=FACE_OUTER_BOUND('',#1044,.T.);
#686=FACE_OUTER_BOUND('',#1045,.T.);
#687=FACE_OUTER_BOUND('',#1046,.T.);
#688=FACE_OUTER_BOUND('',#1047,.T.);
#689=FACE_OUTER_BOUND('',#1048,.T.);
#690=FACE_OUTER_BOUND('',#1049,.T.);
#691=FACE_OUTER_BOUND('',#1050,.T.);
#692=FACE_OUTER_BOUND('',#1051,.T.);
#693=FACE_OUTER_BOUND('',#1052,.T.);
#694=FACE_OUTER_BOUND('',#1053,.T.);
#695=FACE_OUTER_BOUND('',#1054,.T.);
#696=FACE_OUTER_BOUND('',#1055,.T.);
#697=FACE_OUTER_BOUND('',#1056,.T.);
#698=FACE_OUTER_BOUND('',#1057,.T.);
#699=FACE_OUTER_BOUND('',#1058,.T.);
#700=FACE_OUTER_BOUND('',#1059,.T.);
#701=FACE_OUTER_BOUND('',#1060,.T.);
#702=FACE_OUTER_BOUND('',#1061,.T.);
#703=FACE_OUTER_BOUND('',#1062,.T.);
#704=FACE_OUTER_BOUND('',#1063,.T.);
#705=FACE_OUTER_BOUND('',#1064,.T.);
#706=FACE_OUTER_BOUND('',#1065,.T.);
#707=FACE_OUTER_BOUND('',#1066,.T.);
#708=FACE_OUTER_BOUND('',#1067,.T.);
#709=FACE_OUTER_BOUND('',#1068,.T.);
#710=FACE_OUTER_BOUND('',#1069,.T.);
#711=FACE_OUTER_BOUND('',#1070,.T.);
#712=FACE_OUTER_BOUND('',#1071,.T.);
#713=FACE_OUTER_BOUND('',#1072,.T.);
#714=FACE_OUTER_BOUND('',#1073,.T.);
#715=FACE_OUTER_BOUND('',#1074,.T.);
#716=FACE_OUTER_BOUND('',#1075,.T.);
#717=FACE_OUTER_BOUND('',#1076,.T.);
#718=FACE_OUTER_BOUND('',#1077,.T.);
#719=FACE_OUTER_BOUND('',#1078,.T.);
#720=FACE_OUTER_BOUND('',#1079,.T.);
#721=FACE_OUTER_BOUND('',#1080,.T.);
#722=FACE_OUTER_BOUND('',#1081,.T.);
#723=FACE_OUTER_BOUND('',#1082,.T.);
#724=FACE_OUTER_BOUND('',#1083,.T.);
#725=FACE_OUTER_BOUND('',#1084,.T.);
#726=FACE_OUTER_BOUND('',#1085,.T.);
#727=FACE_OUTER_BOUND('',#1086,.T.);
#728=FACE_OUTER_BOUND('',#1087,.T.);
#729=FACE_OUTER_BOUND('',#1088,.T.);
#730=FACE_OUTER_BOUND('',#1089,.T.);
#731=FACE_OUTER_BOUND('',#1090,.T.);
#732=FACE_OUTER_BOUND('',#1091,.T.);
#733=FACE_OUTER_BOUND('',#1092,.T.);
#734=FACE_OUTER_BOUND('',#1093,.T.);
#735=FACE_OUTER_BOUND('',#1094,.T.);
#736=FACE_OUTER_BOUND('',#1095,.T.);
#737=FACE_OUTER_BOUND('',#1096,.T.);
#738=FACE_OUTER_BOUND('',#1097,.T.);
#739=FACE_OUTER_BOUND('',#1098,.T.);
#740=FACE_OUTER_BOUND('',#1099,.T.);
#741=FACE_OUTER_BOUND('',#1100,.T.);
#742=FACE_OUTER_BOUND('',#1101,.T.);
#743=FACE_OUTER_BOUND('',#1102,.T.);
#744=FACE_OUTER_BOUND('',#1103,.T.);
#745=FACE_OUTER_BOUND('',#1104,.T.);
#746=FACE_OUTER_BOUND('',#1105,.T.);
#747=FACE_OUTER_BOUND('',#1106,.T.);
#748=FACE_OUTER_BOUND('',#1107,.T.);
#749=FACE_OUTER_BOUND('',#1108,.T.);
#750=FACE_OUTER_BOUND('',#1109,.T.);
#751=FACE_OUTER_BOUND('',#1110,.T.);
#752=FACE_OUTER_BOUND('',#1111,.T.);
#753=FACE_OUTER_BOUND('',#1112,.T.);
#754=FACE_OUTER_BOUND('',#1113,.T.);
#755=FACE_OUTER_BOUND('',#1114,.T.);
#756=FACE_OUTER_BOUND('',#1115,.T.);
#757=FACE_OUTER_BOUND('',#1116,.T.);
#758=FACE_OUTER_BOUND('',#1117,.T.);
#759=FACE_OUTER_BOUND('',#1118,.T.);
#760=FACE_OUTER_BOUND('',#1119,.T.);
#761=FACE_OUTER_BOUND('',#1120,.T.);
#762=FACE_OUTER_BOUND('',#1121,.T.);
#763=FACE_OUTER_BOUND('',#1122,.T.);
#764=FACE_OUTER_BOUND('',#1123,.T.);
#765=FACE_OUTER_BOUND('',#1124,.T.);
#766=EDGE_LOOP('',(#3058,#3059,#3060,#3061));
#767=EDGE_LOOP('',(#3062,#3063,#3064,#3065));
#768=EDGE_LOOP('',(#3066,#3067,#3068,#3069));
#769=EDGE_LOOP('',(#3070,#3071,#3072,#3073));
#770=EDGE_LOOP('',(#3074,#3075,#3076,#3077));
#771=EDGE_LOOP('',(#3078,#3079,#3080,#3081));
#772=EDGE_LOOP('',(#3082,#3083,#3084,#3085,#3086,#3087,#3088,#3089));
#773=EDGE_LOOP('',(#3090,#3091,#3092,#3093));
#774=EDGE_LOOP('',(#3094,#3095,#3096,#3097));
#775=EDGE_LOOP('',(#3098,#3099,#3100,#3101,#3102,#3103));
#776=EDGE_LOOP('',(#3104,#3105,#3106,#3107));
#777=EDGE_LOOP('',(#3108,#3109,#3110,#3111,#3112,#3113));
#778=EDGE_LOOP('',(#3114,#3115,#3116,#3117));
#779=EDGE_LOOP('',(#3118,#3119,#3120,#3121));
#780=EDGE_LOOP('',(#3122,#3123,#3124));
#781=EDGE_LOOP('',(#3125,#3126,#3127,#3128,#3129,#3130,#3131,#3132));
#782=EDGE_LOOP('',(#3133,#3134,#3135,#3136));
#783=EDGE_LOOP('',(#3137,#3138,#3139,#3140));
#784=EDGE_LOOP('',(#3141,#3142,#3143));
#785=EDGE_LOOP('',(#3144,#3145,#3146,#3147));
#786=EDGE_LOOP('',(#3148,#3149,#3150));
#787=EDGE_LOOP('',(#3151,#3152,#3153,#3154));
#788=EDGE_LOOP('',(#3155,#3156,#3157,#3158));
#789=EDGE_LOOP('',(#3159,#3160,#3161,#3162));
#790=EDGE_LOOP('',(#3163,#3164,#3165));
#791=EDGE_LOOP('',(#3166,#3167,#3168,#3169));
#792=EDGE_LOOP('',(#3170,#3171,#3172,#3173,#3174,#3175,#3176,#3177));
#793=EDGE_LOOP('',(#3178,#3179,#3180,#3181));
#794=EDGE_LOOP('',(#3182,#3183,#3184,#3185));
#795=EDGE_LOOP('',(#3186,#3187,#3188,#3189));
#796=EDGE_LOOP('',(#3190,#3191,#3192,#3193));
#797=EDGE_LOOP('',(#3194,#3195,#3196,#3197));
#798=EDGE_LOOP('',(#3198,#3199,#3200,#3201));
#799=EDGE_LOOP('',(#3202,#3203,#3204,#3205));
#800=EDGE_LOOP('',(#3206,#3207,#3208,#3209));
#801=EDGE_LOOP('',(#3210,#3211,#3212,#3213));
#802=EDGE_LOOP('',(#3214,#3215,#3216,#3217));
#803=EDGE_LOOP('',(#3218,#3219,#3220,#3221));
#804=EDGE_LOOP('',(#3222,#3223,#3224,#3225));
#805=EDGE_LOOP('',(#3226,#3227,#3228,#3229));
#806=EDGE_LOOP('',(#3230,#3231,#3232,#3233));
#807=EDGE_LOOP('',(#3234,#3235,#3236,#3237));
#808=EDGE_LOOP('',(#3238,#3239,#3240,#3241));
#809=EDGE_LOOP('',(#3242,#3243,#3244,#3245));
#810=EDGE_LOOP('',(#3246,#3247,#3248,#3249));
#811=EDGE_LOOP('',(#3250,#3251,#3252,#3253));
#812=EDGE_LOOP('',(#3254,#3255,#3256,#3257));
#813=EDGE_LOOP('',(#3258,#3259,#3260,#3261));
#814=EDGE_LOOP('',(#3262,#3263,#3264,#3265));
#815=EDGE_LOOP('',(#3266,#3267,#3268,#3269));
#816=EDGE_LOOP('',(#3270,#3271,#3272,#3273));
#817=EDGE_LOOP('',(#3274,#3275,#3276,#3277));
#818=EDGE_LOOP('',(#3278,#3279,#3280,#3281));
#819=EDGE_LOOP('',(#3282,#3283,#3284,#3285));
#820=EDGE_LOOP('',(#3286,#3287,#3288,#3289));
#821=EDGE_LOOP('',(#3290,#3291,#3292,#3293));
#822=EDGE_LOOP('',(#3294,#3295,#3296,#3297));
#823=EDGE_LOOP('',(#3298,#3299,#3300,#3301));
#824=EDGE_LOOP('',(#3302,#3303,#3304,#3305));
#825=EDGE_LOOP('',(#3306,#3307,#3308,#3309));
#826=EDGE_LOOP('',(#3310,#3311,#3312,#3313));
#827=EDGE_LOOP('',(#3314,#3315,#3316,#3317));
#828=EDGE_LOOP('',(#3318,#3319,#3320,#3321));
#829=EDGE_LOOP('',(#3322,#3323,#3324,#3325));
#830=EDGE_LOOP('',(#3326,#3327,#3328,#3329));
#831=EDGE_LOOP('',(#3330,#3331,#3332,#3333));
#832=EDGE_LOOP('',(#3334,#3335,#3336,#3337));
#833=EDGE_LOOP('',(#3338,#3339,#3340));
#834=EDGE_LOOP('',(#3341,#3342,#3343,#3344));
#835=EDGE_LOOP('',(#3345,#3346,#3347));
#836=EDGE_LOOP('',(#3348,#3349,#3350,#3351));
#837=EDGE_LOOP('',(#3352,#3353,#3354));
#838=EDGE_LOOP('',(#3355,#3356,#3357,#3358));
#839=EDGE_LOOP('',(#3359,#3360,#3361,#3362));
#840=EDGE_LOOP('',(#3363,#3364,#3365,#3366));
#841=EDGE_LOOP('',(#3367,#3368,#3369,#3370));
#842=EDGE_LOOP('',(#3371,#3372,#3373,#3374));
#843=EDGE_LOOP('',(#3375,#3376,#3377));
#844=EDGE_LOOP('',(#3378,#3379,#3380,#3381));
#845=EDGE_LOOP('',(#3382,#3383,#3384));
#846=EDGE_LOOP('',(#3385,#3386,#3387,#3388));
#847=EDGE_LOOP('',(#3389,#3390,#3391));
#848=EDGE_LOOP('',(#3392,#3393,#3394,#3395));
#849=EDGE_LOOP('',(#3396,#3397,#3398));
#850=EDGE_LOOP('',(#3399,#3400,#3401));
#851=EDGE_LOOP('',(#3402,#3403,#3404,#3405));
#852=EDGE_LOOP('',(#3406,#3407,#3408,#3409));
#853=EDGE_LOOP('',(#3410,#3411,#3412,#3413));
#854=EDGE_LOOP('',(#3414,#3415,#3416,#3417));
#855=EDGE_LOOP('',(#3418,#3419,#3420,#3421));
#856=EDGE_LOOP('',(#3422,#3423,#3424,#3425));
#857=EDGE_LOOP('',(#3426,#3427,#3428,#3429));
#858=EDGE_LOOP('',(#3430,#3431,#3432,#3433));
#859=EDGE_LOOP('',(#3434,#3435,#3436,#3437));
#860=EDGE_LOOP('',(#3438,#3439,#3440,#3441));
#861=EDGE_LOOP('',(#3442,#3443,#3444,#3445));
#862=EDGE_LOOP('',(#3446,#3447,#3448,#3449));
#863=EDGE_LOOP('',(#3450,#3451,#3452,#3453,#3454,#3455,#3456,#3457,#3458,
#3459,#3460,#3461,#3462,#3463,#3464,#3465));
#864=EDGE_LOOP('',(#3466));
#865=EDGE_LOOP('',(#3467));
#866=EDGE_LOOP('',(#3468,#3469,#3470,#3471));
#867=EDGE_LOOP('',(#3472,#3473,#3474,#3475));
#868=EDGE_LOOP('',(#3476,#3477,#3478));
#869=EDGE_LOOP('',(#3479,#3480,#3481,#3482));
#870=EDGE_LOOP('',(#3483,#3484,#3485));
#871=EDGE_LOOP('',(#3486,#3487,#3488,#3489));
#872=EDGE_LOOP('',(#3490,#3491,#3492));
#873=EDGE_LOOP('',(#3493,#3494,#3495));
#874=EDGE_LOOP('',(#3496,#3497,#3498,#3499));
#875=EDGE_LOOP('',(#3500,#3501,#3502,#3503));
#876=EDGE_LOOP('',(#3504,#3505,#3506,#3507));
#877=EDGE_LOOP('',(#3508,#3509,#3510,#3511));
#878=EDGE_LOOP('',(#3512));
#879=EDGE_LOOP('',(#3513));
#880=EDGE_LOOP('',(#3514));
#881=EDGE_LOOP('',(#3515));
#882=EDGE_LOOP('',(#3516,#3517,#3518,#3519));
#883=EDGE_LOOP('',(#3520,#3521,#3522,#3523));
#884=EDGE_LOOP('',(#3524,#3525,#3526,#3527));
#885=EDGE_LOOP('',(#3528,#3529,#3530,#3531));
#886=EDGE_LOOP('',(#3532,#3533,#3534,#3535));
#887=EDGE_LOOP('',(#3536,#3537,#3538,#3539));
#888=EDGE_LOOP('',(#3540,#3541,#3542,#3543));
#889=EDGE_LOOP('',(#3544,#3545,#3546,#3547));
#890=EDGE_LOOP('',(#3548,#3549,#3550,#3551));
#891=EDGE_LOOP('',(#3552,#3553,#3554,#3555));
#892=EDGE_LOOP('',(#3556,#3557,#3558,#3559));
#893=EDGE_LOOP('',(#3560,#3561,#3562,#3563));
#894=EDGE_LOOP('',(#3564,#3565,#3566,#3567));
#895=EDGE_LOOP('',(#3568,#3569,#3570,#3571,#3572,#3573,#3574,#3575,#3576,
#3577,#3578,#3579,#3580,#3581,#3582,#3583,#3584,#3585,#3586,#3587,#3588,
#3589,#3590,#3591,#3592,#3593,#3594,#3595));
#896=EDGE_LOOP('',(#3596,#3597,#3598,#3599,#3600,#3601,#3602,#3603,#3604,
#3605,#3606,#3607,#3608,#3609,#3610,#3611,#3612,#3613,#3614,#3615,#3616,
#3617,#3618,#3619));
#897=EDGE_LOOP('',(#3620));
#898=EDGE_LOOP('',(#3621));
#899=EDGE_LOOP('',(#3622));
#900=EDGE_LOOP('',(#3623,#3624,#3625,#3626,#3627,#3628,#3629,#3630));
#901=EDGE_LOOP('',(#3631));
#902=EDGE_LOOP('',(#3632));
#903=EDGE_LOOP('',(#3633));
#904=EDGE_LOOP('',(#3634));
#905=EDGE_LOOP('',(#3635));
#906=EDGE_LOOP('',(#3636));
#907=EDGE_LOOP('',(#3637));
#908=EDGE_LOOP('',(#3638));
#909=EDGE_LOOP('',(#3639));
#910=EDGE_LOOP('',(#3640,#3641,#3642,#3643));
#911=EDGE_LOOP('',(#3644,#3645,#3646,#3647));
#912=EDGE_LOOP('',(#3648,#3649,#3650,#3651));
#913=EDGE_LOOP('',(#3652));
#914=EDGE_LOOP('',(#3653));
#915=EDGE_LOOP('',(#3654,#3655,#3656,#3657));
#916=EDGE_LOOP('',(#3658,#3659,#3660,#3661));
#917=EDGE_LOOP('',(#3662,#3663,#3664,#3665));
#918=EDGE_LOOP('',(#3666,#3667,#3668,#3669));
#919=EDGE_LOOP('',(#3670));
#920=EDGE_LOOP('',(#3671));
#921=EDGE_LOOP('',(#3672,#3673,#3674,#3675,#3676,#3677,#3678,#3679,#3680,
#3681,#3682,#3683,#3684,#3685,#3686,#3687));
#922=EDGE_LOOP('',(#3688,#3689,#3690,#3691,#3692,#3693,#3694,#3695));
#923=EDGE_LOOP('',(#3696));
#924=EDGE_LOOP('',(#3697));
#925=EDGE_LOOP('',(#3698));
#926=EDGE_LOOP('',(#3699,#3700,#3701,#3702,#3703,#3704,#3705,#3706));
#927=EDGE_LOOP('',(#3707));
#928=EDGE_LOOP('',(#3708));
#929=EDGE_LOOP('',(#3709,#3710,#3711,#3712,#3713,#3714,#3715,#3716));
#930=EDGE_LOOP('',(#3717));
#931=EDGE_LOOP('',(#3718,#3719,#3720,#3721,#3722,#3723,#3724,#3725));
#932=EDGE_LOOP('',(#3726));
#933=EDGE_LOOP('',(#3727));
#934=EDGE_LOOP('',(#3728));
#935=EDGE_LOOP('',(#3729,#3730,#3731,#3732,#3733,#3734,#3735,#3736));
#936=EDGE_LOOP('',(#3737));
#937=EDGE_LOOP('',(#3738,#3739,#3740,#3741,#3742,#3743,#3744,#3745));
#938=EDGE_LOOP('',(#3746));
#939=EDGE_LOOP('',(#3747));
#940=EDGE_LOOP('',(#3748,#3749,#3750,#3751,#3752,#3753,#3754,#3755));
#941=EDGE_LOOP('',(#3756));
#942=EDGE_LOOP('',(#3757));
#943=EDGE_LOOP('',(#3758,#3759,#3760,#3761,#3762,#3763,#3764,#3765));
#944=EDGE_LOOP('',(#3766));
#945=EDGE_LOOP('',(#3767,#3768,#3769,#3770,#3771,#3772,#3773,#3774));
#946=EDGE_LOOP('',(#3775));
#947=EDGE_LOOP('',(#3776));
#948=EDGE_LOOP('',(#3777));
#949=EDGE_LOOP('',(#3778,#3779,#3780,#3781,#3782,#3783,#3784,#3785));
#950=EDGE_LOOP('',(#3786,#3787,#3788,#3789));
#951=EDGE_LOOP('',(#3790));
#952=EDGE_LOOP('',(#3791));
#953=EDGE_LOOP('',(#3792,#3793,#3794,#3795,#3796,#3797,#3798,#3799,#3800,
#3801,#3802,#3803,#3804,#3805,#3806,#3807,#3808,#3809,#3810,#3811,#3812,
#3813,#3814,#3815,#3816,#3817,#3818,#3819,#3820,#3821));
#954=EDGE_LOOP('',(#3822));
#955=EDGE_LOOP('',(#3823));
#956=EDGE_LOOP('',(#3824));
#957=EDGE_LOOP('',(#3825,#3826,#3827,#3828,#3829,#3830,#3831,#3832));
#958=EDGE_LOOP('',(#3833));
#959=EDGE_LOOP('',(#3834));
#960=EDGE_LOOP('',(#3835));
#961=EDGE_LOOP('',(#3836));
#962=EDGE_LOOP('',(#3837));
#963=EDGE_LOOP('',(#3838));
#964=EDGE_LOOP('',(#3839));
#965=EDGE_LOOP('',(#3840));
#966=EDGE_LOOP('',(#3841));
#967=EDGE_LOOP('',(#3842));
#968=EDGE_LOOP('',(#3843,#3844,#3845,#3846,#3847,#3848,#3849,#3850));
#969=EDGE_LOOP('',(#3851));
#970=EDGE_LOOP('',(#3852));
#971=EDGE_LOOP('',(#3853));
#972=EDGE_LOOP('',(#3854));
#973=EDGE_LOOP('',(#3855,#3856,#3857,#3858,#3859,#3860,#3861,#3862));
#974=EDGE_LOOP('',(#3863));
#975=EDGE_LOOP('',(#3864));
#976=EDGE_LOOP('',(#3865,#3866,#3867,#3868,#3869,#3870,#3871,#3872));
#977=EDGE_LOOP('',(#3873));
#978=EDGE_LOOP('',(#3874,#3875,#3876,#3877,#3878,#3879,#3880,#3881));
#979=EDGE_LOOP('',(#3882));
#980=EDGE_LOOP('',(#3883));
#981=EDGE_LOOP('',(#3884));
#982=EDGE_LOOP('',(#3885));
#983=EDGE_LOOP('',(#3886,#3887,#3888,#3889,#3890,#3891,#3892,#3893));
#984=EDGE_LOOP('',(#3894));
#985=EDGE_LOOP('',(#3895));
#986=EDGE_LOOP('',(#3896));
#987=EDGE_LOOP('',(#3897,#3898,#3899,#3900,#3901,#3902,#3903,#3904));
#988=EDGE_LOOP('',(#3905));
#989=EDGE_LOOP('',(#3906));
#990=EDGE_LOOP('',(#3907));
#991=EDGE_LOOP('',(#3908,#3909,#3910,#3911,#3912,#3913,#3914,#3915));
#992=EDGE_LOOP('',(#3916));
#993=EDGE_LOOP('',(#3917));
#994=EDGE_LOOP('',(#3918,#3919,#3920,#3921,#3922,#3923,#3924,#3925));
#995=EDGE_LOOP('',(#3926));
#996=EDGE_LOOP('',(#3927,#3928,#3929,#3930,#3931,#3932,#3933,#3934));
#997=EDGE_LOOP('',(#3935));
#998=EDGE_LOOP('',(#3936));
#999=EDGE_LOOP('',(#3937));
#1000=EDGE_LOOP('',(#3938));
#1001=EDGE_LOOP('',(#3939,#3940,#3941,#3942,#3943,#3944,#3945,#3946));
#1002=EDGE_LOOP('',(#3947));
#1003=EDGE_LOOP('',(#3948,#3949,#3950,#3951));
#1004=EDGE_LOOP('',(#3952,#3953,#3954,#3955));
#1005=EDGE_LOOP('',(#3956,#3957,#3958,#3959));
#1006=EDGE_LOOP('',(#3960,#3961,#3962,#3963));
#1007=EDGE_LOOP('',(#3964,#3965,#3966,#3967));
#1008=EDGE_LOOP('',(#3968,#3969,#3970,#3971));
#1009=EDGE_LOOP('',(#3972,#3973,#3974,#3975));
#1010=EDGE_LOOP('',(#3976,#3977,#3978,#3979));
#1011=EDGE_LOOP('',(#3980,#3981,#3982,#3983));
#1012=EDGE_LOOP('',(#3984,#3985,#3986,#3987));
#1013=EDGE_LOOP('',(#3988,#3989,#3990,#3991));
#1014=EDGE_LOOP('',(#3992,#3993,#3994,#3995));
#1015=EDGE_LOOP('',(#3996,#3997,#3998,#3999));
#1016=EDGE_LOOP('',(#4000,#4001,#4002,#4003));
#1017=EDGE_LOOP('',(#4004,#4005,#4006,#4007));
#1018=EDGE_LOOP('',(#4008,#4009,#4010,#4011));
#1019=EDGE_LOOP('',(#4012,#4013,#4014,#4015));
#1020=EDGE_LOOP('',(#4016,#4017,#4018,#4019));
#1021=EDGE_LOOP('',(#4020,#4021,#4022,#4023));
#1022=EDGE_LOOP('',(#4024,#4025,#4026,#4027));
#1023=EDGE_LOOP('',(#4028,#4029,#4030,#4031));
#1024=EDGE_LOOP('',(#4032,#4033,#4034,#4035));
#1025=EDGE_LOOP('',(#4036,#4037,#4038,#4039));
#1026=EDGE_LOOP('',(#4040,#4041,#4042,#4043));
#1027=EDGE_LOOP('',(#4044,#4045,#4046,#4047));
#1028=EDGE_LOOP('',(#4048,#4049,#4050,#4051));
#1029=EDGE_LOOP('',(#4052,#4053,#4054,#4055));
#1030=EDGE_LOOP('',(#4056,#4057,#4058,#4059));
#1031=EDGE_LOOP('',(#4060,#4061,#4062,#4063));
#1032=EDGE_LOOP('',(#4064,#4065,#4066,#4067));
#1033=EDGE_LOOP('',(#4068,#4069,#4070,#4071));
#1034=EDGE_LOOP('',(#4072,#4073,#4074,#4075));
#1035=EDGE_LOOP('',(#4076,#4077,#4078,#4079));
#1036=EDGE_LOOP('',(#4080,#4081,#4082,#4083));
#1037=EDGE_LOOP('',(#4084,#4085,#4086,#4087));
#1038=EDGE_LOOP('',(#4088,#4089,#4090,#4091));
#1039=EDGE_LOOP('',(#4092,#4093,#4094,#4095));
#1040=EDGE_LOOP('',(#4096,#4097,#4098,#4099));
#1041=EDGE_LOOP('',(#4100,#4101,#4102,#4103));
#1042=EDGE_LOOP('',(#4104,#4105,#4106,#4107));
#1043=EDGE_LOOP('',(#4108,#4109,#4110,#4111));
#1044=EDGE_LOOP('',(#4112,#4113,#4114,#4115));
#1045=EDGE_LOOP('',(#4116,#4117,#4118,#4119));
#1046=EDGE_LOOP('',(#4120,#4121,#4122,#4123));
#1047=EDGE_LOOP('',(#4124,#4125,#4126,#4127));
#1048=EDGE_LOOP('',(#4128,#4129,#4130,#4131));
#1049=EDGE_LOOP('',(#4132,#4133,#4134,#4135));
#1050=EDGE_LOOP('',(#4136,#4137,#4138,#4139));
#1051=EDGE_LOOP('',(#4140,#4141,#4142,#4143));
#1052=EDGE_LOOP('',(#4144,#4145,#4146,#4147));
#1053=EDGE_LOOP('',(#4148,#4149,#4150,#4151));
#1054=EDGE_LOOP('',(#4152,#4153,#4154,#4155));
#1055=EDGE_LOOP('',(#4156,#4157,#4158,#4159));
#1056=EDGE_LOOP('',(#4160,#4161,#4162,#4163));
#1057=EDGE_LOOP('',(#4164,#4165,#4166,#4167));
#1058=EDGE_LOOP('',(#4168,#4169,#4170,#4171));
#1059=EDGE_LOOP('',(#4172,#4173,#4174,#4175));
#1060=EDGE_LOOP('',(#4176,#4177,#4178,#4179));
#1061=EDGE_LOOP('',(#4180,#4181,#4182,#4183));
#1062=EDGE_LOOP('',(#4184,#4185,#4186,#4187));
#1063=EDGE_LOOP('',(#4188,#4189,#4190,#4191));
#1064=EDGE_LOOP('',(#4192,#4193,#4194,#4195));
#1065=EDGE_LOOP('',(#4196,#4197,#4198,#4199));
#1066=EDGE_LOOP('',(#4200,#4201,#4202,#4203));
#1067=EDGE_LOOP('',(#4204,#4205,#4206,#4207));
#1068=EDGE_LOOP('',(#4208,#4209,#4210,#4211));
#1069=EDGE_LOOP('',(#4212,#4213,#4214,#4215));
#1070=EDGE_LOOP('',(#4216,#4217,#4218,#4219));
#1071=EDGE_LOOP('',(#4220,#4221,#4222,#4223));
#1072=EDGE_LOOP('',(#4224,#4225,#4226,#4227));
#1073=EDGE_LOOP('',(#4228,#4229,#4230,#4231));
#1074=EDGE_LOOP('',(#4232,#4233,#4234,#4235));
#1075=EDGE_LOOP('',(#4236,#4237,#4238,#4239));
#1076=EDGE_LOOP('',(#4240,#4241,#4242,#4243));
#1077=EDGE_LOOP('',(#4244,#4245,#4246,#4247));
#1078=EDGE_LOOP('',(#4248,#4249,#4250,#4251));
#1079=EDGE_LOOP('',(#4252,#4253,#4254,#4255));
#1080=EDGE_LOOP('',(#4256,#4257,#4258,#4259));
#1081=EDGE_LOOP('',(#4260,#4261,#4262,#4263));
#1082=EDGE_LOOP('',(#4264,#4265,#4266,#4267));
#1083=EDGE_LOOP('',(#4268,#4269,#4270,#4271));
#1084=EDGE_LOOP('',(#4272,#4273,#4274,#4275));
#1085=EDGE_LOOP('',(#4276,#4277,#4278,#4279));
#1086=EDGE_LOOP('',(#4280,#4281,#4282,#4283));
#1087=EDGE_LOOP('',(#4284,#4285,#4286,#4287));
#1088=EDGE_LOOP('',(#4288,#4289,#4290,#4291));
#1089=EDGE_LOOP('',(#4292,#4293,#4294,#4295));
#1090=EDGE_LOOP('',(#4296,#4297,#4298,#4299));
#1091=EDGE_LOOP('',(#4300,#4301,#4302,#4303));
#1092=EDGE_LOOP('',(#4304,#4305,#4306,#4307));
#1093=EDGE_LOOP('',(#4308,#4309,#4310,#4311));
#1094=EDGE_LOOP('',(#4312,#4313,#4314,#4315));
#1095=EDGE_LOOP('',(#4316,#4317,#4318,#4319));
#1096=EDGE_LOOP('',(#4320,#4321,#4322,#4323));
#1097=EDGE_LOOP('',(#4324,#4325,#4326,#4327));
#1098=EDGE_LOOP('',(#4328,#4329,#4330,#4331));
#1099=EDGE_LOOP('',(#4332,#4333,#4334,#4335));
#1100=EDGE_LOOP('',(#4336,#4337,#4338,#4339));
#1101=EDGE_LOOP('',(#4340,#4341,#4342,#4343));
#1102=EDGE_LOOP('',(#4344,#4345,#4346,#4347));
#1103=EDGE_LOOP('',(#4348,#4349,#4350,#4351));
#1104=EDGE_LOOP('',(#4352,#4353,#4354,#4355));
#1105=EDGE_LOOP('',(#4356,#4357,#4358,#4359));
#1106=EDGE_LOOP('',(#4360,#4361,#4362,#4363));
#1107=EDGE_LOOP('',(#4364,#4365,#4366,#4367));
#1108=EDGE_LOOP('',(#4368,#4369,#4370,#4371));
#1109=EDGE_LOOP('',(#4372,#4373,#4374,#4375));
#1110=EDGE_LOOP('',(#4376,#4377,#4378,#4379));
#1111=EDGE_LOOP('',(#4380,#4381,#4382,#4383));
#1112=EDGE_LOOP('',(#4384,#4385,#4386,#4387));
#1113=EDGE_LOOP('',(#4388,#4389,#4390,#4391));
#1114=EDGE_LOOP('',(#4392,#4393,#4394,#4395));
#1115=EDGE_LOOP('',(#4396,#4397,#4398,#4399));
#1116=EDGE_LOOP('',(#4400,#4401,#4402,#4403));
#1117=EDGE_LOOP('',(#4404,#4405,#4406,#4407));
#1118=EDGE_LOOP('',(#4408,#4409,#4410,#4411));
#1119=EDGE_LOOP('',(#4412,#4413,#4414,#4415));
#1120=EDGE_LOOP('',(#4416,#4417,#4418,#4419));
#1121=EDGE_LOOP('',(#4420,#4421,#4422,#4423));
#1122=EDGE_LOOP('',(#4424,#4425,#4426,#4427));
#1123=EDGE_LOOP('',(#4428,#4429,#4430,#4431));
#1124=EDGE_LOOP('',(#4432,#4433,#4434,#4435));
#1125=ELLIPSE('',#4855,0.282842712841861,0.2);
#1126=ELLIPSE('',#4856,0.282842712107376,0.2);
#1127=ELLIPSE('',#4858,0.282842712107375,0.2);
#1128=ELLIPSE('',#4860,0.282842712841861,0.2);
#1129=ELLIPSE('',#4866,0.707106781186546,0.5);
#1130=ELLIPSE('',#4867,0.707106780268444,0.5);
#1131=ELLIPSE('',#4870,0.707106782104655,0.5);
#1132=ELLIPSE('',#4871,0.707106781186546,0.5);
#1133=LINE('',#6900,#1532);
#1134=LINE('',#6904,#1533);
#1135=LINE('',#6908,#1534);
#1136=LINE('',#6911,#1535);
#1137=LINE('',#6914,#1536);
#1138=LINE('',#6917,#1537);
#1139=LINE('',#6919,#1538);
#1140=LINE('',#6920,#1539);
#1141=LINE('',#6923,#1540);
#1142=LINE('',#6925,#1541);
#1143=LINE('',#6926,#1542);
#1144=LINE('',#6929,#1543);
#1145=LINE('',#6930,#1544);
#1146=LINE('',#6934,#1545);
#1147=LINE('',#6936,#1546);
#1148=LINE('',#6938,#1547);
#1149=LINE('',#6940,#1548);
#1150=LINE('',#6942,#1549);
#1151=LINE('',#6944,#1550);
#1152=LINE('',#6946,#1551);
#1153=LINE('',#6947,#1552);
#1154=LINE('',#6952,#1553);
#1155=LINE('',#6956,#1554);
#1156=LINE('',#6958,#1555);
#1157=LINE('',#6960,#1556);
#1158=LINE('',#6962,#1557);
#1159=LINE('',#6963,#1558);
#1160=LINE('',#6968,#1559);
#1161=LINE('',#6972,#1560);
#1162=LINE('',#6974,#1561);
#1163=LINE('',#6976,#1562);
#1164=LINE('',#6978,#1563);
#1165=LINE('',#6979,#1564);
#1166=LINE('',#6985,#1565);
#1167=LINE('',#6988,#1566);
#1168=LINE('',#6991,#1567);
#1169=LINE('',#6996,#1568);
#1170=LINE('',#6998,#1569);
#1171=LINE('',#7000,#1570);
#1172=LINE('',#7002,#1571);
#1173=LINE('',#7004,#1572);
#1174=LINE('',#7006,#1573);
#1175=LINE('',#7007,#1574);
#1176=LINE('',#7015,#1575);
#1177=LINE('',#7023,#1576);
#1178=LINE('',#7026,#1577);
#1179=LINE('',#7031,#1578);
#1180=LINE('',#7032,#1579);
#1181=LINE('',#7036,#1580);
#1182=LINE('',#7041,#1581);
#1183=LINE('',#7044,#1582);
#1184=LINE('',#7048,#1583);
#1185=LINE('',#7051,#1584);
#1186=LINE('',#7053,#1585);
#1187=LINE('',#7055,#1586);
#1188=LINE('',#7057,#1587);
#1189=LINE('',#7058,#1588);
#1190=LINE('',#7061,#1589);
#1191=LINE('',#7067,#1590);
#1192=LINE('',#7070,#1591);
#1193=LINE('',#7073,#1592);
#1194=LINE('',#7075,#1593);
#1195=LINE('',#7076,#1594);
#1196=LINE('',#7082,#1595);
#1197=LINE('',#7085,#1596);
#1198=LINE('',#7087,#1597);
#1199=LINE('',#7088,#1598);
#1200=LINE('',#7094,#1599);
#1201=LINE('',#7097,#1600);
#1202=LINE('',#7099,#1601);
#1203=LINE('',#7100,#1602);
#1204=LINE('',#7105,#1603);
#1205=LINE('',#7108,#1604);
#1206=LINE('',#7109,#1605);
#1207=LINE('',#7115,#1606);
#1208=LINE('',#7118,#1607);
#1209=LINE('',#7121,#1608);
#1210=LINE('',#7123,#1609);
#1211=LINE('',#7124,#1610);
#1212=LINE('',#7129,#1611);
#1213=LINE('',#7133,#1612);
#1214=LINE('',#7135,#1613);
#1215=LINE('',#7136,#1614);
#1216=LINE('',#7141,#1615);
#1217=LINE('',#7145,#1616);
#1218=LINE('',#7147,#1617);
#1219=LINE('',#7148,#1618);
#1220=LINE('',#7153,#1619);
#1221=LINE('',#7156,#1620);
#1222=LINE('',#7157,#1621);
#1223=LINE('',#7163,#1622);
#1224=LINE('',#7166,#1623);
#1225=LINE('',#7169,#1624);
#1226=LINE('',#7171,#1625);
#1227=LINE('',#7172,#1626);
#1228=LINE('',#7178,#1627);
#1229=LINE('',#7181,#1628);
#1230=LINE('',#7183,#1629);
#1231=LINE('',#7184,#1630);
#1232=LINE('',#7190,#1631);
#1233=LINE('',#7193,#1632);
#1234=LINE('',#7195,#1633);
#1235=LINE('',#7196,#1634);
#1236=LINE('',#7201,#1635);
#1237=LINE('',#7204,#1636);
#1238=LINE('',#7205,#1637);
#1239=LINE('',#7211,#1638);
#1240=LINE('',#7214,#1639);
#1241=LINE('',#7217,#1640);
#1242=LINE('',#7219,#1641);
#1243=LINE('',#7220,#1642);
#1244=LINE('',#7225,#1643);
#1245=LINE('',#7229,#1644);
#1246=LINE('',#7231,#1645);
#1247=LINE('',#7232,#1646);
#1248=LINE('',#7237,#1647);
#1249=LINE('',#7241,#1648);
#1250=LINE('',#7243,#1649);
#1251=LINE('',#7244,#1650);
#1252=LINE('',#7249,#1651);
#1253=LINE('',#7252,#1652);
#1254=LINE('',#7253,#1653);
#1255=LINE('',#7259,#1654);
#1256=LINE('',#7262,#1655);
#1257=LINE('',#7273,#1656);
#1258=LINE('',#7274,#1657);
#1259=LINE('',#7285,#1658);
#1260=LINE('',#7286,#1659);
#1261=LINE('',#7292,#1660);
#1262=LINE('',#7294,#1661);
#1263=LINE('',#7302,#1662);
#1264=LINE('',#7304,#1663);
#1265=LINE('',#7312,#1664);
#1266=LINE('',#7314,#1665);
#1267=LINE('',#7322,#1666);
#1268=LINE('',#7324,#1667);
#1269=LINE('',#7335,#1668);
#1270=LINE('',#7336,#1669);
#1271=LINE('',#7347,#1670);
#1272=LINE('',#7348,#1671);
#1273=LINE('',#7356,#1672);
#1274=LINE('',#7358,#1673);
#1275=LINE('',#7366,#1674);
#1276=LINE('',#7368,#1675);
#1277=LINE('',#7375,#1676);
#1278=LINE('',#7377,#1677);
#1279=LINE('',#7384,#1678);
#1280=LINE('',#7387,#1679);
#1281=LINE('',#7390,#1680);
#1282=LINE('',#7391,#1681);
#1283=LINE('',#7394,#1682);
#1284=LINE('',#7398,#1683);
#1285=LINE('',#7399,#1684);
#1286=LINE('',#7402,#1685);
#1287=LINE('',#7406,#1686);
#1288=LINE('',#7407,#1687);
#1289=LINE('',#7410,#1688);
#1290=LINE('',#7414,#1689);
#1291=LINE('',#7415,#1690);
#1292=LINE('',#7418,#1691);
#1293=LINE('',#7422,#1692);
#1294=LINE('',#7423,#1693);
#1295=LINE('',#7426,#1694);
#1296=LINE('',#7430,#1695);
#1297=LINE('',#7431,#1696);
#1298=LINE('',#7442,#1697);
#1299=LINE('',#7448,#1698);
#1300=LINE('',#7450,#1699);
#1301=LINE('',#7457,#1700);
#1302=LINE('',#7464,#1701);
#1303=LINE('',#7466,#1702);
#1304=LINE('',#7472,#1703);
#1305=LINE('',#7475,#1704);
#1306=LINE('',#7479,#1705);
#1307=LINE('',#7480,#1706);
#1308=LINE('',#7491,#1707);
#1309=LINE('',#7497,#1708);
#1310=LINE('',#7500,#1709);
#1311=LINE('',#7503,#1710);
#1312=LINE('',#7504,#1711);
#1313=LINE('',#7508,#1712);
#1314=LINE('',#7511,#1713);
#1315=LINE('',#7512,#1714);
#1316=LINE('',#7517,#1715);
#1317=LINE('',#7518,#1716);
#1318=LINE('',#7522,#1717);
#1319=LINE('',#7525,#1718);
#1320=LINE('',#7528,#1719);
#1321=LINE('',#7531,#1720);
#1322=LINE('',#7532,#1721);
#1323=LINE('',#7535,#1722);
#1324=LINE('',#7538,#1723);
#1325=LINE('',#7544,#1724);
#1326=LINE('',#7548,#1725);
#1327=LINE('',#7552,#1726);
#1328=LINE('',#7556,#1727);
#1329=LINE('',#7560,#1728);
#1330=LINE('',#7564,#1729);
#1331=LINE('',#7568,#1730);
#1332=LINE('',#7572,#1731);
#1333=LINE('',#7573,#1732);
#1334=LINE('',#7582,#1733);
#1335=LINE('',#7586,#1734);
#1336=LINE('',#7590,#1735);
#1337=LINE('',#7594,#1736);
#1338=LINE('',#7620,#1737);
#1339=LINE('',#7627,#1738);
#1340=LINE('',#7628,#1739);
#1341=LINE('',#7630,#1740);
#1342=LINE('',#7639,#1741);
#1343=LINE('',#7643,#1742);
#1344=LINE('',#7647,#1743);
#1345=LINE('',#7651,#1744);
#1346=LINE('',#7655,#1745);
#1347=LINE('',#7665,#1746);
#1348=LINE('',#7669,#1747);
#1349=LINE('',#7673,#1748);
#1350=LINE('',#7677,#1749);
#1351=LINE('',#7687,#1750);
#1352=LINE('',#7691,#1751);
#1353=LINE('',#7695,#1752);
#1354=LINE('',#7698,#1753);
#1355=LINE('',#7705,#1754);
#1356=LINE('',#7709,#1755);
#1357=LINE('',#7713,#1756);
#1358=LINE('',#7716,#1757);
#1359=LINE('',#7733,#1758);
#1360=LINE('',#7737,#1759);
#1361=LINE('',#7741,#1760);
#1362=LINE('',#7744,#1761);
#1363=LINE('',#7753,#1762);
#1364=LINE('',#7757,#1763);
#1365=LINE('',#7761,#1764);
#1366=LINE('',#7764,#1765);
#1367=LINE('',#7771,#1766);
#1368=LINE('',#7775,#1767);
#1369=LINE('',#7779,#1768);
#1370=LINE('',#7782,#1769);
#1371=LINE('',#7792,#1770);
#1372=LINE('',#7801,#1771);
#1373=LINE('',#7808,#1772);
#1374=LINE('',#7812,#1773);
#1375=LINE('',#7816,#1774);
#1376=LINE('',#7820,#1775);
#1377=LINE('',#7824,#1776);
#1378=LINE('',#7828,#1777);
#1379=LINE('',#7832,#1778);
#1380=LINE('',#7839,#1779);
#1381=LINE('',#7843,#1780);
#1382=LINE('',#7847,#1781);
#1383=LINE('',#7850,#1782);
#1384=LINE('',#7859,#1783);
#1385=LINE('',#7863,#1784);
#1386=LINE('',#7867,#1785);
#1387=LINE('',#7871,#1786);
#1388=LINE('',#7903,#1787);
#1389=LINE('',#7907,#1788);
#1390=LINE('',#7911,#1789);
#1391=LINE('',#7915,#1790);
#1392=LINE('',#7925,#1791);
#1393=LINE('',#7929,#1792);
#1394=LINE('',#7933,#1793);
#1395=LINE('',#7936,#1794);
#1396=LINE('',#7943,#1795);
#1397=LINE('',#7947,#1796);
#1398=LINE('',#7951,#1797);
#1399=LINE('',#7954,#1798);
#1400=LINE('',#7979,#1799);
#1401=LINE('',#7983,#1800);
#1402=LINE('',#7987,#1801);
#1403=LINE('',#7990,#1802);
#1404=LINE('',#7999,#1803);
#1405=LINE('',#8003,#1804);
#1406=LINE('',#8007,#1805);
#1407=LINE('',#8010,#1806);
#1408=LINE('',#8017,#1807);
#1409=LINE('',#8021,#1808);
#1410=LINE('',#8025,#1809);
#1411=LINE('',#8028,#1810);
#1412=LINE('',#8040,#1811);
#1413=LINE('',#8041,#1812);
#1414=LINE('',#8043,#1813);
#1415=LINE('',#8045,#1814);
#1416=LINE('',#8047,#1815);
#1417=LINE('',#8049,#1816);
#1418=LINE('',#8051,#1817);
#1419=LINE('',#8053,#1818);
#1420=LINE('',#8056,#1819);
#1421=LINE('',#8058,#1820);
#1422=LINE('',#8060,#1821);
#1423=LINE('',#8062,#1822);
#1424=LINE('',#8064,#1823);
#1425=LINE('',#8066,#1824);
#1426=LINE('',#8068,#1825);
#1427=LINE('',#8070,#1826);
#1428=LINE('',#8072,#1827);
#1429=LINE('',#8074,#1828);
#1430=LINE('',#8075,#1829);
#1431=LINE('',#8077,#1830);
#1432=LINE('',#8079,#1831);
#1433=LINE('',#8080,#1832);
#1434=LINE('',#8082,#1833);
#1435=LINE('',#8084,#1834);
#1436=LINE('',#8086,#1835);
#1437=LINE('',#8088,#1836);
#1438=LINE('',#8090,#1837);
#1439=LINE('',#8092,#1838);
#1440=LINE('',#8094,#1839);
#1441=LINE('',#8096,#1840);
#1442=LINE('',#8098,#1841);
#1443=LINE('',#8101,#1842);
#1444=LINE('',#8103,#1843);
#1445=LINE('',#8105,#1844);
#1446=LINE('',#8107,#1845);
#1447=LINE('',#8109,#1846);
#1448=LINE('',#8111,#1847);
#1449=LINE('',#8113,#1848);
#1450=LINE('',#8115,#1849);
#1451=LINE('',#8117,#1850);
#1452=LINE('',#8118,#1851);
#1453=LINE('',#8120,#1852);
#1454=LINE('',#8122,#1853);
#1455=LINE('',#8124,#1854);
#1456=LINE('',#8126,#1855);
#1457=LINE('',#8128,#1856);
#1458=LINE('',#8130,#1857);
#1459=LINE('',#8133,#1858);
#1460=LINE('',#8135,#1859);
#1461=LINE('',#8136,#1860);
#1462=LINE('',#8138,#1861);
#1463=LINE('',#8140,#1862);
#1464=LINE('',#8142,#1863);
#1465=LINE('',#8144,#1864);
#1466=LINE('',#8146,#1865);
#1467=LINE('',#8148,#1866);
#1468=LINE('',#8151,#1867);
#1469=LINE('',#8153,#1868);
#1470=LINE('',#8155,#1869);
#1471=LINE('',#8156,#1870);
#1472=LINE('',#8158,#1871);
#1473=LINE('',#8160,#1872);
#1474=LINE('',#8162,#1873);
#1475=LINE('',#8164,#1874);
#1476=LINE('',#8166,#1875);
#1477=LINE('',#8168,#1876);
#1478=LINE('',#8171,#1877);
#1479=LINE('',#8173,#1878);
#1480=LINE('',#8175,#1879);
#1481=LINE('',#8177,#1880);
#1482=LINE('',#8179,#1881);
#1483=LINE('',#8181,#1882);
#1484=LINE('',#8183,#1883);
#1485=LINE('',#8185,#1884);
#1486=LINE('',#8187,#1885);
#1487=LINE('',#8189,#1886);
#1488=LINE('',#8191,#1887);
#1489=LINE('',#8192,#1888);
#1490=LINE('',#8194,#1889);
#1491=LINE('',#8196,#1890);
#1492=LINE('',#8198,#1891);
#1493=LINE('',#8200,#1892);
#1494=LINE('',#8202,#1893);
#1495=LINE('',#8204,#1894);
#1496=LINE('',#8207,#1895);
#1497=LINE('',#8209,#1896);
#1498=LINE('',#8210,#1897);
#1499=LINE('',#8212,#1898);
#1500=LINE('',#8214,#1899);
#1501=LINE('',#8216,#1900);
#1502=LINE('',#8218,#1901);
#1503=LINE('',#8220,#1902);
#1504=LINE('',#8222,#1903);
#1505=LINE('',#8225,#1904);
#1506=LINE('',#8227,#1905);
#1507=LINE('',#8229,#1906);
#1508=LINE('',#8230,#1907);
#1509=LINE('',#8232,#1908);
#1510=LINE('',#8234,#1909);
#1511=LINE('',#8236,#1910);
#1512=LINE('',#8238,#1911);
#1513=LINE('',#8240,#1912);
#1514=LINE('',#8242,#1913);
#1515=LINE('',#8245,#1914);
#1516=LINE('',#8247,#1915);
#1517=LINE('',#8249,#1916);
#1518=LINE('',#8251,#1917);
#1519=LINE('',#8252,#1918);
#1520=LINE('',#8254,#1919);
#1521=LINE('',#8257,#1920);
#1522=LINE('',#8260,#1921);
#1523=LINE('',#8263,#1922);
#1524=LINE('',#8265,#1923);
#1525=LINE('',#8267,#1924);
#1526=LINE('',#8269,#1925);
#1527=LINE('',#8271,#1926);
#1528=LINE('',#8273,#1927);
#1529=LINE('',#8275,#1928);
#1530=LINE('',#8278,#1929);
#1531=LINE('',#8280,#1930);
#1532=VECTOR('',#5405,10.);
#1533=VECTOR('',#5408,10.);
#1534=VECTOR('',#5413,10.);
#1535=VECTOR('',#5416,10.);
#1536=VECTOR('',#5419,10.);
#1537=VECTOR('',#5422,10.);
#1538=VECTOR('',#5425,10.);
#1539=VECTOR('',#5426,10.);
#1540=VECTOR('',#5429,10.);
#1541=VECTOR('',#5430,10.);
#1542=VECTOR('',#5431,10.);
#1543=VECTOR('',#5434,10.);
#1544=VECTOR('',#5435,10.);
#1545=VECTOR('',#5438,10.);
#1546=VECTOR('',#5439,10.);
#1547=VECTOR('',#5440,10.);
#1548=VECTOR('',#5441,10.);
#1549=VECTOR('',#5442,10.);
#1550=VECTOR('',#5443,10.);
#1551=VECTOR('',#5444,10.);
#1552=VECTOR('',#5445,10.);
#1553=VECTOR('',#5450,10.);
#1554=VECTOR('',#5455,10.);
#1555=VECTOR('',#5456,10.);
#1556=VECTOR('',#5457,10.);
#1557=VECTOR('',#5458,10.);
#1558=VECTOR('',#5459,10.);
#1559=VECTOR('',#5464,10.);
#1560=VECTOR('',#5469,10.);
#1561=VECTOR('',#5470,10.);
#1562=VECTOR('',#5471,10.);
#1563=VECTOR('',#5472,10.);
#1564=VECTOR('',#5473,10.);
#1565=VECTOR('',#5478,10.);
#1566=VECTOR('',#5481,10.);
#1567=VECTOR('',#5486,10.);
#1568=VECTOR('',#5493,10.);
#1569=VECTOR('',#5494,10.);
#1570=VECTOR('',#5495,10.);
#1571=VECTOR('',#5496,10.);
#1572=VECTOR('',#5497,10.);
#1573=VECTOR('',#5498,10.);
#1574=VECTOR('',#5499,10.);
#1575=VECTOR('',#5510,10.);
#1576=VECTOR('',#5519,10.);
#1577=VECTOR('',#5522,10.);
#1578=VECTOR('',#5531,10.);
#1579=VECTOR('',#5532,10.);
#1580=VECTOR('',#5537,10.);
#1581=VECTOR('',#5542,10.);
#1582=VECTOR('',#5545,10.);
#1583=VECTOR('',#5552,10.);
#1584=VECTOR('',#5555,10.);
#1585=VECTOR('',#5556,10.);
#1586=VECTOR('',#5557,10.);
#1587=VECTOR('',#5558,10.);
#1588=VECTOR('',#5559,10.);
#1589=VECTOR('',#5564,10.);
#1590=VECTOR('',#5569,10.);
#1591=VECTOR('',#5572,10.);
#1592=VECTOR('',#5575,10.);
#1593=VECTOR('',#5576,10.);
#1594=VECTOR('',#5577,10.);
#1595=VECTOR('',#5582,10.);
#1596=VECTOR('',#5585,10.);
#1597=VECTOR('',#5588,10.);
#1598=VECTOR('',#5589,10.);
#1599=VECTOR('',#5594,10.);
#1600=VECTOR('',#5597,10.);
#1601=VECTOR('',#5600,10.);
#1602=VECTOR('',#5601,10.);
#1603=VECTOR('',#5606,10.);
#1604=VECTOR('',#5611,10.);
#1605=VECTOR('',#5612,10.);
#1606=VECTOR('',#5617,10.);
#1607=VECTOR('',#5620,10.);
#1608=VECTOR('',#5623,10.);
#1609=VECTOR('',#5624,10.);
#1610=VECTOR('',#5625,10.);
#1611=VECTOR('',#5630,10.);
#1612=VECTOR('',#5635,10.);
#1613=VECTOR('',#5636,10.);
#1614=VECTOR('',#5637,10.);
#1615=VECTOR('',#5642,10.);
#1616=VECTOR('',#5647,10.);
#1617=VECTOR('',#5648,10.);
#1618=VECTOR('',#5649,10.);
#1619=VECTOR('',#5654,10.);
#1620=VECTOR('',#5659,10.);
#1621=VECTOR('',#5660,10.);
#1622=VECTOR('',#5665,10.);
#1623=VECTOR('',#5668,10.);
#1624=VECTOR('',#5671,10.);
#1625=VECTOR('',#5672,10.);
#1626=VECTOR('',#5673,10.);
#1627=VECTOR('',#5678,10.);
#1628=VECTOR('',#5681,10.);
#1629=VECTOR('',#5684,10.);
#1630=VECTOR('',#5685,10.);
#1631=VECTOR('',#5690,10.);
#1632=VECTOR('',#5693,10.);
#1633=VECTOR('',#5696,10.);
#1634=VECTOR('',#5697,10.);
#1635=VECTOR('',#5702,10.);
#1636=VECTOR('',#5707,10.);
#1637=VECTOR('',#5708,10.);
#1638=VECTOR('',#5713,10.);
#1639=VECTOR('',#5716,10.);
#1640=VECTOR('',#5719,10.);
#1641=VECTOR('',#5720,10.);
#1642=VECTOR('',#5721,10.);
#1643=VECTOR('',#5726,10.);
#1644=VECTOR('',#5731,10.);
#1645=VECTOR('',#5732,10.);
#1646=VECTOR('',#5733,10.);
#1647=VECTOR('',#5738,10.);
#1648=VECTOR('',#5743,10.);
#1649=VECTOR('',#5744,10.);
#1650=VECTOR('',#5745,10.);
#1651=VECTOR('',#5750,10.);
#1652=VECTOR('',#5755,10.);
#1653=VECTOR('',#5756,10.);
#1654=VECTOR('',#5761,10.);
#1655=VECTOR('',#5764,10.);
#1656=VECTOR('',#5777,10.);
#1657=VECTOR('',#5778,10.);
#1658=VECTOR('',#5791,10.);
#1659=VECTOR('',#5792,10.);
#1660=VECTOR('',#5797,10.);
#1661=VECTOR('',#5800,10.);
#1662=VECTOR('',#5809,10.);
#1663=VECTOR('',#5812,10.);
#1664=VECTOR('',#5821,10.);
#1665=VECTOR('',#5824,10.);
#1666=VECTOR('',#5833,10.);
#1667=VECTOR('',#5836,10.);
#1668=VECTOR('',#5849,10.);
#1669=VECTOR('',#5850,10.);
#1670=VECTOR('',#5863,10.);
#1671=VECTOR('',#5864,10.);
#1672=VECTOR('',#5873,10.);
#1673=VECTOR('',#5876,10.);
#1674=VECTOR('',#5885,10.);
#1675=VECTOR('',#5888,10.);
#1676=VECTOR('',#5897,10.);
#1677=VECTOR('',#5900,10.);
#1678=VECTOR('',#5911,10.);
#1679=VECTOR('',#5914,10.);
#1680=VECTOR('',#5917,10.);
#1681=VECTOR('',#5918,10.);
#1682=VECTOR('',#5921,10.);
#1683=VECTOR('',#5926,10.);
#1684=VECTOR('',#5927,10.);
#1685=VECTOR('',#5930,10.);
#1686=VECTOR('',#5935,10.);
#1687=VECTOR('',#5936,10.);
#1688=VECTOR('',#5939,10.);
#1689=VECTOR('',#5944,10.);
#1690=VECTOR('',#5945,10.);
#1691=VECTOR('',#5948,10.);
#1692=VECTOR('',#5953,10.);
#1693=VECTOR('',#5954,10.);
#1694=VECTOR('',#5957,10.);
#1695=VECTOR('',#5962,10.);
#1696=VECTOR('',#5963,10.);
#1697=VECTOR('',#5976,10.);
#1698=VECTOR('',#5981,10.);
#1699=VECTOR('',#5984,10.);
#1700=VECTOR('',#5995,10.);
#1701=VECTOR('',#6004,10.);
#1702=VECTOR('',#6007,10.);
#1703=VECTOR('',#6018,10.);
#1704=VECTOR('',#6021,10.);
#1705=VECTOR('',#6026,10.);
#1706=VECTOR('',#6027,10.);
#1707=VECTOR('',#6040,10.);
#1708=VECTOR('',#6049,10.);
#1709=VECTOR('',#6052,10.);
#1710=VECTOR('',#6055,10.);
#1711=VECTOR('',#6056,10.);
#1712=VECTOR('',#6061,10.);
#1713=VECTOR('',#6064,10.);
#1714=VECTOR('',#6065,10.);
#1715=VECTOR('',#6072,10.);
#1716=VECTOR('',#6073,10.);
#1717=VECTOR('',#6078,10.);
#1718=VECTOR('',#6081,10.);
#1719=VECTOR('',#6084,10.);
#1720=VECTOR('',#6087,10.);
#1721=VECTOR('',#6088,10.);
#1722=VECTOR('',#6091,10.);
#1723=VECTOR('',#6096,10.);
#1724=VECTOR('',#6101,10.);
#1725=VECTOR('',#6104,10.);
#1726=VECTOR('',#6107,10.);
#1727=VECTOR('',#6110,10.);
#1728=VECTOR('',#6113,10.);
#1729=VECTOR('',#6116,10.);
#1730=VECTOR('',#6119,10.);
#1731=VECTOR('',#6124,10.);
#1732=VECTOR('',#6125,10.);
#1733=VECTOR('',#6132,10.);
#1734=VECTOR('',#6135,10.);
#1735=VECTOR('',#6138,10.);
#1736=VECTOR('',#6141,10.);
#1737=VECTOR('',#6170,2.75);
#1738=VECTOR('',#6179,10.);
#1739=VECTOR('',#6180,10.);
#1740=VECTOR('',#6183,10.);
#1741=VECTOR('',#6194,10.);
#1742=VECTOR('',#6197,10.);
#1743=VECTOR('',#6200,10.);
#1744=VECTOR('',#6203,10.);
#1745=VECTOR('',#6206,10.);
#1746=VECTOR('',#6215,10.);
#1747=VECTOR('',#6218,10.);
#1748=VECTOR('',#6221,10.);
#1749=VECTOR('',#6224,10.);
#1750=VECTOR('',#6233,10.);
#1751=VECTOR('',#6236,10.);
#1752=VECTOR('',#6239,10.);
#1753=VECTOR('',#6242,10.);
#1754=VECTOR('',#6247,10.);
#1755=VECTOR('',#6250,10.);
#1756=VECTOR('',#6253,10.);
#1757=VECTOR('',#6256,10.);
#1758=VECTOR('',#6271,10.);
#1759=VECTOR('',#6274,10.);
#1760=VECTOR('',#6277,10.);
#1761=VECTOR('',#6280,10.);
#1762=VECTOR('',#6287,10.);
#1763=VECTOR('',#6290,10.);
#1764=VECTOR('',#6293,10.);
#1765=VECTOR('',#6296,10.);
#1766=VECTOR('',#6301,10.);
#1767=VECTOR('',#6304,10.);
#1768=VECTOR('',#6307,10.);
#1769=VECTOR('',#6310,10.);
#1770=VECTOR('',#6321,2.74999999999999);
#1771=VECTOR('',#6330,10.);
#1772=VECTOR('',#6337,10.);
#1773=VECTOR('',#6340,10.);
#1774=VECTOR('',#6343,10.);
#1775=VECTOR('',#6346,10.);
#1776=VECTOR('',#6349,10.);
#1777=VECTOR('',#6352,10.);
#1778=VECTOR('',#6355,10.);
#1779=VECTOR('',#6362,10.);
#1780=VECTOR('',#6365,10.);
#1781=VECTOR('',#6368,10.);
#1782=VECTOR('',#6371,10.);
#1783=VECTOR('',#6378,10.);
#1784=VECTOR('',#6381,10.);
#1785=VECTOR('',#6384,10.);
#1786=VECTOR('',#6387,10.);
#1787=VECTOR('',#6418,10.);
#1788=VECTOR('',#6421,10.);
#1789=VECTOR('',#6424,10.);
#1790=VECTOR('',#6427,10.);
#1791=VECTOR('',#6436,10.);
#1792=VECTOR('',#6439,10.);
#1793=VECTOR('',#6442,10.);
#1794=VECTOR('',#6445,10.);
#1795=VECTOR('',#6450,10.);
#1796=VECTOR('',#6453,10.);
#1797=VECTOR('',#6456,10.);
#1798=VECTOR('',#6459,10.);
#1799=VECTOR('',#6482,10.);
#1800=VECTOR('',#6485,10.);
#1801=VECTOR('',#6488,10.);
#1802=VECTOR('',#6491,10.);
#1803=VECTOR('',#6498,10.);
#1804=VECTOR('',#6501,10.);
#1805=VECTOR('',#6504,10.);
#1806=VECTOR('',#6507,10.);
#1807=VECTOR('',#6512,10.);
#1808=VECTOR('',#6515,10.);
#1809=VECTOR('',#6518,10.);
#1810=VECTOR('',#6521,10.);
#1811=VECTOR('',#6534,10.);
#1812=VECTOR('',#6535,10.);
#1813=VECTOR('',#6538,10.);
#1814=VECTOR('',#6541,10.);
#1815=VECTOR('',#6544,10.);
#1816=VECTOR('',#6547,10.);
#1817=VECTOR('',#6550,10.);
#1818=VECTOR('',#6553,10.);
#1819=VECTOR('',#6558,1.5);
#1820=VECTOR('',#6561,1.5);
#1821=VECTOR('',#6564,1.5);
#1822=VECTOR('',#6567,1.5);
#1823=VECTOR('',#6570,1.5);
#1824=VECTOR('',#6573,1.5);
#1825=VECTOR('',#6576,1.5);
#1826=VECTOR('',#6579,1.5);
#1827=VECTOR('',#6582,1.5);
#1828=VECTOR('',#6585,10.);
#1829=VECTOR('',#6586,10.);
#1830=VECTOR('',#6589,10.);
#1831=VECTOR('',#6592,10.);
#1832=VECTOR('',#6593,10.);
#1833=VECTOR('',#6596,10.);
#1834=VECTOR('',#6599,10.);
#1835=VECTOR('',#6602,10.);
#1836=VECTOR('',#6605,10.);
#1837=VECTOR('',#6608,10.);
#1838=VECTOR('',#6611,10.);
#1839=VECTOR('',#6614,10.);
#1840=VECTOR('',#6617,10.);
#1841=VECTOR('',#6620,10.);
#1842=VECTOR('',#6625,1.5);
#1843=VECTOR('',#6628,1.5);
#1844=VECTOR('',#6631,1.5);
#1845=VECTOR('',#6634,1.5);
#1846=VECTOR('',#6637,1.5);
#1847=VECTOR('',#6640,1.49999999999999);
#1848=VECTOR('',#6643,1.5);
#1849=VECTOR('',#6646,1.5);
#1850=VECTOR('',#6649,10.);
#1851=VECTOR('',#6650,10.);
#1852=VECTOR('',#6653,10.);
#1853=VECTOR('',#6656,10.);
#1854=VECTOR('',#6659,10.);
#1855=VECTOR('',#6662,10.);
#1856=VECTOR('',#6665,10.);
#1857=VECTOR('',#6668,10.);
#1858=VECTOR('',#6673,1.5);
#1859=VECTOR('',#6676,10.);
#1860=VECTOR('',#6677,10.);
#1861=VECTOR('',#6680,10.);
#1862=VECTOR('',#6683,10.);
#1863=VECTOR('',#6686,10.);
#1864=VECTOR('',#6689,10.);
#1865=VECTOR('',#6692,10.);
#1866=VECTOR('',#6695,10.);
#1867=VECTOR('',#6700,1.5);
#1868=VECTOR('',#6703,1.5);
#1869=VECTOR('',#6706,10.);
#1870=VECTOR('',#6707,10.);
#1871=VECTOR('',#6710,10.);
#1872=VECTOR('',#6713,10.);
#1873=VECTOR('',#6716,10.);
#1874=VECTOR('',#6719,10.);
#1875=VECTOR('',#6722,10.);
#1876=VECTOR('',#6725,10.);
#1877=VECTOR('',#6730,1.5);
#1878=VECTOR('',#6733,1.5);
#1879=VECTOR('',#6736,1.5);
#1880=VECTOR('',#6739,1.5);
#1881=VECTOR('',#6742,1.5);
#1882=VECTOR('',#6745,1.5);
#1883=VECTOR('',#6748,1.5);
#1884=VECTOR('',#6751,1.5);
#1885=VECTOR('',#6754,1.5);
#1886=VECTOR('',#6757,1.5);
#1887=VECTOR('',#6760,10.);
#1888=VECTOR('',#6761,10.);
#1889=VECTOR('',#6764,10.);
#1890=VECTOR('',#6767,10.);
#1891=VECTOR('',#6770,10.);
#1892=VECTOR('',#6773,10.);
#1893=VECTOR('',#6776,10.);
#1894=VECTOR('',#6779,10.);
#1895=VECTOR('',#6784,1.5);
#1896=VECTOR('',#6787,10.);
#1897=VECTOR('',#6788,10.);
#1898=VECTOR('',#6791,10.);
#1899=VECTOR('',#6794,10.);
#1900=VECTOR('',#6797,10.);
#1901=VECTOR('',#6800,10.);
#1902=VECTOR('',#6803,10.);
#1903=VECTOR('',#6806,10.);
#1904=VECTOR('',#6811,1.5);
#1905=VECTOR('',#6814,1.5);
#1906=VECTOR('',#6817,10.);
#1907=VECTOR('',#6818,10.);
#1908=VECTOR('',#6821,10.);
#1909=VECTOR('',#6824,10.);
#1910=VECTOR('',#6827,10.);
#1911=VECTOR('',#6830,10.);
#1912=VECTOR('',#6833,10.);
#1913=VECTOR('',#6836,10.);
#1914=VECTOR('',#6841,1.5);
#1915=VECTOR('',#6844,1.5);
#1916=VECTOR('',#6847,1.49999999999999);
#1917=VECTOR('',#6850,10.);
#1918=VECTOR('',#6851,10.);
#1919=VECTOR('',#6854,10.);
#1920=VECTOR('',#6859,10.);
#1921=VECTOR('',#6864,10.);
#1922=VECTOR('',#6869,10.);
#1923=VECTOR('',#6872,10.);
#1924=VECTOR('',#6875,10.);
#1925=VECTOR('',#6878,10.);
#1926=VECTOR('',#6881,10.);
#1927=VECTOR('',#6884,10.);
#1928=VECTOR('',#6887,10.);
#1929=VECTOR('',#6892,1.5);
#1930=VECTOR('',#6895,1.5);
#1931=VERTEX_POINT('',#6898);
#1932=VERTEX_POINT('',#6899);
#1933=VERTEX_POINT('',#6901);
#1934=VERTEX_POINT('',#6903);
#1935=VERTEX_POINT('',#6907);
#1936=VERTEX_POINT('',#6909);
#1937=VERTEX_POINT('',#6913);
#1938=VERTEX_POINT('',#6915);
#1939=VERTEX_POINT('',#6922);
#1940=VERTEX_POINT('',#6924);
#1941=VERTEX_POINT('',#6928);
#1942=VERTEX_POINT('',#6932);
#1943=VERTEX_POINT('',#6933);
#1944=VERTEX_POINT('',#6935);
#1945=VERTEX_POINT('',#6937);
#1946=VERTEX_POINT('',#6939);
#1947=VERTEX_POINT('',#6941);
#1948=VERTEX_POINT('',#6943);
#1949=VERTEX_POINT('',#6945);
#1950=VERTEX_POINT('',#6949);
#1951=VERTEX_POINT('',#6951);
#1952=VERTEX_POINT('',#6955);
#1953=VERTEX_POINT('',#6957);
#1954=VERTEX_POINT('',#6959);
#1955=VERTEX_POINT('',#6961);
#1956=VERTEX_POINT('',#6965);
#1957=VERTEX_POINT('',#6967);
#1958=VERTEX_POINT('',#6971);
#1959=VERTEX_POINT('',#6973);
#1960=VERTEX_POINT('',#6975);
#1961=VERTEX_POINT('',#6977);
#1962=VERTEX_POINT('',#6981);
#1963=VERTEX_POINT('',#6982);
#1964=VERTEX_POINT('',#6984);
#1965=VERTEX_POINT('',#6986);
#1966=VERTEX_POINT('',#6995);
#1967=VERTEX_POINT('',#6997);
#1968=VERTEX_POINT('',#6999);
#1969=VERTEX_POINT('',#7001);
#1970=VERTEX_POINT('',#7003);
#1971=VERTEX_POINT('',#7005);
#1972=VERTEX_POINT('',#7011);
#1973=VERTEX_POINT('',#7013);
#1974=VERTEX_POINT('',#7019);
#1975=VERTEX_POINT('',#7020);
#1976=VERTEX_POINT('',#7022);
#1977=VERTEX_POINT('',#7024);
#1978=VERTEX_POINT('',#7034);
#1979=VERTEX_POINT('',#7038);
#1980=VERTEX_POINT('',#7040);
#1981=VERTEX_POINT('',#7042);
#1982=VERTEX_POINT('',#7050);
#1983=VERTEX_POINT('',#7052);
#1984=VERTEX_POINT('',#7054);
#1985=VERTEX_POINT('',#7056);
#1986=VERTEX_POINT('',#7063);
#1987=VERTEX_POINT('',#7064);
#1988=VERTEX_POINT('',#7066);
#1989=VERTEX_POINT('',#7068);
#1990=VERTEX_POINT('',#7072);
#1991=VERTEX_POINT('',#7074);
#1992=VERTEX_POINT('',#7078);
#1993=VERTEX_POINT('',#7079);
#1994=VERTEX_POINT('',#7081);
#1995=VERTEX_POINT('',#7083);
#1996=VERTEX_POINT('',#7090);
#1997=VERTEX_POINT('',#7091);
#1998=VERTEX_POINT('',#7093);
#1999=VERTEX_POINT('',#7095);
#2000=VERTEX_POINT('',#7102);
#2001=VERTEX_POINT('',#7104);
#2002=VERTEX_POINT('',#7111);
#2003=VERTEX_POINT('',#7112);
#2004=VERTEX_POINT('',#7114);
#2005=VERTEX_POINT('',#7116);
#2006=VERTEX_POINT('',#7120);
#2007=VERTEX_POINT('',#7122);
#2008=VERTEX_POINT('',#7126);
#2009=VERTEX_POINT('',#7128);
#2010=VERTEX_POINT('',#7132);
#2011=VERTEX_POINT('',#7134);
#2012=VERTEX_POINT('',#7138);
#2013=VERTEX_POINT('',#7140);
#2014=VERTEX_POINT('',#7144);
#2015=VERTEX_POINT('',#7146);
#2016=VERTEX_POINT('',#7150);
#2017=VERTEX_POINT('',#7152);
#2018=VERTEX_POINT('',#7159);
#2019=VERTEX_POINT('',#7160);
#2020=VERTEX_POINT('',#7162);
#2021=VERTEX_POINT('',#7164);
#2022=VERTEX_POINT('',#7168);
#2023=VERTEX_POINT('',#7170);
#2024=VERTEX_POINT('',#7174);
#2025=VERTEX_POINT('',#7175);
#2026=VERTEX_POINT('',#7177);
#2027=VERTEX_POINT('',#7179);
#2028=VERTEX_POINT('',#7186);
#2029=VERTEX_POINT('',#7187);
#2030=VERTEX_POINT('',#7189);
#2031=VERTEX_POINT('',#7191);
#2032=VERTEX_POINT('',#7198);
#2033=VERTEX_POINT('',#7200);
#2034=VERTEX_POINT('',#7207);
#2035=VERTEX_POINT('',#7208);
#2036=VERTEX_POINT('',#7210);
#2037=VERTEX_POINT('',#7212);
#2038=VERTEX_POINT('',#7216);
#2039=VERTEX_POINT('',#7218);
#2040=VERTEX_POINT('',#7222);
#2041=VERTEX_POINT('',#7224);
#2042=VERTEX_POINT('',#7228);
#2043=VERTEX_POINT('',#7230);
#2044=VERTEX_POINT('',#7234);
#2045=VERTEX_POINT('',#7236);
#2046=VERTEX_POINT('',#7240);
#2047=VERTEX_POINT('',#7242);
#2048=VERTEX_POINT('',#7246);
#2049=VERTEX_POINT('',#7248);
#2050=VERTEX_POINT('',#7255);
#2051=VERTEX_POINT('',#7256);
#2052=VERTEX_POINT('',#7258);
#2053=VERTEX_POINT('',#7260);
#2054=VERTEX_POINT('',#7264);
#2055=VERTEX_POINT('',#7265);
#2056=VERTEX_POINT('',#7270);
#2057=VERTEX_POINT('',#7271);
#2058=VERTEX_POINT('',#7276);
#2059=VERTEX_POINT('',#7277);
#2060=VERTEX_POINT('',#7282);
#2061=VERTEX_POINT('',#7283);
#2062=VERTEX_POINT('',#7288);
#2063=VERTEX_POINT('',#7289);
#2064=VERTEX_POINT('',#7291);
#2065=VERTEX_POINT('',#7298);
#2066=VERTEX_POINT('',#7299);
#2067=VERTEX_POINT('',#7301);
#2068=VERTEX_POINT('',#7308);
#2069=VERTEX_POINT('',#7309);
#2070=VERTEX_POINT('',#7311);
#2071=VERTEX_POINT('',#7318);
#2072=VERTEX_POINT('',#7319);
#2073=VERTEX_POINT('',#7321);
#2074=VERTEX_POINT('',#7326);
#2075=VERTEX_POINT('',#7327);
#2076=VERTEX_POINT('',#7332);
#2077=VERTEX_POINT('',#7333);
#2078=VERTEX_POINT('',#7338);
#2079=VERTEX_POINT('',#7339);
#2080=VERTEX_POINT('',#7344);
#2081=VERTEX_POINT('',#7345);
#2082=VERTEX_POINT('',#7352);
#2083=VERTEX_POINT('',#7353);
#2084=VERTEX_POINT('',#7355);
#2085=VERTEX_POINT('',#7362);
#2086=VERTEX_POINT('',#7363);
#2087=VERTEX_POINT('',#7365);
#2088=VERTEX_POINT('',#7372);
#2089=VERTEX_POINT('',#7374);
#2090=VERTEX_POINT('',#7383);
#2091=VERTEX_POINT('',#7385);
#2092=VERTEX_POINT('',#7389);
#2093=VERTEX_POINT('',#7393);
#2094=VERTEX_POINT('',#7397);
#2095=VERTEX_POINT('',#7401);
#2096=VERTEX_POINT('',#7405);
#2097=VERTEX_POINT('',#7409);
#2098=VERTEX_POINT('',#7413);
#2099=VERTEX_POINT('',#7417);
#2100=VERTEX_POINT('',#7421);
#2101=VERTEX_POINT('',#7425);
#2102=VERTEX_POINT('',#7429);
#2103=VERTEX_POINT('',#7433);
#2104=VERTEX_POINT('',#7435);
#2105=VERTEX_POINT('',#7438);
#2106=VERTEX_POINT('',#7440);
#2107=VERTEX_POINT('',#7444);
#2108=VERTEX_POINT('',#7445);
#2109=VERTEX_POINT('',#7447);
#2110=VERTEX_POINT('',#7454);
#2111=VERTEX_POINT('',#7461);
#2112=VERTEX_POINT('',#7463);
#2113=VERTEX_POINT('',#7474);
#2114=VERTEX_POINT('',#7478);
#2115=VERTEX_POINT('',#7482);
#2116=VERTEX_POINT('',#7484);
#2117=VERTEX_POINT('',#7486);
#2118=VERTEX_POINT('',#7488);
#2119=VERTEX_POINT('',#7496);
#2120=VERTEX_POINT('',#7498);
#2121=VERTEX_POINT('',#7502);
#2122=VERTEX_POINT('',#7506);
#2123=VERTEX_POINT('',#7510);
#2124=VERTEX_POINT('',#7516);
#2125=VERTEX_POINT('',#7520);
#2126=VERTEX_POINT('',#7524);
#2127=VERTEX_POINT('',#7526);
#2128=VERTEX_POINT('',#7530);
#2129=VERTEX_POINT('',#7534);
#2130=VERTEX_POINT('',#7539);
#2131=VERTEX_POINT('',#7541);
#2132=VERTEX_POINT('',#7543);
#2133=VERTEX_POINT('',#7545);
#2134=VERTEX_POINT('',#7547);
#2135=VERTEX_POINT('',#7549);
#2136=VERTEX_POINT('',#7551);
#2137=VERTEX_POINT('',#7553);
#2138=VERTEX_POINT('',#7555);
#2139=VERTEX_POINT('',#7557);
#2140=VERTEX_POINT('',#7559);
#2141=VERTEX_POINT('',#7561);
#2142=VERTEX_POINT('',#7563);
#2143=VERTEX_POINT('',#7565);
#2144=VERTEX_POINT('',#7567);
#2145=VERTEX_POINT('',#7569);
#2146=VERTEX_POINT('',#7574);
#2147=VERTEX_POINT('',#7576);
#2148=VERTEX_POINT('',#7578);
#2149=VERTEX_POINT('',#7580);
#2150=VERTEX_POINT('',#7581);
#2151=VERTEX_POINT('',#7583);
#2152=VERTEX_POINT('',#7585);
#2153=VERTEX_POINT('',#7587);
#2154=VERTEX_POINT('',#7589);
#2155=VERTEX_POINT('',#7591);
#2156=VERTEX_POINT('',#7593);
#2157=VERTEX_POINT('',#7596);
#2158=VERTEX_POINT('',#7598);
#2159=VERTEX_POINT('',#7600);
#2160=VERTEX_POINT('',#7602);
#2161=VERTEX_POINT('',#7604);
#2162=VERTEX_POINT('',#7606);
#2163=VERTEX_POINT('',#7608);
#2164=VERTEX_POINT('',#7610);
#2165=VERTEX_POINT('',#7612);
#2166=VERTEX_POINT('',#7617);
#2167=VERTEX_POINT('',#7619);
#2168=VERTEX_POINT('',#7623);
#2169=VERTEX_POINT('',#7626);
#2170=VERTEX_POINT('',#7633);
#2171=VERTEX_POINT('',#7636);
#2172=VERTEX_POINT('',#7638);
#2173=VERTEX_POINT('',#7640);
#2174=VERTEX_POINT('',#7642);
#2175=VERTEX_POINT('',#7644);
#2176=VERTEX_POINT('',#7646);
#2177=VERTEX_POINT('',#7648);
#2178=VERTEX_POINT('',#7650);
#2179=VERTEX_POINT('',#7652);
#2180=VERTEX_POINT('',#7654);
#2181=VERTEX_POINT('',#7657);
#2182=VERTEX_POINT('',#7659);
#2183=VERTEX_POINT('',#7661);
#2184=VERTEX_POINT('',#7663);
#2185=VERTEX_POINT('',#7664);
#2186=VERTEX_POINT('',#7666);
#2187=VERTEX_POINT('',#7668);
#2188=VERTEX_POINT('',#7670);
#2189=VERTEX_POINT('',#7672);
#2190=VERTEX_POINT('',#7674);
#2191=VERTEX_POINT('',#7676);
#2192=VERTEX_POINT('',#7679);
#2193=VERTEX_POINT('',#7681);
#2194=VERTEX_POINT('',#7683);
#2195=VERTEX_POINT('',#7684);
#2196=VERTEX_POINT('',#7686);
#2197=VERTEX_POINT('',#7688);
#2198=VERTEX_POINT('',#7690);
#2199=VERTEX_POINT('',#7692);
#2200=VERTEX_POINT('',#7694);
#2201=VERTEX_POINT('',#7696);
#2202=VERTEX_POINT('',#7699);
#2203=VERTEX_POINT('',#7701);
#2204=VERTEX_POINT('',#7702);
#2205=VERTEX_POINT('',#7704);
#2206=VERTEX_POINT('',#7706);
#2207=VERTEX_POINT('',#7708);
#2208=VERTEX_POINT('',#7710);
#2209=VERTEX_POINT('',#7712);
#2210=VERTEX_POINT('',#7714);
#2211=VERTEX_POINT('',#7717);
#2212=VERTEX_POINT('',#7719);
#2213=VERTEX_POINT('',#7721);
#2214=VERTEX_POINT('',#7723);
#2215=VERTEX_POINT('',#7725);
#2216=VERTEX_POINT('',#7727);
#2217=VERTEX_POINT('',#7729);
#2218=VERTEX_POINT('',#7730);
#2219=VERTEX_POINT('',#7732);
#2220=VERTEX_POINT('',#7734);
#2221=VERTEX_POINT('',#7736);
#2222=VERTEX_POINT('',#7738);
#2223=VERTEX_POINT('',#7740);
#2224=VERTEX_POINT('',#7742);
#2225=VERTEX_POINT('',#7745);
#2226=VERTEX_POINT('',#7747);
#2227=VERTEX_POINT('',#7749);
#2228=VERTEX_POINT('',#7750);
#2229=VERTEX_POINT('',#7752);
#2230=VERTEX_POINT('',#7754);
#2231=VERTEX_POINT('',#7756);
#2232=VERTEX_POINT('',#7758);
#2233=VERTEX_POINT('',#7760);
#2234=VERTEX_POINT('',#7762);
#2235=VERTEX_POINT('',#7765);
#2236=VERTEX_POINT('',#7767);
#2237=VERTEX_POINT('',#7768);
#2238=VERTEX_POINT('',#7770);
#2239=VERTEX_POINT('',#7772);
#2240=VERTEX_POINT('',#7774);
#2241=VERTEX_POINT('',#7776);
#2242=VERTEX_POINT('',#7778);
#2243=VERTEX_POINT('',#7780);
#2244=VERTEX_POINT('',#7783);
#2245=VERTEX_POINT('',#7785);
#2246=VERTEX_POINT('',#7787);
#2247=VERTEX_POINT('',#7790);
#2248=VERTEX_POINT('',#7794);
#2249=VERTEX_POINT('',#7797);
#2250=VERTEX_POINT('',#7798);
#2251=VERTEX_POINT('',#7800);
#2252=VERTEX_POINT('',#7803);
#2253=VERTEX_POINT('',#7805);
#2254=VERTEX_POINT('',#7807);
#2255=VERTEX_POINT('',#7809);
#2256=VERTEX_POINT('',#7811);
#2257=VERTEX_POINT('',#7813);
#2258=VERTEX_POINT('',#7815);
#2259=VERTEX_POINT('',#7817);
#2260=VERTEX_POINT('',#7819);
#2261=VERTEX_POINT('',#7821);
#2262=VERTEX_POINT('',#7823);
#2263=VERTEX_POINT('',#7825);
#2264=VERTEX_POINT('',#7827);
#2265=VERTEX_POINT('',#7829);
#2266=VERTEX_POINT('',#7831);
#2267=VERTEX_POINT('',#7833);
#2268=VERTEX_POINT('',#7836);
#2269=VERTEX_POINT('',#7838);
#2270=VERTEX_POINT('',#7840);
#2271=VERTEX_POINT('',#7842);
#2272=VERTEX_POINT('',#7844);
#2273=VERTEX_POINT('',#7846);
#2274=VERTEX_POINT('',#7848);
#2275=VERTEX_POINT('',#7851);
#2276=VERTEX_POINT('',#7853);
#2277=VERTEX_POINT('',#7855);
#2278=VERTEX_POINT('',#7857);
#2279=VERTEX_POINT('',#7858);
#2280=VERTEX_POINT('',#7860);
#2281=VERTEX_POINT('',#7862);
#2282=VERTEX_POINT('',#7864);
#2283=VERTEX_POINT('',#7866);
#2284=VERTEX_POINT('',#7868);
#2285=VERTEX_POINT('',#7870);
#2286=VERTEX_POINT('',#7873);
#2287=VERTEX_POINT('',#7875);
#2288=VERTEX_POINT('',#7877);
#2289=VERTEX_POINT('',#7879);
#2290=VERTEX_POINT('',#7881);
#2291=VERTEX_POINT('',#7883);
#2292=VERTEX_POINT('',#7885);
#2293=VERTEX_POINT('',#7887);
#2294=VERTEX_POINT('',#7889);
#2295=VERTEX_POINT('',#7891);
#2296=VERTEX_POINT('',#7893);
#2297=VERTEX_POINT('',#7895);
#2298=VERTEX_POINT('',#7897);
#2299=VERTEX_POINT('',#7899);
#2300=VERTEX_POINT('',#7901);
#2301=VERTEX_POINT('',#7902);
#2302=VERTEX_POINT('',#7904);
#2303=VERTEX_POINT('',#7906);
#2304=VERTEX_POINT('',#7908);
#2305=VERTEX_POINT('',#7910);
#2306=VERTEX_POINT('',#7912);
#2307=VERTEX_POINT('',#7914);
#2308=VERTEX_POINT('',#7917);
#2309=VERTEX_POINT('',#7919);
#2310=VERTEX_POINT('',#7921);
#2311=VERTEX_POINT('',#7922);
#2312=VERTEX_POINT('',#7924);
#2313=VERTEX_POINT('',#7926);
#2314=VERTEX_POINT('',#7928);
#2315=VERTEX_POINT('',#7930);
#2316=VERTEX_POINT('',#7932);
#2317=VERTEX_POINT('',#7934);
#2318=VERTEX_POINT('',#7937);
#2319=VERTEX_POINT('',#7939);
#2320=VERTEX_POINT('',#7940);
#2321=VERTEX_POINT('',#7942);
#2322=VERTEX_POINT('',#7944);
#2323=VERTEX_POINT('',#7946);
#2324=VERTEX_POINT('',#7948);
#2325=VERTEX_POINT('',#7950);
#2326=VERTEX_POINT('',#7952);
#2327=VERTEX_POINT('',#7955);
#2328=VERTEX_POINT('',#7957);
#2329=VERTEX_POINT('',#7959);
#2330=VERTEX_POINT('',#7961);
#2331=VERTEX_POINT('',#7963);
#2332=VERTEX_POINT('',#7965);
#2333=VERTEX_POINT('',#7967);
#2334=VERTEX_POINT('',#7969);
#2335=VERTEX_POINT('',#7971);
#2336=VERTEX_POINT('',#7973);
#2337=VERTEX_POINT('',#7975);
#2338=VERTEX_POINT('',#7976);
#2339=VERTEX_POINT('',#7978);
#2340=VERTEX_POINT('',#7980);
#2341=VERTEX_POINT('',#7982);
#2342=VERTEX_POINT('',#7984);
#2343=VERTEX_POINT('',#7986);
#2344=VERTEX_POINT('',#7988);
#2345=VERTEX_POINT('',#7991);
#2346=VERTEX_POINT('',#7993);
#2347=VERTEX_POINT('',#7995);
#2348=VERTEX_POINT('',#7996);
#2349=VERTEX_POINT('',#7998);
#2350=VERTEX_POINT('',#8000);
#2351=VERTEX_POINT('',#8002);
#2352=VERTEX_POINT('',#8004);
#2353=VERTEX_POINT('',#8006);
#2354=VERTEX_POINT('',#8008);
#2355=VERTEX_POINT('',#8011);
#2356=VERTEX_POINT('',#8013);
#2357=VERTEX_POINT('',#8014);
#2358=VERTEX_POINT('',#8016);
#2359=VERTEX_POINT('',#8018);
#2360=VERTEX_POINT('',#8020);
#2361=VERTEX_POINT('',#8022);
#2362=VERTEX_POINT('',#8024);
#2363=VERTEX_POINT('',#8026);
#2364=VERTEX_POINT('',#8029);
#2365=VERTEX_POINT('',#8031);
#2366=VERTEX_POINT('',#8033);
#2367=VERTEX_POINT('',#8035);
#2368=VERTEX_POINT('',#8037);
#2369=EDGE_CURVE('',#1931,#1932,#1133,.T.);
#2370=EDGE_CURVE('',#1932,#1933,#1125,.T.);
#2371=EDGE_CURVE('',#1933,#1934,#1134,.T.);
#2372=EDGE_CURVE('',#1931,#1934,#1126,.T.);
#2373=EDGE_CURVE('',#1932,#1935,#1135,.T.);
#2374=EDGE_CURVE('',#1935,#1936,#1127,.T.);
#2375=EDGE_CURVE('',#1936,#1933,#1136,.T.);
#2376=EDGE_CURVE('',#1935,#1937,#1137,.T.);
#2377=EDGE_CURVE('',#1937,#1938,#1128,.T.);
#2378=EDGE_CURVE('',#1938,#1936,#1138,.T.);
#2379=EDGE_CURVE('',#1934,#1938,#1139,.T.);
#2380=EDGE_CURVE('',#1937,#1931,#1140,.T.);
#2381=EDGE_CURVE('',#1939,#1934,#1141,.T.);
#2382=EDGE_CURVE('',#1940,#1939,#1142,.T.);
#2383=EDGE_CURVE('',#1940,#1938,#1143,.T.);
#2384=EDGE_CURVE('',#1941,#1933,#1144,.T.);
#2385=EDGE_CURVE('',#1939,#1941,#1145,.T.);
#2386=EDGE_CURVE('',#1942,#1943,#1146,.T.);
#2387=EDGE_CURVE('',#1944,#1942,#1147,.T.);
#2388=EDGE_CURVE('',#1945,#1944,#1148,.T.);
#2389=EDGE_CURVE('',#1946,#1945,#1149,.T.);
#2390=EDGE_CURVE('',#1947,#1946,#1150,.T.);
#2391=EDGE_CURVE('',#1948,#1947,#1151,.T.);
#2392=EDGE_CURVE('',#1948,#1949,#1152,.T.);
#2393=EDGE_CURVE('',#1943,#1949,#1153,.T.);
#2394=EDGE_CURVE('',#1949,#1950,#1129,.F.);
#2395=EDGE_CURVE('',#1950,#1951,#1154,.T.);
#2396=EDGE_CURVE('',#1951,#1943,#1130,.F.);
#2397=EDGE_CURVE('',#1952,#1950,#1155,.T.);
#2398=EDGE_CURVE('',#1953,#1952,#1156,.T.);
#2399=EDGE_CURVE('',#1954,#1953,#1157,.T.);
#2400=EDGE_CURVE('',#1955,#1954,#1158,.T.);
#2401=EDGE_CURVE('',#1955,#1951,#1159,.T.);
#2402=EDGE_CURVE('',#1947,#1956,#1131,.F.);
#2403=EDGE_CURVE('',#1956,#1957,#1160,.T.);
#2404=EDGE_CURVE('',#1957,#1948,#1132,.F.);
#2405=EDGE_CURVE('',#1957,#1958,#1161,.T.);
#2406=EDGE_CURVE('',#1959,#1956,#1162,.T.);
#2407=EDGE_CURVE('',#1960,#1959,#1163,.T.);
#2408=EDGE_CURVE('',#1961,#1960,#1164,.T.);
#2409=EDGE_CURVE('',#1958,#1961,#1165,.T.);
#2410=EDGE_CURVE('',#1962,#1963,#35,.T.);
#2411=EDGE_CURVE('',#1963,#1964,#1166,.T.);
#2412=EDGE_CURVE('',#1964,#1965,#36,.F.);
#2413=EDGE_CURVE('',#1965,#1962,#1167,.T.);
#2414=EDGE_CURVE('',#1946,#1962,#37,.T.);
#2415=EDGE_CURVE('',#1962,#1956,#1168,.T.);
#2416=EDGE_CURVE('',#1946,#1963,#38,.T.);
#2417=EDGE_CURVE('',#1964,#1966,#1169,.T.);
#2418=EDGE_CURVE('',#1967,#1963,#1170,.T.);
#2419=EDGE_CURVE('',#1968,#1967,#1171,.T.);
#2420=EDGE_CURVE('',#1969,#1968,#1172,.T.);
#2421=EDGE_CURVE('',#1969,#1970,#1173,.T.);
#2422=EDGE_CURVE('',#1971,#1970,#1174,.T.);
#2423=EDGE_CURVE('',#1966,#1971,#1175,.T.);
#2424=EDGE_CURVE('',#1967,#1945,#39,.T.);
#2425=EDGE_CURVE('',#1972,#1968,#40,.F.);
#2426=EDGE_CURVE('',#1967,#1973,#41,.T.);
#2427=EDGE_CURVE('',#1973,#1972,#1176,.T.);
#2428=EDGE_CURVE('',#1945,#1973,#42,.T.);
#2429=EDGE_CURVE('',#1974,#1975,#43,.F.);
#2430=EDGE_CURVE('',#1975,#1976,#1177,.T.);
#2431=EDGE_CURVE('',#1976,#1977,#44,.T.);
#2432=EDGE_CURVE('',#1977,#1974,#1178,.T.);
#2433=EDGE_CURVE('',#1976,#1944,#45,.T.);
#2434=EDGE_CURVE('',#1944,#1977,#46,.T.);
#2435=EDGE_CURVE('',#1976,#1973,#1179,.T.);
#2436=EDGE_CURVE('',#1972,#1975,#1180,.T.);
#2437=EDGE_CURVE('',#1978,#1942,#47,.T.);
#2438=EDGE_CURVE('',#1951,#1978,#1181,.T.);
#2439=EDGE_CURVE('',#1979,#1978,#48,.T.);
#2440=EDGE_CURVE('',#1978,#1980,#1182,.T.);
#2441=EDGE_CURVE('',#1980,#1981,#49,.F.);
#2442=EDGE_CURVE('',#1981,#1979,#1183,.T.);
#2443=EDGE_CURVE('',#1979,#1942,#50,.T.);
#2444=EDGE_CURVE('',#1979,#1977,#1184,.T.);
#2445=EDGE_CURVE('',#1982,#1981,#1185,.T.);
#2446=EDGE_CURVE('',#1982,#1983,#1186,.T.);
#2447=EDGE_CURVE('',#1984,#1983,#1187,.T.);
#2448=EDGE_CURVE('',#1985,#1984,#1188,.T.);
#2449=EDGE_CURVE('',#1974,#1985,#1189,.T.);
#2450=EDGE_CURVE('',#1980,#1955,#1190,.T.);
#2451=EDGE_CURVE('',#1986,#1987,#51,.T.);
#2452=EDGE_CURVE('',#1987,#1988,#1191,.T.);
#2453=EDGE_CURVE('',#1988,#1989,#52,.T.);
#2454=EDGE_CURVE('',#1989,#1986,#1192,.T.);
#2455=EDGE_CURVE('',#1990,#1987,#1193,.T.);
#2456=EDGE_CURVE('',#1991,#1990,#1194,.T.);
#2457=EDGE_CURVE('',#1988,#1991,#1195,.T.);
#2458=EDGE_CURVE('',#1992,#1993,#53,.T.);
#2459=EDGE_CURVE('',#1993,#1994,#1196,.T.);
#2460=EDGE_CURVE('',#1994,#1995,#54,.T.);
#2461=EDGE_CURVE('',#1995,#1992,#1197,.T.);
#2462=EDGE_CURVE('',#1994,#1989,#1198,.T.);
#2463=EDGE_CURVE('',#1986,#1993,#1199,.T.);
#2464=EDGE_CURVE('',#1996,#1997,#55,.T.);
#2465=EDGE_CURVE('',#1997,#1998,#1200,.T.);
#2466=EDGE_CURVE('',#1998,#1999,#56,.T.);
#2467=EDGE_CURVE('',#1999,#1996,#1201,.T.);
#2468=EDGE_CURVE('',#1998,#1995,#1202,.T.);
#2469=EDGE_CURVE('',#1992,#1997,#1203,.T.);
#2470=EDGE_CURVE('',#1990,#2000,#57,.T.);
#2471=EDGE_CURVE('',#2000,#2001,#1204,.T.);
#2472=EDGE_CURVE('',#2001,#1991,#58,.T.);
#2473=EDGE_CURVE('',#2001,#1999,#1205,.T.);
#2474=EDGE_CURVE('',#1996,#2000,#1206,.T.);
#2475=EDGE_CURVE('',#2002,#2003,#59,.T.);
#2476=EDGE_CURVE('',#2003,#2004,#1207,.T.);
#2477=EDGE_CURVE('',#2004,#2005,#60,.T.);
#2478=EDGE_CURVE('',#2005,#2002,#1208,.T.);
#2479=EDGE_CURVE('',#2006,#2003,#1209,.T.);
#2480=EDGE_CURVE('',#2007,#2006,#1210,.T.);
#2481=EDGE_CURVE('',#2004,#2007,#1211,.T.);
#2482=EDGE_CURVE('',#2006,#2008,#61,.T.);
#2483=EDGE_CURVE('',#2008,#2009,#1212,.T.);
#2484=EDGE_CURVE('',#2009,#2007,#62,.T.);
#2485=EDGE_CURVE('',#2010,#2008,#1213,.T.);
#2486=EDGE_CURVE('',#2011,#2010,#1214,.T.);
#2487=EDGE_CURVE('',#2009,#2011,#1215,.T.);
#2488=EDGE_CURVE('',#2010,#2012,#63,.T.);
#2489=EDGE_CURVE('',#2012,#2013,#1216,.T.);
#2490=EDGE_CURVE('',#2013,#2011,#64,.T.);
#2491=EDGE_CURVE('',#2014,#2012,#1217,.T.);
#2492=EDGE_CURVE('',#2015,#2014,#1218,.T.);
#2493=EDGE_CURVE('',#2013,#2015,#1219,.T.);
#2494=EDGE_CURVE('',#2014,#2016,#65,.T.);
#2495=EDGE_CURVE('',#2016,#2017,#1220,.T.);
#2496=EDGE_CURVE('',#2017,#2015,#66,.T.);
#2497=EDGE_CURVE('',#2017,#2005,#1221,.T.);
#2498=EDGE_CURVE('',#2002,#2016,#1222,.T.);
#2499=EDGE_CURVE('',#2018,#2019,#67,.T.);
#2500=EDGE_CURVE('',#2019,#2020,#1223,.T.);
#2501=EDGE_CURVE('',#2020,#2021,#68,.T.);
#2502=EDGE_CURVE('',#2021,#2018,#1224,.T.);
#2503=EDGE_CURVE('',#2022,#2019,#1225,.T.);
#2504=EDGE_CURVE('',#2023,#2022,#1226,.T.);
#2505=EDGE_CURVE('',#2020,#2023,#1227,.T.);
#2506=EDGE_CURVE('',#2024,#2025,#69,.T.);
#2507=EDGE_CURVE('',#2025,#2026,#1228,.T.);
#2508=EDGE_CURVE('',#2026,#2027,#70,.T.);
#2509=EDGE_CURVE('',#2027,#2024,#1229,.T.);
#2510=EDGE_CURVE('',#2026,#2021,#1230,.T.);
#2511=EDGE_CURVE('',#2018,#2025,#1231,.T.);
#2512=EDGE_CURVE('',#2028,#2029,#71,.T.);
#2513=EDGE_CURVE('',#2029,#2030,#1232,.T.);
#2514=EDGE_CURVE('',#2030,#2031,#72,.T.);
#2515=EDGE_CURVE('',#2031,#2028,#1233,.T.);
#2516=EDGE_CURVE('',#2030,#2027,#1234,.T.);
#2517=EDGE_CURVE('',#2024,#2029,#1235,.T.);
#2518=EDGE_CURVE('',#2022,#2032,#73,.T.);
#2519=EDGE_CURVE('',#2032,#2033,#1236,.T.);
#2520=EDGE_CURVE('',#2033,#2023,#74,.T.);
#2521=EDGE_CURVE('',#2033,#2031,#1237,.T.);
#2522=EDGE_CURVE('',#2028,#2032,#1238,.T.);
#2523=EDGE_CURVE('',#2034,#2035,#75,.T.);
#2524=EDGE_CURVE('',#2035,#2036,#1239,.T.);
#2525=EDGE_CURVE('',#2036,#2037,#76,.T.);
#2526=EDGE_CURVE('',#2037,#2034,#1240,.T.);
#2527=EDGE_CURVE('',#2038,#2035,#1241,.T.);
#2528=EDGE_CURVE('',#2039,#2038,#1242,.T.);
#2529=EDGE_CURVE('',#2036,#2039,#1243,.T.);
#2530=EDGE_CURVE('',#2038,#2040,#77,.T.);
#2531=EDGE_CURVE('',#2040,#2041,#1244,.T.);
#2532=EDGE_CURVE('',#2041,#2039,#78,.T.);
#2533=EDGE_CURVE('',#2042,#2040,#1245,.T.);
#2534=EDGE_CURVE('',#2043,#2042,#1246,.T.);
#2535=EDGE_CURVE('',#2041,#2043,#1247,.T.);
#2536=EDGE_CURVE('',#2042,#2044,#79,.T.);
#2537=EDGE_CURVE('',#2044,#2045,#1248,.T.);
#2538=EDGE_CURVE('',#2045,#2043,#80,.T.);
#2539=EDGE_CURVE('',#2046,#2044,#1249,.T.);
#2540=EDGE_CURVE('',#2047,#2046,#1250,.T.);
#2541=EDGE_CURVE('',#2045,#2047,#1251,.T.);
#2542=EDGE_CURVE('',#2046,#2048,#81,.T.);
#2543=EDGE_CURVE('',#2048,#2049,#1252,.T.);
#2544=EDGE_CURVE('',#2049,#2047,#82,.T.);
#2545=EDGE_CURVE('',#2049,#2037,#1253,.T.);
#2546=EDGE_CURVE('',#2034,#2048,#1254,.T.);
#2547=EDGE_CURVE('',#2050,#2051,#83,.T.);
#2548=EDGE_CURVE('',#2051,#2052,#1255,.T.);
#2549=EDGE_CURVE('',#2052,#2053,#84,.T.);
#2550=EDGE_CURVE('',#2053,#2050,#1256,.T.);
#2551=EDGE_CURVE('',#2054,#2055,#85,.T.);
#2552=EDGE_CURVE('',#2055,#2051,#86,.T.);
#2553=EDGE_CURVE('',#2050,#2054,#87,.T.);
#2554=EDGE_CURVE('',#2056,#2057,#88,.T.);
#2555=EDGE_CURVE('',#2057,#2055,#1257,.T.);
#2556=EDGE_CURVE('',#2054,#2056,#1258,.T.);
#2557=EDGE_CURVE('',#2058,#2059,#89,.T.);
#2558=EDGE_CURVE('',#2059,#2057,#90,.T.);
#2559=EDGE_CURVE('',#2056,#2058,#91,.T.);
#2560=EDGE_CURVE('',#2060,#2061,#92,.T.);
#2561=EDGE_CURVE('',#2061,#2059,#1259,.T.);
#2562=EDGE_CURVE('',#2058,#2060,#1260,.T.);
#2563=EDGE_CURVE('',#2062,#2063,#93,.T.);
#2564=EDGE_CURVE('',#2063,#2064,#1261,.T.);
#2565=EDGE_CURVE('',#2064,#2060,#94,.T.);
#2566=EDGE_CURVE('',#2060,#2062,#1262,.T.);
#2567=EDGE_CURVE('',#2064,#2061,#95,.T.);
#2568=EDGE_CURVE('',#2065,#2066,#96,.T.);
#2569=EDGE_CURVE('',#2066,#2067,#1263,.T.);
#2570=EDGE_CURVE('',#2067,#2062,#97,.T.);
#2571=EDGE_CURVE('',#2062,#2065,#1264,.T.);
#2572=EDGE_CURVE('',#2067,#2063,#98,.T.);
#2573=EDGE_CURVE('',#2068,#2069,#99,.T.);
#2574=EDGE_CURVE('',#2069,#2070,#1265,.T.);
#2575=EDGE_CURVE('',#2070,#2065,#100,.T.);
#2576=EDGE_CURVE('',#2065,#2068,#1266,.T.);
#2577=EDGE_CURVE('',#2070,#2066,#101,.T.);
#2578=EDGE_CURVE('',#2071,#2072,#102,.T.);
#2579=EDGE_CURVE('',#2072,#2073,#1267,.T.);
#2580=EDGE_CURVE('',#2073,#2068,#103,.T.);
#2581=EDGE_CURVE('',#2068,#2071,#1268,.T.);
#2582=EDGE_CURVE('',#2074,#2075,#104,.T.);
#2583=EDGE_CURVE('',#2075,#2072,#105,.T.);
#2584=EDGE_CURVE('',#2071,#2074,#106,.T.);
#2585=EDGE_CURVE('',#2076,#2077,#107,.T.);
#2586=EDGE_CURVE('',#2077,#2075,#1269,.T.);
#2587=EDGE_CURVE('',#2074,#2076,#1270,.T.);
#2588=EDGE_CURVE('',#2078,#2079,#108,.T.);
#2589=EDGE_CURVE('',#2079,#2077,#109,.T.);
#2590=EDGE_CURVE('',#2076,#2078,#110,.T.);
#2591=EDGE_CURVE('',#2080,#2081,#111,.T.);
#2592=EDGE_CURVE('',#2081,#2079,#1271,.T.);
#2593=EDGE_CURVE('',#2078,#2080,#1272,.T.);
#2594=EDGE_CURVE('',#2073,#2069,#112,.T.);
#2595=EDGE_CURVE('',#2082,#2083,#113,.T.);
#2596=EDGE_CURVE('',#2083,#2084,#1273,.T.);
#2597=EDGE_CURVE('',#2084,#2080,#114,.T.);
#2598=EDGE_CURVE('',#2080,#2082,#1274,.T.);
#2599=EDGE_CURVE('',#2084,#2081,#115,.T.);
#2600=EDGE_CURVE('',#2085,#2086,#116,.T.);
#2601=EDGE_CURVE('',#2086,#2087,#1275,.T.);
#2602=EDGE_CURVE('',#2087,#2082,#117,.T.);
#2603=EDGE_CURVE('',#2082,#2085,#1276,.T.);
#2604=EDGE_CURVE('',#2087,#2083,#118,.T.);
#2605=EDGE_CURVE('',#2053,#2088,#119,.T.);
#2606=EDGE_CURVE('',#2088,#2089,#1277,.T.);
#2607=EDGE_CURVE('',#2089,#2085,#120,.T.);
#2608=EDGE_CURVE('',#2085,#2053,#1278,.T.);
#2609=EDGE_CURVE('',#2089,#2086,#121,.T.);
#2610=EDGE_CURVE('',#2052,#2088,#122,.T.);
#2611=EDGE_CURVE('',#2073,#2090,#1279,.T.);
#2612=EDGE_CURVE('',#2090,#2091,#123,.F.);
#2613=EDGE_CURVE('',#2091,#2069,#1280,.T.);
#2614=EDGE_CURVE('',#2092,#2072,#1281,.T.);
#2615=EDGE_CURVE('',#2090,#2092,#1282,.T.);
#2616=EDGE_CURVE('',#2075,#2093,#1283,.T.);
#2617=EDGE_CURVE('',#2092,#2093,#124,.T.);
#2618=EDGE_CURVE('',#2094,#2077,#1284,.T.);
#2619=EDGE_CURVE('',#2093,#2094,#1285,.T.);
#2620=EDGE_CURVE('',#2079,#2095,#1286,.T.);
#2621=EDGE_CURVE('',#2094,#2095,#125,.T.);
#2622=EDGE_CURVE('',#2096,#2081,#1287,.T.);
#2623=EDGE_CURVE('',#2095,#2096,#1288,.T.);
#2624=EDGE_CURVE('',#2084,#2097,#1289,.T.);
#2625=EDGE_CURVE('',#2097,#2096,#126,.F.);
#2626=EDGE_CURVE('',#2098,#2083,#1290,.T.);
#2627=EDGE_CURVE('',#2097,#2098,#1291,.T.);
#2628=EDGE_CURVE('',#2087,#2099,#1292,.T.);
#2629=EDGE_CURVE('',#2099,#2098,#127,.F.);
#2630=EDGE_CURVE('',#2100,#2086,#1293,.T.);
#2631=EDGE_CURVE('',#2099,#2100,#1294,.T.);
#2632=EDGE_CURVE('',#2089,#2101,#1295,.T.);
#2633=EDGE_CURVE('',#2101,#2100,#128,.F.);
#2634=EDGE_CURVE('',#2102,#2088,#1296,.T.);
#2635=EDGE_CURVE('',#2101,#2102,#1297,.T.);
#2636=EDGE_CURVE('',#2103,#2103,#129,.T.);
#2637=EDGE_CURVE('',#2104,#2104,#130,.T.);
#2638=EDGE_CURVE('',#2105,#1958,#131,.T.);
#2639=EDGE_CURVE('',#1961,#2106,#132,.T.);
#2640=EDGE_CURVE('',#2106,#2105,#1298,.T.);
#2641=EDGE_CURVE('',#2107,#2108,#133,.T.);
#2642=EDGE_CURVE('',#2108,#2109,#1299,.T.);
#2643=EDGE_CURVE('',#2109,#2105,#134,.T.);
#2644=EDGE_CURVE('',#2105,#2107,#1300,.T.);
#2645=EDGE_CURVE('',#2109,#1958,#135,.T.);
#2646=EDGE_CURVE('',#2110,#1953,#136,.T.);
#2647=EDGE_CURVE('',#1952,#2107,#137,.T.);
#2648=EDGE_CURVE('',#2107,#2110,#1301,.T.);
#2649=EDGE_CURVE('',#1952,#2108,#138,.T.);
#2650=EDGE_CURVE('',#2106,#2111,#139,.T.);
#2651=EDGE_CURVE('',#2111,#2112,#1302,.T.);
#2652=EDGE_CURVE('',#2112,#2110,#140,.T.);
#2653=EDGE_CURVE('',#2110,#2106,#1303,.T.);
#2654=EDGE_CURVE('',#2112,#1953,#141,.T.);
#2655=EDGE_CURVE('',#1961,#2111,#142,.T.);
#2656=EDGE_CURVE('',#1949,#2108,#1304,.T.);
#2657=EDGE_CURVE('',#2112,#2113,#1305,.T.);
#2658=EDGE_CURVE('',#2113,#1954,#143,.F.);
#2659=EDGE_CURVE('',#2114,#2111,#1306,.T.);
#2660=EDGE_CURVE('',#2113,#2114,#1307,.T.);
#2661=EDGE_CURVE('',#2115,#2115,#144,.T.);
#2662=EDGE_CURVE('',#2116,#2116,#145,.T.);
#2663=EDGE_CURVE('',#2117,#2117,#146,.T.);
#2664=EDGE_CURVE('',#2118,#2118,#147,.T.);
#2665=EDGE_CURVE('',#2109,#1948,#1308,.T.);
#2666=EDGE_CURVE('',#1960,#2114,#148,.F.);
#2667=EDGE_CURVE('',#2059,#2119,#1309,.T.);
#2668=EDGE_CURVE('',#2120,#2119,#149,.T.);
#2669=EDGE_CURVE('',#2120,#2057,#1310,.T.);
#2670=EDGE_CURVE('',#2121,#2120,#1311,.T.);
#2671=EDGE_CURVE('',#2055,#2121,#1312,.T.);
#2672=EDGE_CURVE('',#2122,#2121,#150,.T.);
#2673=EDGE_CURVE('',#2122,#2051,#1313,.T.);
#2674=EDGE_CURVE('',#2123,#2122,#1314,.T.);
#2675=EDGE_CURVE('',#2052,#2123,#1315,.T.);
#2676=EDGE_CURVE('',#2123,#2102,#151,.F.);
#2677=EDGE_CURVE('',#2124,#2091,#1316,.T.);
#2678=EDGE_CURVE('',#2070,#2124,#1317,.T.);
#2679=EDGE_CURVE('',#2124,#2125,#152,.F.);
#2680=EDGE_CURVE('',#2125,#2066,#1318,.T.);
#2681=EDGE_CURVE('',#2064,#2126,#1319,.T.);
#2682=EDGE_CURVE('',#2126,#2127,#153,.F.);
#2683=EDGE_CURVE('',#2127,#2061,#1320,.T.);
#2684=EDGE_CURVE('',#2128,#2063,#1321,.T.);
#2685=EDGE_CURVE('',#2126,#2128,#1322,.T.);
#2686=EDGE_CURVE('',#2067,#2129,#1323,.T.);
#2687=EDGE_CURVE('',#2129,#2128,#154,.F.);
#2688=EDGE_CURVE('',#1959,#1965,#1324,.T.);
#2689=EDGE_CURVE('',#1966,#2130,#155,.T.);
#2690=EDGE_CURVE('',#2130,#2131,#156,.T.);
#2691=EDGE_CURVE('',#2131,#2132,#1325,.T.);
#2692=EDGE_CURVE('',#2132,#2133,#157,.T.);
#2693=EDGE_CURVE('',#2133,#2134,#1326,.T.);
#2694=EDGE_CURVE('',#2134,#2135,#158,.T.);
#2695=EDGE_CURVE('',#2135,#2136,#1327,.T.);
#2696=EDGE_CURVE('',#2136,#2137,#159,.T.);
#2697=EDGE_CURVE('',#2137,#2138,#1328,.T.);
#2698=EDGE_CURVE('',#2138,#2139,#160,.T.);
#2699=EDGE_CURVE('',#2139,#2140,#1329,.T.);
#2700=EDGE_CURVE('',#2140,#2141,#161,.T.);
#2701=EDGE_CURVE('',#2141,#2142,#1330,.T.);
#2702=EDGE_CURVE('',#2142,#2143,#162,.T.);
#2703=EDGE_CURVE('',#2143,#2144,#1331,.T.);
#2704=EDGE_CURVE('',#2144,#2145,#163,.T.);
#2705=EDGE_CURVE('',#2145,#1982,#164,.T.);
#2706=EDGE_CURVE('',#2119,#2127,#1332,.T.);
#2707=EDGE_CURVE('',#2129,#2125,#1333,.T.);
#2708=EDGE_CURVE('',#2146,#2146,#165,.T.);
#2709=EDGE_CURVE('',#2147,#2147,#166,.T.);
#2710=EDGE_CURVE('',#2148,#2148,#167,.T.);
#2711=EDGE_CURVE('',#2149,#2150,#1334,.T.);
#2712=EDGE_CURVE('',#2151,#2150,#168,.T.);
#2713=EDGE_CURVE('',#2151,#2152,#1335,.T.);
#2714=EDGE_CURVE('',#2153,#2152,#169,.T.);
#2715=EDGE_CURVE('',#2153,#2154,#1336,.T.);
#2716=EDGE_CURVE('',#2155,#2154,#170,.T.);
#2717=EDGE_CURVE('',#2155,#2156,#1337,.T.);
#2718=EDGE_CURVE('',#2149,#2156,#171,.T.);
#2719=EDGE_CURVE('',#2157,#2157,#172,.T.);
#2720=EDGE_CURVE('',#2158,#2158,#173,.T.);
#2721=EDGE_CURVE('',#2159,#2159,#174,.T.);
#2722=EDGE_CURVE('',#2160,#2160,#175,.T.);
#2723=EDGE_CURVE('',#2161,#2161,#176,.T.);
#2724=EDGE_CURVE('',#2162,#2162,#177,.T.);
#2725=EDGE_CURVE('',#2163,#2163,#178,.T.);
#2726=EDGE_CURVE('',#2164,#2164,#179,.T.);
#2727=EDGE_CURVE('',#2165,#2165,#180,.T.);
#2728=EDGE_CURVE('',#2166,#2166,#181,.T.);
#2729=EDGE_CURVE('',#2166,#2167,#1338,.T.);
#2730=EDGE_CURVE('',#2167,#2167,#182,.T.);
#2731=EDGE_CURVE('',#2168,#2168,#183,.T.);
#2732=EDGE_CURVE('',#2169,#1940,#1339,.T.);
#2733=EDGE_CURVE('',#2169,#1936,#1340,.T.);
#2734=EDGE_CURVE('',#1941,#2169,#1341,.T.);
#2735=EDGE_CURVE('',#2170,#2170,#184,.T.);
#2736=EDGE_CURVE('',#1985,#2171,#185,.T.);
#2737=EDGE_CURVE('',#2171,#2172,#1342,.T.);
#2738=EDGE_CURVE('',#2172,#2173,#186,.T.);
#2739=EDGE_CURVE('',#2173,#2174,#1343,.T.);
#2740=EDGE_CURVE('',#2174,#2175,#187,.T.);
#2741=EDGE_CURVE('',#2175,#2176,#1344,.T.);
#2742=EDGE_CURVE('',#2176,#2177,#188,.T.);
#2743=EDGE_CURVE('',#2177,#2178,#1345,.T.);
#2744=EDGE_CURVE('',#2178,#2179,#189,.T.);
#2745=EDGE_CURVE('',#2179,#2180,#1346,.T.);
#2746=EDGE_CURVE('',#2180,#1969,#190,.T.);
#2747=EDGE_CURVE('',#2181,#2181,#191,.T.);
#2748=EDGE_CURVE('',#2182,#2182,#192,.T.);
#2749=EDGE_CURVE('',#2183,#2183,#193,.T.);
#2750=EDGE_CURVE('',#2184,#2185,#1347,.T.);
#2751=EDGE_CURVE('',#2185,#2186,#194,.T.);
#2752=EDGE_CURVE('',#2186,#2187,#1348,.T.);
#2753=EDGE_CURVE('',#2187,#2188,#195,.T.);
#2754=EDGE_CURVE('',#2188,#2189,#1349,.T.);
#2755=EDGE_CURVE('',#2189,#2190,#196,.T.);
#2756=EDGE_CURVE('',#2190,#2191,#1350,.T.);
#2757=EDGE_CURVE('',#2191,#2184,#197,.T.);
#2758=EDGE_CURVE('',#2192,#2192,#198,.T.);
#2759=EDGE_CURVE('',#2193,#2193,#199,.T.);
#2760=EDGE_CURVE('',#2194,#2195,#200,.T.);
#2761=EDGE_CURVE('',#2195,#2196,#1351,.T.);
#2762=EDGE_CURVE('',#2196,#2197,#201,.T.);
#2763=EDGE_CURVE('',#2197,#2198,#1352,.T.);
#2764=EDGE_CURVE('',#2198,#2199,#202,.T.);
#2765=EDGE_CURVE('',#2199,#2200,#1353,.T.);
#2766=EDGE_CURVE('',#2200,#2201,#203,.T.);
#2767=EDGE_CURVE('',#2201,#2194,#1354,.T.);
#2768=EDGE_CURVE('',#2202,#2202,#204,.T.);
#2769=EDGE_CURVE('',#2203,#2204,#205,.T.);
#2770=EDGE_CURVE('',#2204,#2205,#1355,.T.);
#2771=EDGE_CURVE('',#2205,#2206,#206,.T.);
#2772=EDGE_CURVE('',#2206,#2207,#1356,.T.);
#2773=EDGE_CURVE('',#2207,#2208,#207,.T.);
#2774=EDGE_CURVE('',#2208,#2209,#1357,.T.);
#2775=EDGE_CURVE('',#2209,#2210,#208,.T.);
#2776=EDGE_CURVE('',#2210,#2203,#1358,.T.);
#2777=EDGE_CURVE('',#2211,#2211,#209,.T.);
#2778=EDGE_CURVE('',#2212,#2212,#210,.T.);
#2779=EDGE_CURVE('',#2213,#2213,#211,.T.);
#2780=EDGE_CURVE('',#2214,#2214,#212,.T.);
#2781=EDGE_CURVE('',#2215,#2215,#213,.T.);
#2782=EDGE_CURVE('',#2216,#2216,#214,.T.);
#2783=EDGE_CURVE('',#2217,#2218,#215,.T.);
#2784=EDGE_CURVE('',#2218,#2219,#1359,.T.);
#2785=EDGE_CURVE('',#2219,#2220,#216,.T.);
#2786=EDGE_CURVE('',#2220,#2221,#1360,.T.);
#2787=EDGE_CURVE('',#2221,#2222,#217,.T.);
#2788=EDGE_CURVE('',#2222,#2223,#1361,.T.);
#2789=EDGE_CURVE('',#2223,#2224,#218,.T.);
#2790=EDGE_CURVE('',#2224,#2217,#1362,.T.);
#2791=EDGE_CURVE('',#2225,#2225,#219,.T.);
#2792=EDGE_CURVE('',#2226,#2226,#220,.T.);
#2793=EDGE_CURVE('',#2227,#2228,#221,.T.);
#2794=EDGE_CURVE('',#2228,#2229,#1363,.T.);
#2795=EDGE_CURVE('',#2229,#2230,#222,.T.);
#2796=EDGE_CURVE('',#2230,#2231,#1364,.T.);
#2797=EDGE_CURVE('',#2231,#2232,#223,.T.);
#2798=EDGE_CURVE('',#2232,#2233,#1365,.T.);
#2799=EDGE_CURVE('',#2233,#2234,#224,.T.);
#2800=EDGE_CURVE('',#2234,#2227,#1366,.T.);
#2801=EDGE_CURVE('',#2235,#2235,#225,.T.);
#2802=EDGE_CURVE('',#2236,#2237,#226,.T.);
#2803=EDGE_CURVE('',#2237,#2238,#1367,.T.);
#2804=EDGE_CURVE('',#2238,#2239,#227,.T.);
#2805=EDGE_CURVE('',#2239,#2240,#1368,.T.);
#2806=EDGE_CURVE('',#2240,#2241,#228,.T.);
#2807=EDGE_CURVE('',#2241,#2242,#1369,.T.);
#2808=EDGE_CURVE('',#2242,#2243,#229,.T.);
#2809=EDGE_CURVE('',#2243,#2236,#1370,.T.);
#2810=EDGE_CURVE('',#2244,#2244,#230,.T.);
#2811=EDGE_CURVE('',#2245,#2245,#231,.T.);
#2812=EDGE_CURVE('',#2246,#2246,#232,.T.);
#2813=EDGE_CURVE('',#2247,#2247,#233,.T.);
#2814=EDGE_CURVE('',#2247,#2170,#1371,.T.);
#2815=EDGE_CURVE('',#2248,#2248,#234,.T.);
#2816=EDGE_CURVE('',#2249,#2250,#235,.T.);
#2817=EDGE_CURVE('',#2250,#2251,#1372,.T.);
#2818=EDGE_CURVE('',#2251,#1984,#236,.T.);
#2819=EDGE_CURVE('',#1983,#2252,#237,.T.);
#2820=EDGE_CURVE('',#2252,#2253,#238,.T.);
#2821=EDGE_CURVE('',#2253,#2254,#1373,.T.);
#2822=EDGE_CURVE('',#2254,#2255,#239,.T.);
#2823=EDGE_CURVE('',#2255,#2256,#1374,.T.);
#2824=EDGE_CURVE('',#2256,#2257,#240,.T.);
#2825=EDGE_CURVE('',#2257,#2258,#1375,.T.);
#2826=EDGE_CURVE('',#2258,#2259,#241,.T.);
#2827=EDGE_CURVE('',#2259,#2260,#1376,.T.);
#2828=EDGE_CURVE('',#2260,#2261,#242,.T.);
#2829=EDGE_CURVE('',#2261,#2262,#1377,.T.);
#2830=EDGE_CURVE('',#2262,#2263,#243,.T.);
#2831=EDGE_CURVE('',#2263,#2264,#1378,.T.);
#2832=EDGE_CURVE('',#2264,#2265,#244,.T.);
#2833=EDGE_CURVE('',#2265,#2266,#1379,.T.);
#2834=EDGE_CURVE('',#2266,#2267,#245,.T.);
#2835=EDGE_CURVE('',#2267,#1971,#246,.T.);
#2836=EDGE_CURVE('',#1970,#2268,#247,.T.);
#2837=EDGE_CURVE('',#2268,#2269,#1380,.T.);
#2838=EDGE_CURVE('',#2269,#2270,#248,.T.);
#2839=EDGE_CURVE('',#2270,#2271,#1381,.T.);
#2840=EDGE_CURVE('',#2271,#2272,#249,.T.);
#2841=EDGE_CURVE('',#2272,#2273,#1382,.T.);
#2842=EDGE_CURVE('',#2273,#2274,#250,.T.);
#2843=EDGE_CURVE('',#2274,#2249,#1383,.T.);
#2844=EDGE_CURVE('',#2275,#2275,#251,.T.);
#2845=EDGE_CURVE('',#2276,#2276,#252,.T.);
#2846=EDGE_CURVE('',#2277,#2277,#253,.T.);
#2847=EDGE_CURVE('',#2278,#2279,#1384,.T.);
#2848=EDGE_CURVE('',#2279,#2280,#254,.T.);
#2849=EDGE_CURVE('',#2280,#2281,#1385,.T.);
#2850=EDGE_CURVE('',#2281,#2282,#255,.T.);
#2851=EDGE_CURVE('',#2282,#2283,#1386,.T.);
#2852=EDGE_CURVE('',#2283,#2284,#256,.T.);
#2853=EDGE_CURVE('',#2284,#2285,#1387,.T.);
#2854=EDGE_CURVE('',#2285,#2278,#257,.T.);
#2855=EDGE_CURVE('',#2286,#2286,#258,.T.);
#2856=EDGE_CURVE('',#2287,#2287,#259,.T.);
#2857=EDGE_CURVE('',#2288,#2288,#260,.T.);
#2858=EDGE_CURVE('',#2289,#2289,#261,.T.);
#2859=EDGE_CURVE('',#2290,#2290,#262,.T.);
#2860=EDGE_CURVE('',#2291,#2291,#263,.T.);
#2861=EDGE_CURVE('',#2292,#2292,#264,.T.);
#2862=EDGE_CURVE('',#2293,#2293,#265,.T.);
#2863=EDGE_CURVE('',#2294,#2294,#266,.T.);
#2864=EDGE_CURVE('',#2295,#2295,#267,.T.);
#2865=EDGE_CURVE('',#2296,#2296,#268,.T.);
#2866=EDGE_CURVE('',#2297,#2297,#269,.T.);
#2867=EDGE_CURVE('',#2298,#2298,#270,.T.);
#2868=EDGE_CURVE('',#2299,#2299,#271,.T.);
#2869=EDGE_CURVE('',#2300,#2301,#1388,.T.);
#2870=EDGE_CURVE('',#2301,#2302,#272,.T.);
#2871=EDGE_CURVE('',#2302,#2303,#1389,.T.);
#2872=EDGE_CURVE('',#2303,#2304,#273,.T.);
#2873=EDGE_CURVE('',#2304,#2305,#1390,.T.);
#2874=EDGE_CURVE('',#2305,#2306,#274,.T.);
#2875=EDGE_CURVE('',#2306,#2307,#1391,.T.);
#2876=EDGE_CURVE('',#2307,#2300,#275,.T.);
#2877=EDGE_CURVE('',#2308,#2308,#276,.T.);
#2878=EDGE_CURVE('',#2309,#2309,#277,.T.);
#2879=EDGE_CURVE('',#2310,#2311,#278,.T.);
#2880=EDGE_CURVE('',#2311,#2312,#1392,.T.);
#2881=EDGE_CURVE('',#2312,#2313,#279,.T.);
#2882=EDGE_CURVE('',#2313,#2314,#1393,.T.);
#2883=EDGE_CURVE('',#2314,#2315,#280,.T.);
#2884=EDGE_CURVE('',#2315,#2316,#1394,.T.);
#2885=EDGE_CURVE('',#2316,#2317,#281,.T.);
#2886=EDGE_CURVE('',#2317,#2310,#1395,.T.);
#2887=EDGE_CURVE('',#2318,#2318,#282,.T.);
#2888=EDGE_CURVE('',#2319,#2320,#283,.T.);
#2889=EDGE_CURVE('',#2320,#2321,#1396,.T.);
#2890=EDGE_CURVE('',#2321,#2322,#284,.T.);
#2891=EDGE_CURVE('',#2322,#2323,#1397,.T.);
#2892=EDGE_CURVE('',#2323,#2324,#285,.T.);
#2893=EDGE_CURVE('',#2324,#2325,#1398,.T.);
#2894=EDGE_CURVE('',#2325,#2326,#286,.T.);
#2895=EDGE_CURVE('',#2326,#2319,#1399,.T.);
#2896=EDGE_CURVE('',#2327,#2327,#287,.T.);
#2897=EDGE_CURVE('',#2328,#2328,#288,.T.);
#2898=EDGE_CURVE('',#2329,#2329,#289,.T.);
#2899=EDGE_CURVE('',#2330,#2330,#290,.T.);
#2900=EDGE_CURVE('',#2331,#2331,#291,.T.);
#2901=EDGE_CURVE('',#2332,#2332,#292,.T.);
#2902=EDGE_CURVE('',#2333,#2333,#293,.T.);
#2903=EDGE_CURVE('',#2334,#2334,#294,.T.);
#2904=EDGE_CURVE('',#2335,#2335,#295,.T.);
#2905=EDGE_CURVE('',#2336,#2336,#296,.T.);
#2906=EDGE_CURVE('',#2337,#2338,#297,.T.);
#2907=EDGE_CURVE('',#2338,#2339,#1400,.T.);
#2908=EDGE_CURVE('',#2339,#2340,#298,.T.);
#2909=EDGE_CURVE('',#2340,#2341,#1401,.T.);
#2910=EDGE_CURVE('',#2341,#2342,#299,.T.);
#2911=EDGE_CURVE('',#2342,#2343,#1402,.T.);
#2912=EDGE_CURVE('',#2343,#2344,#300,.T.);
#2913=EDGE_CURVE('',#2344,#2337,#1403,.T.);
#2914=EDGE_CURVE('',#2345,#2345,#301,.T.);
#2915=EDGE_CURVE('',#2346,#2346,#302,.T.);
#2916=EDGE_CURVE('',#2347,#2348,#303,.T.);
#2917=EDGE_CURVE('',#2348,#2349,#1404,.T.);
#2918=EDGE_CURVE('',#2349,#2350,#304,.T.);
#2919=EDGE_CURVE('',#2350,#2351,#1405,.T.);
#2920=EDGE_CURVE('',#2351,#2352,#305,.T.);
#2921=EDGE_CURVE('',#2352,#2353,#1406,.T.);
#2922=EDGE_CURVE('',#2353,#2354,#306,.T.);
#2923=EDGE_CURVE('',#2354,#2347,#1407,.T.);
#2924=EDGE_CURVE('',#2355,#2355,#307,.T.);
#2925=EDGE_CURVE('',#2356,#2357,#308,.T.);
#2926=EDGE_CURVE('',#2357,#2358,#1408,.T.);
#2927=EDGE_CURVE('',#2358,#2359,#309,.T.);
#2928=EDGE_CURVE('',#2359,#2360,#1409,.T.);
#2929=EDGE_CURVE('',#2360,#2361,#310,.T.);
#2930=EDGE_CURVE('',#2361,#2362,#1410,.T.);
#2931=EDGE_CURVE('',#2362,#2363,#311,.T.);
#2932=EDGE_CURVE('',#2363,#2356,#1411,.T.);
#2933=EDGE_CURVE('',#2364,#2364,#312,.T.);
#2934=EDGE_CURVE('',#2365,#2365,#313,.T.);
#2935=EDGE_CURVE('',#2366,#2366,#314,.T.);
#2936=EDGE_CURVE('',#2367,#2367,#315,.T.);
#2937=EDGE_CURVE('',#2368,#2368,#316,.T.);
#2938=EDGE_CURVE('',#2150,#2278,#1412,.T.);
#2939=EDGE_CURVE('',#2285,#2151,#1413,.T.);
#2940=EDGE_CURVE('',#2279,#2149,#1414,.T.);
#2941=EDGE_CURVE('',#2156,#2280,#1415,.T.);
#2942=EDGE_CURVE('',#2281,#2155,#1416,.T.);
#2943=EDGE_CURVE('',#2154,#2282,#1417,.T.);
#2944=EDGE_CURVE('',#2283,#2153,#1418,.T.);
#2945=EDGE_CURVE('',#2152,#2284,#1419,.T.);
#2946=EDGE_CURVE('',#2146,#2275,#1420,.T.);
#2947=EDGE_CURVE('',#2147,#2276,#1421,.T.);
#2948=EDGE_CURVE('',#2148,#2277,#1422,.T.);
#2949=EDGE_CURVE('',#2157,#2286,#1423,.T.);
#2950=EDGE_CURVE('',#2158,#2287,#1424,.T.);
#2951=EDGE_CURVE('',#2159,#2288,#1425,.T.);
#2952=EDGE_CURVE('',#2160,#2289,#1426,.T.);
#2953=EDGE_CURVE('',#2161,#2290,#1427,.T.);
#2954=EDGE_CURVE('',#2162,#2291,#1428,.T.);
#2955=EDGE_CURVE('',#2133,#2264,#1429,.T.);
#2956=EDGE_CURVE('',#2132,#2265,#1430,.T.);
#2957=EDGE_CURVE('',#2131,#2266,#1431,.T.);
#2958=EDGE_CURVE('',#2144,#2253,#1432,.T.);
#2959=EDGE_CURVE('',#2143,#2254,#1433,.T.);
#2960=EDGE_CURVE('',#2142,#2255,#1434,.T.);
#2961=EDGE_CURVE('',#2141,#2256,#1435,.T.);
#2962=EDGE_CURVE('',#2140,#2257,#1436,.T.);
#2963=EDGE_CURVE('',#2139,#2258,#1437,.T.);
#2964=EDGE_CURVE('',#2138,#2259,#1438,.T.);
#2965=EDGE_CURVE('',#2137,#2260,#1439,.T.);
#2966=EDGE_CURVE('',#2136,#2261,#1440,.T.);
#2967=EDGE_CURVE('',#2135,#2262,#1441,.T.);
#2968=EDGE_CURVE('',#2134,#2263,#1442,.T.);
#2969=EDGE_CURVE('',#2163,#2292,#1443,.T.);
#2970=EDGE_CURVE('',#2164,#2293,#1444,.T.);
#2971=EDGE_CURVE('',#2165,#2294,#1445,.T.);
#2972=EDGE_CURVE('',#2103,#2368,#1446,.T.);
#2973=EDGE_CURVE('',#2246,#2367,#1447,.T.);
#2974=EDGE_CURVE('',#2115,#2366,#1448,.T.);
#2975=EDGE_CURVE('',#2245,#2365,#1449,.T.);
#2976=EDGE_CURVE('',#2244,#2364,#1450,.T.);
#2977=EDGE_CURVE('',#2237,#2356,#1451,.T.);
#2978=EDGE_CURVE('',#2236,#2357,#1452,.T.);
#2979=EDGE_CURVE('',#2243,#2358,#1453,.T.);
#2980=EDGE_CURVE('',#2242,#2359,#1454,.T.);
#2981=EDGE_CURVE('',#2241,#2360,#1455,.T.);
#2982=EDGE_CURVE('',#2240,#2361,#1456,.T.);
#2983=EDGE_CURVE('',#2239,#2362,#1457,.T.);
#2984=EDGE_CURVE('',#2238,#2363,#1458,.T.);
#2985=EDGE_CURVE('',#2235,#2355,#1459,.T.);
#2986=EDGE_CURVE('',#2228,#2347,#1460,.T.);
#2987=EDGE_CURVE('',#2227,#2348,#1461,.T.);
#2988=EDGE_CURVE('',#2234,#2349,#1462,.T.);
#2989=EDGE_CURVE('',#2233,#2350,#1463,.T.);
#2990=EDGE_CURVE('',#2232,#2351,#1464,.T.);
#2991=EDGE_CURVE('',#2231,#2352,#1465,.T.);
#2992=EDGE_CURVE('',#2230,#2353,#1466,.T.);
#2993=EDGE_CURVE('',#2229,#2354,#1467,.T.);
#2994=EDGE_CURVE('',#2226,#2346,#1468,.T.);
#2995=EDGE_CURVE('',#2225,#2345,#1469,.T.);
#2996=EDGE_CURVE('',#2218,#2337,#1470,.T.);
#2997=EDGE_CURVE('',#2217,#2338,#1471,.T.);
#2998=EDGE_CURVE('',#2224,#2339,#1472,.T.);
#2999=EDGE_CURVE('',#2223,#2340,#1473,.T.);
#3000=EDGE_CURVE('',#2222,#2341,#1474,.T.);
#3001=EDGE_CURVE('',#2221,#2342,#1475,.T.);
#3002=EDGE_CURVE('',#2220,#2343,#1476,.T.);
#3003=EDGE_CURVE('',#2219,#2344,#1477,.T.);
#3004=EDGE_CURVE('',#2216,#2336,#1478,.T.);
#3005=EDGE_CURVE('',#2215,#2335,#1479,.T.);
#3006=EDGE_CURVE('',#2118,#2334,#1480,.T.);
#3007=EDGE_CURVE('',#2214,#2333,#1481,.T.);
#3008=EDGE_CURVE('',#2104,#2332,#1482,.T.);
#3009=EDGE_CURVE('',#2248,#2331,#1483,.T.);
#3010=EDGE_CURVE('',#2213,#2330,#1484,.T.);
#3011=EDGE_CURVE('',#2116,#2329,#1485,.T.);
#3012=EDGE_CURVE('',#2212,#2328,#1486,.T.);
#3013=EDGE_CURVE('',#2211,#2327,#1487,.T.);
#3014=EDGE_CURVE('',#2204,#2319,#1488,.T.);
#3015=EDGE_CURVE('',#2203,#2320,#1489,.T.);
#3016=EDGE_CURVE('',#2210,#2321,#1490,.T.);
#3017=EDGE_CURVE('',#2209,#2322,#1491,.T.);
#3018=EDGE_CURVE('',#2208,#2323,#1492,.T.);
#3019=EDGE_CURVE('',#2207,#2324,#1493,.T.);
#3020=EDGE_CURVE('',#2206,#2325,#1494,.T.);
#3021=EDGE_CURVE('',#2205,#2326,#1495,.T.);
#3022=EDGE_CURVE('',#2202,#2318,#1496,.T.);
#3023=EDGE_CURVE('',#2195,#2310,#1497,.T.);
#3024=EDGE_CURVE('',#2194,#2311,#1498,.T.);
#3025=EDGE_CURVE('',#2201,#2312,#1499,.T.);
#3026=EDGE_CURVE('',#2200,#2313,#1500,.T.);
#3027=EDGE_CURVE('',#2199,#2314,#1501,.T.);
#3028=EDGE_CURVE('',#2198,#2315,#1502,.T.);
#3029=EDGE_CURVE('',#2197,#2316,#1503,.T.);
#3030=EDGE_CURVE('',#2196,#2317,#1504,.T.);
#3031=EDGE_CURVE('',#2193,#2309,#1505,.T.);
#3032=EDGE_CURVE('',#2192,#2308,#1506,.T.);
#3033=EDGE_CURVE('',#2185,#2300,#1507,.T.);
#3034=EDGE_CURVE('',#2184,#2301,#1508,.T.);
#3035=EDGE_CURVE('',#2191,#2302,#1509,.T.);
#3036=EDGE_CURVE('',#2190,#2303,#1510,.T.);
#3037=EDGE_CURVE('',#2189,#2304,#1511,.T.);
#3038=EDGE_CURVE('',#2188,#2305,#1512,.T.);
#3039=EDGE_CURVE('',#2187,#2306,#1513,.T.);
#3040=EDGE_CURVE('',#2186,#2307,#1514,.T.);
#3041=EDGE_CURVE('',#2183,#2299,#1515,.T.);
#3042=EDGE_CURVE('',#2182,#2298,#1516,.T.);
#3043=EDGE_CURVE('',#2117,#2297,#1517,.T.);
#3044=EDGE_CURVE('',#2173,#2249,#1518,.T.);
#3045=EDGE_CURVE('',#2172,#2250,#1519,.T.);
#3046=EDGE_CURVE('',#2171,#2251,#1520,.T.);
#3047=EDGE_CURVE('',#2145,#2252,#1521,.T.);
#3048=EDGE_CURVE('',#2130,#2267,#1522,.T.);
#3049=EDGE_CURVE('',#2180,#2268,#1523,.T.);
#3050=EDGE_CURVE('',#2179,#2269,#1524,.T.);
#3051=EDGE_CURVE('',#2178,#2270,#1525,.T.);
#3052=EDGE_CURVE('',#2177,#2271,#1526,.T.);
#3053=EDGE_CURVE('',#2176,#2272,#1527,.T.);
#3054=EDGE_CURVE('',#2175,#2273,#1528,.T.);
#3055=EDGE_CURVE('',#2174,#2274,#1529,.T.);
#3056=EDGE_CURVE('',#2181,#2296,#1530,.T.);
#3057=EDGE_CURVE('',#2168,#2295,#1531,.T.);
#3058=ORIENTED_EDGE('',*,*,#2369,.T.);
#3059=ORIENTED_EDGE('',*,*,#2370,.T.);
#3060=ORIENTED_EDGE('',*,*,#2371,.T.);
#3061=ORIENTED_EDGE('',*,*,#2372,.F.);
#3062=ORIENTED_EDGE('',*,*,#2373,.T.);
#3063=ORIENTED_EDGE('',*,*,#2374,.T.);
#3064=ORIENTED_EDGE('',*,*,#2375,.T.);
#3065=ORIENTED_EDGE('',*,*,#2370,.F.);
#3066=ORIENTED_EDGE('',*,*,#2376,.T.);
#3067=ORIENTED_EDGE('',*,*,#2377,.T.);
#3068=ORIENTED_EDGE('',*,*,#2378,.T.);
#3069=ORIENTED_EDGE('',*,*,#2374,.F.);
#3070=ORIENTED_EDGE('',*,*,#2379,.T.);
#3071=ORIENTED_EDGE('',*,*,#2377,.F.);
#3072=ORIENTED_EDGE('',*,*,#2380,.T.);
#3073=ORIENTED_EDGE('',*,*,#2372,.T.);
#3074=ORIENTED_EDGE('',*,*,#2379,.F.);
#3075=ORIENTED_EDGE('',*,*,#2381,.F.);
#3076=ORIENTED_EDGE('',*,*,#2382,.F.);
#3077=ORIENTED_EDGE('',*,*,#2383,.T.);
#3078=ORIENTED_EDGE('',*,*,#2371,.F.);
#3079=ORIENTED_EDGE('',*,*,#2384,.F.);
#3080=ORIENTED_EDGE('',*,*,#2385,.F.);
#3081=ORIENTED_EDGE('',*,*,#2381,.T.);
#3082=ORIENTED_EDGE('',*,*,#2386,.F.);
#3083=ORIENTED_EDGE('',*,*,#2387,.F.);
#3084=ORIENTED_EDGE('',*,*,#2388,.F.);
#3085=ORIENTED_EDGE('',*,*,#2389,.F.);
#3086=ORIENTED_EDGE('',*,*,#2390,.F.);
#3087=ORIENTED_EDGE('',*,*,#2391,.F.);
#3088=ORIENTED_EDGE('',*,*,#2392,.T.);
#3089=ORIENTED_EDGE('',*,*,#2393,.F.);
#3090=ORIENTED_EDGE('',*,*,#2369,.F.);
#3091=ORIENTED_EDGE('',*,*,#2380,.F.);
#3092=ORIENTED_EDGE('',*,*,#2376,.F.);
#3093=ORIENTED_EDGE('',*,*,#2373,.F.);
#3094=ORIENTED_EDGE('',*,*,#2394,.T.);
#3095=ORIENTED_EDGE('',*,*,#2395,.T.);
#3096=ORIENTED_EDGE('',*,*,#2396,.T.);
#3097=ORIENTED_EDGE('',*,*,#2393,.T.);
#3098=ORIENTED_EDGE('',*,*,#2395,.F.);
#3099=ORIENTED_EDGE('',*,*,#2397,.F.);
#3100=ORIENTED_EDGE('',*,*,#2398,.F.);
#3101=ORIENTED_EDGE('',*,*,#2399,.F.);
#3102=ORIENTED_EDGE('',*,*,#2400,.F.);
#3103=ORIENTED_EDGE('',*,*,#2401,.T.);
#3104=ORIENTED_EDGE('',*,*,#2402,.T.);
#3105=ORIENTED_EDGE('',*,*,#2403,.T.);
#3106=ORIENTED_EDGE('',*,*,#2404,.T.);
#3107=ORIENTED_EDGE('',*,*,#2391,.T.);
#3108=ORIENTED_EDGE('',*,*,#2405,.F.);
#3109=ORIENTED_EDGE('',*,*,#2403,.F.);
#3110=ORIENTED_EDGE('',*,*,#2406,.F.);
#3111=ORIENTED_EDGE('',*,*,#2407,.F.);
#3112=ORIENTED_EDGE('',*,*,#2408,.F.);
#3113=ORIENTED_EDGE('',*,*,#2409,.F.);
#3114=ORIENTED_EDGE('',*,*,#2410,.T.);
#3115=ORIENTED_EDGE('',*,*,#2411,.T.);
#3116=ORIENTED_EDGE('',*,*,#2412,.T.);
#3117=ORIENTED_EDGE('',*,*,#2413,.T.);
#3118=ORIENTED_EDGE('',*,*,#2414,.T.);
#3119=ORIENTED_EDGE('',*,*,#2415,.T.);
#3120=ORIENTED_EDGE('',*,*,#2402,.F.);
#3121=ORIENTED_EDGE('',*,*,#2390,.T.);
#3122=ORIENTED_EDGE('',*,*,#2414,.F.);
#3123=ORIENTED_EDGE('',*,*,#2416,.T.);
#3124=ORIENTED_EDGE('',*,*,#2410,.F.);
#3125=ORIENTED_EDGE('',*,*,#2417,.F.);
#3126=ORIENTED_EDGE('',*,*,#2411,.F.);
#3127=ORIENTED_EDGE('',*,*,#2418,.F.);
#3128=ORIENTED_EDGE('',*,*,#2419,.F.);
#3129=ORIENTED_EDGE('',*,*,#2420,.F.);
#3130=ORIENTED_EDGE('',*,*,#2421,.T.);
#3131=ORIENTED_EDGE('',*,*,#2422,.F.);
#3132=ORIENTED_EDGE('',*,*,#2423,.F.);
#3133=ORIENTED_EDGE('',*,*,#2416,.F.);
#3134=ORIENTED_EDGE('',*,*,#2389,.T.);
#3135=ORIENTED_EDGE('',*,*,#2424,.F.);
#3136=ORIENTED_EDGE('',*,*,#2418,.T.);
#3137=ORIENTED_EDGE('',*,*,#2425,.T.);
#3138=ORIENTED_EDGE('',*,*,#2419,.T.);
#3139=ORIENTED_EDGE('',*,*,#2426,.T.);
#3140=ORIENTED_EDGE('',*,*,#2427,.T.);
#3141=ORIENTED_EDGE('',*,*,#2426,.F.);
#3142=ORIENTED_EDGE('',*,*,#2424,.T.);
#3143=ORIENTED_EDGE('',*,*,#2428,.T.);
#3144=ORIENTED_EDGE('',*,*,#2429,.T.);
#3145=ORIENTED_EDGE('',*,*,#2430,.T.);
#3146=ORIENTED_EDGE('',*,*,#2431,.T.);
#3147=ORIENTED_EDGE('',*,*,#2432,.T.);
#3148=ORIENTED_EDGE('',*,*,#2431,.F.);
#3149=ORIENTED_EDGE('',*,*,#2433,.T.);
#3150=ORIENTED_EDGE('',*,*,#2434,.T.);
#3151=ORIENTED_EDGE('',*,*,#2427,.F.);
#3152=ORIENTED_EDGE('',*,*,#2435,.F.);
#3153=ORIENTED_EDGE('',*,*,#2430,.F.);
#3154=ORIENTED_EDGE('',*,*,#2436,.F.);
#3155=ORIENTED_EDGE('',*,*,#2437,.T.);
#3156=ORIENTED_EDGE('',*,*,#2386,.T.);
#3157=ORIENTED_EDGE('',*,*,#2396,.F.);
#3158=ORIENTED_EDGE('',*,*,#2438,.T.);
#3159=ORIENTED_EDGE('',*,*,#2439,.T.);
#3160=ORIENTED_EDGE('',*,*,#2440,.T.);
#3161=ORIENTED_EDGE('',*,*,#2441,.T.);
#3162=ORIENTED_EDGE('',*,*,#2442,.T.);
#3163=ORIENTED_EDGE('',*,*,#2439,.F.);
#3164=ORIENTED_EDGE('',*,*,#2443,.T.);
#3165=ORIENTED_EDGE('',*,*,#2437,.F.);
#3166=ORIENTED_EDGE('',*,*,#2434,.F.);
#3167=ORIENTED_EDGE('',*,*,#2387,.T.);
#3168=ORIENTED_EDGE('',*,*,#2443,.F.);
#3169=ORIENTED_EDGE('',*,*,#2444,.T.);
#3170=ORIENTED_EDGE('',*,*,#2432,.F.);
#3171=ORIENTED_EDGE('',*,*,#2444,.F.);
#3172=ORIENTED_EDGE('',*,*,#2442,.F.);
#3173=ORIENTED_EDGE('',*,*,#2445,.F.);
#3174=ORIENTED_EDGE('',*,*,#2446,.T.);
#3175=ORIENTED_EDGE('',*,*,#2447,.F.);
#3176=ORIENTED_EDGE('',*,*,#2448,.F.);
#3177=ORIENTED_EDGE('',*,*,#2449,.F.);
#3178=ORIENTED_EDGE('',*,*,#2428,.F.);
#3179=ORIENTED_EDGE('',*,*,#2388,.T.);
#3180=ORIENTED_EDGE('',*,*,#2433,.F.);
#3181=ORIENTED_EDGE('',*,*,#2435,.T.);
#3182=ORIENTED_EDGE('',*,*,#2438,.F.);
#3183=ORIENTED_EDGE('',*,*,#2401,.F.);
#3184=ORIENTED_EDGE('',*,*,#2450,.F.);
#3185=ORIENTED_EDGE('',*,*,#2440,.F.);
#3186=ORIENTED_EDGE('',*,*,#2451,.T.);
#3187=ORIENTED_EDGE('',*,*,#2452,.T.);
#3188=ORIENTED_EDGE('',*,*,#2453,.T.);
#3189=ORIENTED_EDGE('',*,*,#2454,.T.);
#3190=ORIENTED_EDGE('',*,*,#2452,.F.);
#3191=ORIENTED_EDGE('',*,*,#2455,.F.);
#3192=ORIENTED_EDGE('',*,*,#2456,.F.);
#3193=ORIENTED_EDGE('',*,*,#2457,.F.);
#3194=ORIENTED_EDGE('',*,*,#2458,.T.);
#3195=ORIENTED_EDGE('',*,*,#2459,.T.);
#3196=ORIENTED_EDGE('',*,*,#2460,.T.);
#3197=ORIENTED_EDGE('',*,*,#2461,.T.);
#3198=ORIENTED_EDGE('',*,*,#2454,.F.);
#3199=ORIENTED_EDGE('',*,*,#2462,.F.);
#3200=ORIENTED_EDGE('',*,*,#2459,.F.);
#3201=ORIENTED_EDGE('',*,*,#2463,.F.);
#3202=ORIENTED_EDGE('',*,*,#2464,.T.);
#3203=ORIENTED_EDGE('',*,*,#2465,.T.);
#3204=ORIENTED_EDGE('',*,*,#2466,.T.);
#3205=ORIENTED_EDGE('',*,*,#2467,.T.);
#3206=ORIENTED_EDGE('',*,*,#2461,.F.);
#3207=ORIENTED_EDGE('',*,*,#2468,.F.);
#3208=ORIENTED_EDGE('',*,*,#2465,.F.);
#3209=ORIENTED_EDGE('',*,*,#2469,.F.);
#3210=ORIENTED_EDGE('',*,*,#2470,.T.);
#3211=ORIENTED_EDGE('',*,*,#2471,.T.);
#3212=ORIENTED_EDGE('',*,*,#2472,.T.);
#3213=ORIENTED_EDGE('',*,*,#2456,.T.);
#3214=ORIENTED_EDGE('',*,*,#2467,.F.);
#3215=ORIENTED_EDGE('',*,*,#2473,.F.);
#3216=ORIENTED_EDGE('',*,*,#2471,.F.);
#3217=ORIENTED_EDGE('',*,*,#2474,.F.);
#3218=ORIENTED_EDGE('',*,*,#2475,.T.);
#3219=ORIENTED_EDGE('',*,*,#2476,.T.);
#3220=ORIENTED_EDGE('',*,*,#2477,.T.);
#3221=ORIENTED_EDGE('',*,*,#2478,.T.);
#3222=ORIENTED_EDGE('',*,*,#2476,.F.);
#3223=ORIENTED_EDGE('',*,*,#2479,.F.);
#3224=ORIENTED_EDGE('',*,*,#2480,.F.);
#3225=ORIENTED_EDGE('',*,*,#2481,.F.);
#3226=ORIENTED_EDGE('',*,*,#2482,.T.);
#3227=ORIENTED_EDGE('',*,*,#2483,.T.);
#3228=ORIENTED_EDGE('',*,*,#2484,.T.);
#3229=ORIENTED_EDGE('',*,*,#2480,.T.);
#3230=ORIENTED_EDGE('',*,*,#2483,.F.);
#3231=ORIENTED_EDGE('',*,*,#2485,.F.);
#3232=ORIENTED_EDGE('',*,*,#2486,.F.);
#3233=ORIENTED_EDGE('',*,*,#2487,.F.);
#3234=ORIENTED_EDGE('',*,*,#2488,.T.);
#3235=ORIENTED_EDGE('',*,*,#2489,.T.);
#3236=ORIENTED_EDGE('',*,*,#2490,.T.);
#3237=ORIENTED_EDGE('',*,*,#2486,.T.);
#3238=ORIENTED_EDGE('',*,*,#2489,.F.);
#3239=ORIENTED_EDGE('',*,*,#2491,.F.);
#3240=ORIENTED_EDGE('',*,*,#2492,.F.);
#3241=ORIENTED_EDGE('',*,*,#2493,.F.);
#3242=ORIENTED_EDGE('',*,*,#2494,.T.);
#3243=ORIENTED_EDGE('',*,*,#2495,.T.);
#3244=ORIENTED_EDGE('',*,*,#2496,.T.);
#3245=ORIENTED_EDGE('',*,*,#2492,.T.);
#3246=ORIENTED_EDGE('',*,*,#2478,.F.);
#3247=ORIENTED_EDGE('',*,*,#2497,.F.);
#3248=ORIENTED_EDGE('',*,*,#2495,.F.);
#3249=ORIENTED_EDGE('',*,*,#2498,.F.);
#3250=ORIENTED_EDGE('',*,*,#2499,.T.);
#3251=ORIENTED_EDGE('',*,*,#2500,.T.);
#3252=ORIENTED_EDGE('',*,*,#2501,.T.);
#3253=ORIENTED_EDGE('',*,*,#2502,.T.);
#3254=ORIENTED_EDGE('',*,*,#2500,.F.);
#3255=ORIENTED_EDGE('',*,*,#2503,.F.);
#3256=ORIENTED_EDGE('',*,*,#2504,.F.);
#3257=ORIENTED_EDGE('',*,*,#2505,.F.);
#3258=ORIENTED_EDGE('',*,*,#2506,.T.);
#3259=ORIENTED_EDGE('',*,*,#2507,.T.);
#3260=ORIENTED_EDGE('',*,*,#2508,.T.);
#3261=ORIENTED_EDGE('',*,*,#2509,.T.);
#3262=ORIENTED_EDGE('',*,*,#2502,.F.);
#3263=ORIENTED_EDGE('',*,*,#2510,.F.);
#3264=ORIENTED_EDGE('',*,*,#2507,.F.);
#3265=ORIENTED_EDGE('',*,*,#2511,.F.);
#3266=ORIENTED_EDGE('',*,*,#2512,.T.);
#3267=ORIENTED_EDGE('',*,*,#2513,.T.);
#3268=ORIENTED_EDGE('',*,*,#2514,.T.);
#3269=ORIENTED_EDGE('',*,*,#2515,.T.);
#3270=ORIENTED_EDGE('',*,*,#2509,.F.);
#3271=ORIENTED_EDGE('',*,*,#2516,.F.);
#3272=ORIENTED_EDGE('',*,*,#2513,.F.);
#3273=ORIENTED_EDGE('',*,*,#2517,.F.);
#3274=ORIENTED_EDGE('',*,*,#2518,.T.);
#3275=ORIENTED_EDGE('',*,*,#2519,.T.);
#3276=ORIENTED_EDGE('',*,*,#2520,.T.);
#3277=ORIENTED_EDGE('',*,*,#2504,.T.);
#3278=ORIENTED_EDGE('',*,*,#2515,.F.);
#3279=ORIENTED_EDGE('',*,*,#2521,.F.);
#3280=ORIENTED_EDGE('',*,*,#2519,.F.);
#3281=ORIENTED_EDGE('',*,*,#2522,.F.);
#3282=ORIENTED_EDGE('',*,*,#2523,.T.);
#3283=ORIENTED_EDGE('',*,*,#2524,.T.);
#3284=ORIENTED_EDGE('',*,*,#2525,.T.);
#3285=ORIENTED_EDGE('',*,*,#2526,.T.);
#3286=ORIENTED_EDGE('',*,*,#2524,.F.);
#3287=ORIENTED_EDGE('',*,*,#2527,.F.);
#3288=ORIENTED_EDGE('',*,*,#2528,.F.);
#3289=ORIENTED_EDGE('',*,*,#2529,.F.);
#3290=ORIENTED_EDGE('',*,*,#2530,.T.);
#3291=ORIENTED_EDGE('',*,*,#2531,.T.);
#3292=ORIENTED_EDGE('',*,*,#2532,.T.);
#3293=ORIENTED_EDGE('',*,*,#2528,.T.);
#3294=ORIENTED_EDGE('',*,*,#2531,.F.);
#3295=ORIENTED_EDGE('',*,*,#2533,.F.);
#3296=ORIENTED_EDGE('',*,*,#2534,.F.);
#3297=ORIENTED_EDGE('',*,*,#2535,.F.);
#3298=ORIENTED_EDGE('',*,*,#2536,.T.);
#3299=ORIENTED_EDGE('',*,*,#2537,.T.);
#3300=ORIENTED_EDGE('',*,*,#2538,.T.);
#3301=ORIENTED_EDGE('',*,*,#2534,.T.);
#3302=ORIENTED_EDGE('',*,*,#2537,.F.);
#3303=ORIENTED_EDGE('',*,*,#2539,.F.);
#3304=ORIENTED_EDGE('',*,*,#2540,.F.);
#3305=ORIENTED_EDGE('',*,*,#2541,.F.);
#3306=ORIENTED_EDGE('',*,*,#2542,.T.);
#3307=ORIENTED_EDGE('',*,*,#2543,.T.);
#3308=ORIENTED_EDGE('',*,*,#2544,.T.);
#3309=ORIENTED_EDGE('',*,*,#2540,.T.);
#3310=ORIENTED_EDGE('',*,*,#2526,.F.);
#3311=ORIENTED_EDGE('',*,*,#2545,.F.);
#3312=ORIENTED_EDGE('',*,*,#2543,.F.);
#3313=ORIENTED_EDGE('',*,*,#2546,.F.);
#3314=ORIENTED_EDGE('',*,*,#2547,.T.);
#3315=ORIENTED_EDGE('',*,*,#2548,.T.);
#3316=ORIENTED_EDGE('',*,*,#2549,.T.);
#3317=ORIENTED_EDGE('',*,*,#2550,.T.);
#3318=ORIENTED_EDGE('',*,*,#2551,.T.);
#3319=ORIENTED_EDGE('',*,*,#2552,.T.);
#3320=ORIENTED_EDGE('',*,*,#2547,.F.);
#3321=ORIENTED_EDGE('',*,*,#2553,.T.);
#3322=ORIENTED_EDGE('',*,*,#2554,.T.);
#3323=ORIENTED_EDGE('',*,*,#2555,.T.);
#3324=ORIENTED_EDGE('',*,*,#2551,.F.);
#3325=ORIENTED_EDGE('',*,*,#2556,.T.);
#3326=ORIENTED_EDGE('',*,*,#2557,.T.);
#3327=ORIENTED_EDGE('',*,*,#2558,.T.);
#3328=ORIENTED_EDGE('',*,*,#2554,.F.);
#3329=ORIENTED_EDGE('',*,*,#2559,.T.);
#3330=ORIENTED_EDGE('',*,*,#2560,.T.);
#3331=ORIENTED_EDGE('',*,*,#2561,.T.);
#3332=ORIENTED_EDGE('',*,*,#2557,.F.);
#3333=ORIENTED_EDGE('',*,*,#2562,.T.);
#3334=ORIENTED_EDGE('',*,*,#2563,.T.);
#3335=ORIENTED_EDGE('',*,*,#2564,.T.);
#3336=ORIENTED_EDGE('',*,*,#2565,.T.);
#3337=ORIENTED_EDGE('',*,*,#2566,.T.);
#3338=ORIENTED_EDGE('',*,*,#2565,.F.);
#3339=ORIENTED_EDGE('',*,*,#2567,.T.);
#3340=ORIENTED_EDGE('',*,*,#2560,.F.);
#3341=ORIENTED_EDGE('',*,*,#2568,.T.);
#3342=ORIENTED_EDGE('',*,*,#2569,.T.);
#3343=ORIENTED_EDGE('',*,*,#2570,.T.);
#3344=ORIENTED_EDGE('',*,*,#2571,.T.);
#3345=ORIENTED_EDGE('',*,*,#2570,.F.);
#3346=ORIENTED_EDGE('',*,*,#2572,.T.);
#3347=ORIENTED_EDGE('',*,*,#2563,.F.);
#3348=ORIENTED_EDGE('',*,*,#2573,.T.);
#3349=ORIENTED_EDGE('',*,*,#2574,.T.);
#3350=ORIENTED_EDGE('',*,*,#2575,.T.);
#3351=ORIENTED_EDGE('',*,*,#2576,.T.);
#3352=ORIENTED_EDGE('',*,*,#2575,.F.);
#3353=ORIENTED_EDGE('',*,*,#2577,.T.);
#3354=ORIENTED_EDGE('',*,*,#2568,.F.);
#3355=ORIENTED_EDGE('',*,*,#2578,.T.);
#3356=ORIENTED_EDGE('',*,*,#2579,.T.);
#3357=ORIENTED_EDGE('',*,*,#2580,.T.);
#3358=ORIENTED_EDGE('',*,*,#2581,.T.);
#3359=ORIENTED_EDGE('',*,*,#2582,.T.);
#3360=ORIENTED_EDGE('',*,*,#2583,.T.);
#3361=ORIENTED_EDGE('',*,*,#2578,.F.);
#3362=ORIENTED_EDGE('',*,*,#2584,.T.);
#3363=ORIENTED_EDGE('',*,*,#2585,.T.);
#3364=ORIENTED_EDGE('',*,*,#2586,.T.);
#3365=ORIENTED_EDGE('',*,*,#2582,.F.);
#3366=ORIENTED_EDGE('',*,*,#2587,.T.);
#3367=ORIENTED_EDGE('',*,*,#2588,.T.);
#3368=ORIENTED_EDGE('',*,*,#2589,.T.);
#3369=ORIENTED_EDGE('',*,*,#2585,.F.);
#3370=ORIENTED_EDGE('',*,*,#2590,.T.);
#3371=ORIENTED_EDGE('',*,*,#2591,.T.);
#3372=ORIENTED_EDGE('',*,*,#2592,.T.);
#3373=ORIENTED_EDGE('',*,*,#2588,.F.);
#3374=ORIENTED_EDGE('',*,*,#2593,.T.);
#3375=ORIENTED_EDGE('',*,*,#2580,.F.);
#3376=ORIENTED_EDGE('',*,*,#2594,.T.);
#3377=ORIENTED_EDGE('',*,*,#2573,.F.);
#3378=ORIENTED_EDGE('',*,*,#2595,.T.);
#3379=ORIENTED_EDGE('',*,*,#2596,.T.);
#3380=ORIENTED_EDGE('',*,*,#2597,.T.);
#3381=ORIENTED_EDGE('',*,*,#2598,.T.);
#3382=ORIENTED_EDGE('',*,*,#2597,.F.);
#3383=ORIENTED_EDGE('',*,*,#2599,.T.);
#3384=ORIENTED_EDGE('',*,*,#2591,.F.);
#3385=ORIENTED_EDGE('',*,*,#2600,.T.);
#3386=ORIENTED_EDGE('',*,*,#2601,.T.);
#3387=ORIENTED_EDGE('',*,*,#2602,.T.);
#3388=ORIENTED_EDGE('',*,*,#2603,.T.);
#3389=ORIENTED_EDGE('',*,*,#2602,.F.);
#3390=ORIENTED_EDGE('',*,*,#2604,.T.);
#3391=ORIENTED_EDGE('',*,*,#2595,.F.);
#3392=ORIENTED_EDGE('',*,*,#2605,.T.);
#3393=ORIENTED_EDGE('',*,*,#2606,.T.);
#3394=ORIENTED_EDGE('',*,*,#2607,.T.);
#3395=ORIENTED_EDGE('',*,*,#2608,.T.);
#3396=ORIENTED_EDGE('',*,*,#2607,.F.);
#3397=ORIENTED_EDGE('',*,*,#2609,.T.);
#3398=ORIENTED_EDGE('',*,*,#2600,.F.);
#3399=ORIENTED_EDGE('',*,*,#2549,.F.);
#3400=ORIENTED_EDGE('',*,*,#2610,.T.);
#3401=ORIENTED_EDGE('',*,*,#2605,.F.);
#3402=ORIENTED_EDGE('',*,*,#2594,.F.);
#3403=ORIENTED_EDGE('',*,*,#2611,.T.);
#3404=ORIENTED_EDGE('',*,*,#2612,.T.);
#3405=ORIENTED_EDGE('',*,*,#2613,.T.);
#3406=ORIENTED_EDGE('',*,*,#2579,.F.);
#3407=ORIENTED_EDGE('',*,*,#2614,.F.);
#3408=ORIENTED_EDGE('',*,*,#2615,.F.);
#3409=ORIENTED_EDGE('',*,*,#2611,.F.);
#3410=ORIENTED_EDGE('',*,*,#2583,.F.);
#3411=ORIENTED_EDGE('',*,*,#2616,.T.);
#3412=ORIENTED_EDGE('',*,*,#2617,.F.);
#3413=ORIENTED_EDGE('',*,*,#2614,.T.);
#3414=ORIENTED_EDGE('',*,*,#2586,.F.);
#3415=ORIENTED_EDGE('',*,*,#2618,.F.);
#3416=ORIENTED_EDGE('',*,*,#2619,.F.);
#3417=ORIENTED_EDGE('',*,*,#2616,.F.);
#3418=ORIENTED_EDGE('',*,*,#2589,.F.);
#3419=ORIENTED_EDGE('',*,*,#2620,.T.);
#3420=ORIENTED_EDGE('',*,*,#2621,.F.);
#3421=ORIENTED_EDGE('',*,*,#2618,.T.);
#3422=ORIENTED_EDGE('',*,*,#2592,.F.);
#3423=ORIENTED_EDGE('',*,*,#2622,.F.);
#3424=ORIENTED_EDGE('',*,*,#2623,.F.);
#3425=ORIENTED_EDGE('',*,*,#2620,.F.);
#3426=ORIENTED_EDGE('',*,*,#2599,.F.);
#3427=ORIENTED_EDGE('',*,*,#2624,.T.);
#3428=ORIENTED_EDGE('',*,*,#2625,.T.);
#3429=ORIENTED_EDGE('',*,*,#2622,.T.);
#3430=ORIENTED_EDGE('',*,*,#2596,.F.);
#3431=ORIENTED_EDGE('',*,*,#2626,.F.);
#3432=ORIENTED_EDGE('',*,*,#2627,.F.);
#3433=ORIENTED_EDGE('',*,*,#2624,.F.);
#3434=ORIENTED_EDGE('',*,*,#2604,.F.);
#3435=ORIENTED_EDGE('',*,*,#2628,.T.);
#3436=ORIENTED_EDGE('',*,*,#2629,.T.);
#3437=ORIENTED_EDGE('',*,*,#2626,.T.);
#3438=ORIENTED_EDGE('',*,*,#2601,.F.);
#3439=ORIENTED_EDGE('',*,*,#2630,.F.);
#3440=ORIENTED_EDGE('',*,*,#2631,.F.);
#3441=ORIENTED_EDGE('',*,*,#2628,.F.);
#3442=ORIENTED_EDGE('',*,*,#2609,.F.);
#3443=ORIENTED_EDGE('',*,*,#2632,.T.);
#3444=ORIENTED_EDGE('',*,*,#2633,.T.);
#3445=ORIENTED_EDGE('',*,*,#2630,.T.);
#3446=ORIENTED_EDGE('',*,*,#2606,.F.);
#3447=ORIENTED_EDGE('',*,*,#2634,.F.);
#3448=ORIENTED_EDGE('',*,*,#2635,.F.);
#3449=ORIENTED_EDGE('',*,*,#2632,.F.);
#3450=ORIENTED_EDGE('',*,*,#2550,.F.);
#3451=ORIENTED_EDGE('',*,*,#2608,.F.);
#3452=ORIENTED_EDGE('',*,*,#2603,.F.);
#3453=ORIENTED_EDGE('',*,*,#2598,.F.);
#3454=ORIENTED_EDGE('',*,*,#2593,.F.);
#3455=ORIENTED_EDGE('',*,*,#2590,.F.);
#3456=ORIENTED_EDGE('',*,*,#2587,.F.);
#3457=ORIENTED_EDGE('',*,*,#2584,.F.);
#3458=ORIENTED_EDGE('',*,*,#2581,.F.);
#3459=ORIENTED_EDGE('',*,*,#2576,.F.);
#3460=ORIENTED_EDGE('',*,*,#2571,.F.);
#3461=ORIENTED_EDGE('',*,*,#2566,.F.);
#3462=ORIENTED_EDGE('',*,*,#2562,.F.);
#3463=ORIENTED_EDGE('',*,*,#2559,.F.);
#3464=ORIENTED_EDGE('',*,*,#2556,.F.);
#3465=ORIENTED_EDGE('',*,*,#2553,.F.);
#3466=ORIENTED_EDGE('',*,*,#2636,.T.);
#3467=ORIENTED_EDGE('',*,*,#2637,.T.);
#3468=ORIENTED_EDGE('',*,*,#2638,.T.);
#3469=ORIENTED_EDGE('',*,*,#2409,.T.);
#3470=ORIENTED_EDGE('',*,*,#2639,.T.);
#3471=ORIENTED_EDGE('',*,*,#2640,.T.);
#3472=ORIENTED_EDGE('',*,*,#2641,.T.);
#3473=ORIENTED_EDGE('',*,*,#2642,.T.);
#3474=ORIENTED_EDGE('',*,*,#2643,.T.);
#3475=ORIENTED_EDGE('',*,*,#2644,.T.);
#3476=ORIENTED_EDGE('',*,*,#2643,.F.);
#3477=ORIENTED_EDGE('',*,*,#2645,.T.);
#3478=ORIENTED_EDGE('',*,*,#2638,.F.);
#3479=ORIENTED_EDGE('',*,*,#2646,.T.);
#3480=ORIENTED_EDGE('',*,*,#2398,.T.);
#3481=ORIENTED_EDGE('',*,*,#2647,.T.);
#3482=ORIENTED_EDGE('',*,*,#2648,.T.);
#3483=ORIENTED_EDGE('',*,*,#2647,.F.);
#3484=ORIENTED_EDGE('',*,*,#2649,.T.);
#3485=ORIENTED_EDGE('',*,*,#2641,.F.);
#3486=ORIENTED_EDGE('',*,*,#2650,.T.);
#3487=ORIENTED_EDGE('',*,*,#2651,.T.);
#3488=ORIENTED_EDGE('',*,*,#2652,.T.);
#3489=ORIENTED_EDGE('',*,*,#2653,.T.);
#3490=ORIENTED_EDGE('',*,*,#2652,.F.);
#3491=ORIENTED_EDGE('',*,*,#2654,.T.);
#3492=ORIENTED_EDGE('',*,*,#2646,.F.);
#3493=ORIENTED_EDGE('',*,*,#2639,.F.);
#3494=ORIENTED_EDGE('',*,*,#2655,.T.);
#3495=ORIENTED_EDGE('',*,*,#2650,.F.);
#3496=ORIENTED_EDGE('',*,*,#2649,.F.);
#3497=ORIENTED_EDGE('',*,*,#2397,.T.);
#3498=ORIENTED_EDGE('',*,*,#2394,.F.);
#3499=ORIENTED_EDGE('',*,*,#2656,.T.);
#3500=ORIENTED_EDGE('',*,*,#2654,.F.);
#3501=ORIENTED_EDGE('',*,*,#2657,.T.);
#3502=ORIENTED_EDGE('',*,*,#2658,.T.);
#3503=ORIENTED_EDGE('',*,*,#2399,.T.);
#3504=ORIENTED_EDGE('',*,*,#2651,.F.);
#3505=ORIENTED_EDGE('',*,*,#2659,.F.);
#3506=ORIENTED_EDGE('',*,*,#2660,.F.);
#3507=ORIENTED_EDGE('',*,*,#2657,.F.);
#3508=ORIENTED_EDGE('',*,*,#2640,.F.);
#3509=ORIENTED_EDGE('',*,*,#2653,.F.);
#3510=ORIENTED_EDGE('',*,*,#2648,.F.);
#3511=ORIENTED_EDGE('',*,*,#2644,.F.);
#3512=ORIENTED_EDGE('',*,*,#2661,.T.);
#3513=ORIENTED_EDGE('',*,*,#2662,.T.);
#3514=ORIENTED_EDGE('',*,*,#2663,.T.);
#3515=ORIENTED_EDGE('',*,*,#2664,.T.);
#3516=ORIENTED_EDGE('',*,*,#2642,.F.);
#3517=ORIENTED_EDGE('',*,*,#2656,.F.);
#3518=ORIENTED_EDGE('',*,*,#2392,.F.);
#3519=ORIENTED_EDGE('',*,*,#2665,.F.);
#3520=ORIENTED_EDGE('',*,*,#2645,.F.);
#3521=ORIENTED_EDGE('',*,*,#2665,.T.);
#3522=ORIENTED_EDGE('',*,*,#2404,.F.);
#3523=ORIENTED_EDGE('',*,*,#2405,.T.);
#3524=ORIENTED_EDGE('',*,*,#2655,.F.);
#3525=ORIENTED_EDGE('',*,*,#2408,.T.);
#3526=ORIENTED_EDGE('',*,*,#2666,.T.);
#3527=ORIENTED_EDGE('',*,*,#2659,.T.);
#3528=ORIENTED_EDGE('',*,*,#2558,.F.);
#3529=ORIENTED_EDGE('',*,*,#2667,.T.);
#3530=ORIENTED_EDGE('',*,*,#2668,.F.);
#3531=ORIENTED_EDGE('',*,*,#2669,.T.);
#3532=ORIENTED_EDGE('',*,*,#2555,.F.);
#3533=ORIENTED_EDGE('',*,*,#2669,.F.);
#3534=ORIENTED_EDGE('',*,*,#2670,.F.);
#3535=ORIENTED_EDGE('',*,*,#2671,.F.);
#3536=ORIENTED_EDGE('',*,*,#2552,.F.);
#3537=ORIENTED_EDGE('',*,*,#2671,.T.);
#3538=ORIENTED_EDGE('',*,*,#2672,.F.);
#3539=ORIENTED_EDGE('',*,*,#2673,.T.);
#3540=ORIENTED_EDGE('',*,*,#2548,.F.);
#3541=ORIENTED_EDGE('',*,*,#2673,.F.);
#3542=ORIENTED_EDGE('',*,*,#2674,.F.);
#3543=ORIENTED_EDGE('',*,*,#2675,.F.);
#3544=ORIENTED_EDGE('',*,*,#2610,.F.);
#3545=ORIENTED_EDGE('',*,*,#2675,.T.);
#3546=ORIENTED_EDGE('',*,*,#2676,.T.);
#3547=ORIENTED_EDGE('',*,*,#2634,.T.);
#3548=ORIENTED_EDGE('',*,*,#2574,.F.);
#3549=ORIENTED_EDGE('',*,*,#2613,.F.);
#3550=ORIENTED_EDGE('',*,*,#2677,.F.);
#3551=ORIENTED_EDGE('',*,*,#2678,.F.);
#3552=ORIENTED_EDGE('',*,*,#2577,.F.);
#3553=ORIENTED_EDGE('',*,*,#2678,.T.);
#3554=ORIENTED_EDGE('',*,*,#2679,.T.);
#3555=ORIENTED_EDGE('',*,*,#2680,.T.);
#3556=ORIENTED_EDGE('',*,*,#2567,.F.);
#3557=ORIENTED_EDGE('',*,*,#2681,.T.);
#3558=ORIENTED_EDGE('',*,*,#2682,.T.);
#3559=ORIENTED_EDGE('',*,*,#2683,.T.);
#3560=ORIENTED_EDGE('',*,*,#2564,.F.);
#3561=ORIENTED_EDGE('',*,*,#2684,.F.);
#3562=ORIENTED_EDGE('',*,*,#2685,.F.);
#3563=ORIENTED_EDGE('',*,*,#2681,.F.);
#3564=ORIENTED_EDGE('',*,*,#2572,.F.);
#3565=ORIENTED_EDGE('',*,*,#2686,.T.);
#3566=ORIENTED_EDGE('',*,*,#2687,.T.);
#3567=ORIENTED_EDGE('',*,*,#2684,.T.);
#3568=ORIENTED_EDGE('',*,*,#2400,.T.);
#3569=ORIENTED_EDGE('',*,*,#2658,.F.);
#3570=ORIENTED_EDGE('',*,*,#2660,.T.);
#3571=ORIENTED_EDGE('',*,*,#2666,.F.);
#3572=ORIENTED_EDGE('',*,*,#2407,.T.);
#3573=ORIENTED_EDGE('',*,*,#2688,.T.);
#3574=ORIENTED_EDGE('',*,*,#2412,.F.);
#3575=ORIENTED_EDGE('',*,*,#2417,.T.);
#3576=ORIENTED_EDGE('',*,*,#2689,.T.);
#3577=ORIENTED_EDGE('',*,*,#2690,.T.);
#3578=ORIENTED_EDGE('',*,*,#2691,.T.);
#3579=ORIENTED_EDGE('',*,*,#2692,.T.);
#3580=ORIENTED_EDGE('',*,*,#2693,.T.);
#3581=ORIENTED_EDGE('',*,*,#2694,.T.);
#3582=ORIENTED_EDGE('',*,*,#2695,.T.);
#3583=ORIENTED_EDGE('',*,*,#2696,.T.);
#3584=ORIENTED_EDGE('',*,*,#2697,.T.);
#3585=ORIENTED_EDGE('',*,*,#2698,.T.);
#3586=ORIENTED_EDGE('',*,*,#2699,.T.);
#3587=ORIENTED_EDGE('',*,*,#2700,.T.);
#3588=ORIENTED_EDGE('',*,*,#2701,.T.);
#3589=ORIENTED_EDGE('',*,*,#2702,.T.);
#3590=ORIENTED_EDGE('',*,*,#2703,.T.);
#3591=ORIENTED_EDGE('',*,*,#2704,.T.);
#3592=ORIENTED_EDGE('',*,*,#2705,.T.);
#3593=ORIENTED_EDGE('',*,*,#2445,.T.);
#3594=ORIENTED_EDGE('',*,*,#2441,.F.);
#3595=ORIENTED_EDGE('',*,*,#2450,.T.);
#3596=ORIENTED_EDGE('',*,*,#2668,.T.);
#3597=ORIENTED_EDGE('',*,*,#2706,.T.);
#3598=ORIENTED_EDGE('',*,*,#2682,.F.);
#3599=ORIENTED_EDGE('',*,*,#2685,.T.);
#3600=ORIENTED_EDGE('',*,*,#2687,.F.);
#3601=ORIENTED_EDGE('',*,*,#2707,.T.);
#3602=ORIENTED_EDGE('',*,*,#2679,.F.);
#3603=ORIENTED_EDGE('',*,*,#2677,.T.);
#3604=ORIENTED_EDGE('',*,*,#2612,.F.);
#3605=ORIENTED_EDGE('',*,*,#2615,.T.);
#3606=ORIENTED_EDGE('',*,*,#2617,.T.);
#3607=ORIENTED_EDGE('',*,*,#2619,.T.);
#3608=ORIENTED_EDGE('',*,*,#2621,.T.);
#3609=ORIENTED_EDGE('',*,*,#2623,.T.);
#3610=ORIENTED_EDGE('',*,*,#2625,.F.);
#3611=ORIENTED_EDGE('',*,*,#2627,.T.);
#3612=ORIENTED_EDGE('',*,*,#2629,.F.);
#3613=ORIENTED_EDGE('',*,*,#2631,.T.);
#3614=ORIENTED_EDGE('',*,*,#2633,.F.);
#3615=ORIENTED_EDGE('',*,*,#2635,.T.);
#3616=ORIENTED_EDGE('',*,*,#2676,.F.);
#3617=ORIENTED_EDGE('',*,*,#2674,.T.);
#3618=ORIENTED_EDGE('',*,*,#2672,.T.);
#3619=ORIENTED_EDGE('',*,*,#2670,.T.);
#3620=ORIENTED_EDGE('',*,*,#2708,.T.);
#3621=ORIENTED_EDGE('',*,*,#2709,.T.);
#3622=ORIENTED_EDGE('',*,*,#2710,.T.);
#3623=ORIENTED_EDGE('',*,*,#2711,.T.);
#3624=ORIENTED_EDGE('',*,*,#2712,.F.);
#3625=ORIENTED_EDGE('',*,*,#2713,.T.);
#3626=ORIENTED_EDGE('',*,*,#2714,.F.);
#3627=ORIENTED_EDGE('',*,*,#2715,.T.);
#3628=ORIENTED_EDGE('',*,*,#2716,.F.);
#3629=ORIENTED_EDGE('',*,*,#2717,.T.);
#3630=ORIENTED_EDGE('',*,*,#2718,.F.);
#3631=ORIENTED_EDGE('',*,*,#2719,.T.);
#3632=ORIENTED_EDGE('',*,*,#2720,.T.);
#3633=ORIENTED_EDGE('',*,*,#2721,.T.);
#3634=ORIENTED_EDGE('',*,*,#2722,.T.);
#3635=ORIENTED_EDGE('',*,*,#2723,.T.);
#3636=ORIENTED_EDGE('',*,*,#2724,.T.);
#3637=ORIENTED_EDGE('',*,*,#2725,.T.);
#3638=ORIENTED_EDGE('',*,*,#2726,.T.);
#3639=ORIENTED_EDGE('',*,*,#2727,.T.);
#3640=ORIENTED_EDGE('',*,*,#2561,.F.);
#3641=ORIENTED_EDGE('',*,*,#2683,.F.);
#3642=ORIENTED_EDGE('',*,*,#2706,.F.);
#3643=ORIENTED_EDGE('',*,*,#2667,.F.);
#3644=ORIENTED_EDGE('',*,*,#2569,.F.);
#3645=ORIENTED_EDGE('',*,*,#2680,.F.);
#3646=ORIENTED_EDGE('',*,*,#2707,.F.);
#3647=ORIENTED_EDGE('',*,*,#2686,.F.);
#3648=ORIENTED_EDGE('',*,*,#2728,.F.);
#3649=ORIENTED_EDGE('',*,*,#2729,.T.);
#3650=ORIENTED_EDGE('',*,*,#2730,.F.);
#3651=ORIENTED_EDGE('',*,*,#2729,.F.);
#3652=ORIENTED_EDGE('',*,*,#2728,.T.);
#3653=ORIENTED_EDGE('',*,*,#2731,.T.);
#3654=ORIENTED_EDGE('',*,*,#2378,.F.);
#3655=ORIENTED_EDGE('',*,*,#2383,.F.);
#3656=ORIENTED_EDGE('',*,*,#2732,.F.);
#3657=ORIENTED_EDGE('',*,*,#2733,.T.);
#3658=ORIENTED_EDGE('',*,*,#2375,.F.);
#3659=ORIENTED_EDGE('',*,*,#2733,.F.);
#3660=ORIENTED_EDGE('',*,*,#2734,.F.);
#3661=ORIENTED_EDGE('',*,*,#2384,.T.);
#3662=ORIENTED_EDGE('',*,*,#2413,.F.);
#3663=ORIENTED_EDGE('',*,*,#2688,.F.);
#3664=ORIENTED_EDGE('',*,*,#2406,.T.);
#3665=ORIENTED_EDGE('',*,*,#2415,.F.);
#3666=ORIENTED_EDGE('',*,*,#2732,.T.);
#3667=ORIENTED_EDGE('',*,*,#2382,.T.);
#3668=ORIENTED_EDGE('',*,*,#2385,.T.);
#3669=ORIENTED_EDGE('',*,*,#2734,.T.);
#3670=ORIENTED_EDGE('',*,*,#2730,.T.);
#3671=ORIENTED_EDGE('',*,*,#2735,.T.);
#3672=ORIENTED_EDGE('',*,*,#2436,.T.);
#3673=ORIENTED_EDGE('',*,*,#2429,.F.);
#3674=ORIENTED_EDGE('',*,*,#2449,.T.);
#3675=ORIENTED_EDGE('',*,*,#2736,.T.);
#3676=ORIENTED_EDGE('',*,*,#2737,.T.);
#3677=ORIENTED_EDGE('',*,*,#2738,.T.);
#3678=ORIENTED_EDGE('',*,*,#2739,.T.);
#3679=ORIENTED_EDGE('',*,*,#2740,.T.);
#3680=ORIENTED_EDGE('',*,*,#2741,.T.);
#3681=ORIENTED_EDGE('',*,*,#2742,.T.);
#3682=ORIENTED_EDGE('',*,*,#2743,.T.);
#3683=ORIENTED_EDGE('',*,*,#2744,.T.);
#3684=ORIENTED_EDGE('',*,*,#2745,.T.);
#3685=ORIENTED_EDGE('',*,*,#2746,.T.);
#3686=ORIENTED_EDGE('',*,*,#2420,.T.);
#3687=ORIENTED_EDGE('',*,*,#2425,.F.);
#3688=ORIENTED_EDGE('',*,*,#2463,.T.);
#3689=ORIENTED_EDGE('',*,*,#2458,.F.);
#3690=ORIENTED_EDGE('',*,*,#2469,.T.);
#3691=ORIENTED_EDGE('',*,*,#2464,.F.);
#3692=ORIENTED_EDGE('',*,*,#2474,.T.);
#3693=ORIENTED_EDGE('',*,*,#2470,.F.);
#3694=ORIENTED_EDGE('',*,*,#2455,.T.);
#3695=ORIENTED_EDGE('',*,*,#2451,.F.);
#3696=ORIENTED_EDGE('',*,*,#2747,.T.);
#3697=ORIENTED_EDGE('',*,*,#2748,.T.);
#3698=ORIENTED_EDGE('',*,*,#2749,.T.);
#3699=ORIENTED_EDGE('',*,*,#2750,.T.);
#3700=ORIENTED_EDGE('',*,*,#2751,.T.);
#3701=ORIENTED_EDGE('',*,*,#2752,.T.);
#3702=ORIENTED_EDGE('',*,*,#2753,.T.);
#3703=ORIENTED_EDGE('',*,*,#2754,.T.);
#3704=ORIENTED_EDGE('',*,*,#2755,.T.);
#3705=ORIENTED_EDGE('',*,*,#2756,.T.);
#3706=ORIENTED_EDGE('',*,*,#2757,.T.);
#3707=ORIENTED_EDGE('',*,*,#2758,.T.);
#3708=ORIENTED_EDGE('',*,*,#2759,.T.);
#3709=ORIENTED_EDGE('',*,*,#2760,.T.);
#3710=ORIENTED_EDGE('',*,*,#2761,.T.);
#3711=ORIENTED_EDGE('',*,*,#2762,.T.);
#3712=ORIENTED_EDGE('',*,*,#2763,.T.);
#3713=ORIENTED_EDGE('',*,*,#2764,.T.);
#3714=ORIENTED_EDGE('',*,*,#2765,.T.);
#3715=ORIENTED_EDGE('',*,*,#2766,.T.);
#3716=ORIENTED_EDGE('',*,*,#2767,.T.);
#3717=ORIENTED_EDGE('',*,*,#2768,.T.);
#3718=ORIENTED_EDGE('',*,*,#2769,.T.);
#3719=ORIENTED_EDGE('',*,*,#2770,.T.);
#3720=ORIENTED_EDGE('',*,*,#2771,.T.);
#3721=ORIENTED_EDGE('',*,*,#2772,.T.);
#3722=ORIENTED_EDGE('',*,*,#2773,.T.);
#3723=ORIENTED_EDGE('',*,*,#2774,.T.);
#3724=ORIENTED_EDGE('',*,*,#2775,.T.);
#3725=ORIENTED_EDGE('',*,*,#2776,.T.);
#3726=ORIENTED_EDGE('',*,*,#2777,.T.);
#3727=ORIENTED_EDGE('',*,*,#2778,.T.);
#3728=ORIENTED_EDGE('',*,*,#2779,.T.);
#3729=ORIENTED_EDGE('',*,*,#2546,.T.);
#3730=ORIENTED_EDGE('',*,*,#2542,.F.);
#3731=ORIENTED_EDGE('',*,*,#2539,.T.);
#3732=ORIENTED_EDGE('',*,*,#2536,.F.);
#3733=ORIENTED_EDGE('',*,*,#2533,.T.);
#3734=ORIENTED_EDGE('',*,*,#2530,.F.);
#3735=ORIENTED_EDGE('',*,*,#2527,.T.);
#3736=ORIENTED_EDGE('',*,*,#2523,.F.);
#3737=ORIENTED_EDGE('',*,*,#2780,.T.);
#3738=ORIENTED_EDGE('',*,*,#2522,.T.);
#3739=ORIENTED_EDGE('',*,*,#2518,.F.);
#3740=ORIENTED_EDGE('',*,*,#2503,.T.);
#3741=ORIENTED_EDGE('',*,*,#2499,.F.);
#3742=ORIENTED_EDGE('',*,*,#2511,.T.);
#3743=ORIENTED_EDGE('',*,*,#2506,.F.);
#3744=ORIENTED_EDGE('',*,*,#2517,.T.);
#3745=ORIENTED_EDGE('',*,*,#2512,.F.);
#3746=ORIENTED_EDGE('',*,*,#2781,.T.);
#3747=ORIENTED_EDGE('',*,*,#2782,.T.);
#3748=ORIENTED_EDGE('',*,*,#2783,.T.);
#3749=ORIENTED_EDGE('',*,*,#2784,.T.);
#3750=ORIENTED_EDGE('',*,*,#2785,.T.);
#3751=ORIENTED_EDGE('',*,*,#2786,.T.);
#3752=ORIENTED_EDGE('',*,*,#2787,.T.);
#3753=ORIENTED_EDGE('',*,*,#2788,.T.);
#3754=ORIENTED_EDGE('',*,*,#2789,.T.);
#3755=ORIENTED_EDGE('',*,*,#2790,.T.);
#3756=ORIENTED_EDGE('',*,*,#2791,.T.);
#3757=ORIENTED_EDGE('',*,*,#2792,.T.);
#3758=ORIENTED_EDGE('',*,*,#2793,.T.);
#3759=ORIENTED_EDGE('',*,*,#2794,.T.);
#3760=ORIENTED_EDGE('',*,*,#2795,.T.);
#3761=ORIENTED_EDGE('',*,*,#2796,.T.);
#3762=ORIENTED_EDGE('',*,*,#2797,.T.);
#3763=ORIENTED_EDGE('',*,*,#2798,.T.);
#3764=ORIENTED_EDGE('',*,*,#2799,.T.);
#3765=ORIENTED_EDGE('',*,*,#2800,.T.);
#3766=ORIENTED_EDGE('',*,*,#2801,.T.);
#3767=ORIENTED_EDGE('',*,*,#2802,.T.);
#3768=ORIENTED_EDGE('',*,*,#2803,.T.);
#3769=ORIENTED_EDGE('',*,*,#2804,.T.);
#3770=ORIENTED_EDGE('',*,*,#2805,.T.);
#3771=ORIENTED_EDGE('',*,*,#2806,.T.);
#3772=ORIENTED_EDGE('',*,*,#2807,.T.);
#3773=ORIENTED_EDGE('',*,*,#2808,.T.);
#3774=ORIENTED_EDGE('',*,*,#2809,.T.);
#3775=ORIENTED_EDGE('',*,*,#2810,.T.);
#3776=ORIENTED_EDGE('',*,*,#2811,.T.);
#3777=ORIENTED_EDGE('',*,*,#2812,.T.);
#3778=ORIENTED_EDGE('',*,*,#2498,.T.);
#3779=ORIENTED_EDGE('',*,*,#2494,.F.);
#3780=ORIENTED_EDGE('',*,*,#2491,.T.);
#3781=ORIENTED_EDGE('',*,*,#2488,.F.);
#3782=ORIENTED_EDGE('',*,*,#2485,.T.);
#3783=ORIENTED_EDGE('',*,*,#2482,.F.);
#3784=ORIENTED_EDGE('',*,*,#2479,.T.);
#3785=ORIENTED_EDGE('',*,*,#2475,.F.);
#3786=ORIENTED_EDGE('',*,*,#2813,.F.);
#3787=ORIENTED_EDGE('',*,*,#2814,.T.);
#3788=ORIENTED_EDGE('',*,*,#2735,.F.);
#3789=ORIENTED_EDGE('',*,*,#2814,.F.);
#3790=ORIENTED_EDGE('',*,*,#2813,.T.);
#3791=ORIENTED_EDGE('',*,*,#2815,.T.);
#3792=ORIENTED_EDGE('',*,*,#2816,.T.);
#3793=ORIENTED_EDGE('',*,*,#2817,.T.);
#3794=ORIENTED_EDGE('',*,*,#2818,.T.);
#3795=ORIENTED_EDGE('',*,*,#2447,.T.);
#3796=ORIENTED_EDGE('',*,*,#2819,.T.);
#3797=ORIENTED_EDGE('',*,*,#2820,.T.);
#3798=ORIENTED_EDGE('',*,*,#2821,.T.);
#3799=ORIENTED_EDGE('',*,*,#2822,.T.);
#3800=ORIENTED_EDGE('',*,*,#2823,.T.);
#3801=ORIENTED_EDGE('',*,*,#2824,.T.);
#3802=ORIENTED_EDGE('',*,*,#2825,.T.);
#3803=ORIENTED_EDGE('',*,*,#2826,.T.);
#3804=ORIENTED_EDGE('',*,*,#2827,.T.);
#3805=ORIENTED_EDGE('',*,*,#2828,.T.);
#3806=ORIENTED_EDGE('',*,*,#2829,.T.);
#3807=ORIENTED_EDGE('',*,*,#2830,.T.);
#3808=ORIENTED_EDGE('',*,*,#2831,.T.);
#3809=ORIENTED_EDGE('',*,*,#2832,.T.);
#3810=ORIENTED_EDGE('',*,*,#2833,.T.);
#3811=ORIENTED_EDGE('',*,*,#2834,.T.);
#3812=ORIENTED_EDGE('',*,*,#2835,.T.);
#3813=ORIENTED_EDGE('',*,*,#2422,.T.);
#3814=ORIENTED_EDGE('',*,*,#2836,.T.);
#3815=ORIENTED_EDGE('',*,*,#2837,.T.);
#3816=ORIENTED_EDGE('',*,*,#2838,.T.);
#3817=ORIENTED_EDGE('',*,*,#2839,.T.);
#3818=ORIENTED_EDGE('',*,*,#2840,.T.);
#3819=ORIENTED_EDGE('',*,*,#2841,.T.);
#3820=ORIENTED_EDGE('',*,*,#2842,.T.);
#3821=ORIENTED_EDGE('',*,*,#2843,.T.);
#3822=ORIENTED_EDGE('',*,*,#2844,.T.);
#3823=ORIENTED_EDGE('',*,*,#2845,.T.);
#3824=ORIENTED_EDGE('',*,*,#2846,.T.);
#3825=ORIENTED_EDGE('',*,*,#2847,.T.);
#3826=ORIENTED_EDGE('',*,*,#2848,.T.);
#3827=ORIENTED_EDGE('',*,*,#2849,.T.);
#3828=ORIENTED_EDGE('',*,*,#2850,.T.);
#3829=ORIENTED_EDGE('',*,*,#2851,.T.);
#3830=ORIENTED_EDGE('',*,*,#2852,.T.);
#3831=ORIENTED_EDGE('',*,*,#2853,.T.);
#3832=ORIENTED_EDGE('',*,*,#2854,.T.);
#3833=ORIENTED_EDGE('',*,*,#2855,.T.);
#3834=ORIENTED_EDGE('',*,*,#2856,.T.);
#3835=ORIENTED_EDGE('',*,*,#2857,.T.);
#3836=ORIENTED_EDGE('',*,*,#2858,.T.);
#3837=ORIENTED_EDGE('',*,*,#2859,.T.);
#3838=ORIENTED_EDGE('',*,*,#2860,.T.);
#3839=ORIENTED_EDGE('',*,*,#2861,.T.);
#3840=ORIENTED_EDGE('',*,*,#2862,.T.);
#3841=ORIENTED_EDGE('',*,*,#2863,.T.);
#3842=ORIENTED_EDGE('',*,*,#2864,.T.);
#3843=ORIENTED_EDGE('',*,*,#2462,.T.);
#3844=ORIENTED_EDGE('',*,*,#2453,.F.);
#3845=ORIENTED_EDGE('',*,*,#2457,.T.);
#3846=ORIENTED_EDGE('',*,*,#2472,.F.);
#3847=ORIENTED_EDGE('',*,*,#2473,.T.);
#3848=ORIENTED_EDGE('',*,*,#2466,.F.);
#3849=ORIENTED_EDGE('',*,*,#2468,.T.);
#3850=ORIENTED_EDGE('',*,*,#2460,.F.);
#3851=ORIENTED_EDGE('',*,*,#2865,.T.);
#3852=ORIENTED_EDGE('',*,*,#2866,.T.);
#3853=ORIENTED_EDGE('',*,*,#2867,.T.);
#3854=ORIENTED_EDGE('',*,*,#2868,.T.);
#3855=ORIENTED_EDGE('',*,*,#2869,.T.);
#3856=ORIENTED_EDGE('',*,*,#2870,.T.);
#3857=ORIENTED_EDGE('',*,*,#2871,.T.);
#3858=ORIENTED_EDGE('',*,*,#2872,.T.);
#3859=ORIENTED_EDGE('',*,*,#2873,.T.);
#3860=ORIENTED_EDGE('',*,*,#2874,.T.);
#3861=ORIENTED_EDGE('',*,*,#2875,.T.);
#3862=ORIENTED_EDGE('',*,*,#2876,.T.);
#3863=ORIENTED_EDGE('',*,*,#2877,.T.);
#3864=ORIENTED_EDGE('',*,*,#2878,.T.);
#3865=ORIENTED_EDGE('',*,*,#2879,.T.);
#3866=ORIENTED_EDGE('',*,*,#2880,.T.);
#3867=ORIENTED_EDGE('',*,*,#2881,.T.);
#3868=ORIENTED_EDGE('',*,*,#2882,.T.);
#3869=ORIENTED_EDGE('',*,*,#2883,.T.);
#3870=ORIENTED_EDGE('',*,*,#2884,.T.);
#3871=ORIENTED_EDGE('',*,*,#2885,.T.);
#3872=ORIENTED_EDGE('',*,*,#2886,.T.);
#3873=ORIENTED_EDGE('',*,*,#2887,.T.);
#3874=ORIENTED_EDGE('',*,*,#2888,.T.);
#3875=ORIENTED_EDGE('',*,*,#2889,.T.);
#3876=ORIENTED_EDGE('',*,*,#2890,.T.);
#3877=ORIENTED_EDGE('',*,*,#2891,.T.);
#3878=ORIENTED_EDGE('',*,*,#2892,.T.);
#3879=ORIENTED_EDGE('',*,*,#2893,.T.);
#3880=ORIENTED_EDGE('',*,*,#2894,.T.);
#3881=ORIENTED_EDGE('',*,*,#2895,.T.);
#3882=ORIENTED_EDGE('',*,*,#2896,.T.);
#3883=ORIENTED_EDGE('',*,*,#2897,.T.);
#3884=ORIENTED_EDGE('',*,*,#2898,.T.);
#3885=ORIENTED_EDGE('',*,*,#2899,.T.);
#3886=ORIENTED_EDGE('',*,*,#2545,.T.);
#3887=ORIENTED_EDGE('',*,*,#2525,.F.);
#3888=ORIENTED_EDGE('',*,*,#2529,.T.);
#3889=ORIENTED_EDGE('',*,*,#2532,.F.);
#3890=ORIENTED_EDGE('',*,*,#2535,.T.);
#3891=ORIENTED_EDGE('',*,*,#2538,.F.);
#3892=ORIENTED_EDGE('',*,*,#2541,.T.);
#3893=ORIENTED_EDGE('',*,*,#2544,.F.);
#3894=ORIENTED_EDGE('',*,*,#2900,.T.);
#3895=ORIENTED_EDGE('',*,*,#2901,.T.);
#3896=ORIENTED_EDGE('',*,*,#2902,.T.);
#3897=ORIENTED_EDGE('',*,*,#2521,.T.);
#3898=ORIENTED_EDGE('',*,*,#2514,.F.);
#3899=ORIENTED_EDGE('',*,*,#2516,.T.);
#3900=ORIENTED_EDGE('',*,*,#2508,.F.);
#3901=ORIENTED_EDGE('',*,*,#2510,.T.);
#3902=ORIENTED_EDGE('',*,*,#2501,.F.);
#3903=ORIENTED_EDGE('',*,*,#2505,.T.);
#3904=ORIENTED_EDGE('',*,*,#2520,.F.);
#3905=ORIENTED_EDGE('',*,*,#2903,.T.);
#3906=ORIENTED_EDGE('',*,*,#2904,.T.);
#3907=ORIENTED_EDGE('',*,*,#2905,.T.);
#3908=ORIENTED_EDGE('',*,*,#2906,.T.);
#3909=ORIENTED_EDGE('',*,*,#2907,.T.);
#3910=ORIENTED_EDGE('',*,*,#2908,.T.);
#3911=ORIENTED_EDGE('',*,*,#2909,.T.);
#3912=ORIENTED_EDGE('',*,*,#2910,.T.);
#3913=ORIENTED_EDGE('',*,*,#2911,.T.);
#3914=ORIENTED_EDGE('',*,*,#2912,.T.);
#3915=ORIENTED_EDGE('',*,*,#2913,.T.);
#3916=ORIENTED_EDGE('',*,*,#2914,.T.);
#3917=ORIENTED_EDGE('',*,*,#2915,.T.);
#3918=ORIENTED_EDGE('',*,*,#2916,.T.);
#3919=ORIENTED_EDGE('',*,*,#2917,.T.);
#3920=ORIENTED_EDGE('',*,*,#2918,.T.);
#3921=ORIENTED_EDGE('',*,*,#2919,.T.);
#3922=ORIENTED_EDGE('',*,*,#2920,.T.);
#3923=ORIENTED_EDGE('',*,*,#2921,.T.);
#3924=ORIENTED_EDGE('',*,*,#2922,.T.);
#3925=ORIENTED_EDGE('',*,*,#2923,.T.);
#3926=ORIENTED_EDGE('',*,*,#2924,.T.);
#3927=ORIENTED_EDGE('',*,*,#2925,.T.);
#3928=ORIENTED_EDGE('',*,*,#2926,.T.);
#3929=ORIENTED_EDGE('',*,*,#2927,.T.);
#3930=ORIENTED_EDGE('',*,*,#2928,.T.);
#3931=ORIENTED_EDGE('',*,*,#2929,.T.);
#3932=ORIENTED_EDGE('',*,*,#2930,.T.);
#3933=ORIENTED_EDGE('',*,*,#2931,.T.);
#3934=ORIENTED_EDGE('',*,*,#2932,.T.);
#3935=ORIENTED_EDGE('',*,*,#2933,.T.);
#3936=ORIENTED_EDGE('',*,*,#2934,.T.);
#3937=ORIENTED_EDGE('',*,*,#2935,.T.);
#3938=ORIENTED_EDGE('',*,*,#2936,.T.);
#3939=ORIENTED_EDGE('',*,*,#2497,.T.);
#3940=ORIENTED_EDGE('',*,*,#2477,.F.);
#3941=ORIENTED_EDGE('',*,*,#2481,.T.);
#3942=ORIENTED_EDGE('',*,*,#2484,.F.);
#3943=ORIENTED_EDGE('',*,*,#2487,.T.);
#3944=ORIENTED_EDGE('',*,*,#2490,.F.);
#3945=ORIENTED_EDGE('',*,*,#2493,.T.);
#3946=ORIENTED_EDGE('',*,*,#2496,.F.);
#3947=ORIENTED_EDGE('',*,*,#2937,.T.);
#3948=ORIENTED_EDGE('',*,*,#2712,.T.);
#3949=ORIENTED_EDGE('',*,*,#2938,.T.);
#3950=ORIENTED_EDGE('',*,*,#2854,.F.);
#3951=ORIENTED_EDGE('',*,*,#2939,.T.);
#3952=ORIENTED_EDGE('',*,*,#2938,.F.);
#3953=ORIENTED_EDGE('',*,*,#2711,.F.);
#3954=ORIENTED_EDGE('',*,*,#2940,.F.);
#3955=ORIENTED_EDGE('',*,*,#2847,.F.);
#3956=ORIENTED_EDGE('',*,*,#2718,.T.);
#3957=ORIENTED_EDGE('',*,*,#2941,.T.);
#3958=ORIENTED_EDGE('',*,*,#2848,.F.);
#3959=ORIENTED_EDGE('',*,*,#2940,.T.);
#3960=ORIENTED_EDGE('',*,*,#2941,.F.);
#3961=ORIENTED_EDGE('',*,*,#2717,.F.);
#3962=ORIENTED_EDGE('',*,*,#2942,.F.);
#3963=ORIENTED_EDGE('',*,*,#2849,.F.);
#3964=ORIENTED_EDGE('',*,*,#2716,.T.);
#3965=ORIENTED_EDGE('',*,*,#2943,.T.);
#3966=ORIENTED_EDGE('',*,*,#2850,.F.);
#3967=ORIENTED_EDGE('',*,*,#2942,.T.);
#3968=ORIENTED_EDGE('',*,*,#2943,.F.);
#3969=ORIENTED_EDGE('',*,*,#2715,.F.);
#3970=ORIENTED_EDGE('',*,*,#2944,.F.);
#3971=ORIENTED_EDGE('',*,*,#2851,.F.);
#3972=ORIENTED_EDGE('',*,*,#2714,.T.);
#3973=ORIENTED_EDGE('',*,*,#2945,.T.);
#3974=ORIENTED_EDGE('',*,*,#2852,.F.);
#3975=ORIENTED_EDGE('',*,*,#2944,.T.);
#3976=ORIENTED_EDGE('',*,*,#2939,.F.);
#3977=ORIENTED_EDGE('',*,*,#2853,.F.);
#3978=ORIENTED_EDGE('',*,*,#2945,.F.);
#3979=ORIENTED_EDGE('',*,*,#2713,.F.);
#3980=ORIENTED_EDGE('',*,*,#2708,.F.);
#3981=ORIENTED_EDGE('',*,*,#2946,.T.);
#3982=ORIENTED_EDGE('',*,*,#2844,.F.);
#3983=ORIENTED_EDGE('',*,*,#2946,.F.);
#3984=ORIENTED_EDGE('',*,*,#2709,.F.);
#3985=ORIENTED_EDGE('',*,*,#2947,.T.);
#3986=ORIENTED_EDGE('',*,*,#2845,.F.);
#3987=ORIENTED_EDGE('',*,*,#2947,.F.);
#3988=ORIENTED_EDGE('',*,*,#2710,.F.);
#3989=ORIENTED_EDGE('',*,*,#2948,.T.);
#3990=ORIENTED_EDGE('',*,*,#2846,.F.);
#3991=ORIENTED_EDGE('',*,*,#2948,.F.);
#3992=ORIENTED_EDGE('',*,*,#2719,.F.);
#3993=ORIENTED_EDGE('',*,*,#2949,.T.);
#3994=ORIENTED_EDGE('',*,*,#2855,.F.);
#3995=ORIENTED_EDGE('',*,*,#2949,.F.);
#3996=ORIENTED_EDGE('',*,*,#2720,.F.);
#3997=ORIENTED_EDGE('',*,*,#2950,.T.);
#3998=ORIENTED_EDGE('',*,*,#2856,.F.);
#3999=ORIENTED_EDGE('',*,*,#2950,.F.);
#4000=ORIENTED_EDGE('',*,*,#2721,.F.);
#4001=ORIENTED_EDGE('',*,*,#2951,.T.);
#4002=ORIENTED_EDGE('',*,*,#2857,.F.);
#4003=ORIENTED_EDGE('',*,*,#2951,.F.);
#4004=ORIENTED_EDGE('',*,*,#2722,.F.);
#4005=ORIENTED_EDGE('',*,*,#2952,.T.);
#4006=ORIENTED_EDGE('',*,*,#2858,.F.);
#4007=ORIENTED_EDGE('',*,*,#2952,.F.);
#4008=ORIENTED_EDGE('',*,*,#2723,.F.);
#4009=ORIENTED_EDGE('',*,*,#2953,.T.);
#4010=ORIENTED_EDGE('',*,*,#2859,.F.);
#4011=ORIENTED_EDGE('',*,*,#2953,.F.);
#4012=ORIENTED_EDGE('',*,*,#2724,.F.);
#4013=ORIENTED_EDGE('',*,*,#2954,.T.);
#4014=ORIENTED_EDGE('',*,*,#2860,.F.);
#4015=ORIENTED_EDGE('',*,*,#2954,.F.);
#4016=ORIENTED_EDGE('',*,*,#2955,.F.);
#4017=ORIENTED_EDGE('',*,*,#2692,.F.);
#4018=ORIENTED_EDGE('',*,*,#2956,.T.);
#4019=ORIENTED_EDGE('',*,*,#2832,.F.);
#4020=ORIENTED_EDGE('',*,*,#2956,.F.);
#4021=ORIENTED_EDGE('',*,*,#2691,.F.);
#4022=ORIENTED_EDGE('',*,*,#2957,.T.);
#4023=ORIENTED_EDGE('',*,*,#2833,.F.);
#4024=ORIENTED_EDGE('',*,*,#2958,.F.);
#4025=ORIENTED_EDGE('',*,*,#2703,.F.);
#4026=ORIENTED_EDGE('',*,*,#2959,.T.);
#4027=ORIENTED_EDGE('',*,*,#2821,.F.);
#4028=ORIENTED_EDGE('',*,*,#2959,.F.);
#4029=ORIENTED_EDGE('',*,*,#2702,.F.);
#4030=ORIENTED_EDGE('',*,*,#2960,.T.);
#4031=ORIENTED_EDGE('',*,*,#2822,.F.);
#4032=ORIENTED_EDGE('',*,*,#2960,.F.);
#4033=ORIENTED_EDGE('',*,*,#2701,.F.);
#4034=ORIENTED_EDGE('',*,*,#2961,.T.);
#4035=ORIENTED_EDGE('',*,*,#2823,.F.);
#4036=ORIENTED_EDGE('',*,*,#2961,.F.);
#4037=ORIENTED_EDGE('',*,*,#2700,.F.);
#4038=ORIENTED_EDGE('',*,*,#2962,.T.);
#4039=ORIENTED_EDGE('',*,*,#2824,.F.);
#4040=ORIENTED_EDGE('',*,*,#2962,.F.);
#4041=ORIENTED_EDGE('',*,*,#2699,.F.);
#4042=ORIENTED_EDGE('',*,*,#2963,.T.);
#4043=ORIENTED_EDGE('',*,*,#2825,.F.);
#4044=ORIENTED_EDGE('',*,*,#2963,.F.);
#4045=ORIENTED_EDGE('',*,*,#2698,.F.);
#4046=ORIENTED_EDGE('',*,*,#2964,.T.);
#4047=ORIENTED_EDGE('',*,*,#2826,.F.);
#4048=ORIENTED_EDGE('',*,*,#2964,.F.);
#4049=ORIENTED_EDGE('',*,*,#2697,.F.);
#4050=ORIENTED_EDGE('',*,*,#2965,.T.);
#4051=ORIENTED_EDGE('',*,*,#2827,.F.);
#4052=ORIENTED_EDGE('',*,*,#2965,.F.);
#4053=ORIENTED_EDGE('',*,*,#2696,.F.);
#4054=ORIENTED_EDGE('',*,*,#2966,.T.);
#4055=ORIENTED_EDGE('',*,*,#2828,.F.);
#4056=ORIENTED_EDGE('',*,*,#2966,.F.);
#4057=ORIENTED_EDGE('',*,*,#2695,.F.);
#4058=ORIENTED_EDGE('',*,*,#2967,.T.);
#4059=ORIENTED_EDGE('',*,*,#2829,.F.);
#4060=ORIENTED_EDGE('',*,*,#2967,.F.);
#4061=ORIENTED_EDGE('',*,*,#2694,.F.);
#4062=ORIENTED_EDGE('',*,*,#2968,.T.);
#4063=ORIENTED_EDGE('',*,*,#2830,.F.);
#4064=ORIENTED_EDGE('',*,*,#2968,.F.);
#4065=ORIENTED_EDGE('',*,*,#2693,.F.);
#4066=ORIENTED_EDGE('',*,*,#2955,.T.);
#4067=ORIENTED_EDGE('',*,*,#2831,.F.);
#4068=ORIENTED_EDGE('',*,*,#2725,.F.);
#4069=ORIENTED_EDGE('',*,*,#2969,.T.);
#4070=ORIENTED_EDGE('',*,*,#2861,.F.);
#4071=ORIENTED_EDGE('',*,*,#2969,.F.);
#4072=ORIENTED_EDGE('',*,*,#2726,.F.);
#4073=ORIENTED_EDGE('',*,*,#2970,.T.);
#4074=ORIENTED_EDGE('',*,*,#2862,.F.);
#4075=ORIENTED_EDGE('',*,*,#2970,.F.);
#4076=ORIENTED_EDGE('',*,*,#2727,.F.);
#4077=ORIENTED_EDGE('',*,*,#2971,.T.);
#4078=ORIENTED_EDGE('',*,*,#2863,.F.);
#4079=ORIENTED_EDGE('',*,*,#2971,.F.);
#4080=ORIENTED_EDGE('',*,*,#2636,.F.);
#4081=ORIENTED_EDGE('',*,*,#2972,.T.);
#4082=ORIENTED_EDGE('',*,*,#2937,.F.);
#4083=ORIENTED_EDGE('',*,*,#2972,.F.);
#4084=ORIENTED_EDGE('',*,*,#2812,.F.);
#4085=ORIENTED_EDGE('',*,*,#2973,.T.);
#4086=ORIENTED_EDGE('',*,*,#2936,.F.);
#4087=ORIENTED_EDGE('',*,*,#2973,.F.);
#4088=ORIENTED_EDGE('',*,*,#2661,.F.);
#4089=ORIENTED_EDGE('',*,*,#2974,.T.);
#4090=ORIENTED_EDGE('',*,*,#2935,.F.);
#4091=ORIENTED_EDGE('',*,*,#2974,.F.);
#4092=ORIENTED_EDGE('',*,*,#2811,.F.);
#4093=ORIENTED_EDGE('',*,*,#2975,.T.);
#4094=ORIENTED_EDGE('',*,*,#2934,.F.);
#4095=ORIENTED_EDGE('',*,*,#2975,.F.);
#4096=ORIENTED_EDGE('',*,*,#2810,.F.);
#4097=ORIENTED_EDGE('',*,*,#2976,.T.);
#4098=ORIENTED_EDGE('',*,*,#2933,.F.);
#4099=ORIENTED_EDGE('',*,*,#2976,.F.);
#4100=ORIENTED_EDGE('',*,*,#2977,.F.);
#4101=ORIENTED_EDGE('',*,*,#2802,.F.);
#4102=ORIENTED_EDGE('',*,*,#2978,.T.);
#4103=ORIENTED_EDGE('',*,*,#2925,.F.);
#4104=ORIENTED_EDGE('',*,*,#2978,.F.);
#4105=ORIENTED_EDGE('',*,*,#2809,.F.);
#4106=ORIENTED_EDGE('',*,*,#2979,.T.);
#4107=ORIENTED_EDGE('',*,*,#2926,.F.);
#4108=ORIENTED_EDGE('',*,*,#2979,.F.);
#4109=ORIENTED_EDGE('',*,*,#2808,.F.);
#4110=ORIENTED_EDGE('',*,*,#2980,.T.);
#4111=ORIENTED_EDGE('',*,*,#2927,.F.);
#4112=ORIENTED_EDGE('',*,*,#2980,.F.);
#4113=ORIENTED_EDGE('',*,*,#2807,.F.);
#4114=ORIENTED_EDGE('',*,*,#2981,.T.);
#4115=ORIENTED_EDGE('',*,*,#2928,.F.);
#4116=ORIENTED_EDGE('',*,*,#2981,.F.);
#4117=ORIENTED_EDGE('',*,*,#2806,.F.);
#4118=ORIENTED_EDGE('',*,*,#2982,.T.);
#4119=ORIENTED_EDGE('',*,*,#2929,.F.);
#4120=ORIENTED_EDGE('',*,*,#2982,.F.);
#4121=ORIENTED_EDGE('',*,*,#2805,.F.);
#4122=ORIENTED_EDGE('',*,*,#2983,.T.);
#4123=ORIENTED_EDGE('',*,*,#2930,.F.);
#4124=ORIENTED_EDGE('',*,*,#2983,.F.);
#4125=ORIENTED_EDGE('',*,*,#2804,.F.);
#4126=ORIENTED_EDGE('',*,*,#2984,.T.);
#4127=ORIENTED_EDGE('',*,*,#2931,.F.);
#4128=ORIENTED_EDGE('',*,*,#2984,.F.);
#4129=ORIENTED_EDGE('',*,*,#2803,.F.);
#4130=ORIENTED_EDGE('',*,*,#2977,.T.);
#4131=ORIENTED_EDGE('',*,*,#2932,.F.);
#4132=ORIENTED_EDGE('',*,*,#2801,.F.);
#4133=ORIENTED_EDGE('',*,*,#2985,.T.);
#4134=ORIENTED_EDGE('',*,*,#2924,.F.);
#4135=ORIENTED_EDGE('',*,*,#2985,.F.);
#4136=ORIENTED_EDGE('',*,*,#2986,.F.);
#4137=ORIENTED_EDGE('',*,*,#2793,.F.);
#4138=ORIENTED_EDGE('',*,*,#2987,.T.);
#4139=ORIENTED_EDGE('',*,*,#2916,.F.);
#4140=ORIENTED_EDGE('',*,*,#2987,.F.);
#4141=ORIENTED_EDGE('',*,*,#2800,.F.);
#4142=ORIENTED_EDGE('',*,*,#2988,.T.);
#4143=ORIENTED_EDGE('',*,*,#2917,.F.);
#4144=ORIENTED_EDGE('',*,*,#2988,.F.);
#4145=ORIENTED_EDGE('',*,*,#2799,.F.);
#4146=ORIENTED_EDGE('',*,*,#2989,.T.);
#4147=ORIENTED_EDGE('',*,*,#2918,.F.);
#4148=ORIENTED_EDGE('',*,*,#2989,.F.);
#4149=ORIENTED_EDGE('',*,*,#2798,.F.);
#4150=ORIENTED_EDGE('',*,*,#2990,.T.);
#4151=ORIENTED_EDGE('',*,*,#2919,.F.);
#4152=ORIENTED_EDGE('',*,*,#2990,.F.);
#4153=ORIENTED_EDGE('',*,*,#2797,.F.);
#4154=ORIENTED_EDGE('',*,*,#2991,.T.);
#4155=ORIENTED_EDGE('',*,*,#2920,.F.);
#4156=ORIENTED_EDGE('',*,*,#2991,.F.);
#4157=ORIENTED_EDGE('',*,*,#2796,.F.);
#4158=ORIENTED_EDGE('',*,*,#2992,.T.);
#4159=ORIENTED_EDGE('',*,*,#2921,.F.);
#4160=ORIENTED_EDGE('',*,*,#2992,.F.);
#4161=ORIENTED_EDGE('',*,*,#2795,.F.);
#4162=ORIENTED_EDGE('',*,*,#2993,.T.);
#4163=ORIENTED_EDGE('',*,*,#2922,.F.);
#4164=ORIENTED_EDGE('',*,*,#2993,.F.);
#4165=ORIENTED_EDGE('',*,*,#2794,.F.);
#4166=ORIENTED_EDGE('',*,*,#2986,.T.);
#4167=ORIENTED_EDGE('',*,*,#2923,.F.);
#4168=ORIENTED_EDGE('',*,*,#2792,.F.);
#4169=ORIENTED_EDGE('',*,*,#2994,.T.);
#4170=ORIENTED_EDGE('',*,*,#2915,.F.);
#4171=ORIENTED_EDGE('',*,*,#2994,.F.);
#4172=ORIENTED_EDGE('',*,*,#2791,.F.);
#4173=ORIENTED_EDGE('',*,*,#2995,.T.);
#4174=ORIENTED_EDGE('',*,*,#2914,.F.);
#4175=ORIENTED_EDGE('',*,*,#2995,.F.);
#4176=ORIENTED_EDGE('',*,*,#2996,.F.);
#4177=ORIENTED_EDGE('',*,*,#2783,.F.);
#4178=ORIENTED_EDGE('',*,*,#2997,.T.);
#4179=ORIENTED_EDGE('',*,*,#2906,.F.);
#4180=ORIENTED_EDGE('',*,*,#2997,.F.);
#4181=ORIENTED_EDGE('',*,*,#2790,.F.);
#4182=ORIENTED_EDGE('',*,*,#2998,.T.);
#4183=ORIENTED_EDGE('',*,*,#2907,.F.);
#4184=ORIENTED_EDGE('',*,*,#2998,.F.);
#4185=ORIENTED_EDGE('',*,*,#2789,.F.);
#4186=ORIENTED_EDGE('',*,*,#2999,.T.);
#4187=ORIENTED_EDGE('',*,*,#2908,.F.);
#4188=ORIENTED_EDGE('',*,*,#2999,.F.);
#4189=ORIENTED_EDGE('',*,*,#2788,.F.);
#4190=ORIENTED_EDGE('',*,*,#3000,.T.);
#4191=ORIENTED_EDGE('',*,*,#2909,.F.);
#4192=ORIENTED_EDGE('',*,*,#3000,.F.);
#4193=ORIENTED_EDGE('',*,*,#2787,.F.);
#4194=ORIENTED_EDGE('',*,*,#3001,.T.);
#4195=ORIENTED_EDGE('',*,*,#2910,.F.);
#4196=ORIENTED_EDGE('',*,*,#3001,.F.);
#4197=ORIENTED_EDGE('',*,*,#2786,.F.);
#4198=ORIENTED_EDGE('',*,*,#3002,.T.);
#4199=ORIENTED_EDGE('',*,*,#2911,.F.);
#4200=ORIENTED_EDGE('',*,*,#3002,.F.);
#4201=ORIENTED_EDGE('',*,*,#2785,.F.);
#4202=ORIENTED_EDGE('',*,*,#3003,.T.);
#4203=ORIENTED_EDGE('',*,*,#2912,.F.);
#4204=ORIENTED_EDGE('',*,*,#3003,.F.);
#4205=ORIENTED_EDGE('',*,*,#2784,.F.);
#4206=ORIENTED_EDGE('',*,*,#2996,.T.);
#4207=ORIENTED_EDGE('',*,*,#2913,.F.);
#4208=ORIENTED_EDGE('',*,*,#2782,.F.);
#4209=ORIENTED_EDGE('',*,*,#3004,.T.);
#4210=ORIENTED_EDGE('',*,*,#2905,.F.);
#4211=ORIENTED_EDGE('',*,*,#3004,.F.);
#4212=ORIENTED_EDGE('',*,*,#2781,.F.);
#4213=ORIENTED_EDGE('',*,*,#3005,.T.);
#4214=ORIENTED_EDGE('',*,*,#2904,.F.);
#4215=ORIENTED_EDGE('',*,*,#3005,.F.);
#4216=ORIENTED_EDGE('',*,*,#2664,.F.);
#4217=ORIENTED_EDGE('',*,*,#3006,.T.);
#4218=ORIENTED_EDGE('',*,*,#2903,.F.);
#4219=ORIENTED_EDGE('',*,*,#3006,.F.);
#4220=ORIENTED_EDGE('',*,*,#2780,.F.);
#4221=ORIENTED_EDGE('',*,*,#3007,.T.);
#4222=ORIENTED_EDGE('',*,*,#2902,.F.);
#4223=ORIENTED_EDGE('',*,*,#3007,.F.);
#4224=ORIENTED_EDGE('',*,*,#2637,.F.);
#4225=ORIENTED_EDGE('',*,*,#3008,.T.);
#4226=ORIENTED_EDGE('',*,*,#2901,.F.);
#4227=ORIENTED_EDGE('',*,*,#3008,.F.);
#4228=ORIENTED_EDGE('',*,*,#2815,.F.);
#4229=ORIENTED_EDGE('',*,*,#3009,.T.);
#4230=ORIENTED_EDGE('',*,*,#2900,.F.);
#4231=ORIENTED_EDGE('',*,*,#3009,.F.);
#4232=ORIENTED_EDGE('',*,*,#2779,.F.);
#4233=ORIENTED_EDGE('',*,*,#3010,.T.);
#4234=ORIENTED_EDGE('',*,*,#2899,.F.);
#4235=ORIENTED_EDGE('',*,*,#3010,.F.);
#4236=ORIENTED_EDGE('',*,*,#2662,.F.);
#4237=ORIENTED_EDGE('',*,*,#3011,.T.);
#4238=ORIENTED_EDGE('',*,*,#2898,.F.);
#4239=ORIENTED_EDGE('',*,*,#3011,.F.);
#4240=ORIENTED_EDGE('',*,*,#2778,.F.);
#4241=ORIENTED_EDGE('',*,*,#3012,.T.);
#4242=ORIENTED_EDGE('',*,*,#2897,.F.);
#4243=ORIENTED_EDGE('',*,*,#3012,.F.);
#4244=ORIENTED_EDGE('',*,*,#2777,.F.);
#4245=ORIENTED_EDGE('',*,*,#3013,.T.);
#4246=ORIENTED_EDGE('',*,*,#2896,.F.);
#4247=ORIENTED_EDGE('',*,*,#3013,.F.);
#4248=ORIENTED_EDGE('',*,*,#3014,.F.);
#4249=ORIENTED_EDGE('',*,*,#2769,.F.);
#4250=ORIENTED_EDGE('',*,*,#3015,.T.);
#4251=ORIENTED_EDGE('',*,*,#2888,.F.);
#4252=ORIENTED_EDGE('',*,*,#3015,.F.);
#4253=ORIENTED_EDGE('',*,*,#2776,.F.);
#4254=ORIENTED_EDGE('',*,*,#3016,.T.);
#4255=ORIENTED_EDGE('',*,*,#2889,.F.);
#4256=ORIENTED_EDGE('',*,*,#3016,.F.);
#4257=ORIENTED_EDGE('',*,*,#2775,.F.);
#4258=ORIENTED_EDGE('',*,*,#3017,.T.);
#4259=ORIENTED_EDGE('',*,*,#2890,.F.);
#4260=ORIENTED_EDGE('',*,*,#3017,.F.);
#4261=ORIENTED_EDGE('',*,*,#2774,.F.);
#4262=ORIENTED_EDGE('',*,*,#3018,.T.);
#4263=ORIENTED_EDGE('',*,*,#2891,.F.);
#4264=ORIENTED_EDGE('',*,*,#3018,.F.);
#4265=ORIENTED_EDGE('',*,*,#2773,.F.);
#4266=ORIENTED_EDGE('',*,*,#3019,.T.);
#4267=ORIENTED_EDGE('',*,*,#2892,.F.);
#4268=ORIENTED_EDGE('',*,*,#3019,.F.);
#4269=ORIENTED_EDGE('',*,*,#2772,.F.);
#4270=ORIENTED_EDGE('',*,*,#3020,.T.);
#4271=ORIENTED_EDGE('',*,*,#2893,.F.);
#4272=ORIENTED_EDGE('',*,*,#3020,.F.);
#4273=ORIENTED_EDGE('',*,*,#2771,.F.);
#4274=ORIENTED_EDGE('',*,*,#3021,.T.);
#4275=ORIENTED_EDGE('',*,*,#2894,.F.);
#4276=ORIENTED_EDGE('',*,*,#3021,.F.);
#4277=ORIENTED_EDGE('',*,*,#2770,.F.);
#4278=ORIENTED_EDGE('',*,*,#3014,.T.);
#4279=ORIENTED_EDGE('',*,*,#2895,.F.);
#4280=ORIENTED_EDGE('',*,*,#2768,.F.);
#4281=ORIENTED_EDGE('',*,*,#3022,.T.);
#4282=ORIENTED_EDGE('',*,*,#2887,.F.);
#4283=ORIENTED_EDGE('',*,*,#3022,.F.);
#4284=ORIENTED_EDGE('',*,*,#3023,.F.);
#4285=ORIENTED_EDGE('',*,*,#2760,.F.);
#4286=ORIENTED_EDGE('',*,*,#3024,.T.);
#4287=ORIENTED_EDGE('',*,*,#2879,.F.);
#4288=ORIENTED_EDGE('',*,*,#3024,.F.);
#4289=ORIENTED_EDGE('',*,*,#2767,.F.);
#4290=ORIENTED_EDGE('',*,*,#3025,.T.);
#4291=ORIENTED_EDGE('',*,*,#2880,.F.);
#4292=ORIENTED_EDGE('',*,*,#3025,.F.);
#4293=ORIENTED_EDGE('',*,*,#2766,.F.);
#4294=ORIENTED_EDGE('',*,*,#3026,.T.);
#4295=ORIENTED_EDGE('',*,*,#2881,.F.);
#4296=ORIENTED_EDGE('',*,*,#3026,.F.);
#4297=ORIENTED_EDGE('',*,*,#2765,.F.);
#4298=ORIENTED_EDGE('',*,*,#3027,.T.);
#4299=ORIENTED_EDGE('',*,*,#2882,.F.);
#4300=ORIENTED_EDGE('',*,*,#3027,.F.);
#4301=ORIENTED_EDGE('',*,*,#2764,.F.);
#4302=ORIENTED_EDGE('',*,*,#3028,.T.);
#4303=ORIENTED_EDGE('',*,*,#2883,.F.);
#4304=ORIENTED_EDGE('',*,*,#3028,.F.);
#4305=ORIENTED_EDGE('',*,*,#2763,.F.);
#4306=ORIENTED_EDGE('',*,*,#3029,.T.);
#4307=ORIENTED_EDGE('',*,*,#2884,.F.);
#4308=ORIENTED_EDGE('',*,*,#3029,.F.);
#4309=ORIENTED_EDGE('',*,*,#2762,.F.);
#4310=ORIENTED_EDGE('',*,*,#3030,.T.);
#4311=ORIENTED_EDGE('',*,*,#2885,.F.);
#4312=ORIENTED_EDGE('',*,*,#3030,.F.);
#4313=ORIENTED_EDGE('',*,*,#2761,.F.);
#4314=ORIENTED_EDGE('',*,*,#3023,.T.);
#4315=ORIENTED_EDGE('',*,*,#2886,.F.);
#4316=ORIENTED_EDGE('',*,*,#2759,.F.);
#4317=ORIENTED_EDGE('',*,*,#3031,.T.);
#4318=ORIENTED_EDGE('',*,*,#2878,.F.);
#4319=ORIENTED_EDGE('',*,*,#3031,.F.);
#4320=ORIENTED_EDGE('',*,*,#2758,.F.);
#4321=ORIENTED_EDGE('',*,*,#3032,.T.);
#4322=ORIENTED_EDGE('',*,*,#2877,.F.);
#4323=ORIENTED_EDGE('',*,*,#3032,.F.);
#4324=ORIENTED_EDGE('',*,*,#3033,.F.);
#4325=ORIENTED_EDGE('',*,*,#2750,.F.);
#4326=ORIENTED_EDGE('',*,*,#3034,.T.);
#4327=ORIENTED_EDGE('',*,*,#2869,.F.);
#4328=ORIENTED_EDGE('',*,*,#3034,.F.);
#4329=ORIENTED_EDGE('',*,*,#2757,.F.);
#4330=ORIENTED_EDGE('',*,*,#3035,.T.);
#4331=ORIENTED_EDGE('',*,*,#2870,.F.);
#4332=ORIENTED_EDGE('',*,*,#3035,.F.);
#4333=ORIENTED_EDGE('',*,*,#2756,.F.);
#4334=ORIENTED_EDGE('',*,*,#3036,.T.);
#4335=ORIENTED_EDGE('',*,*,#2871,.F.);
#4336=ORIENTED_EDGE('',*,*,#3036,.F.);
#4337=ORIENTED_EDGE('',*,*,#2755,.F.);
#4338=ORIENTED_EDGE('',*,*,#3037,.T.);
#4339=ORIENTED_EDGE('',*,*,#2872,.F.);
#4340=ORIENTED_EDGE('',*,*,#3037,.F.);
#4341=ORIENTED_EDGE('',*,*,#2754,.F.);
#4342=ORIENTED_EDGE('',*,*,#3038,.T.);
#4343=ORIENTED_EDGE('',*,*,#2873,.F.);
#4344=ORIENTED_EDGE('',*,*,#3038,.F.);
#4345=ORIENTED_EDGE('',*,*,#2753,.F.);
#4346=ORIENTED_EDGE('',*,*,#3039,.T.);
#4347=ORIENTED_EDGE('',*,*,#2874,.F.);
#4348=ORIENTED_EDGE('',*,*,#3039,.F.);
#4349=ORIENTED_EDGE('',*,*,#2752,.F.);
#4350=ORIENTED_EDGE('',*,*,#3040,.T.);
#4351=ORIENTED_EDGE('',*,*,#2875,.F.);
#4352=ORIENTED_EDGE('',*,*,#3040,.F.);
#4353=ORIENTED_EDGE('',*,*,#2751,.F.);
#4354=ORIENTED_EDGE('',*,*,#3033,.T.);
#4355=ORIENTED_EDGE('',*,*,#2876,.F.);
#4356=ORIENTED_EDGE('',*,*,#2749,.F.);
#4357=ORIENTED_EDGE('',*,*,#3041,.T.);
#4358=ORIENTED_EDGE('',*,*,#2868,.F.);
#4359=ORIENTED_EDGE('',*,*,#3041,.F.);
#4360=ORIENTED_EDGE('',*,*,#2748,.F.);
#4361=ORIENTED_EDGE('',*,*,#3042,.T.);
#4362=ORIENTED_EDGE('',*,*,#2867,.F.);
#4363=ORIENTED_EDGE('',*,*,#3042,.F.);
#4364=ORIENTED_EDGE('',*,*,#2663,.F.);
#4365=ORIENTED_EDGE('',*,*,#3043,.T.);
#4366=ORIENTED_EDGE('',*,*,#2866,.F.);
#4367=ORIENTED_EDGE('',*,*,#3043,.F.);
#4368=ORIENTED_EDGE('',*,*,#3044,.F.);
#4369=ORIENTED_EDGE('',*,*,#2738,.F.);
#4370=ORIENTED_EDGE('',*,*,#3045,.T.);
#4371=ORIENTED_EDGE('',*,*,#2816,.F.);
#4372=ORIENTED_EDGE('',*,*,#3045,.F.);
#4373=ORIENTED_EDGE('',*,*,#2737,.F.);
#4374=ORIENTED_EDGE('',*,*,#3046,.T.);
#4375=ORIENTED_EDGE('',*,*,#2817,.F.);
#4376=ORIENTED_EDGE('',*,*,#3046,.F.);
#4377=ORIENTED_EDGE('',*,*,#2736,.F.);
#4378=ORIENTED_EDGE('',*,*,#2448,.T.);
#4379=ORIENTED_EDGE('',*,*,#2818,.F.);
#4380=ORIENTED_EDGE('',*,*,#2446,.F.);
#4381=ORIENTED_EDGE('',*,*,#2705,.F.);
#4382=ORIENTED_EDGE('',*,*,#3047,.T.);
#4383=ORIENTED_EDGE('',*,*,#2819,.F.);
#4384=ORIENTED_EDGE('',*,*,#3047,.F.);
#4385=ORIENTED_EDGE('',*,*,#2704,.F.);
#4386=ORIENTED_EDGE('',*,*,#2958,.T.);
#4387=ORIENTED_EDGE('',*,*,#2820,.F.);
#4388=ORIENTED_EDGE('',*,*,#2957,.F.);
#4389=ORIENTED_EDGE('',*,*,#2690,.F.);
#4390=ORIENTED_EDGE('',*,*,#3048,.T.);
#4391=ORIENTED_EDGE('',*,*,#2834,.F.);
#4392=ORIENTED_EDGE('',*,*,#3048,.F.);
#4393=ORIENTED_EDGE('',*,*,#2689,.F.);
#4394=ORIENTED_EDGE('',*,*,#2423,.T.);
#4395=ORIENTED_EDGE('',*,*,#2835,.F.);
#4396=ORIENTED_EDGE('',*,*,#2421,.F.);
#4397=ORIENTED_EDGE('',*,*,#2746,.F.);
#4398=ORIENTED_EDGE('',*,*,#3049,.T.);
#4399=ORIENTED_EDGE('',*,*,#2836,.F.);
#4400=ORIENTED_EDGE('',*,*,#3049,.F.);
#4401=ORIENTED_EDGE('',*,*,#2745,.F.);
#4402=ORIENTED_EDGE('',*,*,#3050,.T.);
#4403=ORIENTED_EDGE('',*,*,#2837,.F.);
#4404=ORIENTED_EDGE('',*,*,#3050,.F.);
#4405=ORIENTED_EDGE('',*,*,#2744,.F.);
#4406=ORIENTED_EDGE('',*,*,#3051,.T.);
#4407=ORIENTED_EDGE('',*,*,#2838,.F.);
#4408=ORIENTED_EDGE('',*,*,#3051,.F.);
#4409=ORIENTED_EDGE('',*,*,#2743,.F.);
#4410=ORIENTED_EDGE('',*,*,#3052,.T.);
#4411=ORIENTED_EDGE('',*,*,#2839,.F.);
#4412=ORIENTED_EDGE('',*,*,#3052,.F.);
#4413=ORIENTED_EDGE('',*,*,#2742,.F.);
#4414=ORIENTED_EDGE('',*,*,#3053,.T.);
#4415=ORIENTED_EDGE('',*,*,#2840,.F.);
#4416=ORIENTED_EDGE('',*,*,#3053,.F.);
#4417=ORIENTED_EDGE('',*,*,#2741,.F.);
#4418=ORIENTED_EDGE('',*,*,#3054,.T.);
#4419=ORIENTED_EDGE('',*,*,#2841,.F.);
#4420=ORIENTED_EDGE('',*,*,#3054,.F.);
#4421=ORIENTED_EDGE('',*,*,#2740,.F.);
#4422=ORIENTED_EDGE('',*,*,#3055,.T.);
#4423=ORIENTED_EDGE('',*,*,#2842,.F.);
#4424=ORIENTED_EDGE('',*,*,#3055,.F.);
#4425=ORIENTED_EDGE('',*,*,#2739,.F.);
#4426=ORIENTED_EDGE('',*,*,#3044,.T.);
#4427=ORIENTED_EDGE('',*,*,#2843,.F.);
#4428=ORIENTED_EDGE('',*,*,#2747,.F.);
#4429=ORIENTED_EDGE('',*,*,#3056,.T.);
#4430=ORIENTED_EDGE('',*,*,#2865,.F.);
#4431=ORIENTED_EDGE('',*,*,#3056,.F.);
#4432=ORIENTED_EDGE('',*,*,#2731,.F.);
#4433=ORIENTED_EDGE('',*,*,#3057,.T.);
#4434=ORIENTED_EDGE('',*,*,#2864,.F.);
#4435=ORIENTED_EDGE('',*,*,#3057,.F.);
#4436=CYLINDRICAL_SURFACE('',#4854,0.2);
#4437=CYLINDRICAL_SURFACE('',#4857,0.2);
#4438=CYLINDRICAL_SURFACE('',#4859,0.2);
#4439=CYLINDRICAL_SURFACE('',#4861,0.2);
#4440=CYLINDRICAL_SURFACE('',#4865,0.5);
#4441=CYLINDRICAL_SURFACE('',#4869,0.5);
#4442=CYLINDRICAL_SURFACE('',#4873,0.5);
#4443=CYLINDRICAL_SURFACE('',#4876,0.5);
#4444=CYLINDRICAL_SURFACE('',#4881,0.5);
#4445=CYLINDRICAL_SURFACE('',#4883,0.5);
#4446=CYLINDRICAL_SURFACE('',#4888,0.5);
#4447=CYLINDRICAL_SURFACE('',#4895,0.5);
#4448=CYLINDRICAL_SURFACE('',#4897,0.5);
#4449=CYLINDRICAL_SURFACE('',#4902,0.5);
#4450=CYLINDRICAL_SURFACE('',#4904,0.5);
#4451=CYLINDRICAL_SURFACE('',#4906,1.);
#4452=CYLINDRICAL_SURFACE('',#4910,1.);
#4453=CYLINDRICAL_SURFACE('',#4914,1.);
#4454=CYLINDRICAL_SURFACE('',#4918,1.);
#4455=CYLINDRICAL_SURFACE('',#4922,1.);
#4456=CYLINDRICAL_SURFACE('',#4926,1.);
#4457=CYLINDRICAL_SURFACE('',#4930,1.);
#4458=CYLINDRICAL_SURFACE('',#4934,1.);
#4459=CYLINDRICAL_SURFACE('',#4938,1.);
#4460=CYLINDRICAL_SURFACE('',#4942,1.);
#4461=CYLINDRICAL_SURFACE('',#4946,1.);
#4462=CYLINDRICAL_SURFACE('',#4950,1.);
#4463=CYLINDRICAL_SURFACE('',#4954,1.);
#4464=CYLINDRICAL_SURFACE('',#4958,1.);
#4465=CYLINDRICAL_SURFACE('',#4962,1.);
#4466=CYLINDRICAL_SURFACE('',#4966,1.);
#4467=CYLINDRICAL_SURFACE('',#4970,0.5);
#4468=CYLINDRICAL_SURFACE('',#4977,0.5);
#4469=CYLINDRICAL_SURFACE('',#4983,0.5);
#4470=CYLINDRICAL_SURFACE('',#4985,0.5);
#4471=CYLINDRICAL_SURFACE('',#4990,0.5);
#4472=CYLINDRICAL_SURFACE('',#4995,0.5);
#4473=CYLINDRICAL_SURFACE('',#5000,0.5);
#4474=CYLINDRICAL_SURFACE('',#5007,0.5);
#4475=CYLINDRICAL_SURFACE('',#5013,0.5);
#4476=CYLINDRICAL_SURFACE('',#5017,0.5);
#4477=CYLINDRICAL_SURFACE('',#5022,0.5);
#4478=CYLINDRICAL_SURFACE('',#5027,0.5);
#4479=CYLINDRICAL_SURFACE('',#5034,0.5);
#4480=CYLINDRICAL_SURFACE('',#5037,0.5);
#4481=CYLINDRICAL_SURFACE('',#5040,0.5);
#4482=CYLINDRICAL_SURFACE('',#5043,0.5);
#4483=CYLINDRICAL_SURFACE('',#5046,0.5);
#4484=CYLINDRICAL_SURFACE('',#5049,0.5);
#4485=CYLINDRICAL_SURFACE('',#5055,0.5);
#4486=CYLINDRICAL_SURFACE('',#5058,0.5);
#4487=CYLINDRICAL_SURFACE('',#5063,0.5);
#4488=CYLINDRICAL_SURFACE('',#5068,0.5);
#4489=CYLINDRICAL_SURFACE('',#5075,0.5);
#4490=CYLINDRICAL_SURFACE('',#5076,0.5);
#4491=CYLINDRICAL_SURFACE('',#5085,0.5);
#4492=CYLINDRICAL_SURFACE('',#5086,0.5);
#4493=CYLINDRICAL_SURFACE('',#5088,0.5);
#4494=CYLINDRICAL_SURFACE('',#5091,0.5);
#4495=CYLINDRICAL_SURFACE('',#5094,0.5);
#4496=CYLINDRICAL_SURFACE('',#5097,0.5);
#4497=CYLINDRICAL_SURFACE('',#5099,0.5);
#4498=CYLINDRICAL_SURFACE('',#5102,0.5);
#4499=CYLINDRICAL_SURFACE('',#5133,2.75);
#4500=CYLINDRICAL_SURFACE('',#5192,2.74999999999999);
#4501=CYLINDRICAL_SURFACE('',#5279,0.5);
#4502=CYLINDRICAL_SURFACE('',#5281,0.5);
#4503=CYLINDRICAL_SURFACE('',#5283,0.5);
#4504=CYLINDRICAL_SURFACE('',#5285,0.5);
#4505=CYLINDRICAL_SURFACE('',#5287,1.5);
#4506=CYLINDRICAL_SURFACE('',#5288,1.5);
#4507=CYLINDRICAL_SURFACE('',#5289,1.5);
#4508=CYLINDRICAL_SURFACE('',#5290,1.5);
#4509=CYLINDRICAL_SURFACE('',#5291,1.5);
#4510=CYLINDRICAL_SURFACE('',#5292,1.5);
#4511=CYLINDRICAL_SURFACE('',#5293,1.5);
#4512=CYLINDRICAL_SURFACE('',#5294,1.5);
#4513=CYLINDRICAL_SURFACE('',#5295,1.5);
#4514=CYLINDRICAL_SURFACE('',#5296,3.);
#4515=CYLINDRICAL_SURFACE('',#5299,3.);
#4516=CYLINDRICAL_SURFACE('',#5301,3.5);
#4517=CYLINDRICAL_SURFACE('',#5303,3.5);
#4518=CYLINDRICAL_SURFACE('',#5305,3.5);
#4519=CYLINDRICAL_SURFACE('',#5307,3.5);
#4520=CYLINDRICAL_SURFACE('',#5309,1.5);
#4521=CYLINDRICAL_SURFACE('',#5310,1.5);
#4522=CYLINDRICAL_SURFACE('',#5311,1.5);
#4523=CYLINDRICAL_SURFACE('',#5312,1.5);
#4524=CYLINDRICAL_SURFACE('',#5313,1.5);
#4525=CYLINDRICAL_SURFACE('',#5314,1.49999999999999);
#4526=CYLINDRICAL_SURFACE('',#5315,1.5);
#4527=CYLINDRICAL_SURFACE('',#5316,1.5);
#4528=CYLINDRICAL_SURFACE('',#5317,2.00000000000001);
#4529=CYLINDRICAL_SURFACE('',#5319,2.);
#4530=CYLINDRICAL_SURFACE('',#5321,2.);
#4531=CYLINDRICAL_SURFACE('',#5323,2.);
#4532=CYLINDRICAL_SURFACE('',#5325,1.5);
#4533=CYLINDRICAL_SURFACE('',#5326,2.);
#4534=CYLINDRICAL_SURFACE('',#5328,1.99999999999999);
#4535=CYLINDRICAL_SURFACE('',#5330,2.);
#4536=CYLINDRICAL_SURFACE('',#5332,1.99999999999999);
#4537=CYLINDRICAL_SURFACE('',#5334,1.5);
#4538=CYLINDRICAL_SURFACE('',#5335,1.5);
#4539=CYLINDRICAL_SURFACE('',#5336,2.);
#4540=CYLINDRICAL_SURFACE('',#5338,2.);
#4541=CYLINDRICAL_SURFACE('',#5340,1.99999999999999);
#4542=CYLINDRICAL_SURFACE('',#5342,2.);
#4543=CYLINDRICAL_SURFACE('',#5344,1.5);
#4544=CYLINDRICAL_SURFACE('',#5345,1.5);
#4545=CYLINDRICAL_SURFACE('',#5346,1.5);
#4546=CYLINDRICAL_SURFACE('',#5347,1.5);
#4547=CYLINDRICAL_SURFACE('',#5348,1.5);
#4548=CYLINDRICAL_SURFACE('',#5349,1.5);
#4549=CYLINDRICAL_SURFACE('',#5350,1.5);
#4550=CYLINDRICAL_SURFACE('',#5351,1.5);
#4551=CYLINDRICAL_SURFACE('',#5352,1.5);
#4552=CYLINDRICAL_SURFACE('',#5353,1.5);
#4553=CYLINDRICAL_SURFACE('',#5354,2.);
#4554=CYLINDRICAL_SURFACE('',#5356,2.00000000000001);
#4555=CYLINDRICAL_SURFACE('',#5358,2.);
#4556=CYLINDRICAL_SURFACE('',#5360,2.);
#4557=CYLINDRICAL_SURFACE('',#5362,1.5);
#4558=CYLINDRICAL_SURFACE('',#5363,2.);
#4559=CYLINDRICAL_SURFACE('',#5365,2.);
#4560=CYLINDRICAL_SURFACE('',#5367,2.);
#4561=CYLINDRICAL_SURFACE('',#5369,2.);
#4562=CYLINDRICAL_SURFACE('',#5371,1.5);
#4563=CYLINDRICAL_SURFACE('',#5372,1.5);
#4564=CYLINDRICAL_SURFACE('',#5374,2.);
#4565=CYLINDRICAL_SURFACE('',#5376,2.);
#4566=CYLINDRICAL_SURFACE('',#5378,2.);
#4567=CYLINDRICAL_SURFACE('',#5380,2.);
#4568=CYLINDRICAL_SURFACE('',#5381,1.5);
#4569=CYLINDRICAL_SURFACE('',#5382,1.5);
#4570=CYLINDRICAL_SURFACE('',#5383,1.49999999999999);
#4571=CYLINDRICAL_SURFACE('',#5384,4.59139800979471);
#4572=CYLINDRICAL_SURFACE('',#5386,6.99999980186925);
#4573=CYLINDRICAL_SURFACE('',#5387,3.00000001316635);
#4574=CYLINDRICAL_SURFACE('',#5388,8.60333333333353);
#4575=CYLINDRICAL_SURFACE('',#5389,8.60333333333351);
#4576=CYLINDRICAL_SURFACE('',#5390,2.99999998593105);
#4577=CYLINDRICAL_SURFACE('',#5391,6.99999989833946);
#4578=CYLINDRICAL_SURFACE('',#5393,4.59139800979471);
#4579=CYLINDRICAL_SURFACE('',#5395,4.59139802952307);
#4580=CYLINDRICAL_SURFACE('',#5397,4.59139802952307);
#4581=CYLINDRICAL_SURFACE('',#5399,1.5);
#4582=CYLINDRICAL_SURFACE('',#5400,1.5);
#4583=ADVANCED_FACE('',(#509),#4436,.T.);
#4584=ADVANCED_FACE('',(#510),#4437,.T.);
#4585=ADVANCED_FACE('',(#511),#4438,.T.);
#4586=ADVANCED_FACE('',(#512),#4439,.T.);
#4587=ADVANCED_FACE('',(#513),#419,.T.);
#4588=ADVANCED_FACE('',(#514),#420,.T.);
#4589=ADVANCED_FACE('',(#515,#317),#421,.T.);
#4590=ADVANCED_FACE('',(#516),#4440,.T.);
#4591=ADVANCED_FACE('',(#517),#422,.T.);
#4592=ADVANCED_FACE('',(#518),#4441,.T.);
#4593=ADVANCED_FACE('',(#519),#423,.T.);
#4594=ADVANCED_FACE('',(#520),#4442,.T.);
#4595=ADVANCED_FACE('',(#521),#4443,.T.);
#4596=ADVANCED_FACE('',(#522),#19,.T.);
#4597=ADVANCED_FACE('',(#523),#424,.F.);
#4598=ADVANCED_FACE('',(#524),#4444,.T.);
#4599=ADVANCED_FACE('',(#525),#4445,.T.);
#4600=ADVANCED_FACE('',(#526),#20,.T.);
#4601=ADVANCED_FACE('',(#527),#4446,.T.);
#4602=ADVANCED_FACE('',(#528),#21,.T.);
#4603=ADVANCED_FACE('',(#529),#425,.T.);
#4604=ADVANCED_FACE('',(#530),#4447,.T.);
#4605=ADVANCED_FACE('',(#531),#4448,.T.);
#4606=ADVANCED_FACE('',(#532),#22,.T.);
#4607=ADVANCED_FACE('',(#533),#4449,.T.);
#4608=ADVANCED_FACE('',(#534),#426,.F.);
#4609=ADVANCED_FACE('',(#535),#4450,.T.);
#4610=ADVANCED_FACE('',(#536),#427,.T.);
#4611=ADVANCED_FACE('',(#537),#4451,.F.);
#4612=ADVANCED_FACE('',(#538),#428,.F.);
#4613=ADVANCED_FACE('',(#539),#4452,.F.);
#4614=ADVANCED_FACE('',(#540),#429,.F.);
#4615=ADVANCED_FACE('',(#541),#4453,.F.);
#4616=ADVANCED_FACE('',(#542),#430,.F.);
#4617=ADVANCED_FACE('',(#543),#4454,.F.);
#4618=ADVANCED_FACE('',(#544),#431,.F.);
#4619=ADVANCED_FACE('',(#545),#4455,.F.);
#4620=ADVANCED_FACE('',(#546),#432,.F.);
#4621=ADVANCED_FACE('',(#547),#4456,.F.);
#4622=ADVANCED_FACE('',(#548),#433,.F.);
#4623=ADVANCED_FACE('',(#549),#4457,.F.);
#4624=ADVANCED_FACE('',(#550),#434,.F.);
#4625=ADVANCED_FACE('',(#551),#4458,.F.);
#4626=ADVANCED_FACE('',(#552),#435,.F.);
#4627=ADVANCED_FACE('',(#553),#4459,.F.);
#4628=ADVANCED_FACE('',(#554),#436,.F.);
#4629=ADVANCED_FACE('',(#555),#4460,.F.);
#4630=ADVANCED_FACE('',(#556),#437,.F.);
#4631=ADVANCED_FACE('',(#557),#4461,.F.);
#4632=ADVANCED_FACE('',(#558),#438,.F.);
#4633=ADVANCED_FACE('',(#559),#4462,.F.);
#4634=ADVANCED_FACE('',(#560),#439,.F.);
#4635=ADVANCED_FACE('',(#561),#4463,.F.);
#4636=ADVANCED_FACE('',(#562),#440,.F.);
#4637=ADVANCED_FACE('',(#563),#4464,.F.);
#4638=ADVANCED_FACE('',(#564),#441,.F.);
#4639=ADVANCED_FACE('',(#565),#4465,.F.);
#4640=ADVANCED_FACE('',(#566),#442,.F.);
#4641=ADVANCED_FACE('',(#567),#4466,.F.);
#4642=ADVANCED_FACE('',(#568),#443,.F.);
#4643=ADVANCED_FACE('',(#569),#4467,.T.);
#4644=ADVANCED_FACE('',(#570),#15,.T.);
#4645=ADVANCED_FACE('',(#571),#4468,.T.);
#4646=ADVANCED_FACE('',(#572),#16,.T.);
#4647=ADVANCED_FACE('',(#573),#4469,.T.);
#4648=ADVANCED_FACE('',(#574),#4470,.T.);
#4649=ADVANCED_FACE('',(#575),#23,.T.);
#4650=ADVANCED_FACE('',(#576),#4471,.T.);
#4651=ADVANCED_FACE('',(#577),#24,.T.);
#4652=ADVANCED_FACE('',(#578),#4472,.T.);
#4653=ADVANCED_FACE('',(#579),#25,.T.);
#4654=ADVANCED_FACE('',(#580),#4473,.T.);
#4655=ADVANCED_FACE('',(#581),#17,.T.);
#4656=ADVANCED_FACE('',(#582),#4474,.T.);
#4657=ADVANCED_FACE('',(#583),#18,.T.);
#4658=ADVANCED_FACE('',(#584),#4475,.T.);
#4659=ADVANCED_FACE('',(#585),#26,.T.);
#4660=ADVANCED_FACE('',(#586),#4476,.T.);
#4661=ADVANCED_FACE('',(#587),#27,.T.);
#4662=ADVANCED_FACE('',(#588),#4477,.T.);
#4663=ADVANCED_FACE('',(#589),#28,.T.);
#4664=ADVANCED_FACE('',(#590),#4478,.T.);
#4665=ADVANCED_FACE('',(#591),#29,.T.);
#4666=ADVANCED_FACE('',(#592),#30,.T.);
#4667=ADVANCED_FACE('',(#593),#4479,.T.);
#4668=ADVANCED_FACE('',(#594),#444,.T.);
#4669=ADVANCED_FACE('',(#595),#4480,.F.);
#4670=ADVANCED_FACE('',(#596),#445,.T.);
#4671=ADVANCED_FACE('',(#597),#4481,.F.);
#4672=ADVANCED_FACE('',(#598),#446,.T.);
#4673=ADVANCED_FACE('',(#599),#4482,.T.);
#4674=ADVANCED_FACE('',(#600),#447,.T.);
#4675=ADVANCED_FACE('',(#601),#4483,.T.);
#4676=ADVANCED_FACE('',(#602),#448,.T.);
#4677=ADVANCED_FACE('',(#603),#4484,.T.);
#4678=ADVANCED_FACE('',(#604),#449,.T.);
#4679=ADVANCED_FACE('',(#605,#318,#319),#450,.T.);
#4680=ADVANCED_FACE('',(#606),#4485,.T.);
#4681=ADVANCED_FACE('',(#607),#4486,.T.);
#4682=ADVANCED_FACE('',(#608),#31,.T.);
#4683=ADVANCED_FACE('',(#609),#4487,.T.);
#4684=ADVANCED_FACE('',(#610),#32,.T.);
#4685=ADVANCED_FACE('',(#611),#4488,.T.);
#4686=ADVANCED_FACE('',(#612),#33,.T.);
#4687=ADVANCED_FACE('',(#613),#34,.T.);
#4688=ADVANCED_FACE('',(#614),#4489,.T.);
#4689=ADVANCED_FACE('',(#615),#4490,.T.);
#4690=ADVANCED_FACE('',(#616),#451,.T.);
#4691=ADVANCED_FACE('',(#617,#320,#321,#322,#323),#452,.T.);
#4692=ADVANCED_FACE('',(#618),#453,.T.);
#4693=ADVANCED_FACE('',(#619),#4491,.T.);
#4694=ADVANCED_FACE('',(#620),#4492,.T.);
#4695=ADVANCED_FACE('',(#621),#4493,.F.);
#4696=ADVANCED_FACE('',(#622),#454,.T.);
#4697=ADVANCED_FACE('',(#623),#4494,.F.);
#4698=ADVANCED_FACE('',(#624),#455,.T.);
#4699=ADVANCED_FACE('',(#625),#4495,.T.);
#4700=ADVANCED_FACE('',(#626),#456,.T.);
#4701=ADVANCED_FACE('',(#627),#4496,.T.);
#4702=ADVANCED_FACE('',(#628),#4497,.T.);
#4703=ADVANCED_FACE('',(#629),#457,.T.);
#4704=ADVANCED_FACE('',(#630),#4498,.T.);
#4705=ADVANCED_FACE('',(#631,#324,#325,#326,#327,#328,#329,#330,#331,#332,
#333,#334,#335,#336,#337),#458,.T.);
#4706=ADVANCED_FACE('',(#632),#459,.T.);
#4707=ADVANCED_FACE('',(#633),#460,.T.);
#4708=ADVANCED_FACE('',(#634),#4499,.T.);
#4709=ADVANCED_FACE('',(#635,#338),#461,.T.);
#4710=ADVANCED_FACE('',(#636),#462,.T.);
#4711=ADVANCED_FACE('',(#637),#463,.T.);
#4712=ADVANCED_FACE('',(#638),#464,.T.);
#4713=ADVANCED_FACE('',(#639,#339,#340),#465,.T.);
#4714=ADVANCED_FACE('',(#640,#341,#342,#343,#344,#345,#346,#347,#348,#349,
#350,#351,#352,#353,#354,#355,#356,#357,#358,#359,#360,#361,#362,#363,#364,
#365,#366,#367,#368),#466,.T.);
#4715=ADVANCED_FACE('',(#641),#4500,.T.);
#4716=ADVANCED_FACE('',(#642,#369),#467,.T.);
#4717=ADVANCED_FACE('',(#643,#370,#371,#372,#373,#374,#375,#376,#377,#378,
#379,#380,#381,#382,#383,#384,#385,#386,#387,#388,#389,#390,#391,#392,#393,
#394,#395,#396,#397,#398,#399,#400,#401,#402,#403,#404,#405,#406,#407,#408,
#409,#410,#411,#412,#413,#414,#415,#416,#417,#418),#468,.T.);
#4718=ADVANCED_FACE('',(#644),#4501,.F.);
#4719=ADVANCED_FACE('',(#645),#469,.F.);
#4720=ADVANCED_FACE('',(#646),#4502,.F.);
#4721=ADVANCED_FACE('',(#647),#470,.F.);
#4722=ADVANCED_FACE('',(#648),#4503,.F.);
#4723=ADVANCED_FACE('',(#649),#471,.F.);
#4724=ADVANCED_FACE('',(#650),#4504,.F.);
#4725=ADVANCED_FACE('',(#651),#472,.F.);
#4726=ADVANCED_FACE('',(#652),#4505,.F.);
#4727=ADVANCED_FACE('',(#653),#4506,.F.);
#4728=ADVANCED_FACE('',(#654),#4507,.F.);
#4729=ADVANCED_FACE('',(#655),#4508,.F.);
#4730=ADVANCED_FACE('',(#656),#4509,.F.);
#4731=ADVANCED_FACE('',(#657),#4510,.F.);
#4732=ADVANCED_FACE('',(#658),#4511,.F.);
#4733=ADVANCED_FACE('',(#659),#4512,.F.);
#4734=ADVANCED_FACE('',(#660),#4513,.F.);
#4735=ADVANCED_FACE('',(#661),#4514,.F.);
#4736=ADVANCED_FACE('',(#662),#473,.F.);
#4737=ADVANCED_FACE('',(#663),#474,.F.);
#4738=ADVANCED_FACE('',(#664),#4515,.F.);
#4739=ADVANCED_FACE('',(#665),#475,.F.);
#4740=ADVANCED_FACE('',(#666),#4516,.T.);
#4741=ADVANCED_FACE('',(#667),#476,.F.);
#4742=ADVANCED_FACE('',(#668),#4517,.T.);
#4743=ADVANCED_FACE('',(#669),#477,.F.);
#4744=ADVANCED_FACE('',(#670),#4518,.T.);
#4745=ADVANCED_FACE('',(#671),#478,.F.);
#4746=ADVANCED_FACE('',(#672),#4519,.T.);
#4747=ADVANCED_FACE('',(#673),#479,.F.);
#4748=ADVANCED_FACE('',(#674),#4520,.F.);
#4749=ADVANCED_FACE('',(#675),#4521,.F.);
#4750=ADVANCED_FACE('',(#676),#4522,.F.);
#4751=ADVANCED_FACE('',(#677),#4523,.F.);
#4752=ADVANCED_FACE('',(#678),#4524,.F.);
#4753=ADVANCED_FACE('',(#679),#4525,.F.);
#4754=ADVANCED_FACE('',(#680),#4526,.F.);
#4755=ADVANCED_FACE('',(#681),#4527,.F.);
#4756=ADVANCED_FACE('',(#682),#4528,.F.);
#4757=ADVANCED_FACE('',(#683),#480,.F.);
#4758=ADVANCED_FACE('',(#684),#4529,.F.);
#4759=ADVANCED_FACE('',(#685),#481,.F.);
#4760=ADVANCED_FACE('',(#686),#4530,.F.);
#4761=ADVANCED_FACE('',(#687),#482,.F.);
#4762=ADVANCED_FACE('',(#688),#4531,.F.);
#4763=ADVANCED_FACE('',(#689),#483,.F.);
#4764=ADVANCED_FACE('',(#690),#4532,.F.);
#4765=ADVANCED_FACE('',(#691),#4533,.F.);
#4766=ADVANCED_FACE('',(#692),#484,.F.);
#4767=ADVANCED_FACE('',(#693),#4534,.F.);
#4768=ADVANCED_FACE('',(#694),#485,.F.);
#4769=ADVANCED_FACE('',(#695),#4535,.F.);
#4770=ADVANCED_FACE('',(#696),#486,.F.);
#4771=ADVANCED_FACE('',(#697),#4536,.F.);
#4772=ADVANCED_FACE('',(#698),#487,.F.);
#4773=ADVANCED_FACE('',(#699),#4537,.F.);
#4774=ADVANCED_FACE('',(#700),#4538,.F.);
#4775=ADVANCED_FACE('',(#701),#4539,.F.);
#4776=ADVANCED_FACE('',(#702),#488,.F.);
#4777=ADVANCED_FACE('',(#703),#4540,.F.);
#4778=ADVANCED_FACE('',(#704),#489,.F.);
#4779=ADVANCED_FACE('',(#705),#4541,.F.);
#4780=ADVANCED_FACE('',(#706),#490,.F.);
#4781=ADVANCED_FACE('',(#707),#4542,.F.);
#4782=ADVANCED_FACE('',(#708),#491,.F.);
#4783=ADVANCED_FACE('',(#709),#4543,.F.);
#4784=ADVANCED_FACE('',(#710),#4544,.F.);
#4785=ADVANCED_FACE('',(#711),#4545,.F.);
#4786=ADVANCED_FACE('',(#712),#4546,.F.);
#4787=ADVANCED_FACE('',(#713),#4547,.F.);
#4788=ADVANCED_FACE('',(#714),#4548,.F.);
#4789=ADVANCED_FACE('',(#715),#4549,.F.);
#4790=ADVANCED_FACE('',(#716),#4550,.F.);
#4791=ADVANCED_FACE('',(#717),#4551,.F.);
#4792=ADVANCED_FACE('',(#718),#4552,.F.);
#4793=ADVANCED_FACE('',(#719),#4553,.F.);
#4794=ADVANCED_FACE('',(#720),#492,.F.);
#4795=ADVANCED_FACE('',(#721),#4554,.F.);
#4796=ADVANCED_FACE('',(#722),#493,.F.);
#4797=ADVANCED_FACE('',(#723),#4555,.F.);
#4798=ADVANCED_FACE('',(#724),#494,.F.);
#4799=ADVANCED_FACE('',(#725),#4556,.F.);
#4800=ADVANCED_FACE('',(#726),#495,.F.);
#4801=ADVANCED_FACE('',(#727),#4557,.F.);
#4802=ADVANCED_FACE('',(#728),#4558,.F.);
#4803=ADVANCED_FACE('',(#729),#496,.F.);
#4804=ADVANCED_FACE('',(#730),#4559,.F.);
#4805=ADVANCED_FACE('',(#731),#497,.F.);
#4806=ADVANCED_FACE('',(#732),#4560,.F.);
#4807=ADVANCED_FACE('',(#733),#498,.F.);
#4808=ADVANCED_FACE('',(#734),#4561,.F.);
#4809=ADVANCED_FACE('',(#735),#499,.F.);
#4810=ADVANCED_FACE('',(#736),#4562,.F.);
#4811=ADVANCED_FACE('',(#737),#4563,.F.);
#4812=ADVANCED_FACE('',(#738),#500,.F.);
#4813=ADVANCED_FACE('',(#739),#4564,.F.);
#4814=ADVANCED_FACE('',(#740),#501,.F.);
#4815=ADVANCED_FACE('',(#741),#4565,.F.);
#4816=ADVANCED_FACE('',(#742),#502,.F.);
#4817=ADVANCED_FACE('',(#743),#4566,.F.);
#4818=ADVANCED_FACE('',(#744),#503,.F.);
#4819=ADVANCED_FACE('',(#745),#4567,.F.);
#4820=ADVANCED_FACE('',(#746),#4568,.F.);
#4821=ADVANCED_FACE('',(#747),#4569,.F.);
#4822=ADVANCED_FACE('',(#748),#4570,.F.);
#4823=ADVANCED_FACE('',(#749),#4571,.T.);
#4824=ADVANCED_FACE('',(#750),#504,.F.);
#4825=ADVANCED_FACE('',(#751),#4572,.F.);
#4826=ADVANCED_FACE('',(#752),#4573,.T.);
#4827=ADVANCED_FACE('',(#753),#4574,.F.);
#4828=ADVANCED_FACE('',(#754),#4575,.F.);
#4829=ADVANCED_FACE('',(#755),#4576,.T.);
#4830=ADVANCED_FACE('',(#756),#4577,.F.);
#4831=ADVANCED_FACE('',(#757),#505,.F.);
#4832=ADVANCED_FACE('',(#758),#4578,.T.);
#4833=ADVANCED_FACE('',(#759),#506,.F.);
#4834=ADVANCED_FACE('',(#760),#4579,.T.);
#4835=ADVANCED_FACE('',(#761),#507,.F.);
#4836=ADVANCED_FACE('',(#762),#4580,.T.);
#4837=ADVANCED_FACE('',(#763),#508,.F.);
#4838=ADVANCED_FACE('',(#764),#4581,.F.);
#4839=ADVANCED_FACE('',(#765),#4582,.F.);
#4840=CLOSED_SHELL('',(#4583,#4584,#4585,#4586,#4587,#4588,#4589,#4590,
#4591,#4592,#4593,#4594,#4595,#4596,#4597,#4598,#4599,#4600,#4601,#4602,
#4603,#4604,#4605,#4606,#4607,#4608,#4609,#4610,#4611,#4612,#4613,#4614,
#4615,#4616,#4617,#4618,#4619,#4620,#4621,#4622,#4623,#4624,#4625,#4626,
#4627,#4628,#4629,#4630,#4631,#4632,#4633,#4634,#4635,#4636,#4637,#4638,
#4639,#4640,#4641,#4642,#4643,#4644,#4645,#4646,#4647,#4648,#4649,#4650,
#4651,#4652,#4653,#4654,#4655,#4656,#4657,#4658,#4659,#4660,#4661,#4662,
#4663,#4664,#4665,#4666,#4667,#4668,#4669,#4670,#4671,#4672,#4673,#4674,
#4675,#4676,#4677,#4678,#4679,#4680,#4681,#4682,#4683,#4684,#4685,#4686,
#4687,#4688,#4689,#4690,#4691,#4692,#4693,#4694,#4695,#4696,#4697,#4698,
#4699,#4700,#4701,#4702,#4703,#4704,#4705,#4706,#4707,#4708,#4709,#4710,
#4711,#4712,#4713,#4714,#4715,#4716,#4717,#4718,#4719,#4720,#4721,#4722,
#4723,#4724,#4725,#4726,#4727,#4728,#4729,#4730,#4731,#4732,#4733,#4734,
#4735,#4736,#4737,#4738,#4739,#4740,#4741,#4742,#4743,#4744,#4745,#4746,
#4747,#4748,#4749,#4750,#4751,#4752,#4753,#4754,#4755,#4756,#4757,#4758,
#4759,#4760,#4761,#4762,#4763,#4764,#4765,#4766,#4767,#4768,#4769,#4770,
#4771,#4772,#4773,#4774,#4775,#4776,#4777,#4778,#4779,#4780,#4781,#4782,
#4783,#4784,#4785,#4786,#4787,#4788,#4789,#4790,#4791,#4792,#4793,#4794,
#4795,#4796,#4797,#4798,#4799,#4800,#4801,#4802,#4803,#4804,#4805,#4806,
#4807,#4808,#4809,#4810,#4811,#4812,#4813,#4814,#4815,#4816,#4817,#4818,
#4819,#4820,#4821,#4822,#4823,#4824,#4825,#4826,#4827,#4828,#4829,#4830,
#4831,#4832,#4833,#4834,#4835,#4836,#4837,#4838,#4839));
#4841=DERIVED_UNIT_ELEMENT(#4843,1.);
#4842=DERIVED_UNIT_ELEMENT(#8286,-3.);
#4843=(
MASS_UNIT()
NAMED_UNIT(*)
SI_UNIT(.KILO.,.GRAM.)
);
#4844=DERIVED_UNIT((#4841,#4842));
#4845=MEASURE_REPRESENTATION_ITEM('density measure',
POSITIVE_RATIO_MEASURE(7850.),#4844);
#4846=PROPERTY_DEFINITION_REPRESENTATION(#4851,#4848);
#4847=PROPERTY_DEFINITION_REPRESENTATION(#4852,#4849);
#4848=REPRESENTATION('material name',(#4850),#8283);
#4849=REPRESENTATION('density',(#4845),#8283);
#4850=DESCRIPTIVE_REPRESENTATION_ITEM('\X2\94A2\X0\','\X2\94A2\X0\');
#4851=PROPERTY_DEFINITION('material property','material name',#8293);
#4852=PROPERTY_DEFINITION('material property','density of part',#8293);
#4853=AXIS2_PLACEMENT_3D('',#6896,#5401,#5402);
#4854=AXIS2_PLACEMENT_3D('',#6897,#5403,#5404);
#4855=AXIS2_PLACEMENT_3D('',#6902,#5406,#5407);
#4856=AXIS2_PLACEMENT_3D('',#6905,#5409,#5410);
#4857=AXIS2_PLACEMENT_3D('',#6906,#5411,#5412);
#4858=AXIS2_PLACEMENT_3D('',#6910,#5414,#5415);
#4859=AXIS2_PLACEMENT_3D('',#6912,#5417,#5418);
#4860=AXIS2_PLACEMENT_3D('',#6916,#5420,#5421);
#4861=AXIS2_PLACEMENT_3D('',#6918,#5423,#5424);
#4862=AXIS2_PLACEMENT_3D('',#6921,#5427,#5428);
#4863=AXIS2_PLACEMENT_3D('',#6927,#5432,#5433);
#4864=AXIS2_PLACEMENT_3D('',#6931,#5436,#5437);
#4865=AXIS2_PLACEMENT_3D('',#6948,#5446,#5447);
#4866=AXIS2_PLACEMENT_3D('',#6950,#5448,#5449);
#4867=AXIS2_PLACEMENT_3D('',#6953,#5451,#5452);
#4868=AXIS2_PLACEMENT_3D('',#6954,#5453,#5454);
#4869=AXIS2_PLACEMENT_3D('',#6964,#5460,#5461);
#4870=AXIS2_PLACEMENT_3D('',#6966,#5462,#5463);
#4871=AXIS2_PLACEMENT_3D('',#6969,#5465,#5466);
#4872=AXIS2_PLACEMENT_3D('',#6970,#5467,#5468);
#4873=AXIS2_PLACEMENT_3D('',#6980,#5474,#5475);
#4874=AXIS2_PLACEMENT_3D('',#6983,#5476,#5477);
#4875=AXIS2_PLACEMENT_3D('',#6987,#5479,#5480);
#4876=AXIS2_PLACEMENT_3D('',#6989,#5482,#5483);
#4877=AXIS2_PLACEMENT_3D('',#6990,#5484,#5485);
#4878=AXIS2_PLACEMENT_3D('',#6992,#5487,#5488);
#4879=AXIS2_PLACEMENT_3D('',#6993,#5489,#5490);
#4880=AXIS2_PLACEMENT_3D('',#6994,#5491,#5492);
#4881=AXIS2_PLACEMENT_3D('',#7008,#5500,#5501);
#4882=AXIS2_PLACEMENT_3D('',#7009,#5502,#5503);
#4883=AXIS2_PLACEMENT_3D('',#7010,#5504,#5505);
#4884=AXIS2_PLACEMENT_3D('',#7012,#5506,#5507);
#4885=AXIS2_PLACEMENT_3D('',#7014,#5508,#5509);
#4886=AXIS2_PLACEMENT_3D('',#7016,#5511,#5512);
#4887=AXIS2_PLACEMENT_3D('',#7017,#5513,#5514);
#4888=AXIS2_PLACEMENT_3D('',#7018,#5515,#5516);
#4889=AXIS2_PLACEMENT_3D('',#7021,#5517,#5518);
#4890=AXIS2_PLACEMENT_3D('',#7025,#5520,#5521);
#4891=AXIS2_PLACEMENT_3D('',#7027,#5523,#5524);
#4892=AXIS2_PLACEMENT_3D('',#7028,#5525,#5526);
#4893=AXIS2_PLACEMENT_3D('',#7029,#5527,#5528);
#4894=AXIS2_PLACEMENT_3D('',#7030,#5529,#5530);
#4895=AXIS2_PLACEMENT_3D('',#7033,#5533,#5534);
#4896=AXIS2_PLACEMENT_3D('',#7035,#5535,#5536);
#4897=AXIS2_PLACEMENT_3D('',#7037,#5538,#5539);
#4898=AXIS2_PLACEMENT_3D('',#7039,#5540,#5541);
#4899=AXIS2_PLACEMENT_3D('',#7043,#5543,#5544);
#4900=AXIS2_PLACEMENT_3D('',#7045,#5546,#5547);
#4901=AXIS2_PLACEMENT_3D('',#7046,#5548,#5549);
#4902=AXIS2_PLACEMENT_3D('',#7047,#5550,#5551);
#4903=AXIS2_PLACEMENT_3D('',#7049,#5553,#5554);
#4904=AXIS2_PLACEMENT_3D('',#7059,#5560,#5561);
#4905=AXIS2_PLACEMENT_3D('',#7060,#5562,#5563);
#4906=AXIS2_PLACEMENT_3D('',#7062,#5565,#5566);
#4907=AXIS2_PLACEMENT_3D('',#7065,#5567,#5568);
#4908=AXIS2_PLACEMENT_3D('',#7069,#5570,#5571);
#4909=AXIS2_PLACEMENT_3D('',#7071,#5573,#5574);
#4910=AXIS2_PLACEMENT_3D('',#7077,#5578,#5579);
#4911=AXIS2_PLACEMENT_3D('',#7080,#5580,#5581);
#4912=AXIS2_PLACEMENT_3D('',#7084,#5583,#5584);
#4913=AXIS2_PLACEMENT_3D('',#7086,#5586,#5587);
#4914=AXIS2_PLACEMENT_3D('',#7089,#5590,#5591);
#4915=AXIS2_PLACEMENT_3D('',#7092,#5592,#5593);
#4916=AXIS2_PLACEMENT_3D('',#7096,#5595,#5596);
#4917=AXIS2_PLACEMENT_3D('',#7098,#5598,#5599);
#4918=AXIS2_PLACEMENT_3D('',#7101,#5602,#5603);
#4919=AXIS2_PLACEMENT_3D('',#7103,#5604,#5605);
#4920=AXIS2_PLACEMENT_3D('',#7106,#5607,#5608);
#4921=AXIS2_PLACEMENT_3D('',#7107,#5609,#5610);
#4922=AXIS2_PLACEMENT_3D('',#7110,#5613,#5614);
#4923=AXIS2_PLACEMENT_3D('',#7113,#5615,#5616);
#4924=AXIS2_PLACEMENT_3D('',#7117,#5618,#5619);
#4925=AXIS2_PLACEMENT_3D('',#7119,#5621,#5622);
#4926=AXIS2_PLACEMENT_3D('',#7125,#5626,#5627);
#4927=AXIS2_PLACEMENT_3D('',#7127,#5628,#5629);
#4928=AXIS2_PLACEMENT_3D('',#7130,#5631,#5632);
#4929=AXIS2_PLACEMENT_3D('',#7131,#5633,#5634);
#4930=AXIS2_PLACEMENT_3D('',#7137,#5638,#5639);
#4931=AXIS2_PLACEMENT_3D('',#7139,#5640,#5641);
#4932=AXIS2_PLACEMENT_3D('',#7142,#5643,#5644);
#4933=AXIS2_PLACEMENT_3D('',#7143,#5645,#5646);
#4934=AXIS2_PLACEMENT_3D('',#7149,#5650,#5651);
#4935=AXIS2_PLACEMENT_3D('',#7151,#5652,#5653);
#4936=AXIS2_PLACEMENT_3D('',#7154,#5655,#5656);
#4937=AXIS2_PLACEMENT_3D('',#7155,#5657,#5658);
#4938=AXIS2_PLACEMENT_3D('',#7158,#5661,#5662);
#4939=AXIS2_PLACEMENT_3D('',#7161,#5663,#5664);
#4940=AXIS2_PLACEMENT_3D('',#7165,#5666,#5667);
#4941=AXIS2_PLACEMENT_3D('',#7167,#5669,#5670);
#4942=AXIS2_PLACEMENT_3D('',#7173,#5674,#5675);
#4943=AXIS2_PLACEMENT_3D('',#7176,#5676,#5677);
#4944=AXIS2_PLACEMENT_3D('',#7180,#5679,#5680);
#4945=AXIS2_PLACEMENT_3D('',#7182,#5682,#5683);
#4946=AXIS2_PLACEMENT_3D('',#7185,#5686,#5687);
#4947=AXIS2_PLACEMENT_3D('',#7188,#5688,#5689);
#4948=AXIS2_PLACEMENT_3D('',#7192,#5691,#5692);
#4949=AXIS2_PLACEMENT_3D('',#7194,#5694,#5695);
#4950=AXIS2_PLACEMENT_3D('',#7197,#5698,#5699);
#4951=AXIS2_PLACEMENT_3D('',#7199,#5700,#5701);
#4952=AXIS2_PLACEMENT_3D('',#7202,#5703,#5704);
#4953=AXIS2_PLACEMENT_3D('',#7203,#5705,#5706);
#4954=AXIS2_PLACEMENT_3D('',#7206,#5709,#5710);
#4955=AXIS2_PLACEMENT_3D('',#7209,#5711,#5712);
#4956=AXIS2_PLACEMENT_3D('',#7213,#5714,#5715);
#4957=AXIS2_PLACEMENT_3D('',#7215,#5717,#5718);
#4958=AXIS2_PLACEMENT_3D('',#7221,#5722,#5723);
#4959=AXIS2_PLACEMENT_3D('',#7223,#5724,#5725);
#4960=AXIS2_PLACEMENT_3D('',#7226,#5727,#5728);
#4961=AXIS2_PLACEMENT_3D('',#7227,#5729,#5730);
#4962=AXIS2_PLACEMENT_3D('',#7233,#5734,#5735);
#4963=AXIS2_PLACEMENT_3D('',#7235,#5736,#5737);
#4964=AXIS2_PLACEMENT_3D('',#7238,#5739,#5740);
#4965=AXIS2_PLACEMENT_3D('',#7239,#5741,#5742);
#4966=AXIS2_PLACEMENT_3D('',#7245,#5746,#5747);
#4967=AXIS2_PLACEMENT_3D('',#7247,#5748,#5749);
#4968=AXIS2_PLACEMENT_3D('',#7250,#5751,#5752);
#4969=AXIS2_PLACEMENT_3D('',#7251,#5753,#5754);
#4970=AXIS2_PLACEMENT_3D('',#7254,#5757,#5758);
#4971=AXIS2_PLACEMENT_3D('',#7257,#5759,#5760);
#4972=AXIS2_PLACEMENT_3D('',#7261,#5762,#5763);
#4973=AXIS2_PLACEMENT_3D('',#7263,#5765,#5766);
#4974=AXIS2_PLACEMENT_3D('',#7266,#5767,#5768);
#4975=AXIS2_PLACEMENT_3D('',#7267,#5769,#5770);
#4976=AXIS2_PLACEMENT_3D('',#7268,#5771,#5772);
#4977=AXIS2_PLACEMENT_3D('',#7269,#5773,#5774);
#4978=AXIS2_PLACEMENT_3D('',#7272,#5775,#5776);
#4979=AXIS2_PLACEMENT_3D('',#7275,#5779,#5780);
#4980=AXIS2_PLACEMENT_3D('',#7278,#5781,#5782);
#4981=AXIS2_PLACEMENT_3D('',#7279,#5783,#5784);
#4982=AXIS2_PLACEMENT_3D('',#7280,#5785,#5786);
#4983=AXIS2_PLACEMENT_3D('',#7281,#5787,#5788);
#4984=AXIS2_PLACEMENT_3D('',#7284,#5789,#5790);
#4985=AXIS2_PLACEMENT_3D('',#7287,#5793,#5794);
#4986=AXIS2_PLACEMENT_3D('',#7290,#5795,#5796);
#4987=AXIS2_PLACEMENT_3D('',#7293,#5798,#5799);
#4988=AXIS2_PLACEMENT_3D('',#7295,#5801,#5802);
#4989=AXIS2_PLACEMENT_3D('',#7296,#5803,#5804);
#4990=AXIS2_PLACEMENT_3D('',#7297,#5805,#5806);
#4991=AXIS2_PLACEMENT_3D('',#7300,#5807,#5808);
#4992=AXIS2_PLACEMENT_3D('',#7303,#5810,#5811);
#4993=AXIS2_PLACEMENT_3D('',#7305,#5813,#5814);
#4994=AXIS2_PLACEMENT_3D('',#7306,#5815,#5816);
#4995=AXIS2_PLACEMENT_3D('',#7307,#5817,#5818);
#4996=AXIS2_PLACEMENT_3D('',#7310,#5819,#5820);
#4997=AXIS2_PLACEMENT_3D('',#7313,#5822,#5823);
#4998=AXIS2_PLACEMENT_3D('',#7315,#5825,#5826);
#4999=AXIS2_PLACEMENT_3D('',#7316,#5827,#5828);
#5000=AXIS2_PLACEMENT_3D('',#7317,#5829,#5830);
#5001=AXIS2_PLACEMENT_3D('',#7320,#5831,#5832);
#5002=AXIS2_PLACEMENT_3D('',#7323,#5834,#5835);
#5003=AXIS2_PLACEMENT_3D('',#7325,#5837,#5838);
#5004=AXIS2_PLACEMENT_3D('',#7328,#5839,#5840);
#5005=AXIS2_PLACEMENT_3D('',#7329,#5841,#5842);
#5006=AXIS2_PLACEMENT_3D('',#7330,#5843,#5844);
#5007=AXIS2_PLACEMENT_3D('',#7331,#5845,#5846);
#5008=AXIS2_PLACEMENT_3D('',#7334,#5847,#5848);
#5009=AXIS2_PLACEMENT_3D('',#7337,#5851,#5852);
#5010=AXIS2_PLACEMENT_3D('',#7340,#5853,#5854);
#5011=AXIS2_PLACEMENT_3D('',#7341,#5855,#5856);
#5012=AXIS2_PLACEMENT_3D('',#7342,#5857,#5858);
#5013=AXIS2_PLACEMENT_3D('',#7343,#5859,#5860);
#5014=AXIS2_PLACEMENT_3D('',#7346,#5861,#5862);
#5015=AXIS2_PLACEMENT_3D('',#7349,#5865,#5866);
#5016=AXIS2_PLACEMENT_3D('',#7350,#5867,#5868);
#5017=AXIS2_PLACEMENT_3D('',#7351,#5869,#5870);
#5018=AXIS2_PLACEMENT_3D('',#7354,#5871,#5872);
#5019=AXIS2_PLACEMENT_3D('',#7357,#5874,#5875);
#5020=AXIS2_PLACEMENT_3D('',#7359,#5877,#5878);
#5021=AXIS2_PLACEMENT_3D('',#7360,#5879,#5880);
#5022=AXIS2_PLACEMENT_3D('',#7361,#5881,#5882);
#5023=AXIS2_PLACEMENT_3D('',#7364,#5883,#5884);
#5024=AXIS2_PLACEMENT_3D('',#7367,#5886,#5887);
#5025=AXIS2_PLACEMENT_3D('',#7369,#5889,#5890);
#5026=AXIS2_PLACEMENT_3D('',#7370,#5891,#5892);
#5027=AXIS2_PLACEMENT_3D('',#7371,#5893,#5894);
#5028=AXIS2_PLACEMENT_3D('',#7373,#5895,#5896);
#5029=AXIS2_PLACEMENT_3D('',#7376,#5898,#5899);
#5030=AXIS2_PLACEMENT_3D('',#7378,#5901,#5902);
#5031=AXIS2_PLACEMENT_3D('',#7379,#5903,#5904);
#5032=AXIS2_PLACEMENT_3D('',#7380,#5905,#5906);
#5033=AXIS2_PLACEMENT_3D('',#7381,#5907,#5908);
#5034=AXIS2_PLACEMENT_3D('',#7382,#5909,#5910);
#5035=AXIS2_PLACEMENT_3D('',#7386,#5912,#5913);
#5036=AXIS2_PLACEMENT_3D('',#7388,#5915,#5916);
#5037=AXIS2_PLACEMENT_3D('',#7392,#5919,#5920);
#5038=AXIS2_PLACEMENT_3D('',#7395,#5922,#5923);
#5039=AXIS2_PLACEMENT_3D('',#7396,#5924,#5925);
#5040=AXIS2_PLACEMENT_3D('',#7400,#5928,#5929);
#5041=AXIS2_PLACEMENT_3D('',#7403,#5931,#5932);
#5042=AXIS2_PLACEMENT_3D('',#7404,#5933,#5934);
#5043=AXIS2_PLACEMENT_3D('',#7408,#5937,#5938);
#5044=AXIS2_PLACEMENT_3D('',#7411,#5940,#5941);
#5045=AXIS2_PLACEMENT_3D('',#7412,#5942,#5943);
#5046=AXIS2_PLACEMENT_3D('',#7416,#5946,#5947);
#5047=AXIS2_PLACEMENT_3D('',#7419,#5949,#5950);
#5048=AXIS2_PLACEMENT_3D('',#7420,#5951,#5952);
#5049=AXIS2_PLACEMENT_3D('',#7424,#5955,#5956);
#5050=AXIS2_PLACEMENT_3D('',#7427,#5958,#5959);
#5051=AXIS2_PLACEMENT_3D('',#7428,#5960,#5961);
#5052=AXIS2_PLACEMENT_3D('',#7432,#5964,#5965);
#5053=AXIS2_PLACEMENT_3D('',#7434,#5966,#5967);
#5054=AXIS2_PLACEMENT_3D('',#7436,#5968,#5969);
#5055=AXIS2_PLACEMENT_3D('',#7437,#5970,#5971);
#5056=AXIS2_PLACEMENT_3D('',#7439,#5972,#5973);
#5057=AXIS2_PLACEMENT_3D('',#7441,#5974,#5975);
#5058=AXIS2_PLACEMENT_3D('',#7443,#5977,#5978);
#5059=AXIS2_PLACEMENT_3D('',#7446,#5979,#5980);
#5060=AXIS2_PLACEMENT_3D('',#7449,#5982,#5983);
#5061=AXIS2_PLACEMENT_3D('',#7451,#5985,#5986);
#5062=AXIS2_PLACEMENT_3D('',#7452,#5987,#5988);
#5063=AXIS2_PLACEMENT_3D('',#7453,#5989,#5990);
#5064=AXIS2_PLACEMENT_3D('',#7455,#5991,#5992);
#5065=AXIS2_PLACEMENT_3D('',#7456,#5993,#5994);
#5066=AXIS2_PLACEMENT_3D('',#7458,#5996,#5997);
#5067=AXIS2_PLACEMENT_3D('',#7459,#5998,#5999);
#5068=AXIS2_PLACEMENT_3D('',#7460,#6000,#6001);
#5069=AXIS2_PLACEMENT_3D('',#7462,#6002,#6003);
#5070=AXIS2_PLACEMENT_3D('',#7465,#6005,#6006);
#5071=AXIS2_PLACEMENT_3D('',#7467,#6008,#6009);
#5072=AXIS2_PLACEMENT_3D('',#7468,#6010,#6011);
#5073=AXIS2_PLACEMENT_3D('',#7469,#6012,#6013);
#5074=AXIS2_PLACEMENT_3D('',#7470,#6014,#6015);
#5075=AXIS2_PLACEMENT_3D('',#7471,#6016,#6017);
#5076=AXIS2_PLACEMENT_3D('',#7473,#6019,#6020);
#5077=AXIS2_PLACEMENT_3D('',#7476,#6022,#6023);
#5078=AXIS2_PLACEMENT_3D('',#7477,#6024,#6025);
#5079=AXIS2_PLACEMENT_3D('',#7481,#6028,#6029);
#5080=AXIS2_PLACEMENT_3D('',#7483,#6030,#6031);
#5081=AXIS2_PLACEMENT_3D('',#7485,#6032,#6033);
#5082=AXIS2_PLACEMENT_3D('',#7487,#6034,#6035);
#5083=AXIS2_PLACEMENT_3D('',#7489,#6036,#6037);
#5084=AXIS2_PLACEMENT_3D('',#7490,#6038,#6039);
#5085=AXIS2_PLACEMENT_3D('',#7492,#6041,#6042);
#5086=AXIS2_PLACEMENT_3D('',#7493,#6043,#6044);
#5087=AXIS2_PLACEMENT_3D('',#7494,#6045,#6046);
#5088=AXIS2_PLACEMENT_3D('',#7495,#6047,#6048);
#5089=AXIS2_PLACEMENT_3D('',#7499,#6050,#6051);
#5090=AXIS2_PLACEMENT_3D('',#7501,#6053,#6054);
#5091=AXIS2_PLACEMENT_3D('',#7505,#6057,#6058);
#5092=AXIS2_PLACEMENT_3D('',#7507,#6059,#6060);
#5093=AXIS2_PLACEMENT_3D('',#7509,#6062,#6063);
#5094=AXIS2_PLACEMENT_3D('',#7513,#6066,#6067);
#5095=AXIS2_PLACEMENT_3D('',#7514,#6068,#6069);
#5096=AXIS2_PLACEMENT_3D('',#7515,#6070,#6071);
#5097=AXIS2_PLACEMENT_3D('',#7519,#6074,#6075);
#5098=AXIS2_PLACEMENT_3D('',#7521,#6076,#6077);
#5099=AXIS2_PLACEMENT_3D('',#7523,#6079,#6080);
#5100=AXIS2_PLACEMENT_3D('',#7527,#6082,#6083);
#5101=AXIS2_PLACEMENT_3D('',#7529,#6085,#6086);
#5102=AXIS2_PLACEMENT_3D('',#7533,#6089,#6090);
#5103=AXIS2_PLACEMENT_3D('',#7536,#6092,#6093);
#5104=AXIS2_PLACEMENT_3D('',#7537,#6094,#6095);
#5105=AXIS2_PLACEMENT_3D('',#7540,#6097,#6098);
#5106=AXIS2_PLACEMENT_3D('',#7542,#6099,#6100);
#5107=AXIS2_PLACEMENT_3D('',#7546,#6102,#6103);
#5108=AXIS2_PLACEMENT_3D('',#7550,#6105,#6106);
#5109=AXIS2_PLACEMENT_3D('',#7554,#6108,#6109);
#5110=AXIS2_PLACEMENT_3D('',#7558,#6111,#6112);
#5111=AXIS2_PLACEMENT_3D('',#7562,#6114,#6115);
#5112=AXIS2_PLACEMENT_3D('',#7566,#6117,#6118);
#5113=AXIS2_PLACEMENT_3D('',#7570,#6120,#6121);
#5114=AXIS2_PLACEMENT_3D('',#7571,#6122,#6123);
#5115=AXIS2_PLACEMENT_3D('',#7575,#6126,#6127);
#5116=AXIS2_PLACEMENT_3D('',#7577,#6128,#6129);
#5117=AXIS2_PLACEMENT_3D('',#7579,#6130,#6131);
#5118=AXIS2_PLACEMENT_3D('',#7584,#6133,#6134);
#5119=AXIS2_PLACEMENT_3D('',#7588,#6136,#6137);
#5120=AXIS2_PLACEMENT_3D('',#7592,#6139,#6140);
#5121=AXIS2_PLACEMENT_3D('',#7595,#6142,#6143);
#5122=AXIS2_PLACEMENT_3D('',#7597,#6144,#6145);
#5123=AXIS2_PLACEMENT_3D('',#7599,#6146,#6147);
#5124=AXIS2_PLACEMENT_3D('',#7601,#6148,#6149);
#5125=AXIS2_PLACEMENT_3D('',#7603,#6150,#6151);
#5126=AXIS2_PLACEMENT_3D('',#7605,#6152,#6153);
#5127=AXIS2_PLACEMENT_3D('',#7607,#6154,#6155);
#5128=AXIS2_PLACEMENT_3D('',#7609,#6156,#6157);
#5129=AXIS2_PLACEMENT_3D('',#7611,#6158,#6159);
#5130=AXIS2_PLACEMENT_3D('',#7613,#6160,#6161);
#5131=AXIS2_PLACEMENT_3D('',#7614,#6162,#6163);
#5132=AXIS2_PLACEMENT_3D('',#7615,#6164,#6165);
#5133=AXIS2_PLACEMENT_3D('',#7616,#6166,#6167);
#5134=AXIS2_PLACEMENT_3D('',#7618,#6168,#6169);
#5135=AXIS2_PLACEMENT_3D('',#7621,#6171,#6172);
#5136=AXIS2_PLACEMENT_3D('',#7622,#6173,#6174);
#5137=AXIS2_PLACEMENT_3D('',#7624,#6175,#6176);
#5138=AXIS2_PLACEMENT_3D('',#7625,#6177,#6178);
#5139=AXIS2_PLACEMENT_3D('',#7629,#6181,#6182);
#5140=AXIS2_PLACEMENT_3D('',#7631,#6184,#6185);
#5141=AXIS2_PLACEMENT_3D('',#7632,#6186,#6187);
#5142=AXIS2_PLACEMENT_3D('',#7634,#6188,#6189);
#5143=AXIS2_PLACEMENT_3D('',#7635,#6190,#6191);
#5144=AXIS2_PLACEMENT_3D('',#7637,#6192,#6193);
#5145=AXIS2_PLACEMENT_3D('',#7641,#6195,#6196);
#5146=AXIS2_PLACEMENT_3D('',#7645,#6198,#6199);
#5147=AXIS2_PLACEMENT_3D('',#7649,#6201,#6202);
#5148=AXIS2_PLACEMENT_3D('',#7653,#6204,#6205);
#5149=AXIS2_PLACEMENT_3D('',#7656,#6207,#6208);
#5150=AXIS2_PLACEMENT_3D('',#7658,#6209,#6210);
#5151=AXIS2_PLACEMENT_3D('',#7660,#6211,#6212);
#5152=AXIS2_PLACEMENT_3D('',#7662,#6213,#6214);
#5153=AXIS2_PLACEMENT_3D('',#7667,#6216,#6217);
#5154=AXIS2_PLACEMENT_3D('',#7671,#6219,#6220);
#5155=AXIS2_PLACEMENT_3D('',#7675,#6222,#6223);
#5156=AXIS2_PLACEMENT_3D('',#7678,#6225,#6226);
#5157=AXIS2_PLACEMENT_3D('',#7680,#6227,#6228);
#5158=AXIS2_PLACEMENT_3D('',#7682,#6229,#6230);
#5159=AXIS2_PLACEMENT_3D('',#7685,#6231,#6232);
#5160=AXIS2_PLACEMENT_3D('',#7689,#6234,#6235);
#5161=AXIS2_PLACEMENT_3D('',#7693,#6237,#6238);
#5162=AXIS2_PLACEMENT_3D('',#7697,#6240,#6241);
#5163=AXIS2_PLACEMENT_3D('',#7700,#6243,#6244);
#5164=AXIS2_PLACEMENT_3D('',#7703,#6245,#6246);
#5165=AXIS2_PLACEMENT_3D('',#7707,#6248,#6249);
#5166=AXIS2_PLACEMENT_3D('',#7711,#6251,#6252);
#5167=AXIS2_PLACEMENT_3D('',#7715,#6254,#6255);
#5168=AXIS2_PLACEMENT_3D('',#7718,#6257,#6258);
#5169=AXIS2_PLACEMENT_3D('',#7720,#6259,#6260);
#5170=AXIS2_PLACEMENT_3D('',#7722,#6261,#6262);
#5171=AXIS2_PLACEMENT_3D('',#7724,#6263,#6264);
#5172=AXIS2_PLACEMENT_3D('',#7726,#6265,#6266);
#5173=AXIS2_PLACEMENT_3D('',#7728,#6267,#6268);
#5174=AXIS2_PLACEMENT_3D('',#7731,#6269,#6270);
#5175=AXIS2_PLACEMENT_3D('',#7735,#6272,#6273);
#5176=AXIS2_PLACEMENT_3D('',#7739,#6275,#6276);
#5177=AXIS2_PLACEMENT_3D('',#7743,#6278,#6279);
#5178=AXIS2_PLACEMENT_3D('',#7746,#6281,#6282);
#5179=AXIS2_PLACEMENT_3D('',#7748,#6283,#6284);
#5180=AXIS2_PLACEMENT_3D('',#7751,#6285,#6286);
#5181=AXIS2_PLACEMENT_3D('',#7755,#6288,#6289);
#5182=AXIS2_PLACEMENT_3D('',#7759,#6291,#6292);
#5183=AXIS2_PLACEMENT_3D('',#7763,#6294,#6295);
#5184=AXIS2_PLACEMENT_3D('',#7766,#6297,#6298);
#5185=AXIS2_PLACEMENT_3D('',#7769,#6299,#6300);
#5186=AXIS2_PLACEMENT_3D('',#7773,#6302,#6303);
#5187=AXIS2_PLACEMENT_3D('',#7777,#6305,#6306);
#5188=AXIS2_PLACEMENT_3D('',#7781,#6308,#6309);
#5189=AXIS2_PLACEMENT_3D('',#7784,#6311,#6312);
#5190=AXIS2_PLACEMENT_3D('',#7786,#6313,#6314);
#5191=AXIS2_PLACEMENT_3D('',#7788,#6315,#6316);
#5192=AXIS2_PLACEMENT_3D('',#7789,#6317,#6318);
#5193=AXIS2_PLACEMENT_3D('',#7791,#6319,#6320);
#5194=AXIS2_PLACEMENT_3D('',#7793,#6322,#6323);
#5195=AXIS2_PLACEMENT_3D('',#7795,#6324,#6325);
#5196=AXIS2_PLACEMENT_3D('',#7796,#6326,#6327);
#5197=AXIS2_PLACEMENT_3D('',#7799,#6328,#6329);
#5198=AXIS2_PLACEMENT_3D('',#7802,#6331,#6332);
#5199=AXIS2_PLACEMENT_3D('',#7804,#6333,#6334);
#5200=AXIS2_PLACEMENT_3D('',#7806,#6335,#6336);
#5201=AXIS2_PLACEMENT_3D('',#7810,#6338,#6339);
#5202=AXIS2_PLACEMENT_3D('',#7814,#6341,#6342);
#5203=AXIS2_PLACEMENT_3D('',#7818,#6344,#6345);
#5204=AXIS2_PLACEMENT_3D('',#7822,#6347,#6348);
#5205=AXIS2_PLACEMENT_3D('',#7826,#6350,#6351);
#5206=AXIS2_PLACEMENT_3D('',#7830,#6353,#6354);
#5207=AXIS2_PLACEMENT_3D('',#7834,#6356,#6357);
#5208=AXIS2_PLACEMENT_3D('',#7835,#6358,#6359);
#5209=AXIS2_PLACEMENT_3D('',#7837,#6360,#6361);
#5210=AXIS2_PLACEMENT_3D('',#7841,#6363,#6364);
#5211=AXIS2_PLACEMENT_3D('',#7845,#6366,#6367);
#5212=AXIS2_PLACEMENT_3D('',#7849,#6369,#6370);
#5213=AXIS2_PLACEMENT_3D('',#7852,#6372,#6373);
#5214=AXIS2_PLACEMENT_3D('',#7854,#6374,#6375);
#5215=AXIS2_PLACEMENT_3D('',#7856,#6376,#6377);
#5216=AXIS2_PLACEMENT_3D('',#7861,#6379,#6380);
#5217=AXIS2_PLACEMENT_3D('',#7865,#6382,#6383);
#5218=AXIS2_PLACEMENT_3D('',#7869,#6385,#6386);
#5219=AXIS2_PLACEMENT_3D('',#7872,#6388,#6389);
#5220=AXIS2_PLACEMENT_3D('',#7874,#6390,#6391);
#5221=AXIS2_PLACEMENT_3D('',#7876,#6392,#6393);
#5222=AXIS2_PLACEMENT_3D('',#7878,#6394,#6395);
#5223=AXIS2_PLACEMENT_3D('',#7880,#6396,#6397);
#5224=AXIS2_PLACEMENT_3D('',#7882,#6398,#6399);
#5225=AXIS2_PLACEMENT_3D('',#7884,#6400,#6401);
#5226=AXIS2_PLACEMENT_3D('',#7886,#6402,#6403);
#5227=AXIS2_PLACEMENT_3D('',#7888,#6404,#6405);
#5228=AXIS2_PLACEMENT_3D('',#7890,#6406,#6407);
#5229=AXIS2_PLACEMENT_3D('',#7892,#6408,#6409);
#5230=AXIS2_PLACEMENT_3D('',#7894,#6410,#6411);
#5231=AXIS2_PLACEMENT_3D('',#7896,#6412,#6413);
#5232=AXIS2_PLACEMENT_3D('',#7898,#6414,#6415);
#5233=AXIS2_PLACEMENT_3D('',#7900,#6416,#6417);
#5234=AXIS2_PLACEMENT_3D('',#7905,#6419,#6420);
#5235=AXIS2_PLACEMENT_3D('',#7909,#6422,#6423);
#5236=AXIS2_PLACEMENT_3D('',#7913,#6425,#6426);
#5237=AXIS2_PLACEMENT_3D('',#7916,#6428,#6429);
#5238=AXIS2_PLACEMENT_3D('',#7918,#6430,#6431);
#5239=AXIS2_PLACEMENT_3D('',#7920,#6432,#6433);
#5240=AXIS2_PLACEMENT_3D('',#7923,#6434,#6435);
#5241=AXIS2_PLACEMENT_3D('',#7927,#6437,#6438);
#5242=AXIS2_PLACEMENT_3D('',#7931,#6440,#6441);
#5243=AXIS2_PLACEMENT_3D('',#7935,#6443,#6444);
#5244=AXIS2_PLACEMENT_3D('',#7938,#6446,#6447);
#5245=AXIS2_PLACEMENT_3D('',#7941,#6448,#6449);
#5246=AXIS2_PLACEMENT_3D('',#7945,#6451,#6452);
#5247=AXIS2_PLACEMENT_3D('',#7949,#6454,#6455);
#5248=AXIS2_PLACEMENT_3D('',#7953,#6457,#6458);
#5249=AXIS2_PLACEMENT_3D('',#7956,#6460,#6461);
#5250=AXIS2_PLACEMENT_3D('',#7958,#6462,#6463);
#5251=AXIS2_PLACEMENT_3D('',#7960,#6464,#6465);
#5252=AXIS2_PLACEMENT_3D('',#7962,#6466,#6467);
#5253=AXIS2_PLACEMENT_3D('',#7964,#6468,#6469);
#5254=AXIS2_PLACEMENT_3D('',#7966,#6470,#6471);
#5255=AXIS2_PLACEMENT_3D('',#7968,#6472,#6473);
#5256=AXIS2_PLACEMENT_3D('',#7970,#6474,#6475);
#5257=AXIS2_PLACEMENT_3D('',#7972,#6476,#6477);
#5258=AXIS2_PLACEMENT_3D('',#7974,#6478,#6479);
#5259=AXIS2_PLACEMENT_3D('',#7977,#6480,#6481);
#5260=AXIS2_PLACEMENT_3D('',#7981,#6483,#6484);
#5261=AXIS2_PLACEMENT_3D('',#7985,#6486,#6487);
#5262=AXIS2_PLACEMENT_3D('',#7989,#6489,#6490);
#5263=AXIS2_PLACEMENT_3D('',#7992,#6492,#6493);
#5264=AXIS2_PLACEMENT_3D('',#7994,#6494,#6495);
#5265=AXIS2_PLACEMENT_3D('',#7997,#6496,#6497);
#5266=AXIS2_PLACEMENT_3D('',#8001,#6499,#6500);
#5267=AXIS2_PLACEMENT_3D('',#8005,#6502,#6503);
#5268=AXIS2_PLACEMENT_3D('',#8009,#6505,#6506);
#5269=AXIS2_PLACEMENT_3D('',#8012,#6508,#6509);
#5270=AXIS2_PLACEMENT_3D('',#8015,#6510,#6511);
#5271=AXIS2_PLACEMENT_3D('',#8019,#6513,#6514);
#5272=AXIS2_PLACEMENT_3D('',#8023,#6516,#6517);
#5273=AXIS2_PLACEMENT_3D('',#8027,#6519,#6520);
#5274=AXIS2_PLACEMENT_3D('',#8030,#6522,#6523);
#5275=AXIS2_PLACEMENT_3D('',#8032,#6524,#6525);
#5276=AXIS2_PLACEMENT_3D('',#8034,#6526,#6527);
#5277=AXIS2_PLACEMENT_3D('',#8036,#6528,#6529);
#5278=AXIS2_PLACEMENT_3D('',#8038,#6530,#6531);
#5279=AXIS2_PLACEMENT_3D('',#8039,#6532,#6533);
#5280=AXIS2_PLACEMENT_3D('',#8042,#6536,#6537);
#5281=AXIS2_PLACEMENT_3D('',#8044,#6539,#6540);
#5282=AXIS2_PLACEMENT_3D('',#8046,#6542,#6543);
#5283=AXIS2_PLACEMENT_3D('',#8048,#6545,#6546);
#5284=AXIS2_PLACEMENT_3D('',#8050,#6548,#6549);
#5285=AXIS2_PLACEMENT_3D('',#8052,#6551,#6552);
#5286=AXIS2_PLACEMENT_3D('',#8054,#6554,#6555);
#5287=AXIS2_PLACEMENT_3D('',#8055,#6556,#6557);
#5288=AXIS2_PLACEMENT_3D('',#8057,#6559,#6560);
#5289=AXIS2_PLACEMENT_3D('',#8059,#6562,#6563);
#5290=AXIS2_PLACEMENT_3D('',#8061,#6565,#6566);
#5291=AXIS2_PLACEMENT_3D('',#8063,#6568,#6569);
#5292=AXIS2_PLACEMENT_3D('',#8065,#6571,#6572);
#5293=AXIS2_PLACEMENT_3D('',#8067,#6574,#6575);
#5294=AXIS2_PLACEMENT_3D('',#8069,#6577,#6578);
#5295=AXIS2_PLACEMENT_3D('',#8071,#6580,#6581);
#5296=AXIS2_PLACEMENT_3D('',#8073,#6583,#6584);
#5297=AXIS2_PLACEMENT_3D('',#8076,#6587,#6588);
#5298=AXIS2_PLACEMENT_3D('',#8078,#6590,#6591);
#5299=AXIS2_PLACEMENT_3D('',#8081,#6594,#6595);
#5300=AXIS2_PLACEMENT_3D('',#8083,#6597,#6598);
#5301=AXIS2_PLACEMENT_3D('',#8085,#6600,#6601);
#5302=AXIS2_PLACEMENT_3D('',#8087,#6603,#6604);
#5303=AXIS2_PLACEMENT_3D('',#8089,#6606,#6607);
#5304=AXIS2_PLACEMENT_3D('',#8091,#6609,#6610);
#5305=AXIS2_PLACEMENT_3D('',#8093,#6612,#6613);
#5306=AXIS2_PLACEMENT_3D('',#8095,#6615,#6616);
#5307=AXIS2_PLACEMENT_3D('',#8097,#6618,#6619);
#5308=AXIS2_PLACEMENT_3D('',#8099,#6621,#6622);
#5309=AXIS2_PLACEMENT_3D('',#8100,#6623,#6624);
#5310=AXIS2_PLACEMENT_3D('',#8102,#6626,#6627);
#5311=AXIS2_PLACEMENT_3D('',#8104,#6629,#6630);
#5312=AXIS2_PLACEMENT_3D('',#8106,#6632,#6633);
#5313=AXIS2_PLACEMENT_3D('',#8108,#6635,#6636);
#5314=AXIS2_PLACEMENT_3D('',#8110,#6638,#6639);
#5315=AXIS2_PLACEMENT_3D('',#8112,#6641,#6642);
#5316=AXIS2_PLACEMENT_3D('',#8114,#6644,#6645);
#5317=AXIS2_PLACEMENT_3D('',#8116,#6647,#6648);
#5318=AXIS2_PLACEMENT_3D('',#8119,#6651,#6652);
#5319=AXIS2_PLACEMENT_3D('',#8121,#6654,#6655);
#5320=AXIS2_PLACEMENT_3D('',#8123,#6657,#6658);
#5321=AXIS2_PLACEMENT_3D('',#8125,#6660,#6661);
#5322=AXIS2_PLACEMENT_3D('',#8127,#6663,#6664);
#5323=AXIS2_PLACEMENT_3D('',#8129,#6666,#6667);
#5324=AXIS2_PLACEMENT_3D('',#8131,#6669,#6670);
#5325=AXIS2_PLACEMENT_3D('',#8132,#6671,#6672);
#5326=AXIS2_PLACEMENT_3D('',#8134,#6674,#6675);
#5327=AXIS2_PLACEMENT_3D('',#8137,#6678,#6679);
#5328=AXIS2_PLACEMENT_3D('',#8139,#6681,#6682);
#5329=AXIS2_PLACEMENT_3D('',#8141,#6684,#6685);
#5330=AXIS2_PLACEMENT_3D('',#8143,#6687,#6688);
#5331=AXIS2_PLACEMENT_3D('',#8145,#6690,#6691);
#5332=AXIS2_PLACEMENT_3D('',#8147,#6693,#6694);
#5333=AXIS2_PLACEMENT_3D('',#8149,#6696,#6697);
#5334=AXIS2_PLACEMENT_3D('',#8150,#6698,#6699);
#5335=AXIS2_PLACEMENT_3D('',#8152,#6701,#6702);
#5336=AXIS2_PLACEMENT_3D('',#8154,#6704,#6705);
#5337=AXIS2_PLACEMENT_3D('',#8157,#6708,#6709);
#5338=AXIS2_PLACEMENT_3D('',#8159,#6711,#6712);
#5339=AXIS2_PLACEMENT_3D('',#8161,#6714,#6715);
#5340=AXIS2_PLACEMENT_3D('',#8163,#6717,#6718);
#5341=AXIS2_PLACEMENT_3D('',#8165,#6720,#6721);
#5342=AXIS2_PLACEMENT_3D('',#8167,#6723,#6724);
#5343=AXIS2_PLACEMENT_3D('',#8169,#6726,#6727);
#5344=AXIS2_PLACEMENT_3D('',#8170,#6728,#6729);
#5345=AXIS2_PLACEMENT_3D('',#8172,#6731,#6732);
#5346=AXIS2_PLACEMENT_3D('',#8174,#6734,#6735);
#5347=AXIS2_PLACEMENT_3D('',#8176,#6737,#6738);
#5348=AXIS2_PLACEMENT_3D('',#8178,#6740,#6741);
#5349=AXIS2_PLACEMENT_3D('',#8180,#6743,#6744);
#5350=AXIS2_PLACEMENT_3D('',#8182,#6746,#6747);
#5351=AXIS2_PLACEMENT_3D('',#8184,#6749,#6750);
#5352=AXIS2_PLACEMENT_3D('',#8186,#6752,#6753);
#5353=AXIS2_PLACEMENT_3D('',#8188,#6755,#6756);
#5354=AXIS2_PLACEMENT_3D('',#8190,#6758,#6759);
#5355=AXIS2_PLACEMENT_3D('',#8193,#6762,#6763);
#5356=AXIS2_PLACEMENT_3D('',#8195,#6765,#6766);
#5357=AXIS2_PLACEMENT_3D('',#8197,#6768,#6769);
#5358=AXIS2_PLACEMENT_3D('',#8199,#6771,#6772);
#5359=AXIS2_PLACEMENT_3D('',#8201,#6774,#6775);
#5360=AXIS2_PLACEMENT_3D('',#8203,#6777,#6778);
#5361=AXIS2_PLACEMENT_3D('',#8205,#6780,#6781);
#5362=AXIS2_PLACEMENT_3D('',#8206,#6782,#6783);
#5363=AXIS2_PLACEMENT_3D('',#8208,#6785,#6786);
#5364=AXIS2_PLACEMENT_3D('',#8211,#6789,#6790);
#5365=AXIS2_PLACEMENT_3D('',#8213,#6792,#6793);
#5366=AXIS2_PLACEMENT_3D('',#8215,#6795,#6796);
#5367=AXIS2_PLACEMENT_3D('',#8217,#6798,#6799);
#5368=AXIS2_PLACEMENT_3D('',#8219,#6801,#6802);
#5369=AXIS2_PLACEMENT_3D('',#8221,#6804,#6805);
#5370=AXIS2_PLACEMENT_3D('',#8223,#6807,#6808);
#5371=AXIS2_PLACEMENT_3D('',#8224,#6809,#6810);
#5372=AXIS2_PLACEMENT_3D('',#8226,#6812,#6813);
#5373=AXIS2_PLACEMENT_3D('',#8228,#6815,#6816);
#5374=AXIS2_PLACEMENT_3D('',#8231,#6819,#6820);
#5375=AXIS2_PLACEMENT_3D('',#8233,#6822,#6823);
#5376=AXIS2_PLACEMENT_3D('',#8235,#6825,#6826);
#5377=AXIS2_PLACEMENT_3D('',#8237,#6828,#6829);
#5378=AXIS2_PLACEMENT_3D('',#8239,#6831,#6832);
#5379=AXIS2_PLACEMENT_3D('',#8241,#6834,#6835);
#5380=AXIS2_PLACEMENT_3D('',#8243,#6837,#6838);
#5381=AXIS2_PLACEMENT_3D('',#8244,#6839,#6840);
#5382=AXIS2_PLACEMENT_3D('',#8246,#6842,#6843);
#5383=AXIS2_PLACEMENT_3D('',#8248,#6845,#6846);
#5384=AXIS2_PLACEMENT_3D('',#8250,#6848,#6849);
#5385=AXIS2_PLACEMENT_3D('',#8253,#6852,#6853);
#5386=AXIS2_PLACEMENT_3D('',#8255,#6855,#6856);
#5387=AXIS2_PLACEMENT_3D('',#8256,#6857,#6858);
#5388=AXIS2_PLACEMENT_3D('',#8258,#6860,#6861);
#5389=AXIS2_PLACEMENT_3D('',#8259,#6862,#6863);
#5390=AXIS2_PLACEMENT_3D('',#8261,#6865,#6866);
#5391=AXIS2_PLACEMENT_3D('',#8262,#6867,#6868);
#5392=AXIS2_PLACEMENT_3D('',#8264,#6870,#6871);
#5393=AXIS2_PLACEMENT_3D('',#8266,#6873,#6874);
#5394=AXIS2_PLACEMENT_3D('',#8268,#6876,#6877);
#5395=AXIS2_PLACEMENT_3D('',#8270,#6879,#6880);
#5396=AXIS2_PLACEMENT_3D('',#8272,#6882,#6883);
#5397=AXIS2_PLACEMENT_3D('',#8274,#6885,#6886);
#5398=AXIS2_PLACEMENT_3D('',#8276,#6888,#6889);
#5399=AXIS2_PLACEMENT_3D('',#8277,#6890,#6891);
#5400=AXIS2_PLACEMENT_3D('',#8279,#6893,#6894);
#5401=DIRECTION('axis',(0.,0.,1.));
#5402=DIRECTION('refdir',(1.,0.,0.));
#5403=DIRECTION('center_axis',(1.4802973551378E-15,1.,0.));
#5404=DIRECTION('ref_axis',(0.70710678118654,0.,0.707106781186555));
#5405=DIRECTION('',(-1.4802973551378E-15,-1.,0.));
#5406=DIRECTION('center_axis',(-0.707106782104651,0.707106780268444,1.57009245664517E-14));
#5407=DIRECTION('ref_axis',(-0.707106780268444,-0.707106782104651,1.57009245256797E-14));
#5408=DIRECTION('',(1.4802973551378E-15,1.,0.));
#5409=DIRECTION('center_axis',(0.70710678026844,0.707106782104655,0.));
#5410=DIRECTION('ref_axis',(-0.707106782104655,0.70710678026844,0.));
#5411=DIRECTION('center_axis',(-1.,-2.5968001361454E-9,0.));
#5412=DIRECTION('ref_axis',(-1.83625453227987E-9,0.70710678118654,0.707106781186555));
#5413=DIRECTION('',(1.,2.5968001361454E-9,0.));
#5414=DIRECTION('center_axis',(-0.707106780268444,-0.707106782104651,0.));
#5415=DIRECTION('ref_axis',(0.707106782104651,-0.707106780268444,0.));
#5416=DIRECTION('',(-1.,-2.5968001361454E-9,0.));
#5417=DIRECTION('center_axis',(-1.4802973551378E-15,-1.,0.));
#5418=DIRECTION('ref_axis',(-0.70710678118654,0.,0.707106781186555));
#5419=DIRECTION('',(1.4802973551378E-15,1.,0.));
#5420=DIRECTION('center_axis',(0.707106782104651,-0.707106780268444,1.57009245664517E-14));
#5421=DIRECTION('ref_axis',(0.707106780268444,0.707106782104651,1.57009245256797E-14));
#5422=DIRECTION('',(-1.4802973551378E-15,-1.,0.));
#5423=DIRECTION('center_axis',(1.,2.59680014811909E-9,0.));
#5424=DIRECTION('ref_axis',(1.83625453227987E-9,-0.70710678118654,0.707106781186555));
#5425=DIRECTION('',(1.,2.59680014811909E-9,0.));
#5426=DIRECTION('',(-1.,-2.59680014811909E-9,0.));
#5427=DIRECTION('center_axis',(2.59680014811909E-9,-1.,0.));
#5428=DIRECTION('ref_axis',(1.,2.59680014811909E-9,0.));
#5429=DIRECTION('',(0.,0.,1.));
#5430=DIRECTION('',(-1.,-2.59680014811909E-9,0.));
#5431=DIRECTION('',(0.,0.,1.));
#5432=DIRECTION('center_axis',(1.,-1.4802973551378E-15,0.));
#5433=DIRECTION('ref_axis',(1.4802973551378E-15,1.,0.));
#5434=DIRECTION('',(0.,0.,1.));
#5435=DIRECTION('',(-1.4802973551378E-15,-1.,0.));
#5436=DIRECTION('center_axis',(0.,0.,1.));
#5437=DIRECTION('ref_axis',(1.,0.,0.));
#5438=DIRECTION('',(2.59680023516143E-9,-1.,0.));
#5439=DIRECTION('',(1.,0.,0.));
#5440=DIRECTION('',(1.69176841847644E-15,1.,0.));
#5441=DIRECTION('',(-1.,1.60321014701927E-16,0.));
#5442=DIRECTION('',(2.59680023516143E-9,-1.,0.));
#5443=DIRECTION('',(-1.,0.,0.));
#5444=DIRECTION('',(0.,1.,0.));
#5445=DIRECTION('',(1.,0.,0.));
#5446=DIRECTION('center_axis',(-1.,0.,0.));
#5447=DIRECTION('ref_axis',(0.,0.707106781186546,0.707106781186549));
#5448=DIRECTION('center_axis',(0.707106781186549,0.,0.707106781186546));
#5449=DIRECTION('ref_axis',(-0.707106781186546,4.9065389333868E-17,0.707106781186549));
#5450=DIRECTION('',(-1.,0.,0.));
#5451=DIRECTION('center_axis',(-0.707106782104651,0.707106780268444,0.));
#5452=DIRECTION('ref_axis',(0.707106780268444,0.707106782104651,0.));
#5453=DIRECTION('center_axis',(0.,1.,0.));
#5454=DIRECTION('ref_axis',(-1.,0.,0.));
#5455=DIRECTION('',(0.,0.,-1.));
#5456=DIRECTION('',(-1.,0.,0.));
#5457=DIRECTION('',(0.,0.,1.));
#5458=DIRECTION('',(1.,0.,0.));
#5459=DIRECTION('',(0.,0.,1.));
#5460=DIRECTION('center_axis',(1.,0.,0.));
#5461=DIRECTION('ref_axis',(0.,-0.707106781186546,0.707106781186549));
#5462=DIRECTION('center_axis',(-0.707106780268441,-0.707106782104654,0.));
#5463=DIRECTION('ref_axis',(0.707106782104654,-0.707106780268441,0.));
#5464=DIRECTION('',(1.,0.,0.));
#5465=DIRECTION('center_axis',(0.707106781186549,0.,0.707106781186546));
#5466=DIRECTION('ref_axis',(-0.707106781186546,-4.9065389333868E-17,0.707106781186549));
#5467=DIRECTION('center_axis',(0.,-1.,0.));
#5468=DIRECTION('ref_axis',(1.,0.,0.));
#5469=DIRECTION('',(0.,0.,1.));
#5470=DIRECTION('',(0.,0.,1.));
#5471=DIRECTION('',(-1.,0.,0.));
#5472=DIRECTION('',(0.,0.,-1.));
#5473=DIRECTION('',(1.,0.,0.));
#5474=DIRECTION('center_axis',(0.,0.,1.));
#5475=DIRECTION('ref_axis',(0.707106782104662,-0.707106780268433,0.));
#5476=DIRECTION('center_axis',(0.,0.,-1.));
#5477=DIRECTION('ref_axis',(1.,2.59680277281405E-9,0.));
#5478=DIRECTION('',(0.,0.,-1.));
#5479=DIRECTION('center_axis',(0.,0.,-1.));
#5480=DIRECTION('ref_axis',(0.707106782104662,-0.707106780268433,0.));
#5481=DIRECTION('',(0.,0.,1.));
#5482=DIRECTION('center_axis',(-2.59680023516143E-9,1.,0.));
#5483=DIRECTION('ref_axis',(0.70710678118654,1.83621056969103E-9,0.707106781186555));
#5484=DIRECTION('center_axis',(-2.59679389102986E-9,1.,0.));
#5485=DIRECTION('ref_axis',(0.,0.,1.));
#5486=DIRECTION('',(-2.59680023516143E-9,1.,0.));
#5487=DIRECTION('center_axis',(-0.408248289757097,-0.816496581634489,-0.408248289757103));
#5488=DIRECTION('ref_axis',(0.577350269689386,-0.577350268190113,0.577350269689378));
#5489=DIRECTION('center_axis',(1.,-1.60321014701927E-16,0.));
#5490=DIRECTION('ref_axis',(0.,-0.707106781186546,0.707106781186549));
#5491=DIRECTION('center_axis',(1.60321014701927E-16,1.,0.));
#5492=DIRECTION('ref_axis',(1.,-1.60321014701927E-16,0.));
#5493=DIRECTION('',(1.,-1.60321014701927E-16,0.));
#5494=DIRECTION('',(1.,-1.60321014701927E-16,0.));
#5495=DIRECTION('',(0.,0.,1.));
#5496=DIRECTION('',(1.,-1.60321014701927E-16,0.));
#5497=DIRECTION('',(0.,0.,-1.));
#5498=DIRECTION('',(-1.,1.60321014701927E-16,0.));
#5499=DIRECTION('',(0.,0.,-1.));
#5500=DIRECTION('center_axis',(1.,-1.60321014701927E-16,0.));
#5501=DIRECTION('ref_axis',(0.,-0.707106781186546,0.707106781186549));
#5502=DIRECTION('center_axis',(-1.,1.60321014701927E-16,0.));
#5503=DIRECTION('ref_axis',(0.,-0.707106781186546,0.707106781186549));
#5504=DIRECTION('center_axis',(0.,0.,1.));
#5505=DIRECTION('ref_axis',(-0.707106781186541,-0.707106781186554,0.));
#5506=DIRECTION('center_axis',(0.,0.,-1.));
#5507=DIRECTION('ref_axis',(-0.707106781186541,-0.707106781186554,0.));
#5508=DIRECTION('center_axis',(0.,0.,-1.));
#5509=DIRECTION('ref_axis',(0.,-1.,0.));
#5510=DIRECTION('',(0.,0.,-1.));
#5511=DIRECTION('center_axis',(0.40824829046386,-0.816496580927727,-0.408248290463864));
#5512=DIRECTION('ref_axis',(-0.577350269189624,-0.577350269189624,0.577350269189629));
#5513=DIRECTION('center_axis',(-1.69176841847644E-15,-1.,0.));
#5514=DIRECTION('ref_axis',(-0.707106781186543,0.,0.707106781186552));
#5515=DIRECTION('center_axis',(0.,0.,1.));
#5516=DIRECTION('ref_axis',(-0.707106781186548,0.707106781186548,0.));
#5517=DIRECTION('center_axis',(0.,0.,-1.));
#5518=DIRECTION('ref_axis',(-0.707106781186548,0.707106781186548,0.));
#5519=DIRECTION('',(0.,0.,1.));
#5520=DIRECTION('center_axis',(0.,0.,-1.));
#5521=DIRECTION('ref_axis',(-1.,0.,0.));
#5522=DIRECTION('',(0.,0.,-1.));
#5523=DIRECTION('center_axis',(-0.81649658092773,-0.408248290463858,-0.408248290463859));
#5524=DIRECTION('ref_axis',(-0.577350269189623,0.57735026918963,0.577350269189625));
#5525=DIRECTION('center_axis',(1.69176841847644E-15,1.,0.));
#5526=DIRECTION('ref_axis',(-0.707106781186543,0.,0.707106781186552));
#5527=DIRECTION('center_axis',(-1.,0.,0.));
#5528=DIRECTION('ref_axis',(0.,0.707106781186546,0.707106781186549));
#5529=DIRECTION('center_axis',(-1.,1.69176841847644E-15,0.));
#5530=DIRECTION('ref_axis',(-1.69176841847644E-15,-1.,0.));
#5531=DIRECTION('',(-1.69176841847644E-15,-1.,0.));
#5532=DIRECTION('',(1.69176841847644E-15,1.,0.));
#5533=DIRECTION('center_axis',(-2.59680023516143E-9,1.,0.));
#5534=DIRECTION('ref_axis',(0.707106781186553,1.83621685006083E-9,0.707106781186542));
#5535=DIRECTION('center_axis',(2.59680277281405E-9,-1.,0.));
#5536=DIRECTION('ref_axis',(1.,2.59680277281405E-9,0.));
#5537=DIRECTION('',(-2.59680023516143E-9,1.,0.));
#5538=DIRECTION('center_axis',(0.,0.,1.));
#5539=DIRECTION('ref_axis',(0.707106780268445,0.70710678210465,0.));
#5540=DIRECTION('center_axis',(0.,0.,-1.));
#5541=DIRECTION('ref_axis',(0.,1.,0.));
#5542=DIRECTION('',(0.,0.,-1.));
#5543=DIRECTION('center_axis',(0.,0.,-1.));
#5544=DIRECTION('ref_axis',(0.707106780268445,0.70710678210465,0.));
#5545=DIRECTION('',(0.,0.,1.));
#5546=DIRECTION('center_axis',(-0.816496581281115,0.408248290640544,0.408248289580404));
#5547=DIRECTION('ref_axis',(0.577350268689855,0.577350270189143,0.577350268689879));
#5548=DIRECTION('center_axis',(1.,0.,0.));
#5549=DIRECTION('ref_axis',(0.,0.707106781186546,0.707106781186549));
#5550=DIRECTION('center_axis',(-1.,0.,0.));
#5551=DIRECTION('ref_axis',(0.,0.707106781186546,0.707106781186549));
#5552=DIRECTION('',(-1.,0.,0.));
#5553=DIRECTION('center_axis',(0.,-1.,0.));
#5554=DIRECTION('ref_axis',(-1.,0.,0.));
#5555=DIRECTION('',(-1.,0.,0.));
#5556=DIRECTION('',(0.,0.,-1.));
#5557=DIRECTION('',(1.,0.,0.));
#5558=DIRECTION('',(0.,0.,-1.));
#5559=DIRECTION('',(-1.,0.,0.));
#5560=DIRECTION('center_axis',(-1.69176841847644E-15,-1.,0.));
#5561=DIRECTION('ref_axis',(-0.70710678118654,0.,0.707106781186555));
#5562=DIRECTION('center_axis',(1.,2.59680023516143E-9,0.));
#5563=DIRECTION('ref_axis',(-2.59680023516143E-9,1.,0.));
#5564=DIRECTION('',(2.59680023516143E-9,-1.,0.));
#5565=DIRECTION('center_axis',(0.,0.,-1.));
#5566=DIRECTION('ref_axis',(-0.707106781186547,-0.707106781186548,0.));
#5567=DIRECTION('center_axis',(0.,0.,1.));
#5568=DIRECTION('ref_axis',(-0.707106781186547,-0.707106781186548,0.));
#5569=DIRECTION('',(0.,0.,-1.));
#5570=DIRECTION('center_axis',(0.,0.,-1.));
#5571=DIRECTION('ref_axis',(-0.707106781186547,-0.707106781186548,0.));
#5572=DIRECTION('',(0.,0.,1.));
#5573=DIRECTION('center_axis',(0.,-1.,0.));
#5574=DIRECTION('ref_axis',(-1.,0.,0.));
#5575=DIRECTION('',(-1.,0.,0.));
#5576=DIRECTION('',(0.,0.,1.));
#5577=DIRECTION('',(1.,0.,0.));
#5578=DIRECTION('center_axis',(0.,0.,-1.));
#5579=DIRECTION('ref_axis',(-0.707106781186547,0.707106781186548,0.));
#5580=DIRECTION('center_axis',(0.,0.,1.));
#5581=DIRECTION('ref_axis',(-0.707106781186547,0.707106781186548,0.));
#5582=DIRECTION('',(0.,0.,-1.));
#5583=DIRECTION('center_axis',(0.,0.,-1.));
#5584=DIRECTION('ref_axis',(-0.707106781186547,0.707106781186548,0.));
#5585=DIRECTION('',(0.,0.,1.));
#5586=DIRECTION('center_axis',(-1.,0.,0.));
#5587=DIRECTION('ref_axis',(0.,1.,0.));
#5588=DIRECTION('',(0.,-1.,0.));
#5589=DIRECTION('',(0.,1.,0.));
#5590=DIRECTION('center_axis',(0.,0.,-1.));
#5591=DIRECTION('ref_axis',(0.707106781186547,0.707106781186548,0.));
#5592=DIRECTION('center_axis',(0.,0.,1.));
#5593=DIRECTION('ref_axis',(0.707106781186547,0.707106781186548,0.));
#5594=DIRECTION('',(0.,0.,-1.));
#5595=DIRECTION('center_axis',(0.,0.,-1.));
#5596=DIRECTION('ref_axis',(0.707106781186547,0.707106781186548,0.));
#5597=DIRECTION('',(0.,0.,1.));
#5598=DIRECTION('center_axis',(0.,1.,0.));
#5599=DIRECTION('ref_axis',(1.,0.,0.));
#5600=DIRECTION('',(-1.,0.,0.));
#5601=DIRECTION('',(1.,0.,0.));
#5602=DIRECTION('center_axis',(0.,0.,-1.));
#5603=DIRECTION('ref_axis',(0.707106781186547,-0.707106781186548,0.));
#5604=DIRECTION('center_axis',(0.,0.,1.));
#5605=DIRECTION('ref_axis',(0.707106781186547,-0.707106781186548,0.));
#5606=DIRECTION('',(0.,0.,-1.));
#5607=DIRECTION('center_axis',(0.,0.,-1.));
#5608=DIRECTION('ref_axis',(0.707106781186547,-0.707106781186548,0.));
#5609=DIRECTION('center_axis',(1.,0.,0.));
#5610=DIRECTION('ref_axis',(0.,-1.,0.));
#5611=DIRECTION('',(0.,1.,0.));
#5612=DIRECTION('',(0.,-1.,0.));
#5613=DIRECTION('center_axis',(0.,0.,-1.));
#5614=DIRECTION('ref_axis',(-0.707106781186549,-0.707106781186546,0.));
#5615=DIRECTION('center_axis',(0.,0.,1.));
#5616=DIRECTION('ref_axis',(-0.707106781186549,-0.707106781186546,0.));
#5617=DIRECTION('',(0.,0.,-1.));
#5618=DIRECTION('center_axis',(0.,0.,-1.));
#5619=DIRECTION('ref_axis',(-0.707106781186549,-0.707106781186546,0.));
#5620=DIRECTION('',(0.,0.,1.));
#5621=DIRECTION('center_axis',(0.,-1.,0.));
#5622=DIRECTION('ref_axis',(-1.,0.,0.));
#5623=DIRECTION('',(-1.,0.,0.));
#5624=DIRECTION('',(0.,0.,1.));
#5625=DIRECTION('',(1.,0.,0.));
#5626=DIRECTION('center_axis',(0.,0.,-1.));
#5627=DIRECTION('ref_axis',(0.707106781186548,-0.707106781186548,0.));
#5628=DIRECTION('center_axis',(0.,0.,1.));
#5629=DIRECTION('ref_axis',(0.707106781186548,-0.707106781186548,0.));
#5630=DIRECTION('',(0.,0.,-1.));
#5631=DIRECTION('center_axis',(0.,0.,-1.));
#5632=DIRECTION('ref_axis',(0.707106781186548,-0.707106781186548,0.));
#5633=DIRECTION('center_axis',(1.,1.85037170770859E-16,0.));
#5634=DIRECTION('ref_axis',(1.85037170770859E-16,-1.,0.));
#5635=DIRECTION('',(1.85037170770859E-16,-1.,0.));
#5636=DIRECTION('',(0.,0.,1.));
#5637=DIRECTION('',(-1.85037170770859E-16,1.,0.));
#5638=DIRECTION('center_axis',(0.,0.,-1.));
#5639=DIRECTION('ref_axis',(0.707106781186547,0.707106781186548,0.));
#5640=DIRECTION('center_axis',(0.,0.,1.));
#5641=DIRECTION('ref_axis',(0.707106781186547,0.707106781186548,0.));
#5642=DIRECTION('',(0.,0.,-1.));
#5643=DIRECTION('center_axis',(0.,0.,-1.));
#5644=DIRECTION('ref_axis',(0.707106781186547,0.707106781186548,0.));
#5645=DIRECTION('center_axis',(0.,1.,0.));
#5646=DIRECTION('ref_axis',(1.,0.,0.));
#5647=DIRECTION('',(1.,0.,0.));
#5648=DIRECTION('',(0.,0.,1.));
#5649=DIRECTION('',(-1.,0.,0.));
#5650=DIRECTION('center_axis',(0.,0.,-1.));
#5651=DIRECTION('ref_axis',(-0.707106781186549,0.707106781186546,0.));
#5652=DIRECTION('center_axis',(0.,0.,1.));
#5653=DIRECTION('ref_axis',(-0.707106781186549,0.707106781186546,0.));
#5654=DIRECTION('',(0.,0.,-1.));
#5655=DIRECTION('center_axis',(0.,0.,-1.));
#5656=DIRECTION('ref_axis',(-0.707106781186549,0.707106781186546,0.));
#5657=DIRECTION('center_axis',(-1.,0.,0.));
#5658=DIRECTION('ref_axis',(0.,1.,0.));
#5659=DIRECTION('',(0.,-1.,0.));
#5660=DIRECTION('',(0.,1.,0.));
#5661=DIRECTION('center_axis',(0.,0.,-1.));
#5662=DIRECTION('ref_axis',(-0.707106781186546,0.707106781186549,0.));
#5663=DIRECTION('center_axis',(0.,0.,1.));
#5664=DIRECTION('ref_axis',(-0.707106781186546,0.707106781186549,0.));
#5665=DIRECTION('',(0.,0.,-1.));
#5666=DIRECTION('center_axis',(0.,0.,-1.));
#5667=DIRECTION('ref_axis',(-0.707106781186546,0.707106781186549,0.));
#5668=DIRECTION('',(0.,0.,1.));
#5669=DIRECTION('center_axis',(-1.,0.,0.));
#5670=DIRECTION('ref_axis',(0.,1.,0.));
#5671=DIRECTION('',(0.,1.,0.));
#5672=DIRECTION('',(0.,0.,1.));
#5673=DIRECTION('',(0.,-1.,0.));
#5674=DIRECTION('center_axis',(0.,0.,-1.));
#5675=DIRECTION('ref_axis',(0.707106781186548,0.707106781186548,0.));
#5676=DIRECTION('center_axis',(0.,0.,1.));
#5677=DIRECTION('ref_axis',(0.707106781186548,0.707106781186548,0.));
#5678=DIRECTION('',(0.,0.,-1.));
#5679=DIRECTION('center_axis',(0.,0.,-1.));
#5680=DIRECTION('ref_axis',(0.707106781186548,0.707106781186548,0.));
#5681=DIRECTION('',(0.,0.,1.));
#5682=DIRECTION('center_axis',(5.04646829375071E-17,1.,0.));
#5683=DIRECTION('ref_axis',(1.,-5.04646829375071E-17,0.));
#5684=DIRECTION('',(-1.,5.04646829375071E-17,0.));
#5685=DIRECTION('',(1.,-5.04646829375071E-17,0.));
#5686=DIRECTION('center_axis',(0.,0.,-1.));
#5687=DIRECTION('ref_axis',(0.707106781186547,-0.707106781186548,0.));
#5688=DIRECTION('center_axis',(0.,0.,1.));
#5689=DIRECTION('ref_axis',(0.707106781186547,-0.707106781186548,0.));
#5690=DIRECTION('',(0.,0.,-1.));
#5691=DIRECTION('center_axis',(0.,0.,-1.));
#5692=DIRECTION('ref_axis',(0.707106781186547,-0.707106781186548,0.));
#5693=DIRECTION('',(0.,0.,1.));
#5694=DIRECTION('center_axis',(1.,0.,0.));
#5695=DIRECTION('ref_axis',(0.,-1.,0.));
#5696=DIRECTION('',(0.,1.,0.));
#5697=DIRECTION('',(0.,-1.,0.));
#5698=DIRECTION('center_axis',(0.,0.,-1.));
#5699=DIRECTION('ref_axis',(-0.707106781186546,-0.707106781186549,0.));
#5700=DIRECTION('center_axis',(0.,0.,1.));
#5701=DIRECTION('ref_axis',(-0.707106781186546,-0.707106781186549,0.));
#5702=DIRECTION('',(0.,0.,-1.));
#5703=DIRECTION('center_axis',(0.,0.,-1.));
#5704=DIRECTION('ref_axis',(-0.707106781186546,-0.707106781186549,0.));
#5705=DIRECTION('center_axis',(-1.00929365875014E-16,-1.,0.));
#5706=DIRECTION('ref_axis',(-1.,1.00929365875014E-16,0.));
#5707=DIRECTION('',(1.,-1.00929365875014E-16,0.));
#5708=DIRECTION('',(-1.,1.00929365875014E-16,0.));
#5709=DIRECTION('center_axis',(0.,0.,-1.));
#5710=DIRECTION('ref_axis',(-0.707106781186546,-0.707106781186549,0.));
#5711=DIRECTION('center_axis',(0.,0.,1.));
#5712=DIRECTION('ref_axis',(-0.707106781186546,-0.707106781186549,0.));
#5713=DIRECTION('',(0.,0.,-1.));
#5714=DIRECTION('center_axis',(0.,0.,-1.));
#5715=DIRECTION('ref_axis',(-0.707106781186546,-0.707106781186549,0.));
#5716=DIRECTION('',(0.,0.,1.));
#5717=DIRECTION('center_axis',(0.,-1.,0.));
#5718=DIRECTION('ref_axis',(-1.,0.,0.));
#5719=DIRECTION('',(-1.,0.,0.));
#5720=DIRECTION('',(0.,0.,1.));
#5721=DIRECTION('',(1.,0.,0.));
#5722=DIRECTION('center_axis',(0.,0.,-1.));
#5723=DIRECTION('ref_axis',(0.707106781186547,-0.707106781186548,0.));
#5724=DIRECTION('center_axis',(0.,0.,1.));
#5725=DIRECTION('ref_axis',(0.707106781186547,-0.707106781186548,0.));
#5726=DIRECTION('',(0.,0.,-1.));
#5727=DIRECTION('center_axis',(0.,0.,-1.));
#5728=DIRECTION('ref_axis',(0.707106781186547,-0.707106781186548,0.));
#5729=DIRECTION('center_axis',(1.,-1.85037170770859E-16,0.));
#5730=DIRECTION('ref_axis',(-1.85037170770859E-16,-1.,0.));
#5731=DIRECTION('',(-1.85037170770859E-16,-1.,0.));
#5732=DIRECTION('',(0.,0.,1.));
#5733=DIRECTION('',(1.85037170770859E-16,1.,0.));
#5734=DIRECTION('center_axis',(0.,0.,-1.));
#5735=DIRECTION('ref_axis',(0.707106781186548,0.707106781186548,0.));
#5736=DIRECTION('center_axis',(0.,0.,1.));
#5737=DIRECTION('ref_axis',(0.707106781186548,0.707106781186548,0.));
#5738=DIRECTION('',(0.,0.,-1.));
#5739=DIRECTION('center_axis',(0.,0.,-1.));
#5740=DIRECTION('ref_axis',(0.707106781186548,0.707106781186548,0.));
#5741=DIRECTION('center_axis',(1.00929365875014E-16,1.,0.));
#5742=DIRECTION('ref_axis',(1.,-1.00929365875014E-16,0.));
#5743=DIRECTION('',(1.,-1.00929365875014E-16,0.));
#5744=DIRECTION('',(0.,0.,1.));
#5745=DIRECTION('',(-1.,1.00929365875014E-16,0.));
#5746=DIRECTION('center_axis',(0.,0.,-1.));
#5747=DIRECTION('ref_axis',(-0.707106781186548,0.707106781186548,0.));
#5748=DIRECTION('center_axis',(0.,0.,1.));
#5749=DIRECTION('ref_axis',(-0.707106781186548,0.707106781186548,0.));
#5750=DIRECTION('',(0.,0.,-1.));
#5751=DIRECTION('center_axis',(0.,0.,-1.));
#5752=DIRECTION('ref_axis',(-0.707106781186548,0.707106781186548,0.));
#5753=DIRECTION('center_axis',(-1.,-7.40148683083437E-16,0.));
#5754=DIRECTION('ref_axis',(-7.40148683083437E-16,1.,0.));
#5755=DIRECTION('',(7.40148683083437E-16,-1.,0.));
#5756=DIRECTION('',(-7.40148683083437E-16,1.,0.));
#5757=DIRECTION('center_axis',(-1.,0.,0.));
#5758=DIRECTION('ref_axis',(0.,0.707106781186548,0.707106781186547));
#5759=DIRECTION('center_axis',(-1.,0.,0.));
#5760=DIRECTION('ref_axis',(0.,0.,1.));
#5761=DIRECTION('',(-1.,0.,0.));
#5762=DIRECTION('center_axis',(1.,0.,0.));
#5763=DIRECTION('ref_axis',(0.,1.,0.));
#5764=DIRECTION('',(1.,0.,0.));
#5765=DIRECTION('center_axis',(0.,0.,1.));
#5766=DIRECTION('ref_axis',(1.,0.,0.));
#5767=DIRECTION('center_axis',(0.,-1.,0.));
#5768=DIRECTION('ref_axis',(0.,0.,1.));
#5769=DIRECTION('center_axis',(0.,0.,-1.));
#5770=DIRECTION('ref_axis',(0.707106781186547,-0.707106781186548,0.));
#5771=DIRECTION('center_axis',(0.,0.,1.));
#5772=DIRECTION('ref_axis',(0.707106781186547,-0.707106781186548,0.));
#5773=DIRECTION('center_axis',(0.,-1.,0.));
#5774=DIRECTION('ref_axis',(-0.707106781186554,0.,0.707106781186541));
#5775=DIRECTION('center_axis',(0.,-1.,0.));
#5776=DIRECTION('ref_axis',(0.,0.,1.));
#5777=DIRECTION('',(0.,-1.,0.));
#5778=DIRECTION('',(0.,1.,0.));
#5779=DIRECTION('center_axis',(0.,0.,1.));
#5780=DIRECTION('ref_axis',(1.,0.,0.));
#5781=DIRECTION('center_axis',(1.,0.,0.));
#5782=DIRECTION('ref_axis',(0.,0.,1.));
#5783=DIRECTION('center_axis',(0.,0.,-1.));
#5784=DIRECTION('ref_axis',(0.707106781186547,0.707106781186548,0.));
#5785=DIRECTION('center_axis',(0.,0.,1.));
#5786=DIRECTION('ref_axis',(0.707106781186547,0.707106781186548,0.));
#5787=DIRECTION('center_axis',(1.,0.,0.));
#5788=DIRECTION('ref_axis',(0.,-0.707106781186548,0.707106781186547));
#5789=DIRECTION('center_axis',(1.,0.,0.));
#5790=DIRECTION('ref_axis',(0.,0.,1.));
#5791=DIRECTION('',(1.,0.,0.));
#5792=DIRECTION('',(-1.,0.,0.));
#5793=DIRECTION('center_axis',(0.,-1.,0.));
#5794=DIRECTION('ref_axis',(-0.707106781186554,0.,0.707106781186541));
#5795=DIRECTION('center_axis',(0.,-1.,0.));
#5796=DIRECTION('ref_axis',(0.,0.,1.));
#5797=DIRECTION('',(0.,-1.,0.));
#5798=DIRECTION('center_axis',(0.,1.,0.));
#5799=DIRECTION('ref_axis',(-1.,0.,0.));
#5800=DIRECTION('',(0.,1.,0.));
#5801=DIRECTION('center_axis',(-0.408248290463861,-0.408248290463859,-0.816496580927729));
#5802=DIRECTION('ref_axis',(-0.577350269189626,-0.577350269189626,0.577350269189626));
#5803=DIRECTION('center_axis',(0.,0.,1.));
#5804=DIRECTION('ref_axis',(-0.70710678118655,-0.707106781186545,0.));
#5805=DIRECTION('center_axis',(-1.,0.,0.));
#5806=DIRECTION('ref_axis',(0.,0.707106781186549,0.707106781186546));
#5807=DIRECTION('center_axis',(-1.,0.,0.));
#5808=DIRECTION('ref_axis',(0.,0.,1.));
#5809=DIRECTION('',(-1.,0.,0.));
#5810=DIRECTION('center_axis',(1.,0.,0.));
#5811=DIRECTION('ref_axis',(0.,1.,0.));
#5812=DIRECTION('',(1.,0.,0.));
#5813=DIRECTION('center_axis',(-0.408248290463861,0.408248290463861,-0.816496580927728));
#5814=DIRECTION('ref_axis',(-0.577350269189626,0.577350269189626,0.577350269189626));
#5815=DIRECTION('center_axis',(0.,0.,1.));
#5816=DIRECTION('ref_axis',(-0.70710678118655,0.707106781186545,0.));
#5817=DIRECTION('center_axis',(0.,1.,0.));
#5818=DIRECTION('ref_axis',(0.707106781186554,0.,0.707106781186541));
#5819=DIRECTION('center_axis',(0.,1.,0.));
#5820=DIRECTION('ref_axis',(0.,0.,1.));
#5821=DIRECTION('',(0.,1.,0.));
#5822=DIRECTION('center_axis',(0.,-1.,0.));
#5823=DIRECTION('ref_axis',(1.,0.,0.));
#5824=DIRECTION('',(0.,-1.,0.));
#5825=DIRECTION('center_axis',(0.408248290463861,0.408248290463861,-0.816496580927728));
#5826=DIRECTION('ref_axis',(0.577350269189626,0.577350269189626,0.577350269189626));
#5827=DIRECTION('center_axis',(0.,0.,1.));
#5828=DIRECTION('ref_axis',(0.70710678118655,0.707106781186545,0.));
#5829=DIRECTION('center_axis',(1.,0.,0.));
#5830=DIRECTION('ref_axis',(0.,-0.707106781186548,0.707106781186547));
#5831=DIRECTION('center_axis',(1.,0.,0.));
#5832=DIRECTION('ref_axis',(0.,0.,1.));
#5833=DIRECTION('',(1.,0.,0.));
#5834=DIRECTION('center_axis',(-1.,0.,0.));
#5835=DIRECTION('ref_axis',(0.,-1.,0.));
#5836=DIRECTION('',(-1.,0.,0.));
#5837=DIRECTION('center_axis',(0.,0.,1.));
#5838=DIRECTION('ref_axis',(1.,0.,0.));
#5839=DIRECTION('center_axis',(0.,1.,0.));
#5840=DIRECTION('ref_axis',(0.,0.,1.));
#5841=DIRECTION('center_axis',(0.,0.,-1.));
#5842=DIRECTION('ref_axis',(-0.707106781186547,0.707106781186548,0.));
#5843=DIRECTION('center_axis',(0.,0.,1.));
#5844=DIRECTION('ref_axis',(-0.707106781186547,0.707106781186548,0.));
#5845=DIRECTION('center_axis',(0.,1.,0.));
#5846=DIRECTION('ref_axis',(0.707106781186554,0.,0.707106781186541));
#5847=DIRECTION('center_axis',(0.,1.,0.));
#5848=DIRECTION('ref_axis',(0.,0.,1.));
#5849=DIRECTION('',(0.,1.,0.));
#5850=DIRECTION('',(0.,-1.,0.));
#5851=DIRECTION('center_axis',(0.,0.,1.));
#5852=DIRECTION('ref_axis',(1.,0.,0.));
#5853=DIRECTION('center_axis',(-1.,0.,0.));
#5854=DIRECTION('ref_axis',(0.,0.,1.));
#5855=DIRECTION('center_axis',(0.,0.,-1.));
#5856=DIRECTION('ref_axis',(-0.707106781186547,-0.707106781186548,0.));
#5857=DIRECTION('center_axis',(0.,0.,1.));
#5858=DIRECTION('ref_axis',(-0.707106781186547,-0.707106781186548,0.));
#5859=DIRECTION('center_axis',(-1.,0.,0.));
#5860=DIRECTION('ref_axis',(0.,0.707106781186548,0.707106781186547));
#5861=DIRECTION('center_axis',(-1.,0.,0.));
#5862=DIRECTION('ref_axis',(0.,0.,1.));
#5863=DIRECTION('',(-1.,0.,0.));
#5864=DIRECTION('',(1.,0.,0.));
#5865=DIRECTION('center_axis',(0.408248290463861,-0.408248290463859,-0.816496580927729));
#5866=DIRECTION('ref_axis',(0.577350269189626,-0.577350269189626,0.577350269189626));
#5867=DIRECTION('center_axis',(0.,0.,1.));
#5868=DIRECTION('ref_axis',(0.707106781186549,-0.707106781186546,0.));
#5869=DIRECTION('center_axis',(0.,1.,0.));
#5870=DIRECTION('ref_axis',(0.707106781186554,0.,0.707106781186541));
#5871=DIRECTION('center_axis',(0.,1.,0.));
#5872=DIRECTION('ref_axis',(0.,0.,1.));
#5873=DIRECTION('',(0.,1.,0.));
#5874=DIRECTION('center_axis',(0.,-1.,0.));
#5875=DIRECTION('ref_axis',(1.,0.,0.));
#5876=DIRECTION('',(0.,-1.,0.));
#5877=DIRECTION('center_axis',(0.408248290463861,0.408248290463859,-0.816496580927729));
#5878=DIRECTION('ref_axis',(0.577350269189626,0.577350269189626,0.577350269189626));
#5879=DIRECTION('center_axis',(0.,0.,1.));
#5880=DIRECTION('ref_axis',(0.70710678118655,0.707106781186545,0.));
#5881=DIRECTION('center_axis',(1.,0.,0.));
#5882=DIRECTION('ref_axis',(0.,-0.707106781186549,0.707106781186546));
#5883=DIRECTION('center_axis',(1.,0.,0.));
#5884=DIRECTION('ref_axis',(0.,0.,1.));
#5885=DIRECTION('',(1.,0.,0.));
#5886=DIRECTION('center_axis',(-1.,0.,0.));
#5887=DIRECTION('ref_axis',(0.,-1.,0.));
#5888=DIRECTION('',(-1.,0.,0.));
#5889=DIRECTION('center_axis',(0.408248290463861,-0.408248290463861,-0.816496580927728));
#5890=DIRECTION('ref_axis',(0.577350269189626,-0.577350269189626,0.577350269189626));
#5891=DIRECTION('center_axis',(0.,0.,1.));
#5892=DIRECTION('ref_axis',(0.70710678118655,-0.707106781186545,0.));
#5893=DIRECTION('center_axis',(0.,-1.,0.));
#5894=DIRECTION('ref_axis',(-0.707106781186554,0.,0.707106781186541));
#5895=DIRECTION('center_axis',(0.,-1.,0.));
#5896=DIRECTION('ref_axis',(0.,0.,1.));
#5897=DIRECTION('',(0.,-1.,0.));
#5898=DIRECTION('center_axis',(0.,1.,0.));
#5899=DIRECTION('ref_axis',(-1.,0.,0.));
#5900=DIRECTION('',(0.,1.,0.));
#5901=DIRECTION('center_axis',(-0.408248290463861,-0.408248290463861,-0.816496580927728));
#5902=DIRECTION('ref_axis',(-0.577350269189626,-0.577350269189626,0.577350269189626));
#5903=DIRECTION('center_axis',(0.,0.,1.));
#5904=DIRECTION('ref_axis',(-0.70710678118655,-0.707106781186545,0.));
#5905=DIRECTION('center_axis',(-0.408248290463861,0.408248290463859,-0.816496580927729));
#5906=DIRECTION('ref_axis',(-0.577350269189626,0.577350269189626,0.577350269189626));
#5907=DIRECTION('center_axis',(0.,0.,1.));
#5908=DIRECTION('ref_axis',(-0.707106781186549,0.707106781186546,0.));
#5909=DIRECTION('center_axis',(0.,0.,1.));
#5910=DIRECTION('ref_axis',(0.707106781186552,-0.707106781186543,0.));
#5911=DIRECTION('',(0.,0.,-1.));
#5912=DIRECTION('center_axis',(0.,0.,-1.));
#5913=DIRECTION('ref_axis',(0.707106781186552,-0.707106781186543,0.));
#5914=DIRECTION('',(0.,0.,1.));
#5915=DIRECTION('center_axis',(0.,-1.,0.));
#5916=DIRECTION('ref_axis',(1.,0.,0.));
#5917=DIRECTION('',(0.,0.,1.));
#5918=DIRECTION('',(-1.,0.,0.));
#5919=DIRECTION('center_axis',(0.,0.,1.));
#5920=DIRECTION('ref_axis',(-0.707106781186552,0.707106781186543,0.));
#5921=DIRECTION('',(0.,0.,-1.));
#5922=DIRECTION('center_axis',(0.,0.,1.));
#5923=DIRECTION('ref_axis',(-0.707106781186552,0.707106781186543,0.));
#5924=DIRECTION('center_axis',(1.,0.,0.));
#5925=DIRECTION('ref_axis',(0.,1.,0.));
#5926=DIRECTION('',(0.,0.,1.));
#5927=DIRECTION('',(0.,-1.,0.));
#5928=DIRECTION('center_axis',(0.,0.,1.));
#5929=DIRECTION('ref_axis',(-0.707106781186552,-0.707106781186543,0.));
#5930=DIRECTION('',(0.,0.,-1.));
#5931=DIRECTION('center_axis',(0.,0.,1.));
#5932=DIRECTION('ref_axis',(-0.707106781186552,-0.707106781186543,0.));
#5933=DIRECTION('center_axis',(0.,1.,0.));
#5934=DIRECTION('ref_axis',(-1.,0.,0.));
#5935=DIRECTION('',(0.,0.,1.));
#5936=DIRECTION('',(1.,0.,0.));
#5937=DIRECTION('center_axis',(0.,0.,1.));
#5938=DIRECTION('ref_axis',(0.707106781186553,0.707106781186542,0.));
#5939=DIRECTION('',(0.,0.,-1.));
#5940=DIRECTION('center_axis',(0.,0.,-1.));
#5941=DIRECTION('ref_axis',(0.707106781186553,0.707106781186542,0.));
#5942=DIRECTION('center_axis',(1.,0.,0.));
#5943=DIRECTION('ref_axis',(0.,1.,0.));
#5944=DIRECTION('',(0.,0.,1.));
#5945=DIRECTION('',(0.,-1.,0.));
#5946=DIRECTION('center_axis',(0.,0.,1.));
#5947=DIRECTION('ref_axis',(0.707106781186552,-0.707106781186543,0.));
#5948=DIRECTION('',(0.,0.,-1.));
#5949=DIRECTION('center_axis',(0.,0.,-1.));
#5950=DIRECTION('ref_axis',(0.707106781186552,-0.707106781186543,0.));
#5951=DIRECTION('center_axis',(0.,-1.,0.));
#5952=DIRECTION('ref_axis',(1.,0.,0.));
#5953=DIRECTION('',(0.,0.,1.));
#5954=DIRECTION('',(-1.,0.,0.));
#5955=DIRECTION('center_axis',(0.,0.,1.));
#5956=DIRECTION('ref_axis',(-0.707106781186552,-0.707106781186543,0.));
#5957=DIRECTION('',(0.,0.,-1.));
#5958=DIRECTION('center_axis',(0.,0.,-1.));
#5959=DIRECTION('ref_axis',(-0.707106781186552,-0.707106781186543,0.));
#5960=DIRECTION('center_axis',(-1.,0.,0.));
#5961=DIRECTION('ref_axis',(0.,-1.,0.));
#5962=DIRECTION('',(0.,0.,1.));
#5963=DIRECTION('',(0.,1.,0.));
#5964=DIRECTION('center_axis',(0.,0.,1.));
#5965=DIRECTION('ref_axis',(-1.,0.,0.));
#5966=DIRECTION('center_axis',(0.,0.,-1.));
#5967=DIRECTION('ref_axis',(-1.,0.,0.));
#5968=DIRECTION('center_axis',(0.,0.,-1.));
#5969=DIRECTION('ref_axis',(-1.,0.,0.));
#5970=DIRECTION('center_axis',(1.,0.,0.));
#5971=DIRECTION('ref_axis',(0.,-0.707106781186546,0.707106781186549));
#5972=DIRECTION('center_axis',(1.,0.,0.));
#5973=DIRECTION('ref_axis',(0.,0.,1.));
#5974=DIRECTION('center_axis',(-1.,0.,0.));
#5975=DIRECTION('ref_axis',(0.,-1.,0.));
#5976=DIRECTION('',(-1.,0.,0.));
#5977=DIRECTION('center_axis',(0.,-1.,0.));
#5978=DIRECTION('ref_axis',(-0.70710678118654,0.,0.707106781186555));
#5979=DIRECTION('center_axis',(0.,-1.,0.));
#5980=DIRECTION('ref_axis',(0.,0.,1.));
#5981=DIRECTION('',(0.,-1.,0.));
#5982=DIRECTION('center_axis',(0.,1.,0.));
#5983=DIRECTION('ref_axis',(-1.,0.,0.));
#5984=DIRECTION('',(0.,1.,0.));
#5985=DIRECTION('center_axis',(-0.40824829046386,-0.40824829046386,-0.816496580927729));
#5986=DIRECTION('ref_axis',(-0.577350269189626,-0.577350269189626,0.577350269189626));
#5987=DIRECTION('center_axis',(0.,0.,1.));
#5988=DIRECTION('ref_axis',(-0.70710678118655,-0.707106781186545,0.));
#5989=DIRECTION('center_axis',(-1.,0.,0.));
#5990=DIRECTION('ref_axis',(0.,0.707106781186546,0.707106781186549));
#5991=DIRECTION('center_axis',(-1.,0.,0.));
#5992=DIRECTION('ref_axis',(0.,0.,1.));
#5993=DIRECTION('center_axis',(1.,0.,0.));
#5994=DIRECTION('ref_axis',(0.,1.,0.));
#5995=DIRECTION('',(1.,0.,0.));
#5996=DIRECTION('center_axis',(-0.40824829046386,-0.816496580927727,0.408248290463865));
#5997=DIRECTION('ref_axis',(-0.577350269189623,0.577350269189627,0.577350269189627));
#5998=DIRECTION('center_axis',(0.,0.,1.));
#5999=DIRECTION('ref_axis',(-0.707106781186543,0.707106781186552,0.));
#6000=DIRECTION('center_axis',(0.,1.,0.));
#6001=DIRECTION('ref_axis',(0.70710678118654,0.,0.707106781186555));
#6002=DIRECTION('center_axis',(0.,1.,0.));
#6003=DIRECTION('ref_axis',(0.,0.,1.));
#6004=DIRECTION('',(0.,1.,0.));
#6005=DIRECTION('center_axis',(0.,-1.,0.));
#6006=DIRECTION('ref_axis',(1.,0.,0.));
#6007=DIRECTION('',(0.,-1.,0.));
#6008=DIRECTION('center_axis',(0.40824829046386,0.40824829046386,-0.816496580927729));
#6009=DIRECTION('ref_axis',(0.577350269189626,0.577350269189626,0.577350269189626));
#6010=DIRECTION('center_axis',(0.,0.,1.));
#6011=DIRECTION('ref_axis',(0.70710678118655,0.707106781186545,0.));
#6012=DIRECTION('center_axis',(-0.40824829046386,-0.816496580927727,-0.408248290463865));
#6013=DIRECTION('ref_axis',(0.577350269189623,-0.577350269189627,0.577350269189627));
#6014=DIRECTION('center_axis',(0.,0.,1.));
#6015=DIRECTION('ref_axis',(0.707106781186543,-0.707106781186552,0.));
#6016=DIRECTION('center_axis',(0.,0.,1.));
#6017=DIRECTION('ref_axis',(-0.707106781186541,0.707106781186554,0.));
#6018=DIRECTION('',(0.,0.,1.));
#6019=DIRECTION('center_axis',(0.,0.,1.));
#6020=DIRECTION('ref_axis',(0.707106781186554,0.707106781186541,0.));
#6021=DIRECTION('',(0.,0.,-1.));
#6022=DIRECTION('center_axis',(0.,0.,-1.));
#6023=DIRECTION('ref_axis',(0.707106781186554,0.707106781186541,0.));
#6024=DIRECTION('center_axis',(1.,0.,0.));
#6025=DIRECTION('ref_axis',(0.,1.,0.));
#6026=DIRECTION('',(0.,0.,1.));
#6027=DIRECTION('',(0.,-1.,0.));
#6028=DIRECTION('center_axis',(0.,0.,1.));
#6029=DIRECTION('ref_axis',(-1.,0.,0.));
#6030=DIRECTION('center_axis',(0.,0.,-1.));
#6031=DIRECTION('ref_axis',(-1.,0.,0.));
#6032=DIRECTION('center_axis',(0.,0.,-1.));
#6033=DIRECTION('ref_axis',(-1.,0.,0.));
#6034=DIRECTION('center_axis',(0.,0.,-1.));
#6035=DIRECTION('ref_axis',(-1.,0.,0.));
#6036=DIRECTION('center_axis',(0.,0.,-1.));
#6037=DIRECTION('ref_axis',(-1.,0.,0.));
#6038=DIRECTION('center_axis',(-1.,0.,0.));
#6039=DIRECTION('ref_axis',(0.,-1.,0.));
#6040=DIRECTION('',(0.,0.,-1.));
#6041=DIRECTION('center_axis',(0.,0.,1.));
#6042=DIRECTION('ref_axis',(-0.707106781186554,-0.707106781186541,0.));
#6043=DIRECTION('center_axis',(0.,0.,1.));
#6044=DIRECTION('ref_axis',(0.707106781186541,-0.707106781186554,0.));
#6045=DIRECTION('center_axis',(0.,0.,-1.));
#6046=DIRECTION('ref_axis',(0.707106781186541,-0.707106781186554,0.));
#6047=DIRECTION('center_axis',(0.,0.,1.));
#6048=DIRECTION('ref_axis',(0.707106781186552,0.707106781186543,0.));
#6049=DIRECTION('',(0.,0.,-1.));
#6050=DIRECTION('center_axis',(0.,0.,1.));
#6051=DIRECTION('ref_axis',(0.707106781186552,0.707106781186543,0.));
#6052=DIRECTION('',(0.,0.,1.));
#6053=DIRECTION('center_axis',(-1.,0.,0.));
#6054=DIRECTION('ref_axis',(0.,-1.,0.));
#6055=DIRECTION('',(0.,1.,0.));
#6056=DIRECTION('',(0.,0.,-1.));
#6057=DIRECTION('center_axis',(0.,0.,1.));
#6058=DIRECTION('ref_axis',(0.707106781186552,-0.707106781186543,0.));
#6059=DIRECTION('center_axis',(0.,0.,1.));
#6060=DIRECTION('ref_axis',(0.707106781186552,-0.707106781186543,0.));
#6061=DIRECTION('',(0.,0.,1.));
#6062=DIRECTION('center_axis',(0.,1.,0.));
#6063=DIRECTION('ref_axis',(-1.,0.,0.));
#6064=DIRECTION('',(1.,0.,0.));
#6065=DIRECTION('',(0.,0.,-1.));
#6066=DIRECTION('center_axis',(0.,0.,1.));
#6067=DIRECTION('ref_axis',(-0.707106781186552,0.707106781186543,0.));
#6068=DIRECTION('center_axis',(0.,0.,-1.));
#6069=DIRECTION('ref_axis',(-0.707106781186552,0.707106781186543,0.));
#6070=DIRECTION('center_axis',(1.,0.,0.));
#6071=DIRECTION('ref_axis',(0.,1.,0.));
#6072=DIRECTION('',(0.,-1.,0.));
#6073=DIRECTION('',(0.,0.,-1.));
#6074=DIRECTION('center_axis',(0.,0.,1.));
#6075=DIRECTION('ref_axis',(0.707106781186552,0.707106781186543,0.));
#6076=DIRECTION('center_axis',(0.,0.,-1.));
#6077=DIRECTION('ref_axis',(0.707106781186552,0.707106781186543,0.));
#6078=DIRECTION('',(0.,0.,1.));
#6079=DIRECTION('center_axis',(0.,0.,1.));
#6080=DIRECTION('ref_axis',(-0.707106781186553,-0.707106781186542,0.));
#6081=DIRECTION('',(0.,0.,-1.));
#6082=DIRECTION('center_axis',(0.,0.,-1.));
#6083=DIRECTION('ref_axis',(-0.707106781186553,-0.707106781186542,0.));
#6084=DIRECTION('',(0.,0.,1.));
#6085=DIRECTION('center_axis',(-1.,0.,0.));
#6086=DIRECTION('ref_axis',(0.,-1.,0.));
#6087=DIRECTION('',(0.,0.,1.));
#6088=DIRECTION('',(0.,1.,0.));
#6089=DIRECTION('center_axis',(0.,0.,1.));
#6090=DIRECTION('ref_axis',(-0.707106781186552,0.707106781186543,0.));
#6091=DIRECTION('',(0.,0.,-1.));
#6092=DIRECTION('center_axis',(0.,0.,-1.));
#6093=DIRECTION('ref_axis',(-0.707106781186552,0.707106781186543,0.));
#6094=DIRECTION('center_axis',(0.,0.,1.));
#6095=DIRECTION('ref_axis',(1.,0.,0.));
#6096=DIRECTION('',(2.59680023516143E-9,-1.,0.));
#6097=DIRECTION('center_axis',(0.,0.,1.));
#6098=DIRECTION('ref_axis',(-1.,0.,0.));
#6099=DIRECTION('center_axis',(0.,0.,-1.));
#6100=DIRECTION('ref_axis',(-1.,0.,0.));
#6101=DIRECTION('',(1.,0.,0.));
#6102=DIRECTION('center_axis',(0.,0.,-1.));
#6103=DIRECTION('ref_axis',(-1.,0.,0.));
#6104=DIRECTION('',(0.272178025153509,-0.962246913543263,0.));
#6105=DIRECTION('center_axis',(0.,0.,1.));
#6106=DIRECTION('ref_axis',(-1.,0.,0.));
#6107=DIRECTION('',(1.,1.96500927914313E-16,0.));
#6108=DIRECTION('center_axis',(0.,0.,1.));
#6109=DIRECTION('ref_axis',(-1.,0.,0.));
#6110=DIRECTION('',(0.,1.,0.));
#6111=DIRECTION('center_axis',(0.,0.,1.));
#6112=DIRECTION('ref_axis',(-1.,0.,0.));
#6113=DIRECTION('',(-1.,0.,0.));
#6114=DIRECTION('center_axis',(0.,0.,1.));
#6115=DIRECTION('ref_axis',(-1.,0.,0.));
#6116=DIRECTION('',(-0.272178321889875,-0.962246829609332,0.));
#6117=DIRECTION('center_axis',(0.,0.,-1.));
#6118=DIRECTION('ref_axis',(-1.,0.,0.));
#6119=DIRECTION('',(-1.,-1.98618899105505E-12,0.));
#6120=DIRECTION('center_axis',(0.,0.,-1.));
#6121=DIRECTION('ref_axis',(-1.,0.,0.));
#6122=DIRECTION('center_axis',(0.,0.,1.));
#6123=DIRECTION('ref_axis',(-1.,0.,0.));
#6124=DIRECTION('',(-1.,0.,0.));
#6125=DIRECTION('',(1.,0.,0.));
#6126=DIRECTION('center_axis',(0.,0.,-1.));
#6127=DIRECTION('ref_axis',(-1.,0.,0.));
#6128=DIRECTION('center_axis',(0.,0.,-1.));
#6129=DIRECTION('ref_axis',(-1.,0.,0.));
#6130=DIRECTION('center_axis',(0.,0.,-1.));
#6131=DIRECTION('ref_axis',(-1.,0.,0.));
#6132=DIRECTION('',(-1.,1.09381578780804E-16,0.));
#6133=DIRECTION('center_axis',(0.,0.,1.));
#6134=DIRECTION('ref_axis',(-0.707106781186544,-0.707106781186551,0.));
#6135=DIRECTION('',(0.,1.,0.));
#6136=DIRECTION('center_axis',(0.,0.,1.));
#6137=DIRECTION('ref_axis',(-0.707106781186548,0.707106781186548,0.));
#6138=DIRECTION('',(1.,0.,0.));
#6139=DIRECTION('center_axis',(0.,0.,1.));
#6140=DIRECTION('ref_axis',(0.707106781186544,0.707106781186551,0.));
#6141=DIRECTION('',(0.,-1.,0.));
#6142=DIRECTION('center_axis',(0.,0.,1.));
#6143=DIRECTION('ref_axis',(0.707106781186548,-0.707106781186548,0.));
#6144=DIRECTION('center_axis',(0.,0.,-1.));
#6145=DIRECTION('ref_axis',(-1.,0.,0.));
#6146=DIRECTION('center_axis',(0.,0.,-1.));
#6147=DIRECTION('ref_axis',(-1.,0.,0.));
#6148=DIRECTION('center_axis',(0.,0.,-1.));
#6149=DIRECTION('ref_axis',(-1.,0.,0.));
#6150=DIRECTION('center_axis',(0.,0.,-1.));
#6151=DIRECTION('ref_axis',(-1.,0.,0.));
#6152=DIRECTION('center_axis',(0.,0.,-1.));
#6153=DIRECTION('ref_axis',(-1.,0.,0.));
#6154=DIRECTION('center_axis',(0.,0.,-1.));
#6155=DIRECTION('ref_axis',(-1.,0.,0.));
#6156=DIRECTION('center_axis',(0.,0.,-1.));
#6157=DIRECTION('ref_axis',(-1.,0.,0.));
#6158=DIRECTION('center_axis',(0.,0.,-1.));
#6159=DIRECTION('ref_axis',(-1.,0.,0.));
#6160=DIRECTION('center_axis',(0.,0.,-1.));
#6161=DIRECTION('ref_axis',(-1.,0.,0.));
#6162=DIRECTION('center_axis',(0.,-1.,0.));
#6163=DIRECTION('ref_axis',(1.,0.,0.));
#6164=DIRECTION('center_axis',(0.,1.,0.));
#6165=DIRECTION('ref_axis',(-1.,0.,0.));
#6166=DIRECTION('center_axis',(0.,0.,1.));
#6167=DIRECTION('ref_axis',(-1.,0.,0.));
#6168=DIRECTION('center_axis',(0.,0.,1.));
#6169=DIRECTION('ref_axis',(-1.,0.,0.));
#6170=DIRECTION('',(0.,0.,-1.));
#6171=DIRECTION('center_axis',(0.,0.,-1.));
#6172=DIRECTION('ref_axis',(-1.,0.,0.));
#6173=DIRECTION('center_axis',(0.,0.,1.));
#6174=DIRECTION('ref_axis',(-1.,0.,0.));
#6175=DIRECTION('center_axis',(0.,0.,-1.));
#6176=DIRECTION('ref_axis',(-1.,0.,0.));
#6177=DIRECTION('center_axis',(-1.,1.4802973551378E-15,0.));
#6178=DIRECTION('ref_axis',(-1.4802973551378E-15,-1.,0.));
#6179=DIRECTION('',(1.4802973551378E-15,1.,0.));
#6180=DIRECTION('',(0.,0.,1.));
#6181=DIRECTION('center_axis',(-2.5968001361454E-9,1.,0.));
#6182=DIRECTION('ref_axis',(-1.,-2.5968001361454E-9,0.));
#6183=DIRECTION('',(1.,2.5968001361454E-9,0.));
#6184=DIRECTION('center_axis',(1.,2.59680023516143E-9,0.));
#6185=DIRECTION('ref_axis',(-2.59680023516143E-9,1.,0.));
#6186=DIRECTION('center_axis',(0.,0.,1.));
#6187=DIRECTION('ref_axis',(1.,0.,0.));
#6188=DIRECTION('center_axis',(0.,0.,-1.));
#6189=DIRECTION('ref_axis',(-1.,0.,0.));
#6190=DIRECTION('center_axis',(0.,0.,1.));
#6191=DIRECTION('ref_axis',(1.,0.,0.));
#6192=DIRECTION('center_axis',(0.,0.,-1.));
#6193=DIRECTION('ref_axis',(-1.,0.,0.));
#6194=DIRECTION('',(-0.27663933449297,0.960973817859408,0.));
#6195=DIRECTION('center_axis',(0.,0.,1.));
#6196=DIRECTION('ref_axis',(-1.,0.,0.));
#6197=DIRECTION('',(-1.,0.,0.));
#6198=DIRECTION('center_axis',(0.,0.,1.));
#6199=DIRECTION('ref_axis',(-1.,0.,0.));
#6200=DIRECTION('',(0.,-1.,0.));
#6201=DIRECTION('center_axis',(0.,0.,1.));
#6202=DIRECTION('ref_axis',(-1.,0.,0.));
#6203=DIRECTION('',(1.,0.,0.));
#6204=DIRECTION('center_axis',(0.,0.,1.));
#6205=DIRECTION('ref_axis',(-1.,0.,0.));
#6206=DIRECTION('',(0.276639327648325,0.960973819829803,0.));
#6207=DIRECTION('center_axis',(0.,0.,-1.));
#6208=DIRECTION('ref_axis',(-1.,0.,0.));
#6209=DIRECTION('center_axis',(0.,0.,-1.));
#6210=DIRECTION('ref_axis',(-1.,0.,0.));
#6211=DIRECTION('center_axis',(0.,0.,-1.));
#6212=DIRECTION('ref_axis',(-1.,0.,0.));
#6213=DIRECTION('center_axis',(0.,0.,-1.));
#6214=DIRECTION('ref_axis',(-1.,0.,0.));
#6215=DIRECTION('',(1.,-3.82835525732813E-16,0.));
#6216=DIRECTION('center_axis',(0.,0.,-1.));
#6217=DIRECTION('ref_axis',(1.,0.,0.));
#6218=DIRECTION('',(0.,-1.,0.));
#6219=DIRECTION('center_axis',(0.,0.,-1.));
#6220=DIRECTION('ref_axis',(0.,-1.,0.));
#6221=DIRECTION('',(-1.,0.,0.));
#6222=DIRECTION('center_axis',(0.,0.,-1.));
#6223=DIRECTION('ref_axis',(-1.,0.,0.));
#6224=DIRECTION('',(0.,1.,0.));
#6225=DIRECTION('center_axis',(0.,0.,-1.));
#6226=DIRECTION('ref_axis',(0.,1.,0.));
#6227=DIRECTION('center_axis',(0.,0.,-1.));
#6228=DIRECTION('ref_axis',(-1.,0.,0.));
#6229=DIRECTION('center_axis',(0.,0.,-1.));
#6230=DIRECTION('ref_axis',(-1.,0.,0.));
#6231=DIRECTION('center_axis',(0.,0.,-1.));
#6232=DIRECTION('ref_axis',(-1.,-2.22044604925031E-15,0.));
#6233=DIRECTION('',(7.40148683083438E-16,1.,0.));
#6234=DIRECTION('center_axis',(0.,0.,-1.));
#6235=DIRECTION('ref_axis',(0.,1.,0.));
#6236=DIRECTION('',(1.,-7.65671051465625E-16,0.));
#6237=DIRECTION('center_axis',(0.,0.,-1.));
#6238=DIRECTION('ref_axis',(1.,0.,0.));
#6239=DIRECTION('',(-7.40148683083439E-16,-1.,0.));
#6240=DIRECTION('center_axis',(0.,0.,-1.));
#6241=DIRECTION('ref_axis',(3.33066907387547E-15,-1.,0.));
#6242=DIRECTION('',(-1.,0.,0.));
#6243=DIRECTION('center_axis',(0.,0.,-1.));
#6244=DIRECTION('ref_axis',(-1.,0.,0.));
#6245=DIRECTION('center_axis',(0.,0.,-1.));
#6246=DIRECTION('ref_axis',(-4.44089209850062E-15,1.,0.));
#6247=DIRECTION('',(1.,1.53134210293125E-15,0.));
#6248=DIRECTION('center_axis',(0.,0.,-1.));
#6249=DIRECTION('ref_axis',(1.,0.,0.));
#6250=DIRECTION('',(0.,-1.,0.));
#6251=DIRECTION('center_axis',(0.,0.,-1.));
#6252=DIRECTION('ref_axis',(1.11022302462516E-15,-1.,0.));
#6253=DIRECTION('',(-1.,0.,0.));
#6254=DIRECTION('center_axis',(0.,0.,-1.));
#6255=DIRECTION('ref_axis',(-1.,-4.4408920985006E-15,0.));
#6256=DIRECTION('',(0.,1.,0.));
#6257=DIRECTION('center_axis',(0.,0.,-1.));
#6258=DIRECTION('ref_axis',(-1.,0.,0.));
#6259=DIRECTION('center_axis',(0.,0.,-1.));
#6260=DIRECTION('ref_axis',(-1.,0.,0.));
#6261=DIRECTION('center_axis',(0.,0.,-1.));
#6262=DIRECTION('ref_axis',(-1.,0.,0.));
#6263=DIRECTION('center_axis',(0.,0.,-1.));
#6264=DIRECTION('ref_axis',(-1.,0.,0.));
#6265=DIRECTION('center_axis',(0.,0.,-1.));
#6266=DIRECTION('ref_axis',(-1.,0.,0.));
#6267=DIRECTION('center_axis',(0.,0.,-1.));
#6268=DIRECTION('ref_axis',(-1.,0.,0.));
#6269=DIRECTION('center_axis',(0.,0.,-1.));
#6270=DIRECTION('ref_axis',(-3.33066907387547E-15,-1.,0.));
#6271=DIRECTION('',(-1.,0.,0.));
#6272=DIRECTION('center_axis',(0.,0.,-1.));
#6273=DIRECTION('ref_axis',(-1.,0.,0.));
#6274=DIRECTION('',(9.86864910777915E-16,1.,0.));
#6275=DIRECTION('center_axis',(0.,0.,-1.));
#6276=DIRECTION('ref_axis',(0.,1.,0.));
#6277=DIRECTION('',(1.,0.,0.));
#6278=DIRECTION('center_axis',(0.,0.,-1.));
#6279=DIRECTION('ref_axis',(1.,-4.44089209850064E-15,0.));
#6280=DIRECTION('',(4.93432455388957E-16,-1.,0.));
#6281=DIRECTION('center_axis',(0.,0.,-1.));
#6282=DIRECTION('ref_axis',(-1.,0.,0.));
#6283=DIRECTION('center_axis',(0.,0.,-1.));
#6284=DIRECTION('ref_axis',(-1.,0.,0.));
#6285=DIRECTION('center_axis',(0.,0.,-1.));
#6286=DIRECTION('ref_axis',(-1.,0.,0.));
#6287=DIRECTION('',(0.,1.,0.));
#6288=DIRECTION('center_axis',(0.,0.,-1.));
#6289=DIRECTION('ref_axis',(0.,1.,0.));
#6290=DIRECTION('',(1.,1.53134210293125E-15,0.));
#6291=DIRECTION('center_axis',(0.,0.,-1.));
#6292=DIRECTION('ref_axis',(1.,0.,0.));
#6293=DIRECTION('',(0.,-1.,0.));
#6294=DIRECTION('center_axis',(0.,0.,-1.));
#6295=DIRECTION('ref_axis',(0.,-1.,0.));
#6296=DIRECTION('',(-1.,-1.53134210293125E-15,0.));
#6297=DIRECTION('center_axis',(0.,0.,-1.));
#6298=DIRECTION('ref_axis',(-1.,0.,0.));
#6299=DIRECTION('center_axis',(0.,0.,-1.));
#6300=DIRECTION('ref_axis',(0.,1.,0.));
#6301=DIRECTION('',(1.,-1.53134210293125E-15,0.));
#6302=DIRECTION('center_axis',(0.,0.,-1.));
#6303=DIRECTION('ref_axis',(1.,0.,0.));
#6304=DIRECTION('',(0.,-1.,0.));
#6305=DIRECTION('center_axis',(0.,0.,-1.));
#6306=DIRECTION('ref_axis',(-1.11022302462516E-15,-1.,0.));
#6307=DIRECTION('',(-1.,-7.65671051465625E-16,0.));
#6308=DIRECTION('center_axis',(0.,0.,-1.));
#6309=DIRECTION('ref_axis',(-1.,0.,0.));
#6310=DIRECTION('',(0.,1.,0.));
#6311=DIRECTION('center_axis',(0.,0.,-1.));
#6312=DIRECTION('ref_axis',(-1.,0.,0.));
#6313=DIRECTION('center_axis',(0.,0.,-1.));
#6314=DIRECTION('ref_axis',(-1.,0.,0.));
#6315=DIRECTION('center_axis',(0.,0.,-1.));
#6316=DIRECTION('ref_axis',(-1.,0.,0.));
#6317=DIRECTION('center_axis',(0.,0.,1.));
#6318=DIRECTION('ref_axis',(-1.,0.,0.));
#6319=DIRECTION('center_axis',(0.,0.,1.));
#6320=DIRECTION('ref_axis',(-1.,0.,0.));
#6321=DIRECTION('',(0.,0.,-1.));
#6322=DIRECTION('center_axis',(0.,0.,1.));
#6323=DIRECTION('ref_axis',(-1.,0.,0.));
#6324=DIRECTION('center_axis',(0.,0.,-1.));
#6325=DIRECTION('ref_axis',(-1.,0.,0.));
#6326=DIRECTION('center_axis',(0.,0.,-1.));
#6327=DIRECTION('ref_axis',(-1.,0.,0.));
#6328=DIRECTION('center_axis',(0.,0.,-1.));
#6329=DIRECTION('ref_axis',(-1.,0.,0.));
#6330=DIRECTION('',(0.27663933449297,-0.960973817859408,0.));
#6331=DIRECTION('center_axis',(0.,0.,1.));
#6332=DIRECTION('ref_axis',(-1.,0.,0.));
#6333=DIRECTION('center_axis',(0.,0.,-1.));
#6334=DIRECTION('ref_axis',(-1.,0.,0.));
#6335=DIRECTION('center_axis',(0.,0.,1.));
#6336=DIRECTION('ref_axis',(-1.,0.,0.));
#6337=DIRECTION('',(1.,1.98618899105505E-12,0.));
#6338=DIRECTION('center_axis',(0.,0.,1.));
#6339=DIRECTION('ref_axis',(-1.,0.,0.));
#6340=DIRECTION('',(0.272178321889875,0.962246829609332,0.));
#6341=DIRECTION('center_axis',(0.,0.,-1.));
#6342=DIRECTION('ref_axis',(-1.,0.,0.));
#6343=DIRECTION('',(1.,0.,0.));
#6344=DIRECTION('center_axis',(0.,0.,-1.));
#6345=DIRECTION('ref_axis',(-1.,0.,0.));
#6346=DIRECTION('',(0.,-1.,0.));
#6347=DIRECTION('center_axis',(0.,0.,-1.));
#6348=DIRECTION('ref_axis',(-1.,0.,0.));
#6349=DIRECTION('',(-1.,-1.96500927914313E-16,0.));
#6350=DIRECTION('center_axis',(0.,0.,-1.));
#6351=DIRECTION('ref_axis',(-1.,0.,0.));
#6352=DIRECTION('',(-0.272178025153509,0.962246913543263,0.));
#6353=DIRECTION('center_axis',(0.,0.,1.));
#6354=DIRECTION('ref_axis',(-1.,0.,0.));
#6355=DIRECTION('',(-1.,0.,0.));
#6356=DIRECTION('center_axis',(0.,0.,1.));
#6357=DIRECTION('ref_axis',(-1.,0.,0.));
#6358=DIRECTION('center_axis',(0.,0.,-1.));
#6359=DIRECTION('ref_axis',(-1.,0.,0.));
#6360=DIRECTION('center_axis',(0.,0.,1.));
#6361=DIRECTION('ref_axis',(-1.,0.,0.));
#6362=DIRECTION('',(-0.276639327648325,-0.960973819829803,0.));
#6363=DIRECTION('center_axis',(0.,0.,-1.));
#6364=DIRECTION('ref_axis',(-1.,0.,0.));
#6365=DIRECTION('',(-1.,0.,0.));
#6366=DIRECTION('center_axis',(0.,0.,-1.));
#6367=DIRECTION('ref_axis',(-1.,0.,0.));
#6368=DIRECTION('',(0.,1.,0.));
#6369=DIRECTION('center_axis',(0.,0.,-1.));
#6370=DIRECTION('ref_axis',(-1.,0.,0.));
#6371=DIRECTION('',(1.,0.,0.));
#6372=DIRECTION('center_axis',(0.,0.,1.));
#6373=DIRECTION('ref_axis',(-1.,0.,0.));
#6374=DIRECTION('center_axis',(0.,0.,1.));
#6375=DIRECTION('ref_axis',(-1.,0.,0.));
#6376=DIRECTION('center_axis',(0.,0.,1.));
#6377=DIRECTION('ref_axis',(-1.,0.,0.));
#6378=DIRECTION('',(1.,-1.09381578780804E-16,0.));
#6379=DIRECTION('center_axis',(0.,0.,1.));
#6380=DIRECTION('ref_axis',(0.707106781186548,-0.707106781186548,0.));
#6381=DIRECTION('',(0.,1.,0.));
#6382=DIRECTION('center_axis',(0.,0.,1.));
#6383=DIRECTION('ref_axis',(0.707106781186544,0.707106781186551,0.));
#6384=DIRECTION('',(-1.,0.,0.));
#6385=DIRECTION('center_axis',(0.,0.,1.));
#6386=DIRECTION('ref_axis',(-0.707106781186548,0.707106781186548,0.));
#6387=DIRECTION('',(0.,-1.,0.));
#6388=DIRECTION('center_axis',(0.,0.,1.));
#6389=DIRECTION('ref_axis',(-0.707106781186544,-0.707106781186551,0.));
#6390=DIRECTION('center_axis',(0.,0.,1.));
#6391=DIRECTION('ref_axis',(-1.,0.,0.));
#6392=DIRECTION('center_axis',(0.,0.,1.));
#6393=DIRECTION('ref_axis',(-1.,0.,0.));
#6394=DIRECTION('center_axis',(0.,0.,1.));
#6395=DIRECTION('ref_axis',(-1.,0.,0.));
#6396=DIRECTION('center_axis',(0.,0.,1.));
#6397=DIRECTION('ref_axis',(-1.,0.,0.));
#6398=DIRECTION('center_axis',(0.,0.,1.));
#6399=DIRECTION('ref_axis',(-1.,0.,0.));
#6400=DIRECTION('center_axis',(0.,0.,1.));
#6401=DIRECTION('ref_axis',(-1.,0.,0.));
#6402=DIRECTION('center_axis',(0.,0.,1.));
#6403=DIRECTION('ref_axis',(-1.,0.,0.));
#6404=DIRECTION('center_axis',(0.,0.,1.));
#6405=DIRECTION('ref_axis',(-1.,0.,0.));
#6406=DIRECTION('center_axis',(0.,0.,1.));
#6407=DIRECTION('ref_axis',(-1.,0.,0.));
#6408=DIRECTION('center_axis',(0.,0.,1.));
#6409=DIRECTION('ref_axis',(-1.,0.,0.));
#6410=DIRECTION('center_axis',(0.,0.,1.));
#6411=DIRECTION('ref_axis',(-1.,0.,0.));
#6412=DIRECTION('center_axis',(0.,0.,1.));
#6413=DIRECTION('ref_axis',(-1.,0.,0.));
#6414=DIRECTION('center_axis',(0.,0.,1.));
#6415=DIRECTION('ref_axis',(-1.,0.,0.));
#6416=DIRECTION('center_axis',(0.,0.,1.));
#6417=DIRECTION('ref_axis',(-1.,0.,0.));
#6418=DIRECTION('',(-1.,3.82835525732813E-16,0.));
#6419=DIRECTION('center_axis',(0.,0.,1.));
#6420=DIRECTION('ref_axis',(0.,1.,0.));
#6421=DIRECTION('',(0.,-1.,0.));
#6422=DIRECTION('center_axis',(0.,0.,1.));
#6423=DIRECTION('ref_axis',(-1.,0.,0.));
#6424=DIRECTION('',(1.,0.,0.));
#6425=DIRECTION('center_axis',(0.,0.,1.));
#6426=DIRECTION('ref_axis',(0.,-1.,0.));
#6427=DIRECTION('',(0.,1.,0.));
#6428=DIRECTION('center_axis',(0.,0.,1.));
#6429=DIRECTION('ref_axis',(1.,0.,0.));
#6430=DIRECTION('center_axis',(0.,0.,1.));
#6431=DIRECTION('ref_axis',(-1.,0.,0.));
#6432=DIRECTION('center_axis',(0.,0.,1.));
#6433=DIRECTION('ref_axis',(-1.,0.,0.));
#6434=DIRECTION('center_axis',(0.,0.,1.));
#6435=DIRECTION('ref_axis',(-1.,-2.22044604925031E-15,0.));
#6436=DIRECTION('',(1.,0.,0.));
#6437=DIRECTION('center_axis',(0.,0.,1.));
#6438=DIRECTION('ref_axis',(3.33066907387547E-15,-1.,0.));
#6439=DIRECTION('',(7.40148683083439E-16,1.,0.));
#6440=DIRECTION('center_axis',(0.,0.,1.));
#6441=DIRECTION('ref_axis',(1.,0.,0.));
#6442=DIRECTION('',(-1.,7.65671051465625E-16,0.));
#6443=DIRECTION('center_axis',(0.,0.,1.));
#6444=DIRECTION('ref_axis',(0.,1.,0.));
#6445=DIRECTION('',(-7.40148683083438E-16,-1.,0.));
#6446=DIRECTION('center_axis',(0.,0.,1.));
#6447=DIRECTION('ref_axis',(-1.,0.,0.));
#6448=DIRECTION('center_axis',(0.,0.,1.));
#6449=DIRECTION('ref_axis',(-4.44089209850062E-15,1.,0.));
#6450=DIRECTION('',(0.,-1.,0.));
#6451=DIRECTION('center_axis',(0.,0.,1.));
#6452=DIRECTION('ref_axis',(-1.,-4.4408920985006E-15,0.));
#6453=DIRECTION('',(1.,0.,0.));
#6454=DIRECTION('center_axis',(0.,0.,1.));
#6455=DIRECTION('ref_axis',(1.11022302462516E-15,-1.,0.));
#6456=DIRECTION('',(0.,1.,0.));
#6457=DIRECTION('center_axis',(0.,0.,1.));
#6458=DIRECTION('ref_axis',(1.,0.,0.));
#6459=DIRECTION('',(-1.,-1.53134210293125E-15,0.));
#6460=DIRECTION('center_axis',(0.,0.,1.));
#6461=DIRECTION('ref_axis',(-1.,0.,0.));
#6462=DIRECTION('center_axis',(0.,0.,1.));
#6463=DIRECTION('ref_axis',(-1.,0.,0.));
#6464=DIRECTION('center_axis',(0.,0.,1.));
#6465=DIRECTION('ref_axis',(-1.,0.,0.));
#6466=DIRECTION('center_axis',(0.,0.,1.));
#6467=DIRECTION('ref_axis',(-1.,0.,0.));
#6468=DIRECTION('center_axis',(0.,0.,1.));
#6469=DIRECTION('ref_axis',(-1.,0.,0.));
#6470=DIRECTION('center_axis',(0.,0.,1.));
#6471=DIRECTION('ref_axis',(-1.,0.,0.));
#6472=DIRECTION('center_axis',(0.,0.,1.));
#6473=DIRECTION('ref_axis',(-1.,0.,0.));
#6474=DIRECTION('center_axis',(0.,0.,1.));
#6475=DIRECTION('ref_axis',(-1.,0.,0.));
#6476=DIRECTION('center_axis',(0.,0.,1.));
#6477=DIRECTION('ref_axis',(-1.,0.,0.));
#6478=DIRECTION('center_axis',(0.,0.,1.));
#6479=DIRECTION('ref_axis',(-1.,0.,0.));
#6480=DIRECTION('center_axis',(0.,0.,1.));
#6481=DIRECTION('ref_axis',(-3.33066907387547E-15,-1.,0.));
#6482=DIRECTION('',(-4.93432455388957E-16,1.,0.));
#6483=DIRECTION('center_axis',(0.,0.,1.));
#6484=DIRECTION('ref_axis',(1.,-4.44089209850064E-15,0.));
#6485=DIRECTION('',(-1.,0.,0.));
#6486=DIRECTION('center_axis',(0.,0.,1.));
#6487=DIRECTION('ref_axis',(0.,1.,0.));
#6488=DIRECTION('',(-9.86864910777915E-16,-1.,0.));
#6489=DIRECTION('center_axis',(0.,0.,1.));
#6490=DIRECTION('ref_axis',(-1.,0.,0.));
#6491=DIRECTION('',(1.,0.,0.));
#6492=DIRECTION('center_axis',(0.,0.,1.));
#6493=DIRECTION('ref_axis',(-1.,0.,0.));
#6494=DIRECTION('center_axis',(0.,0.,1.));
#6495=DIRECTION('ref_axis',(-1.,0.,0.));
#6496=DIRECTION('center_axis',(0.,0.,1.));
#6497=DIRECTION('ref_axis',(-1.,0.,0.));
#6498=DIRECTION('',(1.,1.53134210293125E-15,0.));
#6499=DIRECTION('center_axis',(0.,0.,1.));
#6500=DIRECTION('ref_axis',(0.,-1.,0.));
#6501=DIRECTION('',(0.,1.,0.));
#6502=DIRECTION('center_axis',(0.,0.,1.));
#6503=DIRECTION('ref_axis',(1.,0.,0.));
#6504=DIRECTION('',(-1.,-1.53134210293125E-15,0.));
#6505=DIRECTION('center_axis',(0.,0.,1.));
#6506=DIRECTION('ref_axis',(0.,1.,0.));
#6507=DIRECTION('',(0.,-1.,0.));
#6508=DIRECTION('center_axis',(0.,0.,1.));
#6509=DIRECTION('ref_axis',(-1.,0.,0.));
#6510=DIRECTION('center_axis',(0.,0.,1.));
#6511=DIRECTION('ref_axis',(0.,1.,0.));
#6512=DIRECTION('',(0.,-1.,0.));
#6513=DIRECTION('center_axis',(0.,0.,1.));
#6514=DIRECTION('ref_axis',(-1.,0.,0.));
#6515=DIRECTION('',(1.,7.65671051465625E-16,0.));
#6516=DIRECTION('center_axis',(0.,0.,1.));
#6517=DIRECTION('ref_axis',(-1.11022302462516E-15,-1.,0.));
#6518=DIRECTION('',(0.,1.,0.));
#6519=DIRECTION('center_axis',(0.,0.,1.));
#6520=DIRECTION('ref_axis',(1.,0.,0.));
#6521=DIRECTION('',(-1.,1.53134210293125E-15,0.));
#6522=DIRECTION('center_axis',(0.,0.,1.));
#6523=DIRECTION('ref_axis',(-1.,0.,0.));
#6524=DIRECTION('center_axis',(0.,0.,1.));
#6525=DIRECTION('ref_axis',(-1.,0.,0.));
#6526=DIRECTION('center_axis',(0.,0.,1.));
#6527=DIRECTION('ref_axis',(-1.,0.,0.));
#6528=DIRECTION('center_axis',(0.,0.,1.));
#6529=DIRECTION('ref_axis',(-1.,0.,0.));
#6530=DIRECTION('center_axis',(0.,0.,1.));
#6531=DIRECTION('ref_axis',(-1.,0.,0.));
#6532=DIRECTION('center_axis',(0.,0.,-1.));
#6533=DIRECTION('ref_axis',(-0.707106781186544,-0.707106781186551,0.));
#6534=DIRECTION('',(0.,0.,-1.));
#6535=DIRECTION('',(0.,0.,1.));
#6536=DIRECTION('center_axis',(-1.09381578780804E-16,-1.,0.));
#6537=DIRECTION('ref_axis',(-1.,1.09381578780804E-16,0.));
#6538=DIRECTION('',(0.,0.,1.));
#6539=DIRECTION('center_axis',(0.,0.,-1.));
#6540=DIRECTION('ref_axis',(0.707106781186548,-0.707106781186548,0.));
#6541=DIRECTION('',(0.,0.,-1.));
#6542=DIRECTION('center_axis',(1.,0.,0.));
#6543=DIRECTION('ref_axis',(0.,-1.,0.));
#6544=DIRECTION('',(0.,0.,1.));
#6545=DIRECTION('center_axis',(0.,0.,-1.));
#6546=DIRECTION('ref_axis',(0.707106781186544,0.707106781186551,0.));
#6547=DIRECTION('',(0.,0.,-1.));
#6548=DIRECTION('center_axis',(0.,1.,0.));
#6549=DIRECTION('ref_axis',(1.,0.,0.));
#6550=DIRECTION('',(0.,0.,1.));
#6551=DIRECTION('center_axis',(0.,0.,-1.));
#6552=DIRECTION('ref_axis',(-0.707106781186548,0.707106781186548,0.));
#6553=DIRECTION('',(0.,0.,-1.));
#6554=DIRECTION('center_axis',(-1.,0.,0.));
#6555=DIRECTION('ref_axis',(0.,1.,0.));
#6556=DIRECTION('center_axis',(0.,0.,-1.));
#6557=DIRECTION('ref_axis',(-1.,0.,0.));
#6558=DIRECTION('',(0.,0.,-1.));
#6559=DIRECTION('center_axis',(0.,0.,-1.));
#6560=DIRECTION('ref_axis',(-1.,0.,0.));
#6561=DIRECTION('',(0.,0.,-1.));
#6562=DIRECTION('center_axis',(0.,0.,-1.));
#6563=DIRECTION('ref_axis',(-1.,0.,0.));
#6564=DIRECTION('',(0.,0.,-1.));
#6565=DIRECTION('center_axis',(0.,0.,-1.));
#6566=DIRECTION('ref_axis',(-1.,0.,0.));
#6567=DIRECTION('',(0.,0.,-1.));
#6568=DIRECTION('center_axis',(0.,0.,-1.));
#6569=DIRECTION('ref_axis',(-1.,0.,0.));
#6570=DIRECTION('',(0.,0.,-1.));
#6571=DIRECTION('center_axis',(0.,0.,-1.));
#6572=DIRECTION('ref_axis',(-1.,0.,0.));
#6573=DIRECTION('',(0.,0.,-1.));
#6574=DIRECTION('center_axis',(0.,0.,-1.));
#6575=DIRECTION('ref_axis',(-1.,0.,0.));
#6576=DIRECTION('',(0.,0.,-1.));
#6577=DIRECTION('center_axis',(0.,0.,-1.));
#6578=DIRECTION('ref_axis',(-1.,0.,0.));
#6579=DIRECTION('',(0.,0.,-1.));
#6580=DIRECTION('center_axis',(0.,0.,-1.));
#6581=DIRECTION('ref_axis',(-1.,0.,0.));
#6582=DIRECTION('',(0.,0.,-1.));
#6583=DIRECTION('center_axis',(0.,0.,-1.));
#6584=DIRECTION('ref_axis',(-1.,0.,0.));
#6585=DIRECTION('',(0.,0.,-1.));
#6586=DIRECTION('',(0.,0.,-1.));
#6587=DIRECTION('center_axis',(0.,1.,0.));
#6588=DIRECTION('ref_axis',(1.,0.,0.));
#6589=DIRECTION('',(0.,0.,-1.));
#6590=DIRECTION('center_axis',(1.98618899105505E-12,-1.,0.));
#6591=DIRECTION('ref_axis',(-1.,-1.98618899105505E-12,0.));
#6592=DIRECTION('',(0.,0.,-1.));
#6593=DIRECTION('',(0.,0.,-1.));
#6594=DIRECTION('center_axis',(0.,0.,-1.));
#6595=DIRECTION('ref_axis',(-1.,0.,0.));
#6596=DIRECTION('',(0.,0.,-1.));
#6597=DIRECTION('center_axis',(0.962246829609332,-0.272178321889875,0.));
#6598=DIRECTION('ref_axis',(-0.272178321889875,-0.962246829609332,0.));
#6599=DIRECTION('',(0.,0.,-1.));
#6600=DIRECTION('center_axis',(0.,0.,-1.));
#6601=DIRECTION('ref_axis',(-1.,0.,0.));
#6602=DIRECTION('',(0.,0.,-1.));
#6603=DIRECTION('center_axis',(0.,-1.,0.));
#6604=DIRECTION('ref_axis',(-1.,0.,0.));
#6605=DIRECTION('',(0.,0.,-1.));
#6606=DIRECTION('center_axis',(0.,0.,-1.));
#6607=DIRECTION('ref_axis',(-1.,0.,0.));
#6608=DIRECTION('',(0.,0.,-1.));
#6609=DIRECTION('center_axis',(-1.,0.,0.));
#6610=DIRECTION('ref_axis',(0.,1.,0.));
#6611=DIRECTION('',(0.,0.,-1.));
#6612=DIRECTION('center_axis',(0.,0.,-1.));
#6613=DIRECTION('ref_axis',(-1.,0.,0.));
#6614=DIRECTION('',(0.,0.,-1.));
#6615=DIRECTION('center_axis',(-1.96500927914313E-16,1.,0.));
#6616=DIRECTION('ref_axis',(1.,1.96500927914313E-16,0.));
#6617=DIRECTION('',(0.,0.,-1.));
#6618=DIRECTION('center_axis',(0.,0.,-1.));
#6619=DIRECTION('ref_axis',(-1.,0.,0.));
#6620=DIRECTION('',(0.,0.,-1.));
#6621=DIRECTION('center_axis',(0.962246913543263,0.272178025153509,0.));
#6622=DIRECTION('ref_axis',(0.272178025153509,-0.962246913543263,0.));
#6623=DIRECTION('center_axis',(0.,0.,-1.));
#6624=DIRECTION('ref_axis',(-1.,0.,0.));
#6625=DIRECTION('',(0.,0.,-1.));
#6626=DIRECTION('center_axis',(0.,0.,-1.));
#6627=DIRECTION('ref_axis',(-1.,0.,0.));
#6628=DIRECTION('',(0.,0.,-1.));
#6629=DIRECTION('center_axis',(0.,0.,-1.));
#6630=DIRECTION('ref_axis',(-1.,0.,0.));
#6631=DIRECTION('',(0.,0.,-1.));
#6632=DIRECTION('center_axis',(0.,0.,-1.));
#6633=DIRECTION('ref_axis',(-1.,0.,0.));
#6634=DIRECTION('',(0.,0.,-1.));
#6635=DIRECTION('center_axis',(0.,0.,-1.));
#6636=DIRECTION('ref_axis',(-1.,0.,0.));
#6637=DIRECTION('',(0.,0.,-1.));
#6638=DIRECTION('center_axis',(0.,0.,-1.));
#6639=DIRECTION('ref_axis',(-1.,0.,0.));
#6640=DIRECTION('',(0.,0.,-1.));
#6641=DIRECTION('center_axis',(0.,0.,-1.));
#6642=DIRECTION('ref_axis',(-1.,0.,0.));
#6643=DIRECTION('',(0.,0.,-1.));
#6644=DIRECTION('center_axis',(0.,0.,-1.));
#6645=DIRECTION('ref_axis',(-1.,0.,0.));
#6646=DIRECTION('',(0.,0.,-1.));
#6647=DIRECTION('center_axis',(0.,0.,-1.));
#6648=DIRECTION('ref_axis',(0.,1.,0.));
#6649=DIRECTION('',(0.,0.,-1.));
#6650=DIRECTION('',(0.,0.,-1.));
#6651=DIRECTION('center_axis',(-1.,0.,0.));
#6652=DIRECTION('ref_axis',(0.,1.,0.));
#6653=DIRECTION('',(0.,0.,-1.));
#6654=DIRECTION('center_axis',(0.,0.,-1.));
#6655=DIRECTION('ref_axis',(-1.,0.,0.));
#6656=DIRECTION('',(0.,0.,-1.));
#6657=DIRECTION('center_axis',(7.65671051465625E-16,-1.,0.));
#6658=DIRECTION('ref_axis',(-1.,-7.65671051465625E-16,0.));
#6659=DIRECTION('',(0.,0.,-1.));
#6660=DIRECTION('center_axis',(0.,0.,-1.));
#6661=DIRECTION('ref_axis',(-1.11022302462516E-15,-1.,0.));
#6662=DIRECTION('',(0.,0.,-1.));
#6663=DIRECTION('center_axis',(1.,0.,0.));
#6664=DIRECTION('ref_axis',(0.,-1.,0.));
#6665=DIRECTION('',(0.,0.,-1.));
#6666=DIRECTION('center_axis',(0.,0.,-1.));
#6667=DIRECTION('ref_axis',(1.,0.,0.));
#6668=DIRECTION('',(0.,0.,-1.));
#6669=DIRECTION('center_axis',(1.53134210293125E-15,1.,0.));
#6670=DIRECTION('ref_axis',(1.,-1.53134210293125E-15,0.));
#6671=DIRECTION('center_axis',(0.,0.,-1.));
#6672=DIRECTION('ref_axis',(-1.,0.,0.));
#6673=DIRECTION('',(0.,0.,-1.));
#6674=DIRECTION('center_axis',(0.,0.,-1.));
#6675=DIRECTION('ref_axis',(-1.,0.,0.));
#6676=DIRECTION('',(0.,0.,-1.));
#6677=DIRECTION('',(0.,0.,-1.));
#6678=DIRECTION('center_axis',(1.53134210293125E-15,-1.,0.));
#6679=DIRECTION('ref_axis',(-1.,-1.53134210293125E-15,0.));
#6680=DIRECTION('',(0.,0.,-1.));
#6681=DIRECTION('center_axis',(0.,0.,-1.));
#6682=DIRECTION('ref_axis',(0.,-1.,0.));
#6683=DIRECTION('',(0.,0.,-1.));
#6684=DIRECTION('center_axis',(1.,0.,0.));
#6685=DIRECTION('ref_axis',(0.,-1.,0.));
#6686=DIRECTION('',(0.,0.,-1.));
#6687=DIRECTION('center_axis',(0.,0.,-1.));
#6688=DIRECTION('ref_axis',(1.,0.,0.));
#6689=DIRECTION('',(0.,0.,-1.));
#6690=DIRECTION('center_axis',(-1.53134210293125E-15,1.,0.));
#6691=DIRECTION('ref_axis',(1.,1.53134210293125E-15,0.));
#6692=DIRECTION('',(0.,0.,-1.));
#6693=DIRECTION('center_axis',(0.,0.,-1.));
#6694=DIRECTION('ref_axis',(0.,1.,0.));
#6695=DIRECTION('',(0.,0.,-1.));
#6696=DIRECTION('center_axis',(-1.,0.,0.));
#6697=DIRECTION('ref_axis',(0.,1.,0.));
#6698=DIRECTION('center_axis',(0.,0.,-1.));
#6699=DIRECTION('ref_axis',(-1.,0.,0.));
#6700=DIRECTION('',(0.,0.,-1.));
#6701=DIRECTION('center_axis',(0.,0.,-1.));
#6702=DIRECTION('ref_axis',(-1.,0.,0.));
#6703=DIRECTION('',(0.,0.,-1.));
#6704=DIRECTION('center_axis',(0.,0.,-1.));
#6705=DIRECTION('ref_axis',(-3.33066907387547E-15,-1.,0.));
#6706=DIRECTION('',(0.,0.,-1.));
#6707=DIRECTION('',(0.,0.,-1.));
#6708=DIRECTION('center_axis',(1.,4.93432455388957E-16,0.));
#6709=DIRECTION('ref_axis',(4.93432455388957E-16,-1.,0.));
#6710=DIRECTION('',(0.,0.,-1.));
#6711=DIRECTION('center_axis',(0.,0.,-1.));
#6712=DIRECTION('ref_axis',(1.,-4.44089209850064E-15,0.));
#6713=DIRECTION('',(0.,0.,-1.));
#6714=DIRECTION('center_axis',(0.,1.,0.));
#6715=DIRECTION('ref_axis',(1.,0.,0.));
#6716=DIRECTION('',(0.,0.,-1.));
#6717=DIRECTION('center_axis',(0.,0.,-1.));
#6718=DIRECTION('ref_axis',(0.,1.,0.));
#6719=DIRECTION('',(0.,0.,-1.));
#6720=DIRECTION('center_axis',(-1.,9.86864910777915E-16,0.));
#6721=DIRECTION('ref_axis',(9.86864910777915E-16,1.,0.));
#6722=DIRECTION('',(0.,0.,-1.));
#6723=DIRECTION('center_axis',(0.,0.,-1.));
#6724=DIRECTION('ref_axis',(-1.,0.,0.));
#6725=DIRECTION('',(0.,0.,-1.));
#6726=DIRECTION('center_axis',(0.,-1.,0.));
#6727=DIRECTION('ref_axis',(-1.,0.,0.));
#6728=DIRECTION('center_axis',(0.,0.,-1.));
#6729=DIRECTION('ref_axis',(-1.,0.,0.));
#6730=DIRECTION('',(0.,0.,-1.));
#6731=DIRECTION('center_axis',(0.,0.,-1.));
#6732=DIRECTION('ref_axis',(-1.,0.,0.));
#6733=DIRECTION('',(0.,0.,-1.));
#6734=DIRECTION('center_axis',(0.,0.,-1.));
#6735=DIRECTION('ref_axis',(-1.,0.,0.));
#6736=DIRECTION('',(0.,0.,-1.));
#6737=DIRECTION('center_axis',(0.,0.,-1.));
#6738=DIRECTION('ref_axis',(-1.,0.,0.));
#6739=DIRECTION('',(0.,0.,-1.));
#6740=DIRECTION('center_axis',(0.,0.,-1.));
#6741=DIRECTION('ref_axis',(-1.,0.,0.));
#6742=DIRECTION('',(0.,0.,-1.));
#6743=DIRECTION('center_axis',(0.,0.,-1.));
#6744=DIRECTION('ref_axis',(-1.,0.,0.));
#6745=DIRECTION('',(0.,0.,-1.));
#6746=DIRECTION('center_axis',(0.,0.,-1.));
#6747=DIRECTION('ref_axis',(-1.,0.,0.));
#6748=DIRECTION('',(0.,0.,-1.));
#6749=DIRECTION('center_axis',(0.,0.,-1.));
#6750=DIRECTION('ref_axis',(-1.,0.,0.));
#6751=DIRECTION('',(0.,0.,-1.));
#6752=DIRECTION('center_axis',(0.,0.,-1.));
#6753=DIRECTION('ref_axis',(-1.,0.,0.));
#6754=DIRECTION('',(0.,0.,-1.));
#6755=DIRECTION('center_axis',(0.,0.,-1.));
#6756=DIRECTION('ref_axis',(-1.,0.,0.));
#6757=DIRECTION('',(0.,0.,-1.));
#6758=DIRECTION('center_axis',(0.,0.,-1.));
#6759=DIRECTION('ref_axis',(-4.44089209850062E-15,1.,0.));
#6760=DIRECTION('',(0.,0.,-1.));
#6761=DIRECTION('',(0.,0.,-1.));
#6762=DIRECTION('center_axis',(-1.,0.,0.));
#6763=DIRECTION('ref_axis',(0.,1.,0.));
#6764=DIRECTION('',(0.,0.,-1.));
#6765=DIRECTION('center_axis',(0.,0.,-1.));
#6766=DIRECTION('ref_axis',(-1.,-4.4408920985006E-15,0.));
#6767=DIRECTION('',(0.,0.,-1.));
#6768=DIRECTION('center_axis',(0.,-1.,0.));
#6769=DIRECTION('ref_axis',(-1.,0.,0.));
#6770=DIRECTION('',(0.,0.,-1.));
#6771=DIRECTION('center_axis',(0.,0.,-1.));
#6772=DIRECTION('ref_axis',(1.11022302462516E-15,-1.,0.));
#6773=DIRECTION('',(0.,0.,-1.));
#6774=DIRECTION('center_axis',(1.,0.,0.));
#6775=DIRECTION('ref_axis',(0.,-1.,0.));
#6776=DIRECTION('',(0.,0.,-1.));
#6777=DIRECTION('center_axis',(0.,0.,-1.));
#6778=DIRECTION('ref_axis',(1.,0.,0.));
#6779=DIRECTION('',(0.,0.,-1.));
#6780=DIRECTION('center_axis',(-1.53134210293125E-15,1.,0.));
#6781=DIRECTION('ref_axis',(1.,1.53134210293125E-15,0.));
#6782=DIRECTION('center_axis',(0.,0.,-1.));
#6783=DIRECTION('ref_axis',(-1.,0.,0.));
#6784=DIRECTION('',(0.,0.,-1.));
#6785=DIRECTION('center_axis',(0.,0.,-1.));
#6786=DIRECTION('ref_axis',(-1.,-2.22044604925031E-15,0.));
#6787=DIRECTION('',(0.,0.,-1.));
#6788=DIRECTION('',(0.,0.,-1.));
#6789=DIRECTION('center_axis',(0.,-1.,0.));
#6790=DIRECTION('ref_axis',(-1.,0.,0.));
#6791=DIRECTION('',(0.,0.,-1.));
#6792=DIRECTION('center_axis',(0.,0.,-1.));
#6793=DIRECTION('ref_axis',(3.33066907387547E-15,-1.,0.));
#6794=DIRECTION('',(0.,0.,-1.));
#6795=DIRECTION('center_axis',(1.,-7.40148683083439E-16,0.));
#6796=DIRECTION('ref_axis',(-7.40148683083439E-16,-1.,0.));
#6797=DIRECTION('',(0.,0.,-1.));
#6798=DIRECTION('center_axis',(0.,0.,-1.));
#6799=DIRECTION('ref_axis',(1.,0.,0.));
#6800=DIRECTION('',(0.,0.,-1.));
#6801=DIRECTION('center_axis',(7.65671051465625E-16,1.,0.));
#6802=DIRECTION('ref_axis',(1.,-7.65671051465625E-16,0.));
#6803=DIRECTION('',(0.,0.,-1.));
#6804=DIRECTION('center_axis',(0.,0.,-1.));
#6805=DIRECTION('ref_axis',(0.,1.,0.));
#6806=DIRECTION('',(0.,0.,-1.));
#6807=DIRECTION('center_axis',(-1.,7.40148683083438E-16,0.));
#6808=DIRECTION('ref_axis',(7.40148683083438E-16,1.,0.));
#6809=DIRECTION('center_axis',(0.,0.,-1.));
#6810=DIRECTION('ref_axis',(-1.,0.,0.));
#6811=DIRECTION('',(0.,0.,-1.));
#6812=DIRECTION('center_axis',(0.,0.,-1.));
#6813=DIRECTION('ref_axis',(-1.,0.,0.));
#6814=DIRECTION('',(0.,0.,-1.));
#6815=DIRECTION('center_axis',(3.82835525732813E-16,1.,0.));
#6816=DIRECTION('ref_axis',(1.,-3.82835525732813E-16,0.));
#6817=DIRECTION('',(0.,0.,-1.));
#6818=DIRECTION('',(0.,0.,-1.));
#6819=DIRECTION('center_axis',(0.,0.,-1.));
#6820=DIRECTION('ref_axis',(0.,1.,0.));
#6821=DIRECTION('',(0.,0.,-1.));
#6822=DIRECTION('center_axis',(-1.,0.,0.));
#6823=DIRECTION('ref_axis',(0.,1.,0.));
#6824=DIRECTION('',(0.,0.,-1.));
#6825=DIRECTION('center_axis',(0.,0.,-1.));
#6826=DIRECTION('ref_axis',(-1.,0.,0.));
#6827=DIRECTION('',(0.,0.,-1.));
#6828=DIRECTION('center_axis',(0.,-1.,0.));
#6829=DIRECTION('ref_axis',(-1.,0.,0.));
#6830=DIRECTION('',(0.,0.,-1.));
#6831=DIRECTION('center_axis',(0.,0.,-1.));
#6832=DIRECTION('ref_axis',(0.,-1.,0.));
#6833=DIRECTION('',(0.,0.,-1.));
#6834=DIRECTION('center_axis',(1.,0.,0.));
#6835=DIRECTION('ref_axis',(0.,-1.,0.));
#6836=DIRECTION('',(0.,0.,-1.));
#6837=DIRECTION('center_axis',(0.,0.,-1.));
#6838=DIRECTION('ref_axis',(1.,0.,0.));
#6839=DIRECTION('center_axis',(0.,0.,-1.));
#6840=DIRECTION('ref_axis',(-1.,0.,0.));
#6841=DIRECTION('',(0.,0.,-1.));
#6842=DIRECTION('center_axis',(0.,0.,-1.));
#6843=DIRECTION('ref_axis',(-1.,0.,0.));
#6844=DIRECTION('',(0.,0.,-1.));
#6845=DIRECTION('center_axis',(0.,0.,-1.));
#6846=DIRECTION('ref_axis',(-1.,0.,0.));
#6847=DIRECTION('',(0.,0.,-1.));
#6848=DIRECTION('center_axis',(0.,0.,-1.));
#6849=DIRECTION('ref_axis',(-1.,0.,0.));
#6850=DIRECTION('',(0.,0.,-1.));
#6851=DIRECTION('',(0.,0.,-1.));
#6852=DIRECTION('center_axis',(-0.960973817859408,-0.27663933449297,0.));
#6853=DIRECTION('ref_axis',(-0.27663933449297,0.960973817859408,0.));
#6854=DIRECTION('',(0.,0.,-1.));
#6855=DIRECTION('center_axis',(0.,0.,-1.));
#6856=DIRECTION('ref_axis',(-1.,0.,0.));
#6857=DIRECTION('center_axis',(0.,0.,-1.));
#6858=DIRECTION('ref_axis',(-1.,0.,0.));
#6859=DIRECTION('',(0.,0.,-1.));
#6860=DIRECTION('center_axis',(0.,0.,-1.));
#6861=DIRECTION('ref_axis',(-1.,0.,0.));
#6862=DIRECTION('center_axis',(0.,0.,-1.));
#6863=DIRECTION('ref_axis',(-1.,0.,0.));
#6864=DIRECTION('',(0.,0.,-1.));
#6865=DIRECTION('center_axis',(0.,0.,-1.));
#6866=DIRECTION('ref_axis',(-1.,0.,0.));
#6867=DIRECTION('center_axis',(0.,0.,-1.));
#6868=DIRECTION('ref_axis',(-1.,0.,0.));
#6869=DIRECTION('',(0.,0.,-1.));
#6870=DIRECTION('center_axis',(-0.960973819829803,0.276639327648325,0.));
#6871=DIRECTION('ref_axis',(0.276639327648325,0.960973819829803,0.));
#6872=DIRECTION('',(0.,0.,-1.));
#6873=DIRECTION('center_axis',(0.,0.,-1.));
#6874=DIRECTION('ref_axis',(-1.,0.,0.));
#6875=DIRECTION('',(0.,0.,-1.));
#6876=DIRECTION('center_axis',(0.,1.,0.));
#6877=DIRECTION('ref_axis',(1.,0.,0.));
#6878=DIRECTION('',(0.,0.,-1.));
#6879=DIRECTION('center_axis',(0.,0.,-1.));
#6880=DIRECTION('ref_axis',(-1.,0.,0.));
#6881=DIRECTION('',(0.,0.,-1.));
#6882=DIRECTION('center_axis',(1.,0.,0.));
#6883=DIRECTION('ref_axis',(0.,-1.,0.));
#6884=DIRECTION('',(0.,0.,-1.));
#6885=DIRECTION('center_axis',(0.,0.,-1.));
#6886=DIRECTION('ref_axis',(-1.,0.,0.));
#6887=DIRECTION('',(0.,0.,-1.));
#6888=DIRECTION('center_axis',(0.,-1.,0.));
#6889=DIRECTION('ref_axis',(-1.,0.,0.));
#6890=DIRECTION('center_axis',(0.,0.,-1.));
#6891=DIRECTION('ref_axis',(-1.,0.,0.));
#6892=DIRECTION('',(0.,0.,-1.));
#6893=DIRECTION('center_axis',(0.,0.,-1.));
#6894=DIRECTION('ref_axis',(-1.,0.,0.));
#6895=DIRECTION('',(0.,0.,-1.));
#6896=CARTESIAN_POINT('',(0.,0.,0.));
#6897=CARTESIAN_POINT('Origin',(45.,-10.000000012984,2.4));
#6898=CARTESIAN_POINT('',(45.,20.1999999735125,2.6));
#6899=CARTESIAN_POINT('',(45.,-20.2000000264873,2.6));
#6900=CARTESIAN_POINT('',(45.,-10.000000012984,2.6));
#6901=CARTESIAN_POINT('',(45.2,-20.0000000259679,2.4));
#6902=CARTESIAN_POINT('Origin',(45.,-20.2000000264873,2.4));
#6903=CARTESIAN_POINT('',(45.2,19.9999999740319,2.4));
#6904=CARTESIAN_POINT('',(45.2,-10.000000012984,2.4));
#6905=CARTESIAN_POINT('Origin',(45.,20.1999999735125,2.4));
#6906=CARTESIAN_POINT('Origin',(60.2000000810202,-20.1999999870159,2.4));
#6907=CARTESIAN_POINT('',(65.4000000545328,-20.1999999735126,2.6));
#6908=CARTESIAN_POINT('',(60.2000000810202,-20.1999999870159,2.6));
#6909=CARTESIAN_POINT('',(65.2000000545328,-19.9999999740319,2.4));
#6910=CARTESIAN_POINT('Origin',(65.4000000545328,-20.1999999735126,2.4));
#6911=CARTESIAN_POINT('',(60.2000000805008,-19.9999999870159,2.4));
#6912=CARTESIAN_POINT('Origin',(65.4000000545329,10.0000000129839,2.4));
#6913=CARTESIAN_POINT('',(65.4000000545329,20.2000000264873,2.6));
#6914=CARTESIAN_POINT('',(65.4000000545329,10.0000000129839,2.6));
#6915=CARTESIAN_POINT('',(65.2000000545329,20.0000000259679,2.4));
#6916=CARTESIAN_POINT('Origin',(65.4000000545329,20.2000000264873,2.4));
#6917=CARTESIAN_POINT('',(65.2000000545329,10.0000000129839,2.4));
#6918=CARTESIAN_POINT('Origin',(50.2000000007791,20.1999999870159,2.4));
#6919=CARTESIAN_POINT('',(50.2000000012984,19.9999999870159,2.4));
#6920=CARTESIAN_POINT('',(50.2000000007791,20.1999999870159,2.6));
#6921=CARTESIAN_POINT('Origin',(45.2,19.9999999740319,0.));
#6922=CARTESIAN_POINT('',(45.2,19.9999999740319,0.));
#6923=CARTESIAN_POINT('',(45.2,19.9999999740319,0.));
#6924=CARTESIAN_POINT('',(65.2000000545329,20.0000000259679,0.));
#6925=CARTESIAN_POINT('',(22.5999999740321,19.9999999153442,0.));
#6926=CARTESIAN_POINT('',(65.2000000545329,20.0000000259679,0.));
#6927=CARTESIAN_POINT('Origin',(45.2,-20.0000000259679,0.));
#6928=CARTESIAN_POINT('',(45.2,-20.0000000259679,0.));
#6929=CARTESIAN_POINT('',(45.2,-20.0000000259679,0.));
#6930=CARTESIAN_POINT('',(45.2,-10.000000012984,0.));
#6931=CARTESIAN_POINT('Origin',(55.2000000545328,-8.88178419700125E-15,
2.6));
#6932=CARTESIAN_POINT('',(65.7000000012984,20.5,2.6));
#6933=CARTESIAN_POINT('',(65.7000000231115,12.1,2.6));
#6934=CARTESIAN_POINT('',(65.700000038173,6.300000012984,2.6));
#6935=CARTESIAN_POINT('',(44.7,20.5,2.6));
#6936=CARTESIAN_POINT('',(73.5696457322854,20.5,2.6));
#6937=CARTESIAN_POINT('',(44.7,-20.4999999999999,2.6));
#6938=CARTESIAN_POINT('',(44.7,10.5,2.6));
#6939=CARTESIAN_POINT('',(65.7000001077672,-20.4999999999999,2.6));
#6940=CARTESIAN_POINT('',(34.2000000272664,-20.4999999999999,2.6));
#6941=CARTESIAN_POINT('',(65.7000000859541,-12.1,2.6));
#6942=CARTESIAN_POINT('',(65.7000000817992,-10.499999987016,2.6));
#6943=CARTESIAN_POINT('',(66.2000000545328,-12.1,2.6));
#6944=CARTESIAN_POINT('',(60.7000000545328,-12.1,2.6));
#6945=CARTESIAN_POINT('',(66.2000000545328,12.1,2.6));
#6946=CARTESIAN_POINT('',(66.2000000545328,-12.6,2.6));
#6947=CARTESIAN_POINT('',(64.8000000545328,12.1,2.6));
#6948=CARTESIAN_POINT('Origin',(64.8000000545328,12.1,2.1));
#6949=CARTESIAN_POINT('',(66.7000000545328,12.6,2.1));
#6950=CARTESIAN_POINT('Origin',(66.7000000545328,12.1,2.1));
#6951=CARTESIAN_POINT('',(66.2000000545328,12.6,2.1));
#6952=CARTESIAN_POINT('',(64.8000000545328,12.6,2.1));
#6953=CARTESIAN_POINT('Origin',(65.7000000231115,12.1,2.1));
#6954=CARTESIAN_POINT('Origin',(74.4000000545328,12.6,0.));
#6955=CARTESIAN_POINT('',(66.7000000545328,12.6,6.));
#6956=CARTESIAN_POINT('',(66.7000000545328,12.6,0.));
#6957=CARTESIAN_POINT('',(73.9000000545328,12.6,6.));
#6958=CARTESIAN_POINT('',(72.3500000545328,12.6,6.));
#6959=CARTESIAN_POINT('',(73.9000000545328,12.6,0.));
#6960=CARTESIAN_POINT('',(73.9000000545328,12.6,0.));
#6961=CARTESIAN_POINT('',(66.2000000545328,12.6,0.));
#6962=CARTESIAN_POINT('',(37.2000000272665,12.6,0.));
#6963=CARTESIAN_POINT('',(66.2000000545328,12.6,0.));
#6964=CARTESIAN_POINT('Origin',(60.7000000545328,-12.1,2.1));
#6965=CARTESIAN_POINT('',(66.2000000545328,-12.6,2.1));
#6966=CARTESIAN_POINT('Origin',(65.7000000859541,-12.1,2.1));
#6967=CARTESIAN_POINT('',(66.7000000545328,-12.6,2.1));
#6968=CARTESIAN_POINT('',(60.7000000545328,-12.6,2.1));
#6969=CARTESIAN_POINT('Origin',(66.7000000545328,-12.1,2.1));
#6970=CARTESIAN_POINT('Origin',(66.2000000545328,-12.6,0.));
#6971=CARTESIAN_POINT('',(66.7000000545328,-12.6,6.));
#6972=CARTESIAN_POINT('',(66.7000000545328,-12.6,0.));
#6973=CARTESIAN_POINT('',(66.2000000545328,-12.6,0.));
#6974=CARTESIAN_POINT('',(66.2000000545328,-12.6,0.));
#6975=CARTESIAN_POINT('',(73.9000000545328,-12.6,0.));
#6976=CARTESIAN_POINT('',(33.1000000272665,-12.6,0.));
#6977=CARTESIAN_POINT('',(73.9000000545328,-12.6,6.));
#6978=CARTESIAN_POINT('',(73.9000000545328,-12.6,0.));
#6979=CARTESIAN_POINT('',(68.2500000545328,-12.6,6.));
#6980=CARTESIAN_POINT('Origin',(65.7000001077672,-20.4999999999999,0.));
#6981=CARTESIAN_POINT('',(66.2000001077672,-20.4999999987015,2.1));
#6982=CARTESIAN_POINT('',(65.7000001077672,-20.9999999999999,2.1));
#6983=CARTESIAN_POINT('Origin',(65.7000001077672,-20.4999999999999,2.1));
#6984=CARTESIAN_POINT('',(65.7000001077672,-20.9999999999999,0.));
#6985=CARTESIAN_POINT('',(65.7000001077672,-20.9999999999999,0.));
#6986=CARTESIAN_POINT('',(66.2000001077672,-20.4999999987015,0.));
#6987=CARTESIAN_POINT('Origin',(65.7000001077672,-20.4999999999999,0.));
#6988=CARTESIAN_POINT('',(66.2000001077672,-20.4999999987015,0.));
#6989=CARTESIAN_POINT('Origin',(65.7000000817992,-10.499999987016,2.1));
#6990=CARTESIAN_POINT('Origin',(65.7000001077672,-20.4999999999999,2.1));
#6991=CARTESIAN_POINT('',(66.2000000817992,-10.4999999857176,2.1));
#6992=CARTESIAN_POINT('Origin',(65.7000001077672,-20.4999999999999,2.1));
#6993=CARTESIAN_POINT('Origin',(65.7000001077672,-20.4999999999999,2.1));
#6994=CARTESIAN_POINT('Origin',(13.2,-20.9999999999999,0.));
#6995=CARTESIAN_POINT('',(91.9392914256188,-20.9999999991237,0.));
#6996=CARTESIAN_POINT('',(6.60000000000003,-20.9999999999999,0.));
#6997=CARTESIAN_POINT('',(44.7,-20.9999999999999,2.1));
#6998=CARTESIAN_POINT('',(34.2000000272664,-20.9999999999999,2.1));
#6999=CARTESIAN_POINT('',(44.7,-20.9999999999999,0.));
#7000=CARTESIAN_POINT('',(44.7,-20.9999999999999,0.));
#7001=CARTESIAN_POINT('',(13.2,-21.,0.));
#7002=CARTESIAN_POINT('',(6.60000000000003,-20.9999999999999,0.));
#7003=CARTESIAN_POINT('',(13.2,-21.,-3.5));
#7004=CARTESIAN_POINT('',(13.2,-21.,-3.));
#7005=CARTESIAN_POINT('',(91.9392914256188,-20.9999999991237,-3.5));
#7006=CARTESIAN_POINT('',(6.60000000000003,-20.9999999999999,-3.5));
#7007=CARTESIAN_POINT('',(91.9392914256188,-20.9999999991237,-3.));
#7008=CARTESIAN_POINT('Origin',(34.2000000272664,-20.4999999999999,2.1));
#7009=CARTESIAN_POINT('Origin',(44.7,-20.4999999999999,2.1));
#7010=CARTESIAN_POINT('Origin',(44.7,-20.4999999999999,0.));
#7011=CARTESIAN_POINT('',(44.2,-20.4999999999999,0.));
#7012=CARTESIAN_POINT('Origin',(44.7,-20.4999999999999,0.));
#7013=CARTESIAN_POINT('',(44.2,-20.4999999999999,2.1));
#7014=CARTESIAN_POINT('Origin',(44.7,-20.4999999999999,2.1));
#7015=CARTESIAN_POINT('',(44.2,-20.4999999999999,0.));
#7016=CARTESIAN_POINT('Origin',(44.7,-20.4999999999999,2.1));
#7017=CARTESIAN_POINT('Origin',(44.7,-20.4999999999999,2.1));
#7018=CARTESIAN_POINT('Origin',(44.7,20.5,0.));
#7019=CARTESIAN_POINT('',(44.7,21.,0.));
#7020=CARTESIAN_POINT('',(44.2,20.5,0.));
#7021=CARTESIAN_POINT('Origin',(44.7,20.5,0.));
#7022=CARTESIAN_POINT('',(44.2,20.5,2.1));
#7023=CARTESIAN_POINT('',(44.2,20.5,0.));
#7024=CARTESIAN_POINT('',(44.7,21.,2.1));
#7025=CARTESIAN_POINT('Origin',(44.7,20.5,2.1));
#7026=CARTESIAN_POINT('',(44.7,21.,0.));
#7027=CARTESIAN_POINT('Origin',(44.7,20.5,2.1));
#7028=CARTESIAN_POINT('Origin',(44.7,20.5,2.1));
#7029=CARTESIAN_POINT('Origin',(44.7,20.5,2.1));
#7030=CARTESIAN_POINT('Origin',(44.2,20.9999999999999,0.));
#7031=CARTESIAN_POINT('',(44.2,10.5,2.1));
#7032=CARTESIAN_POINT('',(44.2,10.4999999999999,0.));
#7033=CARTESIAN_POINT('Origin',(65.700000038173,6.300000012984,2.1));
#7034=CARTESIAN_POINT('',(66.2000000012984,20.5000000012984,2.1));
#7035=CARTESIAN_POINT('Origin',(65.7000000012984,20.5,2.1));
#7036=CARTESIAN_POINT('',(66.200000038173,6.3000000142824,2.1));
#7037=CARTESIAN_POINT('Origin',(65.7000000012984,20.5,0.));
#7038=CARTESIAN_POINT('',(65.7000000012984,21.,2.1));
#7039=CARTESIAN_POINT('Origin',(65.7000000012984,20.5,2.1));
#7040=CARTESIAN_POINT('',(66.2000000012984,20.5000000012984,0.));
#7041=CARTESIAN_POINT('',(66.2000000012984,20.5000000012984,0.));
#7042=CARTESIAN_POINT('',(65.7000000012984,21.,0.));
#7043=CARTESIAN_POINT('Origin',(65.7000000012984,20.5,0.));
#7044=CARTESIAN_POINT('',(65.7000000012984,21.,0.));
#7045=CARTESIAN_POINT('Origin',(65.7000000012984,20.5,2.1));
#7046=CARTESIAN_POINT('Origin',(65.7000000012984,20.5,2.1));
#7047=CARTESIAN_POINT('Origin',(73.5696457322854,20.5,2.1));
#7048=CARTESIAN_POINT('',(73.5696457322854,21.,2.1));
#7049=CARTESIAN_POINT('Origin',(91.9392914100381,21.,0.));
#7050=CARTESIAN_POINT('',(91.9392914100381,20.9999999999736,0.));
#7051=CARTESIAN_POINT('',(45.9696457050191,21.,0.));
#7052=CARTESIAN_POINT('',(91.9392914100381,20.9999999999736,-3.5));
#7053=CARTESIAN_POINT('',(91.9392914100381,20.9999999999736,-3.));
#7054=CARTESIAN_POINT('',(13.2,21.,-3.5));
#7055=CARTESIAN_POINT('',(45.9696457050191,21.,-3.5));
#7056=CARTESIAN_POINT('',(13.2,21.,0.));
#7057=CARTESIAN_POINT('',(13.2,21.,-3.));
#7058=CARTESIAN_POINT('',(45.9696457050191,21.,0.));
#7059=CARTESIAN_POINT('Origin',(44.7,10.5,2.1));
#7060=CARTESIAN_POINT('Origin',(66.2000000218132,12.6,0.));
#7061=CARTESIAN_POINT('',(66.200000038173,6.30000008595409,0.));
#7062=CARTESIAN_POINT('Origin',(3.35,-12.,0.));
#7063=CARTESIAN_POINT('',(2.35,-12.,0.));
#7064=CARTESIAN_POINT('',(3.35,-13.,0.));
#7065=CARTESIAN_POINT('Origin',(3.35,-12.,0.));
#7066=CARTESIAN_POINT('',(3.35,-13.,-3.5));
#7067=CARTESIAN_POINT('',(3.35,-13.,0.));
#7068=CARTESIAN_POINT('',(2.35,-12.,-3.5));
#7069=CARTESIAN_POINT('Origin',(3.35,-12.,-3.5));
#7070=CARTESIAN_POINT('',(2.35,-12.,0.));
#7071=CARTESIAN_POINT('Origin',(10.85,-13.,0.));
#7072=CARTESIAN_POINT('',(9.85,-13.,0.));
#7073=CARTESIAN_POINT('',(5.42500000000004,-13.,0.));
#7074=CARTESIAN_POINT('',(9.85,-13.,-3.5));
#7075=CARTESIAN_POINT('',(9.85,-13.,0.));
#7076=CARTESIAN_POINT('',(5.42500000000004,-13.,-3.5));
#7077=CARTESIAN_POINT('Origin',(3.35,12.,0.));
#7078=CARTESIAN_POINT('',(3.35,13.,0.));
#7079=CARTESIAN_POINT('',(2.35,12.,0.));
#7080=CARTESIAN_POINT('Origin',(3.35,12.,0.));
#7081=CARTESIAN_POINT('',(2.35,12.,-3.5));
#7082=CARTESIAN_POINT('',(2.35,12.,0.));
#7083=CARTESIAN_POINT('',(3.35,13.,-3.5));
#7084=CARTESIAN_POINT('Origin',(3.35,12.,-3.5));
#7085=CARTESIAN_POINT('',(3.35,13.,0.));
#7086=CARTESIAN_POINT('Origin',(2.35,-13.,0.));
#7087=CARTESIAN_POINT('',(2.35,-6.5,-3.5));
#7088=CARTESIAN_POINT('',(2.35,-6.5,0.));
#7089=CARTESIAN_POINT('Origin',(9.85,12.,0.));
#7090=CARTESIAN_POINT('',(10.85,12.,0.));
#7091=CARTESIAN_POINT('',(9.85,13.,0.));
#7092=CARTESIAN_POINT('Origin',(9.85,12.,0.));
#7093=CARTESIAN_POINT('',(9.85,13.,-3.5));
#7094=CARTESIAN_POINT('',(9.85,13.,0.));
#7095=CARTESIAN_POINT('',(10.85,12.,-3.5));
#7096=CARTESIAN_POINT('Origin',(9.85,12.,-3.5));
#7097=CARTESIAN_POINT('',(10.85,12.,0.));
#7098=CARTESIAN_POINT('Origin',(2.35,13.,0.));
#7099=CARTESIAN_POINT('',(1.17500000000004,13.,-3.5));
#7100=CARTESIAN_POINT('',(1.17500000000004,13.,0.));
#7101=CARTESIAN_POINT('Origin',(9.85,-12.,0.));
#7102=CARTESIAN_POINT('',(10.85,-12.,0.));
#7103=CARTESIAN_POINT('Origin',(9.85,-12.,0.));
#7104=CARTESIAN_POINT('',(10.85,-12.,-3.5));
#7105=CARTESIAN_POINT('',(10.85,-12.,0.));
#7106=CARTESIAN_POINT('Origin',(9.85,-12.,-3.5));
#7107=CARTESIAN_POINT('Origin',(10.85,13.,0.));
#7108=CARTESIAN_POINT('',(10.85,6.5,-3.5));
#7109=CARTESIAN_POINT('',(10.85,6.5,0.));
#7110=CARTESIAN_POINT('Origin',(-27.7499999999932,12.,0.));
#7111=CARTESIAN_POINT('',(-28.7499999999932,12.,0.));
#7112=CARTESIAN_POINT('',(-27.7499999999932,11.,0.));
#7113=CARTESIAN_POINT('Origin',(-27.7499999999932,12.,0.));
#7114=CARTESIAN_POINT('',(-27.7499999999932,11.,-3.5));
#7115=CARTESIAN_POINT('',(-27.7499999999932,11.,0.));
#7116=CARTESIAN_POINT('',(-28.7499999999932,12.,-3.5));
#7117=CARTESIAN_POINT('Origin',(-27.7499999999932,12.,-3.5));
#7118=CARTESIAN_POINT('',(-28.7499999999932,12.,0.));
#7119=CARTESIAN_POINT('Origin',(-6.74999999999322,11.,0.));
#7120=CARTESIAN_POINT('',(-7.74999999999322,11.,0.));
#7121=CARTESIAN_POINT('',(-3.37499999999658,11.,0.));
#7122=CARTESIAN_POINT('',(-7.74999999999322,11.,-3.5));
#7123=CARTESIAN_POINT('',(-7.74999999999322,11.,0.));
#7124=CARTESIAN_POINT('',(-3.37499999999658,11.,-3.5));
#7125=CARTESIAN_POINT('Origin',(-7.74999999999322,12.,0.));
#7126=CARTESIAN_POINT('',(-6.74999999999322,12.,0.));
#7127=CARTESIAN_POINT('Origin',(-7.74999999999322,12.,0.));
#7128=CARTESIAN_POINT('',(-6.74999999999322,12.,-3.5));
#7129=CARTESIAN_POINT('',(-6.74999999999322,12.,0.));
#7130=CARTESIAN_POINT('Origin',(-7.74999999999322,12.,-3.5));
#7131=CARTESIAN_POINT('Origin',(-6.74999999999322,17.,0.));
#7132=CARTESIAN_POINT('',(-6.74999999999322,16.,0.));
#7133=CARTESIAN_POINT('',(-6.74999999999322,8.50000000000001,0.));
#7134=CARTESIAN_POINT('',(-6.74999999999322,16.,-3.5));
#7135=CARTESIAN_POINT('',(-6.74999999999322,16.,0.));
#7136=CARTESIAN_POINT('',(-6.74999999999322,8.50000000000001,-3.5));
#7137=CARTESIAN_POINT('Origin',(-7.74999999999322,16.,0.));
#7138=CARTESIAN_POINT('',(-7.74999999999322,17.,0.));
#7139=CARTESIAN_POINT('Origin',(-7.74999999999322,16.,0.));
#7140=CARTESIAN_POINT('',(-7.74999999999322,17.,-3.5));
#7141=CARTESIAN_POINT('',(-7.74999999999322,17.,0.));
#7142=CARTESIAN_POINT('Origin',(-7.74999999999322,16.,-3.5));
#7143=CARTESIAN_POINT('Origin',(-28.7499999999932,17.,0.));
#7144=CARTESIAN_POINT('',(-27.7499999999932,17.,0.));
#7145=CARTESIAN_POINT('',(-14.3749999999966,17.,0.));
#7146=CARTESIAN_POINT('',(-27.7499999999932,17.,-3.5));
#7147=CARTESIAN_POINT('',(-27.7499999999932,17.,0.));
#7148=CARTESIAN_POINT('',(-14.3749999999966,17.,-3.5));
#7149=CARTESIAN_POINT('Origin',(-27.7499999999932,16.,0.));
#7150=CARTESIAN_POINT('',(-28.7499999999932,16.,0.));
#7151=CARTESIAN_POINT('Origin',(-27.7499999999932,16.,0.));
#7152=CARTESIAN_POINT('',(-28.7499999999932,16.,-3.5));
#7153=CARTESIAN_POINT('',(-28.7499999999932,16.,0.));
#7154=CARTESIAN_POINT('Origin',(-27.7499999999932,16.,-3.5));
#7155=CARTESIAN_POINT('Origin',(-28.7499999999932,11.,0.));
#7156=CARTESIAN_POINT('',(-28.7499999999932,5.50000000000001,-3.5));
#7157=CARTESIAN_POINT('',(-28.7499999999932,5.50000000000001,0.));
#7158=CARTESIAN_POINT('Origin',(-27.7499999999932,7.50000000000287,0.));
#7159=CARTESIAN_POINT('',(-27.7499999999932,8.50000000000287,0.));
#7160=CARTESIAN_POINT('',(-28.7499999999932,7.50000000000287,0.));
#7161=CARTESIAN_POINT('Origin',(-27.7499999999932,7.50000000000287,0.));
#7162=CARTESIAN_POINT('',(-28.7499999999932,7.50000000000287,-3.5));
#7163=CARTESIAN_POINT('',(-28.7499999999932,7.50000000000287,0.));
#7164=CARTESIAN_POINT('',(-27.7499999999932,8.50000000000287,-3.5));
#7165=CARTESIAN_POINT('Origin',(-27.7499999999932,7.50000000000287,-3.5));
#7166=CARTESIAN_POINT('',(-27.7499999999932,8.50000000000287,0.));
#7167=CARTESIAN_POINT('Origin',(-28.7499999999932,-8.49999999999713,0.));
#7168=CARTESIAN_POINT('',(-28.7499999999932,-7.49999999999713,0.));
#7169=CARTESIAN_POINT('',(-28.7499999999932,-4.24999999999856,0.));
#7170=CARTESIAN_POINT('',(-28.7499999999932,-7.49999999999713,-3.5));
#7171=CARTESIAN_POINT('',(-28.7499999999932,-7.49999999999713,0.));
#7172=CARTESIAN_POINT('',(-28.7499999999932,-4.24999999999856,-3.5));
#7173=CARTESIAN_POINT('Origin',(-7.74999999999322,7.50000000000287,0.));
#7174=CARTESIAN_POINT('',(-6.74999999999322,7.50000000000287,0.));
#7175=CARTESIAN_POINT('',(-7.74999999999322,8.50000000000287,0.));
#7176=CARTESIAN_POINT('Origin',(-7.74999999999322,7.50000000000287,0.));
#7177=CARTESIAN_POINT('',(-7.74999999999322,8.50000000000287,-3.5));
#7178=CARTESIAN_POINT('',(-7.74999999999322,8.50000000000287,0.));
#7179=CARTESIAN_POINT('',(-6.74999999999322,7.50000000000287,-3.5));
#7180=CARTESIAN_POINT('Origin',(-7.74999999999322,7.50000000000287,-3.5));
#7181=CARTESIAN_POINT('',(-6.74999999999322,7.50000000000287,0.));
#7182=CARTESIAN_POINT('Origin',(-28.7499999999932,8.50000000000287,0.));
#7183=CARTESIAN_POINT('',(-14.3749999999966,8.50000000000287,-3.5));
#7184=CARTESIAN_POINT('',(-14.3749999999966,8.50000000000287,0.));
#7185=CARTESIAN_POINT('Origin',(-7.74999999999322,-7.49999999999713,0.));
#7186=CARTESIAN_POINT('',(-7.74999999999322,-8.49999999999713,0.));
#7187=CARTESIAN_POINT('',(-6.74999999999322,-7.49999999999713,0.));
#7188=CARTESIAN_POINT('Origin',(-7.74999999999322,-7.49999999999713,0.));
#7189=CARTESIAN_POINT('',(-6.74999999999322,-7.49999999999713,-3.5));
#7190=CARTESIAN_POINT('',(-6.74999999999322,-7.49999999999713,0.));
#7191=CARTESIAN_POINT('',(-7.74999999999322,-8.49999999999713,-3.5));
#7192=CARTESIAN_POINT('Origin',(-7.74999999999322,-7.49999999999713,-3.5));
#7193=CARTESIAN_POINT('',(-7.74999999999322,-8.49999999999713,0.));
#7194=CARTESIAN_POINT('Origin',(-6.74999999999322,8.50000000000287,0.));
#7195=CARTESIAN_POINT('',(-6.74999999999322,4.25000000000144,-3.5));
#7196=CARTESIAN_POINT('',(-6.74999999999322,4.25000000000144,0.));
#7197=CARTESIAN_POINT('Origin',(-27.7499999999932,-7.49999999999713,0.));
#7198=CARTESIAN_POINT('',(-27.7499999999932,-8.49999999999713,0.));
#7199=CARTESIAN_POINT('Origin',(-27.7499999999932,-7.49999999999713,0.));
#7200=CARTESIAN_POINT('',(-27.7499999999932,-8.49999999999713,-3.5));
#7201=CARTESIAN_POINT('',(-27.7499999999932,-8.49999999999713,0.));
#7202=CARTESIAN_POINT('Origin',(-27.7499999999932,-7.49999999999713,-3.5));
#7203=CARTESIAN_POINT('Origin',(-6.74999999999323,-8.49999999999713,0.));
#7204=CARTESIAN_POINT('',(-3.37499999999658,-8.49999999999713,-3.5));
#7205=CARTESIAN_POINT('',(-3.37499999999658,-8.49999999999713,0.));
#7206=CARTESIAN_POINT('Origin',(-27.7499999999932,-16.,0.));
#7207=CARTESIAN_POINT('',(-28.7499999999932,-16.,0.));
#7208=CARTESIAN_POINT('',(-27.7499999999932,-17.,0.));
#7209=CARTESIAN_POINT('Origin',(-27.7499999999932,-16.,0.));
#7210=CARTESIAN_POINT('',(-27.7499999999932,-17.,-3.5));
#7211=CARTESIAN_POINT('',(-27.7499999999932,-17.,0.));
#7212=CARTESIAN_POINT('',(-28.7499999999932,-16.,-3.5));
#7213=CARTESIAN_POINT('Origin',(-27.7499999999932,-16.,-3.5));
#7214=CARTESIAN_POINT('',(-28.7499999999932,-16.,0.));
#7215=CARTESIAN_POINT('Origin',(-6.74999999999322,-17.,0.));
#7216=CARTESIAN_POINT('',(-7.74999999999322,-17.,0.));
#7217=CARTESIAN_POINT('',(-3.37499999999658,-17.,0.));
#7218=CARTESIAN_POINT('',(-7.74999999999322,-17.,-3.5));
#7219=CARTESIAN_POINT('',(-7.74999999999322,-17.,0.));
#7220=CARTESIAN_POINT('',(-3.37499999999658,-17.,-3.5));
#7221=CARTESIAN_POINT('Origin',(-7.74999999999322,-16.,0.));
#7222=CARTESIAN_POINT('',(-6.74999999999322,-16.,0.));
#7223=CARTESIAN_POINT('Origin',(-7.74999999999322,-16.,0.));
#7224=CARTESIAN_POINT('',(-6.74999999999322,-16.,-3.5));
#7225=CARTESIAN_POINT('',(-6.74999999999322,-16.,0.));
#7226=CARTESIAN_POINT('Origin',(-7.74999999999322,-16.,-3.5));
#7227=CARTESIAN_POINT('Origin',(-6.74999999999322,-11.,0.));
#7228=CARTESIAN_POINT('',(-6.74999999999322,-12.,0.));
#7229=CARTESIAN_POINT('',(-6.74999999999322,-5.49999999999999,0.));
#7230=CARTESIAN_POINT('',(-6.74999999999322,-12.,-3.5));
#7231=CARTESIAN_POINT('',(-6.74999999999322,-12.,0.));
#7232=CARTESIAN_POINT('',(-6.74999999999322,-5.49999999999999,-3.5));
#7233=CARTESIAN_POINT('Origin',(-7.74999999999322,-12.,0.));
#7234=CARTESIAN_POINT('',(-7.74999999999322,-11.,0.));
#7235=CARTESIAN_POINT('Origin',(-7.74999999999322,-12.,0.));
#7236=CARTESIAN_POINT('',(-7.74999999999322,-11.,-3.5));
#7237=CARTESIAN_POINT('',(-7.74999999999322,-11.,0.));
#7238=CARTESIAN_POINT('Origin',(-7.74999999999322,-12.,-3.5));
#7239=CARTESIAN_POINT('Origin',(-28.7499999999932,-11.,0.));
#7240=CARTESIAN_POINT('',(-27.7499999999932,-11.,0.));
#7241=CARTESIAN_POINT('',(-14.3749999999966,-11.,0.));
#7242=CARTESIAN_POINT('',(-27.7499999999932,-11.,-3.5));
#7243=CARTESIAN_POINT('',(-27.7499999999932,-11.,0.));
#7244=CARTESIAN_POINT('',(-14.3749999999966,-11.,-3.5));
#7245=CARTESIAN_POINT('Origin',(-27.7499999999932,-12.,0.));
#7246=CARTESIAN_POINT('',(-28.7499999999932,-12.,0.));
#7247=CARTESIAN_POINT('Origin',(-27.7499999999932,-12.,0.));
#7248=CARTESIAN_POINT('',(-28.7499999999932,-12.,-3.5));
#7249=CARTESIAN_POINT('',(-28.7499999999932,-12.,0.));
#7250=CARTESIAN_POINT('Origin',(-27.7499999999932,-12.,-3.5));
#7251=CARTESIAN_POINT('Origin',(-28.7499999999932,-17.,0.));
#7252=CARTESIAN_POINT('',(-28.7499999999932,-8.50000000000001,-3.5));
#7253=CARTESIAN_POINT('',(-28.7499999999932,-8.50000000000001,0.));
#7254=CARTESIAN_POINT('Origin',(95.9250000545328,-4.34999999999982,15.));
#7255=CARTESIAN_POINT('',(94.8000000545328,-4.34999999999982,15.5));
#7256=CARTESIAN_POINT('',(94.8000000545328,-3.84999999999982,15.));
#7257=CARTESIAN_POINT('Origin',(94.8000000545328,-4.34999999999982,15.));
#7258=CARTESIAN_POINT('',(94.4000000545328,-3.84999999999982,15.));
#7259=CARTESIAN_POINT('',(95.9250000545328,-3.84999999999982,15.));
#7260=CARTESIAN_POINT('',(94.4000000545328,-4.34999999999982,15.5));
#7261=CARTESIAN_POINT('Origin',(94.4000000545328,-4.34999999999982,15.));
#7262=CARTESIAN_POINT('',(95.9250000545328,-4.34999999999982,15.5));
#7263=CARTESIAN_POINT('Origin',(94.8000000545328,-3.34999999999982,15.));
#7264=CARTESIAN_POINT('',(95.8000000545328,-3.34999999999982,15.5));
#7265=CARTESIAN_POINT('',(95.3000000545328,-3.34999999999982,15.));
#7266=CARTESIAN_POINT('Origin',(95.8000000545328,-3.34999999999982,15.));
#7267=CARTESIAN_POINT('Origin',(94.8000000545328,-3.34999999999982,15.));
#7268=CARTESIAN_POINT('Origin',(94.8000000545328,-3.34999999999982,15.5));
#7269=CARTESIAN_POINT('Origin',(95.8000000545328,1.92500000000018,15.));
#7270=CARTESIAN_POINT('',(95.8000000545328,3.35000000000018,15.5));
#7271=CARTESIAN_POINT('',(95.3000000545328,3.35000000000018,15.));
#7272=CARTESIAN_POINT('Origin',(95.8000000545328,3.35000000000018,15.));
#7273=CARTESIAN_POINT('',(95.3000000545328,1.92500000000018,15.));
#7274=CARTESIAN_POINT('',(95.8000000545328,1.92500000000018,15.5));
#7275=CARTESIAN_POINT('Origin',(94.8000000545328,3.35000000000018,15.));
#7276=CARTESIAN_POINT('',(94.8000000545328,4.35000000000018,15.5));
#7277=CARTESIAN_POINT('',(94.8000000545328,3.85000000000018,15.));
#7278=CARTESIAN_POINT('Origin',(94.8000000545328,4.35000000000018,15.));
#7279=CARTESIAN_POINT('Origin',(94.8000000545328,3.35000000000018,15.));
#7280=CARTESIAN_POINT('Origin',(94.8000000545328,3.35000000000018,15.5));
#7281=CARTESIAN_POINT('Origin',(95.2250000545328,4.35000000000018,15.));
#7282=CARTESIAN_POINT('',(94.4000000545328,4.35000000000018,15.5));
#7283=CARTESIAN_POINT('',(94.4000000545328,3.85000000000018,15.));
#7284=CARTESIAN_POINT('Origin',(94.4000000545328,4.35000000000018,15.));
#7285=CARTESIAN_POINT('',(95.2250000545328,3.85000000000018,15.));
#7286=CARTESIAN_POINT('',(95.2250000545328,4.35000000000018,15.5));
#7287=CARTESIAN_POINT('Origin',(94.4000000545328,4.45000000000018,15.));
#7288=CARTESIAN_POINT('',(94.4000000545328,8.40000000000018,15.5));
#7289=CARTESIAN_POINT('',(93.9000000545328,8.40000000000018,15.));
#7290=CARTESIAN_POINT('Origin',(94.4000000545328,8.40000000000018,15.));
#7291=CARTESIAN_POINT('',(93.9000000545328,4.35000000000018,15.));
#7292=CARTESIAN_POINT('',(93.9000000545328,4.45000000000018,15.));
#7293=CARTESIAN_POINT('Origin',(94.4000000545328,4.35000000000018,15.));
#7294=CARTESIAN_POINT('',(94.4000000545328,4.45000000000018,15.5));
#7295=CARTESIAN_POINT('Origin',(94.4000000545328,4.35000000000018,15.));
#7296=CARTESIAN_POINT('Origin',(94.4000000545328,4.35000000000018,15.));
#7297=CARTESIAN_POINT('Origin',(97.8750000545328,8.40000000000018,15.));
#7298=CARTESIAN_POINT('',(98.7000000545328,8.40000000000018,15.5));
#7299=CARTESIAN_POINT('',(98.7000000545328,8.90000000000018,15.));
#7300=CARTESIAN_POINT('Origin',(98.7000000545328,8.40000000000018,15.));
#7301=CARTESIAN_POINT('',(94.4000000545328,8.90000000000018,15.));
#7302=CARTESIAN_POINT('',(97.8750000545328,8.90000000000018,15.));
#7303=CARTESIAN_POINT('Origin',(94.4000000545328,8.40000000000018,15.));
#7304=CARTESIAN_POINT('',(97.8750000545328,8.40000000000018,15.5));
#7305=CARTESIAN_POINT('Origin',(94.4000000545328,8.40000000000018,15.));
#7306=CARTESIAN_POINT('Origin',(94.4000000545328,8.40000000000018,15.));
#7307=CARTESIAN_POINT('Origin',(98.7000000545328,1.92500000000018,15.));
#7308=CARTESIAN_POINT('',(98.7000000545328,4.35000000000018,15.5));
#7309=CARTESIAN_POINT('',(99.2000000545328,4.35000000000018,15.));
#7310=CARTESIAN_POINT('Origin',(98.7000000545328,4.35000000000018,15.));
#7311=CARTESIAN_POINT('',(99.2000000545328,8.40000000000018,15.));
#7312=CARTESIAN_POINT('',(99.2000000545328,1.92500000000018,15.));
#7313=CARTESIAN_POINT('Origin',(98.7000000545328,8.40000000000018,15.));
#7314=CARTESIAN_POINT('',(98.7000000545328,1.92500000000018,15.5));
#7315=CARTESIAN_POINT('Origin',(98.7000000545328,8.40000000000018,15.));
#7316=CARTESIAN_POINT('Origin',(98.7000000545328,8.40000000000018,15.));
#7317=CARTESIAN_POINT('Origin',(97.1750000545328,4.35000000000018,15.));
#7318=CARTESIAN_POINT('',(98.3000000545328,4.35000000000018,15.5));
#7319=CARTESIAN_POINT('',(98.3000000545328,3.85000000000018,15.));
#7320=CARTESIAN_POINT('Origin',(98.3000000545328,4.35000000000018,15.));
#7321=CARTESIAN_POINT('',(98.7000000545328,3.85000000000018,15.));
#7322=CARTESIAN_POINT('',(97.1750000545328,3.85000000000018,15.));
#7323=CARTESIAN_POINT('Origin',(98.7000000545328,4.35000000000018,15.));
#7324=CARTESIAN_POINT('',(97.1750000545328,4.35000000000018,15.5));
#7325=CARTESIAN_POINT('Origin',(98.3000000545328,3.35000000000018,15.));
#7326=CARTESIAN_POINT('',(97.3000000545328,3.35000000000018,15.5));
#7327=CARTESIAN_POINT('',(97.8000000545328,3.35000000000018,15.));
#7328=CARTESIAN_POINT('Origin',(97.3000000545328,3.35000000000018,15.));
#7329=CARTESIAN_POINT('Origin',(98.3000000545328,3.35000000000018,15.));
#7330=CARTESIAN_POINT('Origin',(98.3000000545328,3.35000000000018,15.5));
#7331=CARTESIAN_POINT('Origin',(97.3000000545328,-1.92499999999982,15.));
#7332=CARTESIAN_POINT('',(97.3000000545328,-3.34999999999982,15.5));
#7333=CARTESIAN_POINT('',(97.8000000545328,-3.34999999999982,15.));
#7334=CARTESIAN_POINT('Origin',(97.3000000545328,-3.34999999999982,15.));
#7335=CARTESIAN_POINT('',(97.8000000545328,-1.92499999999982,15.));
#7336=CARTESIAN_POINT('',(97.3000000545328,-1.92499999999982,15.5));
#7337=CARTESIAN_POINT('Origin',(98.3000000545328,-3.34999999999982,15.));
#7338=CARTESIAN_POINT('',(98.3000000545328,-4.34999999999982,15.5));
#7339=CARTESIAN_POINT('',(98.3000000545328,-3.84999999999982,15.));
#7340=CARTESIAN_POINT('Origin',(98.3000000545328,-4.34999999999982,15.));
#7341=CARTESIAN_POINT('Origin',(98.3000000545328,-3.34999999999982,15.));
#7342=CARTESIAN_POINT('Origin',(98.3000000545328,-3.34999999999982,15.5));
#7343=CARTESIAN_POINT('Origin',(97.8750000545328,-4.34999999999982,15.));
#7344=CARTESIAN_POINT('',(98.7000000545328,-4.34999999999982,15.5));
#7345=CARTESIAN_POINT('',(98.7000000545328,-3.84999999999982,15.));
#7346=CARTESIAN_POINT('Origin',(98.7000000545328,-4.34999999999982,15.));
#7347=CARTESIAN_POINT('',(97.8750000545328,-3.84999999999982,15.));
#7348=CARTESIAN_POINT('',(97.8750000545328,-4.34999999999982,15.5));
#7349=CARTESIAN_POINT('Origin',(98.7000000545328,4.35000000000018,15.));
#7350=CARTESIAN_POINT('Origin',(98.7000000545328,4.35000000000018,15.));
#7351=CARTESIAN_POINT('Origin',(98.7000000545328,-4.44999999999982,15.));
#7352=CARTESIAN_POINT('',(98.7000000545328,-8.39999999999982,15.5));
#7353=CARTESIAN_POINT('',(99.2000000545328,-8.39999999999982,15.));
#7354=CARTESIAN_POINT('Origin',(98.7000000545328,-8.39999999999982,15.));
#7355=CARTESIAN_POINT('',(99.2000000545328,-4.34999999999982,15.));
#7356=CARTESIAN_POINT('',(99.2000000545328,-4.44999999999982,15.));
#7357=CARTESIAN_POINT('Origin',(98.7000000545328,-4.34999999999982,15.));
#7358=CARTESIAN_POINT('',(98.7000000545328,-4.44999999999982,15.5));
#7359=CARTESIAN_POINT('Origin',(98.7000000545328,-4.34999999999982,15.));
#7360=CARTESIAN_POINT('Origin',(98.7000000545328,-4.34999999999982,15.));
#7361=CARTESIAN_POINT('Origin',(95.2250000545328,-8.39999999999982,15.));
#7362=CARTESIAN_POINT('',(94.4000000545328,-8.39999999999982,15.5));
#7363=CARTESIAN_POINT('',(94.4000000545328,-8.89999999999982,15.));
#7364=CARTESIAN_POINT('Origin',(94.4000000545328,-8.39999999999982,15.));
#7365=CARTESIAN_POINT('',(98.7000000545328,-8.89999999999982,15.));
#7366=CARTESIAN_POINT('',(95.2250000545328,-8.89999999999982,15.));
#7367=CARTESIAN_POINT('Origin',(98.7000000545328,-8.39999999999982,15.));
#7368=CARTESIAN_POINT('',(95.2250000545328,-8.39999999999982,15.5));
#7369=CARTESIAN_POINT('Origin',(98.7000000545328,-8.39999999999982,15.));
#7370=CARTESIAN_POINT('Origin',(98.7000000545328,-8.39999999999982,15.));
#7371=CARTESIAN_POINT('Origin',(94.4000000545328,-1.92499999999982,15.));
#7372=CARTESIAN_POINT('',(93.9000000545328,-4.34999999999982,15.));
#7373=CARTESIAN_POINT('Origin',(94.4000000545328,-4.34999999999982,15.));
#7374=CARTESIAN_POINT('',(93.9000000545328,-8.39999999999982,15.));
#7375=CARTESIAN_POINT('',(93.9000000545328,-1.92499999999982,15.));
#7376=CARTESIAN_POINT('Origin',(94.4000000545328,-8.39999999999982,15.));
#7377=CARTESIAN_POINT('',(94.4000000545328,-1.92499999999982,15.5));
#7378=CARTESIAN_POINT('Origin',(94.4000000545328,-8.39999999999982,15.));
#7379=CARTESIAN_POINT('Origin',(94.4000000545328,-8.39999999999982,15.));
#7380=CARTESIAN_POINT('Origin',(94.4000000545328,-4.34999999999982,15.));
#7381=CARTESIAN_POINT('Origin',(94.4000000545328,-4.34999999999982,15.));
#7382=CARTESIAN_POINT('Origin',(98.7000000545328,4.35000000000018,0.));
#7383=CARTESIAN_POINT('',(98.7000000545328,3.85000000000018,0.));
#7384=CARTESIAN_POINT('',(98.7000000545328,3.85000000000018,0.));
#7385=CARTESIAN_POINT('',(99.2000000545328,4.35000000000018,0.));
#7386=CARTESIAN_POINT('Origin',(98.7000000545328,4.35000000000018,0.));
#7387=CARTESIAN_POINT('',(99.2000000545328,4.35000000000018,0.));
#7388=CARTESIAN_POINT('Origin',(97.8000000545328,3.85000000000018,0.));
#7389=CARTESIAN_POINT('',(98.3000000545328,3.85000000000018,0.));
#7390=CARTESIAN_POINT('',(98.3000000545328,3.85000000000018,0.));
#7391=CARTESIAN_POINT('',(48.9000000272665,3.85000000000018,0.));
#7392=CARTESIAN_POINT('Origin',(98.3000000545328,3.35000000000018,0.));
#7393=CARTESIAN_POINT('',(97.8000000545328,3.35000000000018,0.));
#7394=CARTESIAN_POINT('',(97.8000000545328,3.35000000000018,0.));
#7395=CARTESIAN_POINT('Origin',(98.3000000545328,3.35000000000018,0.));
#7396=CARTESIAN_POINT('Origin',(97.8000000545328,-3.84999999999982,0.));
#7397=CARTESIAN_POINT('',(97.8000000545328,-3.34999999999982,0.));
#7398=CARTESIAN_POINT('',(97.8000000545328,-3.34999999999982,0.));
#7399=CARTESIAN_POINT('',(97.8000000545328,-1.92499999999991,0.));
#7400=CARTESIAN_POINT('Origin',(98.3000000545328,-3.34999999999982,0.));
#7401=CARTESIAN_POINT('',(98.3000000545328,-3.84999999999982,0.));
#7402=CARTESIAN_POINT('',(98.3000000545328,-3.84999999999982,0.));
#7403=CARTESIAN_POINT('Origin',(98.3000000545328,-3.34999999999982,0.));
#7404=CARTESIAN_POINT('Origin',(99.2000000545328,-3.84999999999982,0.));
#7405=CARTESIAN_POINT('',(98.7000000545328,-3.84999999999982,0.));
#7406=CARTESIAN_POINT('',(98.7000000545328,-3.84999999999982,0.));
#7407=CARTESIAN_POINT('',(49.6000000272665,-3.84999999999982,0.));
#7408=CARTESIAN_POINT('Origin',(98.7000000545328,-4.34999999999982,0.));
#7409=CARTESIAN_POINT('',(99.2000000545328,-4.34999999999982,0.));
#7410=CARTESIAN_POINT('',(99.2000000545328,-4.34999999999982,0.));
#7411=CARTESIAN_POINT('Origin',(98.7000000545328,-4.34999999999982,0.));
#7412=CARTESIAN_POINT('Origin',(99.2000000545328,-8.89999999999982,0.));
#7413=CARTESIAN_POINT('',(99.2000000545328,-8.39999999999982,0.));
#7414=CARTESIAN_POINT('',(99.2000000545328,-8.39999999999982,0.));
#7415=CARTESIAN_POINT('',(99.2000000545328,-4.44999999999991,0.));
#7416=CARTESIAN_POINT('Origin',(98.7000000545328,-8.39999999999982,0.));
#7417=CARTESIAN_POINT('',(98.7000000545328,-8.89999999999982,0.));
#7418=CARTESIAN_POINT('',(98.7000000545328,-8.89999999999982,0.));
#7419=CARTESIAN_POINT('Origin',(98.7000000545328,-8.39999999999982,0.));
#7420=CARTESIAN_POINT('Origin',(93.9000000545328,-8.89999999999982,0.));
#7421=CARTESIAN_POINT('',(94.4000000545328,-8.89999999999982,0.));
#7422=CARTESIAN_POINT('',(94.4000000545328,-8.89999999999982,0.));
#7423=CARTESIAN_POINT('',(46.9500000272664,-8.89999999999982,0.));
#7424=CARTESIAN_POINT('Origin',(94.4000000545328,-8.39999999999982,0.));
#7425=CARTESIAN_POINT('',(93.9000000545328,-8.39999999999982,0.));
#7426=CARTESIAN_POINT('',(93.9000000545328,-8.39999999999982,0.));
#7427=CARTESIAN_POINT('Origin',(94.4000000545328,-8.39999999999982,0.));
#7428=CARTESIAN_POINT('Origin',(93.9000000545328,-3.84999999999982,0.));
#7429=CARTESIAN_POINT('',(93.9000000545328,-4.34999999999982,0.));
#7430=CARTESIAN_POINT('',(93.9000000545328,-4.34999999999982,0.));
#7431=CARTESIAN_POINT('',(93.9000000545328,-1.92499999999991,0.));
#7432=CARTESIAN_POINT('Origin',(96.5500000545328,1.77635683940025E-13,15.5));
#7433=CARTESIAN_POINT('',(98.0500000545328,5.7500000000002,15.5));
#7434=CARTESIAN_POINT('Origin',(96.5500000545328,5.7500000000002,15.5));
#7435=CARTESIAN_POINT('',(98.0500000545328,-5.7499999999998,15.5));
#7436=CARTESIAN_POINT('Origin',(96.5500000545328,-5.7499999999998,15.5));
#7437=CARTESIAN_POINT('Origin',(68.2500000545328,-12.1,6.));
#7438=CARTESIAN_POINT('',(66.7000000545328,-12.1,6.5));
#7439=CARTESIAN_POINT('Origin',(66.7000000545328,-12.1,6.));
#7440=CARTESIAN_POINT('',(73.9000000545328,-12.1,6.5));
#7441=CARTESIAN_POINT('Origin',(73.9000000545328,-12.1,6.));
#7442=CARTESIAN_POINT('',(68.2500000545328,-12.1,6.5));
#7443=CARTESIAN_POINT('Origin',(66.7000000545328,6.3,6.));
#7444=CARTESIAN_POINT('',(66.7000000545328,12.1,6.5));
#7445=CARTESIAN_POINT('',(66.2000000545328,12.1,6.));
#7446=CARTESIAN_POINT('Origin',(66.7000000545328,12.1,6.));
#7447=CARTESIAN_POINT('',(66.2000000545328,-12.1,6.));
#7448=CARTESIAN_POINT('',(66.2000000545328,6.3,6.));
#7449=CARTESIAN_POINT('Origin',(66.7000000545328,-12.1,6.));
#7450=CARTESIAN_POINT('',(66.7000000545328,6.3,6.5));
#7451=CARTESIAN_POINT('Origin',(66.7000000545328,-12.1,6.));
#7452=CARTESIAN_POINT('Origin',(66.7000000545328,-12.1,6.));
#7453=CARTESIAN_POINT('Origin',(72.3500000545328,12.1,6.));
#7454=CARTESIAN_POINT('',(73.9000000545328,12.1,6.5));
#7455=CARTESIAN_POINT('Origin',(73.9000000545328,12.1,6.));
#7456=CARTESIAN_POINT('Origin',(66.7000000545328,12.1,6.));
#7457=CARTESIAN_POINT('',(72.3500000545328,12.1,6.5));
#7458=CARTESIAN_POINT('Origin',(66.7000000545328,12.1,6.));
#7459=CARTESIAN_POINT('Origin',(66.7000000545328,12.1,6.));
#7460=CARTESIAN_POINT('Origin',(73.9000000545328,-6.3,6.));
#7461=CARTESIAN_POINT('',(74.4000000545328,-12.1,6.));
#7462=CARTESIAN_POINT('Origin',(73.9000000545328,-12.1,6.));
#7463=CARTESIAN_POINT('',(74.4000000545328,12.1,6.));
#7464=CARTESIAN_POINT('',(74.4000000545328,-6.3,6.));
#7465=CARTESIAN_POINT('Origin',(73.9000000545328,12.1,6.));
#7466=CARTESIAN_POINT('',(73.9000000545328,-6.3,6.5));
#7467=CARTESIAN_POINT('Origin',(73.9000000545328,12.1,6.));
#7468=CARTESIAN_POINT('Origin',(73.9000000545328,12.1,6.));
#7469=CARTESIAN_POINT('Origin',(73.9000000545328,-12.1,6.));
#7470=CARTESIAN_POINT('Origin',(73.9000000545328,-12.1,6.));
#7471=CARTESIAN_POINT('Origin',(66.7000000545328,12.1,0.));
#7472=CARTESIAN_POINT('',(66.2000000545328,12.1,0.));
#7473=CARTESIAN_POINT('Origin',(73.9000000545328,12.1,0.));
#7474=CARTESIAN_POINT('',(74.4000000545328,12.1,0.));
#7475=CARTESIAN_POINT('',(74.4000000545328,12.1,0.));
#7476=CARTESIAN_POINT('Origin',(73.9000000545328,12.1,0.));
#7477=CARTESIAN_POINT('Origin',(74.4000000545328,-12.6,0.));
#7478=CARTESIAN_POINT('',(74.4000000545328,-12.1,0.));
#7479=CARTESIAN_POINT('',(74.4000000545328,-12.1,0.));
#7480=CARTESIAN_POINT('',(74.4000000545328,-6.3,0.));
#7481=CARTESIAN_POINT('Origin',(70.3000000545328,0.,6.5));
#7482=CARTESIAN_POINT('',(71.8000000545328,-9.55,6.5));
#7483=CARTESIAN_POINT('Origin',(70.3000000545328,-9.55,6.5));
#7484=CARTESIAN_POINT('',(71.8000000545328,3.05,6.5));
#7485=CARTESIAN_POINT('Origin',(70.3000000545328,3.05,6.5));
#7486=CARTESIAN_POINT('',(71.8000000545328,9.55,6.5));
#7487=CARTESIAN_POINT('Origin',(70.3000000545328,9.55,6.5));
#7488=CARTESIAN_POINT('',(71.8000000545328,-3.05,6.5));
#7489=CARTESIAN_POINT('Origin',(70.3000000545328,-3.05,6.5));
#7490=CARTESIAN_POINT('Origin',(66.2000000545328,12.6,0.));
#7491=CARTESIAN_POINT('',(66.2000000545328,-12.1,0.));
#7492=CARTESIAN_POINT('Origin',(66.7000000545328,-12.1,0.));
#7493=CARTESIAN_POINT('Origin',(73.9000000545328,-12.1,0.));
#7494=CARTESIAN_POINT('Origin',(73.9000000545328,-12.1,0.));
#7495=CARTESIAN_POINT('Origin',(94.8000000545328,3.35000000000018,0.));
#7496=CARTESIAN_POINT('',(94.8000000545328,3.85000000000018,0.));
#7497=CARTESIAN_POINT('',(94.8000000545328,3.85000000000018,0.));
#7498=CARTESIAN_POINT('',(95.3000000545328,3.35000000000018,0.));
#7499=CARTESIAN_POINT('Origin',(94.8000000545328,3.35000000000018,0.));
#7500=CARTESIAN_POINT('',(95.3000000545328,3.35000000000018,0.));
#7501=CARTESIAN_POINT('Origin',(95.3000000545328,3.85000000000018,0.));
#7502=CARTESIAN_POINT('',(95.3000000545328,-3.34999999999982,0.));
#7503=CARTESIAN_POINT('',(95.3000000545328,1.92500000000009,0.));
#7504=CARTESIAN_POINT('',(95.3000000545328,-3.34999999999982,0.));
#7505=CARTESIAN_POINT('Origin',(94.8000000545328,-3.34999999999982,0.));
#7506=CARTESIAN_POINT('',(94.8000000545328,-3.84999999999982,0.));
#7507=CARTESIAN_POINT('Origin',(94.8000000545328,-3.34999999999982,0.));
#7508=CARTESIAN_POINT('',(94.8000000545328,-3.84999999999982,0.));
#7509=CARTESIAN_POINT('Origin',(95.3000000545328,-3.84999999999982,0.));
#7510=CARTESIAN_POINT('',(94.4000000545328,-3.84999999999982,0.));
#7511=CARTESIAN_POINT('',(47.6500000272665,-3.84999999999982,0.));
#7512=CARTESIAN_POINT('',(94.4000000545328,-3.84999999999982,0.));
#7513=CARTESIAN_POINT('Origin',(94.4000000545328,-4.34999999999982,0.));
#7514=CARTESIAN_POINT('Origin',(94.4000000545328,-4.34999999999982,0.));
#7515=CARTESIAN_POINT('Origin',(99.2000000545328,3.85000000000018,0.));
#7516=CARTESIAN_POINT('',(99.2000000545328,8.40000000000018,0.));
#7517=CARTESIAN_POINT('',(99.2000000545328,1.92500000000009,0.));
#7518=CARTESIAN_POINT('',(99.2000000545328,8.40000000000018,0.));
#7519=CARTESIAN_POINT('Origin',(98.7000000545328,8.40000000000018,0.));
#7520=CARTESIAN_POINT('',(98.7000000545328,8.90000000000018,0.));
#7521=CARTESIAN_POINT('Origin',(98.7000000545328,8.40000000000018,0.));
#7522=CARTESIAN_POINT('',(98.7000000545328,8.90000000000018,0.));
#7523=CARTESIAN_POINT('Origin',(94.4000000545328,4.35000000000018,0.));
#7524=CARTESIAN_POINT('',(93.9000000545328,4.35000000000018,0.));
#7525=CARTESIAN_POINT('',(93.9000000545328,4.35000000000018,0.));
#7526=CARTESIAN_POINT('',(94.4000000545328,3.85000000000018,0.));
#7527=CARTESIAN_POINT('Origin',(94.4000000545328,4.35000000000018,0.));
#7528=CARTESIAN_POINT('',(94.4000000545328,3.85000000000018,0.));
#7529=CARTESIAN_POINT('Origin',(93.9000000545328,8.90000000000018,0.));
#7530=CARTESIAN_POINT('',(93.9000000545328,8.40000000000018,0.));
#7531=CARTESIAN_POINT('',(93.9000000545328,8.40000000000018,0.));
#7532=CARTESIAN_POINT('',(93.9000000545328,4.45000000000009,0.));
#7533=CARTESIAN_POINT('Origin',(94.4000000545328,8.40000000000018,0.));
#7534=CARTESIAN_POINT('',(94.4000000545328,8.90000000000018,0.));
#7535=CARTESIAN_POINT('',(94.4000000545328,8.90000000000018,0.));
#7536=CARTESIAN_POINT('Origin',(94.4000000545328,8.40000000000018,0.));
#7537=CARTESIAN_POINT('Origin',(7.105427357601E-14,8.88178419700125E-15,
0.));
#7538=CARTESIAN_POINT('',(66.2000000817992,-10.4999999140459,0.));
#7539=CARTESIAN_POINT('',(94.5663060000327,-19.4487216363499,0.));
#7540=CARTESIAN_POINT('Origin',(91.9392914256188,-18.0000000131927,0.));
#7541=CARTESIAN_POINT('',(102.100000054533,-15.,0.));
#7542=CARTESIAN_POINT('Origin',(102.100000054533,-23.6033333333335,0.));
#7543=CARTESIAN_POINT('',(149.725000054521,-14.9999999999586,0.));
#7544=CARTESIAN_POINT('',(123.350000054533,-14.9999999999586,0.));
#7545=CARTESIAN_POINT('',(152.611740795151,-17.1834659244981,0.));
#7546=CARTESIAN_POINT('Origin',(149.725000054521,-17.9999999999586,0.));
#7547=CARTESIAN_POINT('',(156.082135857114,-29.4525568449211,0.));
#7548=CARTESIAN_POINT('',(150.06478636513,-8.17906875525186,0.));
#7549=CARTESIAN_POINT('',(159.450000054515,-31.9999337568838,0.));
#7550=CARTESIAN_POINT('Origin',(159.450000054515,-28.4999337568838,0.));
#7551=CARTESIAN_POINT('',(182.049853122065,-31.9999337568838,0.));
#7552=CARTESIAN_POINT('',(152.025000054524,-31.9999337568838,0.));
#7553=CARTESIAN_POINT('',(185.549853122065,-28.4999337568838,0.));
#7554=CARTESIAN_POINT('Origin',(182.049853122065,-28.4999337568838,0.));
#7555=CARTESIAN_POINT('',(185.549853122065,28.4999193106657,0.));
#7556=CARTESIAN_POINT('',(185.549853122065,-14.2499668784208,0.));
#7557=CARTESIAN_POINT('',(182.049853122065,31.9999193106657,0.));
#7558=CARTESIAN_POINT('Origin',(182.049853122065,28.4999193106657,0.));
#7559=CARTESIAN_POINT('',(159.450000054515,31.9999193106657,0.));
#7560=CARTESIAN_POINT('',(163.324926588299,31.9999193106657,0.));
#7561=CARTESIAN_POINT('',(156.082136150883,29.4525434372803,0.));
#7562=CARTESIAN_POINT('Origin',(159.450000054515,28.4999193106657,0.));
#7563=CARTESIAN_POINT('',(152.611740543353,17.1834650343836,0.));
#7564=CARTESIAN_POINT('',(151.799981138976,14.3136078472138,0.));
#7565=CARTESIAN_POINT('',(149.725000054525,15.0000000000532,0.));
#7566=CARTESIAN_POINT('Origin',(149.725000054525,18.0000000000532,0.));
#7567=CARTESIAN_POINT('',(102.100000054533,15.,0.));
#7568=CARTESIAN_POINT('',(147.162500054514,15.0000000000481,0.));
#7569=CARTESIAN_POINT('',(94.5663060063558,19.4487216266442,0.));
#7570=CARTESIAN_POINT('Origin',(102.100000054533,23.6033333333335,0.));
#7571=CARTESIAN_POINT('Origin',(91.9392914100381,17.9999999868073,0.));
#7572=CARTESIAN_POINT('',(46.9500000272664,3.85000000000018,0.));
#7573=CARTESIAN_POINT('',(49.6000000272665,8.90000000000018,0.));
#7574=CARTESIAN_POINT('',(160.950000054515,-28.4999337568838,0.));
#7575=CARTESIAN_POINT('Origin',(159.450000054515,-28.4999337568838,0.));
#7576=CARTESIAN_POINT('',(121.60000005452,8.00000000004221,0.));
#7577=CARTESIAN_POINT('Origin',(120.10000005452,8.00000000004221,0.));
#7578=CARTESIAN_POINT('',(141.60000005452,-7.99999999995779,0.));
#7579=CARTESIAN_POINT('Origin',(140.10000005452,-7.99999999995779,0.));
#7580=CARTESIAN_POINT('',(180.49992658829,-20.050007223109,0.));
#7581=CARTESIAN_POINT('',(160.99992658829,-20.050007223109,0.));
#7582=CARTESIAN_POINT('',(162.749963321411,-20.050007223109,0.));
#7583=CARTESIAN_POINT('',(160.49992658829,-19.550007223109,0.));
#7584=CARTESIAN_POINT('Origin',(160.99992658829,-19.550007223109,0.));
#7585=CARTESIAN_POINT('',(160.49992658829,19.549992776891,0.));
#7586=CARTESIAN_POINT('',(160.49992658829,-9.97500361153341,0.));
#7587=CARTESIAN_POINT('',(160.99992658829,20.049992776891,0.));
#7588=CARTESIAN_POINT('Origin',(160.99992658829,19.549992776891,0.));
#7589=CARTESIAN_POINT('',(180.49992658829,20.049992776891,0.));
#7590=CARTESIAN_POINT('',(152.599963321411,20.049992776891,0.));
#7591=CARTESIAN_POINT('',(180.99992658829,19.549992776891,0.));
#7592=CARTESIAN_POINT('Origin',(180.49992658829,19.549992776891,0.));
#7593=CARTESIAN_POINT('',(180.99992658829,-19.550007223109,0.));
#7594=CARTESIAN_POINT('',(180.99992658829,9.97499638846659,0.));
#7595=CARTESIAN_POINT('Origin',(180.49992658829,-19.550007223109,0.));
#7596=CARTESIAN_POINT('',(121.60000005452,-7.99999999995779,0.));
#7597=CARTESIAN_POINT('Origin',(120.10000005452,-7.99999999995779,0.));
#7598=CARTESIAN_POINT('',(141.60000005452,8.00000000004142,0.));
#7599=CARTESIAN_POINT('Origin',(140.10000005452,8.00000000004142,0.));
#7600=CARTESIAN_POINT('',(160.950000054515,28.4999193106657,0.));
#7601=CARTESIAN_POINT('Origin',(159.450000054515,28.4999193106657,0.));
#7602=CARTESIAN_POINT('',(183.549853122065,-28.4999337568838,0.));
#7603=CARTESIAN_POINT('Origin',(182.049853122065,-28.4999337568838,0.));
#7604=CARTESIAN_POINT('',(108.35000005452,8.00000000004198,0.));
#7605=CARTESIAN_POINT('Origin',(106.85000005452,8.00000000004198,0.));
#7606=CARTESIAN_POINT('',(154.85000005452,-7.99999999995843,0.));
#7607=CARTESIAN_POINT('Origin',(153.35000005452,-7.99999999995843,0.));
#7608=CARTESIAN_POINT('',(108.35000005452,-7.99999999995858,0.));
#7609=CARTESIAN_POINT('Origin',(106.85000005452,-7.99999999995858,0.));
#7610=CARTESIAN_POINT('',(154.850000054521,8.0000000000379,0.));
#7611=CARTESIAN_POINT('Origin',(153.350000054521,8.0000000000379,0.));
#7612=CARTESIAN_POINT('',(183.549853122065,28.4999193106657,0.));
#7613=CARTESIAN_POINT('Origin',(182.049853122065,28.4999193106657,0.));
#7614=CARTESIAN_POINT('Origin',(93.9000000545328,3.85000000000018,0.));
#7615=CARTESIAN_POINT('Origin',(99.2000000545328,8.90000000000018,0.));
#7616=CARTESIAN_POINT('Origin',(60.0999998606252,-8.64999999999993,0.));
#7617=CARTESIAN_POINT('',(62.8499998606252,-8.64999999999993,2.6));
#7618=CARTESIAN_POINT('Origin',(60.0999998606252,-8.64999999999993,2.6));
#7619=CARTESIAN_POINT('',(62.8499998606252,-8.64999999999993,0.));
#7620=CARTESIAN_POINT('',(62.8499998606252,-8.64999999999993,0.));
#7621=CARTESIAN_POINT('Origin',(60.0999998606252,-8.64999999999993,0.));
#7622=CARTESIAN_POINT('Origin',(60.0999998606252,-8.64999999999993,2.6));
#7623=CARTESIAN_POINT('',(61.5999998606252,-8.64999999999993,2.6));
#7624=CARTESIAN_POINT('Origin',(60.0999998606252,-8.64999999999993,2.6));
#7625=CARTESIAN_POINT('Origin',(65.2000000545329,20.0000000259679,0.));
#7626=CARTESIAN_POINT('',(65.2000000545328,-19.9999999740319,0.));
#7627=CARTESIAN_POINT('',(65.2000000545329,10.0000000129839,0.));
#7628=CARTESIAN_POINT('',(65.2000000545328,-19.9999999740319,0.));
#7629=CARTESIAN_POINT('Origin',(65.2000000545328,-19.9999999740319,0.));
#7630=CARTESIAN_POINT('',(32.6000000532344,-20.0000000586876,0.));
#7631=CARTESIAN_POINT('Origin',(66.2000001090656,-20.9999999999999,0.));
#7632=CARTESIAN_POINT('Origin',(7.105427357601E-14,8.88178419700125E-15,
0.));
#7633=CARTESIAN_POINT('',(53.050000193908,6.45000010410316,0.));
#7634=CARTESIAN_POINT('Origin',(50.300000193908,6.45000010410316,0.));
#7635=CARTESIAN_POINT('Origin',(7.105427357601E-14,8.88178419700125E-15,
0.));
#7636=CARTESIAN_POINT('',(6.47318366351339,26.0635245152292,0.));
#7637=CARTESIAN_POINT('Origin',(13.2000001981308,27.9999998018693,0.));
#7638=CARTESIAN_POINT('',(0.162213274784506,47.986210672532,0.));
#7639=CARTESIAN_POINT('',(9.68989431255977,14.8894999715805,0.));
#7640=CARTESIAN_POINT('',(-4.25,51.3074473925047,0.));
#7641=CARTESIAN_POINT('Origin',(-4.25,46.71604938271,0.));
#7642=CARTESIAN_POINT('',(-31.2497542619479,51.3074473925047,0.));
#7643=CARTESIAN_POINT('',(-2.12499999999997,51.3074473925047,0.));
#7644=CARTESIAN_POINT('',(-35.8413980295141,46.71604938271,0.));
#7645=CARTESIAN_POINT('Origin',(-31.249999999991,46.71604938271,0.));
#7646=CARTESIAN_POINT('',(-35.8413980295141,-46.71604938271,0.));
#7647=CARTESIAN_POINT('',(-35.8413980295141,23.358024691355,0.));
#7648=CARTESIAN_POINT('',(-31.2499999874122,-51.3074473925047,0.));
#7649=CARTESIAN_POINT('Origin',(-31.249999999991,-46.71604938271,0.));
#7650=CARTESIAN_POINT('',(-4.25,-51.3074473925047,0.));
#7651=CARTESIAN_POINT('',(-15.624999993706,-51.3074473925047,0.));
#7652=CARTESIAN_POINT('',(0.162213283831342,-47.9862106411055,0.));
#7653=CARTESIAN_POINT('Origin',(-4.25,-46.71604938271,0.));
#7654=CARTESIAN_POINT('',(6.47318346054503,-26.0635246329245,0.));
#7655=CARTESIAN_POINT('',(6.534408978289,-25.8508429431675,0.));
#7656=CARTESIAN_POINT('Origin',(13.2000001016605,-27.9999998983395,0.));
#7657=CARTESIAN_POINT('',(38.5563968668407,-15.5,0.));
#7658=CARTESIAN_POINT('Origin',(37.0563968668407,-15.5,0.));
#7659=CARTESIAN_POINT('',(-2.750000014901,34.5,0.));
#7660=CARTESIAN_POINT('Origin',(-4.250000014901,34.5,0.));
#7661=CARTESIAN_POINT('',(-29.749999999991,46.71604938271,0.));
#7662=CARTESIAN_POINT('Origin',(-31.249999999991,46.71604938271,0.));
#7663=CARTESIAN_POINT('',(-20.650000014901,-19.5,0.));
#7664=CARTESIAN_POINT('',(-14.850000014901,-19.5,0.));
#7665=CARTESIAN_POINT('',(-10.3250000074505,-19.5,0.));
#7666=CARTESIAN_POINT('',(-12.850000014901,-21.5,0.));
#7667=CARTESIAN_POINT('Origin',(-14.850000014901,-21.5,0.));
#7668=CARTESIAN_POINT('',(-12.850000014901,-26.,0.));
#7669=CARTESIAN_POINT('',(-12.850000014901,-10.75,0.));
#7670=CARTESIAN_POINT('',(-14.850000014901,-28.,0.));
#7671=CARTESIAN_POINT('Origin',(-14.850000014901,-26.,0.));
#7672=CARTESIAN_POINT('',(-20.650000014901,-28.,0.));
#7673=CARTESIAN_POINT('',(-7.42500000745046,-28.,0.));
#7674=CARTESIAN_POINT('',(-22.650000014901,-26.,0.));
#7675=CARTESIAN_POINT('Origin',(-20.650000014901,-26.,0.));
#7676=CARTESIAN_POINT('',(-22.650000014901,-21.5,0.));
#7677=CARTESIAN_POINT('',(-22.650000014901,-13.,0.));
#7678=CARTESIAN_POINT('Origin',(-20.650000014901,-21.5,0.));
#7679=CARTESIAN_POINT('',(-29.750000014901,-34.5,0.));
#7680=CARTESIAN_POINT('Origin',(-31.250000014901,-34.5,0.));
#7681=CARTESIAN_POINT('',(-29.749999999991,-46.71604938271,0.));
#7682=CARTESIAN_POINT('Origin',(-31.249999999991,-46.71604938271,0.));
#7683=CARTESIAN_POINT('',(-20.650000014901,-41.,0.));
#7684=CARTESIAN_POINT('',(-22.650000014901,-39.,0.));
#7685=CARTESIAN_POINT('Origin',(-20.650000014901,-39.,0.));
#7686=CARTESIAN_POINT('',(-22.650000014901,-33.,0.));
#7687=CARTESIAN_POINT('',(-22.650000014901,-19.5,0.));
#7688=CARTESIAN_POINT('',(-20.650000014901,-31.,0.));
#7689=CARTESIAN_POINT('Origin',(-20.650000014901,-33.,0.));
#7690=CARTESIAN_POINT('',(-14.850000014901,-31.,0.));
#7691=CARTESIAN_POINT('',(-10.3250000074505,-31.,0.));
#7692=CARTESIAN_POINT('',(-12.850000014901,-33.,0.));
#7693=CARTESIAN_POINT('Origin',(-14.850000014901,-33.,0.));
#7694=CARTESIAN_POINT('',(-12.850000014901,-39.,0.));
#7695=CARTESIAN_POINT('',(-12.850000014901,-16.5,0.));
#7696=CARTESIAN_POINT('',(-14.850000014901,-41.,0.));
#7697=CARTESIAN_POINT('Origin',(-14.850000014901,-39.,0.));
#7698=CARTESIAN_POINT('',(-7.42500000745046,-41.,0.));
#7699=CARTESIAN_POINT('',(-2.75,-23.216049382716,0.));
#7700=CARTESIAN_POINT('Origin',(-4.25,-23.216049382716,0.));
#7701=CARTESIAN_POINT('',(-22.650000014901,48.,0.));
#7702=CARTESIAN_POINT('',(-20.650000014901,50.,0.));
#7703=CARTESIAN_POINT('Origin',(-20.650000014901,48.,0.));
#7704=CARTESIAN_POINT('',(-14.850000014901,50.,0.));
#7705=CARTESIAN_POINT('',(-10.3250000074505,50.,0.));
#7706=CARTESIAN_POINT('',(-12.850000014901,48.,0.));
#7707=CARTESIAN_POINT('Origin',(-14.850000014901,48.,0.));
#7708=CARTESIAN_POINT('',(-12.850000014901,46.,0.));
#7709=CARTESIAN_POINT('',(-12.850000014901,24.,0.));
#7710=CARTESIAN_POINT('',(-14.850000014901,44.,0.));
#7711=CARTESIAN_POINT('Origin',(-14.850000014901,46.,0.));
#7712=CARTESIAN_POINT('',(-20.650000014901,44.,0.));
#7713=CARTESIAN_POINT('',(-7.42500000745046,44.,0.));
#7714=CARTESIAN_POINT('',(-22.650000014901,46.,0.));
#7715=CARTESIAN_POINT('Origin',(-20.650000014901,46.,0.));
#7716=CARTESIAN_POINT('',(-22.650000014901,23.,0.));
#7717=CARTESIAN_POINT('',(-2.75,23.216049382716,0.));
#7718=CARTESIAN_POINT('Origin',(-4.25,23.216049382716,0.));
#7719=CARTESIAN_POINT('',(18.2,-8.5,0.));
#7720=CARTESIAN_POINT('Origin',(16.7,-8.5,0.));
#7721=CARTESIAN_POINT('',(38.5563968668407,15.5,0.));
#7722=CARTESIAN_POINT('Origin',(37.0563968668407,15.5,0.));
#7723=CARTESIAN_POINT('',(28.8436031331593,-15.5,0.));
#7724=CARTESIAN_POINT('Origin',(27.3436031331593,-15.5,0.));
#7725=CARTESIAN_POINT('',(-2.75,46.71604938271,0.));
#7726=CARTESIAN_POINT('Origin',(-4.25,46.71604938271,0.));
#7727=CARTESIAN_POINT('',(-29.750000014901,34.5,0.));
#7728=CARTESIAN_POINT('Origin',(-31.250000014901,34.5,0.));
#7729=CARTESIAN_POINT('',(-12.850000014901,21.5,0.));
#7730=CARTESIAN_POINT('',(-14.850000014901,19.5,0.));
#7731=CARTESIAN_POINT('Origin',(-14.850000014901,21.5,0.));
#7732=CARTESIAN_POINT('',(-20.650000014901,19.5,0.));
#7733=CARTESIAN_POINT('',(-7.42500000745046,19.5,0.));
#7734=CARTESIAN_POINT('',(-22.650000014901,21.5,0.));
#7735=CARTESIAN_POINT('Origin',(-20.650000014901,21.5,0.));
#7736=CARTESIAN_POINT('',(-22.650000014901,26.,0.));
#7737=CARTESIAN_POINT('',(-22.650000014901,10.75,0.));
#7738=CARTESIAN_POINT('',(-20.650000014901,28.,0.));
#7739=CARTESIAN_POINT('Origin',(-20.650000014901,26.,0.));
#7740=CARTESIAN_POINT('',(-14.850000014901,28.,0.));
#7741=CARTESIAN_POINT('',(-10.3250000074505,28.,0.));
#7742=CARTESIAN_POINT('',(-12.850000014901,26.,0.));
#7743=CARTESIAN_POINT('Origin',(-14.850000014901,26.,0.));
#7744=CARTESIAN_POINT('',(-12.850000014901,13.,0.));
#7745=CARTESIAN_POINT('',(-2.750000014901,-34.5,0.));
#7746=CARTESIAN_POINT('Origin',(-4.250000014901,-34.5,0.));
#7747=CARTESIAN_POINT('',(-2.75,-46.71604938271,0.));
#7748=CARTESIAN_POINT('Origin',(-4.25,-46.71604938271,0.));
#7749=CARTESIAN_POINT('',(-20.650000014901,-50.,0.));
#7750=CARTESIAN_POINT('',(-22.650000014901,-48.,0.));
#7751=CARTESIAN_POINT('Origin',(-20.650000014901,-48.,0.));
#7752=CARTESIAN_POINT('',(-22.650000014901,-46.,0.));
#7753=CARTESIAN_POINT('',(-22.650000014901,-24.,0.));
#7754=CARTESIAN_POINT('',(-20.650000014901,-44.,0.));
#7755=CARTESIAN_POINT('Origin',(-20.650000014901,-46.,0.));
#7756=CARTESIAN_POINT('',(-14.850000014901,-44.,0.));
#7757=CARTESIAN_POINT('',(-10.3250000074504,-44.,0.));
#7758=CARTESIAN_POINT('',(-12.850000014901,-46.,0.));
#7759=CARTESIAN_POINT('Origin',(-14.850000014901,-46.,0.));
#7760=CARTESIAN_POINT('',(-12.850000014901,-48.,0.));
#7761=CARTESIAN_POINT('',(-12.850000014901,-23.,0.));
#7762=CARTESIAN_POINT('',(-14.850000014901,-50.,0.));
#7763=CARTESIAN_POINT('Origin',(-14.850000014901,-48.,0.));
#7764=CARTESIAN_POINT('',(-7.42500000745043,-50.,0.));
#7765=CARTESIAN_POINT('',(-29.749999999991,-23.216049382716,0.));
#7766=CARTESIAN_POINT('Origin',(-31.249999999991,-23.216049382716,0.));
#7767=CARTESIAN_POINT('',(-22.650000014901,39.,0.));
#7768=CARTESIAN_POINT('',(-20.650000014901,41.,0.));
#7769=CARTESIAN_POINT('Origin',(-20.650000014901,39.,0.));
#7770=CARTESIAN_POINT('',(-14.850000014901,41.,0.));
#7771=CARTESIAN_POINT('',(-10.3250000074504,41.,0.));
#7772=CARTESIAN_POINT('',(-12.850000014901,39.,0.));
#7773=CARTESIAN_POINT('Origin',(-14.850000014901,39.,0.));
#7774=CARTESIAN_POINT('',(-12.850000014901,33.,0.));
#7775=CARTESIAN_POINT('',(-12.850000014901,19.5,0.));
#7776=CARTESIAN_POINT('',(-14.850000014901,31.,0.));
#7777=CARTESIAN_POINT('Origin',(-14.850000014901,33.,0.));
#7778=CARTESIAN_POINT('',(-20.650000014901,31.,0.));
#7779=CARTESIAN_POINT('',(-7.42500000745048,31.,0.));
#7780=CARTESIAN_POINT('',(-22.650000014901,33.,0.));
#7781=CARTESIAN_POINT('Origin',(-20.650000014901,33.,0.));
#7782=CARTESIAN_POINT('',(-22.650000014901,16.5,0.));
#7783=CARTESIAN_POINT('',(-29.749999999991,23.216049382716,0.));
#7784=CARTESIAN_POINT('Origin',(-31.249999999991,23.216049382716,0.));
#7785=CARTESIAN_POINT('',(18.2,8.5,0.));
#7786=CARTESIAN_POINT('Origin',(16.7,8.5,0.));
#7787=CARTESIAN_POINT('',(28.8436031331593,15.5,0.));
#7788=CARTESIAN_POINT('Origin',(27.3436031331593,15.5,0.));
#7789=CARTESIAN_POINT('Origin',(50.300000193908,6.45000010410316,0.));
#7790=CARTESIAN_POINT('',(53.050000193908,6.45000010410316,2.6));
#7791=CARTESIAN_POINT('Origin',(50.300000193908,6.45000010410316,2.6));
#7792=CARTESIAN_POINT('',(53.050000193908,6.45000010410316,0.));
#7793=CARTESIAN_POINT('Origin',(50.300000193908,6.45000010410316,2.6));
#7794=CARTESIAN_POINT('',(51.800000193908,6.45000010410316,2.6));
#7795=CARTESIAN_POINT('Origin',(50.300000193908,6.45000010410316,2.6));
#7796=CARTESIAN_POINT('Origin',(7.105427357601E-14,8.88178419700125E-15,
-3.5));
#7797=CARTESIAN_POINT('',(-4.25000000000001,51.3074473925047,-3.5));
#7798=CARTESIAN_POINT('',(0.162213274784513,47.986210672532,-3.5));
#7799=CARTESIAN_POINT('Origin',(-4.25,46.71604938271,-3.5));
#7800=CARTESIAN_POINT('',(6.47318366351339,26.0635245152292,-3.5));
#7801=CARTESIAN_POINT('',(9.68989431255977,14.8894999715805,-3.5));
#7802=CARTESIAN_POINT('Origin',(13.2000001981308,27.9999998018693,-3.5));
#7803=CARTESIAN_POINT('',(94.5663060063558,19.4487216266442,-3.5));
#7804=CARTESIAN_POINT('Origin',(91.9392914100381,17.9999999868073,-3.5));
#7805=CARTESIAN_POINT('',(102.100000054533,15.,-3.5));
#7806=CARTESIAN_POINT('Origin',(102.100000054533,23.6033333333335,-3.5));
#7807=CARTESIAN_POINT('',(149.725000054525,15.0000000000532,-3.5));
#7808=CARTESIAN_POINT('',(147.162500054514,15.0000000000481,-3.5));
#7809=CARTESIAN_POINT('',(152.611740543353,17.1834650343836,-3.5));
#7810=CARTESIAN_POINT('Origin',(149.725000054525,18.0000000000532,-3.5));
#7811=CARTESIAN_POINT('',(156.082136150883,29.4525434372803,-3.5));
#7812=CARTESIAN_POINT('',(151.799981138976,14.3136078472138,-3.5));
#7813=CARTESIAN_POINT('',(159.450000054515,31.9999193106657,-3.5));
#7814=CARTESIAN_POINT('Origin',(159.450000054515,28.4999193106657,-3.5));
#7815=CARTESIAN_POINT('',(182.049853122065,31.9999193106657,-3.5));
#7816=CARTESIAN_POINT('',(163.324926588299,31.9999193106657,-3.5));
#7817=CARTESIAN_POINT('',(185.549853122065,28.4999193106657,-3.5));
#7818=CARTESIAN_POINT('Origin',(182.049853122065,28.4999193106657,-3.5));
#7819=CARTESIAN_POINT('',(185.549853122065,-28.4999337568838,-3.5));
#7820=CARTESIAN_POINT('',(185.549853122065,-14.2499668784208,-3.5));
#7821=CARTESIAN_POINT('',(182.049853122065,-31.9999337568838,-3.5));
#7822=CARTESIAN_POINT('Origin',(182.049853122065,-28.4999337568838,-3.5));
#7823=CARTESIAN_POINT('',(159.450000054515,-31.9999337568838,-3.5));
#7824=CARTESIAN_POINT('',(152.025000054524,-31.9999337568838,-3.5));
#7825=CARTESIAN_POINT('',(156.082135857114,-29.4525568449211,-3.5));
#7826=CARTESIAN_POINT('Origin',(159.450000054515,-28.4999337568838,-3.5));
#7827=CARTESIAN_POINT('',(152.611740795151,-17.1834659244981,-3.5));
#7828=CARTESIAN_POINT('',(150.06478636513,-8.17906875525186,-3.5));
#7829=CARTESIAN_POINT('',(149.725000054521,-14.9999999999586,-3.5));
#7830=CARTESIAN_POINT('Origin',(149.725000054521,-17.9999999999586,-3.5));
#7831=CARTESIAN_POINT('',(102.100000054533,-15.,-3.5));
#7832=CARTESIAN_POINT('',(123.350000054533,-14.9999999999586,-3.5));
#7833=CARTESIAN_POINT('',(94.5663060000327,-19.4487216363499,-3.5));
#7834=CARTESIAN_POINT('Origin',(102.100000054533,-23.6033333333335,-3.5));
#7835=CARTESIAN_POINT('Origin',(91.9392914256188,-18.0000000131927,-3.5));
#7836=CARTESIAN_POINT('',(6.47318346054503,-26.0635246329245,-3.5));
#7837=CARTESIAN_POINT('Origin',(13.2000001016605,-27.9999998983395,-3.5));
#7838=CARTESIAN_POINT('',(0.162213283831356,-47.9862106411055,-3.5));
#7839=CARTESIAN_POINT('',(6.534408978289,-25.8508429431675,-3.5));
#7840=CARTESIAN_POINT('',(-4.25000000000001,-51.3074473925047,-3.5));
#7841=CARTESIAN_POINT('Origin',(-4.25,-46.71604938271,-3.5));
#7842=CARTESIAN_POINT('',(-31.2499999874122,-51.3074473925047,-3.5));
#7843=CARTESIAN_POINT('',(-15.624999993706,-51.3074473925047,-3.5));
#7844=CARTESIAN_POINT('',(-35.8413980295141,-46.71604938271,-3.5));
#7845=CARTESIAN_POINT('Origin',(-31.249999999991,-46.71604938271,-3.5));
#7846=CARTESIAN_POINT('',(-35.8413980295141,46.71604938271,-3.5));
#7847=CARTESIAN_POINT('',(-35.8413980295141,23.358024691355,-3.5));
#7848=CARTESIAN_POINT('',(-31.2497542619479,51.3074473925047,-3.5));
#7849=CARTESIAN_POINT('Origin',(-31.249999999991,46.71604938271,-3.5));
#7850=CARTESIAN_POINT('',(-2.12499999999997,51.3074473925047,-3.5));
#7851=CARTESIAN_POINT('',(160.950000054515,-28.4999337568838,-3.5));
#7852=CARTESIAN_POINT('Origin',(159.450000054515,-28.4999337568838,-3.5));
#7853=CARTESIAN_POINT('',(121.60000005452,8.00000000004221,-3.5));
#7854=CARTESIAN_POINT('Origin',(120.10000005452,8.00000000004221,-3.5));
#7855=CARTESIAN_POINT('',(141.60000005452,-7.99999999995779,-3.5));
#7856=CARTESIAN_POINT('Origin',(140.10000005452,-7.99999999995779,-3.5));
#7857=CARTESIAN_POINT('',(160.99992658829,-20.050007223109,-3.5));
#7858=CARTESIAN_POINT('',(180.49992658829,-20.050007223109,-3.5));
#7859=CARTESIAN_POINT('',(162.749963321411,-20.050007223109,-3.5));
#7860=CARTESIAN_POINT('',(180.99992658829,-19.550007223109,-3.5));
#7861=CARTESIAN_POINT('Origin',(180.49992658829,-19.550007223109,-3.5));
#7862=CARTESIAN_POINT('',(180.99992658829,19.549992776891,-3.5));
#7863=CARTESIAN_POINT('',(180.99992658829,9.97499638846659,-3.5));
#7864=CARTESIAN_POINT('',(180.49992658829,20.049992776891,-3.5));
#7865=CARTESIAN_POINT('Origin',(180.49992658829,19.549992776891,-3.5));
#7866=CARTESIAN_POINT('',(160.99992658829,20.049992776891,-3.5));
#7867=CARTESIAN_POINT('',(152.599963321411,20.049992776891,-3.5));
#7868=CARTESIAN_POINT('',(160.49992658829,19.549992776891,-3.5));
#7869=CARTESIAN_POINT('Origin',(160.99992658829,19.549992776891,-3.5));
#7870=CARTESIAN_POINT('',(160.49992658829,-19.550007223109,-3.5));
#7871=CARTESIAN_POINT('',(160.49992658829,-9.97500361153341,-3.5));
#7872=CARTESIAN_POINT('Origin',(160.99992658829,-19.550007223109,-3.5));
#7873=CARTESIAN_POINT('',(121.60000005452,-7.99999999995779,-3.5));
#7874=CARTESIAN_POINT('Origin',(120.10000005452,-7.99999999995779,-3.5));
#7875=CARTESIAN_POINT('',(141.60000005452,8.00000000004142,-3.5));
#7876=CARTESIAN_POINT('Origin',(140.10000005452,8.00000000004142,-3.5));
#7877=CARTESIAN_POINT('',(160.950000054515,28.4999193106657,-3.5));
#7878=CARTESIAN_POINT('Origin',(159.450000054515,28.4999193106657,-3.5));
#7879=CARTESIAN_POINT('',(183.549853122065,-28.4999337568838,-3.5));
#7880=CARTESIAN_POINT('Origin',(182.049853122065,-28.4999337568838,-3.5));
#7881=CARTESIAN_POINT('',(108.35000005452,8.00000000004199,-3.5));
#7882=CARTESIAN_POINT('Origin',(106.85000005452,8.00000000004198,-3.5));
#7883=CARTESIAN_POINT('',(154.85000005452,-7.99999999995843,-3.5));
#7884=CARTESIAN_POINT('Origin',(153.35000005452,-7.99999999995843,-3.5));
#7885=CARTESIAN_POINT('',(108.35000005452,-7.99999999995858,-3.5));
#7886=CARTESIAN_POINT('Origin',(106.85000005452,-7.99999999995858,-3.5));
#7887=CARTESIAN_POINT('',(154.850000054521,8.00000000003791,-3.5));
#7888=CARTESIAN_POINT('Origin',(153.350000054521,8.0000000000379,-3.5));
#7889=CARTESIAN_POINT('',(183.549853122065,28.4999193106657,-3.5));
#7890=CARTESIAN_POINT('Origin',(182.049853122065,28.4999193106657,-3.5));
#7891=CARTESIAN_POINT('',(61.5999998606252,-8.64999999999993,-3.5));
#7892=CARTESIAN_POINT('Origin',(60.0999998606252,-8.64999999999993,-3.5));
#7893=CARTESIAN_POINT('',(38.5563968668407,-15.5,-3.5));
#7894=CARTESIAN_POINT('Origin',(37.0563968668407,-15.5,-3.5));
#7895=CARTESIAN_POINT('',(71.8000000545328,9.55,-3.5));
#7896=CARTESIAN_POINT('Origin',(70.3000000545328,9.55,-3.5));
#7897=CARTESIAN_POINT('',(-2.75000001490099,34.5,-3.5));
#7898=CARTESIAN_POINT('Origin',(-4.250000014901,34.5,-3.5));
#7899=CARTESIAN_POINT('',(-29.749999999991,46.71604938271,-3.5));
#7900=CARTESIAN_POINT('Origin',(-31.249999999991,46.71604938271,-3.5));
#7901=CARTESIAN_POINT('',(-14.850000014901,-19.5,-3.5));
#7902=CARTESIAN_POINT('',(-20.650000014901,-19.5,-3.5));
#7903=CARTESIAN_POINT('',(-10.3250000074505,-19.5,-3.5));
#7904=CARTESIAN_POINT('',(-22.650000014901,-21.5,-3.5));
#7905=CARTESIAN_POINT('Origin',(-20.650000014901,-21.5,-3.5));
#7906=CARTESIAN_POINT('',(-22.650000014901,-26.,-3.5));
#7907=CARTESIAN_POINT('',(-22.650000014901,-13.,-3.5));
#7908=CARTESIAN_POINT('',(-20.650000014901,-28.,-3.5));
#7909=CARTESIAN_POINT('Origin',(-20.650000014901,-26.,-3.5));
#7910=CARTESIAN_POINT('',(-14.850000014901,-28.,-3.5));
#7911=CARTESIAN_POINT('',(-7.42500000745046,-28.,-3.5));
#7912=CARTESIAN_POINT('',(-12.850000014901,-26.,-3.5));
#7913=CARTESIAN_POINT('Origin',(-14.850000014901,-26.,-3.5));
#7914=CARTESIAN_POINT('',(-12.850000014901,-21.5,-3.5));
#7915=CARTESIAN_POINT('',(-12.850000014901,-10.75,-3.5));
#7916=CARTESIAN_POINT('Origin',(-14.850000014901,-21.5,-3.5));
#7917=CARTESIAN_POINT('',(-29.750000014901,-34.5,-3.5));
#7918=CARTESIAN_POINT('Origin',(-31.250000014901,-34.5,-3.5));
#7919=CARTESIAN_POINT('',(-29.749999999991,-46.71604938271,-3.5));
#7920=CARTESIAN_POINT('Origin',(-31.249999999991,-46.71604938271,-3.5));
#7921=CARTESIAN_POINT('',(-22.650000014901,-39.,-3.5));
#7922=CARTESIAN_POINT('',(-20.650000014901,-41.,-3.5));
#7923=CARTESIAN_POINT('Origin',(-20.650000014901,-39.,-3.5));
#7924=CARTESIAN_POINT('',(-14.850000014901,-41.,-3.5));
#7925=CARTESIAN_POINT('',(-7.42500000745046,-41.,-3.5));
#7926=CARTESIAN_POINT('',(-12.850000014901,-39.,-3.5));
#7927=CARTESIAN_POINT('Origin',(-14.850000014901,-39.,-3.5));
#7928=CARTESIAN_POINT('',(-12.850000014901,-33.,-3.5));
#7929=CARTESIAN_POINT('',(-12.850000014901,-16.5,-3.5));
#7930=CARTESIAN_POINT('',(-14.850000014901,-31.,-3.5));
#7931=CARTESIAN_POINT('Origin',(-14.850000014901,-33.,-3.5));
#7932=CARTESIAN_POINT('',(-20.650000014901,-31.,-3.5));
#7933=CARTESIAN_POINT('',(-10.3250000074505,-31.,-3.5));
#7934=CARTESIAN_POINT('',(-22.650000014901,-33.,-3.5));
#7935=CARTESIAN_POINT('Origin',(-20.650000014901,-33.,-3.5));
#7936=CARTESIAN_POINT('',(-22.650000014901,-19.5,-3.5));
#7937=CARTESIAN_POINT('',(-2.74999999999999,-23.216049382716,-3.5));
#7938=CARTESIAN_POINT('Origin',(-4.25,-23.216049382716,-3.5));
#7939=CARTESIAN_POINT('',(-20.650000014901,50.,-3.5));
#7940=CARTESIAN_POINT('',(-22.650000014901,48.,-3.5));
#7941=CARTESIAN_POINT('Origin',(-20.650000014901,48.,-3.5));
#7942=CARTESIAN_POINT('',(-22.650000014901,46.,-3.5));
#7943=CARTESIAN_POINT('',(-22.650000014901,23.,-3.5));
#7944=CARTESIAN_POINT('',(-20.650000014901,44.,-3.5));
#7945=CARTESIAN_POINT('Origin',(-20.650000014901,46.,-3.5));
#7946=CARTESIAN_POINT('',(-14.850000014901,44.,-3.5));
#7947=CARTESIAN_POINT('',(-7.42500000745046,44.,-3.5));
#7948=CARTESIAN_POINT('',(-12.850000014901,46.,-3.5));
#7949=CARTESIAN_POINT('Origin',(-14.850000014901,46.,-3.5));
#7950=CARTESIAN_POINT('',(-12.850000014901,48.,-3.5));
#7951=CARTESIAN_POINT('',(-12.850000014901,24.,-3.5));
#7952=CARTESIAN_POINT('',(-14.850000014901,50.,-3.5));
#7953=CARTESIAN_POINT('Origin',(-14.850000014901,48.,-3.5));
#7954=CARTESIAN_POINT('',(-10.3250000074505,50.,-3.5));
#7955=CARTESIAN_POINT('',(-2.74999999999999,23.216049382716,-3.5));
#7956=CARTESIAN_POINT('Origin',(-4.25,23.216049382716,-3.5));
#7957=CARTESIAN_POINT('',(18.2,-8.5,-3.5));
#7958=CARTESIAN_POINT('Origin',(16.7,-8.5,-3.5));
#7959=CARTESIAN_POINT('',(71.8000000545328,3.05,-3.5));
#7960=CARTESIAN_POINT('Origin',(70.3000000545328,3.05,-3.5));
#7961=CARTESIAN_POINT('',(38.5563968668407,15.5,-3.5));
#7962=CARTESIAN_POINT('Origin',(37.0563968668407,15.5,-3.5));
#7963=CARTESIAN_POINT('',(51.800000193908,6.45000010410316,-3.5));
#7964=CARTESIAN_POINT('Origin',(50.300000193908,6.45000010410316,-3.5));
#7965=CARTESIAN_POINT('',(98.0500000545328,-5.7499999999998,-3.5));
#7966=CARTESIAN_POINT('Origin',(96.5500000545328,-5.7499999999998,-3.5));
#7967=CARTESIAN_POINT('',(28.8436031331593,-15.5,-3.5));
#7968=CARTESIAN_POINT('Origin',(27.3436031331593,-15.5,-3.5));
#7969=CARTESIAN_POINT('',(71.8000000545328,-3.05,-3.5));
#7970=CARTESIAN_POINT('Origin',(70.3000000545328,-3.05,-3.5));
#7971=CARTESIAN_POINT('',(-2.74999999999999,46.71604938271,-3.5));
#7972=CARTESIAN_POINT('Origin',(-4.25,46.71604938271,-3.5));
#7973=CARTESIAN_POINT('',(-29.750000014901,34.5,-3.5));
#7974=CARTESIAN_POINT('Origin',(-31.250000014901,34.5,-3.5));
#7975=CARTESIAN_POINT('',(-14.850000014901,19.5,-3.5));
#7976=CARTESIAN_POINT('',(-12.850000014901,21.5,-3.5));
#7977=CARTESIAN_POINT('Origin',(-14.850000014901,21.5,-3.5));
#7978=CARTESIAN_POINT('',(-12.850000014901,26.,-3.5));
#7979=CARTESIAN_POINT('',(-12.850000014901,13.,-3.5));
#7980=CARTESIAN_POINT('',(-14.850000014901,28.,-3.5));
#7981=CARTESIAN_POINT('Origin',(-14.850000014901,26.,-3.5));
#7982=CARTESIAN_POINT('',(-20.650000014901,28.,-3.5));
#7983=CARTESIAN_POINT('',(-10.3250000074505,28.,-3.5));
#7984=CARTESIAN_POINT('',(-22.650000014901,26.,-3.5));
#7985=CARTESIAN_POINT('Origin',(-20.650000014901,26.,-3.5));
#7986=CARTESIAN_POINT('',(-22.650000014901,21.5,-3.5));
#7987=CARTESIAN_POINT('',(-22.650000014901,10.75,-3.5));
#7988=CARTESIAN_POINT('',(-20.650000014901,19.5,-3.5));
#7989=CARTESIAN_POINT('Origin',(-20.650000014901,21.5,-3.5));
#7990=CARTESIAN_POINT('',(-7.42500000745046,19.5,-3.5));
#7991=CARTESIAN_POINT('',(-2.75000001490099,-34.5,-3.5));
#7992=CARTESIAN_POINT('Origin',(-4.250000014901,-34.5,-3.5));
#7993=CARTESIAN_POINT('',(-2.74999999999999,-46.71604938271,-3.5));
#7994=CARTESIAN_POINT('Origin',(-4.25,-46.71604938271,-3.5));
#7995=CARTESIAN_POINT('',(-22.650000014901,-48.,-3.5));
#7996=CARTESIAN_POINT('',(-20.650000014901,-50.,-3.5));
#7997=CARTESIAN_POINT('Origin',(-20.650000014901,-48.,-3.5));
#7998=CARTESIAN_POINT('',(-14.850000014901,-50.,-3.5));
#7999=CARTESIAN_POINT('',(-7.42500000745043,-50.,-3.5));
#8000=CARTESIAN_POINT('',(-12.850000014901,-48.,-3.5));
#8001=CARTESIAN_POINT('Origin',(-14.850000014901,-48.,-3.5));
#8002=CARTESIAN_POINT('',(-12.850000014901,-46.,-3.5));
#8003=CARTESIAN_POINT('',(-12.850000014901,-23.,-3.5));
#8004=CARTESIAN_POINT('',(-14.850000014901,-44.,-3.5));
#8005=CARTESIAN_POINT('Origin',(-14.850000014901,-46.,-3.5));
#8006=CARTESIAN_POINT('',(-20.650000014901,-44.,-3.5));
#8007=CARTESIAN_POINT('',(-10.3250000074504,-44.,-3.5));
#8008=CARTESIAN_POINT('',(-22.650000014901,-46.,-3.5));
#8009=CARTESIAN_POINT('Origin',(-20.650000014901,-46.,-3.5));
#8010=CARTESIAN_POINT('',(-22.650000014901,-24.,-3.5));
#8011=CARTESIAN_POINT('',(-29.749999999991,-23.216049382716,-3.5));
#8012=CARTESIAN_POINT('Origin',(-31.249999999991,-23.216049382716,-3.5));
#8013=CARTESIAN_POINT('',(-20.650000014901,41.,-3.5));
#8014=CARTESIAN_POINT('',(-22.650000014901,39.,-3.5));
#8015=CARTESIAN_POINT('Origin',(-20.650000014901,39.,-3.5));
#8016=CARTESIAN_POINT('',(-22.650000014901,33.,-3.5));
#8017=CARTESIAN_POINT('',(-22.650000014901,16.5,-3.5));
#8018=CARTESIAN_POINT('',(-20.650000014901,31.,-3.5));
#8019=CARTESIAN_POINT('Origin',(-20.650000014901,33.,-3.5));
#8020=CARTESIAN_POINT('',(-14.850000014901,31.,-3.5));
#8021=CARTESIAN_POINT('',(-7.42500000745048,31.,-3.5));
#8022=CARTESIAN_POINT('',(-12.850000014901,33.,-3.5));
#8023=CARTESIAN_POINT('Origin',(-14.850000014901,33.,-3.5));
#8024=CARTESIAN_POINT('',(-12.850000014901,39.,-3.5));
#8025=CARTESIAN_POINT('',(-12.850000014901,19.5,-3.5));
#8026=CARTESIAN_POINT('',(-14.850000014901,41.,-3.5));
#8027=CARTESIAN_POINT('Origin',(-14.850000014901,39.,-3.5));
#8028=CARTESIAN_POINT('',(-10.3250000074504,41.,-3.5));
#8029=CARTESIAN_POINT('',(-29.749999999991,23.216049382716,-3.5));
#8030=CARTESIAN_POINT('Origin',(-31.249999999991,23.216049382716,-3.5));
#8031=CARTESIAN_POINT('',(18.2,8.50000000000001,-3.5));
#8032=CARTESIAN_POINT('Origin',(16.7,8.5,-3.5));
#8033=CARTESIAN_POINT('',(71.8000000545328,-9.55,-3.5));
#8034=CARTESIAN_POINT('Origin',(70.3000000545328,-9.55,-3.5));
#8035=CARTESIAN_POINT('',(28.8436031331593,15.5,-3.5));
#8036=CARTESIAN_POINT('Origin',(27.3436031331593,15.5,-3.5));
#8037=CARTESIAN_POINT('',(98.0500000545328,5.7500000000002,-3.5));
#8038=CARTESIAN_POINT('Origin',(96.5500000545328,5.7500000000002,-3.5));
#8039=CARTESIAN_POINT('Origin',(160.99992658829,-19.550007223109,0.));
#8040=CARTESIAN_POINT('',(160.99992658829,-20.050007223109,0.));
#8041=CARTESIAN_POINT('',(160.49992658829,-19.550007223109,0.));
#8042=CARTESIAN_POINT('Origin',(180.89992658829,-20.050007223109,0.));
#8043=CARTESIAN_POINT('',(180.49992658829,-20.050007223109,0.));
#8044=CARTESIAN_POINT('Origin',(180.49992658829,-19.550007223109,0.));
#8045=CARTESIAN_POINT('',(180.99992658829,-19.550007223109,0.));
#8046=CARTESIAN_POINT('Origin',(180.99992658829,19.949992776891,0.));
#8047=CARTESIAN_POINT('',(180.99992658829,19.549992776891,0.));
#8048=CARTESIAN_POINT('Origin',(180.49992658829,19.549992776891,0.));
#8049=CARTESIAN_POINT('',(180.49992658829,20.049992776891,0.));
#8050=CARTESIAN_POINT('Origin',(160.59992658829,20.049992776891,0.));
#8051=CARTESIAN_POINT('',(160.99992658829,20.049992776891,0.));
#8052=CARTESIAN_POINT('Origin',(160.99992658829,19.549992776891,0.));
#8053=CARTESIAN_POINT('',(160.49992658829,19.549992776891,0.));
#8054=CARTESIAN_POINT('Origin',(160.49992658829,-19.950007223109,0.));
#8055=CARTESIAN_POINT('Origin',(159.450000054515,-28.4999337568838,0.));
#8056=CARTESIAN_POINT('',(160.950000054515,-28.4999337568838,0.));
#8057=CARTESIAN_POINT('Origin',(120.10000005452,8.00000000004221,0.));
#8058=CARTESIAN_POINT('',(121.60000005452,8.00000000004221,0.));
#8059=CARTESIAN_POINT('Origin',(140.10000005452,-7.99999999995779,0.));
#8060=CARTESIAN_POINT('',(141.60000005452,-7.99999999995779,0.));
#8061=CARTESIAN_POINT('Origin',(120.10000005452,-7.99999999995779,0.));
#8062=CARTESIAN_POINT('',(121.60000005452,-7.99999999995779,0.));
#8063=CARTESIAN_POINT('Origin',(140.10000005452,8.00000000004142,0.));
#8064=CARTESIAN_POINT('',(141.60000005452,8.00000000004142,0.));
#8065=CARTESIAN_POINT('Origin',(159.450000054515,28.4999193106657,0.));
#8066=CARTESIAN_POINT('',(160.950000054515,28.4999193106657,0.));
#8067=CARTESIAN_POINT('Origin',(182.049853122065,-28.4999337568838,0.));
#8068=CARTESIAN_POINT('',(183.549853122065,-28.4999337568838,0.));
#8069=CARTESIAN_POINT('Origin',(106.85000005452,8.00000000004198,0.));
#8070=CARTESIAN_POINT('',(108.35000005452,8.00000000004198,0.));
#8071=CARTESIAN_POINT('Origin',(153.35000005452,-7.99999999995843,0.));
#8072=CARTESIAN_POINT('',(154.85000005452,-7.99999999995843,0.));
#8073=CARTESIAN_POINT('Origin',(149.725000054521,-17.9999999999586,0.));
#8074=CARTESIAN_POINT('',(152.611740795151,-17.1834659244981,0.));
#8075=CARTESIAN_POINT('',(149.725000054521,-14.9999999999586,-3.));
#8076=CARTESIAN_POINT('Origin',(102.100000054533,-14.9999999999586,0.));
#8077=CARTESIAN_POINT('',(102.100000054533,-15.,0.));
#8078=CARTESIAN_POINT('Origin',(149.725000054525,15.0000000000532,0.));
#8079=CARTESIAN_POINT('',(102.100000054533,15.,-3.));
#8080=CARTESIAN_POINT('',(149.725000054525,15.0000000000532,-3.));
#8081=CARTESIAN_POINT('Origin',(149.725000054525,18.0000000000532,0.));
#8082=CARTESIAN_POINT('',(152.611740543353,17.1834650343836,-3.));
#8083=CARTESIAN_POINT('Origin',(156.082136150883,29.4525434372803,0.));
#8084=CARTESIAN_POINT('',(156.082136150883,29.4525434372803,-3.));
#8085=CARTESIAN_POINT('Origin',(159.450000054515,28.4999193106657,0.));
#8086=CARTESIAN_POINT('',(159.450000054515,31.9999193106657,-3.));
#8087=CARTESIAN_POINT('Origin',(182.049853122065,31.9999193106657,0.));
#8088=CARTESIAN_POINT('',(182.049853122065,31.9999193106657,-3.));
#8089=CARTESIAN_POINT('Origin',(182.049853122065,28.4999193106657,0.));
#8090=CARTESIAN_POINT('',(185.549853122065,28.4999193106657,-3.));
#8091=CARTESIAN_POINT('Origin',(185.549853122065,-28.4999337568838,0.));
#8092=CARTESIAN_POINT('',(185.549853122065,-28.4999337568838,-3.));
#8093=CARTESIAN_POINT('Origin',(182.049853122065,-28.4999337568838,0.));
#8094=CARTESIAN_POINT('',(182.049853122065,-31.9999337568838,-3.));
#8095=CARTESIAN_POINT('Origin',(159.450000054515,-31.9999337568838,0.));
#8096=CARTESIAN_POINT('',(159.450000054515,-31.9999337568838,-3.));
#8097=CARTESIAN_POINT('Origin',(159.450000054515,-28.4999337568838,0.));
#8098=CARTESIAN_POINT('',(156.082135857114,-29.4525568449211,-3.));
#8099=CARTESIAN_POINT('Origin',(152.611740795151,-17.1834659244981,0.));
#8100=CARTESIAN_POINT('Origin',(106.85000005452,-7.99999999995858,0.));
#8101=CARTESIAN_POINT('',(108.35000005452,-7.99999999995858,0.));
#8102=CARTESIAN_POINT('Origin',(153.350000054521,8.0000000000379,0.));
#8103=CARTESIAN_POINT('',(154.850000054521,8.0000000000379,0.));
#8104=CARTESIAN_POINT('Origin',(182.049853122065,28.4999193106657,0.));
#8105=CARTESIAN_POINT('',(183.549853122065,28.4999193106657,0.));
#8106=CARTESIAN_POINT('Origin',(96.5500000545328,5.7500000000002,0.));
#8107=CARTESIAN_POINT('',(98.0500000545328,5.7500000000002,0.));
#8108=CARTESIAN_POINT('Origin',(27.3436031331593,15.5,0.));
#8109=CARTESIAN_POINT('',(28.8436031331593,15.5,0.));
#8110=CARTESIAN_POINT('Origin',(70.3000000545328,-9.55,0.));
#8111=CARTESIAN_POINT('',(71.8000000545328,-9.55,0.));
#8112=CARTESIAN_POINT('Origin',(16.7,8.5,0.));
#8113=CARTESIAN_POINT('',(18.2,8.5,0.));
#8114=CARTESIAN_POINT('Origin',(-31.249999999991,23.216049382716,0.));
#8115=CARTESIAN_POINT('',(-29.749999999991,23.216049382716,0.));
#8116=CARTESIAN_POINT('Origin',(-20.650000014901,39.,0.));
#8117=CARTESIAN_POINT('',(-20.650000014901,41.,0.));
#8118=CARTESIAN_POINT('',(-22.650000014901,39.,-3.));
#8119=CARTESIAN_POINT('Origin',(-22.650000014901,33.,0.));
#8120=CARTESIAN_POINT('',(-22.650000014901,33.,-3.));
#8121=CARTESIAN_POINT('Origin',(-20.650000014901,33.,0.));
#8122=CARTESIAN_POINT('',(-20.650000014901,31.,-3.));
#8123=CARTESIAN_POINT('Origin',(-14.850000014901,31.,0.));
#8124=CARTESIAN_POINT('',(-14.850000014901,31.,-3.));
#8125=CARTESIAN_POINT('Origin',(-14.850000014901,33.,0.));
#8126=CARTESIAN_POINT('',(-12.850000014901,33.,-3.));
#8127=CARTESIAN_POINT('Origin',(-12.850000014901,39.,0.));
#8128=CARTESIAN_POINT('',(-12.850000014901,39.,-3.));
#8129=CARTESIAN_POINT('Origin',(-14.850000014901,39.,0.));
#8130=CARTESIAN_POINT('',(-14.850000014901,41.,-3.));
#8131=CARTESIAN_POINT('Origin',(-20.650000014901,41.,0.));
#8132=CARTESIAN_POINT('Origin',(-31.249999999991,-23.216049382716,0.));
#8133=CARTESIAN_POINT('',(-29.749999999991,-23.216049382716,0.));
#8134=CARTESIAN_POINT('Origin',(-20.650000014901,-48.,0.));
#8135=CARTESIAN_POINT('',(-22.650000014901,-48.,0.));
#8136=CARTESIAN_POINT('',(-20.650000014901,-50.,-3.));
#8137=CARTESIAN_POINT('Origin',(-14.850000014901,-50.,0.));
#8138=CARTESIAN_POINT('',(-14.850000014901,-50.,-3.));
#8139=CARTESIAN_POINT('Origin',(-14.850000014901,-48.,0.));
#8140=CARTESIAN_POINT('',(-12.850000014901,-48.,-3.));
#8141=CARTESIAN_POINT('Origin',(-12.850000014901,-46.,0.));
#8142=CARTESIAN_POINT('',(-12.850000014901,-46.,-3.));
#8143=CARTESIAN_POINT('Origin',(-14.850000014901,-46.,0.));
#8144=CARTESIAN_POINT('',(-14.850000014901,-44.,-3.));
#8145=CARTESIAN_POINT('Origin',(-20.650000014901,-44.,0.));
#8146=CARTESIAN_POINT('',(-20.650000014901,-44.,-3.));
#8147=CARTESIAN_POINT('Origin',(-20.650000014901,-46.,0.));
#8148=CARTESIAN_POINT('',(-22.650000014901,-46.,-3.));
#8149=CARTESIAN_POINT('Origin',(-22.650000014901,-48.,0.));
#8150=CARTESIAN_POINT('Origin',(-4.25,-46.71604938271,0.));
#8151=CARTESIAN_POINT('',(-2.75,-46.71604938271,0.));
#8152=CARTESIAN_POINT('Origin',(-4.250000014901,-34.5,0.));
#8153=CARTESIAN_POINT('',(-2.750000014901,-34.5,0.));
#8154=CARTESIAN_POINT('Origin',(-14.850000014901,21.5,0.));
#8155=CARTESIAN_POINT('',(-14.850000014901,19.5,0.));
#8156=CARTESIAN_POINT('',(-12.850000014901,21.5,-3.));
#8157=CARTESIAN_POINT('Origin',(-12.850000014901,26.,0.));
#8158=CARTESIAN_POINT('',(-12.850000014901,26.,-3.));
#8159=CARTESIAN_POINT('Origin',(-14.850000014901,26.,0.));
#8160=CARTESIAN_POINT('',(-14.850000014901,28.,-3.));
#8161=CARTESIAN_POINT('Origin',(-20.650000014901,28.,0.));
#8162=CARTESIAN_POINT('',(-20.650000014901,28.,-3.));
#8163=CARTESIAN_POINT('Origin',(-20.650000014901,26.,0.));
#8164=CARTESIAN_POINT('',(-22.650000014901,26.,-3.));
#8165=CARTESIAN_POINT('Origin',(-22.650000014901,21.5,0.));
#8166=CARTESIAN_POINT('',(-22.650000014901,21.5,-3.));
#8167=CARTESIAN_POINT('Origin',(-20.650000014901,21.5,0.));
#8168=CARTESIAN_POINT('',(-20.650000014901,19.5,-3.));
#8169=CARTESIAN_POINT('Origin',(-14.850000014901,19.5,0.));
#8170=CARTESIAN_POINT('Origin',(-31.250000014901,34.5,0.));
#8171=CARTESIAN_POINT('',(-29.750000014901,34.5,0.));
#8172=CARTESIAN_POINT('Origin',(-4.25,46.71604938271,0.));
#8173=CARTESIAN_POINT('',(-2.75,46.71604938271,0.));
#8174=CARTESIAN_POINT('Origin',(70.3000000545328,-3.05,0.));
#8175=CARTESIAN_POINT('',(71.8000000545328,-3.05,0.));
#8176=CARTESIAN_POINT('Origin',(27.3436031331593,-15.5,0.));
#8177=CARTESIAN_POINT('',(28.8436031331593,-15.5,0.));
#8178=CARTESIAN_POINT('Origin',(96.5500000545328,-5.7499999999998,0.));
#8179=CARTESIAN_POINT('',(98.0500000545328,-5.7499999999998,0.));
#8180=CARTESIAN_POINT('Origin',(50.300000193908,6.45000010410316,0.));
#8181=CARTESIAN_POINT('',(51.800000193908,6.45000010410316,0.));
#8182=CARTESIAN_POINT('Origin',(37.0563968668407,15.5,0.));
#8183=CARTESIAN_POINT('',(38.5563968668407,15.5,0.));
#8184=CARTESIAN_POINT('Origin',(70.3000000545328,3.05,0.));
#8185=CARTESIAN_POINT('',(71.8000000545328,3.05,0.));
#8186=CARTESIAN_POINT('Origin',(16.7,-8.5,0.));
#8187=CARTESIAN_POINT('',(18.2,-8.5,0.));
#8188=CARTESIAN_POINT('Origin',(-4.25,23.216049382716,0.));
#8189=CARTESIAN_POINT('',(-2.75,23.216049382716,0.));
#8190=CARTESIAN_POINT('Origin',(-20.650000014901,48.,0.));
#8191=CARTESIAN_POINT('',(-20.650000014901,50.,0.));
#8192=CARTESIAN_POINT('',(-22.650000014901,48.,-3.));
#8193=CARTESIAN_POINT('Origin',(-22.650000014901,46.,0.));
#8194=CARTESIAN_POINT('',(-22.650000014901,46.,-3.));
#8195=CARTESIAN_POINT('Origin',(-20.650000014901,46.,0.));
#8196=CARTESIAN_POINT('',(-20.650000014901,44.,-3.));
#8197=CARTESIAN_POINT('Origin',(-14.850000014901,44.,0.));
#8198=CARTESIAN_POINT('',(-14.850000014901,44.,-3.));
#8199=CARTESIAN_POINT('Origin',(-14.850000014901,46.,0.));
#8200=CARTESIAN_POINT('',(-12.850000014901,46.,-3.));
#8201=CARTESIAN_POINT('Origin',(-12.850000014901,48.,0.));
#8202=CARTESIAN_POINT('',(-12.850000014901,48.,-3.));
#8203=CARTESIAN_POINT('Origin',(-14.850000014901,48.,0.));
#8204=CARTESIAN_POINT('',(-14.850000014901,50.,-3.));
#8205=CARTESIAN_POINT('Origin',(-20.650000014901,50.,0.));
#8206=CARTESIAN_POINT('Origin',(-4.25,-23.216049382716,0.));
#8207=CARTESIAN_POINT('',(-2.75,-23.216049382716,0.));
#8208=CARTESIAN_POINT('Origin',(-20.650000014901,-39.,0.));
#8209=CARTESIAN_POINT('',(-22.650000014901,-39.,0.));
#8210=CARTESIAN_POINT('',(-20.650000014901,-41.,-3.));
#8211=CARTESIAN_POINT('Origin',(-14.850000014901,-41.,0.));
#8212=CARTESIAN_POINT('',(-14.850000014901,-41.,-3.));
#8213=CARTESIAN_POINT('Origin',(-14.850000014901,-39.,0.));
#8214=CARTESIAN_POINT('',(-12.850000014901,-39.,-3.));
#8215=CARTESIAN_POINT('Origin',(-12.850000014901,-33.,0.));
#8216=CARTESIAN_POINT('',(-12.850000014901,-33.,-3.));
#8217=CARTESIAN_POINT('Origin',(-14.850000014901,-33.,0.));
#8218=CARTESIAN_POINT('',(-14.850000014901,-31.,-3.));
#8219=CARTESIAN_POINT('Origin',(-20.650000014901,-31.,0.));
#8220=CARTESIAN_POINT('',(-20.650000014901,-31.,-3.));
#8221=CARTESIAN_POINT('Origin',(-20.650000014901,-33.,0.));
#8222=CARTESIAN_POINT('',(-22.650000014901,-33.,-3.));
#8223=CARTESIAN_POINT('Origin',(-22.650000014901,-39.,0.));
#8224=CARTESIAN_POINT('Origin',(-31.249999999991,-46.71604938271,0.));
#8225=CARTESIAN_POINT('',(-29.749999999991,-46.71604938271,0.));
#8226=CARTESIAN_POINT('Origin',(-31.250000014901,-34.5,0.));
#8227=CARTESIAN_POINT('',(-29.750000014901,-34.5,0.));
#8228=CARTESIAN_POINT('Origin',(-20.650000014901,-19.5,0.));
#8229=CARTESIAN_POINT('',(-14.850000014901,-19.5,0.));
#8230=CARTESIAN_POINT('',(-20.650000014901,-19.5,-3.));
#8231=CARTESIAN_POINT('Origin',(-20.650000014901,-21.5,0.));
#8232=CARTESIAN_POINT('',(-22.650000014901,-21.5,-3.));
#8233=CARTESIAN_POINT('Origin',(-22.650000014901,-26.,0.));
#8234=CARTESIAN_POINT('',(-22.650000014901,-26.,-3.));
#8235=CARTESIAN_POINT('Origin',(-20.650000014901,-26.,0.));
#8236=CARTESIAN_POINT('',(-20.650000014901,-28.,-3.));
#8237=CARTESIAN_POINT('Origin',(-14.850000014901,-28.,0.));
#8238=CARTESIAN_POINT('',(-14.850000014901,-28.,-3.));
#8239=CARTESIAN_POINT('Origin',(-14.850000014901,-26.,0.));
#8240=CARTESIAN_POINT('',(-12.850000014901,-26.,-3.));
#8241=CARTESIAN_POINT('Origin',(-12.850000014901,-21.5,0.));
#8242=CARTESIAN_POINT('',(-12.850000014901,-21.5,-3.));
#8243=CARTESIAN_POINT('Origin',(-14.850000014901,-21.5,0.));
#8244=CARTESIAN_POINT('Origin',(-31.249999999991,46.71604938271,0.));
#8245=CARTESIAN_POINT('',(-29.749999999991,46.71604938271,0.));
#8246=CARTESIAN_POINT('Origin',(-4.250000014901,34.5,0.));
#8247=CARTESIAN_POINT('',(-2.750000014901,34.5,0.));
#8248=CARTESIAN_POINT('Origin',(70.3000000545328,9.55,0.));
#8249=CARTESIAN_POINT('',(71.8000000545328,9.55,0.));
#8250=CARTESIAN_POINT('Origin',(-4.25,46.71604938271,0.));
#8251=CARTESIAN_POINT('',(-4.25,51.3074473925047,0.));
#8252=CARTESIAN_POINT('',(0.162213274784506,47.986210672532,-3.));
#8253=CARTESIAN_POINT('Origin',(6.47318366351339,26.0635245152292,0.));
#8254=CARTESIAN_POINT('',(6.47318366351339,26.0635245152292,-3.));
#8255=CARTESIAN_POINT('Origin',(13.2000001981308,27.9999998018693,0.));
#8256=CARTESIAN_POINT('Origin',(91.9392914100381,17.9999999868073,0.));
#8257=CARTESIAN_POINT('',(94.5663060063558,19.4487216266442,-3.));
#8258=CARTESIAN_POINT('Origin',(102.100000054533,23.6033333333335,0.));
#8259=CARTESIAN_POINT('Origin',(102.100000054533,-23.6033333333335,0.));
#8260=CARTESIAN_POINT('',(94.5663060000327,-19.4487216363499,-3.));
#8261=CARTESIAN_POINT('Origin',(91.9392914256188,-18.0000000131927,0.));
#8262=CARTESIAN_POINT('Origin',(13.2000001016605,-27.9999998983395,0.));
#8263=CARTESIAN_POINT('',(6.47318346054503,-26.0635246329245,-3.));
#8264=CARTESIAN_POINT('Origin',(0.162213283831342,-47.9862106411055,0.));
#8265=CARTESIAN_POINT('',(0.162213283831342,-47.9862106411055,-3.));
#8266=CARTESIAN_POINT('Origin',(-4.25,-46.71604938271,0.));
#8267=CARTESIAN_POINT('',(-4.25,-51.3074473925047,-3.));
#8268=CARTESIAN_POINT('Origin',(-31.2499999874122,-51.3074473925047,0.));
#8269=CARTESIAN_POINT('',(-31.2499999874122,-51.3074473925047,-3.));
#8270=CARTESIAN_POINT('Origin',(-31.249999999991,-46.71604938271,0.));
#8271=CARTESIAN_POINT('',(-35.8413980295141,-46.71604938271,-3.));
#8272=CARTESIAN_POINT('Origin',(-35.8413980295141,46.71604938271,0.));
#8273=CARTESIAN_POINT('',(-35.8413980295141,46.71604938271,-3.));
#8274=CARTESIAN_POINT('Origin',(-31.249999999991,46.71604938271,0.));
#8275=CARTESIAN_POINT('',(-31.2497542619479,51.3074473925047,-3.));
#8276=CARTESIAN_POINT('Origin',(-4.25,51.3074473925047,0.));
#8277=CARTESIAN_POINT('Origin',(37.0563968668407,-15.5,0.));
#8278=CARTESIAN_POINT('',(38.5563968668407,-15.5,0.));
#8279=CARTESIAN_POINT('Origin',(60.0999998606252,-8.64999999999993,0.));
#8280=CARTESIAN_POINT('',(61.5999998606252,-8.64999999999993,0.));
#8281=UNCERTAINTY_MEASURE_WITH_UNIT(LENGTH_MEASURE(0.01),#8285,
'DISTANCE_ACCURACY_VALUE',
'Maximum model space distance between geometric entities at asserted c
onnectivities');
#8282=UNCERTAINTY_MEASURE_WITH_UNIT(LENGTH_MEASURE(0.01),#8285,
'DISTANCE_ACCURACY_VALUE',
'Maximum model space distance between geometric entities at asserted c
onnectivities');
#8283=(
GEOMETRIC_REPRESENTATION_CONTEXT(3)
GLOBAL_UNCERTAINTY_ASSIGNED_CONTEXT((#8281))
GLOBAL_UNIT_ASSIGNED_CONTEXT((#8285,#8287,#8288))
REPRESENTATION_CONTEXT('','3D')
);
#8284=(
GEOMETRIC_REPRESENTATION_CONTEXT(3)
GLOBAL_UNCERTAINTY_ASSIGNED_CONTEXT((#8282))
GLOBAL_UNIT_ASSIGNED_CONTEXT((#8285,#8287,#8288))
REPRESENTATION_CONTEXT('','3D')
);
#8285=(
LENGTH_UNIT()
NAMED_UNIT(*)
SI_UNIT(.MILLI.,.METRE.)
);
#8286=(
LENGTH_UNIT()
NAMED_UNIT(*)
SI_UNIT($,.METRE.)
);
#8287=(
NAMED_UNIT(*)
PLANE_ANGLE_UNIT()
SI_UNIT($,.RADIAN.)
);
#8288=(
NAMED_UNIT(*)
SI_UNIT($,.STERADIAN.)
SOLID_ANGLE_UNIT()
);
#8289=SHAPE_DEFINITION_REPRESENTATION(#8290,#8291);
#8290=PRODUCT_DEFINITION_SHAPE('',$,#8293);
#8291=SHAPE_REPRESENTATION('',(#4853),#8283);
#8292=PRODUCT_DEFINITION_CONTEXT('part definition',#8297,'design');
#8293=PRODUCT_DEFINITION('2026-08-01-17-18-20-088','\X2\6B635F0F5E9576D8\X0\',
#8294,#8292);
#8294=PRODUCT_DEFINITION_FORMATION('',$,#8299);
#8295=PRODUCT_RELATED_PRODUCT_CATEGORY('\X2\6B635F0F5E9576D8\X0\',
'\X2\6B635F0F5E9576D8\X0\',(#8299));
#8296=APPLICATION_PROTOCOL_DEFINITION('international standard',
'automotive_design',2009,#8297);
#8297=APPLICATION_CONTEXT(
'Core Data for Automotive Mechanical Design Process');
#8298=PRODUCT_CONTEXT('part definition',#8297,'mechanical');
#8299=PRODUCT('2026-08-01-17-18-20-088','\X2\6B635F0F5E9576D8\X0\',$,(#8298));
#8300=PRESENTATION_STYLE_ASSIGNMENT((#8301));
#8301=SURFACE_STYLE_USAGE(.BOTH.,#8302);
#8302=SURFACE_SIDE_STYLE('',(#8303));
#8303=SURFACE_STYLE_FILL_AREA(#8304);
#8304=FILL_AREA_STYLE('\X2\94A2\X0\ - \X2\7F0E5149\X0\',(#8305));
#8305=FILL_AREA_STYLE_COLOUR('\X2\94A2\X0\ - \X2\7F0E5149\X0\',#8306);
#8306=COLOUR_RGB('\X2\94A2\X0\ - \X2\7F0E5149\X0\',0.627450980392157,0.627450980392157,
0.627450980392157);
ENDSEC;
END-ISO-10303-21;
