ISO-10303-21;
HEADER;
/* Generated by software containing ST-Developer
 * from STEP Tools, Inc. (www.steptools.com) 
 */

FILE_DESCRIPTION(
/* description */ (''),
/* implementation_level */ '2;1');

FILE_NAME(
/* name */ '',
/* time_stamp */ '2026-08-11T12:17:41+09:00',
/* author */ (''),
/* organization */ (''),
/* preprocessor_version */ 'ST-DEVELOPER v20.1',
/* originating_system */ 'Autodesk Translation Framework v15.8.0.0',
/* authorisation */ '');

FILE_SCHEMA (('AUTOMOTIVE_DESIGN { 1 0 10303 214 3 1 1 }'));
ENDSEC;

DATA;
#10=MECHANICAL_DESIGN_GEOMETRIC_PRESENTATION_REPRESENTATION('',(#13),#5686);
#11=SHAPE_REPRESENTATION_RELATIONSHIP('SRR','None',#5693,#12);
#12=ADVANCED_BREP_SHAPE_REPRESENTATION('',(#14),#5685);
#13=STYLED_ITEM('',(#5702),#14);
#14=MANIFOLD_SOLID_BREP('\X2\5B9E4F53\X0\2',#3364);
#15=CONICAL_SURFACE('',#3471,6.75,0.610725964389);
#16=CONICAL_SURFACE('',#3605,5.55,0.785398163397);
#17=CONICAL_SURFACE('',#3634,5.55,0.785398163397);
#18=CONICAL_SURFACE('',#3635,6.05,0.785398163397);
#19=CONICAL_SURFACE('',#3696,4.05,0.785398163397);
#20=(
BOUNDED_CURVE()
B_SPLINE_CURVE(2,(#5116,#5117,#5118),.UNSPECIFIED.,.F.,.F.)
B_SPLINE_CURVE_WITH_KNOTS((3,3),(1321.906156032,1505.686459606),
 .UNSPECIFIED.)
CURVE()
GEOMETRIC_REPRESENTATION_ITEM()
RATIONAL_B_SPLINE_CURVE((844.37974789604,851.53551062209,844.37974789605))
REPRESENTATION_ITEM('')
);
#21=(
BOUNDED_CURVE()
B_SPLINE_CURVE(2,(#5245,#5246,#5247),.UNSPECIFIED.,.F.,.F.)
B_SPLINE_CURVE_WITH_KNOTS((3,3),(1321.906183531,1505.686432103),
 .UNSPECIFIED.)
CURVE()
GEOMETRIC_REPRESENTATION_ITEM()
RATIONAL_B_SPLINE_CURVE((844.37974577471,851.53550418147,844.3797457747))
REPRESENTATION_ITEM('')
);
#22=CYLINDRICAL_SURFACE('',#3389,1.5);
#23=CYLINDRICAL_SURFACE('',#3401,1.5);
#24=CYLINDRICAL_SURFACE('',#3427,1.5);
#25=CYLINDRICAL_SURFACE('',#3430,1.5);
#26=CYLINDRICAL_SURFACE('',#3432,1.5);
#27=CYLINDRICAL_SURFACE('',#3435,1.5);
#28=CYLINDRICAL_SURFACE('',#3438,1.5);
#29=CYLINDRICAL_SURFACE('',#3440,1.5);
#30=CYLINDRICAL_SURFACE('',#3442,1.5);
#31=CYLINDRICAL_SURFACE('',#3460,2.75);
#32=CYLINDRICAL_SURFACE('',#3462,2.75);
#33=CYLINDRICAL_SURFACE('',#3466,2.75);
#34=CYLINDRICAL_SURFACE('',#3509,2.75);
#35=CYLINDRICAL_SURFACE('',#3512,2.75);
#36=CYLINDRICAL_SURFACE('',#3515,2.75);
#37=CYLINDRICAL_SURFACE('',#3519,2.75);
#38=CYLINDRICAL_SURFACE('',#3522,2.75);
#39=CYLINDRICAL_SURFACE('',#3524,2.75);
#40=CYLINDRICAL_SURFACE('',#3526,2.75);
#41=CYLINDRICAL_SURFACE('',#3528,2.75);
#42=CYLINDRICAL_SURFACE('',#3542,1.5);
#43=CYLINDRICAL_SURFACE('',#3544,1.5);
#44=CYLINDRICAL_SURFACE('',#3546,1.5);
#45=CYLINDRICAL_SURFACE('',#3548,1.5);
#46=CYLINDRICAL_SURFACE('',#3558,2.);
#47=CYLINDRICAL_SURFACE('',#3561,2.);
#48=CYLINDRICAL_SURFACE('',#3564,2.);
#49=CYLINDRICAL_SURFACE('',#3567,2.);
#50=CYLINDRICAL_SURFACE('',#3570,2.);
#51=CYLINDRICAL_SURFACE('',#3572,2.);
#52=CYLINDRICAL_SURFACE('',#3574,2.);
#53=CYLINDRICAL_SURFACE('',#3576,2.);
#54=CYLINDRICAL_SURFACE('',#3593,2.75);
#55=CYLINDRICAL_SURFACE('',#3600,2.75);
#56=CYLINDRICAL_SURFACE('',#3610,5.);
#57=CYLINDRICAL_SURFACE('',#3613,1.5);
#58=CYLINDRICAL_SURFACE('',#3615,1.5);
#59=CYLINDRICAL_SURFACE('',#3617,1.5);
#60=CYLINDRICAL_SURFACE('',#3619,1.5);
#61=CYLINDRICAL_SURFACE('',#3621,1.5);
#62=CYLINDRICAL_SURFACE('',#3623,1.5);
#63=CYLINDRICAL_SURFACE('',#3625,1.5);
#64=CYLINDRICAL_SURFACE('',#3627,1.5);
#65=CYLINDRICAL_SURFACE('',#3629,1.5);
#66=CYLINDRICAL_SURFACE('',#3644,2.75);
#67=CYLINDRICAL_SURFACE('',#3646,2.75);
#68=CYLINDRICAL_SURFACE('',#3650,2.75);
#69=CYLINDRICAL_SURFACE('',#3654,1.5);
#70=CYLINDRICAL_SURFACE('',#3656,1.5);
#71=CYLINDRICAL_SURFACE('',#3658,2.);
#72=CYLINDRICAL_SURFACE('',#3660,2.);
#73=CYLINDRICAL_SURFACE('',#3662,2.);
#74=CYLINDRICAL_SURFACE('',#3664,2.);
#75=CYLINDRICAL_SURFACE('',#3666,1.5);
#76=CYLINDRICAL_SURFACE('',#3668,1.5);
#77=CYLINDRICAL_SURFACE('',#3669,1.5);
#78=CYLINDRICAL_SURFACE('',#3671,1.5);
#79=CYLINDRICAL_SURFACE('',#3677,5.55);
#80=CYLINDRICAL_SURFACE('',#3682,2.75);
#81=CYLINDRICAL_SURFACE('',#3689,2.75);
#82=CYLINDRICAL_SURFACE('',#3700,3.55);
#83=CYLINDRICAL_SURFACE('',#3706,4.8);
#84=CYLINDRICAL_SURFACE('',#3712,3.);
#85=FACE_BOUND('',#468,.T.);
#86=FACE_BOUND('',#469,.T.);
#87=FACE_BOUND('',#470,.T.);
#88=FACE_BOUND('',#476,.T.);
#89=FACE_BOUND('',#477,.T.);
#90=FACE_BOUND('',#478,.T.);
#91=FACE_BOUND('',#485,.T.);
#92=FACE_BOUND('',#486,.T.);
#93=FACE_BOUND('',#487,.T.);
#94=FACE_BOUND('',#488,.T.);
#95=FACE_BOUND('',#489,.T.);
#96=FACE_BOUND('',#507,.T.);
#97=FACE_BOUND('',#523,.T.);
#98=FACE_BOUND('',#524,.T.);
#99=FACE_BOUND('',#525,.T.);
#100=FACE_BOUND('',#549,.T.);
#101=FACE_BOUND('',#550,.T.);
#102=FACE_BOUND('',#551,.T.);
#103=FACE_BOUND('',#554,.T.);
#104=FACE_BOUND('',#555,.T.);
#105=FACE_BOUND('',#561,.T.);
#106=FACE_BOUND('',#580,.T.);
#107=FACE_BOUND('',#581,.T.);
#108=FACE_BOUND('',#582,.T.);
#109=FACE_BOUND('',#584,.T.);
#110=FACE_BOUND('',#585,.T.);
#111=FACE_BOUND('',#586,.T.);
#112=FACE_BOUND('',#590,.T.);
#113=FACE_BOUND('',#624,.T.);
#114=FACE_BOUND('',#626,.T.);
#115=FACE_BOUND('',#628,.T.);
#116=FACE_BOUND('',#630,.T.);
#117=FACE_BOUND('',#651,.T.);
#118=FACE_BOUND('',#653,.T.);
#119=FACE_BOUND('',#655,.T.);
#120=FACE_BOUND('',#658,.T.);
#121=FACE_BOUND('',#666,.T.);
#122=FACE_BOUND('',#668,.T.);
#123=FACE_BOUND('',#671,.T.);
#124=FACE_BOUND('',#674,.T.);
#125=FACE_BOUND('',#676,.T.);
#126=FACE_BOUND('',#679,.T.);
#127=FACE_BOUND('',#681,.T.);
#128=FACE_BOUND('',#684,.T.);
#129=CIRCLE('',#3380,1.5);
#130=CIRCLE('',#3381,1.5);
#131=CIRCLE('',#3382,1.5);
#132=CIRCLE('',#3383,1.5);
#133=CIRCLE('',#3384,1.5);
#134=CIRCLE('',#3385,1.5);
#135=CIRCLE('',#3386,1.5);
#136=CIRCLE('',#3387,1.5);
#137=CIRCLE('',#3388,1.5);
#138=CIRCLE('',#3390,1.500000093514);
#139=CIRCLE('',#3392,1.499999725158);
#140=CIRCLE('',#3393,1.5);
#141=CIRCLE('',#3394,1.5);
#142=CIRCLE('',#3395,1.5);
#143=CIRCLE('',#3396,1.5);
#144=CIRCLE('',#3398,1.5);
#145=CIRCLE('',#3399,1.5);
#146=CIRCLE('',#3400,1.5);
#147=CIRCLE('',#3403,2.75);
#148=CIRCLE('',#3404,2.75);
#149=CIRCLE('',#3405,2.75);
#150=CIRCLE('',#3408,6.75);
#151=CIRCLE('',#3409,6.75);
#152=CIRCLE('',#3412,2.75);
#153=CIRCLE('',#3413,2.75);
#154=CIRCLE('',#3414,2.75);
#155=CIRCLE('',#3415,2.75);
#156=CIRCLE('',#3418,2.75);
#157=CIRCLE('',#3419,2.75);
#158=CIRCLE('',#3420,2.75);
#159=CIRCLE('',#3421,2.75);
#160=CIRCLE('',#3422,1.5);
#161=CIRCLE('',#3423,1.5);
#162=CIRCLE('',#3424,1.5);
#163=CIRCLE('',#3425,1.5);
#164=CIRCLE('',#3433,1.5);
#165=CIRCLE('',#3436,1.5);
#166=CIRCLE('',#3445,1.999999857514);
#167=CIRCLE('',#3446,2.);
#168=CIRCLE('',#3447,2.);
#169=CIRCLE('',#3448,2.);
#170=CIRCLE('',#3450,2.);
#171=CIRCLE('',#3451,2.);
#172=CIRCLE('',#3452,2.);
#173=CIRCLE('',#3453,2.);
#174=CIRCLE('',#3461,2.75);
#175=CIRCLE('',#3463,2.75);
#176=CIRCLE('',#3464,2.75);
#177=CIRCLE('',#3465,2.75);
#178=CIRCLE('',#3467,2.75);
#179=CIRCLE('',#3468,2.75);
#180=CIRCLE('',#3469,2.75);
#181=CIRCLE('',#3472,6.75);
#182=CIRCLE('',#3473,5.);
#183=CIRCLE('',#3474,5.);
#184=CIRCLE('',#3478,1.5);
#185=CIRCLE('',#3479,1.5);
#186=CIRCLE('',#3480,1.5);
#187=CIRCLE('',#3481,1.5);
#188=CIRCLE('',#3482,1.5);
#189=CIRCLE('',#3483,1.5);
#190=CIRCLE('',#3484,1.5);
#191=CIRCLE('',#3485,1.5);
#192=CIRCLE('',#3486,1.5);
#193=CIRCLE('',#3489,1.5);
#194=CIRCLE('',#3490,1.5);
#195=CIRCLE('',#3491,1.5);
#196=CIRCLE('',#3493,1.5);
#197=CIRCLE('',#3494,1.5);
#198=CIRCLE('',#3495,1.5);
#199=CIRCLE('',#3496,1.5);
#200=CIRCLE('',#3497,1.5);
#201=CIRCLE('',#3498,1.499999726385);
#202=CIRCLE('',#3500,1.5);
#203=CIRCLE('',#3501,1.5);
#204=CIRCLE('',#3504,6.05);
#205=CIRCLE('',#3505,6.05);
#206=CIRCLE('',#3510,2.75);
#207=CIRCLE('',#3513,2.75);
#208=CIRCLE('',#3516,2.75);
#209=CIRCLE('',#3520,2.75);
#210=CIRCLE('',#3523,2.75);
#211=CIRCLE('',#3525,2.75);
#212=CIRCLE('',#3527,2.75);
#213=CIRCLE('',#3529,2.75);
#214=CIRCLE('',#3531,2.75);
#215=CIRCLE('',#3532,2.75);
#216=CIRCLE('',#3533,2.75);
#217=CIRCLE('',#3536,2.);
#218=CIRCLE('',#3537,2.);
#219=CIRCLE('',#3538,2.);
#220=CIRCLE('',#3539,2.);
#221=CIRCLE('',#3540,1.5);
#222=CIRCLE('',#3541,1.5);
#223=CIRCLE('',#3543,1.5);
#224=CIRCLE('',#3545,1.5);
#225=CIRCLE('',#3547,1.5);
#226=CIRCLE('',#3549,1.5);
#227=CIRCLE('',#3551,2.);
#228=CIRCLE('',#3552,2.);
#229=CIRCLE('',#3553,2.);
#230=CIRCLE('',#3554,2.);
#231=CIRCLE('',#3556,5.95);
#232=CIRCLE('',#3559,2.);
#233=CIRCLE('',#3562,2.);
#234=CIRCLE('',#3565,2.);
#235=CIRCLE('',#3568,2.);
#236=CIRCLE('',#3578,1.5);
#237=CIRCLE('',#3579,1.5);
#238=CIRCLE('',#3581,1.5);
#239=CIRCLE('',#3582,1.5);
#240=CIRCLE('',#3583,2.);
#241=CIRCLE('',#3584,2.);
#242=CIRCLE('',#3585,2.);
#243=CIRCLE('',#3586,2.);
#244=CIRCLE('',#3590,1.5);
#245=CIRCLE('',#3592,2.75);
#246=CIRCLE('',#3594,2.75);
#247=CIRCLE('',#3595,2.75);
#248=CIRCLE('',#3596,2.75);
#249=CIRCLE('',#3599,2.75);
#250=CIRCLE('',#3601,2.75);
#251=CIRCLE('',#3602,2.75);
#252=CIRCLE('',#3603,2.75);
#253=CIRCLE('',#3607,6.05);
#254=CIRCLE('',#3609,6.05);
#255=CIRCLE('',#3611,5.);
#256=CIRCLE('',#3631,5.95);
#257=CIRCLE('',#3633,6.05);
#258=CIRCLE('',#3636,5.55);
#259=CIRCLE('',#3637,5.55);
#260=CIRCLE('',#3645,2.75);
#261=CIRCLE('',#3647,2.75);
#262=CIRCLE('',#3648,2.75);
#263=CIRCLE('',#3649,2.75);
#264=CIRCLE('',#3651,2.75);
#265=CIRCLE('',#3652,2.75);
#266=CIRCLE('',#3653,2.75);
#267=CIRCLE('',#3655,1.5);
#268=CIRCLE('',#3657,1.5);
#269=CIRCLE('',#3667,1.5);
#270=CIRCLE('',#3670,1.5);
#271=CIRCLE('',#3672,1.5);
#272=CIRCLE('',#3676,4.05);
#273=CIRCLE('',#3678,5.55);
#274=CIRCLE('',#3681,2.75);
#275=CIRCLE('',#3683,2.75);
#276=CIRCLE('',#3684,2.75);
#277=CIRCLE('',#3685,2.75);
#278=CIRCLE('',#3688,2.75);
#279=CIRCLE('',#3690,2.75);
#280=CIRCLE('',#3691,2.75);
#281=CIRCLE('',#3692,2.75);
#282=CIRCLE('',#3697,3.55);
#283=CIRCLE('',#3699,5.45);
#284=CIRCLE('',#3701,3.55);
#285=CIRCLE('',#3703,4.8);
#286=CIRCLE('',#3705,3.45);
#287=CIRCLE('',#3707,4.8);
#288=CIRCLE('',#3709,3.);
#289=CIRCLE('',#3711,4.5);
#290=CIRCLE('',#3713,3.);
#291=FACE_OUTER_BOUND('',#466,.T.);
#292=FACE_OUTER_BOUND('',#467,.T.);
#293=FACE_OUTER_BOUND('',#471,.T.);
#294=FACE_OUTER_BOUND('',#472,.T.);
#295=FACE_OUTER_BOUND('',#473,.T.);
#296=FACE_OUTER_BOUND('',#474,.T.);
#297=FACE_OUTER_BOUND('',#475,.T.);
#298=FACE_OUTER_BOUND('',#479,.T.);
#299=FACE_OUTER_BOUND('',#480,.T.);
#300=FACE_OUTER_BOUND('',#481,.T.);
#301=FACE_OUTER_BOUND('',#482,.T.);
#302=FACE_OUTER_BOUND('',#483,.T.);
#303=FACE_OUTER_BOUND('',#484,.T.);
#304=FACE_OUTER_BOUND('',#490,.T.);
#305=FACE_OUTER_BOUND('',#491,.T.);
#306=FACE_OUTER_BOUND('',#492,.T.);
#307=FACE_OUTER_BOUND('',#493,.T.);
#308=FACE_OUTER_BOUND('',#494,.T.);
#309=FACE_OUTER_BOUND('',#495,.T.);
#310=FACE_OUTER_BOUND('',#496,.T.);
#311=FACE_OUTER_BOUND('',#497,.T.);
#312=FACE_OUTER_BOUND('',#498,.T.);
#313=FACE_OUTER_BOUND('',#499,.T.);
#314=FACE_OUTER_BOUND('',#500,.T.);
#315=FACE_OUTER_BOUND('',#501,.T.);
#316=FACE_OUTER_BOUND('',#502,.T.);
#317=FACE_OUTER_BOUND('',#503,.T.);
#318=FACE_OUTER_BOUND('',#504,.T.);
#319=FACE_OUTER_BOUND('',#505,.T.);
#320=FACE_OUTER_BOUND('',#506,.T.);
#321=FACE_OUTER_BOUND('',#508,.T.);
#322=FACE_OUTER_BOUND('',#509,.T.);
#323=FACE_OUTER_BOUND('',#510,.T.);
#324=FACE_OUTER_BOUND('',#511,.T.);
#325=FACE_OUTER_BOUND('',#512,.T.);
#326=FACE_OUTER_BOUND('',#513,.T.);
#327=FACE_OUTER_BOUND('',#514,.T.);
#328=FACE_OUTER_BOUND('',#515,.T.);
#329=FACE_OUTER_BOUND('',#516,.T.);
#330=FACE_OUTER_BOUND('',#517,.T.);
#331=FACE_OUTER_BOUND('',#518,.T.);
#332=FACE_OUTER_BOUND('',#519,.T.);
#333=FACE_OUTER_BOUND('',#520,.T.);
#334=FACE_OUTER_BOUND('',#521,.T.);
#335=FACE_OUTER_BOUND('',#522,.T.);
#336=FACE_OUTER_BOUND('',#526,.T.);
#337=FACE_OUTER_BOUND('',#527,.T.);
#338=FACE_OUTER_BOUND('',#528,.T.);
#339=FACE_OUTER_BOUND('',#529,.T.);
#340=FACE_OUTER_BOUND('',#530,.T.);
#341=FACE_OUTER_BOUND('',#531,.T.);
#342=FACE_OUTER_BOUND('',#532,.T.);
#343=FACE_OUTER_BOUND('',#533,.T.);
#344=FACE_OUTER_BOUND('',#534,.T.);
#345=FACE_OUTER_BOUND('',#535,.T.);
#346=FACE_OUTER_BOUND('',#536,.T.);
#347=FACE_OUTER_BOUND('',#537,.T.);
#348=FACE_OUTER_BOUND('',#538,.T.);
#349=FACE_OUTER_BOUND('',#539,.T.);
#350=FACE_OUTER_BOUND('',#540,.T.);
#351=FACE_OUTER_BOUND('',#541,.T.);
#352=FACE_OUTER_BOUND('',#542,.T.);
#353=FACE_OUTER_BOUND('',#543,.T.);
#354=FACE_OUTER_BOUND('',#544,.T.);
#355=FACE_OUTER_BOUND('',#545,.T.);
#356=FACE_OUTER_BOUND('',#546,.T.);
#357=FACE_OUTER_BOUND('',#547,.T.);
#358=FACE_OUTER_BOUND('',#548,.T.);
#359=FACE_OUTER_BOUND('',#552,.T.);
#360=FACE_OUTER_BOUND('',#553,.T.);
#361=FACE_OUTER_BOUND('',#556,.T.);
#362=FACE_OUTER_BOUND('',#557,.T.);
#363=FACE_OUTER_BOUND('',#558,.T.);
#364=FACE_OUTER_BOUND('',#559,.T.);
#365=FACE_OUTER_BOUND('',#560,.T.);
#366=FACE_OUTER_BOUND('',#562,.T.);
#367=FACE_OUTER_BOUND('',#563,.T.);
#368=FACE_OUTER_BOUND('',#564,.T.);
#369=FACE_OUTER_BOUND('',#565,.T.);
#370=FACE_OUTER_BOUND('',#566,.T.);
#371=FACE_OUTER_BOUND('',#567,.T.);
#372=FACE_OUTER_BOUND('',#568,.T.);
#373=FACE_OUTER_BOUND('',#569,.T.);
#374=FACE_OUTER_BOUND('',#570,.T.);
#375=FACE_OUTER_BOUND('',#571,.T.);
#376=FACE_OUTER_BOUND('',#572,.T.);
#377=FACE_OUTER_BOUND('',#573,.T.);
#378=FACE_OUTER_BOUND('',#574,.T.);
#379=FACE_OUTER_BOUND('',#575,.T.);
#380=FACE_OUTER_BOUND('',#576,.T.);
#381=FACE_OUTER_BOUND('',#577,.T.);
#382=FACE_OUTER_BOUND('',#578,.T.);
#383=FACE_OUTER_BOUND('',#579,.T.);
#384=FACE_OUTER_BOUND('',#583,.T.);
#385=FACE_OUTER_BOUND('',#587,.T.);
#386=FACE_OUTER_BOUND('',#588,.T.);
#387=FACE_OUTER_BOUND('',#589,.T.);
#388=FACE_OUTER_BOUND('',#591,.T.);
#389=FACE_OUTER_BOUND('',#592,.T.);
#390=FACE_OUTER_BOUND('',#593,.T.);
#391=FACE_OUTER_BOUND('',#594,.T.);
#392=FACE_OUTER_BOUND('',#595,.T.);
#393=FACE_OUTER_BOUND('',#596,.T.);
#394=FACE_OUTER_BOUND('',#597,.T.);
#395=FACE_OUTER_BOUND('',#598,.T.);
#396=FACE_OUTER_BOUND('',#599,.T.);
#397=FACE_OUTER_BOUND('',#600,.T.);
#398=FACE_OUTER_BOUND('',#601,.T.);
#399=FACE_OUTER_BOUND('',#602,.T.);
#400=FACE_OUTER_BOUND('',#603,.T.);
#401=FACE_OUTER_BOUND('',#604,.T.);
#402=FACE_OUTER_BOUND('',#605,.T.);
#403=FACE_OUTER_BOUND('',#606,.T.);
#404=FACE_OUTER_BOUND('',#607,.T.);
#405=FACE_OUTER_BOUND('',#608,.T.);
#406=FACE_OUTER_BOUND('',#609,.T.);
#407=FACE_OUTER_BOUND('',#610,.T.);
#408=FACE_OUTER_BOUND('',#611,.T.);
#409=FACE_OUTER_BOUND('',#612,.T.);
#410=FACE_OUTER_BOUND('',#613,.T.);
#411=FACE_OUTER_BOUND('',#614,.T.);
#412=FACE_OUTER_BOUND('',#615,.T.);
#413=FACE_OUTER_BOUND('',#616,.T.);
#414=FACE_OUTER_BOUND('',#617,.T.);
#415=FACE_OUTER_BOUND('',#618,.T.);
#416=FACE_OUTER_BOUND('',#619,.T.);
#417=FACE_OUTER_BOUND('',#620,.T.);
#418=FACE_OUTER_BOUND('',#621,.T.);
#419=FACE_OUTER_BOUND('',#622,.T.);
#420=FACE_OUTER_BOUND('',#623,.T.);
#421=FACE_OUTER_BOUND('',#625,.T.);
#422=FACE_OUTER_BOUND('',#627,.T.);
#423=FACE_OUTER_BOUND('',#629,.T.);
#424=FACE_OUTER_BOUND('',#631,.T.);
#425=FACE_OUTER_BOUND('',#632,.T.);
#426=FACE_OUTER_BOUND('',#633,.T.);
#427=FACE_OUTER_BOUND('',#634,.T.);
#428=FACE_OUTER_BOUND('',#635,.T.);
#429=FACE_OUTER_BOUND('',#636,.T.);
#430=FACE_OUTER_BOUND('',#637,.T.);
#431=FACE_OUTER_BOUND('',#638,.T.);
#432=FACE_OUTER_BOUND('',#639,.T.);
#433=FACE_OUTER_BOUND('',#640,.T.);
#434=FACE_OUTER_BOUND('',#641,.T.);
#435=FACE_OUTER_BOUND('',#642,.T.);
#436=FACE_OUTER_BOUND('',#643,.T.);
#437=FACE_OUTER_BOUND('',#644,.T.);
#438=FACE_OUTER_BOUND('',#645,.T.);
#439=FACE_OUTER_BOUND('',#646,.T.);
#440=FACE_OUTER_BOUND('',#647,.T.);
#441=FACE_OUTER_BOUND('',#648,.T.);
#442=FACE_OUTER_BOUND('',#649,.T.);
#443=FACE_OUTER_BOUND('',#650,.T.);
#444=FACE_OUTER_BOUND('',#652,.T.);
#445=FACE_OUTER_BOUND('',#654,.T.);
#446=FACE_OUTER_BOUND('',#656,.T.);
#447=FACE_OUTER_BOUND('',#657,.T.);
#448=FACE_OUTER_BOUND('',#659,.T.);
#449=FACE_OUTER_BOUND('',#660,.T.);
#450=FACE_OUTER_BOUND('',#661,.T.);
#451=FACE_OUTER_BOUND('',#662,.T.);
#452=FACE_OUTER_BOUND('',#663,.T.);
#453=FACE_OUTER_BOUND('',#664,.T.);
#454=FACE_OUTER_BOUND('',#665,.T.);
#455=FACE_OUTER_BOUND('',#667,.T.);
#456=FACE_OUTER_BOUND('',#669,.T.);
#457=FACE_OUTER_BOUND('',#670,.T.);
#458=FACE_OUTER_BOUND('',#672,.T.);
#459=FACE_OUTER_BOUND('',#673,.T.);
#460=FACE_OUTER_BOUND('',#675,.T.);
#461=FACE_OUTER_BOUND('',#677,.T.);
#462=FACE_OUTER_BOUND('',#678,.T.);
#463=FACE_OUTER_BOUND('',#680,.T.);
#464=FACE_OUTER_BOUND('',#682,.T.);
#465=FACE_OUTER_BOUND('',#683,.T.);
#466=EDGE_LOOP('',(#2116,#2117,#2118,#2119,#2120));
#467=EDGE_LOOP('',(#2121,#2122,#2123,#2124,#2125,#2126,#2127));
#468=EDGE_LOOP('',(#2128,#2129,#2130,#2131,#2132,#2133));
#469=EDGE_LOOP('',(#2134,#2135,#2136,#2137,#2138,#2139));
#470=EDGE_LOOP('',(#2140,#2141,#2142,#2143,#2144,#2145));
#471=EDGE_LOOP('',(#2146,#2147,#2148,#2149));
#472=EDGE_LOOP('',(#2150,#2151,#2152,#2153,#2154,#2155,#2156,#2157,#2158,
#2159,#2160,#2161,#2162,#2163,#2164,#2165,#2166,#2167,#2168,#2169));
#473=EDGE_LOOP('',(#2170,#2171,#2172,#2173,#2174,#2175,#2176,#2177,#2178,
#2179,#2180,#2181,#2182,#2183));
#474=EDGE_LOOP('',(#2184,#2185,#2186,#2187));
#475=EDGE_LOOP('',(#2188,#2189,#2190,#2191,#2192,#2193,#2194));
#476=EDGE_LOOP('',(#2195));
#477=EDGE_LOOP('',(#2196));
#478=EDGE_LOOP('',(#2197));
#479=EDGE_LOOP('',(#2198,#2199,#2200,#2201));
#480=EDGE_LOOP('',(#2202,#2203,#2204,#2205,#2206,#2207));
#481=EDGE_LOOP('',(#2208,#2209,#2210,#2211,#2212,#2213,#2214,#2215,#2216,
#2217,#2218,#2219,#2220,#2221,#2222,#2223,#2224));
#482=EDGE_LOOP('',(#2225,#2226,#2227,#2228,#2229,#2230,#2231,#2232,#2233,
#2234,#2235,#2236,#2237,#2238,#2239,#2240,#2241));
#483=EDGE_LOOP('',(#2242,#2243,#2244,#2245));
#484=EDGE_LOOP('',(#2246,#2247,#2248,#2249,#2250,#2251,#2252,#2253,#2254,
#2255,#2256,#2257,#2258,#2259,#2260,#2261,#2262,#2263,#2264));
#485=EDGE_LOOP('',(#2265,#2266,#2267,#2268));
#486=EDGE_LOOP('',(#2269));
#487=EDGE_LOOP('',(#2270));
#488=EDGE_LOOP('',(#2271));
#489=EDGE_LOOP('',(#2272));
#490=EDGE_LOOP('',(#2273,#2274,#2275,#2276,#2277));
#491=EDGE_LOOP('',(#2278,#2279,#2280,#2281));
#492=EDGE_LOOP('',(#2282,#2283,#2284,#2285));
#493=EDGE_LOOP('',(#2286,#2287,#2288,#2289));
#494=EDGE_LOOP('',(#2290,#2291,#2292,#2293));
#495=EDGE_LOOP('',(#2294,#2295,#2296,#2297));
#496=EDGE_LOOP('',(#2298,#2299,#2300,#2301,#2302));
#497=EDGE_LOOP('',(#2303,#2304,#2305,#2306));
#498=EDGE_LOOP('',(#2307,#2308,#2309,#2310,#2311));
#499=EDGE_LOOP('',(#2312,#2313,#2314,#2315));
#500=EDGE_LOOP('',(#2316,#2317,#2318,#2319));
#501=EDGE_LOOP('',(#2320,#2321,#2322,#2323,#2324));
#502=EDGE_LOOP('',(#2325,#2326,#2327,#2328));
#503=EDGE_LOOP('',(#2329,#2330,#2331,#2332,#2333));
#504=EDGE_LOOP('',(#2334,#2335,#2336,#2337));
#505=EDGE_LOOP('',(#2338,#2339,#2340,#2341,#2342,#2343,#2344,#2345,#2346,
#2347));
#506=EDGE_LOOP('',(#2348,#2349,#2350,#2351,#2352,#2353));
#507=EDGE_LOOP('',(#2354,#2355,#2356,#2357,#2358,#2359,#2360,#2361));
#508=EDGE_LOOP('',(#2362,#2363,#2364,#2365,#2366,#2367,#2368,#2369,#2370,
#2371,#2372,#2373,#2374,#2375));
#509=EDGE_LOOP('',(#2376,#2377,#2378,#2379,#2380));
#510=EDGE_LOOP('',(#2381,#2382,#2383,#2384));
#511=EDGE_LOOP('',(#2385,#2386,#2387,#2388));
#512=EDGE_LOOP('',(#2389,#2390,#2391,#2392));
#513=EDGE_LOOP('',(#2393,#2394,#2395,#2396,#2397,#2398,#2399,#2400));
#514=EDGE_LOOP('',(#2401,#2402,#2403,#2404));
#515=EDGE_LOOP('',(#2405,#2406,#2407,#2408));
#516=EDGE_LOOP('',(#2409,#2410,#2411,#2412,#2413,#2414,#2415,#2416));
#517=EDGE_LOOP('',(#2417,#2418,#2419,#2420,#2421,#2422,#2423,#2424));
#518=EDGE_LOOP('',(#2425,#2426,#2427,#2428,#2429,#2430,#2431,#2432,#2433,
#2434));
#519=EDGE_LOOP('',(#2435,#2436,#2437,#2438,#2439,#2440,#2441));
#520=EDGE_LOOP('',(#2442,#2443,#2444,#2445,#2446));
#521=EDGE_LOOP('',(#2447,#2448,#2449,#2450,#2451));
#522=EDGE_LOOP('',(#2452,#2453,#2454,#2455,#2456,#2457,#2458));
#523=EDGE_LOOP('',(#2459,#2460,#2461,#2462,#2463,#2464));
#524=EDGE_LOOP('',(#2465,#2466,#2467,#2468,#2469,#2470));
#525=EDGE_LOOP('',(#2471,#2472,#2473,#2474,#2475,#2476));
#526=EDGE_LOOP('',(#2477,#2478,#2479,#2480,#2481));
#527=EDGE_LOOP('',(#2482,#2483,#2484,#2485,#2486,#2487,#2488,#2489,#2490,
#2491,#2492,#2493,#2494,#2495));
#528=EDGE_LOOP('',(#2496,#2497,#2498,#2499,#2500,#2501,#2502,#2503,#2504,
#2505,#2506,#2507,#2508,#2509,#2510,#2511,#2512,#2513,#2514,#2515));
#529=EDGE_LOOP('',(#2516,#2517,#2518,#2519,#2520,#2521,#2522,#2523,#2524,
#2525));
#530=EDGE_LOOP('',(#2526,#2527,#2528,#2529,#2530,#2531,#2532,#2533,#2534,
#2535));
#531=EDGE_LOOP('',(#2536,#2537,#2538,#2539,#2540));
#532=EDGE_LOOP('',(#2541,#2542,#2543,#2544));
#533=EDGE_LOOP('',(#2545,#2546,#2547,#2548));
#534=EDGE_LOOP('',(#2549,#2550,#2551,#2552,#2553));
#535=EDGE_LOOP('',(#2554,#2555,#2556,#2557));
#536=EDGE_LOOP('',(#2558,#2559,#2560,#2561,#2562,#2563));
#537=EDGE_LOOP('',(#2564,#2565,#2566,#2567));
#538=EDGE_LOOP('',(#2568,#2569,#2570,#2571,#2572,#2573));
#539=EDGE_LOOP('',(#2574,#2575,#2576,#2577));
#540=EDGE_LOOP('',(#2578,#2579,#2580,#2581,#2582));
#541=EDGE_LOOP('',(#2583,#2584,#2585,#2586,#2587));
#542=EDGE_LOOP('',(#2588,#2589,#2590,#2591));
#543=EDGE_LOOP('',(#2592,#2593,#2594,#2595,#2596));
#544=EDGE_LOOP('',(#2597,#2598,#2599,#2600));
#545=EDGE_LOOP('',(#2601,#2602,#2603,#2604));
#546=EDGE_LOOP('',(#2605,#2606,#2607,#2608));
#547=EDGE_LOOP('',(#2609,#2610,#2611,#2612));
#548=EDGE_LOOP('',(#2613,#2614,#2615,#2616,#2617,#2618,#2619));
#549=EDGE_LOOP('',(#2620));
#550=EDGE_LOOP('',(#2621));
#551=EDGE_LOOP('',(#2622));
#552=EDGE_LOOP('',(#2623,#2624,#2625,#2626));
#553=EDGE_LOOP('',(#2627,#2628,#2629,#2630,#2631,#2632,#2633,#2634,#2635,
#2636,#2637,#2638));
#554=EDGE_LOOP('',(#2639));
#555=EDGE_LOOP('',(#2640));
#556=EDGE_LOOP('',(#2641,#2642,#2643,#2644));
#557=EDGE_LOOP('',(#2645,#2646,#2647,#2648));
#558=EDGE_LOOP('',(#2649,#2650,#2651,#2652));
#559=EDGE_LOOP('',(#2653,#2654,#2655,#2656));
#560=EDGE_LOOP('',(#2657,#2658,#2659,#2660,#2661,#2662));
#561=EDGE_LOOP('',(#2663,#2664,#2665,#2666,#2667,#2668,#2669,#2670));
#562=EDGE_LOOP('',(#2671,#2672));
#563=EDGE_LOOP('',(#2673,#2674,#2675,#2676));
#564=EDGE_LOOP('',(#2677,#2678,#2679,#2680));
#565=EDGE_LOOP('',(#2681,#2682,#2683,#2684));
#566=EDGE_LOOP('',(#2685,#2686,#2687,#2688));
#567=EDGE_LOOP('',(#2689,#2690,#2691,#2692));
#568=EDGE_LOOP('',(#2693,#2694,#2695,#2696));
#569=EDGE_LOOP('',(#2697,#2698,#2699,#2700));
#570=EDGE_LOOP('',(#2701,#2702,#2703,#2704));
#571=EDGE_LOOP('',(#2705,#2706,#2707,#2708));
#572=EDGE_LOOP('',(#2709,#2710,#2711,#2712));
#573=EDGE_LOOP('',(#2713,#2714,#2715,#2716));
#574=EDGE_LOOP('',(#2717,#2718,#2719,#2720));
#575=EDGE_LOOP('',(#2721,#2722,#2723,#2724));
#576=EDGE_LOOP('',(#2725,#2726,#2727,#2728));
#577=EDGE_LOOP('',(#2729,#2730,#2731,#2732));
#578=EDGE_LOOP('',(#2733,#2734,#2735,#2736));
#579=EDGE_LOOP('',(#2737,#2738,#2739,#2740,#2741,#2742));
#580=EDGE_LOOP('',(#2743));
#581=EDGE_LOOP('',(#2744));
#582=EDGE_LOOP('',(#2745,#2746,#2747,#2748,#2749,#2750,#2751,#2752));
#583=EDGE_LOOP('',(#2753,#2754,#2755,#2756,#2757,#2758));
#584=EDGE_LOOP('',(#2759));
#585=EDGE_LOOP('',(#2760));
#586=EDGE_LOOP('',(#2761,#2762,#2763,#2764,#2765,#2766,#2767,#2768));
#587=EDGE_LOOP('',(#2769,#2770,#2771,#2772));
#588=EDGE_LOOP('',(#2773,#2774,#2775,#2776));
#589=EDGE_LOOP('',(#2777));
#590=EDGE_LOOP('',(#2778));
#591=EDGE_LOOP('',(#2779,#2780,#2781));
#592=EDGE_LOOP('',(#2782,#2783,#2784,#2785,#2786,#2787,#2788,#2789));
#593=EDGE_LOOP('',(#2790,#2791,#2792));
#594=EDGE_LOOP('',(#2793,#2794,#2795));
#595=EDGE_LOOP('',(#2796,#2797,#2798,#2799,#2800,#2801,#2802,#2803));
#596=EDGE_LOOP('',(#2804,#2805,#2806));
#597=EDGE_LOOP('',(#2807,#2808));
#598=EDGE_LOOP('',(#2809,#2810,#2811,#2812));
#599=EDGE_LOOP('',(#2813,#2814));
#600=EDGE_LOOP('',(#2815,#2816,#2817,#2818,#2819));
#601=EDGE_LOOP('',(#2820,#2821,#2822,#2823));
#602=EDGE_LOOP('',(#2824,#2825,#2826,#2827));
#603=EDGE_LOOP('',(#2828,#2829,#2830,#2831,#2832));
#604=EDGE_LOOP('',(#2833,#2834,#2835,#2836));
#605=EDGE_LOOP('',(#2837,#2838,#2839,#2840,#2841));
#606=EDGE_LOOP('',(#2842,#2843,#2844,#2845));
#607=EDGE_LOOP('',(#2846,#2847,#2848,#2849));
#608=EDGE_LOOP('',(#2850,#2851,#2852,#2853,#2854));
#609=EDGE_LOOP('',(#2855,#2856,#2857,#2858));
#610=EDGE_LOOP('',(#2859,#2860,#2861,#2862));
#611=EDGE_LOOP('',(#2863,#2864,#2865,#2866));
#612=EDGE_LOOP('',(#2867,#2868,#2869,#2870,#2871));
#613=EDGE_LOOP('',(#2872,#2873,#2874,#2875,#2876));
#614=EDGE_LOOP('',(#2877,#2878,#2879,#2880));
#615=EDGE_LOOP('',(#2881,#2882,#2883,#2884,#2885));
#616=EDGE_LOOP('',(#2886,#2887,#2888,#2889));
#617=EDGE_LOOP('',(#2890,#2891,#2892,#2893));
#618=EDGE_LOOP('',(#2894,#2895,#2896,#2897));
#619=EDGE_LOOP('',(#2898,#2899));
#620=EDGE_LOOP('',(#2900,#2901));
#621=EDGE_LOOP('',(#2902,#2903));
#622=EDGE_LOOP('',(#2904,#2905,#2906,#2907,#2908,#2909,#2910,#2911,#2912));
#623=EDGE_LOOP('',(#2913,#2914));
#624=EDGE_LOOP('',(#2915));
#625=EDGE_LOOP('',(#2916,#2917));
#626=EDGE_LOOP('',(#2918));
#627=EDGE_LOOP('',(#2919,#2920));
#628=EDGE_LOOP('',(#2921));
#629=EDGE_LOOP('',(#2922,#2923));
#630=EDGE_LOOP('',(#2924));
#631=EDGE_LOOP('',(#2925,#2926,#2927,#2928));
#632=EDGE_LOOP('',(#2929,#2930,#2931,#2932));
#633=EDGE_LOOP('',(#2933,#2934,#2935,#2936));
#634=EDGE_LOOP('',(#2937,#2938,#2939,#2940,#2941,#2942,#2943,#2944));
#635=EDGE_LOOP('',(#2945,#2946,#2947,#2948,#2949,#2950,#2951,#2952));
#636=EDGE_LOOP('',(#2953,#2954,#2955,#2956));
#637=EDGE_LOOP('',(#2957,#2958,#2959,#2960));
#638=EDGE_LOOP('',(#2961,#2962,#2963,#2964));
#639=EDGE_LOOP('',(#2965,#2966,#2967,#2968));
#640=EDGE_LOOP('',(#2969,#2970,#2971,#2972));
#641=EDGE_LOOP('',(#2973,#2974,#2975,#2976));
#642=EDGE_LOOP('',(#2977,#2978,#2979,#2980));
#643=EDGE_LOOP('',(#2981,#2982,#2983,#2984));
#644=EDGE_LOOP('',(#2985,#2986,#2987,#2988));
#645=EDGE_LOOP('',(#2989,#2990,#2991,#2992));
#646=EDGE_LOOP('',(#2993,#2994,#2995,#2996));
#647=EDGE_LOOP('',(#2997,#2998,#2999,#3000));
#648=EDGE_LOOP('',(#3001,#3002,#3003,#3004));
#649=EDGE_LOOP('',(#3005,#3006,#3007,#3008));
#650=EDGE_LOOP('',(#3009));
#651=EDGE_LOOP('',(#3010));
#652=EDGE_LOOP('',(#3011));
#653=EDGE_LOOP('',(#3012));
#654=EDGE_LOOP('',(#3013));
#655=EDGE_LOOP('',(#3014));
#656=EDGE_LOOP('',(#3015,#3016,#3017,#3018,#3019));
#657=EDGE_LOOP('',(#3020));
#658=EDGE_LOOP('',(#3021));
#659=EDGE_LOOP('',(#3022,#3023,#3024));
#660=EDGE_LOOP('',(#3025,#3026,#3027,#3028,#3029,#3030,#3031,#3032));
#661=EDGE_LOOP('',(#3033,#3034,#3035));
#662=EDGE_LOOP('',(#3036,#3037,#3038));
#663=EDGE_LOOP('',(#3039,#3040,#3041,#3042,#3043,#3044,#3045,#3046));
#664=EDGE_LOOP('',(#3047,#3048,#3049));
#665=EDGE_LOOP('',(#3050));
#666=EDGE_LOOP('',(#3051));
#667=EDGE_LOOP('',(#3052));
#668=EDGE_LOOP('',(#3053));
#669=EDGE_LOOP('',(#3054,#3055,#3056,#3057));
#670=EDGE_LOOP('',(#3058));
#671=EDGE_LOOP('',(#3059));
#672=EDGE_LOOP('',(#3060,#3061,#3062,#3063));
#673=EDGE_LOOP('',(#3064));
#674=EDGE_LOOP('',(#3065));
#675=EDGE_LOOP('',(#3066));
#676=EDGE_LOOP('',(#3067));
#677=EDGE_LOOP('',(#3068,#3069,#3070,#3071));
#678=EDGE_LOOP('',(#3072));
#679=EDGE_LOOP('',(#3073));
#680=EDGE_LOOP('',(#3074));
#681=EDGE_LOOP('',(#3075));
#682=EDGE_LOOP('',(#3076,#3077,#3078,#3079));
#683=EDGE_LOOP('',(#3080));
#684=EDGE_LOOP('',(#3081));
#685=LINE('',#4714,#1004);
#686=LINE('',#4716,#1005);
#687=LINE('',#4718,#1006);
#688=LINE('',#4720,#1007);
#689=LINE('',#4721,#1008);
#690=LINE('',#4725,#1009);
#691=LINE('',#4727,#1010);
#692=LINE('',#4729,#1011);
#693=LINE('',#4731,#1012);
#694=LINE('',#4733,#1013);
#695=LINE('',#4735,#1014);
#696=LINE('',#4736,#1015);
#697=LINE('',#4740,#1016);
#698=LINE('',#4744,#1017);
#699=LINE('',#4748,#1018);
#700=LINE('',#4752,#1019);
#701=LINE('',#4756,#1020);
#702=LINE('',#4760,#1021);
#703=LINE('',#4764,#1022);
#704=LINE('',#4768,#1023);
#705=LINE('',#4773,#1024);
#706=LINE('',#4777,#1025);
#707=LINE('',#4781,#1026);
#708=LINE('',#4785,#1027);
#709=LINE('',#4789,#1028);
#710=LINE('',#4791,#1029);
#711=LINE('',#4793,#1030);
#712=LINE('',#4795,#1031);
#713=LINE('',#4798,#1032);
#714=LINE('',#4800,#1033);
#715=LINE('',#4802,#1034);
#716=LINE('',#4806,#1035);
#717=LINE('',#4808,#1036);
#718=LINE('',#4809,#1037);
#719=LINE('',#4812,#1038);
#720=LINE('',#4816,#1039);
#721=LINE('',#4819,#1040);
#722=LINE('',#4822,#1041);
#723=LINE('',#4824,#1042);
#724=LINE('',#4826,#1043);
#725=LINE('',#4827,#1044);
#726=LINE('',#4829,#1045);
#727=LINE('',#4833,#1046);
#728=LINE('',#4835,#1047);
#729=LINE('',#4836,#1048);
#730=LINE('',#4838,#1049);
#731=LINE('',#4840,#1050);
#732=LINE('',#4841,#1051);
#733=LINE('',#4850,#1052);
#734=LINE('',#4852,#1053);
#735=LINE('',#4853,#1054);
#736=LINE('',#4860,#1055);
#737=LINE('',#4861,#1056);
#738=LINE('',#4864,#1057);
#739=LINE('',#4865,#1058);
#740=LINE('',#4867,#1059);
#741=LINE('',#4869,#1060);
#742=LINE('',#4871,#1061);
#743=LINE('',#4873,#1062);
#744=LINE('',#4875,#1063);
#745=LINE('',#4877,#1064);
#746=LINE('',#4879,#1065);
#747=LINE('',#4881,#1066);
#748=LINE('',#4883,#1067);
#749=LINE('',#4885,#1068);
#750=LINE('',#4886,#1069);
#751=LINE('',#4888,#1070);
#752=LINE('',#4890,#1071);
#753=LINE('',#4892,#1072);
#754=LINE('',#4896,#1073);
#755=LINE('',#4898,#1074);
#756=LINE('',#4902,#1075);
#757=LINE('',#4906,#1076);
#758=LINE('',#4910,#1077);
#759=LINE('',#4912,#1078);
#760=LINE('',#4913,#1079);
#761=LINE('',#4916,#1080);
#762=LINE('',#4917,#1081);
#763=LINE('',#4920,#1082);
#764=LINE('',#4922,#1083);
#765=LINE('',#4924,#1084);
#766=LINE('',#4926,#1085);
#767=LINE('',#4928,#1086);
#768=LINE('',#4930,#1087);
#769=LINE('',#4932,#1088);
#770=LINE('',#4936,#1089);
#771=LINE('',#4940,#1090);
#772=LINE('',#4944,#1091);
#773=LINE('',#4946,#1092);
#774=LINE('',#4949,#1093);
#775=LINE('',#4952,#1094);
#776=LINE('',#4954,#1095);
#777=LINE('',#4956,#1096);
#778=LINE('',#4957,#1097);
#779=LINE('',#4967,#1098);
#780=LINE('',#4969,#1099);
#781=LINE('',#4972,#1100);
#782=LINE('',#4973,#1101);
#783=LINE('',#4975,#1102);
#784=LINE('',#4977,#1103);
#785=LINE('',#4980,#1104);
#786=LINE('',#4984,#1105);
#787=LINE('',#4985,#1106);
#788=LINE('',#4989,#1107);
#789=LINE('',#4990,#1108);
#790=LINE('',#4992,#1109);
#791=LINE('',#4994,#1110);
#792=LINE('',#4996,#1111);
#793=LINE('',#4998,#1112);
#794=LINE('',#5003,#1113);
#795=LINE('',#5005,#1114);
#796=LINE('',#5006,#1115);
#797=LINE('',#5007,#1116);
#798=LINE('',#5010,#1117);
#799=LINE('',#5012,#1118);
#800=LINE('',#5014,#1119);
#801=LINE('',#5016,#1120);
#802=LINE('',#5017,#1121);
#803=LINE('',#5022,#1122);
#804=LINE('',#5026,#1123);
#805=LINE('',#5030,#1124);
#806=LINE('',#5033,#1125);
#807=LINE('',#5038,#1126);
#808=LINE('',#5042,#1127);
#809=LINE('',#5046,#1128);
#810=LINE('',#5048,#1129);
#811=LINE('',#5050,#1130);
#812=LINE('',#5051,#1131);
#813=LINE('',#5053,#1132);
#814=LINE('',#5056,#1133);
#815=LINE('',#5058,#1134);
#816=LINE('',#5059,#1135);
#817=LINE('',#5062,#1136);
#818=LINE('',#5063,#1137);
#819=LINE('',#5066,#1138);
#820=LINE('',#5067,#1139);
#821=LINE('',#5070,#1140);
#822=LINE('',#5072,#1141);
#823=LINE('',#5074,#1142);
#824=LINE('',#5076,#1143);
#825=LINE('',#5077,#1144);
#826=LINE('',#5079,#1145);
#827=LINE('',#5083,#1146);
#828=LINE('',#5088,#1147);
#829=LINE('',#5092,#1148);
#830=LINE('',#5095,#1149);
#831=LINE('',#5100,#1150);
#832=LINE('',#5104,#1151);
#833=LINE('',#5107,#1152);
#834=LINE('',#5110,#1153);
#835=LINE('',#5112,#1154);
#836=LINE('',#5114,#1155);
#837=LINE('',#5115,#1156);
#838=LINE('',#5119,#1157);
#839=LINE('',#5123,#1158);
#840=LINE('',#5130,#1159);
#841=LINE('',#5131,#1160);
#842=LINE('',#5132,#1161);
#843=LINE('',#5135,#1162);
#844=LINE('',#5136,#1163);
#845=LINE('',#5138,#1164);
#846=LINE('',#5139,#1165);
#847=LINE('',#5140,#1166);
#848=LINE('',#5143,#1167);
#849=LINE('',#5147,#1168);
#850=LINE('',#5151,#1169);
#851=LINE('',#5155,#1170);
#852=LINE('',#5159,#1171);
#853=LINE('',#5163,#1172);
#854=LINE('',#5167,#1173);
#855=LINE('',#5171,#1174);
#856=LINE('',#5175,#1175);
#857=LINE('',#5178,#1176);
#858=LINE('',#5179,#1177);
#859=LINE('',#5182,#1178);
#860=LINE('',#5184,#1179);
#861=LINE('',#5188,#1180);
#862=LINE('',#5190,#1181);
#863=LINE('',#5192,#1182);
#864=LINE('',#5196,#1183);
#865=LINE('',#5200,#1184);
#866=LINE('',#5201,#1185);
#867=LINE('',#5204,#1186);
#868=LINE('',#5207,#1187);
#869=LINE('',#5209,#1188);
#870=LINE('',#5213,#1189);
#871=LINE('',#5216,#1190);
#872=LINE('',#5218,#1191);
#873=LINE('',#5222,#1192);
#874=LINE('',#5226,#1193);
#875=LINE('',#5229,#1194);
#876=LINE('',#5232,#1195);
#877=LINE('',#5236,#1196);
#878=LINE('',#5239,#1197);
#879=LINE('',#5241,#1198);
#880=LINE('',#5242,#1199);
#881=LINE('',#5244,#1200);
#882=LINE('',#5249,#1201);
#883=LINE('',#5251,#1202);
#884=LINE('',#5252,#1203);
#885=LINE('',#5253,#1204);
#886=LINE('',#5260,#1205);
#887=LINE('',#5263,#1206);
#888=LINE('',#5264,#1207);
#889=LINE('',#5267,#1208);
#890=LINE('',#5270,#1209);
#891=LINE('',#5272,#1210);
#892=LINE('',#5273,#1211);
#893=LINE('',#5276,#1212);
#894=LINE('',#5279,#1213);
#895=LINE('',#5281,#1214);
#896=LINE('',#5282,#1215);
#897=LINE('',#5285,#1216);
#898=LINE('',#5288,#1217);
#899=LINE('',#5289,#1218);
#900=LINE('',#5292,#1219);
#901=LINE('',#5293,#1220);
#902=LINE('',#5296,#1221);
#903=LINE('',#5299,#1222);
#904=LINE('',#5310,#1223);
#905=LINE('',#5312,#1224);
#906=LINE('',#5314,#1225);
#907=LINE('',#5315,#1226);
#908=LINE('',#5324,#1227);
#909=LINE('',#5325,#1228);
#910=LINE('',#5328,#1229);
#911=LINE('',#5332,#1230);
#912=LINE('',#5336,#1231);
#913=LINE('',#5340,#1232);
#914=LINE('',#5343,#1233);
#915=LINE('',#5350,#1234);
#916=LINE('',#5354,#1235);
#917=LINE('',#5358,#1236);
#918=LINE('',#5362,#1237);
#919=LINE('',#5369,#1238);
#920=LINE('',#5373,#1239);
#921=LINE('',#5377,#1240);
#922=LINE('',#5380,#1241);
#923=LINE('',#5384,#1242);
#924=LINE('',#5385,#1243);
#925=LINE('',#5386,#1244);
#926=LINE('',#5389,#1245);
#927=LINE('',#5392,#1246);
#928=LINE('',#5395,#1247);
#929=LINE('',#5396,#1248);
#930=LINE('',#5399,#1249);
#931=LINE('',#5403,#1250);
#932=LINE('',#5404,#1251);
#933=LINE('',#5407,#1252);
#934=LINE('',#5411,#1253);
#935=LINE('',#5412,#1254);
#936=LINE('',#5415,#1255);
#937=LINE('',#5418,#1256);
#938=LINE('',#5420,#1257);
#939=LINE('',#5422,#1258);
#940=LINE('',#5424,#1259);
#941=LINE('',#5426,#1260);
#942=LINE('',#5428,#1261);
#943=LINE('',#5430,#1262);
#944=LINE('',#5434,#1263);
#945=LINE('',#5435,#1264);
#946=LINE('',#5442,#1265);
#947=LINE('',#5443,#1266);
#948=LINE('',#5452,#1267);
#949=LINE('',#5456,#1268);
#950=LINE('',#5460,#1269);
#951=LINE('',#5463,#1270);
#952=LINE('',#5465,#1271);
#953=LINE('',#5476,#1272);
#954=LINE('',#5486,#1273);
#955=LINE('',#5498,#1274);
#956=LINE('',#5500,#1275);
#957=LINE('',#5501,#1276);
#958=LINE('',#5503,#1277);
#959=LINE('',#5505,#1278);
#960=LINE('',#5507,#1279);
#961=LINE('',#5509,#1280);
#962=LINE('',#5512,#1281);
#963=LINE('',#5513,#1282);
#964=LINE('',#5515,#1283);
#965=LINE('',#5517,#1284);
#966=LINE('',#5519,#1285);
#967=LINE('',#5521,#1286);
#968=LINE('',#5524,#1287);
#969=LINE('',#5525,#1288);
#970=LINE('',#5527,#1289);
#971=LINE('',#5529,#1290);
#972=LINE('',#5531,#1291);
#973=LINE('',#5533,#1292);
#974=LINE('',#5545,#1293);
#975=LINE('',#5551,#1294);
#976=LINE('',#5556,#1295);
#977=LINE('',#5561,#1296);
#978=LINE('',#5565,#1297);
#979=LINE('',#5568,#1298);
#980=LINE('',#5573,#1299);
#981=LINE('',#5577,#1300);
#982=LINE('',#5580,#1301);
#983=LINE('',#5583,#1302);
#984=LINE('',#5587,#1303);
#985=LINE('',#5590,#1304);
#986=LINE('',#5591,#1305);
#987=LINE('',#5593,#1306);
#988=LINE('',#5595,#1307);
#989=LINE('',#5597,#1308);
#990=LINE('',#5599,#1309);
#991=LINE('',#5601,#1310);
#992=LINE('',#5603,#1311);
#993=LINE('',#5607,#1312);
#994=LINE('',#5610,#1313);
#995=LINE('',#5613,#1314);
#996=LINE('',#5617,#1315);
#997=LINE('',#5627,#1316);
#998=LINE('',#5635,#1317);
#999=LINE('',#5645,#1318);
#1000=LINE('',#5654,#1319);
#1001=LINE('',#5660,#1320);
#1002=LINE('',#5671,#1321);
#1003=LINE('',#5680,#1322);
#1004=VECTOR('',#3719,1.00000000000049);
#1005=VECTOR('',#3720,1.);
#1006=VECTOR('',#3721,1.00000000000049);
#1007=VECTOR('',#3722,1.00000000000049);
#1008=VECTOR('',#3723,1.);
#1009=VECTOR('',#3726,1.);
#1010=VECTOR('',#3727,1.);
#1011=VECTOR('',#3728,1.);
#1012=VECTOR('',#3729,1.);
#1013=VECTOR('',#3730,1.);
#1014=VECTOR('',#3731,1.);
#1015=VECTOR('',#3732,0.999999999999905);
#1016=VECTOR('',#3735,1.00000000000028);
#1017=VECTOR('',#3738,1.);
#1018=VECTOR('',#3741,1.);
#1019=VECTOR('',#3744,1.);
#1020=VECTOR('',#3747,1.00000000000028);
#1021=VECTOR('',#3750,1.);
#1022=VECTOR('',#3753,1.);
#1023=VECTOR('',#3756,1.00000000000049);
#1024=VECTOR('',#3763,1.);
#1025=VECTOR('',#3766,1.);
#1026=VECTOR('',#3769,1.);
#1027=VECTOR('',#3772,0.99999999999974);
#1028=VECTOR('',#3775,1.);
#1029=VECTOR('',#3776,1.);
#1030=VECTOR('',#3777,1.);
#1031=VECTOR('',#3778,1.);
#1032=VECTOR('',#3781,1.00000000000028);
#1033=VECTOR('',#3782,1.);
#1034=VECTOR('',#3783,0.999999999999685);
#1035=VECTOR('',#3786,1.);
#1036=VECTOR('',#3787,1.);
#1037=VECTOR('',#3788,1.);
#1038=VECTOR('',#3791,1.);
#1039=VECTOR('',#3794,1.);
#1040=VECTOR('',#3797,1.00000000000049);
#1041=VECTOR('',#3800,1.);
#1042=VECTOR('',#3801,1.);
#1043=VECTOR('',#3802,1.);
#1044=VECTOR('',#3803,1.);
#1045=VECTOR('',#3806,1.);
#1046=VECTOR('',#3809,1.);
#1047=VECTOR('',#3810,1.);
#1048=VECTOR('',#3811,1.);
#1049=VECTOR('',#3812,1.);
#1050=VECTOR('',#3813,0.999999999999924);
#1051=VECTOR('',#3814,1.);
#1052=VECTOR('',#3823,1.);
#1053=VECTOR('',#3824,1.);
#1054=VECTOR('',#3825,0.999999999999905);
#1055=VECTOR('',#3832,1.);
#1056=VECTOR('',#3833,1.);
#1057=VECTOR('',#3836,1.);
#1058=VECTOR('',#3837,1.);
#1059=VECTOR('',#3838,1.);
#1060=VECTOR('',#3839,1.);
#1061=VECTOR('',#3840,1.);
#1062=VECTOR('',#3841,1.);
#1063=VECTOR('',#3842,1.);
#1064=VECTOR('',#3843,1.);
#1065=VECTOR('',#3844,1.);
#1066=VECTOR('',#3845,1.);
#1067=VECTOR('',#3846,1.);
#1068=VECTOR('',#3847,1.);
#1069=VECTOR('',#3848,1.);
#1070=VECTOR('',#3851,1.);
#1071=VECTOR('',#3852,1.);
#1072=VECTOR('',#3853,1.);
#1073=VECTOR('',#3856,1.);
#1074=VECTOR('',#3857,1.);
#1075=VECTOR('',#3860,1.);
#1076=VECTOR('',#3863,1.);
#1077=VECTOR('',#3866,1.);
#1078=VECTOR('',#3867,1.);
#1079=VECTOR('',#3868,1.);
#1080=VECTOR('',#3871,1.);
#1081=VECTOR('',#3872,1.);
#1082=VECTOR('',#3875,1.);
#1083=VECTOR('',#3876,1.);
#1084=VECTOR('',#3877,1.);
#1085=VECTOR('',#3878,1.);
#1086=VECTOR('',#3879,1.);
#1087=VECTOR('',#3880,1.);
#1088=VECTOR('',#3881,1.);
#1089=VECTOR('',#3884,1.);
#1090=VECTOR('',#3887,1.);
#1091=VECTOR('',#3890,1.);
#1092=VECTOR('',#3891,1.);
#1093=VECTOR('',#3894,1.);
#1094=VECTOR('',#3895,1.);
#1095=VECTOR('',#3896,1.);
#1096=VECTOR('',#3897,1.);
#1097=VECTOR('',#3898,1.);
#1098=VECTOR('',#3909,1.);
#1099=VECTOR('',#3912,1.);
#1100=VECTOR('',#3917,1.);
#1101=VECTOR('',#3918,1.);
#1102=VECTOR('',#3921,1.);
#1103=VECTOR('',#3924,1.);
#1104=VECTOR('',#3927,1.);
#1105=VECTOR('',#3932,1.);
#1106=VECTOR('',#3933,1.);
#1107=VECTOR('',#3940,1.);
#1108=VECTOR('',#3941,1.);
#1109=VECTOR('',#3944,1.);
#1110=VECTOR('',#3947,1.);
#1111=VECTOR('',#3950,1.);
#1112=VECTOR('',#3953,1.);
#1113=VECTOR('',#3958,1.);
#1114=VECTOR('',#3959,1.);
#1115=VECTOR('',#3960,1.);
#1116=VECTOR('',#3961,1.);
#1117=VECTOR('',#3964,1.);
#1118=VECTOR('',#3965,1.);
#1119=VECTOR('',#3966,1.);
#1120=VECTOR('',#3967,1.);
#1121=VECTOR('',#3968,1.);
#1122=VECTOR('',#3971,1.);
#1123=VECTOR('',#3974,1.);
#1124=VECTOR('',#3977,1.);
#1125=VECTOR('',#3980,1.);
#1126=VECTOR('',#3985,1.);
#1127=VECTOR('',#3988,1.);
#1128=VECTOR('',#3991,1.);
#1129=VECTOR('',#3994,1.);
#1130=VECTOR('',#3995,1.);
#1131=VECTOR('',#3996,1.);
#1132=VECTOR('',#3999,1.);
#1133=VECTOR('',#4002,1.);
#1134=VECTOR('',#4003,1.);
#1135=VECTOR('',#4004,1.);
#1136=VECTOR('',#4007,1.);
#1137=VECTOR('',#4008,1.);
#1138=VECTOR('',#4011,1.);
#1139=VECTOR('',#4012,0.999999999999924);
#1140=VECTOR('',#4015,1.);
#1141=VECTOR('',#4016,1.);
#1142=VECTOR('',#4017,1.);
#1143=VECTOR('',#4018,1.);
#1144=VECTOR('',#4019,1.);
#1145=VECTOR('',#4022,1.);
#1146=VECTOR('',#4027,2.75);
#1147=VECTOR('',#4032,2.75);
#1148=VECTOR('',#4035,1.);
#1149=VECTOR('',#4038,1.);
#1150=VECTOR('',#4043,2.75);
#1151=VECTOR('',#4046,1.);
#1152=VECTOR('',#4049,1.);
#1153=VECTOR('',#4052,1.);
#1154=VECTOR('',#4053,1.);
#1155=VECTOR('',#4054,1.);
#1156=VECTOR('',#4055,1.);
#1157=VECTOR('',#4056,1.);
#1158=VECTOR('',#4061,6.75);
#1159=VECTOR('',#4068,1.);
#1160=VECTOR('',#4069,1.);
#1161=VECTOR('',#4070,1.);
#1162=VECTOR('',#4073,1.);
#1163=VECTOR('',#4074,1.);
#1164=VECTOR('',#4077,0.999999999999905);
#1165=VECTOR('',#4078,1.);
#1166=VECTOR('',#4079,1.);
#1167=VECTOR('',#4080,1.00000000000028);
#1168=VECTOR('',#4083,1.00000000000049);
#1169=VECTOR('',#4086,1.);
#1170=VECTOR('',#4089,1.);
#1171=VECTOR('',#4092,1.);
#1172=VECTOR('',#4095,1.00000000000028);
#1173=VECTOR('',#4098,1.);
#1174=VECTOR('',#4101,1.);
#1175=VECTOR('',#4104,1.00000000000049);
#1176=VECTOR('',#4109,1.);
#1177=VECTOR('',#4110,1.);
#1178=VECTOR('',#4113,1.);
#1179=VECTOR('',#4114,1.);
#1180=VECTOR('',#4117,1.00000000000049);
#1181=VECTOR('',#4118,1.);
#1182=VECTOR('',#4119,1.00000000000049);
#1183=VECTOR('',#4122,1.);
#1184=VECTOR('',#4125,1.);
#1185=VECTOR('',#4126,1.);
#1186=VECTOR('',#4129,1.);
#1187=VECTOR('',#4132,0.999999999999685);
#1188=VECTOR('',#4133,1.00000000000049);
#1189=VECTOR('',#4136,1.00000000000028);
#1190=VECTOR('',#4139,1.);
#1191=VECTOR('',#4140,1.);
#1192=VECTOR('',#4143,0.99999999999974);
#1193=VECTOR('',#4146,1.);
#1194=VECTOR('',#4149,1.);
#1195=VECTOR('',#4152,1.);
#1196=VECTOR('',#4155,1.);
#1197=VECTOR('',#4158,1.);
#1198=VECTOR('',#4159,1.);
#1199=VECTOR('',#4160,1.);
#1200=VECTOR('',#4163,1.);
#1201=VECTOR('',#4164,1.);
#1202=VECTOR('',#4165,1.);
#1203=VECTOR('',#4166,1.);
#1204=VECTOR('',#4167,0.999999999999905);
#1205=VECTOR('',#4178,1.);
#1206=VECTOR('',#4181,1.);
#1207=VECTOR('',#4182,1.);
#1208=VECTOR('',#4185,1.);
#1209=VECTOR('',#4190,1.);
#1210=VECTOR('',#4191,1.);
#1211=VECTOR('',#4192,1.);
#1212=VECTOR('',#4195,1.);
#1213=VECTOR('',#4200,1.);
#1214=VECTOR('',#4201,1.);
#1215=VECTOR('',#4202,1.);
#1216=VECTOR('',#4205,1.);
#1217=VECTOR('',#4210,1.);
#1218=VECTOR('',#4211,1.);
#1219=VECTOR('',#4214,1.);
#1220=VECTOR('',#4215,1.);
#1221=VECTOR('',#4218,1.);
#1222=VECTOR('',#4223,1.);
#1223=VECTOR('',#4242,1.);
#1224=VECTOR('',#4243,1.);
#1225=VECTOR('',#4244,1.);
#1226=VECTOR('',#4245,0.999999999999924);
#1227=VECTOR('',#4254,1.);
#1228=VECTOR('',#4255,1.);
#1229=VECTOR('',#4258,1.);
#1230=VECTOR('',#4261,1.);
#1231=VECTOR('',#4264,1.);
#1232=VECTOR('',#4267,1.);
#1233=VECTOR('',#4270,1.);
#1234=VECTOR('',#4277,1.5);
#1235=VECTOR('',#4282,1.5);
#1236=VECTOR('',#4287,1.5);
#1237=VECTOR('',#4292,1.5);
#1238=VECTOR('',#4299,1.);
#1239=VECTOR('',#4302,1.);
#1240=VECTOR('',#4305,1.);
#1241=VECTOR('',#4308,1.);
#1242=VECTOR('',#4315,1.);
#1243=VECTOR('',#4316,1.);
#1244=VECTOR('',#4317,1.);
#1245=VECTOR('',#4320,1.);
#1246=VECTOR('',#4323,1.);
#1247=VECTOR('',#4326,1.);
#1248=VECTOR('',#4327,1.);
#1249=VECTOR('',#4330,1.);
#1250=VECTOR('',#4335,1.);
#1251=VECTOR('',#4336,1.);
#1252=VECTOR('',#4339,1.);
#1253=VECTOR('',#4344,1.);
#1254=VECTOR('',#4345,1.);
#1255=VECTOR('',#4348,1.);
#1256=VECTOR('',#4353,1.);
#1257=VECTOR('',#4356,1.);
#1258=VECTOR('',#4359,1.);
#1259=VECTOR('',#4362,1.);
#1260=VECTOR('',#4365,1.);
#1261=VECTOR('',#4368,1.);
#1262=VECTOR('',#4371,1.);
#1263=VECTOR('',#4376,1.);
#1264=VECTOR('',#4377,1.);
#1265=VECTOR('',#4384,1.);
#1266=VECTOR('',#4385,0.999999999999924);
#1267=VECTOR('',#4392,1.);
#1268=VECTOR('',#4395,1.);
#1269=VECTOR('',#4398,1.);
#1270=VECTOR('',#4401,1.);
#1271=VECTOR('',#4404,1.);
#1272=VECTOR('',#4419,2.75);
#1273=VECTOR('',#4434,2.75);
#1274=VECTOR('',#4455,5.);
#1275=VECTOR('',#4458,1.);
#1276=VECTOR('',#4459,1.);
#1277=VECTOR('',#4462,1.);
#1278=VECTOR('',#4465,1.);
#1279=VECTOR('',#4468,1.);
#1280=VECTOR('',#4471,1.);
#1281=VECTOR('',#4476,1.);
#1282=VECTOR('',#4477,1.);
#1283=VECTOR('',#4480,1.);
#1284=VECTOR('',#4483,1.);
#1285=VECTOR('',#4486,1.);
#1286=VECTOR('',#4489,1.);
#1287=VECTOR('',#4494,1.);
#1288=VECTOR('',#4495,1.);
#1289=VECTOR('',#4498,1.);
#1290=VECTOR('',#4501,1.);
#1291=VECTOR('',#4504,1.);
#1292=VECTOR('',#4507,1.);
#1293=VECTOR('',#4526,6.05);
#1294=VECTOR('',#4537,1.);
#1295=VECTOR('',#4544,2.75);
#1296=VECTOR('',#4549,2.75);
#1297=VECTOR('',#4552,1.);
#1298=VECTOR('',#4555,1.);
#1299=VECTOR('',#4560,2.75);
#1300=VECTOR('',#4563,1.);
#1301=VECTOR('',#4566,1.);
#1302=VECTOR('',#4569,1.5);
#1303=VECTOR('',#4574,1.5);
#1304=VECTOR('',#4579,1.);
#1305=VECTOR('',#4580,1.);
#1306=VECTOR('',#4583,1.);
#1307=VECTOR('',#4586,1.);
#1308=VECTOR('',#4589,1.);
#1309=VECTOR('',#4592,1.);
#1310=VECTOR('',#4595,1.);
#1311=VECTOR('',#4598,1.);
#1312=VECTOR('',#4603,1.5);
#1313=VECTOR('',#4608,1.5);
#1314=VECTOR('',#4611,1.5);
#1315=VECTOR('',#4616,1.5);
#1316=VECTOR('',#4631,5.55);
#1317=VECTOR('',#4642,2.75);
#1318=VECTOR('',#4657,2.75);
#1319=VECTOR('',#4672,4.05);
#1320=VECTOR('',#4679,3.55);
#1321=VECTOR('',#4694,4.8);
#1322=VECTOR('',#4705,3.);
#1323=VERTEX_POINT('',#4712);
#1324=VERTEX_POINT('',#4713);
#1325=VERTEX_POINT('',#4715);
#1326=VERTEX_POINT('',#4717);
#1327=VERTEX_POINT('',#4719);
#1328=VERTEX_POINT('',#4723);
#1329=VERTEX_POINT('',#4724);
#1330=VERTEX_POINT('',#4726);
#1331=VERTEX_POINT('',#4728);
#1332=VERTEX_POINT('',#4730);
#1333=VERTEX_POINT('',#4732);
#1334=VERTEX_POINT('',#4734);
#1335=VERTEX_POINT('',#4737);
#1336=VERTEX_POINT('',#4739);
#1337=VERTEX_POINT('',#4741);
#1338=VERTEX_POINT('',#4743);
#1339=VERTEX_POINT('',#4746);
#1340=VERTEX_POINT('',#4747);
#1341=VERTEX_POINT('',#4749);
#1342=VERTEX_POINT('',#4751);
#1343=VERTEX_POINT('',#4753);
#1344=VERTEX_POINT('',#4755);
#1345=VERTEX_POINT('',#4758);
#1346=VERTEX_POINT('',#4759);
#1347=VERTEX_POINT('',#4761);
#1348=VERTEX_POINT('',#4763);
#1349=VERTEX_POINT('',#4765);
#1350=VERTEX_POINT('',#4767);
#1351=VERTEX_POINT('',#4771);
#1352=VERTEX_POINT('',#4775);
#1353=VERTEX_POINT('',#4776);
#1354=VERTEX_POINT('',#4778);
#1355=VERTEX_POINT('',#4780);
#1356=VERTEX_POINT('',#4782);
#1357=VERTEX_POINT('',#4784);
#1358=VERTEX_POINT('',#4786);
#1359=VERTEX_POINT('',#4788);
#1360=VERTEX_POINT('',#4790);
#1361=VERTEX_POINT('',#4792);
#1362=VERTEX_POINT('',#4794);
#1363=VERTEX_POINT('',#4796);
#1364=VERTEX_POINT('',#4799);
#1365=VERTEX_POINT('',#4801);
#1366=VERTEX_POINT('',#4803);
#1367=VERTEX_POINT('',#4805);
#1368=VERTEX_POINT('',#4807);
#1369=VERTEX_POINT('',#4811);
#1370=VERTEX_POINT('',#4813);
#1371=VERTEX_POINT('',#4815);
#1372=VERTEX_POINT('',#4817);
#1373=VERTEX_POINT('',#4820);
#1374=VERTEX_POINT('',#4823);
#1375=VERTEX_POINT('',#4825);
#1376=VERTEX_POINT('',#4831);
#1377=VERTEX_POINT('',#4832);
#1378=VERTEX_POINT('',#4834);
#1379=VERTEX_POINT('',#4837);
#1380=VERTEX_POINT('',#4839);
#1381=VERTEX_POINT('',#4842);
#1382=VERTEX_POINT('',#4844);
#1383=VERTEX_POINT('',#4846);
#1384=VERTEX_POINT('',#4849);
#1385=VERTEX_POINT('',#4851);
#1386=VERTEX_POINT('',#4855);
#1387=VERTEX_POINT('',#4856);
#1388=VERTEX_POINT('',#4858);
#1389=VERTEX_POINT('',#4863);
#1390=VERTEX_POINT('',#4866);
#1391=VERTEX_POINT('',#4868);
#1392=VERTEX_POINT('',#4870);
#1393=VERTEX_POINT('',#4872);
#1394=VERTEX_POINT('',#4874);
#1395=VERTEX_POINT('',#4876);
#1396=VERTEX_POINT('',#4878);
#1397=VERTEX_POINT('',#4880);
#1398=VERTEX_POINT('',#4882);
#1399=VERTEX_POINT('',#4884);
#1400=VERTEX_POINT('',#4889);
#1401=VERTEX_POINT('',#4891);
#1402=VERTEX_POINT('',#4893);
#1403=VERTEX_POINT('',#4895);
#1404=VERTEX_POINT('',#4897);
#1405=VERTEX_POINT('',#4899);
#1406=VERTEX_POINT('',#4901);
#1407=VERTEX_POINT('',#4903);
#1408=VERTEX_POINT('',#4905);
#1409=VERTEX_POINT('',#4907);
#1410=VERTEX_POINT('',#4909);
#1411=VERTEX_POINT('',#4911);
#1412=VERTEX_POINT('',#4915);
#1413=VERTEX_POINT('',#4919);
#1414=VERTEX_POINT('',#4921);
#1415=VERTEX_POINT('',#4923);
#1416=VERTEX_POINT('',#4925);
#1417=VERTEX_POINT('',#4927);
#1418=VERTEX_POINT('',#4929);
#1419=VERTEX_POINT('',#4931);
#1420=VERTEX_POINT('',#4933);
#1421=VERTEX_POINT('',#4935);
#1422=VERTEX_POINT('',#4937);
#1423=VERTEX_POINT('',#4939);
#1424=VERTEX_POINT('',#4941);
#1425=VERTEX_POINT('',#4943);
#1426=VERTEX_POINT('',#4945);
#1427=VERTEX_POINT('',#4947);
#1428=VERTEX_POINT('',#4950);
#1429=VERTEX_POINT('',#4951);
#1430=VERTEX_POINT('',#4953);
#1431=VERTEX_POINT('',#4955);
#1432=VERTEX_POINT('',#4958);
#1433=VERTEX_POINT('',#4960);
#1434=VERTEX_POINT('',#4962);
#1435=VERTEX_POINT('',#4964);
#1436=VERTEX_POINT('',#4979);
#1437=VERTEX_POINT('',#4983);
#1438=VERTEX_POINT('',#5001);
#1439=VERTEX_POINT('',#5002);
#1440=VERTEX_POINT('',#5004);
#1441=VERTEX_POINT('',#5009);
#1442=VERTEX_POINT('',#5011);
#1443=VERTEX_POINT('',#5013);
#1444=VERTEX_POINT('',#5015);
#1445=VERTEX_POINT('',#5018);
#1446=VERTEX_POINT('',#5019);
#1447=VERTEX_POINT('',#5021);
#1448=VERTEX_POINT('',#5023);
#1449=VERTEX_POINT('',#5025);
#1450=VERTEX_POINT('',#5027);
#1451=VERTEX_POINT('',#5029);
#1452=VERTEX_POINT('',#5031);
#1453=VERTEX_POINT('',#5035);
#1454=VERTEX_POINT('',#5037);
#1455=VERTEX_POINT('',#5039);
#1456=VERTEX_POINT('',#5041);
#1457=VERTEX_POINT('',#5043);
#1458=VERTEX_POINT('',#5045);
#1459=VERTEX_POINT('',#5049);
#1460=VERTEX_POINT('',#5055);
#1461=VERTEX_POINT('',#5057);
#1462=VERTEX_POINT('',#5061);
#1463=VERTEX_POINT('',#5065);
#1464=VERTEX_POINT('',#5069);
#1465=VERTEX_POINT('',#5071);
#1466=VERTEX_POINT('',#5073);
#1467=VERTEX_POINT('',#5075);
#1468=VERTEX_POINT('',#5081);
#1469=VERTEX_POINT('',#5085);
#1470=VERTEX_POINT('',#5086);
#1471=VERTEX_POINT('',#5089);
#1472=VERTEX_POINT('',#5091);
#1473=VERTEX_POINT('',#5093);
#1474=VERTEX_POINT('',#5097);
#1475=VERTEX_POINT('',#5098);
#1476=VERTEX_POINT('',#5101);
#1477=VERTEX_POINT('',#5103);
#1478=VERTEX_POINT('',#5105);
#1479=VERTEX_POINT('',#5109);
#1480=VERTEX_POINT('',#5111);
#1481=VERTEX_POINT('',#5113);
#1482=VERTEX_POINT('',#5122);
#1483=VERTEX_POINT('',#5124);
#1484=VERTEX_POINT('',#5128);
#1485=VERTEX_POINT('',#5129);
#1486=VERTEX_POINT('',#5134);
#1487=VERTEX_POINT('',#5141);
#1488=VERTEX_POINT('',#5142);
#1489=VERTEX_POINT('',#5144);
#1490=VERTEX_POINT('',#5146);
#1491=VERTEX_POINT('',#5148);
#1492=VERTEX_POINT('',#5150);
#1493=VERTEX_POINT('',#5153);
#1494=VERTEX_POINT('',#5154);
#1495=VERTEX_POINT('',#5156);
#1496=VERTEX_POINT('',#5158);
#1497=VERTEX_POINT('',#5160);
#1498=VERTEX_POINT('',#5162);
#1499=VERTEX_POINT('',#5165);
#1500=VERTEX_POINT('',#5166);
#1501=VERTEX_POINT('',#5168);
#1502=VERTEX_POINT('',#5170);
#1503=VERTEX_POINT('',#5172);
#1504=VERTEX_POINT('',#5174);
#1505=VERTEX_POINT('',#5181);
#1506=VERTEX_POINT('',#5183);
#1507=VERTEX_POINT('',#5185);
#1508=VERTEX_POINT('',#5187);
#1509=VERTEX_POINT('',#5189);
#1510=VERTEX_POINT('',#5191);
#1511=VERTEX_POINT('',#5193);
#1512=VERTEX_POINT('',#5195);
#1513=VERTEX_POINT('',#5197);
#1514=VERTEX_POINT('',#5199);
#1515=VERTEX_POINT('',#5203);
#1516=VERTEX_POINT('',#5205);
#1517=VERTEX_POINT('',#5208);
#1518=VERTEX_POINT('',#5210);
#1519=VERTEX_POINT('',#5212);
#1520=VERTEX_POINT('',#5214);
#1521=VERTEX_POINT('',#5217);
#1522=VERTEX_POINT('',#5219);
#1523=VERTEX_POINT('',#5221);
#1524=VERTEX_POINT('',#5223);
#1525=VERTEX_POINT('',#5225);
#1526=VERTEX_POINT('',#5227);
#1527=VERTEX_POINT('',#5231);
#1528=VERTEX_POINT('',#5233);
#1529=VERTEX_POINT('',#5235);
#1530=VERTEX_POINT('',#5238);
#1531=VERTEX_POINT('',#5240);
#1532=VERTEX_POINT('',#5248);
#1533=VERTEX_POINT('',#5250);
#1534=VERTEX_POINT('',#5255);
#1535=VERTEX_POINT('',#5262);
#1536=VERTEX_POINT('',#5266);
#1537=VERTEX_POINT('',#5271);
#1538=VERTEX_POINT('',#5275);
#1539=VERTEX_POINT('',#5280);
#1540=VERTEX_POINT('',#5284);
#1541=VERTEX_POINT('',#5291);
#1542=VERTEX_POINT('',#5295);
#1543=VERTEX_POINT('',#5309);
#1544=VERTEX_POINT('',#5311);
#1545=VERTEX_POINT('',#5313);
#1546=VERTEX_POINT('',#5316);
#1547=VERTEX_POINT('',#5318);
#1548=VERTEX_POINT('',#5320);
#1549=VERTEX_POINT('',#5323);
#1550=VERTEX_POINT('',#5327);
#1551=VERTEX_POINT('',#5329);
#1552=VERTEX_POINT('',#5331);
#1553=VERTEX_POINT('',#5333);
#1554=VERTEX_POINT('',#5335);
#1555=VERTEX_POINT('',#5337);
#1556=VERTEX_POINT('',#5339);
#1557=VERTEX_POINT('',#5341);
#1558=VERTEX_POINT('',#5344);
#1559=VERTEX_POINT('',#5346);
#1560=VERTEX_POINT('',#5349);
#1561=VERTEX_POINT('',#5353);
#1562=VERTEX_POINT('',#5357);
#1563=VERTEX_POINT('',#5361);
#1564=VERTEX_POINT('',#5365);
#1565=VERTEX_POINT('',#5366);
#1566=VERTEX_POINT('',#5368);
#1567=VERTEX_POINT('',#5370);
#1568=VERTEX_POINT('',#5372);
#1569=VERTEX_POINT('',#5374);
#1570=VERTEX_POINT('',#5376);
#1571=VERTEX_POINT('',#5378);
#1572=VERTEX_POINT('',#5388);
#1573=VERTEX_POINT('',#5390);
#1574=VERTEX_POINT('',#5394);
#1575=VERTEX_POINT('',#5398);
#1576=VERTEX_POINT('',#5402);
#1577=VERTEX_POINT('',#5406);
#1578=VERTEX_POINT('',#5410);
#1579=VERTEX_POINT('',#5414);
#1580=VERTEX_POINT('',#5433);
#1581=VERTEX_POINT('',#5436);
#1582=VERTEX_POINT('',#5438);
#1583=VERTEX_POINT('',#5441);
#1584=VERTEX_POINT('',#5444);
#1585=VERTEX_POINT('',#5446);
#1586=VERTEX_POINT('',#5448);
#1587=VERTEX_POINT('',#5449);
#1588=VERTEX_POINT('',#5451);
#1589=VERTEX_POINT('',#5453);
#1590=VERTEX_POINT('',#5455);
#1591=VERTEX_POINT('',#5457);
#1592=VERTEX_POINT('',#5459);
#1593=VERTEX_POINT('',#5461);
#1594=VERTEX_POINT('',#5468);
#1595=VERTEX_POINT('',#5473);
#1596=VERTEX_POINT('',#5475);
#1597=VERTEX_POINT('',#5483);
#1598=VERTEX_POINT('',#5485);
#1599=VERTEX_POINT('',#5496);
#1600=VERTEX_POINT('',#5541);
#1601=VERTEX_POINT('',#5542);
#1602=VERTEX_POINT('',#5554);
#1603=VERTEX_POINT('',#5558);
#1604=VERTEX_POINT('',#5559);
#1605=VERTEX_POINT('',#5562);
#1606=VERTEX_POINT('',#5564);
#1607=VERTEX_POINT('',#5566);
#1608=VERTEX_POINT('',#5570);
#1609=VERTEX_POINT('',#5571);
#1610=VERTEX_POINT('',#5574);
#1611=VERTEX_POINT('',#5576);
#1612=VERTEX_POINT('',#5578);
#1613=VERTEX_POINT('',#5582);
#1614=VERTEX_POINT('',#5586);
#1615=VERTEX_POINT('',#5606);
#1616=VERTEX_POINT('',#5612);
#1617=VERTEX_POINT('',#5616);
#1618=VERTEX_POINT('',#5622);
#1619=VERTEX_POINT('',#5625);
#1620=VERTEX_POINT('',#5632);
#1621=VERTEX_POINT('',#5634);
#1622=VERTEX_POINT('',#5642);
#1623=VERTEX_POINT('',#5644);
#1624=VERTEX_POINT('',#5652);
#1625=VERTEX_POINT('',#5656);
#1626=VERTEX_POINT('',#5659);
#1627=VERTEX_POINT('',#5663);
#1628=VERTEX_POINT('',#5666);
#1629=VERTEX_POINT('',#5669);
#1630=VERTEX_POINT('',#5673);
#1631=VERTEX_POINT('',#5676);
#1632=VERTEX_POINT('',#5679);
#1633=EDGE_CURVE('',#1323,#1324,#685,.T.);
#1634=EDGE_CURVE('',#1323,#1325,#686,.T.);
#1635=EDGE_CURVE('',#1325,#1326,#687,.T.);
#1636=EDGE_CURVE('',#1326,#1327,#688,.T.);
#1637=EDGE_CURVE('',#1324,#1327,#689,.T.);
#1638=EDGE_CURVE('',#1328,#1329,#690,.T.);
#1639=EDGE_CURVE('',#1329,#1330,#691,.T.);
#1640=EDGE_CURVE('',#1330,#1331,#692,.T.);
#1641=EDGE_CURVE('',#1332,#1331,#693,.T.);
#1642=EDGE_CURVE('',#1332,#1333,#694,.T.);
#1643=EDGE_CURVE('',#1333,#1334,#695,.T.);
#1644=EDGE_CURVE('',#1328,#1334,#696,.T.);
#1645=EDGE_CURVE('',#1324,#1335,#129,.T.);
#1646=EDGE_CURVE('',#1335,#1336,#697,.T.);
#1647=EDGE_CURVE('',#1336,#1337,#130,.T.);
#1648=EDGE_CURVE('',#1337,#1338,#698,.T.);
#1649=EDGE_CURVE('',#1338,#1323,#131,.T.);
#1650=EDGE_CURVE('',#1339,#1340,#699,.T.);
#1651=EDGE_CURVE('',#1340,#1341,#132,.T.);
#1652=EDGE_CURVE('',#1341,#1342,#700,.T.);
#1653=EDGE_CURVE('',#1342,#1343,#133,.T.);
#1654=EDGE_CURVE('',#1343,#1344,#701,.T.);
#1655=EDGE_CURVE('',#1344,#1339,#134,.T.);
#1656=EDGE_CURVE('',#1345,#1346,#702,.T.);
#1657=EDGE_CURVE('',#1346,#1347,#135,.T.);
#1658=EDGE_CURVE('',#1347,#1348,#703,.T.);
#1659=EDGE_CURVE('',#1348,#1349,#136,.T.);
#1660=EDGE_CURVE('',#1349,#1350,#704,.T.);
#1661=EDGE_CURVE('',#1350,#1345,#137,.T.);
#1662=EDGE_CURVE('',#1327,#1351,#138,.T.);
#1663=EDGE_CURVE('',#1335,#1351,#705,.T.);
#1664=EDGE_CURVE('',#1352,#1353,#706,.T.);
#1665=EDGE_CURVE('',#1354,#1353,#139,.T.);
#1666=EDGE_CURVE('',#1355,#1354,#707,.T.);
#1667=EDGE_CURVE('',#1356,#1355,#140,.T.);
#1668=EDGE_CURVE('',#1357,#1356,#708,.T.);
#1669=EDGE_CURVE('',#1358,#1357,#141,.T.);
#1670=EDGE_CURVE('',#1358,#1359,#709,.T.);
#1671=EDGE_CURVE('',#1360,#1359,#710,.T.);
#1672=EDGE_CURVE('',#1361,#1360,#711,.T.);
#1673=EDGE_CURVE('',#1361,#1362,#712,.T.);
#1674=EDGE_CURVE('',#1363,#1362,#142,.T.);
#1675=EDGE_CURVE('',#1363,#1351,#713,.T.);
#1676=EDGE_CURVE('',#1364,#1326,#714,.T.);
#1677=EDGE_CURVE('',#1364,#1365,#715,.T.);
#1678=EDGE_CURVE('',#1366,#1365,#143,.T.);
#1679=EDGE_CURVE('',#1367,#1366,#716,.T.);
#1680=EDGE_CURVE('',#1368,#1367,#717,.T.);
#1681=EDGE_CURVE('',#1352,#1368,#718,.T.);
#1682=EDGE_CURVE('',#1369,#1367,#719,.T.);
#1683=EDGE_CURVE('',#1369,#1370,#144,.T.);
#1684=EDGE_CURVE('',#1371,#1370,#720,.T.);
#1685=EDGE_CURVE('',#1371,#1372,#145,.T.);
#1686=EDGE_CURVE('',#1364,#1372,#721,.T.);
#1687=EDGE_CURVE('',#1325,#1373,#146,.T.);
#1688=EDGE_CURVE('',#1361,#1373,#722,.T.);
#1689=EDGE_CURVE('',#1374,#1360,#723,.T.);
#1690=EDGE_CURVE('',#1375,#1374,#724,.T.);
#1691=EDGE_CURVE('',#1368,#1375,#725,.T.);
#1692=EDGE_CURVE('',#1338,#1373,#726,.T.);
#1693=EDGE_CURVE('',#1376,#1377,#727,.T.);
#1694=EDGE_CURVE('',#1378,#1376,#728,.T.);
#1695=EDGE_CURVE('',#1329,#1378,#729,.T.);
#1696=EDGE_CURVE('',#1328,#1379,#730,.T.);
#1697=EDGE_CURVE('',#1380,#1379,#731,.T.);
#1698=EDGE_CURVE('',#1377,#1380,#732,.T.);
#1699=EDGE_CURVE('',#1381,#1381,#147,.T.);
#1700=EDGE_CURVE('',#1382,#1382,#148,.T.);
#1701=EDGE_CURVE('',#1383,#1383,#149,.T.);
#1702=EDGE_CURVE('',#1384,#1328,#733,.T.);
#1703=EDGE_CURVE('',#1334,#1385,#734,.T.);
#1704=EDGE_CURVE('',#1384,#1385,#735,.T.);
#1705=EDGE_CURVE('',#1386,#1387,#150,.T.);
#1706=EDGE_CURVE('',#1387,#1388,#151,.T.);
#1707=EDGE_CURVE('',#1385,#1388,#736,.T.);
#1708=EDGE_CURVE('',#1333,#1386,#737,.T.);
#1709=EDGE_CURVE('',#1389,#1332,#738,.T.);
#1710=EDGE_CURVE('',#1389,#1374,#739,.T.);
#1711=EDGE_CURVE('',#1359,#1390,#740,.T.);
#1712=EDGE_CURVE('',#1390,#1391,#741,.T.);
#1713=EDGE_CURVE('',#1392,#1391,#742,.T.);
#1714=EDGE_CURVE('',#1393,#1392,#743,.T.);
#1715=EDGE_CURVE('',#1394,#1393,#744,.T.);
#1716=EDGE_CURVE('',#1395,#1394,#745,.T.);
#1717=EDGE_CURVE('',#1396,#1395,#746,.T.);
#1718=EDGE_CURVE('',#1397,#1396,#747,.T.);
#1719=EDGE_CURVE('',#1397,#1398,#748,.T.);
#1720=EDGE_CURVE('',#1398,#1399,#749,.T.);
#1721=EDGE_CURVE('',#1399,#1386,#750,.T.);
#1722=EDGE_CURVE('',#1389,#1397,#751,.T.);
#1723=EDGE_CURVE('',#1331,#1400,#752,.T.);
#1724=EDGE_CURVE('',#1401,#1400,#753,.T.);
#1725=EDGE_CURVE('',#1402,#1401,#152,.T.);
#1726=EDGE_CURVE('',#1403,#1402,#754,.T.);
#1727=EDGE_CURVE('',#1404,#1403,#755,.T.);
#1728=EDGE_CURVE('',#1405,#1404,#153,.T.);
#1729=EDGE_CURVE('',#1406,#1405,#756,.T.);
#1730=EDGE_CURVE('',#1407,#1406,#154,.T.);
#1731=EDGE_CURVE('',#1408,#1407,#757,.T.);
#1732=EDGE_CURVE('',#1409,#1408,#155,.T.);
#1733=EDGE_CURVE('',#1410,#1409,#758,.T.);
#1734=EDGE_CURVE('',#1410,#1411,#759,.T.);
#1735=EDGE_CURVE('',#1411,#1398,#760,.T.);
#1736=EDGE_CURVE('',#1330,#1412,#761,.T.);
#1737=EDGE_CURVE('',#1412,#1400,#762,.T.);
#1738=EDGE_CURVE('',#1378,#1413,#763,.T.);
#1739=EDGE_CURVE('',#1413,#1414,#764,.T.);
#1740=EDGE_CURVE('',#1414,#1415,#765,.T.);
#1741=EDGE_CURVE('',#1415,#1416,#766,.T.);
#1742=EDGE_CURVE('',#1416,#1417,#767,.T.);
#1743=EDGE_CURVE('',#1418,#1417,#768,.T.);
#1744=EDGE_CURVE('',#1419,#1418,#769,.T.);
#1745=EDGE_CURVE('',#1419,#1420,#156,.T.);
#1746=EDGE_CURVE('',#1421,#1420,#770,.T.);
#1747=EDGE_CURVE('',#1421,#1422,#157,.T.);
#1748=EDGE_CURVE('',#1422,#1423,#771,.T.);
#1749=EDGE_CURVE('',#1423,#1424,#158,.T.);
#1750=EDGE_CURVE('',#1424,#1425,#772,.T.);
#1751=EDGE_CURVE('',#1426,#1425,#773,.T.);
#1752=EDGE_CURVE('',#1426,#1427,#159,.T.);
#1753=EDGE_CURVE('',#1412,#1427,#774,.T.);
#1754=EDGE_CURVE('',#1428,#1429,#775,.T.);
#1755=EDGE_CURVE('',#1430,#1429,#776,.T.);
#1756=EDGE_CURVE('',#1431,#1430,#777,.T.);
#1757=EDGE_CURVE('',#1431,#1428,#778,.T.);
#1758=EDGE_CURVE('',#1432,#1432,#160,.T.);
#1759=EDGE_CURVE('',#1433,#1433,#161,.T.);
#1760=EDGE_CURVE('',#1434,#1434,#162,.T.);
#1761=EDGE_CURVE('',#1435,#1435,#163,.T.);
#1762=EDGE_CURVE('',#1337,#1362,#779,.T.);
#1763=EDGE_CURVE('',#1336,#1363,#780,.T.);
#1764=EDGE_CURVE('',#1339,#1355,#781,.T.);
#1765=EDGE_CURVE('',#1340,#1354,#782,.T.);
#1766=EDGE_CURVE('',#1344,#1356,#783,.T.);
#1767=EDGE_CURVE('',#1343,#1357,#784,.T.);
#1768=EDGE_CURVE('',#1342,#1436,#785,.T.);
#1769=EDGE_CURVE('',#1358,#1436,#164,.T.);
#1770=EDGE_CURVE('',#1341,#1437,#786,.T.);
#1771=EDGE_CURVE('',#1437,#1436,#787,.T.);
#1772=EDGE_CURVE('',#1437,#1353,#165,.T.);
#1773=EDGE_CURVE('',#1345,#1371,#788,.T.);
#1774=EDGE_CURVE('',#1346,#1370,#789,.T.);
#1775=EDGE_CURVE('',#1350,#1372,#790,.T.);
#1776=EDGE_CURVE('',#1349,#1365,#791,.T.);
#1777=EDGE_CURVE('',#1348,#1366,#792,.T.);
#1778=EDGE_CURVE('',#1347,#1369,#793,.T.);
#1779=EDGE_CURVE('',#1438,#1439,#794,.T.);
#1780=EDGE_CURVE('',#1439,#1440,#795,.T.);
#1781=EDGE_CURVE('',#1440,#1390,#796,.T.);
#1782=EDGE_CURVE('',#1438,#1352,#797,.T.);
#1783=EDGE_CURVE('',#1441,#1352,#798,.T.);
#1784=EDGE_CURVE('',#1442,#1368,#799,.T.);
#1785=EDGE_CURVE('',#1443,#1442,#800,.T.);
#1786=EDGE_CURVE('',#1444,#1443,#801,.T.);
#1787=EDGE_CURVE('',#1441,#1444,#802,.T.);
#1788=EDGE_CURVE('',#1445,#1446,#166,.T.);
#1789=EDGE_CURVE('',#1447,#1445,#803,.T.);
#1790=EDGE_CURVE('',#1448,#1447,#167,.T.);
#1791=EDGE_CURVE('',#1448,#1449,#804,.T.);
#1792=EDGE_CURVE('',#1450,#1449,#168,.T.);
#1793=EDGE_CURVE('',#1450,#1451,#805,.T.);
#1794=EDGE_CURVE('',#1452,#1451,#169,.T.);
#1795=EDGE_CURVE('',#1446,#1452,#806,.T.);
#1796=EDGE_CURVE('',#1443,#1453,#170,.T.);
#1797=EDGE_CURVE('',#1453,#1454,#807,.T.);
#1798=EDGE_CURVE('',#1454,#1455,#171,.T.);
#1799=EDGE_CURVE('',#1455,#1456,#808,.T.);
#1800=EDGE_CURVE('',#1456,#1457,#172,.T.);
#1801=EDGE_CURVE('',#1458,#1457,#809,.T.);
#1802=EDGE_CURVE('',#1458,#1442,#173,.T.);
#1803=EDGE_CURVE('',#1375,#1428,#810,.T.);
#1804=EDGE_CURVE('',#1459,#1431,#811,.T.);
#1805=EDGE_CURVE('',#1444,#1459,#812,.T.);
#1806=EDGE_CURVE('',#1389,#1429,#813,.T.);
#1807=EDGE_CURVE('',#1377,#1460,#814,.T.);
#1808=EDGE_CURVE('',#1461,#1460,#815,.T.);
#1809=EDGE_CURVE('',#1376,#1461,#816,.T.);
#1810=EDGE_CURVE('',#1462,#1380,#817,.T.);
#1811=EDGE_CURVE('',#1460,#1462,#818,.T.);
#1812=EDGE_CURVE('',#1379,#1463,#819,.T.);
#1813=EDGE_CURVE('',#1462,#1463,#820,.T.);
#1814=EDGE_CURVE('',#1464,#1384,#821,.T.);
#1815=EDGE_CURVE('',#1465,#1464,#822,.T.);
#1816=EDGE_CURVE('',#1466,#1465,#823,.T.);
#1817=EDGE_CURVE('',#1466,#1467,#824,.T.);
#1818=EDGE_CURVE('',#1463,#1467,#825,.T.);
#1819=EDGE_CURVE('',#1413,#1461,#826,.T.);
#1820=EDGE_CURVE('',#1468,#1468,#174,.T.);
#1821=EDGE_CURVE('',#1468,#1381,#827,.T.);
#1822=EDGE_CURVE('',#1469,#1470,#175,.T.);
#1823=EDGE_CURVE('',#1470,#1382,#828,.T.);
#1824=EDGE_CURVE('',#1470,#1471,#176,.T.);
#1825=EDGE_CURVE('',#1472,#1471,#829,.T.);
#1826=EDGE_CURVE('',#1473,#1472,#177,.T.);
#1827=EDGE_CURVE('',#1473,#1469,#830,.T.);
#1828=EDGE_CURVE('',#1474,#1475,#178,.T.);
#1829=EDGE_CURVE('',#1475,#1383,#831,.T.);
#1830=EDGE_CURVE('',#1475,#1476,#179,.T.);
#1831=EDGE_CURVE('',#1477,#1476,#832,.T.);
#1832=EDGE_CURVE('',#1478,#1477,#180,.T.);
#1833=EDGE_CURVE('',#1478,#1474,#833,.T.);
#1834=EDGE_CURVE('',#1479,#1385,#834,.T.);
#1835=EDGE_CURVE('',#1479,#1480,#835,.T.);
#1836=EDGE_CURVE('',#1480,#1481,#836,.T.);
#1837=EDGE_CURVE('',#1481,#1391,#837,.T.);
#1838=EDGE_CURVE('',#1440,#1439,#20,.T.);
#1839=EDGE_CURVE('',#1384,#1438,#838,.T.);
#1840=EDGE_CURVE('',#1388,#1386,#181,.T.);
#1841=EDGE_CURVE('',#1387,#1482,#839,.T.);
#1842=EDGE_CURVE('',#1482,#1483,#182,.T.);
#1843=EDGE_CURVE('',#1483,#1482,#183,.T.);
#1844=EDGE_CURVE('',#1484,#1485,#840,.T.);
#1845=EDGE_CURVE('',#1479,#1484,#841,.T.);
#1846=EDGE_CURVE('',#1485,#1388,#842,.T.);
#1847=EDGE_CURVE('',#1486,#1399,#843,.T.);
#1848=EDGE_CURVE('',#1486,#1485,#844,.T.);
#1849=EDGE_CURVE('',#1465,#1486,#845,.T.);
#1850=EDGE_CURVE('',#1411,#1417,#846,.T.);
#1851=EDGE_CURVE('',#1465,#1416,#847,.T.);
#1852=EDGE_CURVE('',#1487,#1488,#848,.T.);
#1853=EDGE_CURVE('',#1488,#1489,#184,.T.);
#1854=EDGE_CURVE('',#1489,#1490,#849,.T.);
#1855=EDGE_CURVE('',#1490,#1491,#185,.T.);
#1856=EDGE_CURVE('',#1491,#1492,#850,.T.);
#1857=EDGE_CURVE('',#1492,#1487,#186,.T.);
#1858=EDGE_CURVE('',#1493,#1494,#851,.T.);
#1859=EDGE_CURVE('',#1494,#1495,#187,.T.);
#1860=EDGE_CURVE('',#1495,#1496,#852,.T.);
#1861=EDGE_CURVE('',#1496,#1497,#188,.T.);
#1862=EDGE_CURVE('',#1497,#1498,#853,.T.);
#1863=EDGE_CURVE('',#1498,#1493,#189,.T.);
#1864=EDGE_CURVE('',#1499,#1500,#854,.T.);
#1865=EDGE_CURVE('',#1500,#1501,#190,.T.);
#1866=EDGE_CURVE('',#1501,#1502,#855,.T.);
#1867=EDGE_CURVE('',#1502,#1503,#191,.T.);
#1868=EDGE_CURVE('',#1503,#1504,#856,.T.);
#1869=EDGE_CURVE('',#1504,#1499,#192,.T.);
#1870=EDGE_CURVE('',#1397,#1430,#857,.T.);
#1871=EDGE_CURVE('',#1459,#1396,#858,.T.);
#1872=EDGE_CURVE('',#1395,#1505,#859,.T.);
#1873=EDGE_CURVE('',#1506,#1505,#860,.T.);
#1874=EDGE_CURVE('',#1507,#1506,#193,.T.);
#1875=EDGE_CURVE('',#1508,#1507,#861,.T.);
#1876=EDGE_CURVE('',#1508,#1509,#862,.T.);
#1877=EDGE_CURVE('',#1510,#1509,#863,.T.);
#1878=EDGE_CURVE('',#1511,#1510,#194,.T.);
#1879=EDGE_CURVE('',#1512,#1511,#864,.T.);
#1880=EDGE_CURVE('',#1513,#1512,#195,.T.);
#1881=EDGE_CURVE('',#1514,#1513,#865,.T.);
#1882=EDGE_CURVE('',#1514,#1444,#866,.T.);
#1883=EDGE_CURVE('',#1514,#1515,#867,.T.);
#1884=EDGE_CURVE('',#1516,#1515,#196,.T.);
#1885=EDGE_CURVE('',#1509,#1516,#868,.T.);
#1886=EDGE_CURVE('',#1508,#1517,#869,.T.);
#1887=EDGE_CURVE('',#1518,#1517,#197,.T.);
#1888=EDGE_CURVE('',#1518,#1519,#870,.T.);
#1889=EDGE_CURVE('',#1520,#1519,#198,.T.);
#1890=EDGE_CURVE('',#1505,#1520,#871,.T.);
#1891=EDGE_CURVE('',#1394,#1521,#872,.T.);
#1892=EDGE_CURVE('',#1522,#1521,#199,.T.);
#1893=EDGE_CURVE('',#1523,#1522,#873,.T.);
#1894=EDGE_CURVE('',#1524,#1523,#200,.T.);
#1895=EDGE_CURVE('',#1524,#1525,#874,.T.);
#1896=EDGE_CURVE('',#1526,#1525,#201,.T.);
#1897=EDGE_CURVE('',#1526,#1441,#875,.T.);
#1898=EDGE_CURVE('',#1527,#1441,#876,.T.);
#1899=EDGE_CURVE('',#1528,#1526,#202,.T.);
#1900=EDGE_CURVE('',#1529,#1528,#877,.T.);
#1901=EDGE_CURVE('',#1521,#1529,#203,.T.);
#1902=EDGE_CURVE('',#1530,#1393,#878,.T.);
#1903=EDGE_CURVE('',#1530,#1531,#879,.T.);
#1904=EDGE_CURVE('',#1527,#1531,#880,.T.);
#1905=EDGE_CURVE('',#1464,#1527,#881,.T.);
#1906=EDGE_CURVE('',#1531,#1530,#21,.T.);
#1907=EDGE_CURVE('',#1532,#1392,#882,.T.);
#1908=EDGE_CURVE('',#1533,#1532,#883,.T.);
#1909=EDGE_CURVE('',#1484,#1533,#884,.T.);
#1910=EDGE_CURVE('',#1464,#1485,#885,.T.);
#1911=EDGE_CURVE('',#1534,#1481,#204,.T.);
#1912=EDGE_CURVE('',#1532,#1534,#205,.T.);
#1913=EDGE_CURVE('',#1418,#1410,#886,.T.);
#1914=EDGE_CURVE('',#1535,#1409,#887,.T.);
#1915=EDGE_CURVE('',#1419,#1535,#888,.T.);
#1916=EDGE_CURVE('',#1536,#1408,#889,.T.);
#1917=EDGE_CURVE('',#1536,#1535,#206,.T.);
#1918=EDGE_CURVE('',#1420,#1536,#890,.T.);
#1919=EDGE_CURVE('',#1537,#1407,#891,.T.);
#1920=EDGE_CURVE('',#1421,#1537,#892,.T.);
#1921=EDGE_CURVE('',#1538,#1406,#893,.T.);
#1922=EDGE_CURVE('',#1538,#1537,#207,.T.);
#1923=EDGE_CURVE('',#1422,#1538,#894,.T.);
#1924=EDGE_CURVE('',#1539,#1405,#895,.T.);
#1925=EDGE_CURVE('',#1423,#1539,#896,.T.);
#1926=EDGE_CURVE('',#1540,#1404,#897,.T.);
#1927=EDGE_CURVE('',#1540,#1539,#208,.T.);
#1928=EDGE_CURVE('',#1424,#1540,#898,.T.);
#1929=EDGE_CURVE('',#1425,#1403,#899,.T.);
#1930=EDGE_CURVE('',#1541,#1402,#900,.T.);
#1931=EDGE_CURVE('',#1426,#1541,#901,.T.);
#1932=EDGE_CURVE('',#1542,#1401,#902,.T.);
#1933=EDGE_CURVE('',#1542,#1541,#209,.T.);
#1934=EDGE_CURVE('',#1427,#1542,#903,.T.);
#1935=EDGE_CURVE('',#1541,#1542,#210,.T.);
#1936=EDGE_CURVE('',#1539,#1540,#211,.T.);
#1937=EDGE_CURVE('',#1537,#1538,#212,.T.);
#1938=EDGE_CURVE('',#1535,#1536,#213,.T.);
#1939=EDGE_CURVE('',#1543,#1415,#904,.T.);
#1940=EDGE_CURVE('',#1544,#1543,#905,.T.);
#1941=EDGE_CURVE('',#1545,#1544,#906,.T.);
#1942=EDGE_CURVE('',#1545,#1466,#907,.T.);
#1943=EDGE_CURVE('',#1546,#1546,#214,.T.);
#1944=EDGE_CURVE('',#1547,#1547,#215,.T.);
#1945=EDGE_CURVE('',#1548,#1548,#216,.T.);
#1946=EDGE_CURVE('',#1414,#1549,#908,.T.);
#1947=EDGE_CURVE('',#1549,#1543,#909,.T.);
#1948=EDGE_CURVE('',#1550,#1461,#910,.T.);
#1949=EDGE_CURVE('',#1551,#1550,#217,.T.);
#1950=EDGE_CURVE('',#1551,#1552,#911,.T.);
#1951=EDGE_CURVE('',#1553,#1552,#218,.T.);
#1952=EDGE_CURVE('',#1554,#1553,#912,.T.);
#1953=EDGE_CURVE('',#1555,#1554,#219,.T.);
#1954=EDGE_CURVE('',#1556,#1555,#913,.T.);
#1955=EDGE_CURVE('',#1557,#1556,#220,.T.);
#1956=EDGE_CURVE('',#1549,#1557,#914,.T.);
#1957=EDGE_CURVE('',#1558,#1558,#221,.T.);
#1958=EDGE_CURVE('',#1559,#1559,#222,.T.);
#1959=EDGE_CURVE('',#1432,#1560,#915,.T.);
#1960=EDGE_CURVE('',#1560,#1560,#223,.T.);
#1961=EDGE_CURVE('',#1433,#1561,#916,.T.);
#1962=EDGE_CURVE('',#1561,#1561,#224,.T.);
#1963=EDGE_CURVE('',#1434,#1562,#917,.T.);
#1964=EDGE_CURVE('',#1562,#1562,#225,.T.);
#1965=EDGE_CURVE('',#1435,#1563,#918,.T.);
#1966=EDGE_CURVE('',#1563,#1563,#226,.T.);
#1967=EDGE_CURVE('',#1564,#1565,#227,.T.);
#1968=EDGE_CURVE('',#1565,#1566,#919,.T.);
#1969=EDGE_CURVE('',#1566,#1567,#228,.T.);
#1970=EDGE_CURVE('',#1568,#1567,#920,.T.);
#1971=EDGE_CURVE('',#1568,#1569,#229,.T.);
#1972=EDGE_CURVE('',#1570,#1569,#921,.T.);
#1973=EDGE_CURVE('',#1570,#1571,#230,.T.);
#1974=EDGE_CURVE('',#1571,#1564,#922,.T.);
#1975=EDGE_CURVE('',#1439,#1440,#231,.T.);
#1976=EDGE_CURVE('',#1557,#1443,#923,.T.);
#1977=EDGE_CURVE('',#1550,#1442,#924,.T.);
#1978=EDGE_CURVE('',#1557,#1550,#925,.T.);
#1979=EDGE_CURVE('',#1572,#1446,#926,.T.);
#1980=EDGE_CURVE('',#1573,#1572,#232,.T.);
#1981=EDGE_CURVE('',#1573,#1445,#927,.T.);
#1982=EDGE_CURVE('',#1574,#1452,#928,.T.);
#1983=EDGE_CURVE('',#1572,#1574,#929,.T.);
#1984=EDGE_CURVE('',#1575,#1451,#930,.T.);
#1985=EDGE_CURVE('',#1574,#1575,#233,.T.);
#1986=EDGE_CURVE('',#1576,#1450,#931,.T.);
#1987=EDGE_CURVE('',#1576,#1575,#932,.T.);
#1988=EDGE_CURVE('',#1577,#1449,#933,.T.);
#1989=EDGE_CURVE('',#1576,#1577,#234,.T.);
#1990=EDGE_CURVE('',#1578,#1448,#934,.T.);
#1991=EDGE_CURVE('',#1578,#1577,#935,.T.);
#1992=EDGE_CURVE('',#1579,#1447,#936,.T.);
#1993=EDGE_CURVE('',#1578,#1579,#235,.T.);
#1994=EDGE_CURVE('',#1579,#1573,#937,.T.);
#1995=EDGE_CURVE('',#1551,#1458,#938,.T.);
#1996=EDGE_CURVE('',#1552,#1457,#939,.T.);
#1997=EDGE_CURVE('',#1553,#1456,#940,.T.);
#1998=EDGE_CURVE('',#1554,#1455,#941,.T.);
#1999=EDGE_CURVE('',#1555,#1454,#942,.T.);
#2000=EDGE_CURVE('',#1556,#1453,#943,.T.);
#2001=EDGE_CURVE('',#1580,#1460,#944,.T.);
#2002=EDGE_CURVE('',#1549,#1580,#945,.T.);
#2003=EDGE_CURVE('',#1581,#1581,#236,.T.);
#2004=EDGE_CURVE('',#1582,#1582,#237,.T.);
#2005=EDGE_CURVE('',#1580,#1583,#946,.T.);
#2006=EDGE_CURVE('',#1583,#1467,#947,.T.);
#2007=EDGE_CURVE('',#1584,#1584,#238,.T.);
#2008=EDGE_CURVE('',#1585,#1585,#239,.T.);
#2009=EDGE_CURVE('',#1586,#1587,#240,.T.);
#2010=EDGE_CURVE('',#1588,#1586,#948,.T.);
#2011=EDGE_CURVE('',#1589,#1588,#241,.T.);
#2012=EDGE_CURVE('',#1589,#1590,#949,.T.);
#2013=EDGE_CURVE('',#1591,#1590,#242,.T.);
#2014=EDGE_CURVE('',#1591,#1592,#950,.T.);
#2015=EDGE_CURVE('',#1593,#1592,#243,.T.);
#2016=EDGE_CURVE('',#1587,#1593,#951,.T.);
#2017=EDGE_CURVE('',#1583,#1545,#952,.T.);
#2018=EDGE_CURVE('',#1594,#1594,#244,.T.);
#2019=EDGE_CURVE('',#1469,#1471,#245,.T.);
#2020=EDGE_CURVE('',#1595,#1595,#246,.T.);
#2021=EDGE_CURVE('',#1595,#1596,#953,.T.);
#2022=EDGE_CURVE('',#1472,#1596,#247,.T.);
#2023=EDGE_CURVE('',#1596,#1473,#248,.T.);
#2024=EDGE_CURVE('',#1474,#1476,#249,.T.);
#2025=EDGE_CURVE('',#1597,#1597,#250,.T.);
#2026=EDGE_CURVE('',#1597,#1598,#954,.T.);
#2027=EDGE_CURVE('',#1477,#1598,#251,.T.);
#2028=EDGE_CURVE('',#1598,#1478,#252,.T.);
#2029=EDGE_CURVE('',#1480,#1533,#253,.T.);
#2030=EDGE_CURVE('',#1481,#1480,#254,.T.);
#2031=EDGE_CURVE('',#1599,#1599,#255,.T.);
#2032=EDGE_CURVE('',#1599,#1483,#955,.T.);
#2033=EDGE_CURVE('',#1519,#1487,#956,.T.);
#2034=EDGE_CURVE('',#1518,#1488,#957,.T.);
#2035=EDGE_CURVE('',#1520,#1492,#958,.T.);
#2036=EDGE_CURVE('',#1506,#1491,#959,.T.);
#2037=EDGE_CURVE('',#1507,#1490,#960,.T.);
#2038=EDGE_CURVE('',#1517,#1489,#961,.T.);
#2039=EDGE_CURVE('',#1529,#1493,#962,.T.);
#2040=EDGE_CURVE('',#1528,#1494,#963,.T.);
#2041=EDGE_CURVE('',#1522,#1498,#964,.T.);
#2042=EDGE_CURVE('',#1523,#1497,#965,.T.);
#2043=EDGE_CURVE('',#1524,#1496,#966,.T.);
#2044=EDGE_CURVE('',#1525,#1495,#967,.T.);
#2045=EDGE_CURVE('',#1515,#1499,#968,.T.);
#2046=EDGE_CURVE('',#1513,#1500,#969,.T.);
#2047=EDGE_CURVE('',#1516,#1504,#970,.T.);
#2048=EDGE_CURVE('',#1510,#1503,#971,.T.);
#2049=EDGE_CURVE('',#1511,#1502,#972,.T.);
#2050=EDGE_CURVE('',#1512,#1501,#973,.T.);
#2051=EDGE_CURVE('',#1530,#1531,#256,.T.);
#2052=EDGE_CURVE('',#1533,#1532,#257,.T.);
#2053=EDGE_CURVE('',#1600,#1601,#258,.T.);
#2054=EDGE_CURVE('',#1601,#1600,#259,.T.);
#2055=EDGE_CURVE('',#1601,#1534,#974,.T.);
#2056=EDGE_CURVE('',#1580,#1544,#975,.T.);
#2057=EDGE_CURVE('',#1602,#1602,#260,.T.);
#2058=EDGE_CURVE('',#1602,#1546,#976,.T.);
#2059=EDGE_CURVE('',#1603,#1604,#261,.T.);
#2060=EDGE_CURVE('',#1604,#1547,#977,.T.);
#2061=EDGE_CURVE('',#1604,#1605,#262,.T.);
#2062=EDGE_CURVE('',#1606,#1605,#978,.T.);
#2063=EDGE_CURVE('',#1607,#1606,#263,.T.);
#2064=EDGE_CURVE('',#1607,#1603,#979,.T.);
#2065=EDGE_CURVE('',#1608,#1609,#264,.T.);
#2066=EDGE_CURVE('',#1609,#1548,#980,.T.);
#2067=EDGE_CURVE('',#1609,#1610,#265,.T.);
#2068=EDGE_CURVE('',#1611,#1610,#981,.T.);
#2069=EDGE_CURVE('',#1612,#1611,#266,.T.);
#2070=EDGE_CURVE('',#1612,#1608,#982,.T.);
#2071=EDGE_CURVE('',#1558,#1613,#983,.T.);
#2072=EDGE_CURVE('',#1613,#1613,#267,.T.);
#2073=EDGE_CURVE('',#1559,#1614,#984,.T.);
#2074=EDGE_CURVE('',#1614,#1614,#268,.T.);
#2075=EDGE_CURVE('',#1586,#1564,#985,.T.);
#2076=EDGE_CURVE('',#1587,#1565,#986,.T.);
#2077=EDGE_CURVE('',#1588,#1571,#987,.T.);
#2078=EDGE_CURVE('',#1589,#1570,#988,.T.);
#2079=EDGE_CURVE('',#1590,#1569,#989,.T.);
#2080=EDGE_CURVE('',#1591,#1568,#990,.T.);
#2081=EDGE_CURVE('',#1592,#1567,#991,.T.);
#2082=EDGE_CURVE('',#1593,#1566,#992,.T.);
#2083=EDGE_CURVE('',#1581,#1615,#993,.T.);
#2084=EDGE_CURVE('',#1615,#1615,#269,.T.);
#2085=EDGE_CURVE('',#1582,#1594,#994,.T.);
#2086=EDGE_CURVE('',#1584,#1616,#995,.T.);
#2087=EDGE_CURVE('',#1616,#1616,#270,.T.);
#2088=EDGE_CURVE('',#1585,#1617,#996,.T.);
#2089=EDGE_CURVE('',#1617,#1617,#271,.T.);
#2090=EDGE_CURVE('',#1618,#1618,#272,.T.);
#2091=EDGE_CURVE('',#1619,#1619,#273,.T.);
#2092=EDGE_CURVE('',#1619,#1600,#997,.T.);
#2093=EDGE_CURVE('',#1603,#1605,#274,.T.);
#2094=EDGE_CURVE('',#1620,#1620,#275,.T.);
#2095=EDGE_CURVE('',#1620,#1621,#998,.T.);
#2096=EDGE_CURVE('',#1606,#1621,#276,.T.);
#2097=EDGE_CURVE('',#1621,#1607,#277,.T.);
#2098=EDGE_CURVE('',#1608,#1610,#278,.T.);
#2099=EDGE_CURVE('',#1622,#1622,#279,.T.);
#2100=EDGE_CURVE('',#1622,#1623,#999,.T.);
#2101=EDGE_CURVE('',#1611,#1623,#280,.T.);
#2102=EDGE_CURVE('',#1623,#1612,#281,.T.);
#2103=EDGE_CURVE('',#1624,#1624,#282,.T.);
#2104=EDGE_CURVE('',#1624,#1618,#1000,.T.);
#2105=EDGE_CURVE('',#1625,#1625,#283,.T.);
#2106=EDGE_CURVE('',#1624,#1626,#1001,.T.);
#2107=EDGE_CURVE('',#1626,#1626,#284,.T.);
#2108=EDGE_CURVE('',#1627,#1627,#285,.T.);
#2109=EDGE_CURVE('',#1628,#1628,#286,.T.);
#2110=EDGE_CURVE('',#1629,#1629,#287,.T.);
#2111=EDGE_CURVE('',#1629,#1627,#1002,.T.);
#2112=EDGE_CURVE('',#1630,#1630,#288,.T.);
#2113=EDGE_CURVE('',#1631,#1631,#289,.T.);
#2114=EDGE_CURVE('',#1630,#1632,#1003,.T.);
#2115=EDGE_CURVE('',#1632,#1632,#290,.T.);
#2116=ORIENTED_EDGE('',*,*,#1633,.F.);
#2117=ORIENTED_EDGE('',*,*,#1634,.T.);
#2118=ORIENTED_EDGE('',*,*,#1635,.T.);
#2119=ORIENTED_EDGE('',*,*,#1636,.T.);
#2120=ORIENTED_EDGE('',*,*,#1637,.F.);
#2121=ORIENTED_EDGE('',*,*,#1638,.T.);
#2122=ORIENTED_EDGE('',*,*,#1639,.T.);
#2123=ORIENTED_EDGE('',*,*,#1640,.T.);
#2124=ORIENTED_EDGE('',*,*,#1641,.F.);
#2125=ORIENTED_EDGE('',*,*,#1642,.T.);
#2126=ORIENTED_EDGE('',*,*,#1643,.T.);
#2127=ORIENTED_EDGE('',*,*,#1644,.F.);
#2128=ORIENTED_EDGE('',*,*,#1633,.T.);
#2129=ORIENTED_EDGE('',*,*,#1645,.T.);
#2130=ORIENTED_EDGE('',*,*,#1646,.T.);
#2131=ORIENTED_EDGE('',*,*,#1647,.T.);
#2132=ORIENTED_EDGE('',*,*,#1648,.T.);
#2133=ORIENTED_EDGE('',*,*,#1649,.T.);
#2134=ORIENTED_EDGE('',*,*,#1650,.T.);
#2135=ORIENTED_EDGE('',*,*,#1651,.T.);
#2136=ORIENTED_EDGE('',*,*,#1652,.T.);
#2137=ORIENTED_EDGE('',*,*,#1653,.T.);
#2138=ORIENTED_EDGE('',*,*,#1654,.T.);
#2139=ORIENTED_EDGE('',*,*,#1655,.T.);
#2140=ORIENTED_EDGE('',*,*,#1656,.T.);
#2141=ORIENTED_EDGE('',*,*,#1657,.T.);
#2142=ORIENTED_EDGE('',*,*,#1658,.T.);
#2143=ORIENTED_EDGE('',*,*,#1659,.T.);
#2144=ORIENTED_EDGE('',*,*,#1660,.T.);
#2145=ORIENTED_EDGE('',*,*,#1661,.T.);
#2146=ORIENTED_EDGE('',*,*,#1637,.T.);
#2147=ORIENTED_EDGE('',*,*,#1662,.T.);
#2148=ORIENTED_EDGE('',*,*,#1663,.F.);
#2149=ORIENTED_EDGE('',*,*,#1645,.F.);
#2150=ORIENTED_EDGE('',*,*,#1664,.T.);
#2151=ORIENTED_EDGE('',*,*,#1665,.F.);
#2152=ORIENTED_EDGE('',*,*,#1666,.F.);
#2153=ORIENTED_EDGE('',*,*,#1667,.F.);
#2154=ORIENTED_EDGE('',*,*,#1668,.F.);
#2155=ORIENTED_EDGE('',*,*,#1669,.F.);
#2156=ORIENTED_EDGE('',*,*,#1670,.T.);
#2157=ORIENTED_EDGE('',*,*,#1671,.F.);
#2158=ORIENTED_EDGE('',*,*,#1672,.F.);
#2159=ORIENTED_EDGE('',*,*,#1673,.T.);
#2160=ORIENTED_EDGE('',*,*,#1674,.F.);
#2161=ORIENTED_EDGE('',*,*,#1675,.T.);
#2162=ORIENTED_EDGE('',*,*,#1662,.F.);
#2163=ORIENTED_EDGE('',*,*,#1636,.F.);
#2164=ORIENTED_EDGE('',*,*,#1676,.F.);
#2165=ORIENTED_EDGE('',*,*,#1677,.T.);
#2166=ORIENTED_EDGE('',*,*,#1678,.F.);
#2167=ORIENTED_EDGE('',*,*,#1679,.F.);
#2168=ORIENTED_EDGE('',*,*,#1680,.F.);
#2169=ORIENTED_EDGE('',*,*,#1681,.F.);
#2170=ORIENTED_EDGE('',*,*,#1680,.T.);
#2171=ORIENTED_EDGE('',*,*,#1682,.F.);
#2172=ORIENTED_EDGE('',*,*,#1683,.T.);
#2173=ORIENTED_EDGE('',*,*,#1684,.F.);
#2174=ORIENTED_EDGE('',*,*,#1685,.T.);
#2175=ORIENTED_EDGE('',*,*,#1686,.F.);
#2176=ORIENTED_EDGE('',*,*,#1676,.T.);
#2177=ORIENTED_EDGE('',*,*,#1635,.F.);
#2178=ORIENTED_EDGE('',*,*,#1687,.T.);
#2179=ORIENTED_EDGE('',*,*,#1688,.F.);
#2180=ORIENTED_EDGE('',*,*,#1672,.T.);
#2181=ORIENTED_EDGE('',*,*,#1689,.F.);
#2182=ORIENTED_EDGE('',*,*,#1690,.F.);
#2183=ORIENTED_EDGE('',*,*,#1691,.F.);
#2184=ORIENTED_EDGE('',*,*,#1692,.T.);
#2185=ORIENTED_EDGE('',*,*,#1687,.F.);
#2186=ORIENTED_EDGE('',*,*,#1634,.F.);
#2187=ORIENTED_EDGE('',*,*,#1649,.F.);
#2188=ORIENTED_EDGE('',*,*,#1693,.F.);
#2189=ORIENTED_EDGE('',*,*,#1694,.F.);
#2190=ORIENTED_EDGE('',*,*,#1695,.F.);
#2191=ORIENTED_EDGE('',*,*,#1638,.F.);
#2192=ORIENTED_EDGE('',*,*,#1696,.T.);
#2193=ORIENTED_EDGE('',*,*,#1697,.F.);
#2194=ORIENTED_EDGE('',*,*,#1698,.F.);
#2195=ORIENTED_EDGE('',*,*,#1699,.F.);
#2196=ORIENTED_EDGE('',*,*,#1700,.F.);
#2197=ORIENTED_EDGE('',*,*,#1701,.F.);
#2198=ORIENTED_EDGE('',*,*,#1702,.T.);
#2199=ORIENTED_EDGE('',*,*,#1644,.T.);
#2200=ORIENTED_EDGE('',*,*,#1703,.T.);
#2201=ORIENTED_EDGE('',*,*,#1704,.F.);
#2202=ORIENTED_EDGE('',*,*,#1705,.T.);
#2203=ORIENTED_EDGE('',*,*,#1706,.T.);
#2204=ORIENTED_EDGE('',*,*,#1707,.F.);
#2205=ORIENTED_EDGE('',*,*,#1703,.F.);
#2206=ORIENTED_EDGE('',*,*,#1643,.F.);
#2207=ORIENTED_EDGE('',*,*,#1708,.T.);
#2208=ORIENTED_EDGE('',*,*,#1642,.F.);
#2209=ORIENTED_EDGE('',*,*,#1709,.F.);
#2210=ORIENTED_EDGE('',*,*,#1710,.T.);
#2211=ORIENTED_EDGE('',*,*,#1689,.T.);
#2212=ORIENTED_EDGE('',*,*,#1671,.T.);
#2213=ORIENTED_EDGE('',*,*,#1711,.T.);
#2214=ORIENTED_EDGE('',*,*,#1712,.T.);
#2215=ORIENTED_EDGE('',*,*,#1713,.F.);
#2216=ORIENTED_EDGE('',*,*,#1714,.F.);
#2217=ORIENTED_EDGE('',*,*,#1715,.F.);
#2218=ORIENTED_EDGE('',*,*,#1716,.F.);
#2219=ORIENTED_EDGE('',*,*,#1717,.F.);
#2220=ORIENTED_EDGE('',*,*,#1718,.F.);
#2221=ORIENTED_EDGE('',*,*,#1719,.T.);
#2222=ORIENTED_EDGE('',*,*,#1720,.T.);
#2223=ORIENTED_EDGE('',*,*,#1721,.T.);
#2224=ORIENTED_EDGE('',*,*,#1708,.F.);
#2225=ORIENTED_EDGE('',*,*,#1722,.F.);
#2226=ORIENTED_EDGE('',*,*,#1709,.T.);
#2227=ORIENTED_EDGE('',*,*,#1641,.T.);
#2228=ORIENTED_EDGE('',*,*,#1723,.T.);
#2229=ORIENTED_EDGE('',*,*,#1724,.F.);
#2230=ORIENTED_EDGE('',*,*,#1725,.F.);
#2231=ORIENTED_EDGE('',*,*,#1726,.F.);
#2232=ORIENTED_EDGE('',*,*,#1727,.F.);
#2233=ORIENTED_EDGE('',*,*,#1728,.F.);
#2234=ORIENTED_EDGE('',*,*,#1729,.F.);
#2235=ORIENTED_EDGE('',*,*,#1730,.F.);
#2236=ORIENTED_EDGE('',*,*,#1731,.F.);
#2237=ORIENTED_EDGE('',*,*,#1732,.F.);
#2238=ORIENTED_EDGE('',*,*,#1733,.F.);
#2239=ORIENTED_EDGE('',*,*,#1734,.T.);
#2240=ORIENTED_EDGE('',*,*,#1735,.T.);
#2241=ORIENTED_EDGE('',*,*,#1719,.F.);
#2242=ORIENTED_EDGE('',*,*,#1640,.F.);
#2243=ORIENTED_EDGE('',*,*,#1736,.T.);
#2244=ORIENTED_EDGE('',*,*,#1737,.T.);
#2245=ORIENTED_EDGE('',*,*,#1723,.F.);
#2246=ORIENTED_EDGE('',*,*,#1736,.F.);
#2247=ORIENTED_EDGE('',*,*,#1639,.F.);
#2248=ORIENTED_EDGE('',*,*,#1695,.T.);
#2249=ORIENTED_EDGE('',*,*,#1738,.T.);
#2250=ORIENTED_EDGE('',*,*,#1739,.T.);
#2251=ORIENTED_EDGE('',*,*,#1740,.T.);
#2252=ORIENTED_EDGE('',*,*,#1741,.T.);
#2253=ORIENTED_EDGE('',*,*,#1742,.T.);
#2254=ORIENTED_EDGE('',*,*,#1743,.F.);
#2255=ORIENTED_EDGE('',*,*,#1744,.F.);
#2256=ORIENTED_EDGE('',*,*,#1745,.T.);
#2257=ORIENTED_EDGE('',*,*,#1746,.F.);
#2258=ORIENTED_EDGE('',*,*,#1747,.T.);
#2259=ORIENTED_EDGE('',*,*,#1748,.T.);
#2260=ORIENTED_EDGE('',*,*,#1749,.T.);
#2261=ORIENTED_EDGE('',*,*,#1750,.T.);
#2262=ORIENTED_EDGE('',*,*,#1751,.F.);
#2263=ORIENTED_EDGE('',*,*,#1752,.T.);
#2264=ORIENTED_EDGE('',*,*,#1753,.F.);
#2265=ORIENTED_EDGE('',*,*,#1754,.T.);
#2266=ORIENTED_EDGE('',*,*,#1755,.F.);
#2267=ORIENTED_EDGE('',*,*,#1756,.F.);
#2268=ORIENTED_EDGE('',*,*,#1757,.T.);
#2269=ORIENTED_EDGE('',*,*,#1758,.T.);
#2270=ORIENTED_EDGE('',*,*,#1759,.T.);
#2271=ORIENTED_EDGE('',*,*,#1760,.T.);
#2272=ORIENTED_EDGE('',*,*,#1761,.T.);
#2273=ORIENTED_EDGE('',*,*,#1648,.F.);
#2274=ORIENTED_EDGE('',*,*,#1762,.T.);
#2275=ORIENTED_EDGE('',*,*,#1673,.F.);
#2276=ORIENTED_EDGE('',*,*,#1688,.T.);
#2277=ORIENTED_EDGE('',*,*,#1692,.F.);
#2278=ORIENTED_EDGE('',*,*,#1763,.T.);
#2279=ORIENTED_EDGE('',*,*,#1674,.T.);
#2280=ORIENTED_EDGE('',*,*,#1762,.F.);
#2281=ORIENTED_EDGE('',*,*,#1647,.F.);
#2282=ORIENTED_EDGE('',*,*,#1646,.F.);
#2283=ORIENTED_EDGE('',*,*,#1663,.T.);
#2284=ORIENTED_EDGE('',*,*,#1675,.F.);
#2285=ORIENTED_EDGE('',*,*,#1763,.F.);
#2286=ORIENTED_EDGE('',*,*,#1650,.F.);
#2287=ORIENTED_EDGE('',*,*,#1764,.T.);
#2288=ORIENTED_EDGE('',*,*,#1666,.T.);
#2289=ORIENTED_EDGE('',*,*,#1765,.F.);
#2290=ORIENTED_EDGE('',*,*,#1766,.T.);
#2291=ORIENTED_EDGE('',*,*,#1667,.T.);
#2292=ORIENTED_EDGE('',*,*,#1764,.F.);
#2293=ORIENTED_EDGE('',*,*,#1655,.F.);
#2294=ORIENTED_EDGE('',*,*,#1654,.F.);
#2295=ORIENTED_EDGE('',*,*,#1767,.T.);
#2296=ORIENTED_EDGE('',*,*,#1668,.T.);
#2297=ORIENTED_EDGE('',*,*,#1766,.F.);
#2298=ORIENTED_EDGE('',*,*,#1768,.T.);
#2299=ORIENTED_EDGE('',*,*,#1769,.F.);
#2300=ORIENTED_EDGE('',*,*,#1669,.T.);
#2301=ORIENTED_EDGE('',*,*,#1767,.F.);
#2302=ORIENTED_EDGE('',*,*,#1653,.F.);
#2303=ORIENTED_EDGE('',*,*,#1652,.F.);
#2304=ORIENTED_EDGE('',*,*,#1770,.T.);
#2305=ORIENTED_EDGE('',*,*,#1771,.T.);
#2306=ORIENTED_EDGE('',*,*,#1768,.F.);
#2307=ORIENTED_EDGE('',*,*,#1765,.T.);
#2308=ORIENTED_EDGE('',*,*,#1665,.T.);
#2309=ORIENTED_EDGE('',*,*,#1772,.F.);
#2310=ORIENTED_EDGE('',*,*,#1770,.F.);
#2311=ORIENTED_EDGE('',*,*,#1651,.F.);
#2312=ORIENTED_EDGE('',*,*,#1656,.F.);
#2313=ORIENTED_EDGE('',*,*,#1773,.T.);
#2314=ORIENTED_EDGE('',*,*,#1684,.T.);
#2315=ORIENTED_EDGE('',*,*,#1774,.F.);
#2316=ORIENTED_EDGE('',*,*,#1775,.T.);
#2317=ORIENTED_EDGE('',*,*,#1685,.F.);
#2318=ORIENTED_EDGE('',*,*,#1773,.F.);
#2319=ORIENTED_EDGE('',*,*,#1661,.F.);
#2320=ORIENTED_EDGE('',*,*,#1660,.F.);
#2321=ORIENTED_EDGE('',*,*,#1776,.T.);
#2322=ORIENTED_EDGE('',*,*,#1677,.F.);
#2323=ORIENTED_EDGE('',*,*,#1686,.T.);
#2324=ORIENTED_EDGE('',*,*,#1775,.F.);
#2325=ORIENTED_EDGE('',*,*,#1777,.T.);
#2326=ORIENTED_EDGE('',*,*,#1678,.T.);
#2327=ORIENTED_EDGE('',*,*,#1776,.F.);
#2328=ORIENTED_EDGE('',*,*,#1659,.F.);
#2329=ORIENTED_EDGE('',*,*,#1658,.F.);
#2330=ORIENTED_EDGE('',*,*,#1778,.T.);
#2331=ORIENTED_EDGE('',*,*,#1682,.T.);
#2332=ORIENTED_EDGE('',*,*,#1679,.T.);
#2333=ORIENTED_EDGE('',*,*,#1777,.F.);
#2334=ORIENTED_EDGE('',*,*,#1774,.T.);
#2335=ORIENTED_EDGE('',*,*,#1683,.F.);
#2336=ORIENTED_EDGE('',*,*,#1778,.F.);
#2337=ORIENTED_EDGE('',*,*,#1657,.F.);
#2338=ORIENTED_EDGE('',*,*,#1779,.T.);
#2339=ORIENTED_EDGE('',*,*,#1780,.T.);
#2340=ORIENTED_EDGE('',*,*,#1781,.T.);
#2341=ORIENTED_EDGE('',*,*,#1711,.F.);
#2342=ORIENTED_EDGE('',*,*,#1670,.F.);
#2343=ORIENTED_EDGE('',*,*,#1769,.T.);
#2344=ORIENTED_EDGE('',*,*,#1771,.F.);
#2345=ORIENTED_EDGE('',*,*,#1772,.T.);
#2346=ORIENTED_EDGE('',*,*,#1664,.F.);
#2347=ORIENTED_EDGE('',*,*,#1782,.F.);
#2348=ORIENTED_EDGE('',*,*,#1783,.T.);
#2349=ORIENTED_EDGE('',*,*,#1681,.T.);
#2350=ORIENTED_EDGE('',*,*,#1784,.F.);
#2351=ORIENTED_EDGE('',*,*,#1785,.F.);
#2352=ORIENTED_EDGE('',*,*,#1786,.F.);
#2353=ORIENTED_EDGE('',*,*,#1787,.F.);
#2354=ORIENTED_EDGE('',*,*,#1788,.F.);
#2355=ORIENTED_EDGE('',*,*,#1789,.F.);
#2356=ORIENTED_EDGE('',*,*,#1790,.F.);
#2357=ORIENTED_EDGE('',*,*,#1791,.T.);
#2358=ORIENTED_EDGE('',*,*,#1792,.F.);
#2359=ORIENTED_EDGE('',*,*,#1793,.T.);
#2360=ORIENTED_EDGE('',*,*,#1794,.F.);
#2361=ORIENTED_EDGE('',*,*,#1795,.F.);
#2362=ORIENTED_EDGE('',*,*,#1786,.T.);
#2363=ORIENTED_EDGE('',*,*,#1796,.T.);
#2364=ORIENTED_EDGE('',*,*,#1797,.T.);
#2365=ORIENTED_EDGE('',*,*,#1798,.T.);
#2366=ORIENTED_EDGE('',*,*,#1799,.T.);
#2367=ORIENTED_EDGE('',*,*,#1800,.T.);
#2368=ORIENTED_EDGE('',*,*,#1801,.F.);
#2369=ORIENTED_EDGE('',*,*,#1802,.T.);
#2370=ORIENTED_EDGE('',*,*,#1784,.T.);
#2371=ORIENTED_EDGE('',*,*,#1691,.T.);
#2372=ORIENTED_EDGE('',*,*,#1803,.T.);
#2373=ORIENTED_EDGE('',*,*,#1757,.F.);
#2374=ORIENTED_EDGE('',*,*,#1804,.F.);
#2375=ORIENTED_EDGE('',*,*,#1805,.F.);
#2376=ORIENTED_EDGE('',*,*,#1690,.T.);
#2377=ORIENTED_EDGE('',*,*,#1710,.F.);
#2378=ORIENTED_EDGE('',*,*,#1806,.T.);
#2379=ORIENTED_EDGE('',*,*,#1754,.F.);
#2380=ORIENTED_EDGE('',*,*,#1803,.F.);
#2381=ORIENTED_EDGE('',*,*,#1693,.T.);
#2382=ORIENTED_EDGE('',*,*,#1807,.T.);
#2383=ORIENTED_EDGE('',*,*,#1808,.F.);
#2384=ORIENTED_EDGE('',*,*,#1809,.F.);
#2385=ORIENTED_EDGE('',*,*,#1698,.T.);
#2386=ORIENTED_EDGE('',*,*,#1810,.F.);
#2387=ORIENTED_EDGE('',*,*,#1811,.F.);
#2388=ORIENTED_EDGE('',*,*,#1807,.F.);
#2389=ORIENTED_EDGE('',*,*,#1812,.T.);
#2390=ORIENTED_EDGE('',*,*,#1813,.F.);
#2391=ORIENTED_EDGE('',*,*,#1810,.T.);
#2392=ORIENTED_EDGE('',*,*,#1697,.T.);
#2393=ORIENTED_EDGE('',*,*,#1812,.F.);
#2394=ORIENTED_EDGE('',*,*,#1696,.F.);
#2395=ORIENTED_EDGE('',*,*,#1702,.F.);
#2396=ORIENTED_EDGE('',*,*,#1814,.F.);
#2397=ORIENTED_EDGE('',*,*,#1815,.F.);
#2398=ORIENTED_EDGE('',*,*,#1816,.F.);
#2399=ORIENTED_EDGE('',*,*,#1817,.T.);
#2400=ORIENTED_EDGE('',*,*,#1818,.F.);
#2401=ORIENTED_EDGE('',*,*,#1694,.T.);
#2402=ORIENTED_EDGE('',*,*,#1809,.T.);
#2403=ORIENTED_EDGE('',*,*,#1819,.F.);
#2404=ORIENTED_EDGE('',*,*,#1738,.F.);
#2405=ORIENTED_EDGE('',*,*,#1820,.T.);
#2406=ORIENTED_EDGE('',*,*,#1821,.T.);
#2407=ORIENTED_EDGE('',*,*,#1699,.T.);
#2408=ORIENTED_EDGE('',*,*,#1821,.F.);
#2409=ORIENTED_EDGE('',*,*,#1822,.T.);
#2410=ORIENTED_EDGE('',*,*,#1823,.T.);
#2411=ORIENTED_EDGE('',*,*,#1700,.T.);
#2412=ORIENTED_EDGE('',*,*,#1823,.F.);
#2413=ORIENTED_EDGE('',*,*,#1824,.T.);
#2414=ORIENTED_EDGE('',*,*,#1825,.F.);
#2415=ORIENTED_EDGE('',*,*,#1826,.F.);
#2416=ORIENTED_EDGE('',*,*,#1827,.T.);
#2417=ORIENTED_EDGE('',*,*,#1828,.T.);
#2418=ORIENTED_EDGE('',*,*,#1829,.T.);
#2419=ORIENTED_EDGE('',*,*,#1701,.T.);
#2420=ORIENTED_EDGE('',*,*,#1829,.F.);
#2421=ORIENTED_EDGE('',*,*,#1830,.T.);
#2422=ORIENTED_EDGE('',*,*,#1831,.F.);
#2423=ORIENTED_EDGE('',*,*,#1832,.F.);
#2424=ORIENTED_EDGE('',*,*,#1833,.T.);
#2425=ORIENTED_EDGE('',*,*,#1704,.T.);
#2426=ORIENTED_EDGE('',*,*,#1834,.F.);
#2427=ORIENTED_EDGE('',*,*,#1835,.T.);
#2428=ORIENTED_EDGE('',*,*,#1836,.T.);
#2429=ORIENTED_EDGE('',*,*,#1837,.T.);
#2430=ORIENTED_EDGE('',*,*,#1712,.F.);
#2431=ORIENTED_EDGE('',*,*,#1781,.F.);
#2432=ORIENTED_EDGE('',*,*,#1838,.T.);
#2433=ORIENTED_EDGE('',*,*,#1779,.F.);
#2434=ORIENTED_EDGE('',*,*,#1839,.F.);
#2435=ORIENTED_EDGE('',*,*,#1705,.F.);
#2436=ORIENTED_EDGE('',*,*,#1840,.F.);
#2437=ORIENTED_EDGE('',*,*,#1706,.F.);
#2438=ORIENTED_EDGE('',*,*,#1841,.T.);
#2439=ORIENTED_EDGE('',*,*,#1842,.T.);
#2440=ORIENTED_EDGE('',*,*,#1843,.T.);
#2441=ORIENTED_EDGE('',*,*,#1841,.F.);
#2442=ORIENTED_EDGE('',*,*,#1844,.F.);
#2443=ORIENTED_EDGE('',*,*,#1845,.F.);
#2444=ORIENTED_EDGE('',*,*,#1834,.T.);
#2445=ORIENTED_EDGE('',*,*,#1707,.T.);
#2446=ORIENTED_EDGE('',*,*,#1846,.F.);
#2447=ORIENTED_EDGE('',*,*,#1840,.T.);
#2448=ORIENTED_EDGE('',*,*,#1721,.F.);
#2449=ORIENTED_EDGE('',*,*,#1847,.F.);
#2450=ORIENTED_EDGE('',*,*,#1848,.T.);
#2451=ORIENTED_EDGE('',*,*,#1846,.T.);
#2452=ORIENTED_EDGE('',*,*,#1849,.T.);
#2453=ORIENTED_EDGE('',*,*,#1847,.T.);
#2454=ORIENTED_EDGE('',*,*,#1720,.F.);
#2455=ORIENTED_EDGE('',*,*,#1735,.F.);
#2456=ORIENTED_EDGE('',*,*,#1850,.T.);
#2457=ORIENTED_EDGE('',*,*,#1742,.F.);
#2458=ORIENTED_EDGE('',*,*,#1851,.F.);
#2459=ORIENTED_EDGE('',*,*,#1852,.T.);
#2460=ORIENTED_EDGE('',*,*,#1853,.T.);
#2461=ORIENTED_EDGE('',*,*,#1854,.T.);
#2462=ORIENTED_EDGE('',*,*,#1855,.T.);
#2463=ORIENTED_EDGE('',*,*,#1856,.T.);
#2464=ORIENTED_EDGE('',*,*,#1857,.T.);
#2465=ORIENTED_EDGE('',*,*,#1858,.T.);
#2466=ORIENTED_EDGE('',*,*,#1859,.T.);
#2467=ORIENTED_EDGE('',*,*,#1860,.T.);
#2468=ORIENTED_EDGE('',*,*,#1861,.T.);
#2469=ORIENTED_EDGE('',*,*,#1862,.T.);
#2470=ORIENTED_EDGE('',*,*,#1863,.T.);
#2471=ORIENTED_EDGE('',*,*,#1864,.T.);
#2472=ORIENTED_EDGE('',*,*,#1865,.T.);
#2473=ORIENTED_EDGE('',*,*,#1866,.T.);
#2474=ORIENTED_EDGE('',*,*,#1867,.T.);
#2475=ORIENTED_EDGE('',*,*,#1868,.T.);
#2476=ORIENTED_EDGE('',*,*,#1869,.T.);
#2477=ORIENTED_EDGE('',*,*,#1804,.T.);
#2478=ORIENTED_EDGE('',*,*,#1756,.T.);
#2479=ORIENTED_EDGE('',*,*,#1870,.F.);
#2480=ORIENTED_EDGE('',*,*,#1718,.T.);
#2481=ORIENTED_EDGE('',*,*,#1871,.F.);
#2482=ORIENTED_EDGE('',*,*,#1805,.T.);
#2483=ORIENTED_EDGE('',*,*,#1871,.T.);
#2484=ORIENTED_EDGE('',*,*,#1717,.T.);
#2485=ORIENTED_EDGE('',*,*,#1872,.T.);
#2486=ORIENTED_EDGE('',*,*,#1873,.F.);
#2487=ORIENTED_EDGE('',*,*,#1874,.F.);
#2488=ORIENTED_EDGE('',*,*,#1875,.F.);
#2489=ORIENTED_EDGE('',*,*,#1876,.T.);
#2490=ORIENTED_EDGE('',*,*,#1877,.F.);
#2491=ORIENTED_EDGE('',*,*,#1878,.F.);
#2492=ORIENTED_EDGE('',*,*,#1879,.F.);
#2493=ORIENTED_EDGE('',*,*,#1880,.F.);
#2494=ORIENTED_EDGE('',*,*,#1881,.F.);
#2495=ORIENTED_EDGE('',*,*,#1882,.T.);
#2496=ORIENTED_EDGE('',*,*,#1787,.T.);
#2497=ORIENTED_EDGE('',*,*,#1882,.F.);
#2498=ORIENTED_EDGE('',*,*,#1883,.T.);
#2499=ORIENTED_EDGE('',*,*,#1884,.F.);
#2500=ORIENTED_EDGE('',*,*,#1885,.F.);
#2501=ORIENTED_EDGE('',*,*,#1876,.F.);
#2502=ORIENTED_EDGE('',*,*,#1886,.T.);
#2503=ORIENTED_EDGE('',*,*,#1887,.F.);
#2504=ORIENTED_EDGE('',*,*,#1888,.T.);
#2505=ORIENTED_EDGE('',*,*,#1889,.F.);
#2506=ORIENTED_EDGE('',*,*,#1890,.F.);
#2507=ORIENTED_EDGE('',*,*,#1872,.F.);
#2508=ORIENTED_EDGE('',*,*,#1716,.T.);
#2509=ORIENTED_EDGE('',*,*,#1891,.T.);
#2510=ORIENTED_EDGE('',*,*,#1892,.F.);
#2511=ORIENTED_EDGE('',*,*,#1893,.F.);
#2512=ORIENTED_EDGE('',*,*,#1894,.F.);
#2513=ORIENTED_EDGE('',*,*,#1895,.T.);
#2514=ORIENTED_EDGE('',*,*,#1896,.F.);
#2515=ORIENTED_EDGE('',*,*,#1897,.T.);
#2516=ORIENTED_EDGE('',*,*,#1898,.T.);
#2517=ORIENTED_EDGE('',*,*,#1897,.F.);
#2518=ORIENTED_EDGE('',*,*,#1899,.F.);
#2519=ORIENTED_EDGE('',*,*,#1900,.F.);
#2520=ORIENTED_EDGE('',*,*,#1901,.F.);
#2521=ORIENTED_EDGE('',*,*,#1891,.F.);
#2522=ORIENTED_EDGE('',*,*,#1715,.T.);
#2523=ORIENTED_EDGE('',*,*,#1902,.F.);
#2524=ORIENTED_EDGE('',*,*,#1903,.T.);
#2525=ORIENTED_EDGE('',*,*,#1904,.F.);
#2526=ORIENTED_EDGE('',*,*,#1905,.T.);
#2527=ORIENTED_EDGE('',*,*,#1904,.T.);
#2528=ORIENTED_EDGE('',*,*,#1906,.T.);
#2529=ORIENTED_EDGE('',*,*,#1902,.T.);
#2530=ORIENTED_EDGE('',*,*,#1714,.T.);
#2531=ORIENTED_EDGE('',*,*,#1907,.F.);
#2532=ORIENTED_EDGE('',*,*,#1908,.F.);
#2533=ORIENTED_EDGE('',*,*,#1909,.F.);
#2534=ORIENTED_EDGE('',*,*,#1844,.T.);
#2535=ORIENTED_EDGE('',*,*,#1910,.F.);
#2536=ORIENTED_EDGE('',*,*,#1837,.F.);
#2537=ORIENTED_EDGE('',*,*,#1911,.F.);
#2538=ORIENTED_EDGE('',*,*,#1912,.F.);
#2539=ORIENTED_EDGE('',*,*,#1907,.T.);
#2540=ORIENTED_EDGE('',*,*,#1713,.T.);
#2541=ORIENTED_EDGE('',*,*,#1755,.T.);
#2542=ORIENTED_EDGE('',*,*,#1806,.F.);
#2543=ORIENTED_EDGE('',*,*,#1722,.T.);
#2544=ORIENTED_EDGE('',*,*,#1870,.T.);
#2545=ORIENTED_EDGE('',*,*,#1850,.F.);
#2546=ORIENTED_EDGE('',*,*,#1734,.F.);
#2547=ORIENTED_EDGE('',*,*,#1913,.F.);
#2548=ORIENTED_EDGE('',*,*,#1743,.T.);
#2549=ORIENTED_EDGE('',*,*,#1744,.T.);
#2550=ORIENTED_EDGE('',*,*,#1913,.T.);
#2551=ORIENTED_EDGE('',*,*,#1733,.T.);
#2552=ORIENTED_EDGE('',*,*,#1914,.F.);
#2553=ORIENTED_EDGE('',*,*,#1915,.F.);
#2554=ORIENTED_EDGE('',*,*,#1732,.T.);
#2555=ORIENTED_EDGE('',*,*,#1916,.F.);
#2556=ORIENTED_EDGE('',*,*,#1917,.T.);
#2557=ORIENTED_EDGE('',*,*,#1914,.T.);
#2558=ORIENTED_EDGE('',*,*,#1746,.T.);
#2559=ORIENTED_EDGE('',*,*,#1918,.T.);
#2560=ORIENTED_EDGE('',*,*,#1916,.T.);
#2561=ORIENTED_EDGE('',*,*,#1731,.T.);
#2562=ORIENTED_EDGE('',*,*,#1919,.F.);
#2563=ORIENTED_EDGE('',*,*,#1920,.F.);
#2564=ORIENTED_EDGE('',*,*,#1730,.T.);
#2565=ORIENTED_EDGE('',*,*,#1921,.F.);
#2566=ORIENTED_EDGE('',*,*,#1922,.T.);
#2567=ORIENTED_EDGE('',*,*,#1919,.T.);
#2568=ORIENTED_EDGE('',*,*,#1748,.F.);
#2569=ORIENTED_EDGE('',*,*,#1923,.T.);
#2570=ORIENTED_EDGE('',*,*,#1921,.T.);
#2571=ORIENTED_EDGE('',*,*,#1729,.T.);
#2572=ORIENTED_EDGE('',*,*,#1924,.F.);
#2573=ORIENTED_EDGE('',*,*,#1925,.F.);
#2574=ORIENTED_EDGE('',*,*,#1728,.T.);
#2575=ORIENTED_EDGE('',*,*,#1926,.F.);
#2576=ORIENTED_EDGE('',*,*,#1927,.T.);
#2577=ORIENTED_EDGE('',*,*,#1924,.T.);
#2578=ORIENTED_EDGE('',*,*,#1750,.F.);
#2579=ORIENTED_EDGE('',*,*,#1928,.T.);
#2580=ORIENTED_EDGE('',*,*,#1926,.T.);
#2581=ORIENTED_EDGE('',*,*,#1727,.T.);
#2582=ORIENTED_EDGE('',*,*,#1929,.F.);
#2583=ORIENTED_EDGE('',*,*,#1751,.T.);
#2584=ORIENTED_EDGE('',*,*,#1929,.T.);
#2585=ORIENTED_EDGE('',*,*,#1726,.T.);
#2586=ORIENTED_EDGE('',*,*,#1930,.F.);
#2587=ORIENTED_EDGE('',*,*,#1931,.F.);
#2588=ORIENTED_EDGE('',*,*,#1725,.T.);
#2589=ORIENTED_EDGE('',*,*,#1932,.F.);
#2590=ORIENTED_EDGE('',*,*,#1933,.T.);
#2591=ORIENTED_EDGE('',*,*,#1930,.T.);
#2592=ORIENTED_EDGE('',*,*,#1753,.T.);
#2593=ORIENTED_EDGE('',*,*,#1934,.T.);
#2594=ORIENTED_EDGE('',*,*,#1932,.T.);
#2595=ORIENTED_EDGE('',*,*,#1724,.T.);
#2596=ORIENTED_EDGE('',*,*,#1737,.F.);
#2597=ORIENTED_EDGE('',*,*,#1931,.T.);
#2598=ORIENTED_EDGE('',*,*,#1935,.T.);
#2599=ORIENTED_EDGE('',*,*,#1934,.F.);
#2600=ORIENTED_EDGE('',*,*,#1752,.F.);
#2601=ORIENTED_EDGE('',*,*,#1925,.T.);
#2602=ORIENTED_EDGE('',*,*,#1936,.T.);
#2603=ORIENTED_EDGE('',*,*,#1928,.F.);
#2604=ORIENTED_EDGE('',*,*,#1749,.F.);
#2605=ORIENTED_EDGE('',*,*,#1920,.T.);
#2606=ORIENTED_EDGE('',*,*,#1937,.T.);
#2607=ORIENTED_EDGE('',*,*,#1923,.F.);
#2608=ORIENTED_EDGE('',*,*,#1747,.F.);
#2609=ORIENTED_EDGE('',*,*,#1918,.F.);
#2610=ORIENTED_EDGE('',*,*,#1745,.F.);
#2611=ORIENTED_EDGE('',*,*,#1915,.T.);
#2612=ORIENTED_EDGE('',*,*,#1938,.T.);
#2613=ORIENTED_EDGE('',*,*,#1851,.T.);
#2614=ORIENTED_EDGE('',*,*,#1741,.F.);
#2615=ORIENTED_EDGE('',*,*,#1939,.F.);
#2616=ORIENTED_EDGE('',*,*,#1940,.F.);
#2617=ORIENTED_EDGE('',*,*,#1941,.F.);
#2618=ORIENTED_EDGE('',*,*,#1942,.T.);
#2619=ORIENTED_EDGE('',*,*,#1816,.T.);
#2620=ORIENTED_EDGE('',*,*,#1943,.F.);
#2621=ORIENTED_EDGE('',*,*,#1944,.F.);
#2622=ORIENTED_EDGE('',*,*,#1945,.F.);
#2623=ORIENTED_EDGE('',*,*,#1946,.T.);
#2624=ORIENTED_EDGE('',*,*,#1947,.T.);
#2625=ORIENTED_EDGE('',*,*,#1939,.T.);
#2626=ORIENTED_EDGE('',*,*,#1740,.F.);
#2627=ORIENTED_EDGE('',*,*,#1739,.F.);
#2628=ORIENTED_EDGE('',*,*,#1819,.T.);
#2629=ORIENTED_EDGE('',*,*,#1948,.F.);
#2630=ORIENTED_EDGE('',*,*,#1949,.F.);
#2631=ORIENTED_EDGE('',*,*,#1950,.T.);
#2632=ORIENTED_EDGE('',*,*,#1951,.F.);
#2633=ORIENTED_EDGE('',*,*,#1952,.F.);
#2634=ORIENTED_EDGE('',*,*,#1953,.F.);
#2635=ORIENTED_EDGE('',*,*,#1954,.F.);
#2636=ORIENTED_EDGE('',*,*,#1955,.F.);
#2637=ORIENTED_EDGE('',*,*,#1956,.F.);
#2638=ORIENTED_EDGE('',*,*,#1946,.F.);
#2639=ORIENTED_EDGE('',*,*,#1957,.T.);
#2640=ORIENTED_EDGE('',*,*,#1958,.T.);
#2641=ORIENTED_EDGE('',*,*,#1758,.F.);
#2642=ORIENTED_EDGE('',*,*,#1959,.T.);
#2643=ORIENTED_EDGE('',*,*,#1960,.T.);
#2644=ORIENTED_EDGE('',*,*,#1959,.F.);
#2645=ORIENTED_EDGE('',*,*,#1759,.F.);
#2646=ORIENTED_EDGE('',*,*,#1961,.T.);
#2647=ORIENTED_EDGE('',*,*,#1962,.T.);
#2648=ORIENTED_EDGE('',*,*,#1961,.F.);
#2649=ORIENTED_EDGE('',*,*,#1760,.F.);
#2650=ORIENTED_EDGE('',*,*,#1963,.T.);
#2651=ORIENTED_EDGE('',*,*,#1964,.T.);
#2652=ORIENTED_EDGE('',*,*,#1963,.F.);
#2653=ORIENTED_EDGE('',*,*,#1761,.F.);
#2654=ORIENTED_EDGE('',*,*,#1965,.T.);
#2655=ORIENTED_EDGE('',*,*,#1966,.T.);
#2656=ORIENTED_EDGE('',*,*,#1965,.F.);
#2657=ORIENTED_EDGE('',*,*,#1814,.T.);
#2658=ORIENTED_EDGE('',*,*,#1839,.T.);
#2659=ORIENTED_EDGE('',*,*,#1782,.T.);
#2660=ORIENTED_EDGE('',*,*,#1783,.F.);
#2661=ORIENTED_EDGE('',*,*,#1898,.F.);
#2662=ORIENTED_EDGE('',*,*,#1905,.F.);
#2663=ORIENTED_EDGE('',*,*,#1967,.T.);
#2664=ORIENTED_EDGE('',*,*,#1968,.T.);
#2665=ORIENTED_EDGE('',*,*,#1969,.T.);
#2666=ORIENTED_EDGE('',*,*,#1970,.F.);
#2667=ORIENTED_EDGE('',*,*,#1971,.T.);
#2668=ORIENTED_EDGE('',*,*,#1972,.F.);
#2669=ORIENTED_EDGE('',*,*,#1973,.T.);
#2670=ORIENTED_EDGE('',*,*,#1974,.T.);
#2671=ORIENTED_EDGE('',*,*,#1975,.T.);
#2672=ORIENTED_EDGE('',*,*,#1780,.F.);
#2673=ORIENTED_EDGE('',*,*,#1976,.T.);
#2674=ORIENTED_EDGE('',*,*,#1785,.T.);
#2675=ORIENTED_EDGE('',*,*,#1977,.F.);
#2676=ORIENTED_EDGE('',*,*,#1978,.F.);
#2677=ORIENTED_EDGE('',*,*,#1979,.F.);
#2678=ORIENTED_EDGE('',*,*,#1980,.F.);
#2679=ORIENTED_EDGE('',*,*,#1981,.T.);
#2680=ORIENTED_EDGE('',*,*,#1788,.T.);
#2681=ORIENTED_EDGE('',*,*,#1982,.F.);
#2682=ORIENTED_EDGE('',*,*,#1983,.F.);
#2683=ORIENTED_EDGE('',*,*,#1979,.T.);
#2684=ORIENTED_EDGE('',*,*,#1795,.T.);
#2685=ORIENTED_EDGE('',*,*,#1984,.F.);
#2686=ORIENTED_EDGE('',*,*,#1985,.F.);
#2687=ORIENTED_EDGE('',*,*,#1982,.T.);
#2688=ORIENTED_EDGE('',*,*,#1794,.T.);
#2689=ORIENTED_EDGE('',*,*,#1984,.T.);
#2690=ORIENTED_EDGE('',*,*,#1793,.F.);
#2691=ORIENTED_EDGE('',*,*,#1986,.F.);
#2692=ORIENTED_EDGE('',*,*,#1987,.T.);
#2693=ORIENTED_EDGE('',*,*,#1988,.F.);
#2694=ORIENTED_EDGE('',*,*,#1989,.F.);
#2695=ORIENTED_EDGE('',*,*,#1986,.T.);
#2696=ORIENTED_EDGE('',*,*,#1792,.T.);
#2697=ORIENTED_EDGE('',*,*,#1988,.T.);
#2698=ORIENTED_EDGE('',*,*,#1791,.F.);
#2699=ORIENTED_EDGE('',*,*,#1990,.F.);
#2700=ORIENTED_EDGE('',*,*,#1991,.T.);
#2701=ORIENTED_EDGE('',*,*,#1992,.F.);
#2702=ORIENTED_EDGE('',*,*,#1993,.F.);
#2703=ORIENTED_EDGE('',*,*,#1990,.T.);
#2704=ORIENTED_EDGE('',*,*,#1790,.T.);
#2705=ORIENTED_EDGE('',*,*,#1981,.F.);
#2706=ORIENTED_EDGE('',*,*,#1994,.F.);
#2707=ORIENTED_EDGE('',*,*,#1992,.T.);
#2708=ORIENTED_EDGE('',*,*,#1789,.T.);
#2709=ORIENTED_EDGE('',*,*,#1995,.F.);
#2710=ORIENTED_EDGE('',*,*,#1949,.T.);
#2711=ORIENTED_EDGE('',*,*,#1977,.T.);
#2712=ORIENTED_EDGE('',*,*,#1802,.F.);
#2713=ORIENTED_EDGE('',*,*,#1995,.T.);
#2714=ORIENTED_EDGE('',*,*,#1801,.T.);
#2715=ORIENTED_EDGE('',*,*,#1996,.F.);
#2716=ORIENTED_EDGE('',*,*,#1950,.F.);
#2717=ORIENTED_EDGE('',*,*,#1997,.F.);
#2718=ORIENTED_EDGE('',*,*,#1951,.T.);
#2719=ORIENTED_EDGE('',*,*,#1996,.T.);
#2720=ORIENTED_EDGE('',*,*,#1800,.F.);
#2721=ORIENTED_EDGE('',*,*,#1998,.F.);
#2722=ORIENTED_EDGE('',*,*,#1952,.T.);
#2723=ORIENTED_EDGE('',*,*,#1997,.T.);
#2724=ORIENTED_EDGE('',*,*,#1799,.F.);
#2725=ORIENTED_EDGE('',*,*,#1999,.F.);
#2726=ORIENTED_EDGE('',*,*,#1953,.T.);
#2727=ORIENTED_EDGE('',*,*,#1998,.T.);
#2728=ORIENTED_EDGE('',*,*,#1798,.F.);
#2729=ORIENTED_EDGE('',*,*,#2000,.F.);
#2730=ORIENTED_EDGE('',*,*,#1954,.T.);
#2731=ORIENTED_EDGE('',*,*,#1999,.T.);
#2732=ORIENTED_EDGE('',*,*,#1797,.F.);
#2733=ORIENTED_EDGE('',*,*,#1976,.F.);
#2734=ORIENTED_EDGE('',*,*,#1955,.T.);
#2735=ORIENTED_EDGE('',*,*,#2000,.T.);
#2736=ORIENTED_EDGE('',*,*,#1796,.F.);
#2737=ORIENTED_EDGE('',*,*,#1956,.T.);
#2738=ORIENTED_EDGE('',*,*,#1978,.T.);
#2739=ORIENTED_EDGE('',*,*,#1948,.T.);
#2740=ORIENTED_EDGE('',*,*,#1808,.T.);
#2741=ORIENTED_EDGE('',*,*,#2001,.F.);
#2742=ORIENTED_EDGE('',*,*,#2002,.F.);
#2743=ORIENTED_EDGE('',*,*,#2003,.T.);
#2744=ORIENTED_EDGE('',*,*,#2004,.T.);
#2745=ORIENTED_EDGE('',*,*,#1980,.T.);
#2746=ORIENTED_EDGE('',*,*,#1983,.T.);
#2747=ORIENTED_EDGE('',*,*,#1985,.T.);
#2748=ORIENTED_EDGE('',*,*,#1987,.F.);
#2749=ORIENTED_EDGE('',*,*,#1989,.T.);
#2750=ORIENTED_EDGE('',*,*,#1991,.F.);
#2751=ORIENTED_EDGE('',*,*,#1993,.T.);
#2752=ORIENTED_EDGE('',*,*,#1994,.T.);
#2753=ORIENTED_EDGE('',*,*,#2005,.F.);
#2754=ORIENTED_EDGE('',*,*,#2001,.T.);
#2755=ORIENTED_EDGE('',*,*,#1811,.T.);
#2756=ORIENTED_EDGE('',*,*,#1813,.T.);
#2757=ORIENTED_EDGE('',*,*,#1818,.T.);
#2758=ORIENTED_EDGE('',*,*,#2006,.F.);
#2759=ORIENTED_EDGE('',*,*,#2007,.T.);
#2760=ORIENTED_EDGE('',*,*,#2008,.T.);
#2761=ORIENTED_EDGE('',*,*,#2009,.F.);
#2762=ORIENTED_EDGE('',*,*,#2010,.F.);
#2763=ORIENTED_EDGE('',*,*,#2011,.F.);
#2764=ORIENTED_EDGE('',*,*,#2012,.T.);
#2765=ORIENTED_EDGE('',*,*,#2013,.F.);
#2766=ORIENTED_EDGE('',*,*,#2014,.T.);
#2767=ORIENTED_EDGE('',*,*,#2015,.F.);
#2768=ORIENTED_EDGE('',*,*,#2016,.F.);
#2769=ORIENTED_EDGE('',*,*,#1817,.F.);
#2770=ORIENTED_EDGE('',*,*,#1942,.F.);
#2771=ORIENTED_EDGE('',*,*,#2017,.F.);
#2772=ORIENTED_EDGE('',*,*,#2006,.T.);
#2773=ORIENTED_EDGE('',*,*,#1815,.T.);
#2774=ORIENTED_EDGE('',*,*,#1910,.T.);
#2775=ORIENTED_EDGE('',*,*,#1848,.F.);
#2776=ORIENTED_EDGE('',*,*,#1849,.F.);
#2777=ORIENTED_EDGE('',*,*,#1820,.F.);
#2778=ORIENTED_EDGE('',*,*,#2018,.T.);
#2779=ORIENTED_EDGE('',*,*,#2019,.T.);
#2780=ORIENTED_EDGE('',*,*,#1824,.F.);
#2781=ORIENTED_EDGE('',*,*,#1822,.F.);
#2782=ORIENTED_EDGE('',*,*,#2020,.T.);
#2783=ORIENTED_EDGE('',*,*,#2021,.T.);
#2784=ORIENTED_EDGE('',*,*,#2022,.F.);
#2785=ORIENTED_EDGE('',*,*,#1825,.T.);
#2786=ORIENTED_EDGE('',*,*,#2019,.F.);
#2787=ORIENTED_EDGE('',*,*,#1827,.F.);
#2788=ORIENTED_EDGE('',*,*,#2023,.F.);
#2789=ORIENTED_EDGE('',*,*,#2021,.F.);
#2790=ORIENTED_EDGE('',*,*,#2022,.T.);
#2791=ORIENTED_EDGE('',*,*,#2023,.T.);
#2792=ORIENTED_EDGE('',*,*,#1826,.T.);
#2793=ORIENTED_EDGE('',*,*,#2024,.T.);
#2794=ORIENTED_EDGE('',*,*,#1830,.F.);
#2795=ORIENTED_EDGE('',*,*,#1828,.F.);
#2796=ORIENTED_EDGE('',*,*,#2025,.T.);
#2797=ORIENTED_EDGE('',*,*,#2026,.T.);
#2798=ORIENTED_EDGE('',*,*,#2027,.F.);
#2799=ORIENTED_EDGE('',*,*,#1831,.T.);
#2800=ORIENTED_EDGE('',*,*,#2024,.F.);
#2801=ORIENTED_EDGE('',*,*,#1833,.F.);
#2802=ORIENTED_EDGE('',*,*,#2028,.F.);
#2803=ORIENTED_EDGE('',*,*,#2026,.F.);
#2804=ORIENTED_EDGE('',*,*,#2027,.T.);
#2805=ORIENTED_EDGE('',*,*,#2028,.T.);
#2806=ORIENTED_EDGE('',*,*,#1832,.T.);
#2807=ORIENTED_EDGE('',*,*,#1975,.F.);
#2808=ORIENTED_EDGE('',*,*,#1838,.F.);
#2809=ORIENTED_EDGE('',*,*,#1835,.F.);
#2810=ORIENTED_EDGE('',*,*,#1845,.T.);
#2811=ORIENTED_EDGE('',*,*,#1909,.T.);
#2812=ORIENTED_EDGE('',*,*,#2029,.F.);
#2813=ORIENTED_EDGE('',*,*,#2030,.F.);
#2814=ORIENTED_EDGE('',*,*,#1836,.F.);
#2815=ORIENTED_EDGE('',*,*,#2031,.T.);
#2816=ORIENTED_EDGE('',*,*,#2032,.T.);
#2817=ORIENTED_EDGE('',*,*,#1842,.F.);
#2818=ORIENTED_EDGE('',*,*,#1843,.F.);
#2819=ORIENTED_EDGE('',*,*,#2032,.F.);
#2820=ORIENTED_EDGE('',*,*,#1852,.F.);
#2821=ORIENTED_EDGE('',*,*,#2033,.F.);
#2822=ORIENTED_EDGE('',*,*,#1888,.F.);
#2823=ORIENTED_EDGE('',*,*,#2034,.T.);
#2824=ORIENTED_EDGE('',*,*,#2035,.F.);
#2825=ORIENTED_EDGE('',*,*,#1889,.T.);
#2826=ORIENTED_EDGE('',*,*,#2033,.T.);
#2827=ORIENTED_EDGE('',*,*,#1857,.F.);
#2828=ORIENTED_EDGE('',*,*,#1856,.F.);
#2829=ORIENTED_EDGE('',*,*,#2036,.F.);
#2830=ORIENTED_EDGE('',*,*,#1873,.T.);
#2831=ORIENTED_EDGE('',*,*,#1890,.T.);
#2832=ORIENTED_EDGE('',*,*,#2035,.T.);
#2833=ORIENTED_EDGE('',*,*,#2037,.F.);
#2834=ORIENTED_EDGE('',*,*,#1874,.T.);
#2835=ORIENTED_EDGE('',*,*,#2036,.T.);
#2836=ORIENTED_EDGE('',*,*,#1855,.F.);
#2837=ORIENTED_EDGE('',*,*,#1854,.F.);
#2838=ORIENTED_EDGE('',*,*,#2038,.F.);
#2839=ORIENTED_EDGE('',*,*,#1886,.F.);
#2840=ORIENTED_EDGE('',*,*,#1875,.T.);
#2841=ORIENTED_EDGE('',*,*,#2037,.T.);
#2842=ORIENTED_EDGE('',*,*,#2034,.F.);
#2843=ORIENTED_EDGE('',*,*,#1887,.T.);
#2844=ORIENTED_EDGE('',*,*,#2038,.T.);
#2845=ORIENTED_EDGE('',*,*,#1853,.F.);
#2846=ORIENTED_EDGE('',*,*,#1858,.F.);
#2847=ORIENTED_EDGE('',*,*,#2039,.F.);
#2848=ORIENTED_EDGE('',*,*,#1900,.T.);
#2849=ORIENTED_EDGE('',*,*,#2040,.T.);
#2850=ORIENTED_EDGE('',*,*,#2041,.F.);
#2851=ORIENTED_EDGE('',*,*,#1892,.T.);
#2852=ORIENTED_EDGE('',*,*,#1901,.T.);
#2853=ORIENTED_EDGE('',*,*,#2039,.T.);
#2854=ORIENTED_EDGE('',*,*,#1863,.F.);
#2855=ORIENTED_EDGE('',*,*,#1862,.F.);
#2856=ORIENTED_EDGE('',*,*,#2042,.F.);
#2857=ORIENTED_EDGE('',*,*,#1893,.T.);
#2858=ORIENTED_EDGE('',*,*,#2041,.T.);
#2859=ORIENTED_EDGE('',*,*,#2043,.F.);
#2860=ORIENTED_EDGE('',*,*,#1894,.T.);
#2861=ORIENTED_EDGE('',*,*,#2042,.T.);
#2862=ORIENTED_EDGE('',*,*,#1861,.F.);
#2863=ORIENTED_EDGE('',*,*,#1860,.F.);
#2864=ORIENTED_EDGE('',*,*,#2044,.F.);
#2865=ORIENTED_EDGE('',*,*,#1895,.F.);
#2866=ORIENTED_EDGE('',*,*,#2043,.T.);
#2867=ORIENTED_EDGE('',*,*,#2040,.F.);
#2868=ORIENTED_EDGE('',*,*,#1899,.T.);
#2869=ORIENTED_EDGE('',*,*,#1896,.T.);
#2870=ORIENTED_EDGE('',*,*,#2044,.T.);
#2871=ORIENTED_EDGE('',*,*,#1859,.F.);
#2872=ORIENTED_EDGE('',*,*,#1864,.F.);
#2873=ORIENTED_EDGE('',*,*,#2045,.F.);
#2874=ORIENTED_EDGE('',*,*,#1883,.F.);
#2875=ORIENTED_EDGE('',*,*,#1881,.T.);
#2876=ORIENTED_EDGE('',*,*,#2046,.T.);
#2877=ORIENTED_EDGE('',*,*,#2047,.F.);
#2878=ORIENTED_EDGE('',*,*,#1884,.T.);
#2879=ORIENTED_EDGE('',*,*,#2045,.T.);
#2880=ORIENTED_EDGE('',*,*,#1869,.F.);
#2881=ORIENTED_EDGE('',*,*,#1868,.F.);
#2882=ORIENTED_EDGE('',*,*,#2048,.F.);
#2883=ORIENTED_EDGE('',*,*,#1877,.T.);
#2884=ORIENTED_EDGE('',*,*,#1885,.T.);
#2885=ORIENTED_EDGE('',*,*,#2047,.T.);
#2886=ORIENTED_EDGE('',*,*,#2049,.F.);
#2887=ORIENTED_EDGE('',*,*,#1878,.T.);
#2888=ORIENTED_EDGE('',*,*,#2048,.T.);
#2889=ORIENTED_EDGE('',*,*,#1867,.F.);
#2890=ORIENTED_EDGE('',*,*,#1866,.F.);
#2891=ORIENTED_EDGE('',*,*,#2050,.F.);
#2892=ORIENTED_EDGE('',*,*,#1879,.T.);
#2893=ORIENTED_EDGE('',*,*,#2049,.T.);
#2894=ORIENTED_EDGE('',*,*,#2046,.F.);
#2895=ORIENTED_EDGE('',*,*,#1880,.T.);
#2896=ORIENTED_EDGE('',*,*,#2050,.T.);
#2897=ORIENTED_EDGE('',*,*,#1865,.F.);
#2898=ORIENTED_EDGE('',*,*,#1903,.F.);
#2899=ORIENTED_EDGE('',*,*,#2051,.T.);
#2900=ORIENTED_EDGE('',*,*,#1908,.T.);
#2901=ORIENTED_EDGE('',*,*,#2052,.F.);
#2902=ORIENTED_EDGE('',*,*,#1906,.F.);
#2903=ORIENTED_EDGE('',*,*,#2051,.F.);
#2904=ORIENTED_EDGE('',*,*,#2053,.F.);
#2905=ORIENTED_EDGE('',*,*,#2054,.F.);
#2906=ORIENTED_EDGE('',*,*,#2055,.T.);
#2907=ORIENTED_EDGE('',*,*,#1911,.T.);
#2908=ORIENTED_EDGE('',*,*,#2030,.T.);
#2909=ORIENTED_EDGE('',*,*,#2029,.T.);
#2910=ORIENTED_EDGE('',*,*,#2052,.T.);
#2911=ORIENTED_EDGE('',*,*,#1912,.T.);
#2912=ORIENTED_EDGE('',*,*,#2055,.F.);
#2913=ORIENTED_EDGE('',*,*,#1917,.F.);
#2914=ORIENTED_EDGE('',*,*,#1938,.F.);
#2915=ORIENTED_EDGE('',*,*,#1962,.F.);
#2916=ORIENTED_EDGE('',*,*,#1922,.F.);
#2917=ORIENTED_EDGE('',*,*,#1937,.F.);
#2918=ORIENTED_EDGE('',*,*,#1966,.F.);
#2919=ORIENTED_EDGE('',*,*,#1927,.F.);
#2920=ORIENTED_EDGE('',*,*,#1936,.F.);
#2921=ORIENTED_EDGE('',*,*,#1960,.F.);
#2922=ORIENTED_EDGE('',*,*,#1933,.F.);
#2923=ORIENTED_EDGE('',*,*,#1935,.F.);
#2924=ORIENTED_EDGE('',*,*,#1964,.F.);
#2925=ORIENTED_EDGE('',*,*,#2005,.T.);
#2926=ORIENTED_EDGE('',*,*,#2017,.T.);
#2927=ORIENTED_EDGE('',*,*,#1941,.T.);
#2928=ORIENTED_EDGE('',*,*,#2056,.F.);
#2929=ORIENTED_EDGE('',*,*,#2002,.T.);
#2930=ORIENTED_EDGE('',*,*,#2056,.T.);
#2931=ORIENTED_EDGE('',*,*,#1940,.T.);
#2932=ORIENTED_EDGE('',*,*,#1947,.F.);
#2933=ORIENTED_EDGE('',*,*,#2057,.T.);
#2934=ORIENTED_EDGE('',*,*,#2058,.T.);
#2935=ORIENTED_EDGE('',*,*,#1943,.T.);
#2936=ORIENTED_EDGE('',*,*,#2058,.F.);
#2937=ORIENTED_EDGE('',*,*,#2059,.T.);
#2938=ORIENTED_EDGE('',*,*,#2060,.T.);
#2939=ORIENTED_EDGE('',*,*,#1944,.T.);
#2940=ORIENTED_EDGE('',*,*,#2060,.F.);
#2941=ORIENTED_EDGE('',*,*,#2061,.T.);
#2942=ORIENTED_EDGE('',*,*,#2062,.F.);
#2943=ORIENTED_EDGE('',*,*,#2063,.F.);
#2944=ORIENTED_EDGE('',*,*,#2064,.T.);
#2945=ORIENTED_EDGE('',*,*,#2065,.T.);
#2946=ORIENTED_EDGE('',*,*,#2066,.T.);
#2947=ORIENTED_EDGE('',*,*,#1945,.T.);
#2948=ORIENTED_EDGE('',*,*,#2066,.F.);
#2949=ORIENTED_EDGE('',*,*,#2067,.T.);
#2950=ORIENTED_EDGE('',*,*,#2068,.F.);
#2951=ORIENTED_EDGE('',*,*,#2069,.F.);
#2952=ORIENTED_EDGE('',*,*,#2070,.T.);
#2953=ORIENTED_EDGE('',*,*,#1957,.F.);
#2954=ORIENTED_EDGE('',*,*,#2071,.T.);
#2955=ORIENTED_EDGE('',*,*,#2072,.T.);
#2956=ORIENTED_EDGE('',*,*,#2071,.F.);
#2957=ORIENTED_EDGE('',*,*,#1958,.F.);
#2958=ORIENTED_EDGE('',*,*,#2073,.T.);
#2959=ORIENTED_EDGE('',*,*,#2074,.T.);
#2960=ORIENTED_EDGE('',*,*,#2073,.F.);
#2961=ORIENTED_EDGE('',*,*,#2075,.F.);
#2962=ORIENTED_EDGE('',*,*,#2009,.T.);
#2963=ORIENTED_EDGE('',*,*,#2076,.T.);
#2964=ORIENTED_EDGE('',*,*,#1967,.F.);
#2965=ORIENTED_EDGE('',*,*,#2077,.F.);
#2966=ORIENTED_EDGE('',*,*,#2010,.T.);
#2967=ORIENTED_EDGE('',*,*,#2075,.T.);
#2968=ORIENTED_EDGE('',*,*,#1974,.F.);
#2969=ORIENTED_EDGE('',*,*,#2077,.T.);
#2970=ORIENTED_EDGE('',*,*,#1973,.F.);
#2971=ORIENTED_EDGE('',*,*,#2078,.F.);
#2972=ORIENTED_EDGE('',*,*,#2011,.T.);
#2973=ORIENTED_EDGE('',*,*,#2078,.T.);
#2974=ORIENTED_EDGE('',*,*,#1972,.T.);
#2975=ORIENTED_EDGE('',*,*,#2079,.F.);
#2976=ORIENTED_EDGE('',*,*,#2012,.F.);
#2977=ORIENTED_EDGE('',*,*,#2079,.T.);
#2978=ORIENTED_EDGE('',*,*,#1971,.F.);
#2979=ORIENTED_EDGE('',*,*,#2080,.F.);
#2980=ORIENTED_EDGE('',*,*,#2013,.T.);
#2981=ORIENTED_EDGE('',*,*,#2080,.T.);
#2982=ORIENTED_EDGE('',*,*,#1970,.T.);
#2983=ORIENTED_EDGE('',*,*,#2081,.F.);
#2984=ORIENTED_EDGE('',*,*,#2014,.F.);
#2985=ORIENTED_EDGE('',*,*,#2082,.F.);
#2986=ORIENTED_EDGE('',*,*,#2015,.T.);
#2987=ORIENTED_EDGE('',*,*,#2081,.T.);
#2988=ORIENTED_EDGE('',*,*,#1969,.F.);
#2989=ORIENTED_EDGE('',*,*,#2076,.F.);
#2990=ORIENTED_EDGE('',*,*,#2016,.T.);
#2991=ORIENTED_EDGE('',*,*,#2082,.T.);
#2992=ORIENTED_EDGE('',*,*,#1968,.F.);
#2993=ORIENTED_EDGE('',*,*,#2003,.F.);
#2994=ORIENTED_EDGE('',*,*,#2083,.T.);
#2995=ORIENTED_EDGE('',*,*,#2084,.F.);
#2996=ORIENTED_EDGE('',*,*,#2083,.F.);
#2997=ORIENTED_EDGE('',*,*,#2004,.F.);
#2998=ORIENTED_EDGE('',*,*,#2085,.T.);
#2999=ORIENTED_EDGE('',*,*,#2018,.F.);
#3000=ORIENTED_EDGE('',*,*,#2085,.F.);
#3001=ORIENTED_EDGE('',*,*,#2007,.F.);
#3002=ORIENTED_EDGE('',*,*,#2086,.T.);
#3003=ORIENTED_EDGE('',*,*,#2087,.T.);
#3004=ORIENTED_EDGE('',*,*,#2086,.F.);
#3005=ORIENTED_EDGE('',*,*,#2008,.F.);
#3006=ORIENTED_EDGE('',*,*,#2088,.T.);
#3007=ORIENTED_EDGE('',*,*,#2089,.T.);
#3008=ORIENTED_EDGE('',*,*,#2088,.F.);
#3009=ORIENTED_EDGE('',*,*,#2020,.F.);
#3010=ORIENTED_EDGE('',*,*,#2089,.F.);
#3011=ORIENTED_EDGE('',*,*,#2025,.F.);
#3012=ORIENTED_EDGE('',*,*,#2074,.F.);
#3013=ORIENTED_EDGE('',*,*,#2031,.F.);
#3014=ORIENTED_EDGE('',*,*,#2090,.F.);
#3015=ORIENTED_EDGE('',*,*,#2091,.T.);
#3016=ORIENTED_EDGE('',*,*,#2092,.T.);
#3017=ORIENTED_EDGE('',*,*,#2053,.T.);
#3018=ORIENTED_EDGE('',*,*,#2054,.T.);
#3019=ORIENTED_EDGE('',*,*,#2092,.F.);
#3020=ORIENTED_EDGE('',*,*,#2057,.F.);
#3021=ORIENTED_EDGE('',*,*,#2084,.T.);
#3022=ORIENTED_EDGE('',*,*,#2093,.T.);
#3023=ORIENTED_EDGE('',*,*,#2061,.F.);
#3024=ORIENTED_EDGE('',*,*,#2059,.F.);
#3025=ORIENTED_EDGE('',*,*,#2094,.T.);
#3026=ORIENTED_EDGE('',*,*,#2095,.T.);
#3027=ORIENTED_EDGE('',*,*,#2096,.F.);
#3028=ORIENTED_EDGE('',*,*,#2062,.T.);
#3029=ORIENTED_EDGE('',*,*,#2093,.F.);
#3030=ORIENTED_EDGE('',*,*,#2064,.F.);
#3031=ORIENTED_EDGE('',*,*,#2097,.F.);
#3032=ORIENTED_EDGE('',*,*,#2095,.F.);
#3033=ORIENTED_EDGE('',*,*,#2096,.T.);
#3034=ORIENTED_EDGE('',*,*,#2097,.T.);
#3035=ORIENTED_EDGE('',*,*,#2063,.T.);
#3036=ORIENTED_EDGE('',*,*,#2098,.T.);
#3037=ORIENTED_EDGE('',*,*,#2067,.F.);
#3038=ORIENTED_EDGE('',*,*,#2065,.F.);
#3039=ORIENTED_EDGE('',*,*,#2099,.T.);
#3040=ORIENTED_EDGE('',*,*,#2100,.T.);
#3041=ORIENTED_EDGE('',*,*,#2101,.F.);
#3042=ORIENTED_EDGE('',*,*,#2068,.T.);
#3043=ORIENTED_EDGE('',*,*,#2098,.F.);
#3044=ORIENTED_EDGE('',*,*,#2070,.F.);
#3045=ORIENTED_EDGE('',*,*,#2102,.F.);
#3046=ORIENTED_EDGE('',*,*,#2100,.F.);
#3047=ORIENTED_EDGE('',*,*,#2101,.T.);
#3048=ORIENTED_EDGE('',*,*,#2102,.T.);
#3049=ORIENTED_EDGE('',*,*,#2069,.T.);
#3050=ORIENTED_EDGE('',*,*,#2094,.F.);
#3051=ORIENTED_EDGE('',*,*,#2072,.F.);
#3052=ORIENTED_EDGE('',*,*,#2099,.F.);
#3053=ORIENTED_EDGE('',*,*,#2087,.F.);
#3054=ORIENTED_EDGE('',*,*,#2103,.F.);
#3055=ORIENTED_EDGE('',*,*,#2104,.T.);
#3056=ORIENTED_EDGE('',*,*,#2090,.T.);
#3057=ORIENTED_EDGE('',*,*,#2104,.F.);
#3058=ORIENTED_EDGE('',*,*,#2091,.F.);
#3059=ORIENTED_EDGE('',*,*,#2105,.F.);
#3060=ORIENTED_EDGE('',*,*,#2103,.T.);
#3061=ORIENTED_EDGE('',*,*,#2106,.T.);
#3062=ORIENTED_EDGE('',*,*,#2107,.F.);
#3063=ORIENTED_EDGE('',*,*,#2106,.F.);
#3064=ORIENTED_EDGE('',*,*,#2105,.T.);
#3065=ORIENTED_EDGE('',*,*,#2108,.T.);
#3066=ORIENTED_EDGE('',*,*,#2107,.T.);
#3067=ORIENTED_EDGE('',*,*,#2109,.F.);
#3068=ORIENTED_EDGE('',*,*,#2110,.T.);
#3069=ORIENTED_EDGE('',*,*,#2111,.T.);
#3070=ORIENTED_EDGE('',*,*,#2108,.F.);
#3071=ORIENTED_EDGE('',*,*,#2111,.F.);
#3072=ORIENTED_EDGE('',*,*,#2109,.T.);
#3073=ORIENTED_EDGE('',*,*,#2112,.F.);
#3074=ORIENTED_EDGE('',*,*,#2110,.F.);
#3075=ORIENTED_EDGE('',*,*,#2113,.T.);
#3076=ORIENTED_EDGE('',*,*,#2112,.T.);
#3077=ORIENTED_EDGE('',*,*,#2114,.T.);
#3078=ORIENTED_EDGE('',*,*,#2115,.F.);
#3079=ORIENTED_EDGE('',*,*,#2114,.F.);
#3080=ORIENTED_EDGE('',*,*,#2113,.F.);
#3081=ORIENTED_EDGE('',*,*,#2115,.T.);
#3082=PLANE('',#3378);
#3083=PLANE('',#3379);
#3084=PLANE('',#3391);
#3085=PLANE('',#3397);
#3086=PLANE('',#3402);
#3087=PLANE('',#3406);
#3088=PLANE('',#3407);
#3089=PLANE('',#3410);
#3090=PLANE('',#3411);
#3091=PLANE('',#3416);
#3092=PLANE('',#3417);
#3093=PLANE('',#3426);
#3094=PLANE('',#3428);
#3095=PLANE('',#3429);
#3096=PLANE('',#3431);
#3097=PLANE('',#3434);
#3098=PLANE('',#3437);
#3099=PLANE('',#3439);
#3100=PLANE('',#3441);
#3101=PLANE('',#3443);
#3102=PLANE('',#3444);
#3103=PLANE('',#3449);
#3104=PLANE('',#3454);
#3105=PLANE('',#3455);
#3106=PLANE('',#3456);
#3107=PLANE('',#3457);
#3108=PLANE('',#3458);
#3109=PLANE('',#3459);
#3110=PLANE('',#3470);
#3111=PLANE('',#3475);
#3112=PLANE('',#3476);
#3113=PLANE('',#3477);
#3114=PLANE('',#3487);
#3115=PLANE('',#3488);
#3116=PLANE('',#3492);
#3117=PLANE('',#3499);
#3118=PLANE('',#3502);
#3119=PLANE('',#3503);
#3120=PLANE('',#3506);
#3121=PLANE('',#3507);
#3122=PLANE('',#3508);
#3123=PLANE('',#3511);
#3124=PLANE('',#3514);
#3125=PLANE('',#3517);
#3126=PLANE('',#3518);
#3127=PLANE('',#3521);
#3128=PLANE('',#3530);
#3129=PLANE('',#3534);
#3130=PLANE('',#3535);
#3131=PLANE('',#3550);
#3132=PLANE('',#3555);
#3133=PLANE('',#3557);
#3134=PLANE('',#3560);
#3135=PLANE('',#3563);
#3136=PLANE('',#3566);
#3137=PLANE('',#3569);
#3138=PLANE('',#3571);
#3139=PLANE('',#3573);
#3140=PLANE('',#3575);
#3141=PLANE('',#3577);
#3142=PLANE('',#3580);
#3143=PLANE('',#3587);
#3144=PLANE('',#3588);
#3145=PLANE('',#3589);
#3146=PLANE('',#3591);
#3147=PLANE('',#3597);
#3148=PLANE('',#3598);
#3149=PLANE('',#3604);
#3150=PLANE('',#3606);
#3151=PLANE('',#3608);
#3152=PLANE('',#3612);
#3153=PLANE('',#3614);
#3154=PLANE('',#3616);
#3155=PLANE('',#3618);
#3156=PLANE('',#3620);
#3157=PLANE('',#3622);
#3158=PLANE('',#3624);
#3159=PLANE('',#3626);
#3160=PLANE('',#3628);
#3161=PLANE('',#3630);
#3162=PLANE('',#3632);
#3163=PLANE('',#3638);
#3164=PLANE('',#3639);
#3165=PLANE('',#3640);
#3166=PLANE('',#3641);
#3167=PLANE('',#3642);
#3168=PLANE('',#3643);
#3169=PLANE('',#3659);
#3170=PLANE('',#3661);
#3171=PLANE('',#3663);
#3172=PLANE('',#3665);
#3173=PLANE('',#3673);
#3174=PLANE('',#3674);
#3175=PLANE('',#3675);
#3176=PLANE('',#3679);
#3177=PLANE('',#3680);
#3178=PLANE('',#3686);
#3179=PLANE('',#3687);
#3180=PLANE('',#3693);
#3181=PLANE('',#3694);
#3182=PLANE('',#3695);
#3183=PLANE('',#3698);
#3184=PLANE('',#3702);
#3185=PLANE('',#3704);
#3186=PLANE('',#3708);
#3187=PLANE('',#3710);
#3188=PLANE('',#3714);
#3189=ADVANCED_FACE('',(#291),#3082,.F.);
#3190=ADVANCED_FACE('',(#292,#85,#86,#87),#3083,.F.);
#3191=ADVANCED_FACE('',(#293),#22,.F.);
#3192=ADVANCED_FACE('',(#294),#3084,.F.);
#3193=ADVANCED_FACE('',(#295),#3085,.F.);
#3194=ADVANCED_FACE('',(#296),#23,.F.);
#3195=ADVANCED_FACE('',(#297,#88,#89,#90),#3086,.F.);
#3196=ADVANCED_FACE('',(#298),#3087,.T.);
#3197=ADVANCED_FACE('',(#299),#3088,.F.);
#3198=ADVANCED_FACE('',(#300),#3089,.F.);
#3199=ADVANCED_FACE('',(#301),#3090,.F.);
#3200=ADVANCED_FACE('',(#302),#3091,.F.);
#3201=ADVANCED_FACE('',(#303,#91,#92,#93,#94,#95),#3092,.T.);
#3202=ADVANCED_FACE('',(#304),#3093,.F.);
#3203=ADVANCED_FACE('',(#305),#24,.F.);
#3204=ADVANCED_FACE('',(#306),#3094,.F.);
#3205=ADVANCED_FACE('',(#307),#3095,.F.);
#3206=ADVANCED_FACE('',(#308),#25,.F.);
#3207=ADVANCED_FACE('',(#309),#3096,.F.);
#3208=ADVANCED_FACE('',(#310),#26,.F.);
#3209=ADVANCED_FACE('',(#311),#3097,.F.);
#3210=ADVANCED_FACE('',(#312),#27,.F.);
#3211=ADVANCED_FACE('',(#313),#3098,.F.);
#3212=ADVANCED_FACE('',(#314),#28,.F.);
#3213=ADVANCED_FACE('',(#315),#3099,.F.);
#3214=ADVANCED_FACE('',(#316),#29,.F.);
#3215=ADVANCED_FACE('',(#317),#3100,.F.);
#3216=ADVANCED_FACE('',(#318),#30,.F.);
#3217=ADVANCED_FACE('',(#319),#3101,.F.);
#3218=ADVANCED_FACE('',(#320,#96),#3102,.F.);
#3219=ADVANCED_FACE('',(#321),#3103,.F.);
#3220=ADVANCED_FACE('',(#322),#3104,.F.);
#3221=ADVANCED_FACE('',(#323),#3105,.F.);
#3222=ADVANCED_FACE('',(#324),#3106,.F.);
#3223=ADVANCED_FACE('',(#325),#3107,.F.);
#3224=ADVANCED_FACE('',(#326),#3108,.F.);
#3225=ADVANCED_FACE('',(#327),#3109,.F.);
#3226=ADVANCED_FACE('',(#328),#31,.F.);
#3227=ADVANCED_FACE('',(#329),#32,.F.);
#3228=ADVANCED_FACE('',(#330),#33,.F.);
#3229=ADVANCED_FACE('',(#331),#3110,.F.);
#3230=ADVANCED_FACE('',(#332),#15,.T.);
#3231=ADVANCED_FACE('',(#333),#3111,.F.);
#3232=ADVANCED_FACE('',(#334),#3112,.F.);
#3233=ADVANCED_FACE('',(#335,#97,#98,#99),#3113,.F.);
#3234=ADVANCED_FACE('',(#336),#3114,.F.);
#3235=ADVANCED_FACE('',(#337),#3115,.F.);
#3236=ADVANCED_FACE('',(#338),#3116,.F.);
#3237=ADVANCED_FACE('',(#339),#3117,.F.);
#3238=ADVANCED_FACE('',(#340),#3118,.F.);
#3239=ADVANCED_FACE('',(#341),#3119,.T.);
#3240=ADVANCED_FACE('',(#342),#3120,.T.);
#3241=ADVANCED_FACE('',(#343),#3121,.F.);
#3242=ADVANCED_FACE('',(#344),#3122,.F.);
#3243=ADVANCED_FACE('',(#345),#34,.F.);
#3244=ADVANCED_FACE('',(#346),#3123,.F.);
#3245=ADVANCED_FACE('',(#347),#35,.F.);
#3246=ADVANCED_FACE('',(#348),#3124,.F.);
#3247=ADVANCED_FACE('',(#349),#36,.F.);
#3248=ADVANCED_FACE('',(#350),#3125,.F.);
#3249=ADVANCED_FACE('',(#351),#3126,.F.);
#3250=ADVANCED_FACE('',(#352),#37,.F.);
#3251=ADVANCED_FACE('',(#353),#3127,.F.);
#3252=ADVANCED_FACE('',(#354),#38,.T.);
#3253=ADVANCED_FACE('',(#355),#39,.T.);
#3254=ADVANCED_FACE('',(#356),#40,.T.);
#3255=ADVANCED_FACE('',(#357),#41,.T.);
#3256=ADVANCED_FACE('',(#358,#100,#101,#102),#3128,.F.);
#3257=ADVANCED_FACE('',(#359),#3129,.F.);
#3258=ADVANCED_FACE('',(#360,#103,#104),#3130,.T.);
#3259=ADVANCED_FACE('',(#361),#42,.F.);
#3260=ADVANCED_FACE('',(#362),#43,.F.);
#3261=ADVANCED_FACE('',(#363),#44,.F.);
#3262=ADVANCED_FACE('',(#364),#45,.F.);
#3263=ADVANCED_FACE('',(#365,#105),#3131,.F.);
#3264=ADVANCED_FACE('',(#366),#3132,.T.);
#3265=ADVANCED_FACE('',(#367),#3133,.F.);
#3266=ADVANCED_FACE('',(#368),#46,.F.);
#3267=ADVANCED_FACE('',(#369),#3134,.T.);
#3268=ADVANCED_FACE('',(#370),#47,.F.);
#3269=ADVANCED_FACE('',(#371),#3135,.F.);
#3270=ADVANCED_FACE('',(#372),#48,.F.);
#3271=ADVANCED_FACE('',(#373),#3136,.F.);
#3272=ADVANCED_FACE('',(#374),#49,.F.);
#3273=ADVANCED_FACE('',(#375),#3137,.T.);
#3274=ADVANCED_FACE('',(#376),#50,.F.);
#3275=ADVANCED_FACE('',(#377),#3138,.F.);
#3276=ADVANCED_FACE('',(#378),#51,.F.);
#3277=ADVANCED_FACE('',(#379),#3139,.T.);
#3278=ADVANCED_FACE('',(#380),#52,.F.);
#3279=ADVANCED_FACE('',(#381),#3140,.T.);
#3280=ADVANCED_FACE('',(#382),#53,.F.);
#3281=ADVANCED_FACE('',(#383,#106,#107,#108),#3141,.T.);
#3282=ADVANCED_FACE('',(#384,#109,#110,#111),#3142,.T.);
#3283=ADVANCED_FACE('',(#385),#3143,.T.);
#3284=ADVANCED_FACE('',(#386),#3144,.T.);
#3285=ADVANCED_FACE('',(#387,#112),#3145,.F.);
#3286=ADVANCED_FACE('',(#388),#3146,.F.);
#3287=ADVANCED_FACE('',(#389),#54,.F.);
#3288=ADVANCED_FACE('',(#390),#3147,.T.);
#3289=ADVANCED_FACE('',(#391),#3148,.F.);
#3290=ADVANCED_FACE('',(#392),#55,.F.);
#3291=ADVANCED_FACE('',(#393),#3149,.T.);
#3292=ADVANCED_FACE('',(#394),#16,.F.);
#3293=ADVANCED_FACE('',(#395),#3150,.T.);
#3294=ADVANCED_FACE('',(#396),#3151,.F.);
#3295=ADVANCED_FACE('',(#397),#56,.T.);
#3296=ADVANCED_FACE('',(#398),#3152,.F.);
#3297=ADVANCED_FACE('',(#399),#57,.F.);
#3298=ADVANCED_FACE('',(#400),#3153,.F.);
#3299=ADVANCED_FACE('',(#401),#58,.F.);
#3300=ADVANCED_FACE('',(#402),#3154,.F.);
#3301=ADVANCED_FACE('',(#403),#59,.F.);
#3302=ADVANCED_FACE('',(#404),#3155,.F.);
#3303=ADVANCED_FACE('',(#405),#60,.F.);
#3304=ADVANCED_FACE('',(#406),#3156,.F.);
#3305=ADVANCED_FACE('',(#407),#61,.F.);
#3306=ADVANCED_FACE('',(#408),#3157,.F.);
#3307=ADVANCED_FACE('',(#409),#62,.F.);
#3308=ADVANCED_FACE('',(#410),#3158,.F.);
#3309=ADVANCED_FACE('',(#411),#63,.F.);
#3310=ADVANCED_FACE('',(#412),#3159,.F.);
#3311=ADVANCED_FACE('',(#413),#64,.F.);
#3312=ADVANCED_FACE('',(#414),#3160,.F.);
#3313=ADVANCED_FACE('',(#415),#65,.F.);
#3314=ADVANCED_FACE('',(#416),#3161,.T.);
#3315=ADVANCED_FACE('',(#417),#3162,.F.);
#3316=ADVANCED_FACE('',(#418),#17,.F.);
#3317=ADVANCED_FACE('',(#419),#18,.F.);
#3318=ADVANCED_FACE('',(#420,#113),#3163,.F.);
#3319=ADVANCED_FACE('',(#421,#114),#3164,.F.);
#3320=ADVANCED_FACE('',(#422,#115),#3165,.F.);
#3321=ADVANCED_FACE('',(#423,#116),#3166,.F.);
#3322=ADVANCED_FACE('',(#424),#3167,.F.);
#3323=ADVANCED_FACE('',(#425),#3168,.F.);
#3324=ADVANCED_FACE('',(#426),#66,.F.);
#3325=ADVANCED_FACE('',(#427),#67,.F.);
#3326=ADVANCED_FACE('',(#428),#68,.F.);
#3327=ADVANCED_FACE('',(#429),#69,.F.);
#3328=ADVANCED_FACE('',(#430),#70,.F.);
#3329=ADVANCED_FACE('',(#431),#71,.F.);
#3330=ADVANCED_FACE('',(#432),#3169,.T.);
#3331=ADVANCED_FACE('',(#433),#72,.F.);
#3332=ADVANCED_FACE('',(#434),#3170,.F.);
#3333=ADVANCED_FACE('',(#435),#73,.F.);
#3334=ADVANCED_FACE('',(#436),#3171,.F.);
#3335=ADVANCED_FACE('',(#437),#74,.F.);
#3336=ADVANCED_FACE('',(#438),#3172,.T.);
#3337=ADVANCED_FACE('',(#439),#75,.F.);
#3338=ADVANCED_FACE('',(#440),#76,.F.);
#3339=ADVANCED_FACE('',(#441),#77,.F.);
#3340=ADVANCED_FACE('',(#442),#78,.F.);
#3341=ADVANCED_FACE('',(#443,#117),#3173,.F.);
#3342=ADVANCED_FACE('',(#444,#118),#3174,.F.);
#3343=ADVANCED_FACE('',(#445,#119),#3175,.F.);
#3344=ADVANCED_FACE('',(#446),#79,.F.);
#3345=ADVANCED_FACE('',(#447,#120),#3176,.F.);
#3346=ADVANCED_FACE('',(#448),#3177,.F.);
#3347=ADVANCED_FACE('',(#449),#80,.F.);
#3348=ADVANCED_FACE('',(#450),#3178,.T.);
#3349=ADVANCED_FACE('',(#451),#3179,.F.);
#3350=ADVANCED_FACE('',(#452),#81,.F.);
#3351=ADVANCED_FACE('',(#453),#3180,.T.);
#3352=ADVANCED_FACE('',(#454,#121),#3181,.F.);
#3353=ADVANCED_FACE('',(#455,#122),#3182,.F.);
#3354=ADVANCED_FACE('',(#456),#19,.F.);
#3355=ADVANCED_FACE('',(#457,#123),#3183,.F.);
#3356=ADVANCED_FACE('',(#458),#82,.F.);
#3357=ADVANCED_FACE('',(#459,#124),#3184,.F.);
#3358=ADVANCED_FACE('',(#460,#125),#3185,.T.);
#3359=ADVANCED_FACE('',(#461),#83,.F.);
#3360=ADVANCED_FACE('',(#462,#126),#3186,.F.);
#3361=ADVANCED_FACE('',(#463,#127),#3187,.F.);
#3362=ADVANCED_FACE('',(#464),#84,.F.);
#3363=ADVANCED_FACE('',(#465,#128),#3188,.T.);
#3364=CLOSED_SHELL('',(#3189,#3190,#3191,#3192,#3193,#3194,#3195,#3196,
#3197,#3198,#3199,#3200,#3201,#3202,#3203,#3204,#3205,#3206,#3207,#3208,
#3209,#3210,#3211,#3212,#3213,#3214,#3215,#3216,#3217,#3218,#3219,#3220,
#3221,#3222,#3223,#3224,#3225,#3226,#3227,#3228,#3229,#3230,#3231,#3232,
#3233,#3234,#3235,#3236,#3237,#3238,#3239,#3240,#3241,#3242,#3243,#3244,
#3245,#3246,#3247,#3248,#3249,#3250,#3251,#3252,#3253,#3254,#3255,#3256,
#3257,#3258,#3259,#3260,#3261,#3262,#3263,#3264,#3265,#3266,#3267,#3268,
#3269,#3270,#3271,#3272,#3273,#3274,#3275,#3276,#3277,#3278,#3279,#3280,
#3281,#3282,#3283,#3284,#3285,#3286,#3287,#3288,#3289,#3290,#3291,#3292,
#3293,#3294,#3295,#3296,#3297,#3298,#3299,#3300,#3301,#3302,#3303,#3304,
#3305,#3306,#3307,#3308,#3309,#3310,#3311,#3312,#3313,#3314,#3315,#3316,
#3317,#3318,#3319,#3320,#3321,#3322,#3323,#3324,#3325,#3326,#3327,#3328,
#3329,#3330,#3331,#3332,#3333,#3334,#3335,#3336,#3337,#3338,#3339,#3340,
#3341,#3342,#3343,#3344,#3345,#3346,#3347,#3348,#3349,#3350,#3351,#3352,
#3353,#3354,#3355,#3356,#3357,#3358,#3359,#3360,#3361,#3362,#3363));
#3365=DERIVED_UNIT_ELEMENT(#3367,1.);
#3366=DERIVED_UNIT_ELEMENT(#5688,-3.);
#3367=(
MASS_UNIT()
NAMED_UNIT(*)
SI_UNIT(.KILO.,.GRAM.)
);
#3368=DERIVED_UNIT((#3365,#3366));
#3369=MEASURE_REPRESENTATION_ITEM('density measure',
POSITIVE_RATIO_MEASURE(7850.),#3368);
#3370=PROPERTY_DEFINITION_REPRESENTATION(#3375,#3372);
#3371=PROPERTY_DEFINITION_REPRESENTATION(#3376,#3373);
#3372=REPRESENTATION('material name',(#3374),#5685);
#3373=REPRESENTATION('density',(#3369),#5685);
#3374=DESCRIPTIVE_REPRESENTATION_ITEM('\X2\94A2\X0\','\X2\94A2\X0\');
#3375=PROPERTY_DEFINITION('material property','material name',#5695);
#3376=PROPERTY_DEFINITION('material property','density of part',#5695);
#3377=AXIS2_PLACEMENT_3D('',#4710,#3715,#3716);
#3378=AXIS2_PLACEMENT_3D('',#4711,#3717,#3718);
#3379=AXIS2_PLACEMENT_3D('',#4722,#3724,#3725);
#3380=AXIS2_PLACEMENT_3D('',#4738,#3733,#3734);
#3381=AXIS2_PLACEMENT_3D('',#4742,#3736,#3737);
#3382=AXIS2_PLACEMENT_3D('',#4745,#3739,#3740);
#3383=AXIS2_PLACEMENT_3D('',#4750,#3742,#3743);
#3384=AXIS2_PLACEMENT_3D('',#4754,#3745,#3746);
#3385=AXIS2_PLACEMENT_3D('',#4757,#3748,#3749);
#3386=AXIS2_PLACEMENT_3D('',#4762,#3751,#3752);
#3387=AXIS2_PLACEMENT_3D('',#4766,#3754,#3755);
#3388=AXIS2_PLACEMENT_3D('',#4769,#3757,#3758);
#3389=AXIS2_PLACEMENT_3D('',#4770,#3759,#3760);
#3390=AXIS2_PLACEMENT_3D('',#4772,#3761,#3762);
#3391=AXIS2_PLACEMENT_3D('',#4774,#3764,#3765);
#3392=AXIS2_PLACEMENT_3D('',#4779,#3767,#3768);
#3393=AXIS2_PLACEMENT_3D('',#4783,#3770,#3771);
#3394=AXIS2_PLACEMENT_3D('',#4787,#3773,#3774);
#3395=AXIS2_PLACEMENT_3D('',#4797,#3779,#3780);
#3396=AXIS2_PLACEMENT_3D('',#4804,#3784,#3785);
#3397=AXIS2_PLACEMENT_3D('',#4810,#3789,#3790);
#3398=AXIS2_PLACEMENT_3D('',#4814,#3792,#3793);
#3399=AXIS2_PLACEMENT_3D('',#4818,#3795,#3796);
#3400=AXIS2_PLACEMENT_3D('',#4821,#3798,#3799);
#3401=AXIS2_PLACEMENT_3D('',#4828,#3804,#3805);
#3402=AXIS2_PLACEMENT_3D('',#4830,#3807,#3808);
#3403=AXIS2_PLACEMENT_3D('',#4843,#3815,#3816);
#3404=AXIS2_PLACEMENT_3D('',#4845,#3817,#3818);
#3405=AXIS2_PLACEMENT_3D('',#4847,#3819,#3820);
#3406=AXIS2_PLACEMENT_3D('',#4848,#3821,#3822);
#3407=AXIS2_PLACEMENT_3D('',#4854,#3826,#3827);
#3408=AXIS2_PLACEMENT_3D('',#4857,#3828,#3829);
#3409=AXIS2_PLACEMENT_3D('',#4859,#3830,#3831);
#3410=AXIS2_PLACEMENT_3D('',#4862,#3834,#3835);
#3411=AXIS2_PLACEMENT_3D('',#4887,#3849,#3850);
#3412=AXIS2_PLACEMENT_3D('',#4894,#3854,#3855);
#3413=AXIS2_PLACEMENT_3D('',#4900,#3858,#3859);
#3414=AXIS2_PLACEMENT_3D('',#4904,#3861,#3862);
#3415=AXIS2_PLACEMENT_3D('',#4908,#3864,#3865);
#3416=AXIS2_PLACEMENT_3D('',#4914,#3869,#3870);
#3417=AXIS2_PLACEMENT_3D('',#4918,#3873,#3874);
#3418=AXIS2_PLACEMENT_3D('',#4934,#3882,#3883);
#3419=AXIS2_PLACEMENT_3D('',#4938,#3885,#3886);
#3420=AXIS2_PLACEMENT_3D('',#4942,#3888,#3889);
#3421=AXIS2_PLACEMENT_3D('',#4948,#3892,#3893);
#3422=AXIS2_PLACEMENT_3D('',#4959,#3899,#3900);
#3423=AXIS2_PLACEMENT_3D('',#4961,#3901,#3902);
#3424=AXIS2_PLACEMENT_3D('',#4963,#3903,#3904);
#3425=AXIS2_PLACEMENT_3D('',#4965,#3905,#3906);
#3426=AXIS2_PLACEMENT_3D('',#4966,#3907,#3908);
#3427=AXIS2_PLACEMENT_3D('',#4968,#3910,#3911);
#3428=AXIS2_PLACEMENT_3D('',#4970,#3913,#3914);
#3429=AXIS2_PLACEMENT_3D('',#4971,#3915,#3916);
#3430=AXIS2_PLACEMENT_3D('',#4974,#3919,#3920);
#3431=AXIS2_PLACEMENT_3D('',#4976,#3922,#3923);
#3432=AXIS2_PLACEMENT_3D('',#4978,#3925,#3926);
#3433=AXIS2_PLACEMENT_3D('',#4981,#3928,#3929);
#3434=AXIS2_PLACEMENT_3D('',#4982,#3930,#3931);
#3435=AXIS2_PLACEMENT_3D('',#4986,#3934,#3935);
#3436=AXIS2_PLACEMENT_3D('',#4987,#3936,#3937);
#3437=AXIS2_PLACEMENT_3D('',#4988,#3938,#3939);
#3438=AXIS2_PLACEMENT_3D('',#4991,#3942,#3943);
#3439=AXIS2_PLACEMENT_3D('',#4993,#3945,#3946);
#3440=AXIS2_PLACEMENT_3D('',#4995,#3948,#3949);
#3441=AXIS2_PLACEMENT_3D('',#4997,#3951,#3952);
#3442=AXIS2_PLACEMENT_3D('',#4999,#3954,#3955);
#3443=AXIS2_PLACEMENT_3D('',#5000,#3956,#3957);
#3444=AXIS2_PLACEMENT_3D('',#5008,#3962,#3963);
#3445=AXIS2_PLACEMENT_3D('',#5020,#3969,#3970);
#3446=AXIS2_PLACEMENT_3D('',#5024,#3972,#3973);
#3447=AXIS2_PLACEMENT_3D('',#5028,#3975,#3976);
#3448=AXIS2_PLACEMENT_3D('',#5032,#3978,#3979);
#3449=AXIS2_PLACEMENT_3D('',#5034,#3981,#3982);
#3450=AXIS2_PLACEMENT_3D('',#5036,#3983,#3984);
#3451=AXIS2_PLACEMENT_3D('',#5040,#3986,#3987);
#3452=AXIS2_PLACEMENT_3D('',#5044,#3989,#3990);
#3453=AXIS2_PLACEMENT_3D('',#5047,#3992,#3993);
#3454=AXIS2_PLACEMENT_3D('',#5052,#3997,#3998);
#3455=AXIS2_PLACEMENT_3D('',#5054,#4000,#4001);
#3456=AXIS2_PLACEMENT_3D('',#5060,#4005,#4006);
#3457=AXIS2_PLACEMENT_3D('',#5064,#4009,#4010);
#3458=AXIS2_PLACEMENT_3D('',#5068,#4013,#4014);
#3459=AXIS2_PLACEMENT_3D('',#5078,#4020,#4021);
#3460=AXIS2_PLACEMENT_3D('',#5080,#4023,#4024);
#3461=AXIS2_PLACEMENT_3D('',#5082,#4025,#4026);
#3462=AXIS2_PLACEMENT_3D('',#5084,#4028,#4029);
#3463=AXIS2_PLACEMENT_3D('',#5087,#4030,#4031);
#3464=AXIS2_PLACEMENT_3D('',#5090,#4033,#4034);
#3465=AXIS2_PLACEMENT_3D('',#5094,#4036,#4037);
#3466=AXIS2_PLACEMENT_3D('',#5096,#4039,#4040);
#3467=AXIS2_PLACEMENT_3D('',#5099,#4041,#4042);
#3468=AXIS2_PLACEMENT_3D('',#5102,#4044,#4045);
#3469=AXIS2_PLACEMENT_3D('',#5106,#4047,#4048);
#3470=AXIS2_PLACEMENT_3D('',#5108,#4050,#4051);
#3471=AXIS2_PLACEMENT_3D('',#5120,#4057,#4058);
#3472=AXIS2_PLACEMENT_3D('',#5121,#4059,#4060);
#3473=AXIS2_PLACEMENT_3D('',#5125,#4062,#4063);
#3474=AXIS2_PLACEMENT_3D('',#5126,#4064,#4065);
#3475=AXIS2_PLACEMENT_3D('',#5127,#4066,#4067);
#3476=AXIS2_PLACEMENT_3D('',#5133,#4071,#4072);
#3477=AXIS2_PLACEMENT_3D('',#5137,#4075,#4076);
#3478=AXIS2_PLACEMENT_3D('',#5145,#4081,#4082);
#3479=AXIS2_PLACEMENT_3D('',#5149,#4084,#4085);
#3480=AXIS2_PLACEMENT_3D('',#5152,#4087,#4088);
#3481=AXIS2_PLACEMENT_3D('',#5157,#4090,#4091);
#3482=AXIS2_PLACEMENT_3D('',#5161,#4093,#4094);
#3483=AXIS2_PLACEMENT_3D('',#5164,#4096,#4097);
#3484=AXIS2_PLACEMENT_3D('',#5169,#4099,#4100);
#3485=AXIS2_PLACEMENT_3D('',#5173,#4102,#4103);
#3486=AXIS2_PLACEMENT_3D('',#5176,#4105,#4106);
#3487=AXIS2_PLACEMENT_3D('',#5177,#4107,#4108);
#3488=AXIS2_PLACEMENT_3D('',#5180,#4111,#4112);
#3489=AXIS2_PLACEMENT_3D('',#5186,#4115,#4116);
#3490=AXIS2_PLACEMENT_3D('',#5194,#4120,#4121);
#3491=AXIS2_PLACEMENT_3D('',#5198,#4123,#4124);
#3492=AXIS2_PLACEMENT_3D('',#5202,#4127,#4128);
#3493=AXIS2_PLACEMENT_3D('',#5206,#4130,#4131);
#3494=AXIS2_PLACEMENT_3D('',#5211,#4134,#4135);
#3495=AXIS2_PLACEMENT_3D('',#5215,#4137,#4138);
#3496=AXIS2_PLACEMENT_3D('',#5220,#4141,#4142);
#3497=AXIS2_PLACEMENT_3D('',#5224,#4144,#4145);
#3498=AXIS2_PLACEMENT_3D('',#5228,#4147,#4148);
#3499=AXIS2_PLACEMENT_3D('',#5230,#4150,#4151);
#3500=AXIS2_PLACEMENT_3D('',#5234,#4153,#4154);
#3501=AXIS2_PLACEMENT_3D('',#5237,#4156,#4157);
#3502=AXIS2_PLACEMENT_3D('',#5243,#4161,#4162);
#3503=AXIS2_PLACEMENT_3D('',#5254,#4168,#4169);
#3504=AXIS2_PLACEMENT_3D('',#5256,#4170,#4171);
#3505=AXIS2_PLACEMENT_3D('',#5257,#4172,#4173);
#3506=AXIS2_PLACEMENT_3D('',#5258,#4174,#4175);
#3507=AXIS2_PLACEMENT_3D('',#5259,#4176,#4177);
#3508=AXIS2_PLACEMENT_3D('',#5261,#4179,#4180);
#3509=AXIS2_PLACEMENT_3D('',#5265,#4183,#4184);
#3510=AXIS2_PLACEMENT_3D('',#5268,#4186,#4187);
#3511=AXIS2_PLACEMENT_3D('',#5269,#4188,#4189);
#3512=AXIS2_PLACEMENT_3D('',#5274,#4193,#4194);
#3513=AXIS2_PLACEMENT_3D('',#5277,#4196,#4197);
#3514=AXIS2_PLACEMENT_3D('',#5278,#4198,#4199);
#3515=AXIS2_PLACEMENT_3D('',#5283,#4203,#4204);
#3516=AXIS2_PLACEMENT_3D('',#5286,#4206,#4207);
#3517=AXIS2_PLACEMENT_3D('',#5287,#4208,#4209);
#3518=AXIS2_PLACEMENT_3D('',#5290,#4212,#4213);
#3519=AXIS2_PLACEMENT_3D('',#5294,#4216,#4217);
#3520=AXIS2_PLACEMENT_3D('',#5297,#4219,#4220);
#3521=AXIS2_PLACEMENT_3D('',#5298,#4221,#4222);
#3522=AXIS2_PLACEMENT_3D('',#5300,#4224,#4225);
#3523=AXIS2_PLACEMENT_3D('',#5301,#4226,#4227);
#3524=AXIS2_PLACEMENT_3D('',#5302,#4228,#4229);
#3525=AXIS2_PLACEMENT_3D('',#5303,#4230,#4231);
#3526=AXIS2_PLACEMENT_3D('',#5304,#4232,#4233);
#3527=AXIS2_PLACEMENT_3D('',#5305,#4234,#4235);
#3528=AXIS2_PLACEMENT_3D('',#5306,#4236,#4237);
#3529=AXIS2_PLACEMENT_3D('',#5307,#4238,#4239);
#3530=AXIS2_PLACEMENT_3D('',#5308,#4240,#4241);
#3531=AXIS2_PLACEMENT_3D('',#5317,#4246,#4247);
#3532=AXIS2_PLACEMENT_3D('',#5319,#4248,#4249);
#3533=AXIS2_PLACEMENT_3D('',#5321,#4250,#4251);
#3534=AXIS2_PLACEMENT_3D('',#5322,#4252,#4253);
#3535=AXIS2_PLACEMENT_3D('',#5326,#4256,#4257);
#3536=AXIS2_PLACEMENT_3D('',#5330,#4259,#4260);
#3537=AXIS2_PLACEMENT_3D('',#5334,#4262,#4263);
#3538=AXIS2_PLACEMENT_3D('',#5338,#4265,#4266);
#3539=AXIS2_PLACEMENT_3D('',#5342,#4268,#4269);
#3540=AXIS2_PLACEMENT_3D('',#5345,#4271,#4272);
#3541=AXIS2_PLACEMENT_3D('',#5347,#4273,#4274);
#3542=AXIS2_PLACEMENT_3D('',#5348,#4275,#4276);
#3543=AXIS2_PLACEMENT_3D('',#5351,#4278,#4279);
#3544=AXIS2_PLACEMENT_3D('',#5352,#4280,#4281);
#3545=AXIS2_PLACEMENT_3D('',#5355,#4283,#4284);
#3546=AXIS2_PLACEMENT_3D('',#5356,#4285,#4286);
#3547=AXIS2_PLACEMENT_3D('',#5359,#4288,#4289);
#3548=AXIS2_PLACEMENT_3D('',#5360,#4290,#4291);
#3549=AXIS2_PLACEMENT_3D('',#5363,#4293,#4294);
#3550=AXIS2_PLACEMENT_3D('',#5364,#4295,#4296);
#3551=AXIS2_PLACEMENT_3D('',#5367,#4297,#4298);
#3552=AXIS2_PLACEMENT_3D('',#5371,#4300,#4301);
#3553=AXIS2_PLACEMENT_3D('',#5375,#4303,#4304);
#3554=AXIS2_PLACEMENT_3D('',#5379,#4306,#4307);
#3555=AXIS2_PLACEMENT_3D('',#5381,#4309,#4310);
#3556=AXIS2_PLACEMENT_3D('',#5382,#4311,#4312);
#3557=AXIS2_PLACEMENT_3D('',#5383,#4313,#4314);
#3558=AXIS2_PLACEMENT_3D('',#5387,#4318,#4319);
#3559=AXIS2_PLACEMENT_3D('',#5391,#4321,#4322);
#3560=AXIS2_PLACEMENT_3D('',#5393,#4324,#4325);
#3561=AXIS2_PLACEMENT_3D('',#5397,#4328,#4329);
#3562=AXIS2_PLACEMENT_3D('',#5400,#4331,#4332);
#3563=AXIS2_PLACEMENT_3D('',#5401,#4333,#4334);
#3564=AXIS2_PLACEMENT_3D('',#5405,#4337,#4338);
#3565=AXIS2_PLACEMENT_3D('',#5408,#4340,#4341);
#3566=AXIS2_PLACEMENT_3D('',#5409,#4342,#4343);
#3567=AXIS2_PLACEMENT_3D('',#5413,#4346,#4347);
#3568=AXIS2_PLACEMENT_3D('',#5416,#4349,#4350);
#3569=AXIS2_PLACEMENT_3D('',#5417,#4351,#4352);
#3570=AXIS2_PLACEMENT_3D('',#5419,#4354,#4355);
#3571=AXIS2_PLACEMENT_3D('',#5421,#4357,#4358);
#3572=AXIS2_PLACEMENT_3D('',#5423,#4360,#4361);
#3573=AXIS2_PLACEMENT_3D('',#5425,#4363,#4364);
#3574=AXIS2_PLACEMENT_3D('',#5427,#4366,#4367);
#3575=AXIS2_PLACEMENT_3D('',#5429,#4369,#4370);
#3576=AXIS2_PLACEMENT_3D('',#5431,#4372,#4373);
#3577=AXIS2_PLACEMENT_3D('',#5432,#4374,#4375);
#3578=AXIS2_PLACEMENT_3D('',#5437,#4378,#4379);
#3579=AXIS2_PLACEMENT_3D('',#5439,#4380,#4381);
#3580=AXIS2_PLACEMENT_3D('',#5440,#4382,#4383);
#3581=AXIS2_PLACEMENT_3D('',#5445,#4386,#4387);
#3582=AXIS2_PLACEMENT_3D('',#5447,#4388,#4389);
#3583=AXIS2_PLACEMENT_3D('',#5450,#4390,#4391);
#3584=AXIS2_PLACEMENT_3D('',#5454,#4393,#4394);
#3585=AXIS2_PLACEMENT_3D('',#5458,#4396,#4397);
#3586=AXIS2_PLACEMENT_3D('',#5462,#4399,#4400);
#3587=AXIS2_PLACEMENT_3D('',#5464,#4402,#4403);
#3588=AXIS2_PLACEMENT_3D('',#5466,#4405,#4406);
#3589=AXIS2_PLACEMENT_3D('',#5467,#4407,#4408);
#3590=AXIS2_PLACEMENT_3D('',#5469,#4409,#4410);
#3591=AXIS2_PLACEMENT_3D('',#5470,#4411,#4412);
#3592=AXIS2_PLACEMENT_3D('',#5471,#4413,#4414);
#3593=AXIS2_PLACEMENT_3D('',#5472,#4415,#4416);
#3594=AXIS2_PLACEMENT_3D('',#5474,#4417,#4418);
#3595=AXIS2_PLACEMENT_3D('',#5477,#4420,#4421);
#3596=AXIS2_PLACEMENT_3D('',#5478,#4422,#4423);
#3597=AXIS2_PLACEMENT_3D('',#5479,#4424,#4425);
#3598=AXIS2_PLACEMENT_3D('',#5480,#4426,#4427);
#3599=AXIS2_PLACEMENT_3D('',#5481,#4428,#4429);
#3600=AXIS2_PLACEMENT_3D('',#5482,#4430,#4431);
#3601=AXIS2_PLACEMENT_3D('',#5484,#4432,#4433);
#3602=AXIS2_PLACEMENT_3D('',#5487,#4435,#4436);
#3603=AXIS2_PLACEMENT_3D('',#5488,#4437,#4438);
#3604=AXIS2_PLACEMENT_3D('',#5489,#4439,#4440);
#3605=AXIS2_PLACEMENT_3D('',#5490,#4441,#4442);
#3606=AXIS2_PLACEMENT_3D('',#5491,#4443,#4444);
#3607=AXIS2_PLACEMENT_3D('',#5492,#4445,#4446);
#3608=AXIS2_PLACEMENT_3D('',#5493,#4447,#4448);
#3609=AXIS2_PLACEMENT_3D('',#5494,#4449,#4450);
#3610=AXIS2_PLACEMENT_3D('',#5495,#4451,#4452);
#3611=AXIS2_PLACEMENT_3D('',#5497,#4453,#4454);
#3612=AXIS2_PLACEMENT_3D('',#5499,#4456,#4457);
#3613=AXIS2_PLACEMENT_3D('',#5502,#4460,#4461);
#3614=AXIS2_PLACEMENT_3D('',#5504,#4463,#4464);
#3615=AXIS2_PLACEMENT_3D('',#5506,#4466,#4467);
#3616=AXIS2_PLACEMENT_3D('',#5508,#4469,#4470);
#3617=AXIS2_PLACEMENT_3D('',#5510,#4472,#4473);
#3618=AXIS2_PLACEMENT_3D('',#5511,#4474,#4475);
#3619=AXIS2_PLACEMENT_3D('',#5514,#4478,#4479);
#3620=AXIS2_PLACEMENT_3D('',#5516,#4481,#4482);
#3621=AXIS2_PLACEMENT_3D('',#5518,#4484,#4485);
#3622=AXIS2_PLACEMENT_3D('',#5520,#4487,#4488);
#3623=AXIS2_PLACEMENT_3D('',#5522,#4490,#4491);
#3624=AXIS2_PLACEMENT_3D('',#5523,#4492,#4493);
#3625=AXIS2_PLACEMENT_3D('',#5526,#4496,#4497);
#3626=AXIS2_PLACEMENT_3D('',#5528,#4499,#4500);
#3627=AXIS2_PLACEMENT_3D('',#5530,#4502,#4503);
#3628=AXIS2_PLACEMENT_3D('',#5532,#4505,#4506);
#3629=AXIS2_PLACEMENT_3D('',#5534,#4508,#4509);
#3630=AXIS2_PLACEMENT_3D('',#5535,#4510,#4511);
#3631=AXIS2_PLACEMENT_3D('',#5536,#4512,#4513);
#3632=AXIS2_PLACEMENT_3D('',#5537,#4514,#4515);
#3633=AXIS2_PLACEMENT_3D('',#5538,#4516,#4517);
#3634=AXIS2_PLACEMENT_3D('',#5539,#4518,#4519);
#3635=AXIS2_PLACEMENT_3D('',#5540,#4520,#4521);
#3636=AXIS2_PLACEMENT_3D('',#5543,#4522,#4523);
#3637=AXIS2_PLACEMENT_3D('',#5544,#4524,#4525);
#3638=AXIS2_PLACEMENT_3D('',#5546,#4527,#4528);
#3639=AXIS2_PLACEMENT_3D('',#5547,#4529,#4530);
#3640=AXIS2_PLACEMENT_3D('',#5548,#4531,#4532);
#3641=AXIS2_PLACEMENT_3D('',#5549,#4533,#4534);
#3642=AXIS2_PLACEMENT_3D('',#5550,#4535,#4536);
#3643=AXIS2_PLACEMENT_3D('',#5552,#4538,#4539);
#3644=AXIS2_PLACEMENT_3D('',#5553,#4540,#4541);
#3645=AXIS2_PLACEMENT_3D('',#5555,#4542,#4543);
#3646=AXIS2_PLACEMENT_3D('',#5557,#4545,#4546);
#3647=AXIS2_PLACEMENT_3D('',#5560,#4547,#4548);
#3648=AXIS2_PLACEMENT_3D('',#5563,#4550,#4551);
#3649=AXIS2_PLACEMENT_3D('',#5567,#4553,#4554);
#3650=AXIS2_PLACEMENT_3D('',#5569,#4556,#4557);
#3651=AXIS2_PLACEMENT_3D('',#5572,#4558,#4559);
#3652=AXIS2_PLACEMENT_3D('',#5575,#4561,#4562);
#3653=AXIS2_PLACEMENT_3D('',#5579,#4564,#4565);
#3654=AXIS2_PLACEMENT_3D('',#5581,#4567,#4568);
#3655=AXIS2_PLACEMENT_3D('',#5584,#4570,#4571);
#3656=AXIS2_PLACEMENT_3D('',#5585,#4572,#4573);
#3657=AXIS2_PLACEMENT_3D('',#5588,#4575,#4576);
#3658=AXIS2_PLACEMENT_3D('',#5589,#4577,#4578);
#3659=AXIS2_PLACEMENT_3D('',#5592,#4581,#4582);
#3660=AXIS2_PLACEMENT_3D('',#5594,#4584,#4585);
#3661=AXIS2_PLACEMENT_3D('',#5596,#4587,#4588);
#3662=AXIS2_PLACEMENT_3D('',#5598,#4590,#4591);
#3663=AXIS2_PLACEMENT_3D('',#5600,#4593,#4594);
#3664=AXIS2_PLACEMENT_3D('',#5602,#4596,#4597);
#3665=AXIS2_PLACEMENT_3D('',#5604,#4599,#4600);
#3666=AXIS2_PLACEMENT_3D('',#5605,#4601,#4602);
#3667=AXIS2_PLACEMENT_3D('',#5608,#4604,#4605);
#3668=AXIS2_PLACEMENT_3D('',#5609,#4606,#4607);
#3669=AXIS2_PLACEMENT_3D('',#5611,#4609,#4610);
#3670=AXIS2_PLACEMENT_3D('',#5614,#4612,#4613);
#3671=AXIS2_PLACEMENT_3D('',#5615,#4614,#4615);
#3672=AXIS2_PLACEMENT_3D('',#5618,#4617,#4618);
#3673=AXIS2_PLACEMENT_3D('',#5619,#4619,#4620);
#3674=AXIS2_PLACEMENT_3D('',#5620,#4621,#4622);
#3675=AXIS2_PLACEMENT_3D('',#5621,#4623,#4624);
#3676=AXIS2_PLACEMENT_3D('',#5623,#4625,#4626);
#3677=AXIS2_PLACEMENT_3D('',#5624,#4627,#4628);
#3678=AXIS2_PLACEMENT_3D('',#5626,#4629,#4630);
#3679=AXIS2_PLACEMENT_3D('',#5628,#4632,#4633);
#3680=AXIS2_PLACEMENT_3D('',#5629,#4634,#4635);
#3681=AXIS2_PLACEMENT_3D('',#5630,#4636,#4637);
#3682=AXIS2_PLACEMENT_3D('',#5631,#4638,#4639);
#3683=AXIS2_PLACEMENT_3D('',#5633,#4640,#4641);
#3684=AXIS2_PLACEMENT_3D('',#5636,#4643,#4644);
#3685=AXIS2_PLACEMENT_3D('',#5637,#4645,#4646);
#3686=AXIS2_PLACEMENT_3D('',#5638,#4647,#4648);
#3687=AXIS2_PLACEMENT_3D('',#5639,#4649,#4650);
#3688=AXIS2_PLACEMENT_3D('',#5640,#4651,#4652);
#3689=AXIS2_PLACEMENT_3D('',#5641,#4653,#4654);
#3690=AXIS2_PLACEMENT_3D('',#5643,#4655,#4656);
#3691=AXIS2_PLACEMENT_3D('',#5646,#4658,#4659);
#3692=AXIS2_PLACEMENT_3D('',#5647,#4660,#4661);
#3693=AXIS2_PLACEMENT_3D('',#5648,#4662,#4663);
#3694=AXIS2_PLACEMENT_3D('',#5649,#4664,#4665);
#3695=AXIS2_PLACEMENT_3D('',#5650,#4666,#4667);
#3696=AXIS2_PLACEMENT_3D('',#5651,#4668,#4669);
#3697=AXIS2_PLACEMENT_3D('',#5653,#4670,#4671);
#3698=AXIS2_PLACEMENT_3D('',#5655,#4673,#4674);
#3699=AXIS2_PLACEMENT_3D('',#5657,#4675,#4676);
#3700=AXIS2_PLACEMENT_3D('',#5658,#4677,#4678);
#3701=AXIS2_PLACEMENT_3D('',#5661,#4680,#4681);
#3702=AXIS2_PLACEMENT_3D('',#5662,#4682,#4683);
#3703=AXIS2_PLACEMENT_3D('',#5664,#4684,#4685);
#3704=AXIS2_PLACEMENT_3D('',#5665,#4686,#4687);
#3705=AXIS2_PLACEMENT_3D('',#5667,#4688,#4689);
#3706=AXIS2_PLACEMENT_3D('',#5668,#4690,#4691);
#3707=AXIS2_PLACEMENT_3D('',#5670,#4692,#4693);
#3708=AXIS2_PLACEMENT_3D('',#5672,#4695,#4696);
#3709=AXIS2_PLACEMENT_3D('',#5674,#4697,#4698);
#3710=AXIS2_PLACEMENT_3D('',#5675,#4699,#4700);
#3711=AXIS2_PLACEMENT_3D('',#5677,#4701,#4702);
#3712=AXIS2_PLACEMENT_3D('',#5678,#4703,#4704);
#3713=AXIS2_PLACEMENT_3D('',#5681,#4706,#4707);
#3714=AXIS2_PLACEMENT_3D('',#5682,#4708,#4709);
#3715=DIRECTION('axis',(0.,0.,1.));
#3716=DIRECTION('refdir',(1.,0.,0.));
#3717=DIRECTION('center_axis',(0.,-0.807433509468603,-0.58995858141671));
#3718=DIRECTION('ref_axis',(0.,-0.58995858141671,0.807433509468603));
#3719=DIRECTION('',(0.,0.58995858141671,-0.807433509468603));
#3720=DIRECTION('',(1.,0.,0.));
#3721=DIRECTION('',(-6.64023165233073E-17,0.58995858141671,-0.807433509468603));
#3722=DIRECTION('',(0.,0.58995858141671,-0.807433509468603));
#3723=DIRECTION('',(1.,0.,0.));
#3724=DIRECTION('center_axis',(1.,0.,0.));
#3725=DIRECTION('ref_axis',(0.,0.,-1.));
#3726=DIRECTION('',(0.,-1.,0.));
#3727=DIRECTION('',(0.,0.,1.));
#3728=DIRECTION('',(0.,1.,0.));
#3729=DIRECTION('',(0.,0.,-1.));
#3730=DIRECTION('',(0.,1.,0.));
#3731=DIRECTION('',(0.,0.,-1.));
#3732=DIRECTION('',(0.,0.412390151316039,0.911007334272087));
#3733=DIRECTION('center_axis',(1.,0.,0.));
#3734=DIRECTION('ref_axis',(0.,0.840473549362763,-0.541852574803847));
#3735=DIRECTION('',(0.,0.541852574803847,0.840473549362763));
#3736=DIRECTION('center_axis',(1.,0.,0.));
#3737=DIRECTION('ref_axis',(0.,0.840473549362763,-0.541852574803847));
#3738=DIRECTION('',(0.,-1.,1.941955493432E-16));
#3739=DIRECTION('center_axis',(1.,0.,0.));
#3740=DIRECTION('ref_axis',(0.,-0.807433509468602,-0.58995858141671));
#3741=DIRECTION('',(0.,1.,2.538289690724E-16));
#3742=DIRECTION('center_axis',(1.,0.,0.));
#3743=DIRECTION('ref_axis',(0.,1.,-1.636433181699E-16));
#3744=DIRECTION('',(0.,1.636433181699E-16,1.));
#3745=DIRECTION('center_axis',(1.,0.,0.));
#3746=DIRECTION('ref_axis',(0.,1.,-1.636433181699E-16));
#3747=DIRECTION('',(0.,-0.541852574803847,-0.840473549362763));
#3748=DIRECTION('center_axis',(1.,0.,0.));
#3749=DIRECTION('ref_axis',(0.,2.538289690724E-16,-1.));
#3750=DIRECTION('',(0.,0.,-1.));
#3751=DIRECTION('center_axis',(1.,0.,0.));
#3752=DIRECTION('ref_axis',(0.,0.,-1.));
#3753=DIRECTION('',(0.,1.,0.));
#3754=DIRECTION('center_axis',(1.,0.,0.));
#3755=DIRECTION('ref_axis',(0.,0.,-1.));
#3756=DIRECTION('',(0.,-0.58995858141671,0.807433509468603));
#3757=DIRECTION('center_axis',(1.,0.,0.));
#3758=DIRECTION('ref_axis',(0.,-1.,0.));
#3759=DIRECTION('center_axis',(-1.,0.,0.));
#3760=DIRECTION('ref_axis',(0.,0.840473549362763,-0.541852574803847));
#3761=DIRECTION('center_axis',(1.,0.,0.));
#3762=DIRECTION('ref_axis',(0.,-0.412069569232906,-0.911152385779792));
#3763=DIRECTION('',(1.,0.,0.));
#3764=DIRECTION('center_axis',(-1.,0.,0.));
#3765=DIRECTION('ref_axis',(0.,0.,-1.));
#3766=DIRECTION('',(0.,0.,1.));
#3767=DIRECTION('center_axis',(1.,0.,0.));
#3768=DIRECTION('ref_axis',(0.,0.166666681827924,-0.986013294620549));
#3769=DIRECTION('',(0.,1.,0.));
#3770=DIRECTION('center_axis',(1.,0.,0.));
#3771=DIRECTION('ref_axis',(0.,-0.844071830301881,-0.536230123445925));
#3772=DIRECTION('',(0.,-0.541852574803141,-0.840473549363218));
#3773=DIRECTION('center_axis',(1.,0.,0.));
#3774=DIRECTION('ref_axis',(0.,-0.840473549362763,0.541852574803847));
#3775=DIRECTION('',(0.,0.,1.));
#3776=DIRECTION('',(0.,1.,0.));
#3777=DIRECTION('',(8.223874256483E-17,0.,1.));
#3778=DIRECTION('',(0.,1.,0.));
#3779=DIRECTION('center_axis',(1.,0.,0.));
#3780=DIRECTION('ref_axis',(0.,2.708944180085E-13,1.));
#3781=DIRECTION('',(0.,-0.541852574803847,-0.840473549362763));
#3782=DIRECTION('',(8.223874256483E-17,0.,1.));
#3783=DIRECTION('',(0.,0.589958581417186,-0.807433509468254));
#3784=DIRECTION('center_axis',(1.,0.,0.));
#3785=DIRECTION('ref_axis',(0.,0.807433509468602,0.58995858141671));
#3786=DIRECTION('',(0.,1.,0.));
#3787=DIRECTION('',(8.223874256483E-17,0.,1.));
#3788=DIRECTION('',(0.,-1.,0.));
#3789=DIRECTION('center_axis',(-1.,0.,8.223874256483E-17));
#3790=DIRECTION('ref_axis',(8.223874256483E-17,0.,1.));
#3791=DIRECTION('',(0.,1.,0.));
#3792=DIRECTION('center_axis',(-1.,0.,0.));
#3793=DIRECTION('ref_axis',(0.,0.,-1.));
#3794=DIRECTION('',(-8.223874256483E-17,0.,-1.));
#3795=DIRECTION('center_axis',(-1.,0.,0.));
#3796=DIRECTION('ref_axis',(0.,-1.,0.));
#3797=DIRECTION('',(6.64023165233073E-17,-0.58995858141671,0.807433509468603));
#3798=DIRECTION('center_axis',(-1.,0.,0.));
#3799=DIRECTION('ref_axis',(0.,-0.807433509468602,-0.58995858141671));
#3800=DIRECTION('',(1.597039778967E-32,-1.,1.941955493432E-16));
#3801=DIRECTION('',(0.,1.,0.));
#3802=DIRECTION('',(0.,0.,1.));
#3803=DIRECTION('',(0.,-1.,0.));
#3804=DIRECTION('center_axis',(-1.,0.,0.));
#3805=DIRECTION('ref_axis',(0.,-0.807433509468602,-0.58995858141671));
#3806=DIRECTION('',(1.,0.,0.));
#3807=DIRECTION('center_axis',(0.,0.,-1.));
#3808=DIRECTION('ref_axis',(-1.,0.,0.));
#3809=DIRECTION('',(0.,1.,0.));
#3810=DIRECTION('',(0.,1.,0.));
#3811=DIRECTION('',(-1.,0.,0.));
#3812=DIRECTION('',(-1.,0.,0.));
#3813=DIRECTION('',(0.749553706565057,0.66194353307105,0.));
#3814=DIRECTION('',(0.,1.,0.));
#3815=DIRECTION('center_axis',(3.02814288873E-16,2.968654821298E-16,1.));
#3816=DIRECTION('ref_axis',(0.510036810761823,-0.860152574644701,1.00903174627194E-16));
#3817=DIRECTION('center_axis',(0.,0.,1.));
#3818=DIRECTION('ref_axis',(-1.,0.,0.));
#3819=DIRECTION('center_axis',(0.,0.,1.));
#3820=DIRECTION('ref_axis',(-1.,0.,0.));
#3821=DIRECTION('center_axis',(0.,0.911007334272087,-0.412390151316039));
#3822=DIRECTION('ref_axis',(0.,0.412390151316039,0.911007334272087));
#3823=DIRECTION('',(-1.,0.,0.));
#3824=DIRECTION('',(1.,0.,0.));
#3825=DIRECTION('',(0.,0.412390151316039,0.911007334272087));
#3826=DIRECTION('center_axis',(0.,-1.,0.));
#3827=DIRECTION('ref_axis',(0.,0.,-1.));
#3828=DIRECTION('center_axis',(0.,-1.,0.));
#3829=DIRECTION('ref_axis',(1.,0.,0.));
#3830=DIRECTION('center_axis',(0.,-1.,0.));
#3831=DIRECTION('ref_axis',(1.,0.,0.));
#3832=DIRECTION('',(1.,0.,0.));
#3833=DIRECTION('',(1.,0.,0.));
#3834=DIRECTION('center_axis',(0.,0.,-1.));
#3835=DIRECTION('ref_axis',(-1.,0.,0.));
#3836=DIRECTION('',(-1.,0.,0.));
#3837=DIRECTION('',(0.,1.,0.));
#3838=DIRECTION('',(0.,1.,0.));
#3839=DIRECTION('',(0.,1.,0.));
#3840=DIRECTION('',(-1.,0.,0.));
#3841=DIRECTION('',(0.,1.,0.));
#3842=DIRECTION('',(0.,1.,0.));
#3843=DIRECTION('',(0.,1.,0.));
#3844=DIRECTION('',(0.,1.,0.));
#3845=DIRECTION('',(0.,1.,0.));
#3846=DIRECTION('',(1.,0.,0.));
#3847=DIRECTION('',(0.,1.,0.));
#3848=DIRECTION('',(-1.,0.,0.));
#3849=DIRECTION('center_axis',(0.,-1.,0.));
#3850=DIRECTION('ref_axis',(1.,0.,0.));
#3851=DIRECTION('',(1.,0.,0.));
#3852=DIRECTION('',(-1.,0.,0.));
#3853=DIRECTION('',(0.,0.,-1.));
#3854=DIRECTION('center_axis',(0.,1.,0.));
#3855=DIRECTION('ref_axis',(1.,0.,0.));
#3856=DIRECTION('',(-1.,0.,0.));
#3857=DIRECTION('',(0.,0.,-1.));
#3858=DIRECTION('center_axis',(0.,1.,0.));
#3859=DIRECTION('ref_axis',(1.,0.,0.));
#3860=DIRECTION('',(-1.,0.,0.));
#3861=DIRECTION('center_axis',(0.,1.,0.));
#3862=DIRECTION('ref_axis',(1.,0.,0.));
#3863=DIRECTION('',(0.,0.,1.));
#3864=DIRECTION('center_axis',(0.,1.,0.));
#3865=DIRECTION('ref_axis',(1.,0.,0.));
#3866=DIRECTION('',(0.,0.,1.));
#3867=DIRECTION('',(-1.,0.,0.));
#3868=DIRECTION('',(0.,0.,1.));
#3869=DIRECTION('center_axis',(0.,0.,1.));
#3870=DIRECTION('ref_axis',(1.,0.,0.));
#3871=DIRECTION('',(-1.,0.,0.));
#3872=DIRECTION('',(0.,1.,0.));
#3873=DIRECTION('center_axis',(0.,-1.,0.));
#3874=DIRECTION('ref_axis',(1.,0.,0.));
#3875=DIRECTION('',(0.,0.,-1.));
#3876=DIRECTION('',(1.,0.,0.));
#3877=DIRECTION('',(0.,0.,1.));
#3878=DIRECTION('',(-1.,0.,0.));
#3879=DIRECTION('',(0.,0.,1.));
#3880=DIRECTION('',(-1.,0.,0.));
#3881=DIRECTION('',(0.,0.,-1.));
#3882=DIRECTION('center_axis',(0.,-1.,0.));
#3883=DIRECTION('ref_axis',(1.,0.,0.));
#3884=DIRECTION('',(0.,0.,-1.));
#3885=DIRECTION('center_axis',(0.,-1.,0.));
#3886=DIRECTION('ref_axis',(1.,0.,0.));
#3887=DIRECTION('',(-1.,0.,0.));
#3888=DIRECTION('center_axis',(0.,-1.,0.));
#3889=DIRECTION('ref_axis',(1.,0.,0.));
#3890=DIRECTION('',(0.,0.,-1.));
#3891=DIRECTION('',(1.,0.,0.));
#3892=DIRECTION('center_axis',(0.,-1.,0.));
#3893=DIRECTION('ref_axis',(1.,0.,0.));
#3894=DIRECTION('',(0.,0.,1.));
#3895=DIRECTION('',(0.,0.,1.));
#3896=DIRECTION('',(-1.,0.,0.));
#3897=DIRECTION('',(0.,0.,1.));
#3898=DIRECTION('',(-1.,0.,0.));
#3899=DIRECTION('center_axis',(0.,1.,0.));
#3900=DIRECTION('ref_axis',(1.,0.,0.));
#3901=DIRECTION('center_axis',(0.,1.,0.));
#3902=DIRECTION('ref_axis',(1.,0.,0.));
#3903=DIRECTION('center_axis',(0.,1.,0.));
#3904=DIRECTION('ref_axis',(1.,0.,0.));
#3905=DIRECTION('center_axis',(0.,1.,0.));
#3906=DIRECTION('ref_axis',(1.,0.,0.));
#3907=DIRECTION('center_axis',(0.,1.941955493432E-16,1.));
#3908=DIRECTION('ref_axis',(0.,1.,-1.941955493432E-16));
#3909=DIRECTION('',(1.,0.,0.));
#3910=DIRECTION('center_axis',(-1.,0.,0.));
#3911=DIRECTION('ref_axis',(0.,0.840473549362763,-0.541852574803847));
#3912=DIRECTION('',(1.,0.,0.));
#3913=DIRECTION('center_axis',(0.,0.840473549362763,-0.541852574803847));
#3914=DIRECTION('ref_axis',(0.,-0.541852574803847,-0.840473549362763));
#3915=DIRECTION('center_axis',(0.,2.538289690724E-16,-1.));
#3916=DIRECTION('ref_axis',(0.,-1.,-2.538289690724E-16));
#3917=DIRECTION('',(1.,0.,0.));
#3918=DIRECTION('',(1.,0.,0.));
#3919=DIRECTION('center_axis',(-1.,0.,0.));
#3920=DIRECTION('ref_axis',(0.,2.538289690724E-16,-1.));
#3921=DIRECTION('',(1.,0.,0.));
#3922=DIRECTION('center_axis',(0.,-0.840473549362763,0.541852574803847));
#3923=DIRECTION('ref_axis',(0.,0.541852574803847,0.840473549362763));
#3924=DIRECTION('',(1.,0.,0.));
#3925=DIRECTION('center_axis',(-1.,0.,0.));
#3926=DIRECTION('ref_axis',(0.,1.,-1.636433181699E-16));
#3927=DIRECTION('',(1.,0.,0.));
#3928=DIRECTION('center_axis',(-1.,0.,0.));
#3929=DIRECTION('ref_axis',(0.,1.,-1.636433181699E-16));
#3930=DIRECTION('center_axis',(0.,1.,-1.636433181699E-16));
#3931=DIRECTION('ref_axis',(0.,-1.636433181699E-16,-1.));
#3932=DIRECTION('',(1.,0.,0.));
#3933=DIRECTION('',(8.223874256483E-17,1.636433181699E-16,1.));
#3934=DIRECTION('center_axis',(-1.,0.,0.));
#3935=DIRECTION('ref_axis',(0.,1.,-1.636433181699E-16));
#3936=DIRECTION('center_axis',(-1.,0.,0.));
#3937=DIRECTION('ref_axis',(0.,1.,-1.636433181699E-16));
#3938=DIRECTION('center_axis',(0.,-1.,0.));
#3939=DIRECTION('ref_axis',(0.,0.,1.));
#3940=DIRECTION('',(1.,0.,0.));
#3941=DIRECTION('',(1.,0.,0.));
#3942=DIRECTION('center_axis',(-1.,0.,0.));
#3943=DIRECTION('ref_axis',(0.,-1.,0.));
#3944=DIRECTION('',(1.,0.,0.));
#3945=DIRECTION('center_axis',(0.,0.807433509468603,0.58995858141671));
#3946=DIRECTION('ref_axis',(0.,0.58995858141671,-0.807433509468603));
#3947=DIRECTION('',(1.,0.,0.));
#3948=DIRECTION('center_axis',(-1.,0.,0.));
#3949=DIRECTION('ref_axis',(0.,0.,-1.));
#3950=DIRECTION('',(1.,0.,0.));
#3951=DIRECTION('center_axis',(0.,0.,-1.));
#3952=DIRECTION('ref_axis',(0.,-1.,0.));
#3953=DIRECTION('',(1.,0.,0.));
#3954=DIRECTION('center_axis',(-1.,0.,0.));
#3955=DIRECTION('ref_axis',(0.,0.,-1.));
#3956=DIRECTION('center_axis',(-1.,0.,8.223874256483E-17));
#3957=DIRECTION('ref_axis',(8.223874256483E-17,0.,1.));
#3958=DIRECTION('',(0.,0.,1.));
#3959=DIRECTION('',(8.223874256483E-17,0.,1.));
#3960=DIRECTION('',(0.,0.,1.));
#3961=DIRECTION('',(0.,-1.,0.));
#3962=DIRECTION('center_axis',(0.,0.,-1.));
#3963=DIRECTION('ref_axis',(1.,0.,0.));
#3964=DIRECTION('',(-1.,0.,0.));
#3965=DIRECTION('',(-1.,0.,0.));
#3966=DIRECTION('',(-1.,0.,0.));
#3967=DIRECTION('',(-1.,0.,0.));
#3968=DIRECTION('',(0.,-1.,0.));
#3969=DIRECTION('center_axis',(0.,0.,1.));
#3970=DIRECTION('ref_axis',(0.427099775150908,-0.904204502347806,0.));
#3971=DIRECTION('',(1.,0.,0.));
#3972=DIRECTION('center_axis',(0.,0.,1.));
#3973=DIRECTION('ref_axis',(-1.026956297778E-13,-1.,0.));
#3974=DIRECTION('',(0.,1.,0.));
#3975=DIRECTION('center_axis',(0.,0.,1.));
#3976=DIRECTION('ref_axis',(-1.,2.053912595557E-13,0.));
#3977=DIRECTION('',(1.,0.,0.));
#3978=DIRECTION('center_axis',(0.,0.,1.));
#3979=DIRECTION('ref_axis',(3.100297796266E-13,1.,0.));
#3980=DIRECTION('',(0.,1.,0.));
#3981=DIRECTION('center_axis',(0.,0.,-1.));
#3982=DIRECTION('ref_axis',(-1.,0.,0.));
#3983=DIRECTION('center_axis',(0.,0.,-1.));
#3984=DIRECTION('ref_axis',(1.,0.,0.));
#3985=DIRECTION('',(0.,-1.,0.));
#3986=DIRECTION('center_axis',(0.,0.,-1.));
#3987=DIRECTION('ref_axis',(1.,0.,0.));
#3988=DIRECTION('',(-1.,0.,0.));
#3989=DIRECTION('center_axis',(0.,0.,-1.));
#3990=DIRECTION('ref_axis',(1.,0.,0.));
#3991=DIRECTION('',(0.,-1.,0.));
#3992=DIRECTION('center_axis',(0.,0.,-1.));
#3993=DIRECTION('ref_axis',(1.,0.,0.));
#3994=DIRECTION('',(0.,-1.,0.));
#3995=DIRECTION('',(0.,-1.,0.));
#3996=DIRECTION('',(0.,-1.,0.));
#3997=DIRECTION('center_axis',(-1.,0.,8.223874256483E-17));
#3998=DIRECTION('ref_axis',(8.223874256483E-17,0.,1.));
#3999=DIRECTION('',(0.,-1.,0.));
#4000=DIRECTION('center_axis',(1.,0.,0.));
#4001=DIRECTION('ref_axis',(0.,0.,1.));
#4002=DIRECTION('',(0.,0.,-1.));
#4003=DIRECTION('',(0.,1.,0.));
#4004=DIRECTION('',(0.,0.,-1.));
#4005=DIRECTION('center_axis',(1.,0.,0.));
#4006=DIRECTION('ref_axis',(0.,1.,0.));
#4007=DIRECTION('',(0.,0.,1.));
#4008=DIRECTION('',(0.,1.,0.));
#4009=DIRECTION('center_axis',(0.66194353307105,-0.749553706565057,0.));
#4010=DIRECTION('ref_axis',(-0.749553706565057,-0.66194353307105,0.));
#4011=DIRECTION('',(0.,0.,-1.));
#4012=DIRECTION('',(0.749553706565057,0.66194353307105,0.));
#4013=DIRECTION('center_axis',(0.,-1.,0.));
#4014=DIRECTION('ref_axis',(0.,0.,-1.));
#4015=DIRECTION('',(-1.,0.,0.));
#4016=DIRECTION('',(-1.,0.,0.));
#4017=DIRECTION('',(-1.,0.,0.));
#4018=DIRECTION('',(0.,0.,-1.));
#4019=DIRECTION('',(1.,0.,0.));
#4020=DIRECTION('center_axis',(1.,0.,0.));
#4021=DIRECTION('ref_axis',(0.,1.,0.));
#4022=DIRECTION('',(0.,1.,0.));
#4023=DIRECTION('center_axis',(0.,0.,-1.));
#4024=DIRECTION('ref_axis',(1.,0.,0.));
#4025=DIRECTION('center_axis',(0.,0.,-1.));
#4026=DIRECTION('ref_axis',(1.,0.,0.));
#4027=DIRECTION('',(0.,0.,1.));
#4028=DIRECTION('center_axis',(0.,0.,-1.));
#4029=DIRECTION('ref_axis',(-1.,0.,0.));
#4030=DIRECTION('center_axis',(0.,0.,-1.));
#4031=DIRECTION('ref_axis',(-1.,0.,0.));
#4032=DIRECTION('',(0.,0.,1.));
#4033=DIRECTION('center_axis',(0.,0.,-1.));
#4034=DIRECTION('ref_axis',(-1.,0.,0.));
#4035=DIRECTION('',(0.,0.,1.));
#4036=DIRECTION('center_axis',(0.,0.,1.));
#4037=DIRECTION('ref_axis',(-1.,0.,0.));
#4038=DIRECTION('',(0.,0.,1.));
#4039=DIRECTION('center_axis',(0.,0.,-1.));
#4040=DIRECTION('ref_axis',(-1.,0.,0.));
#4041=DIRECTION('center_axis',(0.,0.,-1.));
#4042=DIRECTION('ref_axis',(-1.,0.,0.));
#4043=DIRECTION('',(0.,0.,1.));
#4044=DIRECTION('center_axis',(0.,0.,-1.));
#4045=DIRECTION('ref_axis',(-1.,0.,0.));
#4046=DIRECTION('',(0.,0.,1.));
#4047=DIRECTION('center_axis',(0.,0.,1.));
#4048=DIRECTION('ref_axis',(-1.,0.,0.));
#4049=DIRECTION('',(0.,0.,1.));
#4050=DIRECTION('center_axis',(-1.,0.,8.223874256483E-17));
#4051=DIRECTION('ref_axis',(8.223874256483E-17,0.,1.));
#4052=DIRECTION('',(2.137513051699E-65,1.,2.599155805446E-49));
#4053=DIRECTION('',(8.223874256483E-17,0.,1.));
#4054=DIRECTION('',(8.223874256483E-17,0.,1.));
#4055=DIRECTION('',(8.223874256483E-17,0.,1.));
#4056=DIRECTION('',(0.,-1.,0.));
#4057=DIRECTION('center_axis',(0.,-1.,0.));
#4058=DIRECTION('ref_axis',(1.,0.,0.));
#4059=DIRECTION('center_axis',(0.,-1.,0.));
#4060=DIRECTION('ref_axis',(1.,0.,0.));
#4061=DIRECTION('',(0.573462344363157,0.81923192051916,-7.02288824455878E-17));
#4062=DIRECTION('center_axis',(0.,-1.,0.));
#4063=DIRECTION('ref_axis',(-1.,0.,0.));
#4064=DIRECTION('center_axis',(0.,-1.,0.));
#4065=DIRECTION('ref_axis',(-1.,0.,0.));
#4066=DIRECTION('center_axis',(0.,0.,1.));
#4067=DIRECTION('ref_axis',(1.,0.,0.));
#4068=DIRECTION('',(0.,1.,0.));
#4069=DIRECTION('',(1.,0.,0.));
#4070=DIRECTION('',(-1.,0.,0.));
#4071=DIRECTION('center_axis',(0.,-1.,0.));
#4072=DIRECTION('ref_axis',(0.,0.,-1.));
#4073=DIRECTION('',(0.,0.,1.));
#4074=DIRECTION('',(-1.,0.,0.));
#4075=DIRECTION('center_axis',(-1.,0.,0.));
#4076=DIRECTION('ref_axis',(0.,0.,1.));
#4077=DIRECTION('',(0.,0.412390151316039,0.911007334272087));
#4078=DIRECTION('',(0.,-1.,0.));
#4079=DIRECTION('',(0.,-1.,0.));
#4080=DIRECTION('',(0.,-0.541852574803847,-0.840473549362763));
#4081=DIRECTION('center_axis',(-1.,0.,0.));
#4082=DIRECTION('ref_axis',(0.,0.840473549362763,-0.541852574803847));
#4083=DIRECTION('',(0.,-0.58995858141671,0.807433509468603));
#4084=DIRECTION('center_axis',(-1.,0.,0.));
#4085=DIRECTION('ref_axis',(0.,-0.807433509468602,-0.58995858141671));
#4086=DIRECTION('',(0.,1.,-1.941955493432E-16));
#4087=DIRECTION('center_axis',(-1.,0.,0.));
#4088=DIRECTION('ref_axis',(0.,0.840473549362763,-0.541852574803847));
#4089=DIRECTION('',(0.,-1.636433181699E-16,-1.));
#4090=DIRECTION('center_axis',(-1.,0.,0.));
#4091=DIRECTION('ref_axis',(0.,1.,-1.636433181699E-16));
#4092=DIRECTION('',(0.,-1.,-2.538289690724E-16));
#4093=DIRECTION('center_axis',(-1.,0.,0.));
#4094=DIRECTION('ref_axis',(0.,2.538289690724E-16,-1.));
#4095=DIRECTION('',(0.,0.541852574803847,0.840473549362763));
#4096=DIRECTION('center_axis',(-1.,0.,0.));
#4097=DIRECTION('ref_axis',(0.,1.,-1.636433181699E-16));
#4098=DIRECTION('',(0.,-1.,0.));
#4099=DIRECTION('center_axis',(-1.,0.,0.));
#4100=DIRECTION('ref_axis',(0.,0.,-1.));
#4101=DIRECTION('',(0.,0.,1.));
#4102=DIRECTION('center_axis',(-1.,0.,0.));
#4103=DIRECTION('ref_axis',(0.,-1.,0.));
#4104=DIRECTION('',(0.,0.58995858141671,-0.807433509468603));
#4105=DIRECTION('center_axis',(-1.,0.,0.));
#4106=DIRECTION('ref_axis',(0.,0.,-1.));
#4107=DIRECTION('center_axis',(1.,0.,-1.644774851297E-16));
#4108=DIRECTION('ref_axis',(-1.644774851297E-16,0.,-1.));
#4109=DIRECTION('',(0.,-1.,0.));
#4110=DIRECTION('',(0.,0.,1.));
#4111=DIRECTION('center_axis',(1.,0.,-1.644774851297E-16));
#4112=DIRECTION('ref_axis',(-1.644774851297E-16,0.,-1.));
#4113=DIRECTION('',(-1.644774851297E-16,0.,-1.));
#4114=DIRECTION('',(-3.194079557936E-32,1.,-1.941955493432E-16));
#4115=DIRECTION('center_axis',(-1.,0.,0.));
#4116=DIRECTION('ref_axis',(0.,-0.807433509468602,-0.58995858141671));
#4117=DIRECTION('',(1.32804633046535E-16,-0.58995858141671,0.807433509468603));
#4118=DIRECTION('',(-1.644774851297E-16,0.,-1.));
#4119=DIRECTION('',(-1.32804633046535E-16,0.58995858141671,-0.807433509468603));
#4120=DIRECTION('center_axis',(-1.,0.,0.));
#4121=DIRECTION('ref_axis',(0.,-1.,0.));
#4122=DIRECTION('',(1.644774851297E-16,0.,1.));
#4123=DIRECTION('center_axis',(-1.,0.,0.));
#4124=DIRECTION('ref_axis',(0.,0.,-1.));
#4125=DIRECTION('',(0.,-1.,0.));
#4126=DIRECTION('',(-1.644774851297E-16,0.,-1.));
#4127=DIRECTION('center_axis',(1.,0.,0.));
#4128=DIRECTION('ref_axis',(0.,0.,1.));
#4129=DIRECTION('',(0.,1.,0.));
#4130=DIRECTION('center_axis',(-1.,7.274050125933E-15,-3.694003032456E-15));
#4131=DIRECTION('ref_axis',(3.69400303245602E-15,2.636779683485E-15,-1.));
#4132=DIRECTION('',(0.,0.589958581417186,-0.807433509468254));
#4133=DIRECTION('',(0.,0.58995858141671,-0.807433509468603));
#4134=DIRECTION('center_axis',(-1.,-5.931567523791E-15,-1.221073234169E-14));
#4135=DIRECTION('ref_axis',(1.19931727127509E-14,-0.807433509468254,-0.589958581417186));
#4136=DIRECTION('',(0.,0.541852574803847,0.840473549362763));
#4137=DIRECTION('center_axis',(-1.,0.,0.));
#4138=DIRECTION('ref_axis',(0.,0.840473549363968,-0.541852574801979));
#4139=DIRECTION('',(0.,1.,0.));
#4140=DIRECTION('',(1.066407057188E-16,2.132814114376E-16,-1.));
#4141=DIRECTION('center_axis',(-1.,3.631092355805E-15,-8.233549153239E-15));
#4142=DIRECTION('ref_axis',(-7.51320688880302E-15,0.166666666667035,0.986013297183207));
#4143=DIRECTION('',(0.,0.541852574803141,0.840473549363218));
#4144=DIRECTION('center_axis',(-1.,-8.28056266008E-15,-1.428276967951E-14));
#4145=DIRECTION('ref_axis',(2.4403907501673E-15,-0.929757467540632,0.368172583922854));
#4146=DIRECTION('',(0.,1.,0.));
#4147=DIRECTION('center_axis',(-1.,0.,0.));
#4148=DIRECTION('ref_axis',(0.,-1.530827892059E-8,-1.));
#4149=DIRECTION('',(-1.087409122275E-15,0.,-1.));
#4150=DIRECTION('center_axis',(1.,0.,-1.644774851297E-16));
#4151=DIRECTION('ref_axis',(-1.644774851297E-16,0.,-1.));
#4152=DIRECTION('',(0.,-1.,0.));
#4153=DIRECTION('center_axis',(-1.,0.,0.));
#4154=DIRECTION('ref_axis',(0.,1.,-1.636433181699E-16));
#4155=DIRECTION('',(-1.644774851297E-16,-1.636433181699E-16,-1.));
#4156=DIRECTION('center_axis',(-1.,0.,0.));
#4157=DIRECTION('ref_axis',(0.,1.,-1.636433181699E-16));
#4158=DIRECTION('',(0.,0.,1.));
#4159=DIRECTION('',(-1.644774851297E-16,0.,-1.));
#4160=DIRECTION('',(0.,0.,1.));
#4161=DIRECTION('center_axis',(1.,0.,-1.644774851297E-16));
#4162=DIRECTION('ref_axis',(-1.644774851297E-16,0.,-1.));
#4163=DIRECTION('',(0.,-1.,0.));
#4164=DIRECTION('',(1.644774851297E-16,-3.838392970858E-15,1.));
#4165=DIRECTION('',(1.644774851297E-16,-3.838392970858E-15,1.));
#4166=DIRECTION('',(1.644774851297E-16,-3.838392970858E-15,1.));
#4167=DIRECTION('',(0.,0.412390151316039,0.911007334272087));
#4168=DIRECTION('center_axis',(0.,-1.,0.));
#4169=DIRECTION('ref_axis',(1.,0.,0.));
#4170=DIRECTION('center_axis',(0.,-1.,0.));
#4171=DIRECTION('ref_axis',(0.,0.,-1.));
#4172=DIRECTION('center_axis',(0.,-1.,0.));
#4173=DIRECTION('ref_axis',(0.,0.,-1.));
#4174=DIRECTION('center_axis',(0.,0.,-1.));
#4175=DIRECTION('ref_axis',(1.,0.,0.));
#4176=DIRECTION('center_axis',(0.,0.,1.));
#4177=DIRECTION('ref_axis',(1.,0.,0.));
#4178=DIRECTION('',(0.,1.,0.));
#4179=DIRECTION('center_axis',(-1.,0.,0.));
#4180=DIRECTION('ref_axis',(0.,0.,1.));
#4181=DIRECTION('',(0.,1.,0.));
#4182=DIRECTION('',(0.,1.,0.));
#4183=DIRECTION('center_axis',(0.,-1.,0.));
#4184=DIRECTION('ref_axis',(-0.674199862463108,0.,-0.738548945876119));
#4185=DIRECTION('',(0.,1.,0.));
#4186=DIRECTION('center_axis',(0.,-1.,0.));
#4187=DIRECTION('ref_axis',(1.,0.,0.));
#4188=DIRECTION('center_axis',(-1.,0.,0.));
#4189=DIRECTION('ref_axis',(0.,0.,1.));
#4190=DIRECTION('',(0.,1.,0.));
#4191=DIRECTION('',(0.,1.,0.));
#4192=DIRECTION('',(0.,1.,0.));
#4193=DIRECTION('center_axis',(0.,-1.,0.));
#4194=DIRECTION('ref_axis',(-0.707106786242047,0.,-0.707106776131047));
#4195=DIRECTION('',(0.,1.,0.));
#4196=DIRECTION('center_axis',(0.,-1.,0.));
#4197=DIRECTION('ref_axis',(1.,0.,0.));
#4198=DIRECTION('center_axis',(0.,0.,-1.));
#4199=DIRECTION('ref_axis',(-1.,0.,0.));
#4200=DIRECTION('',(0.,1.,0.));
#4201=DIRECTION('',(0.,1.,0.));
#4202=DIRECTION('',(0.,1.,0.));
#4203=DIRECTION('center_axis',(0.,-1.,0.));
#4204=DIRECTION('ref_axis',(1.,0.,0.));
#4205=DIRECTION('',(0.,1.,0.));
#4206=DIRECTION('center_axis',(0.,-1.,0.));
#4207=DIRECTION('ref_axis',(1.,0.,0.));
#4208=DIRECTION('center_axis',(1.,0.,0.));
#4209=DIRECTION('ref_axis',(0.,0.,-1.));
#4210=DIRECTION('',(0.,1.,0.));
#4211=DIRECTION('',(0.,1.,0.));
#4212=DIRECTION('center_axis',(0.,0.,-1.));
#4213=DIRECTION('ref_axis',(-1.,0.,0.));
#4214=DIRECTION('',(0.,1.,0.));
#4215=DIRECTION('',(0.,1.,0.));
#4216=DIRECTION('center_axis',(0.,-1.,0.));
#4217=DIRECTION('ref_axis',(0.707106765877047,0.,-0.707106796496047));
#4218=DIRECTION('',(0.,1.,0.));
#4219=DIRECTION('center_axis',(0.,-1.,0.));
#4220=DIRECTION('ref_axis',(1.,0.,0.));
#4221=DIRECTION('center_axis',(1.,0.,0.));
#4222=DIRECTION('ref_axis',(0.,0.,-1.));
#4223=DIRECTION('',(0.,1.,0.));
#4224=DIRECTION('center_axis',(0.,-1.,0.));
#4225=DIRECTION('ref_axis',(1.,0.,0.));
#4226=DIRECTION('center_axis',(0.,-1.,0.));
#4227=DIRECTION('ref_axis',(1.,0.,0.));
#4228=DIRECTION('center_axis',(0.,-1.,0.));
#4229=DIRECTION('ref_axis',(1.,0.,0.));
#4230=DIRECTION('center_axis',(0.,-1.,0.));
#4231=DIRECTION('ref_axis',(1.,0.,0.));
#4232=DIRECTION('center_axis',(0.,-1.,0.));
#4233=DIRECTION('ref_axis',(1.,0.,0.));
#4234=DIRECTION('center_axis',(0.,-1.,0.));
#4235=DIRECTION('ref_axis',(1.,0.,0.));
#4236=DIRECTION('center_axis',(0.,-1.,0.));
#4237=DIRECTION('ref_axis',(1.,0.,0.));
#4238=DIRECTION('center_axis',(0.,-1.,0.));
#4239=DIRECTION('ref_axis',(1.,0.,0.));
#4240=DIRECTION('center_axis',(0.,0.,-1.));
#4241=DIRECTION('ref_axis',(-1.,0.,0.));
#4242=DIRECTION('',(0.,-1.,0.));
#4243=DIRECTION('',(0.,-1.,0.));
#4244=DIRECTION('',(0.,-1.,0.));
#4245=DIRECTION('',(-0.749553706565057,0.66194353307105,0.));
#4246=DIRECTION('center_axis',(0.,0.,1.));
#4247=DIRECTION('ref_axis',(0.629673963818257,-0.776859510651317,0.));
#4248=DIRECTION('center_axis',(0.,0.,1.));
#4249=DIRECTION('ref_axis',(-1.,0.,0.));
#4250=DIRECTION('center_axis',(0.,0.,1.));
#4251=DIRECTION('ref_axis',(-1.,0.,0.));
#4252=DIRECTION('center_axis',(-1.,0.,0.));
#4253=DIRECTION('ref_axis',(0.,-1.,0.));
#4254=DIRECTION('',(0.,1.,0.));
#4255=DIRECTION('',(0.,0.,1.));
#4256=DIRECTION('center_axis',(0.,0.,-1.));
#4257=DIRECTION('ref_axis',(-1.,0.,0.));
#4258=DIRECTION('',(-1.,0.,0.));
#4259=DIRECTION('center_axis',(0.,0.,-1.));
#4260=DIRECTION('ref_axis',(1.,0.,0.));
#4261=DIRECTION('',(0.,-1.,0.));
#4262=DIRECTION('center_axis',(0.,0.,-1.));
#4263=DIRECTION('ref_axis',(1.,0.,0.));
#4264=DIRECTION('',(-1.,0.,0.));
#4265=DIRECTION('center_axis',(0.,0.,-1.));
#4266=DIRECTION('ref_axis',(1.,0.,0.));
#4267=DIRECTION('',(0.,-1.,0.));
#4268=DIRECTION('center_axis',(0.,0.,-1.));
#4269=DIRECTION('ref_axis',(1.,0.,0.));
#4270=DIRECTION('',(-1.,0.,0.));
#4271=DIRECTION('center_axis',(0.,0.,1.));
#4272=DIRECTION('ref_axis',(-1.,0.,0.));
#4273=DIRECTION('center_axis',(0.,0.,1.));
#4274=DIRECTION('ref_axis',(-1.,0.,0.));
#4275=DIRECTION('center_axis',(0.,-1.,0.));
#4276=DIRECTION('ref_axis',(1.,0.,0.));
#4277=DIRECTION('',(0.,1.,0.));
#4278=DIRECTION('center_axis',(0.,1.,0.));
#4279=DIRECTION('ref_axis',(1.,0.,0.));
#4280=DIRECTION('center_axis',(0.,-1.,0.));
#4281=DIRECTION('ref_axis',(1.,0.,0.));
#4282=DIRECTION('',(0.,1.,0.));
#4283=DIRECTION('center_axis',(0.,1.,0.));
#4284=DIRECTION('ref_axis',(1.,0.,0.));
#4285=DIRECTION('center_axis',(0.,-1.,0.));
#4286=DIRECTION('ref_axis',(1.,0.,0.));
#4287=DIRECTION('',(0.,1.,0.));
#4288=DIRECTION('center_axis',(0.,1.,0.));
#4289=DIRECTION('ref_axis',(1.,0.,0.));
#4290=DIRECTION('center_axis',(0.,-1.,0.));
#4291=DIRECTION('ref_axis',(1.,0.,0.));
#4292=DIRECTION('',(0.,1.,0.));
#4293=DIRECTION('center_axis',(0.,1.,0.));
#4294=DIRECTION('ref_axis',(1.,0.,0.));
#4295=DIRECTION('center_axis',(0.,0.,-1.));
#4296=DIRECTION('ref_axis',(-1.,0.,0.));
#4297=DIRECTION('center_axis',(0.,0.,-1.));
#4298=DIRECTION('ref_axis',(1.,0.,0.));
#4299=DIRECTION('',(-1.,0.,0.));
#4300=DIRECTION('center_axis',(0.,0.,-1.));
#4301=DIRECTION('ref_axis',(1.,0.,0.));
#4302=DIRECTION('',(0.,-1.,0.));
#4303=DIRECTION('center_axis',(0.,0.,-1.));
#4304=DIRECTION('ref_axis',(1.,0.,0.));
#4305=DIRECTION('',(-1.,0.,0.));
#4306=DIRECTION('center_axis',(0.,0.,-1.));
#4307=DIRECTION('ref_axis',(1.,0.,0.));
#4308=DIRECTION('',(0.,-1.,0.));
#4309=DIRECTION('center_axis',(0.,1.,0.));
#4310=DIRECTION('ref_axis',(0.,0.,1.));
#4311=DIRECTION('center_axis',(0.,1.,0.));
#4312=DIRECTION('ref_axis',(0.,0.,1.));
#4313=DIRECTION('center_axis',(0.,1.,0.));
#4314=DIRECTION('ref_axis',(0.,0.,1.));
#4315=DIRECTION('',(0.,0.,1.));
#4316=DIRECTION('',(0.,0.,1.));
#4317=DIRECTION('',(-1.,0.,0.));
#4318=DIRECTION('center_axis',(0.,0.,-1.));
#4319=DIRECTION('ref_axis',(1.,0.,0.));
#4320=DIRECTION('',(0.,0.,1.));
#4321=DIRECTION('center_axis',(0.,0.,1.));
#4322=DIRECTION('ref_axis',(0.823815982953297,-0.566857324404204,0.));
#4323=DIRECTION('',(0.,0.,1.));
#4324=DIRECTION('center_axis',(-1.,0.,0.));
#4325=DIRECTION('ref_axis',(0.,0.,1.));
#4326=DIRECTION('',(0.,0.,1.));
#4327=DIRECTION('',(0.,1.,0.));
#4328=DIRECTION('center_axis',(0.,0.,-1.));
#4329=DIRECTION('ref_axis',(1.,0.,0.));
#4330=DIRECTION('',(0.,0.,1.));
#4331=DIRECTION('center_axis',(0.,0.,1.));
#4332=DIRECTION('ref_axis',(3.105848911389E-13,1.,0.));
#4333=DIRECTION('center_axis',(0.,1.,0.));
#4334=DIRECTION('ref_axis',(0.,0.,1.));
#4335=DIRECTION('',(0.,0.,1.));
#4336=DIRECTION('',(1.,0.,0.));
#4337=DIRECTION('center_axis',(0.,0.,-1.));
#4338=DIRECTION('ref_axis',(1.,0.,0.));
#4339=DIRECTION('',(0.,0.,1.));
#4340=DIRECTION('center_axis',(0.,0.,1.));
#4341=DIRECTION('ref_axis',(-1.,2.065014825803E-13,0.));
#4342=DIRECTION('center_axis',(-1.,0.,0.));
#4343=DIRECTION('ref_axis',(0.,0.,1.));
#4344=DIRECTION('',(0.,0.,1.));
#4345=DIRECTION('',(0.,1.,0.));
#4346=DIRECTION('center_axis',(0.,0.,-1.));
#4347=DIRECTION('ref_axis',(1.,0.,0.));
#4348=DIRECTION('',(0.,0.,1.));
#4349=DIRECTION('center_axis',(0.,0.,1.));
#4350=DIRECTION('ref_axis',(-1.035282970463E-13,-1.,0.));
#4351=DIRECTION('center_axis',(0.,1.,0.));
#4352=DIRECTION('ref_axis',(0.,0.,1.));
#4353=DIRECTION('',(1.,0.,0.));
#4354=DIRECTION('center_axis',(0.,0.,-1.));
#4355=DIRECTION('ref_axis',(1.,0.,0.));
#4356=DIRECTION('',(0.,0.,1.));
#4357=DIRECTION('center_axis',(-1.,0.,0.));
#4358=DIRECTION('ref_axis',(0.,0.,1.));
#4359=DIRECTION('',(0.,0.,1.));
#4360=DIRECTION('center_axis',(0.,0.,-1.));
#4361=DIRECTION('ref_axis',(1.,0.,0.));
#4362=DIRECTION('',(0.,0.,1.));
#4363=DIRECTION('center_axis',(0.,1.,0.));
#4364=DIRECTION('ref_axis',(0.,0.,1.));
#4365=DIRECTION('',(0.,0.,1.));
#4366=DIRECTION('center_axis',(0.,0.,-1.));
#4367=DIRECTION('ref_axis',(1.,0.,0.));
#4368=DIRECTION('',(0.,0.,1.));
#4369=DIRECTION('center_axis',(-1.,0.,0.));
#4370=DIRECTION('ref_axis',(0.,0.,1.));
#4371=DIRECTION('',(0.,0.,1.));
#4372=DIRECTION('center_axis',(0.,0.,-1.));
#4373=DIRECTION('ref_axis',(1.,0.,0.));
#4374=DIRECTION('center_axis',(0.,0.,-1.));
#4375=DIRECTION('ref_axis',(1.,0.,0.));
#4376=DIRECTION('',(-1.,0.,0.));
#4377=DIRECTION('',(0.,1.,0.));
#4378=DIRECTION('center_axis',(0.,0.,1.));
#4379=DIRECTION('ref_axis',(0.68138964147993,-0.731920867637925,0.));
#4380=DIRECTION('center_axis',(0.,0.,1.));
#4381=DIRECTION('ref_axis',(-0.857099128711203,-0.515151515151122,0.));
#4382=DIRECTION('center_axis',(0.,0.,-1.));
#4383=DIRECTION('ref_axis',(-1.,0.,0.));
#4384=DIRECTION('',(0.,1.,0.));
#4385=DIRECTION('',(-0.749553706565057,0.66194353307105,0.));
#4386=DIRECTION('center_axis',(0.,0.,1.));
#4387=DIRECTION('ref_axis',(-1.,0.,0.));
#4388=DIRECTION('center_axis',(0.,0.,1.));
#4389=DIRECTION('ref_axis',(-1.,0.,0.));
#4390=DIRECTION('center_axis',(0.,0.,-1.));
#4391=DIRECTION('ref_axis',(1.,0.,0.));
#4392=DIRECTION('',(0.,-1.,0.));
#4393=DIRECTION('center_axis',(0.,0.,-1.));
#4394=DIRECTION('ref_axis',(1.,0.,0.));
#4395=DIRECTION('',(-1.,0.,0.));
#4396=DIRECTION('center_axis',(0.,0.,-1.));
#4397=DIRECTION('ref_axis',(1.,0.,0.));
#4398=DIRECTION('',(0.,-1.,0.));
#4399=DIRECTION('center_axis',(0.,0.,-1.));
#4400=DIRECTION('ref_axis',(1.,0.,0.));
#4401=DIRECTION('',(-1.,0.,0.));
#4402=DIRECTION('center_axis',(0.66194353307105,0.749553706565057,0.));
#4403=DIRECTION('ref_axis',(0.749553706565057,-0.66194353307105,0.));
#4404=DIRECTION('',(0.,0.,1.));
#4405=DIRECTION('center_axis',(0.,0.911007334272087,-0.412390151316039));
#4406=DIRECTION('ref_axis',(0.,0.412390151316039,0.911007334272087));
#4407=DIRECTION('center_axis',(0.,0.,-1.));
#4408=DIRECTION('ref_axis',(1.,0.,0.));
#4409=DIRECTION('center_axis',(0.,0.,-1.));
#4410=DIRECTION('ref_axis',(1.,0.,0.));
#4411=DIRECTION('center_axis',(0.,0.,-1.));
#4412=DIRECTION('ref_axis',(1.,0.,0.));
#4413=DIRECTION('center_axis',(0.,0.,-1.));
#4414=DIRECTION('ref_axis',(1.,0.,0.));
#4415=DIRECTION('center_axis',(0.,0.,-1.));
#4416=DIRECTION('ref_axis',(1.,0.,0.));
#4417=DIRECTION('center_axis',(0.,0.,-1.));
#4418=DIRECTION('ref_axis',(1.,0.,0.));
#4419=DIRECTION('',(0.,0.,1.));
#4420=DIRECTION('center_axis',(0.,0.,-1.));
#4421=DIRECTION('ref_axis',(1.,0.,0.));
#4422=DIRECTION('center_axis',(0.,0.,-1.));
#4423=DIRECTION('ref_axis',(1.,0.,0.));
#4424=DIRECTION('center_axis',(0.,0.,-1.));
#4425=DIRECTION('ref_axis',(-1.,0.,0.));
#4426=DIRECTION('center_axis',(0.,0.,-1.));
#4427=DIRECTION('ref_axis',(1.,0.,0.));
#4428=DIRECTION('center_axis',(0.,0.,-1.));
#4429=DIRECTION('ref_axis',(1.,0.,0.));
#4430=DIRECTION('center_axis',(0.,0.,-1.));
#4431=DIRECTION('ref_axis',(1.,0.,0.));
#4432=DIRECTION('center_axis',(0.,0.,-1.));
#4433=DIRECTION('ref_axis',(1.,0.,0.));
#4434=DIRECTION('',(0.,0.,1.));
#4435=DIRECTION('center_axis',(0.,0.,-1.));
#4436=DIRECTION('ref_axis',(1.,0.,0.));
#4437=DIRECTION('center_axis',(0.,0.,-1.));
#4438=DIRECTION('ref_axis',(1.,0.,0.));
#4439=DIRECTION('center_axis',(0.,0.,-1.));
#4440=DIRECTION('ref_axis',(-1.,0.,0.));
#4441=DIRECTION('center_axis',(0.,-1.,0.));
#4442=DIRECTION('ref_axis',(0.,0.,1.));
#4443=DIRECTION('center_axis',(0.,-1.,0.));
#4444=DIRECTION('ref_axis',(1.,0.,0.));
#4445=DIRECTION('center_axis',(0.,-1.,0.));
#4446=DIRECTION('ref_axis',(0.,0.,-1.));
#4447=DIRECTION('center_axis',(0.,-1.,0.));
#4448=DIRECTION('ref_axis',(0.,0.,-1.));
#4449=DIRECTION('center_axis',(0.,-1.,0.));
#4450=DIRECTION('ref_axis',(0.,0.,-1.));
#4451=DIRECTION('center_axis',(0.,-1.,0.));
#4452=DIRECTION('ref_axis',(-1.,0.,0.));
#4453=DIRECTION('center_axis',(0.,-1.,0.));
#4454=DIRECTION('ref_axis',(-1.,0.,0.));
#4455=DIRECTION('',(0.,-1.,0.));
#4456=DIRECTION('center_axis',(0.,0.840473549362763,-0.541852574803847));
#4457=DIRECTION('ref_axis',(0.,-0.541852574803847,-0.840473549362763));
#4458=DIRECTION('',(1.,0.,0.));
#4459=DIRECTION('',(1.,0.,0.));
#4460=DIRECTION('center_axis',(-1.,0.,0.));
#4461=DIRECTION('ref_axis',(0.,0.840473549362763,-0.541852574803847));
#4462=DIRECTION('',(1.,0.,0.));
#4463=DIRECTION('center_axis',(0.,1.941955493432E-16,1.));
#4464=DIRECTION('ref_axis',(0.,1.,-1.941955493432E-16));
#4465=DIRECTION('',(1.,0.,0.));
#4466=DIRECTION('center_axis',(-1.,0.,0.));
#4467=DIRECTION('ref_axis',(0.,-0.807433509468602,-0.58995858141671));
#4468=DIRECTION('',(1.,0.,0.));
#4469=DIRECTION('center_axis',(0.,-0.807433509468603,-0.58995858141671));
#4470=DIRECTION('ref_axis',(0.,-0.58995858141671,0.807433509468603));
#4471=DIRECTION('',(1.,0.,0.));
#4472=DIRECTION('center_axis',(-1.,0.,0.));
#4473=DIRECTION('ref_axis',(0.,0.840473549362763,-0.541852574803847));
#4474=DIRECTION('center_axis',(0.,1.,-1.636433181699E-16));
#4475=DIRECTION('ref_axis',(0.,-1.636433181699E-16,-1.));
#4476=DIRECTION('',(1.,0.,0.));
#4477=DIRECTION('',(1.,0.,0.));
#4478=DIRECTION('center_axis',(-1.,0.,0.));
#4479=DIRECTION('ref_axis',(0.,1.,-1.636433181699E-16));
#4480=DIRECTION('',(1.,0.,0.));
#4481=DIRECTION('center_axis',(0.,-0.840473549362763,0.541852574803847));
#4482=DIRECTION('ref_axis',(0.,0.541852574803847,0.840473549362763));
#4483=DIRECTION('',(1.,0.,0.));
#4484=DIRECTION('center_axis',(-1.,0.,0.));
#4485=DIRECTION('ref_axis',(0.,2.538289690724E-16,-1.));
#4486=DIRECTION('',(1.,0.,0.));
#4487=DIRECTION('center_axis',(0.,2.538289690724E-16,-1.));
#4488=DIRECTION('ref_axis',(0.,-1.,-2.538289690724E-16));
#4489=DIRECTION('',(1.,0.,0.));
#4490=DIRECTION('center_axis',(-1.,0.,0.));
#4491=DIRECTION('ref_axis',(0.,1.,-1.636433181699E-16));
#4492=DIRECTION('center_axis',(0.,0.,-1.));
#4493=DIRECTION('ref_axis',(0.,-1.,0.));
#4494=DIRECTION('',(1.,0.,0.));
#4495=DIRECTION('',(1.,0.,0.));
#4496=DIRECTION('center_axis',(-1.,0.,0.));
#4497=DIRECTION('ref_axis',(0.,0.,-1.));
#4498=DIRECTION('',(1.,0.,0.));
#4499=DIRECTION('center_axis',(0.,0.807433509468603,0.58995858141671));
#4500=DIRECTION('ref_axis',(0.,0.58995858141671,-0.807433509468603));
#4501=DIRECTION('',(1.,0.,0.));
#4502=DIRECTION('center_axis',(-1.,0.,0.));
#4503=DIRECTION('ref_axis',(0.,-1.,0.));
#4504=DIRECTION('',(1.,0.,0.));
#4505=DIRECTION('center_axis',(0.,-1.,0.));
#4506=DIRECTION('ref_axis',(0.,0.,1.));
#4507=DIRECTION('',(1.,0.,0.));
#4508=DIRECTION('center_axis',(-1.,0.,0.));
#4509=DIRECTION('ref_axis',(0.,0.,-1.));
#4510=DIRECTION('center_axis',(0.,1.,0.));
#4511=DIRECTION('ref_axis',(0.,0.,1.));
#4512=DIRECTION('center_axis',(0.,1.,0.));
#4513=DIRECTION('ref_axis',(0.,0.,1.));
#4514=DIRECTION('center_axis',(0.,-1.,0.));
#4515=DIRECTION('ref_axis',(0.,0.,-1.));
#4516=DIRECTION('center_axis',(0.,-1.,0.));
#4517=DIRECTION('ref_axis',(0.,0.,-1.));
#4518=DIRECTION('center_axis',(0.,-1.,0.));
#4519=DIRECTION('ref_axis',(0.,0.,1.));
#4520=DIRECTION('center_axis',(0.,-1.,0.));
#4521=DIRECTION('ref_axis',(0.,0.,-1.));
#4522=DIRECTION('center_axis',(0.,-1.,0.));
#4523=DIRECTION('ref_axis',(0.,0.,-1.));
#4524=DIRECTION('center_axis',(0.,-1.,0.));
#4525=DIRECTION('ref_axis',(0.,0.,-1.));
#4526=DIRECTION('',(8.65956056235105E-17,-0.707106781186865,0.70710678118623));
#4527=DIRECTION('center_axis',(0.,-1.,0.));
#4528=DIRECTION('ref_axis',(1.,0.,0.));
#4529=DIRECTION('center_axis',(0.,-1.,0.));
#4530=DIRECTION('ref_axis',(1.,0.,0.));
#4531=DIRECTION('center_axis',(0.,-1.,0.));
#4532=DIRECTION('ref_axis',(1.,0.,0.));
#4533=DIRECTION('center_axis',(0.,-1.,0.));
#4534=DIRECTION('ref_axis',(1.,0.,0.));
#4535=DIRECTION('center_axis',(-1.,0.,0.));
#4536=DIRECTION('ref_axis',(0.,-1.,0.));
#4537=DIRECTION('',(0.,0.,1.));
#4538=DIRECTION('center_axis',(-1.,0.,0.));
#4539=DIRECTION('ref_axis',(0.,0.,-1.));
#4540=DIRECTION('center_axis',(0.,0.,-1.));
#4541=DIRECTION('ref_axis',(1.,0.,0.));
#4542=DIRECTION('center_axis',(0.,0.,-1.));
#4543=DIRECTION('ref_axis',(1.,0.,0.));
#4544=DIRECTION('',(0.,0.,1.));
#4545=DIRECTION('center_axis',(0.,0.,-1.));
#4546=DIRECTION('ref_axis',(-1.,0.,0.));
#4547=DIRECTION('center_axis',(0.,0.,-1.));
#4548=DIRECTION('ref_axis',(-1.,0.,0.));
#4549=DIRECTION('',(0.,0.,1.));
#4550=DIRECTION('center_axis',(0.,0.,-1.));
#4551=DIRECTION('ref_axis',(-1.,0.,0.));
#4552=DIRECTION('',(0.,0.,1.));
#4553=DIRECTION('center_axis',(0.,0.,1.));
#4554=DIRECTION('ref_axis',(-1.,0.,0.));
#4555=DIRECTION('',(0.,0.,1.));
#4556=DIRECTION('center_axis',(0.,0.,-1.));
#4557=DIRECTION('ref_axis',(-1.,0.,0.));
#4558=DIRECTION('center_axis',(0.,0.,-1.));
#4559=DIRECTION('ref_axis',(-1.,0.,0.));
#4560=DIRECTION('',(0.,0.,1.));
#4561=DIRECTION('center_axis',(0.,0.,-1.));
#4562=DIRECTION('ref_axis',(-1.,0.,0.));
#4563=DIRECTION('',(0.,0.,1.));
#4564=DIRECTION('center_axis',(0.,0.,1.));
#4565=DIRECTION('ref_axis',(-1.,0.,0.));
#4566=DIRECTION('',(0.,0.,1.));
#4567=DIRECTION('center_axis',(0.,0.,-1.));
#4568=DIRECTION('ref_axis',(-1.,0.,0.));
#4569=DIRECTION('',(0.,0.,1.));
#4570=DIRECTION('center_axis',(0.,0.,1.));
#4571=DIRECTION('ref_axis',(-1.,0.,0.));
#4572=DIRECTION('center_axis',(0.,0.,-1.));
#4573=DIRECTION('ref_axis',(-1.,0.,0.));
#4574=DIRECTION('',(0.,0.,1.));
#4575=DIRECTION('center_axis',(0.,0.,1.));
#4576=DIRECTION('ref_axis',(-1.,0.,0.));
#4577=DIRECTION('center_axis',(0.,0.,-1.));
#4578=DIRECTION('ref_axis',(1.,0.,0.));
#4579=DIRECTION('',(0.,0.,1.));
#4580=DIRECTION('',(0.,0.,1.));
#4581=DIRECTION('center_axis',(-1.,0.,0.));
#4582=DIRECTION('ref_axis',(0.,0.,1.));
#4583=DIRECTION('',(0.,0.,1.));
#4584=DIRECTION('center_axis',(0.,0.,-1.));
#4585=DIRECTION('ref_axis',(1.,0.,0.));
#4586=DIRECTION('',(0.,0.,1.));
#4587=DIRECTION('center_axis',(0.,1.,0.));
#4588=DIRECTION('ref_axis',(0.,0.,1.));
#4589=DIRECTION('',(0.,0.,1.));
#4590=DIRECTION('center_axis',(0.,0.,-1.));
#4591=DIRECTION('ref_axis',(1.,0.,0.));
#4592=DIRECTION('',(0.,0.,1.));
#4593=DIRECTION('center_axis',(-1.,0.,0.));
#4594=DIRECTION('ref_axis',(0.,0.,1.));
#4595=DIRECTION('',(0.,0.,1.));
#4596=DIRECTION('center_axis',(0.,0.,-1.));
#4597=DIRECTION('ref_axis',(1.,0.,0.));
#4598=DIRECTION('',(0.,0.,1.));
#4599=DIRECTION('center_axis',(0.,1.,0.));
#4600=DIRECTION('ref_axis',(0.,0.,1.));
#4601=DIRECTION('center_axis',(0.,0.,-1.));
#4602=DIRECTION('ref_axis',(1.,0.,0.));
#4603=DIRECTION('',(0.,0.,1.));
#4604=DIRECTION('center_axis',(0.,0.,-1.));
#4605=DIRECTION('ref_axis',(1.,0.,0.));
#4606=DIRECTION('center_axis',(0.,0.,-1.));
#4607=DIRECTION('ref_axis',(1.,0.,0.));
#4608=DIRECTION('',(0.,0.,1.));
#4609=DIRECTION('center_axis',(0.,0.,-1.));
#4610=DIRECTION('ref_axis',(-1.,0.,0.));
#4611=DIRECTION('',(0.,0.,1.));
#4612=DIRECTION('center_axis',(0.,0.,1.));
#4613=DIRECTION('ref_axis',(-1.,0.,0.));
#4614=DIRECTION('center_axis',(0.,0.,-1.));
#4615=DIRECTION('ref_axis',(-1.,0.,0.));
#4616=DIRECTION('',(0.,0.,1.));
#4617=DIRECTION('center_axis',(0.,0.,1.));
#4618=DIRECTION('ref_axis',(-1.,0.,0.));
#4619=DIRECTION('center_axis',(0.,0.,-1.));
#4620=DIRECTION('ref_axis',(-1.,0.,0.));
#4621=DIRECTION('center_axis',(0.,0.,-1.));
#4622=DIRECTION('ref_axis',(-1.,0.,0.));
#4623=DIRECTION('center_axis',(0.,-1.,0.));
#4624=DIRECTION('ref_axis',(-1.,0.,0.));
#4625=DIRECTION('center_axis',(0.,1.,0.));
#4626=DIRECTION('ref_axis',(0.,0.,1.));
#4627=DIRECTION('center_axis',(0.,1.,0.));
#4628=DIRECTION('ref_axis',(0.,0.,1.));
#4629=DIRECTION('center_axis',(0.,1.,0.));
#4630=DIRECTION('ref_axis',(0.,0.,1.));
#4631=DIRECTION('',(0.,-1.,0.));
#4632=DIRECTION('center_axis',(0.,0.,-1.));
#4633=DIRECTION('ref_axis',(1.,0.,0.));
#4634=DIRECTION('center_axis',(0.,0.,-1.));
#4635=DIRECTION('ref_axis',(1.,0.,0.));
#4636=DIRECTION('center_axis',(0.,0.,-1.));
#4637=DIRECTION('ref_axis',(1.,0.,0.));
#4638=DIRECTION('center_axis',(0.,0.,-1.));
#4639=DIRECTION('ref_axis',(1.,0.,0.));
#4640=DIRECTION('center_axis',(0.,0.,-1.));
#4641=DIRECTION('ref_axis',(1.,0.,0.));
#4642=DIRECTION('',(0.,0.,1.));
#4643=DIRECTION('center_axis',(0.,0.,-1.));
#4644=DIRECTION('ref_axis',(1.,0.,0.));
#4645=DIRECTION('center_axis',(0.,0.,-1.));
#4646=DIRECTION('ref_axis',(1.,0.,0.));
#4647=DIRECTION('center_axis',(0.,0.,-1.));
#4648=DIRECTION('ref_axis',(-1.,0.,0.));
#4649=DIRECTION('center_axis',(0.,0.,-1.));
#4650=DIRECTION('ref_axis',(1.,0.,0.));
#4651=DIRECTION('center_axis',(0.,0.,-1.));
#4652=DIRECTION('ref_axis',(1.,0.,0.));
#4653=DIRECTION('center_axis',(0.,0.,-1.));
#4654=DIRECTION('ref_axis',(1.,0.,0.));
#4655=DIRECTION('center_axis',(0.,0.,-1.));
#4656=DIRECTION('ref_axis',(1.,0.,0.));
#4657=DIRECTION('',(0.,0.,1.));
#4658=DIRECTION('center_axis',(0.,0.,-1.));
#4659=DIRECTION('ref_axis',(1.,0.,0.));
#4660=DIRECTION('center_axis',(0.,0.,-1.));
#4661=DIRECTION('ref_axis',(1.,0.,0.));
#4662=DIRECTION('center_axis',(0.,0.,-1.));
#4663=DIRECTION('ref_axis',(-1.,0.,0.));
#4664=DIRECTION('center_axis',(0.,0.,-1.));
#4665=DIRECTION('ref_axis',(-1.,0.,0.));
#4666=DIRECTION('center_axis',(0.,0.,-1.));
#4667=DIRECTION('ref_axis',(-1.,0.,0.));
#4668=DIRECTION('center_axis',(0.,1.,0.));
#4669=DIRECTION('ref_axis',(0.,0.,1.));
#4670=DIRECTION('center_axis',(0.,1.,0.));
#4671=DIRECTION('ref_axis',(0.,0.,1.));
#4672=DIRECTION('',(8.65956056235105E-17,0.707106781186864,-0.70710678118623));
#4673=DIRECTION('center_axis',(0.,1.,0.));
#4674=DIRECTION('ref_axis',(0.,0.,1.));
#4675=DIRECTION('center_axis',(0.,-1.,0.));
#4676=DIRECTION('ref_axis',(-1.,0.,0.));
#4677=DIRECTION('center_axis',(0.,1.,0.));
#4678=DIRECTION('ref_axis',(0.,0.,1.));
#4679=DIRECTION('',(0.,-1.,0.));
#4680=DIRECTION('center_axis',(0.,1.,0.));
#4681=DIRECTION('ref_axis',(0.,0.,1.));
#4682=DIRECTION('center_axis',(0.,1.,0.));
#4683=DIRECTION('ref_axis',(1.,0.,0.));
#4684=DIRECTION('center_axis',(0.,1.,0.));
#4685=DIRECTION('ref_axis',(0.,0.,1.));
#4686=DIRECTION('center_axis',(0.,1.,0.));
#4687=DIRECTION('ref_axis',(0.,0.,1.));
#4688=DIRECTION('center_axis',(0.,1.,0.));
#4689=DIRECTION('ref_axis',(1.,0.,0.));
#4690=DIRECTION('center_axis',(0.,1.,0.));
#4691=DIRECTION('ref_axis',(0.,0.,1.));
#4692=DIRECTION('center_axis',(0.,1.,0.));
#4693=DIRECTION('ref_axis',(0.,0.,1.));
#4694=DIRECTION('',(0.,-1.,0.));
#4695=DIRECTION('center_axis',(0.,-1.,0.));
#4696=DIRECTION('ref_axis',(-1.,0.,0.));
#4697=DIRECTION('center_axis',(0.,1.,0.));
#4698=DIRECTION('ref_axis',(0.,0.,1.));
#4699=DIRECTION('center_axis',(0.,1.,0.));
#4700=DIRECTION('ref_axis',(0.,0.,1.));
#4701=DIRECTION('center_axis',(0.,1.,0.));
#4702=DIRECTION('ref_axis',(1.,0.,0.));
#4703=DIRECTION('center_axis',(0.,1.,0.));
#4704=DIRECTION('ref_axis',(0.,0.,1.));
#4705=DIRECTION('',(0.,-1.,0.));
#4706=DIRECTION('center_axis',(0.,1.,0.));
#4707=DIRECTION('ref_axis',(0.,0.,1.));
#4708=DIRECTION('center_axis',(0.,-1.,0.));
#4709=DIRECTION('ref_axis',(-1.,0.,0.));
#4710=CARTESIAN_POINT('',(0.,0.,0.));
#4711=CARTESIAN_POINT('Origin',(-12.,29.422688529145,12.148361972263));
#4712=CARTESIAN_POINT('',(-8.249999985099,21.446303028626,23.065062127875));
#4713=CARTESIAN_POINT('',(-8.249999985099,28.134226794087,13.911786072401));
#4714=CARTESIAN_POINT('',(-8.249999985099,27.596319413267,14.647980879877));
#4715=CARTESIAN_POINT('',(-5.399999985099,21.446303028626,23.065062127875));
#4716=CARTESIAN_POINT('',(-12.,21.446303028626,23.065062127875));
#4717=CARTESIAN_POINT('',(-5.399999985099,23.,20.938629802348));
#4718=CARTESIAN_POINT('',(-5.399999985099,26.197853394083,16.561959862995));
#4719=CARTESIAN_POINT('',(-5.399999985099,28.134226794087,13.911786072401));
#4720=CARTESIAN_POINT('',(-5.399999985099,23.,20.938629802348));
#4721=CARTESIAN_POINT('',(-12.,28.134226794087,13.911786072401));
#4722=CARTESIAN_POINT('Origin',(-8.249999985099,15.,28.65));
#4723=CARTESIAN_POINT('',(-8.249999985099,47.16872427983,10.));
#4724=CARTESIAN_POINT('',(-8.249999985099,12.,10.));
#4725=CARTESIAN_POINT('',(-8.249999985099,42.31738683127,10.));
#4726=CARTESIAN_POINT('',(-8.249999985099,12.,14.25));
#4727=CARTESIAN_POINT('',(-8.249999985099,12.,3.));
#4728=CARTESIAN_POINT('',(-8.249999985099,15.,14.25));
#4729=CARTESIAN_POINT('',(-8.249999985099,12.,14.25));
#4730=CARTESIAN_POINT('',(-8.249999985099,15.,28.65));
#4731=CARTESIAN_POINT('',(-8.249999985099,15.,23.1375));
#4732=CARTESIAN_POINT('',(-8.249999985099,49.5,28.65));
#4733=CARTESIAN_POINT('',(-8.249999985099,30.,28.65));
#4734=CARTESIAN_POINT('',(-8.249999985099,49.5,15.15));
#4735=CARTESIAN_POINT('',(-8.249999985099,49.5,28.65));
#4736=CARTESIAN_POINT('',(-8.249999985099,47.16872427983,10.));
#4737=CARTESIAN_POINT('',(-8.249999985099,30.606087382334,13.983945082321));
#4738=CARTESIAN_POINT('Origin',(-8.249999985099,29.34537705829,14.796723944527));
#4739=CARTESIAN_POINT('',(-8.249999985099,36.50719658715,23.137221137794));
#4740=CARTESIAN_POINT('',(-8.249999985099,35.24587999161,21.180778951826));
#4741=CARTESIAN_POINT('',(-8.249999985099,35.2464862631,25.45));
#4742=CARTESIAN_POINT('Origin',(-8.249999985099,35.2464862631,23.95));
#4743=CARTESIAN_POINT('',(-8.249999985099,22.657453292829,25.45));
#4744=CARTESIAN_POINT('',(-8.249999985099,24.226863323207,25.45));
#4745=CARTESIAN_POINT('Origin',(-8.249999985099,22.657453292829,23.95));
#4746=CARTESIAN_POINT('',(-8.249999985099,35.00351373689,11.));
#4747=CARTESIAN_POINT('',(-8.249999985099,37.75,11.));
#4748=CARTESIAN_POINT('',(-8.249999985099,34.,11.));
#4749=CARTESIAN_POINT('',(-8.249999985099,39.25,12.5));
#4750=CARTESIAN_POINT('Origin',(-8.249999985099,37.75,12.5));
#4751=CARTESIAN_POINT('',(-8.249999985099,39.25,16.76010535922));
#4752=CARTESIAN_POINT('',(-8.249999985099,39.25,20.590026339805));
#4753=CARTESIAN_POINT('',(-8.249999985099,36.48928967595,17.572884221426));
#4754=CARTESIAN_POINT('Origin',(-8.249999985099,37.75,16.76010535922));
#4755=CARTESIAN_POINT('',(-8.249999985099,33.742803412848,13.312778862206));
#4756=CARTESIAN_POINT('',(-8.249999985099,33.633347184103,13.14300008962));
#4757=CARTESIAN_POINT('Origin',(-8.249999985099,35.00351373689,12.5));
#4758=CARTESIAN_POINT('',(-8.249999985099,18.25,17.759014905108));
#4759=CARTESIAN_POINT('',(-8.249999985099,18.25,12.5));
#4760=CARTESIAN_POINT('',(-8.249999985099,18.25,15.1625));
#4761=CARTESIAN_POINT('',(-8.249999985099,19.75,11.));
#4762=CARTESIAN_POINT('Origin',(-8.249999985099,19.75,12.5));
#4763=CARTESIAN_POINT('',(-8.249999985099,23.592546707171,11.));
#4764=CARTESIAN_POINT('',(-8.249999985099,27.648136676792,11.));
#4765=CARTESIAN_POINT('',(-8.249999985099,24.803696971374,13.384937872125));
#4766=CARTESIAN_POINT('Origin',(-8.249999985099,23.592546707171,12.5));
#4767=CARTESIAN_POINT('',(-8.249999985099,20.961150264203,18.643952777233));
#4768=CARTESIAN_POINT('',(-8.249999985099,20.798824884491,18.866115747897));
#4769=CARTESIAN_POINT('Origin',(-8.249999985099,19.75,17.759014905108));
#4770=CARTESIAN_POINT('Origin',(-12.,29.34537705829,14.796723944527));
#4771=CARTESIAN_POINT('',(-5.399999985099,30.6060874114965,13.98394506352));
#4772=CARTESIAN_POINT('Origin',(-5.399999985099,29.345377119265,14.796724019583));
#4773=CARTESIAN_POINT('',(-12.,30.606087382334,13.983945082321));
#4774=CARTESIAN_POINT('Origin',(-5.399999985099,23.,19.325));
#4775=CARTESIAN_POINT('',(-5.399999985099,38.,10.));
#4776=CARTESIAN_POINT('',(-5.399999985099,38.,11.020980054225));
#4777=CARTESIAN_POINT('',(-5.399999985099,38.,10.));
#4778=CARTESIAN_POINT('',(-5.399999985099,37.75,11.));
#4779=CARTESIAN_POINT('Origin',(-5.399999985099,37.75000002306,12.499999725158));
#4780=CARTESIAN_POINT('',(-5.399999985099,35.00351373689,11.));
#4781=CARTESIAN_POINT('',(-5.399999985099,35.00351373689,11.));
#4782=CARTESIAN_POINT('',(-5.399999985099,33.742803412848,13.312778862206));
#4783=CARTESIAN_POINT('Origin',(-5.399999985099,35.00351373689,12.5));
#4784=CARTESIAN_POINT('',(-5.399999985099,36.48928967595,17.572884221426));
#4785=CARTESIAN_POINT('',(-5.399999985099,36.48928967595,17.572884221426));
#4786=CARTESIAN_POINT('',(-5.399999985099,38.,18.239125304995));
#4787=CARTESIAN_POINT('Origin',(-5.399999985099,37.75,16.76010535922));
#4788=CARTESIAN_POINT('',(-5.399999985099,38.,28.65));
#4789=CARTESIAN_POINT('',(-5.399999985099,38.,18.239125304995));
#4790=CARTESIAN_POINT('',(-5.399999985099,23.,28.65));
#4791=CARTESIAN_POINT('',(-5.399999985099,23.,28.65));
#4792=CARTESIAN_POINT('',(-5.399999985099,23.,25.45));
#4793=CARTESIAN_POINT('',(-5.399999985099,23.,-2.425));
#4794=CARTESIAN_POINT('',(-5.399999985099,35.2464862631,25.45));
#4795=CARTESIAN_POINT('',(-5.399999985099,23.,25.45));
#4796=CARTESIAN_POINT('',(-5.399999985099,36.50719658715,23.137221137794));
#4797=CARTESIAN_POINT('Origin',(-5.399999985099,35.2464862631,23.95));
#4798=CARTESIAN_POINT('',(-5.399999985099,36.50719658715,23.137221137794));
#4799=CARTESIAN_POINT('',(-5.399999985099,23.,15.853527060397));
#4800=CARTESIAN_POINT('',(-5.399999985099,23.,-2.425));
#4801=CARTESIAN_POINT('',(-5.399999985099,24.803696971374,13.384937872125));
#4802=CARTESIAN_POINT('',(-5.399999985099,23.,15.853527060397));
#4803=CARTESIAN_POINT('',(-5.399999985099,23.592546707171,11.));
#4804=CARTESIAN_POINT('Origin',(-5.399999985099,23.592546707171,12.5));
#4805=CARTESIAN_POINT('',(-5.399999985099,23.,11.));
#4806=CARTESIAN_POINT('',(-5.399999985099,23.,11.));
#4807=CARTESIAN_POINT('',(-5.399999985099,23.,10.));
#4808=CARTESIAN_POINT('',(-5.399999985099,23.,-2.425));
#4809=CARTESIAN_POINT('',(-5.399999985099,38.,10.));
#4810=CARTESIAN_POINT('Origin',(-5.399999985099,15.,15.15));
#4811=CARTESIAN_POINT('',(-5.399999985099,19.75,11.));
#4812=CARTESIAN_POINT('',(-5.399999985099,20.773136676793,11.));
#4813=CARTESIAN_POINT('',(-5.399999985099,18.25,12.5));
#4814=CARTESIAN_POINT('Origin',(-5.399999985099,19.75,12.5));
#4815=CARTESIAN_POINT('',(-5.399999985099,18.25,17.759014905108));
#4816=CARTESIAN_POINT('',(-5.399999985099,18.25,13.075));
#4817=CARTESIAN_POINT('',(-5.399999985099,20.961150264203,18.643952777233));
#4818=CARTESIAN_POINT('Origin',(-5.399999985099,19.75,17.759014905108));
#4819=CARTESIAN_POINT('',(-5.399999985099,19.400358865308,20.780094731015));
#4820=CARTESIAN_POINT('',(-5.399999985099,22.657453292829,25.45));
#4821=CARTESIAN_POINT('Origin',(-5.399999985099,22.657453292829,23.95));
#4822=CARTESIAN_POINT('',(-5.399999985099,17.351863323207,25.45));
#4823=CARTESIAN_POINT('',(-5.399999990066,15.5,28.65));
#4824=CARTESIAN_POINT('',(-5.399999985099,15.,28.65));
#4825=CARTESIAN_POINT('',(-5.399999990066,15.5,10.));
#4826=CARTESIAN_POINT('',(-5.4,15.5,10.));
#4827=CARTESIAN_POINT('',(-5.399999985099,18.733024691358,10.));
#4828=CARTESIAN_POINT('Origin',(-12.,22.657453292829,23.95));
#4829=CARTESIAN_POINT('',(-12.,22.657453292829,25.45));
#4830=CARTESIAN_POINT('Origin',(0.500000014901,22.466049382716,10.));
#4831=CARTESIAN_POINT('',(-17.24999998509,23.,10.));
#4832=CARTESIAN_POINT('',(-17.24999998509,38.,10.));
#4833=CARTESIAN_POINT('',(-17.24999998509,23.,10.));
#4834=CARTESIAN_POINT('',(-17.24999998509,12.,10.));
#4835=CARTESIAN_POINT('',(-17.24999998509,30.668724279835,10.));
#4836=CARTESIAN_POINT('',(-8.374999985099,12.,10.));
#4837=CARTESIAN_POINT('',(-13.76188574195,47.16872427983,10.));
#4838=CARTESIAN_POINT('',(0.500000014901,47.16872427983,10.));
#4839=CARTESIAN_POINT('',(-17.24999998509,44.08831170147,10.));
#4840=CARTESIAN_POINT('',(-12.03161022191,48.69675980402,10.));
#4841=CARTESIAN_POINT('',(-17.24999998509,45.66872427983,10.));
#4842=CARTESIAN_POINT('',(-15.75,29.5,10.));
#4843=CARTESIAN_POINT('Origin',(-13.,29.5,10.));
#4844=CARTESIAN_POINT('',(-10.24999998509,41.71604938271,10.));
#4845=CARTESIAN_POINT('Origin',(-12.99999998509,41.71604938271,10.));
#4846=CARTESIAN_POINT('',(-10.24999998509,18.216049382716,10.));
#4847=CARTESIAN_POINT('Origin',(-12.99999998509,18.216049382716,10.));
#4848=CARTESIAN_POINT('Origin',(-5.399999985099,47.16872427983,10.));
#4849=CARTESIAN_POINT('',(-5.399999985099,47.16872427983,10.));
#4850=CARTESIAN_POINT('',(0.500000014901,47.16872427983,10.));
#4851=CARTESIAN_POINT('',(-5.399999985099,49.5,15.15));
#4852=CARTESIAN_POINT('',(-8.249999985099,49.5,15.15));
#4853=CARTESIAN_POINT('',(-5.399999985099,47.16872427983,10.));
#4854=CARTESIAN_POINT('Origin',(-6.824999985099,49.5,21.9));
#4855=CARTESIAN_POINT('',(0.500000014901,49.5,28.65));
#4856=CARTESIAN_POINT('',(-6.249999985099,49.5,21.9));
#4857=CARTESIAN_POINT('Origin',(0.500000014901,49.5,21.9));
#4858=CARTESIAN_POINT('',(0.500000014901,49.5,15.15));
#4859=CARTESIAN_POINT('Origin',(0.500000014901,49.5,21.9));
#4860=CARTESIAN_POINT('',(-8.249999985099,49.5,15.15));
#4861=CARTESIAN_POINT('',(-5.399999985099,49.5,28.65));
#4862=CARTESIAN_POINT('Origin',(9.250000014901,15.,28.65));
#4863=CARTESIAN_POINT('',(-5.399999985099,15.,28.65));
#4864=CARTESIAN_POINT('',(-6.249999985099,15.,28.65));
#4865=CARTESIAN_POINT('',(-5.399999985099,15.,28.65));
#4866=CARTESIAN_POINT('',(-5.399999990066,42.,28.65));
#4867=CARTESIAN_POINT('',(-5.399999985099,30.,28.65));
#4868=CARTESIAN_POINT('',(-5.399999985099,42.5,28.65));
#4869=CARTESIAN_POINT('',(-5.399999985099,30.,28.65));
#4870=CARTESIAN_POINT('',(6.400000014901,42.5,28.65));
#4871=CARTESIAN_POINT('',(6.400000014901,42.5,28.65));
#4872=CARTESIAN_POINT('',(6.400000009934,42.,28.65));
#4873=CARTESIAN_POINT('',(6.400000014901,30.,28.65));
#4874=CARTESIAN_POINT('',(6.400000014901,38.,28.65));
#4875=CARTESIAN_POINT('',(6.400000014901,30.,28.65));
#4876=CARTESIAN_POINT('',(6.400000014901,23.,28.65));
#4877=CARTESIAN_POINT('',(6.400000014901,23.,28.65));
#4878=CARTESIAN_POINT('',(6.400000009934,15.5,28.65));
#4879=CARTESIAN_POINT('',(6.400000014901,15.,28.65));
#4880=CARTESIAN_POINT('',(6.400000014901,15.,28.65));
#4881=CARTESIAN_POINT('',(6.400000014901,15.,28.65));
#4882=CARTESIAN_POINT('',(9.250000014901,15.,28.65));
#4883=CARTESIAN_POINT('',(7.250000014901,15.,28.65));
#4884=CARTESIAN_POINT('',(9.250000014901,49.5,28.65));
#4885=CARTESIAN_POINT('',(9.250000014901,30.,28.65));
#4886=CARTESIAN_POINT('',(7.250000014901,49.5,28.65));
#4887=CARTESIAN_POINT('Origin',(0.5,15.,24.75));
#4888=CARTESIAN_POINT('',(-2.449999992549,15.,28.65));
#4889=CARTESIAN_POINT('',(-14.25,15.,14.25));
#4890=CARTESIAN_POINT('',(0.750000007451,15.,14.25));
#4891=CARTESIAN_POINT('',(-14.25,15.,19.000000054269));
#4892=CARTESIAN_POINT('',(-14.25,15.,16.25));
#4893=CARTESIAN_POINT('',(-11.49999993518,15.,21.75));
#4894=CARTESIAN_POINT('Origin',(-11.5,15.,19.));
#4895=CARTESIAN_POINT('',(-9.25,15.,21.75));
#4896=CARTESIAN_POINT('',(-14.25,15.,21.75));
#4897=CARTESIAN_POINT('',(-9.25,15.,32.5));
#4898=CARTESIAN_POINT('',(-9.25,15.,32.5));
#4899=CARTESIAN_POINT('',(-6.5,15.,35.25));
#4900=CARTESIAN_POINT('Origin',(-6.5,15.,32.5));
#4901=CARTESIAN_POINT('',(9.499999970411,15.,35.25));
#4902=CARTESIAN_POINT('',(12.25,15.,35.25));
#4903=CARTESIAN_POINT('',(12.25,15.,32.499999931088));
#4904=CARTESIAN_POINT('Origin',(9.5,15.,32.5));
#4905=CARTESIAN_POINT('',(12.25,15.,21.738612787526));
#4906=CARTESIAN_POINT('',(12.25,15.,21.75));
#4907=CARTESIAN_POINT('',(15.25,15.,19.));
#4908=CARTESIAN_POINT('Origin',(12.5,15.,19.));
#4909=CARTESIAN_POINT('',(15.25,15.,14.25));
#4910=CARTESIAN_POINT('',(15.25,15.,16.25));
#4911=CARTESIAN_POINT('',(9.250000014901,15.,14.25));
#4912=CARTESIAN_POINT('',(0.750000007451,15.,14.25));
#4913=CARTESIAN_POINT('',(9.250000014901,15.,16.3875));
#4914=CARTESIAN_POINT('Origin',(-14.25,12.,14.25));
#4915=CARTESIAN_POINT('',(-14.25,12.,14.25));
#4916=CARTESIAN_POINT('',(15.25,12.,14.25));
#4917=CARTESIAN_POINT('',(-14.25,12.,14.25));
#4918=CARTESIAN_POINT('Origin',(-6.5,12.,32.5));
#4919=CARTESIAN_POINT('',(-17.24999998509,12.,6.));
#4920=CARTESIAN_POINT('',(-17.24999998509,12.,6.75));
#4921=CARTESIAN_POINT('',(18.250000014901,12.,6.));
#4922=CARTESIAN_POINT('',(9.375000014901,12.,6.));
#4923=CARTESIAN_POINT('',(18.250000014901,12.,10.));
#4924=CARTESIAN_POINT('',(18.250000014901,12.,8.25));
#4925=CARTESIAN_POINT('',(9.250000014901,12.,10.));
#4926=CARTESIAN_POINT('',(-8.374999985099,12.,10.));
#4927=CARTESIAN_POINT('',(9.250000014901,12.,14.25));
#4928=CARTESIAN_POINT('',(9.250000014901,12.,3.));
#4929=CARTESIAN_POINT('',(15.25,12.,14.25));
#4930=CARTESIAN_POINT('',(15.25,12.,14.25));
#4931=CARTESIAN_POINT('',(15.25,12.,19.));
#4932=CARTESIAN_POINT('',(15.25,12.,16.25));
#4933=CARTESIAN_POINT('',(12.25,12.,21.738612787526));
#4934=CARTESIAN_POINT('Origin',(12.5,12.,19.));
#4935=CARTESIAN_POINT('',(12.25,12.,32.4999999988047));
#4936=CARTESIAN_POINT('',(12.25,12.,21.75));
#4937=CARTESIAN_POINT('',(9.49999999884533,12.,35.25));
#4938=CARTESIAN_POINT('Origin',(9.5,12.,32.5));
#4939=CARTESIAN_POINT('',(-6.5,12.,35.25));
#4940=CARTESIAN_POINT('',(12.25,12.,35.25));
#4941=CARTESIAN_POINT('',(-9.25,12.,32.5));
#4942=CARTESIAN_POINT('Origin',(-6.5,12.,32.5));
#4943=CARTESIAN_POINT('',(-9.25,12.,21.75));
#4944=CARTESIAN_POINT('',(-9.25,12.,32.5));
#4945=CARTESIAN_POINT('',(-11.4999999988733,12.,21.75));
#4946=CARTESIAN_POINT('',(-14.25,12.,21.75));
#4947=CARTESIAN_POINT('',(-14.25,12.,19.));
#4948=CARTESIAN_POINT('Origin',(-11.5,12.,19.));
#4949=CARTESIAN_POINT('',(-14.25,12.,16.25));
#4950=CARTESIAN_POINT('',(-5.399999985099,12.,10.));
#4951=CARTESIAN_POINT('',(-5.399999985099,12.,28.65));
#4952=CARTESIAN_POINT('',(-5.399999985099,12.,3.));
#4953=CARTESIAN_POINT('',(6.400000014901,12.,28.65));
#4954=CARTESIAN_POINT('',(-5.949999992549,12.,28.65));
#4955=CARTESIAN_POINT('',(6.400000014901,12.,10.));
#4956=CARTESIAN_POINT('',(6.400000014901,12.,13.751856356167));
#4957=CARTESIAN_POINT('',(-8.374999985099,12.,10.));
#4958=CARTESIAN_POINT('',(-8.,12.,32.5));
#4959=CARTESIAN_POINT('Origin',(-6.5,12.,32.5));
#4960=CARTESIAN_POINT('',(11.,12.,19.));
#4961=CARTESIAN_POINT('Origin',(12.5,12.,19.));
#4962=CARTESIAN_POINT('',(-13.,12.,19.));
#4963=CARTESIAN_POINT('Origin',(-11.5,12.,19.));
#4964=CARTESIAN_POINT('',(8.,12.,32.5));
#4965=CARTESIAN_POINT('Origin',(9.5,12.,32.5));
#4966=CARTESIAN_POINT('Origin',(-12.,19.703726646415,25.45));
#4967=CARTESIAN_POINT('',(-12.,35.2464862631,25.45));
#4968=CARTESIAN_POINT('Origin',(-12.,35.2464862631,23.95));
#4969=CARTESIAN_POINT('',(-12.,36.50719658715,23.137221137794));
#4970=CARTESIAN_POINT('Origin',(-12.,37.99824313155,25.45));
#4971=CARTESIAN_POINT('Origin',(-12.,39.25,11.));
#4972=CARTESIAN_POINT('',(-12.,35.00351373689,11.));
#4973=CARTESIAN_POINT('',(-12.,37.75,11.));
#4974=CARTESIAN_POINT('Origin',(-12.,35.00351373689,12.5));
#4975=CARTESIAN_POINT('',(-12.,33.742803412848,13.312778862206));
#4976=CARTESIAN_POINT('Origin',(-12.,32.251756868446,11.));
#4977=CARTESIAN_POINT('',(-12.,36.48928967595,17.572884221426));
#4978=CARTESIAN_POINT('Origin',(-12.,37.75,16.76010535922));
#4979=CARTESIAN_POINT('',(-5.399999985099,39.25,16.76010535922));
#4980=CARTESIAN_POINT('',(-12.,39.25,16.76010535922));
#4981=CARTESIAN_POINT('Origin',(-5.399999985099,37.75,16.76010535922));
#4982=CARTESIAN_POINT('Origin',(-12.,39.25,21.85505267961));
#4983=CARTESIAN_POINT('',(-5.399999985099,39.25,12.5));
#4984=CARTESIAN_POINT('',(-12.,39.25,12.5));
#4985=CARTESIAN_POINT('',(-5.399999985099,39.25,18.502526339805));
#4986=CARTESIAN_POINT('Origin',(-12.,37.75,12.5));
#4987=CARTESIAN_POINT('Origin',(-5.399999985099,37.75,12.5));
#4988=CARTESIAN_POINT('Origin',(-12.,18.25,11.));
#4989=CARTESIAN_POINT('',(-12.,18.25,17.759014905108));
#4990=CARTESIAN_POINT('',(-12.,18.25,12.5));
#4991=CARTESIAN_POINT('Origin',(-12.,19.75,17.759014905108));
#4992=CARTESIAN_POINT('',(-12.,20.961150264203,18.643952777233));
#4993=CARTESIAN_POINT('Origin',(-12.,18.25,22.354507452554));
#4994=CARTESIAN_POINT('',(-12.,24.803696971374,13.384937872125));
#4995=CARTESIAN_POINT('Origin',(-12.,23.592546707171,12.5));
#4996=CARTESIAN_POINT('',(-12.,23.592546707171,11.));
#4997=CARTESIAN_POINT('Origin',(-12.,26.546273353585,11.));
#4998=CARTESIAN_POINT('',(-12.,19.75,11.));
#4999=CARTESIAN_POINT('Origin',(-12.,19.75,12.5));
#5000=CARTESIAN_POINT('Origin',(-5.399999985099,30.,15.15));
#5001=CARTESIAN_POINT('',(-5.399999990066,42.,10.));
#5002=CARTESIAN_POINT('',(-5.39999998884508,42.,21.1302596701086));
#5003=CARTESIAN_POINT('',(-5.4,42.,10.));
#5004=CARTESIAN_POINT('',(-5.39999998884508,42.,22.6697403298914));
#5005=CARTESIAN_POINT('',(-5.399999985099,42.,18.525));
#5006=CARTESIAN_POINT('',(-5.4,42.,10.));
#5007=CARTESIAN_POINT('',(-5.399999985099,33.733024691358,10.));
#5008=CARTESIAN_POINT('Origin',(0.500000014901,23.,10.));
#5009=CARTESIAN_POINT('',(6.400000014901,38.,10.));
#5010=CARTESIAN_POINT('',(6.400000014901,38.,10.));
#5011=CARTESIAN_POINT('',(-2.4,23.,10.));
#5012=CARTESIAN_POINT('',(-29.74999999254,23.,10.));
#5013=CARTESIAN_POINT('',(3.4,23.,10.));
#5014=CARTESIAN_POINT('',(-29.74999999254,23.,10.));
#5015=CARTESIAN_POINT('',(6.400000014901,23.,10.));
#5016=CARTESIAN_POINT('',(-29.74999999254,23.,10.));
#5017=CARTESIAN_POINT('',(6.400000014901,38.,10.));
#5018=CARTESIAN_POINT('',(3.4,26.,10.));
#5019=CARTESIAN_POINT('',(5.39999996315733,28.,10.));
#5020=CARTESIAN_POINT('Origin',(3.400000031958,27.999999857514,10.));
#5021=CARTESIAN_POINT('',(-2.4,26.,10.));
#5022=CARTESIAN_POINT('',(-2.4,26.,10.));
#5023=CARTESIAN_POINT('',(-4.4,28.,10.));
#5024=CARTESIAN_POINT('Origin',(-2.4,28.,10.));
#5025=CARTESIAN_POINT('',(-4.4,34.,10.));
#5026=CARTESIAN_POINT('',(-4.4,28.,10.));
#5027=CARTESIAN_POINT('',(-2.4,36.,10.));
#5028=CARTESIAN_POINT('Origin',(-2.4,34.,10.));
#5029=CARTESIAN_POINT('',(3.4,36.,10.));
#5030=CARTESIAN_POINT('',(-2.4,36.,10.));
#5031=CARTESIAN_POINT('',(5.4,34.,10.));
#5032=CARTESIAN_POINT('Origin',(3.4,34.,10.));
#5033=CARTESIAN_POINT('',(5.4,28.,10.));
#5034=CARTESIAN_POINT('Origin',(0.500000014901,22.466049382716,10.));
#5035=CARTESIAN_POINT('',(5.4,21.,10.));
#5036=CARTESIAN_POINT('Origin',(3.4,21.,10.));
#5037=CARTESIAN_POINT('',(5.4,16.5,10.));
#5038=CARTESIAN_POINT('',(5.4,21.733024691358,10.));
#5039=CARTESIAN_POINT('',(3.4,14.5,10.));
#5040=CARTESIAN_POINT('Origin',(3.4,16.5,10.));
#5041=CARTESIAN_POINT('',(-2.4,14.5,10.));
#5042=CARTESIAN_POINT('',(-0.94999999255,14.5,10.));
#5043=CARTESIAN_POINT('',(-4.4,16.5,10.));
#5044=CARTESIAN_POINT('Origin',(-2.4,16.5,10.));
#5045=CARTESIAN_POINT('',(-4.4,21.,10.));
#5046=CARTESIAN_POINT('',(-4.4,21.733024691358,10.));
#5047=CARTESIAN_POINT('Origin',(-2.4,21.,10.));
#5048=CARTESIAN_POINT('',(-5.399999985099,18.733024691358,10.));
#5049=CARTESIAN_POINT('',(6.400000009934,15.5,10.));
#5050=CARTESIAN_POINT('',(6.400000014901,27.317386831276,10.));
#5051=CARTESIAN_POINT('',(6.400000014901,27.317386831276,10.));
#5052=CARTESIAN_POINT('Origin',(-5.399999985099,15.,15.15));
#5053=CARTESIAN_POINT('',(-5.399999985099,15.,28.65));
#5054=CARTESIAN_POINT('Origin',(-17.24999998509,30.5,6.));
#5055=CARTESIAN_POINT('',(-17.24999998509,38.,6.));
#5056=CARTESIAN_POINT('',(-17.24999998509,38.,10.));
#5057=CARTESIAN_POINT('',(-17.24999998509,23.,6.));
#5058=CARTESIAN_POINT('',(-17.24999998509,23.,6.));
#5059=CARTESIAN_POINT('',(-17.24999998509,23.,-7.));
#5060=CARTESIAN_POINT('Origin',(-17.24999998509,29.716049382716,6.));
#5061=CARTESIAN_POINT('',(-17.24999998509,44.08831170147,6.));
#5062=CARTESIAN_POINT('',(-17.24999998509,44.08831170147,5.75));
#5063=CARTESIAN_POINT('',(-17.24999998509,45.66872427983,6.));
#5064=CARTESIAN_POINT('Origin',(-13.5,47.4,5.5));
#5065=CARTESIAN_POINT('',(-13.76188574195,47.16872427983,6.));
#5066=CARTESIAN_POINT('',(-13.76188574195,47.16872427983,6.75));
#5067=CARTESIAN_POINT('',(-7.184907862398,52.97696448515,6.));
#5068=CARTESIAN_POINT('Origin',(0.500000014901,47.16872427983,8.));
#5069=CARTESIAN_POINT('',(6.400000014901,47.16872427983,10.));
#5070=CARTESIAN_POINT('',(0.500000014901,47.16872427983,10.));
#5071=CARTESIAN_POINT('',(9.250000014901,47.16872427983,10.));
#5072=CARTESIAN_POINT('',(0.500000014901,47.16872427983,10.));
#5073=CARTESIAN_POINT('',(14.761885741957,47.16872427983,10.));
#5074=CARTESIAN_POINT('',(0.500000014901,47.16872427983,10.));
#5075=CARTESIAN_POINT('',(14.761885741957,47.16872427983,6.));
#5076=CARTESIAN_POINT('',(14.761885741957,47.16872427983,6.75));
#5077=CARTESIAN_POINT('',(7.250000014901,47.16872427983,6.));
#5078=CARTESIAN_POINT('Origin',(-17.24999998509,14.716049382716,6.));
#5079=CARTESIAN_POINT('',(-17.24999998509,30.668724279835,6.));
#5080=CARTESIAN_POINT('Origin',(-13.,29.5,9.));
#5081=CARTESIAN_POINT('',(-15.75,29.5,7.5));
#5082=CARTESIAN_POINT('Origin',(-13.,29.5,7.5));
#5083=CARTESIAN_POINT('',(-15.75,29.5,9.));
#5084=CARTESIAN_POINT('Origin',(-12.99999998509,41.71604938271,9.));
#5085=CARTESIAN_POINT('',(-10.25000070199,41.71803507012,9.2));
#5086=CARTESIAN_POINT('',(-10.24999998509,41.71604938271,9.2));
#5087=CARTESIAN_POINT('Origin',(-12.99999998509,41.71604938271,9.2));
#5088=CARTESIAN_POINT('',(-10.24999998509,41.71604938271,9.));
#5089=CARTESIAN_POINT('',(-15.74999928309,41.7180143126,9.2));
#5090=CARTESIAN_POINT('Origin',(-12.99999998509,41.71604938271,9.2));
#5091=CARTESIAN_POINT('',(-15.74999928309,41.71801431257,9.));
#5092=CARTESIAN_POINT('',(-15.74999928309,41.7180143126,9.));
#5093=CARTESIAN_POINT('',(-10.25000070199,41.71803507008,9.));
#5094=CARTESIAN_POINT('Origin',(-12.99999998509,41.71604938271,9.));
#5095=CARTESIAN_POINT('',(-10.25000070199,41.71803507011,9.));
#5096=CARTESIAN_POINT('Origin',(-12.99999998509,18.216049382716,9.));
#5097=CARTESIAN_POINT('',(-10.25000070199,18.21803507011,9.2));
#5098=CARTESIAN_POINT('',(-10.24999998509,18.216049382716,9.2));
#5099=CARTESIAN_POINT('Origin',(-12.99999998509,18.216049382716,9.2));
#5100=CARTESIAN_POINT('',(-10.24999998509,18.216049382716,9.));
#5101=CARTESIAN_POINT('',(-15.74999928309,18.218014312599,9.2));
#5102=CARTESIAN_POINT('Origin',(-12.99999998509,18.216049382716,9.2));
#5103=CARTESIAN_POINT('',(-15.74999928309,18.218014312599,9.));
#5104=CARTESIAN_POINT('',(-15.74999928309,18.218014312603,9.));
#5105=CARTESIAN_POINT('',(-10.25000070199,18.21803507011,9.));
#5106=CARTESIAN_POINT('Origin',(-12.99999998509,18.216049382716,9.));
#5107=CARTESIAN_POINT('',(-10.25000070199,18.218035070113,9.));
#5108=CARTESIAN_POINT('Origin',(-5.399999985099,30.,15.15));
#5109=CARTESIAN_POINT('',(-5.399999985099,42.5,15.15));
#5110=CARTESIAN_POINT('',(-5.399999985099,39.75,15.15));
#5111=CARTESIAN_POINT('',(-5.399999985099,42.5,20.561157150435));
#5112=CARTESIAN_POINT('',(-5.399999985099,42.5,18.525));
#5113=CARTESIAN_POINT('',(-5.399999985099,42.5,23.238842849565));
#5114=CARTESIAN_POINT('',(-5.399999985099,42.5,18.525));
#5115=CARTESIAN_POINT('',(-5.399999985099,42.5,18.525));
#5116=CARTESIAN_POINT('Ctrl Pts',(-5.399999985099,42.,22.669740330133));
#5117=CARTESIAN_POINT('Ctrl Pts',(-5.399999985099,42.09957986148,21.9));
#5118=CARTESIAN_POINT('Ctrl Pts',(-5.399999985099,42.,21.130259669867));
#5119=CARTESIAN_POINT('',(-5.399999985099,33.733024691358,10.));
#5120=CARTESIAN_POINT('Origin',(0.500000014901,49.5,21.9));
#5121=CARTESIAN_POINT('Origin',(0.500000014901,49.5,21.9));
#5122=CARTESIAN_POINT('',(-4.49999998509952,52.0000000000004,21.9));
#5123=CARTESIAN_POINT('',(-6.249999985099,49.5,21.9));
#5124=CARTESIAN_POINT('',(5.500000014901,52.,21.9));
#5125=CARTESIAN_POINT('Origin',(0.500000014901,52.,21.9));
#5126=CARTESIAN_POINT('Origin',(0.500000014901,52.,21.9));
#5127=CARTESIAN_POINT('Origin',(6.400000014901,30.,15.15));
#5128=CARTESIAN_POINT('',(6.400000014901,42.5,15.15));
#5129=CARTESIAN_POINT('',(6.400000014901,49.5,15.15));
#5130=CARTESIAN_POINT('',(6.400000014901,38.58436213991,15.15));
#5131=CARTESIAN_POINT('',(-5.399999985099,42.5,15.15));
#5132=CARTESIAN_POINT('',(6.400000014901,49.5,15.15));
#5133=CARTESIAN_POINT('Origin',(7.825000014901,49.5,21.9));
#5134=CARTESIAN_POINT('',(9.250000014901,49.5,15.15));
#5135=CARTESIAN_POINT('',(9.250000014901,49.5,28.65));
#5136=CARTESIAN_POINT('',(6.400000014901,49.5,15.15));
#5137=CARTESIAN_POINT('Origin',(9.250000014901,30.,15.15));
#5138=CARTESIAN_POINT('',(9.250000014901,47.16872427983,10.));
#5139=CARTESIAN_POINT('',(9.250000014901,12.75,14.25));
#5140=CARTESIAN_POINT('',(9.250000014901,33.733024691358,10.));
#5141=CARTESIAN_POINT('',(9.250000014901,36.50719658715,23.137221137794));
#5142=CARTESIAN_POINT('',(9.250000014901,30.606087382334,13.983945082321));
#5143=CARTESIAN_POINT('',(9.250000014901,35.24587999161,21.180778951826));
#5144=CARTESIAN_POINT('',(9.250000014901,28.134226794087,13.911786072401));
#5145=CARTESIAN_POINT('Origin',(9.250000014901,29.34537705829,14.796723944527));
#5146=CARTESIAN_POINT('',(9.250000014901,21.446303028626,23.065062127875));
#5147=CARTESIAN_POINT('',(9.250000014901,27.596319413267,14.647980879877));
#5148=CARTESIAN_POINT('',(9.250000014901,22.657453292829,25.45));
#5149=CARTESIAN_POINT('Origin',(9.250000014901,22.657453292829,23.95));
#5150=CARTESIAN_POINT('',(9.250000014901,35.2464862631,25.45));
#5151=CARTESIAN_POINT('',(9.250000014901,24.226863323207,25.45));
#5152=CARTESIAN_POINT('Origin',(9.250000014901,35.2464862631,23.95));
#5153=CARTESIAN_POINT('',(9.250000014901,39.25,16.76010535922));
#5154=CARTESIAN_POINT('',(9.250000014901,39.25,12.5));
#5155=CARTESIAN_POINT('',(9.250000014901,39.25,20.590026339805));
#5156=CARTESIAN_POINT('',(9.250000014901,37.75,11.));
#5157=CARTESIAN_POINT('Origin',(9.250000014901,37.75,12.5));
#5158=CARTESIAN_POINT('',(9.250000014901,35.00351373689,11.));
#5159=CARTESIAN_POINT('',(9.250000014901,34.,11.));
#5160=CARTESIAN_POINT('',(9.250000014901,33.742803412848,13.312778862206));
#5161=CARTESIAN_POINT('Origin',(9.250000014901,35.00351373689,12.5));
#5162=CARTESIAN_POINT('',(9.250000014901,36.48928967595,17.572884221426));
#5163=CARTESIAN_POINT('',(9.250000014901,33.633347184103,13.14300008962));
#5164=CARTESIAN_POINT('Origin',(9.250000014901,37.75,16.76010535922));
#5165=CARTESIAN_POINT('',(9.250000014901,23.592546707171,11.));
#5166=CARTESIAN_POINT('',(9.250000014901,19.75,11.));
#5167=CARTESIAN_POINT('',(9.250000014901,27.648136676792,11.));
#5168=CARTESIAN_POINT('',(9.250000014901,18.25,12.5));
#5169=CARTESIAN_POINT('Origin',(9.250000014901,19.75,12.5));
#5170=CARTESIAN_POINT('',(9.250000014901,18.25,17.759014905108));
#5171=CARTESIAN_POINT('',(9.250000014901,18.25,15.1625));
#5172=CARTESIAN_POINT('',(9.250000014901,20.961150264203,18.643952777233));
#5173=CARTESIAN_POINT('Origin',(9.250000014901,19.75,17.759014905108));
#5174=CARTESIAN_POINT('',(9.250000014901,24.803696971374,13.384937872125));
#5175=CARTESIAN_POINT('',(9.250000014901,20.798824884491,18.866115747897));
#5176=CARTESIAN_POINT('Origin',(9.250000014901,23.592546707171,12.5));
#5177=CARTESIAN_POINT('Origin',(6.400000014901,15.,28.65));
#5178=CARTESIAN_POINT('',(6.400000014901,15.,28.65));
#5179=CARTESIAN_POINT('',(6.4,15.5,10.));
#5180=CARTESIAN_POINT('Origin',(6.400000014901,15.,28.65));
#5181=CARTESIAN_POINT('',(6.400000014901,23.,25.45));
#5182=CARTESIAN_POINT('',(6.400000014901,23.,4.325));
#5183=CARTESIAN_POINT('',(6.400000014901,22.657453292829,25.45));
#5184=CARTESIAN_POINT('',(6.400000014901,17.351863323207,25.45));
#5185=CARTESIAN_POINT('',(6.400000014901,21.446303028626,23.065062127875));
#5186=CARTESIAN_POINT('Origin',(6.400000014901,22.657453292829,23.95));
#5187=CARTESIAN_POINT('',(6.400000014901,23.,20.938629802348));
#5188=CARTESIAN_POINT('',(6.400000014901,22.982475181201,20.96261475043));
#5189=CARTESIAN_POINT('',(6.400000014901,23.,15.853527060397));
#5190=CARTESIAN_POINT('',(6.400000014901,23.,4.325));
#5191=CARTESIAN_POINT('',(6.400000014901,20.961150264203,18.643952777233));
#5192=CARTESIAN_POINT('',(6.400000014901,16.184980652425,25.18074961845));
#5193=CARTESIAN_POINT('',(6.400000014901,18.25,17.759014905108));
#5194=CARTESIAN_POINT('Origin',(6.400000014901,19.75,17.759014905108));
#5195=CARTESIAN_POINT('',(6.400000014901,18.25,12.5));
#5196=CARTESIAN_POINT('',(6.400000014901,18.25,19.825));
#5197=CARTESIAN_POINT('',(6.400000014901,19.75,11.));
#5198=CARTESIAN_POINT('Origin',(6.400000014901,19.75,12.5));
#5199=CARTESIAN_POINT('',(6.400000014901,23.,11.));
#5200=CARTESIAN_POINT('',(6.400000014901,20.773136676793,11.));
#5201=CARTESIAN_POINT('',(6.400000014901,23.,4.325));
#5202=CARTESIAN_POINT('Origin',(6.400000014901,23.,19.325));
#5203=CARTESIAN_POINT('',(6.400000014901,23.592546707171,11.));
#5204=CARTESIAN_POINT('',(6.400000014901,23.,11.));
#5205=CARTESIAN_POINT('',(6.400000014901,24.803696971374,13.384937872125));
#5206=CARTESIAN_POINT('Origin',(6.400000014901,23.592546707171,12.5));
#5207=CARTESIAN_POINT('',(6.400000014901,23.,15.853527060397));
#5208=CARTESIAN_POINT('',(6.400000014901,28.134226794087,13.911786072401));
#5209=CARTESIAN_POINT('',(6.400000014901,23.,20.938629802348));
#5210=CARTESIAN_POINT('',(6.400000014901,30.606087382334,13.983945082321));
#5211=CARTESIAN_POINT('Origin',(6.400000014901,29.34537705829,14.796723944527));
#5212=CARTESIAN_POINT('',(6.400000014901,36.50719658715,23.137221137794));
#5213=CARTESIAN_POINT('',(6.400000014901,30.606087382334,13.983945082321));
#5214=CARTESIAN_POINT('',(6.400000014901,35.2464862631,25.45));
#5215=CARTESIAN_POINT('Origin',(6.400000014901,35.2464862631,23.95));
#5216=CARTESIAN_POINT('',(6.400000014901,23.,25.45));
#5217=CARTESIAN_POINT('',(6.400000014901,38.,18.239125304995));
#5218=CARTESIAN_POINT('',(6.400000014901,38.,28.65));
#5219=CARTESIAN_POINT('',(6.400000014901,36.48928967595,17.572884221426));
#5220=CARTESIAN_POINT('Origin',(6.400000014901,37.75,16.76010535922));
#5221=CARTESIAN_POINT('',(6.400000014901,33.742803412848,13.312778862206));
#5222=CARTESIAN_POINT('',(6.400000014901,33.742803412848,13.312778862206));
#5223=CARTESIAN_POINT('',(6.400000014901,35.00351373689,11.));
#5224=CARTESIAN_POINT('Origin',(6.400000014901,35.00351373689,12.5));
#5225=CARTESIAN_POINT('',(6.400000014901,37.75,11.));
#5226=CARTESIAN_POINT('',(6.400000014901,35.00351373689,11.));
#5227=CARTESIAN_POINT('',(6.400000014901,38.,11.020980054225));
#5228=CARTESIAN_POINT('Origin',(6.400000014901,37.75000002296,12.499999726385));
#5229=CARTESIAN_POINT('',(6.400000014901,38.,11.020980054225));
#5230=CARTESIAN_POINT('Origin',(6.400000014901,30.,28.65));
#5231=CARTESIAN_POINT('',(6.400000009934,42.,10.));
#5232=CARTESIAN_POINT('',(6.400000014901,42.31738683127,10.));
#5233=CARTESIAN_POINT('',(6.400000014901,39.25,12.5));
#5234=CARTESIAN_POINT('Origin',(6.400000014901,37.75,12.5));
#5235=CARTESIAN_POINT('',(6.400000014901,39.25,16.76010535922));
#5236=CARTESIAN_POINT('',(6.400000014901,39.25,25.252526339805));
#5237=CARTESIAN_POINT('Origin',(6.400000014901,37.75,16.76010535922));
#5238=CARTESIAN_POINT('',(6.4000000111549,42.,22.6697401019431));
#5239=CARTESIAN_POINT('',(6.4,42.,10.));
#5240=CARTESIAN_POINT('',(6.4000000111549,42.,21.1302598980568));
#5241=CARTESIAN_POINT('',(6.400000014901,42.,25.275));
#5242=CARTESIAN_POINT('',(6.4,42.,10.));
#5243=CARTESIAN_POINT('Origin',(6.400000014901,30.,28.65));
#5244=CARTESIAN_POINT('',(6.400000014901,42.31738683127,10.));
#5245=CARTESIAN_POINT('Ctrl Pts',(6.400000014901,42.,21.130259898299));
#5246=CARTESIAN_POINT('Ctrl Pts',(6.400000014901,42.09957980238,21.9));
#5247=CARTESIAN_POINT('Ctrl Pts',(6.400000014901,42.,22.669740101701));
#5248=CARTESIAN_POINT('',(6.400000014901,42.5,23.238842718234));
#5249=CARTESIAN_POINT('',(6.400000014901,42.5,23.635449756793));
#5250=CARTESIAN_POINT('',(6.400000014901,42.5,20.561157281766));
#5251=CARTESIAN_POINT('',(6.400000014901,42.5,23.635449756793));
#5252=CARTESIAN_POINT('',(6.400000014901,42.5,23.635449756793));
#5253=CARTESIAN_POINT('',(6.400000014901,47.16872427983,10.));
#5254=CARTESIAN_POINT('Origin',(0.500000014901,42.5,21.9));
#5255=CARTESIAN_POINT('',(0.500000000000001,42.5,27.95));
#5256=CARTESIAN_POINT('Origin',(0.5,42.5,21.9));
#5257=CARTESIAN_POINT('Origin',(0.5,42.5,21.9));
#5258=CARTESIAN_POINT('Origin',(-5.399999985099,15.,28.65));
#5259=CARTESIAN_POINT('Origin',(-14.25,12.,14.25));
#5260=CARTESIAN_POINT('',(15.25,12.,14.25));
#5261=CARTESIAN_POINT('Origin',(15.25,12.,14.25));
#5262=CARTESIAN_POINT('',(15.25,13.5,19.));
#5263=CARTESIAN_POINT('',(15.25,12.,19.));
#5264=CARTESIAN_POINT('',(15.25,12.,19.));
#5265=CARTESIAN_POINT('Origin',(12.5,12.,19.));
#5266=CARTESIAN_POINT('',(12.25,13.5,21.738612787526));
#5267=CARTESIAN_POINT('',(12.25,12.,21.738612787526));
#5268=CARTESIAN_POINT('Origin',(12.5,13.5,19.));
#5269=CARTESIAN_POINT('Origin',(12.25,12.,21.738612787526));
#5270=CARTESIAN_POINT('',(12.25,12.,21.738612787526));
#5271=CARTESIAN_POINT('',(12.25,13.5,32.499999965275));
#5272=CARTESIAN_POINT('',(12.25,12.,32.499999931088));
#5273=CARTESIAN_POINT('',(12.25,12.,32.5));
#5274=CARTESIAN_POINT('Origin',(9.5,12.,32.5));
#5275=CARTESIAN_POINT('',(9.49999998474325,13.5,35.25));
#5276=CARTESIAN_POINT('',(9.499999970411,12.,35.25));
#5277=CARTESIAN_POINT('Origin',(9.5,13.5,32.5));
#5278=CARTESIAN_POINT('Origin',(9.499999970411,12.,35.25));
#5279=CARTESIAN_POINT('',(9.5,12.,35.25));
#5280=CARTESIAN_POINT('',(-6.5,13.5,35.25));
#5281=CARTESIAN_POINT('',(-6.5,12.,35.25));
#5282=CARTESIAN_POINT('',(-6.5,12.,35.25));
#5283=CARTESIAN_POINT('Origin',(-6.5,12.,32.5));
#5284=CARTESIAN_POINT('',(-9.25,13.5,32.5));
#5285=CARTESIAN_POINT('',(-9.25,12.,32.5));
#5286=CARTESIAN_POINT('Origin',(-6.5,13.5,32.5));
#5287=CARTESIAN_POINT('Origin',(-9.25,12.,32.5));
#5288=CARTESIAN_POINT('',(-9.25,12.,32.5));
#5289=CARTESIAN_POINT('',(-9.25,12.,21.75));
#5290=CARTESIAN_POINT('Origin',(-9.25,12.,21.75));
#5291=CARTESIAN_POINT('',(-11.499999967335,13.5,21.75));
#5292=CARTESIAN_POINT('',(-11.49999993518,12.,21.75));
#5293=CARTESIAN_POINT('',(-11.5,12.,21.75));
#5294=CARTESIAN_POINT('Origin',(-11.5,12.,19.));
#5295=CARTESIAN_POINT('',(-14.25,13.5,19.0000000267108));
#5296=CARTESIAN_POINT('',(-14.25,12.,19.000000054269));
#5297=CARTESIAN_POINT('Origin',(-11.5,13.5,19.));
#5298=CARTESIAN_POINT('Origin',(-14.25,12.,19.000000054269));
#5299=CARTESIAN_POINT('',(-14.25,12.,19.));
#5300=CARTESIAN_POINT('Origin',(-11.5,12.,19.));
#5301=CARTESIAN_POINT('Origin',(-11.5,13.5,19.));
#5302=CARTESIAN_POINT('Origin',(-6.5,12.,32.5));
#5303=CARTESIAN_POINT('Origin',(-6.5,13.5,32.5));
#5304=CARTESIAN_POINT('Origin',(9.5,12.,32.5));
#5305=CARTESIAN_POINT('Origin',(9.5,13.5,32.5));
#5306=CARTESIAN_POINT('Origin',(12.5,12.,19.));
#5307=CARTESIAN_POINT('Origin',(12.5,13.5,19.));
#5308=CARTESIAN_POINT('Origin',(0.500000014901,37.46604938271,10.));
#5309=CARTESIAN_POINT('',(18.250000014901,23.,10.));
#5310=CARTESIAN_POINT('',(18.250000014901,30.216049382716,10.));
#5311=CARTESIAN_POINT('',(18.250000014901,38.,10.));
#5312=CARTESIAN_POINT('',(18.250000014901,38.,10.));
#5313=CARTESIAN_POINT('',(18.250000014901,44.08831167515,10.));
#5314=CARTESIAN_POINT('',(18.250000014901,45.21604938271,10.));
#5315=CARTESIAN_POINT('',(13.031610230289,48.69675979662,10.));
#5316=CARTESIAN_POINT('',(11.25,29.5,10.));
#5317=CARTESIAN_POINT('Origin',(14.,29.5,10.));
#5318=CARTESIAN_POINT('',(16.750000014901,18.216049382716,10.));
#5319=CARTESIAN_POINT('Origin',(14.000000014901,18.216049382716,10.));
#5320=CARTESIAN_POINT('',(16.750000014901,41.71604938271,10.));
#5321=CARTESIAN_POINT('Origin',(14.000000014901,41.71604938271,10.));
#5322=CARTESIAN_POINT('Origin',(18.250000014901,30.216049382716,6.));
#5323=CARTESIAN_POINT('',(18.250000014901,23.,6.));
#5324=CARTESIAN_POINT('',(18.250000014901,30.668724279835,6.));
#5325=CARTESIAN_POINT('',(18.250000014901,23.,-7.));
#5326=CARTESIAN_POINT('Origin',(14.000000014901,26.716049382716,6.));
#5327=CARTESIAN_POINT('',(-2.4,23.,6.));
#5328=CARTESIAN_POINT('',(-22.99999999254,23.,6.));
#5329=CARTESIAN_POINT('',(-4.4,21.,6.));
#5330=CARTESIAN_POINT('Origin',(-2.4,21.,6.));
#5331=CARTESIAN_POINT('',(-4.4,16.5,6.));
#5332=CARTESIAN_POINT('',(-4.4,23.858024691358,6.));
#5333=CARTESIAN_POINT('',(-2.4,14.5,6.));
#5334=CARTESIAN_POINT('Origin',(-2.4,16.5,6.));
#5335=CARTESIAN_POINT('',(3.4,14.5,6.));
#5336=CARTESIAN_POINT('',(5.80000000745,14.5,6.));
#5337=CARTESIAN_POINT('',(5.4,16.5,6.));
#5338=CARTESIAN_POINT('Origin',(3.4,16.5,6.));
#5339=CARTESIAN_POINT('',(5.4,21.,6.));
#5340=CARTESIAN_POINT('',(5.4,23.858024691358,6.));
#5341=CARTESIAN_POINT('',(3.4,23.,6.));
#5342=CARTESIAN_POINT('Origin',(3.4,21.,6.));
#5343=CARTESIAN_POINT('',(-22.99999999254,23.,6.));
#5344=CARTESIAN_POINT('',(15.500000014901,18.216049382716,6.));
#5345=CARTESIAN_POINT('Origin',(14.000000014901,18.216049382716,6.));
#5346=CARTESIAN_POINT('',(-11.49999998509,18.216049382716,6.));
#5347=CARTESIAN_POINT('Origin',(-12.99999998509,18.216049382716,6.));
#5348=CARTESIAN_POINT('Origin',(-6.5,12.,32.5));
#5349=CARTESIAN_POINT('',(-8.,13.5,32.5));
#5350=CARTESIAN_POINT('',(-8.,12.,32.5));
#5351=CARTESIAN_POINT('Origin',(-6.5,13.5,32.5));
#5352=CARTESIAN_POINT('Origin',(12.5,12.,19.));
#5353=CARTESIAN_POINT('',(11.,13.5,19.));
#5354=CARTESIAN_POINT('',(11.,12.,19.));
#5355=CARTESIAN_POINT('Origin',(12.5,13.5,19.));
#5356=CARTESIAN_POINT('Origin',(-11.5,12.,19.));
#5357=CARTESIAN_POINT('',(-13.,13.5,19.));
#5358=CARTESIAN_POINT('',(-13.,12.,19.));
#5359=CARTESIAN_POINT('Origin',(-11.5,13.5,19.));
#5360=CARTESIAN_POINT('Origin',(9.5,12.,32.5));
#5361=CARTESIAN_POINT('',(8.,13.5,32.5));
#5362=CARTESIAN_POINT('',(8.,12.,32.5));
#5363=CARTESIAN_POINT('Origin',(9.5,13.5,32.5));
#5364=CARTESIAN_POINT('Origin',(0.500000014901,37.46604938271,10.));
#5365=CARTESIAN_POINT('',(5.4,41.,10.));
#5366=CARTESIAN_POINT('',(3.4,39.,10.));
#5367=CARTESIAN_POINT('Origin',(3.4,41.,10.));
#5368=CARTESIAN_POINT('',(-2.4,39.,10.));
#5369=CARTESIAN_POINT('',(-0.94999999255,39.,10.));
#5370=CARTESIAN_POINT('',(-4.4,41.,10.));
#5371=CARTESIAN_POINT('Origin',(-2.4,41.,10.));
#5372=CARTESIAN_POINT('',(-4.4,43.,10.));
#5373=CARTESIAN_POINT('',(-4.4,40.23302469135,10.));
#5374=CARTESIAN_POINT('',(-2.4,45.,10.));
#5375=CARTESIAN_POINT('Origin',(-2.4,43.,10.));
#5376=CARTESIAN_POINT('',(3.4,45.,10.));
#5377=CARTESIAN_POINT('',(-0.94999999255,45.,10.));
#5378=CARTESIAN_POINT('',(5.4,43.,10.));
#5379=CARTESIAN_POINT('Origin',(3.4,43.,10.));
#5380=CARTESIAN_POINT('',(5.4,40.23302469135,10.));
#5381=CARTESIAN_POINT('Origin',(0.5,42.,21.9));
#5382=CARTESIAN_POINT('Origin',(0.5,42.,21.9));
#5383=CARTESIAN_POINT('Origin',(-2.4,23.,5.5));
#5384=CARTESIAN_POINT('',(3.4,23.,5.5));
#5385=CARTESIAN_POINT('',(-2.4,23.,5.5));
#5386=CARTESIAN_POINT('',(-22.99999999254,23.,6.));
#5387=CARTESIAN_POINT('Origin',(3.4,28.,5.5));
#5388=CARTESIAN_POINT('',(5.4,28.,6.));
#5389=CARTESIAN_POINT('',(5.4,28.,5.5));
#5390=CARTESIAN_POINT('',(3.4,26.,6.));
#5391=CARTESIAN_POINT('Origin',(3.4,28.,6.));
#5392=CARTESIAN_POINT('',(3.4,26.,5.5));
#5393=CARTESIAN_POINT('Origin',(5.4,34.,5.5));
#5394=CARTESIAN_POINT('',(5.4,34.,6.));
#5395=CARTESIAN_POINT('',(5.4,34.,5.5));
#5396=CARTESIAN_POINT('',(5.4,28.,6.));
#5397=CARTESIAN_POINT('Origin',(3.4,34.,5.5));
#5398=CARTESIAN_POINT('',(3.4,36.,6.));
#5399=CARTESIAN_POINT('',(3.4,36.,5.5));
#5400=CARTESIAN_POINT('Origin',(3.4,34.,6.));
#5401=CARTESIAN_POINT('Origin',(-2.4,36.,5.5));
#5402=CARTESIAN_POINT('',(-2.4,36.,6.));
#5403=CARTESIAN_POINT('',(-2.4,36.,5.5));
#5404=CARTESIAN_POINT('',(-2.4,36.,6.));
#5405=CARTESIAN_POINT('Origin',(-2.4,34.,5.5));
#5406=CARTESIAN_POINT('',(-4.4,34.,6.));
#5407=CARTESIAN_POINT('',(-4.4,34.,5.5));
#5408=CARTESIAN_POINT('Origin',(-2.4,34.,6.));
#5409=CARTESIAN_POINT('Origin',(-4.4,34.,5.5));
#5410=CARTESIAN_POINT('',(-4.4,28.,6.));
#5411=CARTESIAN_POINT('',(-4.4,28.,5.5));
#5412=CARTESIAN_POINT('',(-4.4,28.,6.));
#5413=CARTESIAN_POINT('Origin',(-2.4,28.,5.5));
#5414=CARTESIAN_POINT('',(-2.4,26.,6.));
#5415=CARTESIAN_POINT('',(-2.4,26.,5.5));
#5416=CARTESIAN_POINT('Origin',(-2.4,28.,6.));
#5417=CARTESIAN_POINT('Origin',(-2.4,26.,5.5));
#5418=CARTESIAN_POINT('',(-2.4,26.,6.));
#5419=CARTESIAN_POINT('Origin',(-2.4,21.,5.5));
#5420=CARTESIAN_POINT('',(-4.4,21.,5.5));
#5421=CARTESIAN_POINT('Origin',(-4.4,21.,5.5));
#5422=CARTESIAN_POINT('',(-4.4,16.5,5.5));
#5423=CARTESIAN_POINT('Origin',(-2.4,16.5,5.5));
#5424=CARTESIAN_POINT('',(-2.4,14.5,5.5));
#5425=CARTESIAN_POINT('Origin',(-2.4,14.5,5.5));
#5426=CARTESIAN_POINT('',(3.4,14.5,5.5));
#5427=CARTESIAN_POINT('Origin',(3.4,16.5,5.5));
#5428=CARTESIAN_POINT('',(5.4,16.5,5.5));
#5429=CARTESIAN_POINT('Origin',(5.4,21.,5.5));
#5430=CARTESIAN_POINT('',(5.4,21.,5.5));
#5431=CARTESIAN_POINT('Origin',(3.4,21.,5.5));
#5432=CARTESIAN_POINT('Origin',(0.500000014906,23.,6.));
#5433=CARTESIAN_POINT('',(18.250000014901,38.,6.));
#5434=CARTESIAN_POINT('',(18.250000014901,38.,6.));
#5435=CARTESIAN_POINT('',(18.250000014901,23.,6.));
#5436=CARTESIAN_POINT('',(12.5,29.5,6.));
#5437=CARTESIAN_POINT('Origin',(14.,29.5,6.));
#5438=CARTESIAN_POINT('',(-14.5,29.5,6.));
#5439=CARTESIAN_POINT('Origin',(-13.,29.5,6.));
#5440=CARTESIAN_POINT('Origin',(14.000000014901,41.71604938271,6.));
#5441=CARTESIAN_POINT('',(18.250000014901,44.08831167515,6.));
#5442=CARTESIAN_POINT('',(18.250000014901,45.66872427983,6.));
#5443=CARTESIAN_POINT('',(15.76962311762,46.27877438963,6.));
#5444=CARTESIAN_POINT('',(15.500000014901,41.71604938271,6.));
#5445=CARTESIAN_POINT('Origin',(14.000000014901,41.71604938271,6.));
#5446=CARTESIAN_POINT('',(-11.49999998509,41.71604938271,6.));
#5447=CARTESIAN_POINT('Origin',(-12.99999998509,41.71604938271,6.));
#5448=CARTESIAN_POINT('',(5.4,41.,6.));
#5449=CARTESIAN_POINT('',(3.4,39.,6.));
#5450=CARTESIAN_POINT('Origin',(3.4,41.,6.));
#5451=CARTESIAN_POINT('',(5.4,43.,6.));
#5452=CARTESIAN_POINT('',(5.4,42.35802469135,6.));
#5453=CARTESIAN_POINT('',(3.4,45.,6.));
#5454=CARTESIAN_POINT('Origin',(3.4,43.,6.));
#5455=CARTESIAN_POINT('',(-2.4,45.,6.));
#5456=CARTESIAN_POINT('',(5.80000000745,45.,6.));
#5457=CARTESIAN_POINT('',(-4.4,43.,6.));
#5458=CARTESIAN_POINT('Origin',(-2.4,43.,6.));
#5459=CARTESIAN_POINT('',(-4.4,41.,6.));
#5460=CARTESIAN_POINT('',(-4.4,42.35802469135,6.));
#5461=CARTESIAN_POINT('',(-2.4,39.,6.));
#5462=CARTESIAN_POINT('Origin',(-2.4,41.,6.));
#5463=CARTESIAN_POINT('',(5.80000000745,39.,6.));
#5464=CARTESIAN_POINT('Origin',(14.5,47.4,5.5));
#5465=CARTESIAN_POINT('',(18.250000014901,44.08831167515,5.75));
#5466=CARTESIAN_POINT('Origin',(9.250000014901,47.16872427983,10.));
#5467=CARTESIAN_POINT('Origin',(-13.,29.5,7.5));
#5468=CARTESIAN_POINT('',(-14.5,29.5,7.5));
#5469=CARTESIAN_POINT('Origin',(-13.,29.5,7.5));
#5470=CARTESIAN_POINT('Origin',(-13.,41.72,9.2));
#5471=CARTESIAN_POINT('Origin',(-13.,41.72,9.2));
#5472=CARTESIAN_POINT('Origin',(-13.,41.72,6.8));
#5473=CARTESIAN_POINT('',(-15.75,41.72,7.5));
#5474=CARTESIAN_POINT('Origin',(-13.,41.72,7.5));
#5475=CARTESIAN_POINT('',(-15.75,41.72,9.));
#5476=CARTESIAN_POINT('',(-15.75,41.72,6.8));
#5477=CARTESIAN_POINT('Origin',(-13.,41.72,9.));
#5478=CARTESIAN_POINT('Origin',(-13.,41.72,9.));
#5479=CARTESIAN_POINT('Origin',(0.500000014901,37.46604938271,9.));
#5480=CARTESIAN_POINT('Origin',(-13.,18.22,9.2));
#5481=CARTESIAN_POINT('Origin',(-13.,18.22,9.2));
#5482=CARTESIAN_POINT('Origin',(-13.,18.22,6.8));
#5483=CARTESIAN_POINT('',(-15.75,18.22,7.5));
#5484=CARTESIAN_POINT('Origin',(-13.,18.22,7.5));
#5485=CARTESIAN_POINT('',(-15.75,18.22,9.));
#5486=CARTESIAN_POINT('',(-15.75,18.22,6.8));
#5487=CARTESIAN_POINT('Origin',(-13.,18.22,9.));
#5488=CARTESIAN_POINT('Origin',(-13.,18.22,9.));
#5489=CARTESIAN_POINT('Origin',(0.500000014901,22.466049382716,9.));
#5490=CARTESIAN_POINT('Origin',(0.5,42.4,21.9));
#5491=CARTESIAN_POINT('Origin',(0.500000014901,42.5,21.9));
#5492=CARTESIAN_POINT('Origin',(0.5,42.5,21.9));
#5493=CARTESIAN_POINT('Origin',(0.5,42.5,21.9));
#5494=CARTESIAN_POINT('Origin',(0.5,42.5,21.9));
#5495=CARTESIAN_POINT('Origin',(0.500000014901,52.,21.9));
#5496=CARTESIAN_POINT('',(5.500000014901,54.,21.9));
#5497=CARTESIAN_POINT('Origin',(0.500000014901,54.,21.9));
#5498=CARTESIAN_POINT('',(5.500000014901,52.,21.9));
#5499=CARTESIAN_POINT('Origin',(-12.,37.99824313155,25.45));
#5500=CARTESIAN_POINT('',(-12.,36.50719658715,23.137221137794));
#5501=CARTESIAN_POINT('',(-12.,30.606087382334,13.983945082321));
#5502=CARTESIAN_POINT('Origin',(-12.,35.2464862631,23.95));
#5503=CARTESIAN_POINT('',(-12.,35.2464862631,25.45));
#5504=CARTESIAN_POINT('Origin',(-12.,19.703726646415,25.45));
#5505=CARTESIAN_POINT('',(-12.,22.657453292829,25.45));
#5506=CARTESIAN_POINT('Origin',(-12.,22.657453292829,23.95));
#5507=CARTESIAN_POINT('',(-12.,21.446303028626,23.065062127875));
#5508=CARTESIAN_POINT('Origin',(-12.,29.422688529145,12.148361972263));
#5509=CARTESIAN_POINT('',(-12.,28.134226794087,13.911786072401));
#5510=CARTESIAN_POINT('Origin',(-12.,29.34537705829,14.796723944527));
#5511=CARTESIAN_POINT('Origin',(-12.,39.25,21.85505267961));
#5512=CARTESIAN_POINT('',(-12.,39.25,16.76010535922));
#5513=CARTESIAN_POINT('',(-12.,39.25,12.5));
#5514=CARTESIAN_POINT('Origin',(-12.,37.75,16.76010535922));
#5515=CARTESIAN_POINT('',(-12.,36.48928967595,17.572884221426));
#5516=CARTESIAN_POINT('Origin',(-12.,32.251756868446,11.));
#5517=CARTESIAN_POINT('',(-12.,33.742803412848,13.312778862206));
#5518=CARTESIAN_POINT('Origin',(-12.,35.00351373689,12.5));
#5519=CARTESIAN_POINT('',(-12.,35.00351373689,11.));
#5520=CARTESIAN_POINT('Origin',(-12.,39.25,11.));
#5521=CARTESIAN_POINT('',(-12.,37.75,11.));
#5522=CARTESIAN_POINT('Origin',(-12.,37.75,12.5));
#5523=CARTESIAN_POINT('Origin',(-12.,26.546273353585,11.));
#5524=CARTESIAN_POINT('',(-12.,23.592546707171,11.));
#5525=CARTESIAN_POINT('',(-12.,19.75,11.));
#5526=CARTESIAN_POINT('Origin',(-12.,23.592546707171,12.5));
#5527=CARTESIAN_POINT('',(-12.,24.803696971374,13.384937872125));
#5528=CARTESIAN_POINT('Origin',(-12.,18.25,22.354507452554));
#5529=CARTESIAN_POINT('',(-12.,20.961150264203,18.643952777233));
#5530=CARTESIAN_POINT('Origin',(-12.,19.75,17.759014905108));
#5531=CARTESIAN_POINT('',(-12.,18.25,17.759014905108));
#5532=CARTESIAN_POINT('Origin',(-12.,18.25,11.));
#5533=CARTESIAN_POINT('',(-12.,18.25,12.5));
#5534=CARTESIAN_POINT('Origin',(-12.,19.75,12.5));
#5535=CARTESIAN_POINT('Origin',(0.5,42.,21.9));
#5536=CARTESIAN_POINT('Origin',(0.5,42.,21.9));
#5537=CARTESIAN_POINT('Origin',(0.5,42.5,21.9));
#5538=CARTESIAN_POINT('Origin',(0.5,42.5,21.9));
#5539=CARTESIAN_POINT('Origin',(0.5,42.4,21.9));
#5540=CARTESIAN_POINT('Origin',(0.5,42.5,21.9));
#5541=CARTESIAN_POINT('',(0.5,43.,16.35));
#5542=CARTESIAN_POINT('',(0.500000000000001,43.0000000000002,27.4500000000002));
#5543=CARTESIAN_POINT('Origin',(0.5,43.,21.9));
#5544=CARTESIAN_POINT('Origin',(0.5,43.,21.9));
#5545=CARTESIAN_POINT('',(0.500000000000001,42.5,27.95));
#5546=CARTESIAN_POINT('Origin',(12.5,13.5,19.));
#5547=CARTESIAN_POINT('Origin',(9.5,13.5,32.5));
#5548=CARTESIAN_POINT('Origin',(-6.5,13.5,32.5));
#5549=CARTESIAN_POINT('Origin',(-11.5,13.5,19.));
#5550=CARTESIAN_POINT('Origin',(18.250000014901,45.21604938271,6.));
#5551=CARTESIAN_POINT('',(18.250000014901,38.,6.));
#5552=CARTESIAN_POINT('Origin',(18.250000014901,30.5,6.));
#5553=CARTESIAN_POINT('Origin',(14.,29.5,9.));
#5554=CARTESIAN_POINT('',(11.25,29.5,7.5));
#5555=CARTESIAN_POINT('Origin',(14.,29.5,7.5));
#5556=CARTESIAN_POINT('',(11.25,29.5,9.));
#5557=CARTESIAN_POINT('Origin',(14.000000014901,18.216049382716,9.));
#5558=CARTESIAN_POINT('',(16.749999298005,18.218035063852,9.2));
#5559=CARTESIAN_POINT('',(16.750000014901,18.216049382716,9.2));
#5560=CARTESIAN_POINT('Origin',(14.000000014901,18.216049382716,9.2));
#5561=CARTESIAN_POINT('',(16.750000014901,18.216049382716,9.));
#5562=CARTESIAN_POINT('',(11.250000716896,18.218014318872,9.2));
#5563=CARTESIAN_POINT('Origin',(14.000000014901,18.216049382716,9.2));
#5564=CARTESIAN_POINT('',(11.250000716896,18.218014318871,9.));
#5565=CARTESIAN_POINT('',(11.250000716896,18.218014318868,9.));
#5566=CARTESIAN_POINT('',(16.749999298005,18.218035063851,9.));
#5567=CARTESIAN_POINT('Origin',(14.000000014901,18.216049382716,9.));
#5568=CARTESIAN_POINT('',(16.749999298005,18.218035063848,9.));
#5569=CARTESIAN_POINT('Origin',(14.000000014901,41.71604938271,9.));
#5570=CARTESIAN_POINT('',(16.749999298005,41.71803506384,9.2));
#5571=CARTESIAN_POINT('',(16.750000014901,41.71604938271,9.2));
#5572=CARTESIAN_POINT('Origin',(14.000000014901,41.71604938271,9.2));
#5573=CARTESIAN_POINT('',(16.750000014901,41.71604938271,9.));
#5574=CARTESIAN_POINT('',(11.250000716896,41.71801431886,9.2));
#5575=CARTESIAN_POINT('Origin',(14.000000014901,41.71604938271,9.2));
#5576=CARTESIAN_POINT('',(11.250000716896,41.71801431885,9.));
#5577=CARTESIAN_POINT('',(11.250000716896,41.71801431886,9.));
#5578=CARTESIAN_POINT('',(16.749999298005,41.71803506383,9.));
#5579=CARTESIAN_POINT('Origin',(14.000000014901,41.71604938271,9.));
#5580=CARTESIAN_POINT('',(16.749999298005,41.71803506384,9.));
#5581=CARTESIAN_POINT('Origin',(14.000000014901,18.216049382716,6.));
#5582=CARTESIAN_POINT('',(15.500000014901,18.216049382716,7.5));
#5583=CARTESIAN_POINT('',(15.500000014901,18.216049382716,6.));
#5584=CARTESIAN_POINT('Origin',(14.000000014901,18.216049382716,7.5));
#5585=CARTESIAN_POINT('Origin',(-12.99999998509,18.216049382716,6.));
#5586=CARTESIAN_POINT('',(-11.49999998509,18.216049382716,7.5));
#5587=CARTESIAN_POINT('',(-11.49999998509,18.216049382716,6.));
#5588=CARTESIAN_POINT('Origin',(-12.99999998509,18.216049382716,7.5));
#5589=CARTESIAN_POINT('Origin',(3.4,41.,5.5));
#5590=CARTESIAN_POINT('',(5.4,41.,5.5));
#5591=CARTESIAN_POINT('',(3.4,39.,5.5));
#5592=CARTESIAN_POINT('Origin',(5.4,43.,5.5));
#5593=CARTESIAN_POINT('',(5.4,43.,5.5));
#5594=CARTESIAN_POINT('Origin',(3.4,43.,5.5));
#5595=CARTESIAN_POINT('',(3.4,45.,5.5));
#5596=CARTESIAN_POINT('Origin',(-2.4,45.,5.5));
#5597=CARTESIAN_POINT('',(-2.4,45.,5.5));
#5598=CARTESIAN_POINT('Origin',(-2.4,43.,5.5));
#5599=CARTESIAN_POINT('',(-4.4,43.,5.5));
#5600=CARTESIAN_POINT('Origin',(-4.4,43.,5.5));
#5601=CARTESIAN_POINT('',(-4.4,41.,5.5));
#5602=CARTESIAN_POINT('Origin',(-2.4,41.,5.5));
#5603=CARTESIAN_POINT('',(-2.4,39.,5.5));
#5604=CARTESIAN_POINT('Origin',(-2.4,39.,5.5));
#5605=CARTESIAN_POINT('Origin',(14.,29.5,5.5));
#5606=CARTESIAN_POINT('',(12.5,29.5,7.5));
#5607=CARTESIAN_POINT('',(12.5,29.5,5.5));
#5608=CARTESIAN_POINT('Origin',(14.,29.5,7.5));
#5609=CARTESIAN_POINT('Origin',(-13.,29.5,5.5));
#5610=CARTESIAN_POINT('',(-14.5,29.5,5.5));
#5611=CARTESIAN_POINT('Origin',(14.000000014901,41.71604938271,6.));
#5612=CARTESIAN_POINT('',(15.500000014901,41.71604938271,7.5));
#5613=CARTESIAN_POINT('',(15.500000014901,41.71604938271,6.));
#5614=CARTESIAN_POINT('Origin',(14.000000014901,41.71604938271,7.5));
#5615=CARTESIAN_POINT('Origin',(-12.99999998509,41.71604938271,6.));
#5616=CARTESIAN_POINT('',(-11.49999998509,41.71604938271,7.5));
#5617=CARTESIAN_POINT('',(-11.49999998509,41.71604938271,6.));
#5618=CARTESIAN_POINT('Origin',(-12.99999998509,41.71604938271,7.5));
#5619=CARTESIAN_POINT('Origin',(-12.99999998509,41.71604938271,7.5));
#5620=CARTESIAN_POINT('Origin',(-12.99999998509,18.216049382716,7.5));
#5621=CARTESIAN_POINT('Origin',(0.500000014901,54.,21.9));
#5622=CARTESIAN_POINT('',(0.500000000000001,54.,17.85));
#5623=CARTESIAN_POINT('Origin',(0.5,54.,21.9));
#5624=CARTESIAN_POINT('Origin',(0.5,45.5,21.9));
#5625=CARTESIAN_POINT('',(0.5,45.5,16.35));
#5626=CARTESIAN_POINT('Origin',(0.5,45.5,21.9));
#5627=CARTESIAN_POINT('',(0.499999999999999,45.5,16.35));
#5628=CARTESIAN_POINT('Origin',(14.,29.5,7.5));
#5629=CARTESIAN_POINT('Origin',(14.,18.22,9.2));
#5630=CARTESIAN_POINT('Origin',(14.,18.22,9.2));
#5631=CARTESIAN_POINT('Origin',(14.,18.22,6.8));
#5632=CARTESIAN_POINT('',(11.25,18.22,7.5));
#5633=CARTESIAN_POINT('Origin',(14.,18.22,7.5));
#5634=CARTESIAN_POINT('',(11.25,18.22,9.));
#5635=CARTESIAN_POINT('',(11.25,18.22,6.8));
#5636=CARTESIAN_POINT('Origin',(14.,18.22,9.));
#5637=CARTESIAN_POINT('Origin',(14.,18.22,9.));
#5638=CARTESIAN_POINT('Origin',(0.500000014901,22.466049382716,9.));
#5639=CARTESIAN_POINT('Origin',(14.,41.72,9.2));
#5640=CARTESIAN_POINT('Origin',(14.,41.72,9.2));
#5641=CARTESIAN_POINT('Origin',(14.,41.72,6.8));
#5642=CARTESIAN_POINT('',(11.25,41.72,7.5));
#5643=CARTESIAN_POINT('Origin',(14.,41.72,7.5));
#5644=CARTESIAN_POINT('',(11.25,41.72,9.));
#5645=CARTESIAN_POINT('',(11.25,41.72,6.8));
#5646=CARTESIAN_POINT('Origin',(14.,41.72,9.));
#5647=CARTESIAN_POINT('Origin',(14.,41.72,9.));
#5648=CARTESIAN_POINT('Origin',(0.500000014901,37.46604938271,9.));
#5649=CARTESIAN_POINT('Origin',(14.000000014901,18.216049382716,7.5));
#5650=CARTESIAN_POINT('Origin',(14.000000014901,41.71604938271,7.5));
#5651=CARTESIAN_POINT('Origin',(0.5,54.,21.9));
#5652=CARTESIAN_POINT('',(0.5,53.5,18.35));
#5653=CARTESIAN_POINT('Origin',(0.5,53.5,21.9));
#5654=CARTESIAN_POINT('',(0.500000000000001,54.,17.85));
#5655=CARTESIAN_POINT('Origin',(0.5,45.5,21.9));
#5656=CARTESIAN_POINT('',(5.950000014901,45.5,21.9));
#5657=CARTESIAN_POINT('Origin',(0.500000014901,45.5,21.9));
#5658=CARTESIAN_POINT('Origin',(0.5,54.5,21.9));
#5659=CARTESIAN_POINT('',(0.5,51.5,18.35));
#5660=CARTESIAN_POINT('',(0.5,54.5,18.35));
#5661=CARTESIAN_POINT('Origin',(0.5,51.5,21.9));
#5662=CARTESIAN_POINT('Origin',(0.500000014901,45.5,21.9));
#5663=CARTESIAN_POINT('',(0.5,45.5,17.1));
#5664=CARTESIAN_POINT('Origin',(0.5,45.5,21.9));
#5665=CARTESIAN_POINT('Origin',(0.5,51.5,21.9));
#5666=CARTESIAN_POINT('',(-2.949999985099,51.5,21.9));
#5667=CARTESIAN_POINT('Origin',(0.500000014901,51.5,21.9));
#5668=CARTESIAN_POINT('Origin',(0.5,49.5,21.9));
#5669=CARTESIAN_POINT('',(0.5,49.5,17.1));
#5670=CARTESIAN_POINT('Origin',(0.5,49.5,21.9));
#5671=CARTESIAN_POINT('',(0.499999999999999,49.5,17.1));
#5672=CARTESIAN_POINT('Origin',(0.500000014901,51.5,21.9));
#5673=CARTESIAN_POINT('',(0.5,51.5,18.9));
#5674=CARTESIAN_POINT('Origin',(0.5,51.5,21.9));
#5675=CARTESIAN_POINT('Origin',(0.5,49.5,21.9));
#5676=CARTESIAN_POINT('',(-3.999999985099,49.5,21.9));
#5677=CARTESIAN_POINT('Origin',(0.500000014901,49.5,21.9));
#5678=CARTESIAN_POINT('Origin',(0.5,51.5,21.9));
#5679=CARTESIAN_POINT('',(0.5,49.5,18.9));
#5680=CARTESIAN_POINT('',(0.5,51.5,18.9));
#5681=CARTESIAN_POINT('Origin',(0.5,49.5,21.9));
#5682=CARTESIAN_POINT('Origin',(0.500000014901,49.5,21.9));
#5683=UNCERTAINTY_MEASURE_WITH_UNIT(LENGTH_MEASURE(0.01),#5687,
'DISTANCE_ACCURACY_VALUE',
'Maximum model space distance between geometric entities at asserted c
onnectivities');
#5684=UNCERTAINTY_MEASURE_WITH_UNIT(LENGTH_MEASURE(0.01),#5687,
'DISTANCE_ACCURACY_VALUE',
'Maximum model space distance between geometric entities at asserted c
onnectivities');
#5685=(
GEOMETRIC_REPRESENTATION_CONTEXT(3)
GLOBAL_UNCERTAINTY_ASSIGNED_CONTEXT((#5683))
GLOBAL_UNIT_ASSIGNED_CONTEXT((#5687,#5689,#5690))
REPRESENTATION_CONTEXT('','3D')
);
#5686=(
GEOMETRIC_REPRESENTATION_CONTEXT(3)
GLOBAL_UNCERTAINTY_ASSIGNED_CONTEXT((#5684))
GLOBAL_UNIT_ASSIGNED_CONTEXT((#5687,#5689,#5690))
REPRESENTATION_CONTEXT('','3D')
);
#5687=(
LENGTH_UNIT()
NAMED_UNIT(*)
SI_UNIT(.MILLI.,.METRE.)
);
#5688=(
LENGTH_UNIT()
NAMED_UNIT(*)
SI_UNIT($,.METRE.)
);
#5689=(
NAMED_UNIT(*)
PLANE_ANGLE_UNIT()
SI_UNIT($,.RADIAN.)
);
#5690=(
NAMED_UNIT(*)
SI_UNIT($,.STERADIAN.)
SOLID_ANGLE_UNIT()
);
#5691=SHAPE_DEFINITION_REPRESENTATION(#5692,#5693);
#5692=PRODUCT_DEFINITION_SHAPE('',$,#5695);
#5693=SHAPE_REPRESENTATION('',(#3377),#5685);
#5694=PRODUCT_DEFINITION_CONTEXT('part definition',#5699,'design');
#5695=PRODUCT_DEFINITION('Open CASCADE STEP translator 7.9 1',
'beta3\X2\540E8F6E8F7456FA5B9A\X0\_\X2\53F3FF08\X0\15mm\X2\3001538B5165501289D2FF09\X0\',
#5696,#5694);
#5696=PRODUCT_DEFINITION_FORMATION('',$,#5701);
#5697=PRODUCT_RELATED_PRODUCT_CATEGORY(
'beta3\X2\540E8F6E8F7456FA5B9A\X0\_\X2\53F3FF08\X0\15mm\X2\3001538B5165501289D2FF09\X0\',
'beta3\X2\540E8F6E8F7456FA5B9A\X0\_\X2\53F3FF08\X0\15mm\X2\3001538B5165501289D2FF09\X0\',
(#5701));
#5698=APPLICATION_PROTOCOL_DEFINITION('international standard',
'automotive_design',2009,#5699);
#5699=APPLICATION_CONTEXT(
'Core Data for Automotive Mechanical Design Process');
#5700=PRODUCT_CONTEXT('part definition',#5699,'mechanical');
#5701=PRODUCT('Open CASCADE STEP translator 7.9 1',
'beta3\X2\540E8F6E8F7456FA5B9A\X0\_\X2\53F3FF08\X0\15mm\X2\3001538B5165501289D2FF09\X0\',
$,(#5700));
#5702=PRESENTATION_STYLE_ASSIGNMENT((#5703));
#5703=SURFACE_STYLE_USAGE(.BOTH.,#5704);
#5704=SURFACE_SIDE_STYLE('',(#5705));
#5705=SURFACE_STYLE_FILL_AREA(#5706);
#5706=FILL_AREA_STYLE('\X2\94A2\X0\ - \X2\7F0E5149\X0\',(#5707));
#5707=FILL_AREA_STYLE_COLOUR('\X2\94A2\X0\ - \X2\7F0E5149\X0\',#5708);
#5708=COLOUR_RGB('\X2\94A2\X0\ - \X2\7F0E5149\X0\',0.627450980392157,0.627450980392157,
0.627450980392157);
ENDSEC;
END-ISO-10303-21;
