ISO-10303-21;
HEADER;
/* Generated by software containing ST-Developer
 * from STEP Tools, Inc. (www.steptools.com) 
 */

FILE_DESCRIPTION(
/* description */ (''),
/* implementation_level */ '2;1');

FILE_NAME(
/* name */ '',
/* time_stamp */ '2026-08-11T12:36:07+09:00',
/* author */ (''),
/* organization */ (''),
/* preprocessor_version */ 'ST-DEVELOPER v20.1',
/* originating_system */ 'Autodesk Translation Framework v15.8.0.0',
/* authorisation */ '');

FILE_SCHEMA (('AUTOMOTIVE_DESIGN { 1 0 10303 214 3 1 1 }'));
ENDSEC;

DATA;
#10=MECHANICAL_DESIGN_GEOMETRIC_PRESENTATION_REPRESENTATION('',(#13),#3071);
#11=SHAPE_REPRESENTATION_RELATIONSHIP('SRR','None',#3078,#12);
#12=ADVANCED_BREP_SHAPE_REPRESENTATION('',(#14),#3070);
#13=STYLED_ITEM('',(#3087),#14);
#14=MANIFOLD_SOLID_BREP('\X2\644450CF5934652F67B6FF0865B0FF09\X0\ (2)',
#1759);
#15=FACE_BOUND('',#207,.T.);
#16=FACE_BOUND('',#208,.T.);
#17=FACE_BOUND('',#209,.T.);
#18=FACE_BOUND('',#210,.T.);
#19=FACE_BOUND('',#211,.T.);
#20=FACE_BOUND('',#212,.T.);
#21=FACE_BOUND('',#225,.T.);
#22=FACE_BOUND('',#230,.T.);
#23=FACE_BOUND('',#234,.T.);
#24=FACE_BOUND('',#237,.T.);
#25=FACE_BOUND('',#243,.T.);
#26=FACE_BOUND('',#246,.T.);
#27=FACE_BOUND('',#248,.T.);
#28=FACE_BOUND('',#249,.T.);
#29=FACE_BOUND('',#253,.T.);
#30=FACE_BOUND('',#254,.T.);
#31=FACE_BOUND('',#263,.T.);
#32=FACE_BOUND('',#265,.T.);
#33=FACE_BOUND('',#270,.T.);
#34=FACE_BOUND('',#274,.T.);
#35=FACE_BOUND('',#276,.T.);
#36=FACE_BOUND('',#285,.T.);
#37=FACE_BOUND('',#286,.T.);
#38=FACE_BOUND('',#290,.T.);
#39=FACE_BOUND('',#291,.T.);
#40=FACE_BOUND('',#294,.T.);
#41=FACE_BOUND('',#309,.T.);
#42=FACE_BOUND('',#312,.T.);
#43=FACE_BOUND('',#315,.T.);
#44=FACE_BOUND('',#318,.T.);
#45=FACE_BOUND('',#321,.T.);
#46=FACE_BOUND('',#322,.T.);
#47=FACE_BOUND('',#323,.T.);
#48=FACE_BOUND('',#324,.T.);
#49=B_SPLINE_CURVE_WITH_KNOTS('',3,(#2633,#2634,#2635,#2636),
 .UNSPECIFIED.,.F.,.F.,(4,4),(0.625026738398868,0.634595987149203),
 .UNSPECIFIED.);
#50=B_SPLINE_CURVE_WITH_KNOTS('',3,(#2639,#2640,#2641,#2642,#2643,#2644,
#2645,#2646,#2647,#2648),.UNSPECIFIED.,.F.,.F.,(4,2,2,2,4),(0.634604315081758,
0.71000454847082,0.785404781859882,0.86282535712824,0.940245932396599),
 .UNSPECIFIED.);
#51=B_SPLINE_CURVE_WITH_KNOTS('',3,(#2657,#2658,#2659,#2660),
 .UNSPECIFIED.,.F.,.F.,(4,4),(0.,0.0095692487502805),.UNSPECIFIED.);
#52=B_SPLINE_CURVE_WITH_KNOTS('',3,(#2724,#2725,#2726,#2727,#2728,#2729,
#2730,#2731,#2732,#2733),.UNSPECIFIED.,.F.,.F.,(4,2,2,2,4),(-0.305641617314839,
-0.228221042046481,-0.150800466778123,-0.0754002333890618,0.),
 .UNSPECIFIED.);
#53=B_SPLINE_CURVE_WITH_KNOTS('',3,(#2751,#2752,#2753,#2754),
 .UNSPECIFIED.,.F.,.F.,(4,4),(0.62489157865374,0.634460827403918),
 .UNSPECIFIED.);
#54=B_SPLINE_CURVE_WITH_KNOTS('',3,(#2757,#2758,#2759,#2760,#2761,#2762,
#2763,#2764,#2765,#2766),.UNSPECIFIED.,.F.,.F.,(4,2,2,2,4),(0.634740822878115,
0.71013960143483,0.785538379991546,0.862960414049513,0.94038244810748),
 .UNSPECIFIED.);
#55=B_SPLINE_CURVE_WITH_KNOTS('',3,(#2772,#2773,#2774,#2775),
 .UNSPECIFIED.,.F.,.F.,(4,4),(0.,0.00956924875023097),.UNSPECIFIED.);
#56=B_SPLINE_CURVE_WITH_KNOTS('',3,(#2787,#2788,#2789,#2790,#2791,#2792,
#2793,#2794,#2795,#2796),.UNSPECIFIED.,.F.,.F.,(4,2,2,2,4),(-0.305641625229365,
-0.228219591171398,-0.15079755711343,-0.0753987785567152,0.),
 .UNSPECIFIED.);
#57=PLANE('',#1776);
#58=PLANE('',#1780);
#59=PLANE('',#1790);
#60=PLANE('',#1800);
#61=PLANE('',#1807);
#62=PLANE('',#1809);
#63=PLANE('',#1829);
#64=PLANE('',#1835);
#65=PLANE('',#1839);
#66=PLANE('',#1840);
#67=PLANE('',#1843);
#68=PLANE('',#1847);
#69=PLANE('',#1851);
#70=PLANE('',#1856);
#71=PLANE('',#1860);
#72=PLANE('',#1864);
#73=PLANE('',#1869);
#74=PLANE('',#1875);
#75=PLANE('',#1876);
#76=PLANE('',#1877);
#77=PLANE('',#1882);
#78=PLANE('',#1885);
#79=PLANE('',#1887);
#80=PLANE('',#1894);
#81=PLANE('',#1896);
#82=PLANE('',#1902);
#83=PLANE('',#1909);
#84=PLANE('',#1911);
#85=PLANE('',#1921);
#86=PLANE('',#1924);
#87=PLANE('',#1925);
#88=PLANE('',#1930);
#89=PLANE('',#1931);
#90=PLANE('',#1932);
#91=PLANE('',#1937);
#92=PLANE('',#1950);
#93=PLANE('',#1951);
#94=PLANE('',#1958);
#95=PLANE('',#1962);
#96=PLANE('',#1966);
#97=PLANE('',#1969);
#98=PLANE('',#1972);
#99=FACE_OUTER_BOUND('',#195,.T.);
#100=FACE_OUTER_BOUND('',#196,.T.);
#101=FACE_OUTER_BOUND('',#197,.T.);
#102=FACE_OUTER_BOUND('',#198,.T.);
#103=FACE_OUTER_BOUND('',#199,.T.);
#104=FACE_OUTER_BOUND('',#200,.T.);
#105=FACE_OUTER_BOUND('',#201,.T.);
#106=FACE_OUTER_BOUND('',#202,.T.);
#107=FACE_OUTER_BOUND('',#203,.T.);
#108=FACE_OUTER_BOUND('',#204,.T.);
#109=FACE_OUTER_BOUND('',#205,.T.);
#110=FACE_OUTER_BOUND('',#206,.T.);
#111=FACE_OUTER_BOUND('',#213,.T.);
#112=FACE_OUTER_BOUND('',#214,.T.);
#113=FACE_OUTER_BOUND('',#215,.T.);
#114=FACE_OUTER_BOUND('',#216,.T.);
#115=FACE_OUTER_BOUND('',#217,.T.);
#116=FACE_OUTER_BOUND('',#218,.T.);
#117=FACE_OUTER_BOUND('',#219,.T.);
#118=FACE_OUTER_BOUND('',#220,.T.);
#119=FACE_OUTER_BOUND('',#221,.T.);
#120=FACE_OUTER_BOUND('',#222,.T.);
#121=FACE_OUTER_BOUND('',#223,.T.);
#122=FACE_OUTER_BOUND('',#224,.T.);
#123=FACE_OUTER_BOUND('',#226,.T.);
#124=FACE_OUTER_BOUND('',#227,.T.);
#125=FACE_OUTER_BOUND('',#228,.T.);
#126=FACE_OUTER_BOUND('',#229,.T.);
#127=FACE_OUTER_BOUND('',#231,.T.);
#128=FACE_OUTER_BOUND('',#232,.T.);
#129=FACE_OUTER_BOUND('',#233,.T.);
#130=FACE_OUTER_BOUND('',#235,.T.);
#131=FACE_OUTER_BOUND('',#236,.T.);
#132=FACE_OUTER_BOUND('',#238,.T.);
#133=FACE_OUTER_BOUND('',#239,.T.);
#134=FACE_OUTER_BOUND('',#240,.T.);
#135=FACE_OUTER_BOUND('',#241,.T.);
#136=FACE_OUTER_BOUND('',#242,.T.);
#137=FACE_OUTER_BOUND('',#244,.T.);
#138=FACE_OUTER_BOUND('',#245,.T.);
#139=FACE_OUTER_BOUND('',#247,.T.);
#140=FACE_OUTER_BOUND('',#250,.T.);
#141=FACE_OUTER_BOUND('',#251,.T.);
#142=FACE_OUTER_BOUND('',#252,.T.);
#143=FACE_OUTER_BOUND('',#255,.T.);
#144=FACE_OUTER_BOUND('',#256,.T.);
#145=FACE_OUTER_BOUND('',#257,.T.);
#146=FACE_OUTER_BOUND('',#258,.T.);
#147=FACE_OUTER_BOUND('',#259,.T.);
#148=FACE_OUTER_BOUND('',#260,.T.);
#149=FACE_OUTER_BOUND('',#261,.T.);
#150=FACE_OUTER_BOUND('',#262,.T.);
#151=FACE_OUTER_BOUND('',#264,.T.);
#152=FACE_OUTER_BOUND('',#266,.T.);
#153=FACE_OUTER_BOUND('',#267,.T.);
#154=FACE_OUTER_BOUND('',#268,.T.);
#155=FACE_OUTER_BOUND('',#269,.T.);
#156=FACE_OUTER_BOUND('',#271,.T.);
#157=FACE_OUTER_BOUND('',#272,.T.);
#158=FACE_OUTER_BOUND('',#273,.T.);
#159=FACE_OUTER_BOUND('',#275,.T.);
#160=FACE_OUTER_BOUND('',#277,.T.);
#161=FACE_OUTER_BOUND('',#278,.T.);
#162=FACE_OUTER_BOUND('',#279,.T.);
#163=FACE_OUTER_BOUND('',#280,.T.);
#164=FACE_OUTER_BOUND('',#281,.T.);
#165=FACE_OUTER_BOUND('',#282,.T.);
#166=FACE_OUTER_BOUND('',#283,.T.);
#167=FACE_OUTER_BOUND('',#284,.T.);
#168=FACE_OUTER_BOUND('',#287,.T.);
#169=FACE_OUTER_BOUND('',#288,.T.);
#170=FACE_OUTER_BOUND('',#289,.T.);
#171=FACE_OUTER_BOUND('',#292,.T.);
#172=FACE_OUTER_BOUND('',#293,.T.);
#173=FACE_OUTER_BOUND('',#295,.T.);
#174=FACE_OUTER_BOUND('',#296,.T.);
#175=FACE_OUTER_BOUND('',#297,.T.);
#176=FACE_OUTER_BOUND('',#298,.T.);
#177=FACE_OUTER_BOUND('',#299,.T.);
#178=FACE_OUTER_BOUND('',#300,.T.);
#179=FACE_OUTER_BOUND('',#301,.T.);
#180=FACE_OUTER_BOUND('',#302,.T.);
#181=FACE_OUTER_BOUND('',#303,.T.);
#182=FACE_OUTER_BOUND('',#304,.T.);
#183=FACE_OUTER_BOUND('',#305,.T.);
#184=FACE_OUTER_BOUND('',#306,.T.);
#185=FACE_OUTER_BOUND('',#307,.T.);
#186=FACE_OUTER_BOUND('',#308,.T.);
#187=FACE_OUTER_BOUND('',#310,.T.);
#188=FACE_OUTER_BOUND('',#311,.T.);
#189=FACE_OUTER_BOUND('',#313,.T.);
#190=FACE_OUTER_BOUND('',#314,.T.);
#191=FACE_OUTER_BOUND('',#316,.T.);
#192=FACE_OUTER_BOUND('',#317,.T.);
#193=FACE_OUTER_BOUND('',#319,.T.);
#194=FACE_OUTER_BOUND('',#320,.T.);
#195=EDGE_LOOP('',(#1113,#1114,#1115,#1116));
#196=EDGE_LOOP('',(#1117,#1118,#1119,#1120));
#197=EDGE_LOOP('',(#1121,#1122,#1123,#1124));
#198=EDGE_LOOP('',(#1125,#1126,#1127,#1128,#1129,#1130,#1131,#1132,#1133,
#1134,#1135,#1136,#1137,#1138,#1139,#1140,#1141,#1142));
#199=EDGE_LOOP('',(#1143,#1144,#1145,#1146));
#200=EDGE_LOOP('',(#1147,#1148,#1149,#1150,#1151,#1152,#1153,#1154,#1155,
#1156,#1157,#1158,#1159,#1160,#1161,#1162,#1163,#1164));
#201=EDGE_LOOP('',(#1165,#1166,#1167,#1168));
#202=EDGE_LOOP('',(#1169,#1170,#1171,#1172));
#203=EDGE_LOOP('',(#1173,#1174,#1175,#1176,#1177,#1178,#1179));
#204=EDGE_LOOP('',(#1180,#1181,#1182,#1183,#1184,#1185));
#205=EDGE_LOOP('',(#1186,#1187,#1188,#1189,#1190,#1191));
#206=EDGE_LOOP('',(#1192,#1193,#1194,#1195,#1196,#1197,#1198,#1199,#1200,
#1201,#1202,#1203,#1204,#1205,#1206,#1207,#1208,#1209,#1210,#1211,#1212,
#1213,#1214,#1215,#1216,#1217,#1218,#1219,#1220,#1221,#1222,#1223));
#207=EDGE_LOOP('',(#1224));
#208=EDGE_LOOP('',(#1225));
#209=EDGE_LOOP('',(#1226));
#210=EDGE_LOOP('',(#1227));
#211=EDGE_LOOP('',(#1228));
#212=EDGE_LOOP('',(#1229));
#213=EDGE_LOOP('',(#1230,#1231,#1232,#1233,#1234,#1235,#1236));
#214=EDGE_LOOP('',(#1237,#1238,#1239,#1240,#1241));
#215=EDGE_LOOP('',(#1242,#1243,#1244,#1245));
#216=EDGE_LOOP('',(#1246,#1247,#1248,#1249,#1250,#1251,#1252));
#217=EDGE_LOOP('',(#1253,#1254,#1255,#1256,#1257,#1258));
#218=EDGE_LOOP('',(#1259,#1260,#1261,#1262,#1263));
#219=EDGE_LOOP('',(#1264,#1265,#1266,#1267,#1268,#1269,#1270));
#220=EDGE_LOOP('',(#1271,#1272,#1273,#1274));
#221=EDGE_LOOP('',(#1275,#1276,#1277,#1278));
#222=EDGE_LOOP('',(#1279,#1280,#1281,#1282));
#223=EDGE_LOOP('',(#1283,#1284,#1285,#1286));
#224=EDGE_LOOP('',(#1287));
#225=EDGE_LOOP('',(#1288));
#226=EDGE_LOOP('',(#1289,#1290,#1291,#1292));
#227=EDGE_LOOP('',(#1293,#1294,#1295,#1296));
#228=EDGE_LOOP('',(#1297,#1298,#1299,#1300));
#229=EDGE_LOOP('',(#1301));
#230=EDGE_LOOP('',(#1302));
#231=EDGE_LOOP('',(#1303,#1304,#1305,#1306));
#232=EDGE_LOOP('',(#1307,#1308,#1309,#1310));
#233=EDGE_LOOP('',(#1311));
#234=EDGE_LOOP('',(#1312));
#235=EDGE_LOOP('',(#1313,#1314,#1315,#1316));
#236=EDGE_LOOP('',(#1317));
#237=EDGE_LOOP('',(#1318));
#238=EDGE_LOOP('',(#1319,#1320,#1321,#1322));
#239=EDGE_LOOP('',(#1323,#1324,#1325,#1326));
#240=EDGE_LOOP('',(#1327,#1328,#1329,#1330));
#241=EDGE_LOOP('',(#1331,#1332,#1333,#1334));
#242=EDGE_LOOP('',(#1335,#1336,#1337,#1338,#1339,#1340,#1341,#1342));
#243=EDGE_LOOP('',(#1343,#1344,#1345,#1346,#1347,#1348));
#244=EDGE_LOOP('',(#1349,#1350,#1351,#1352));
#245=EDGE_LOOP('',(#1353,#1354,#1355,#1356,#1357,#1358,#1359,#1360,#1361,
#1362));
#246=EDGE_LOOP('',(#1363));
#247=EDGE_LOOP('',(#1364,#1365,#1366,#1367));
#248=EDGE_LOOP('',(#1368));
#249=EDGE_LOOP('',(#1369));
#250=EDGE_LOOP('',(#1370,#1371,#1372,#1373));
#251=EDGE_LOOP('',(#1374,#1375,#1376,#1377));
#252=EDGE_LOOP('',(#1378,#1379,#1380,#1381));
#253=EDGE_LOOP('',(#1382));
#254=EDGE_LOOP('',(#1383));
#255=EDGE_LOOP('',(#1384,#1385,#1386,#1387));
#256=EDGE_LOOP('',(#1388,#1389,#1390,#1391));
#257=EDGE_LOOP('',(#1392,#1393,#1394,#1395));
#258=EDGE_LOOP('',(#1396,#1397,#1398,#1399));
#259=EDGE_LOOP('',(#1400,#1401,#1402,#1403));
#260=EDGE_LOOP('',(#1404,#1405,#1406,#1407));
#261=EDGE_LOOP('',(#1408,#1409,#1410,#1411));
#262=EDGE_LOOP('',(#1412));
#263=EDGE_LOOP('',(#1413));
#264=EDGE_LOOP('',(#1414));
#265=EDGE_LOOP('',(#1415));
#266=EDGE_LOOP('',(#1416,#1417,#1418,#1419));
#267=EDGE_LOOP('',(#1420,#1421,#1422,#1423));
#268=EDGE_LOOP('',(#1424,#1425,#1426,#1427));
#269=EDGE_LOOP('',(#1428,#1429,#1430,#1431,#1432,#1433,#1434,#1435,#1436,
#1437));
#270=EDGE_LOOP('',(#1438));
#271=EDGE_LOOP('',(#1439,#1440,#1441,#1442));
#272=EDGE_LOOP('',(#1443,#1444,#1445,#1446));
#273=EDGE_LOOP('',(#1447));
#274=EDGE_LOOP('',(#1448));
#275=EDGE_LOOP('',(#1449));
#276=EDGE_LOOP('',(#1450));
#277=EDGE_LOOP('',(#1451,#1452,#1453,#1454));
#278=EDGE_LOOP('',(#1455,#1456,#1457,#1458));
#279=EDGE_LOOP('',(#1459,#1460,#1461,#1462));
#280=EDGE_LOOP('',(#1463,#1464,#1465,#1466));
#281=EDGE_LOOP('',(#1467,#1468,#1469,#1470));
#282=EDGE_LOOP('',(#1471,#1472,#1473,#1474));
#283=EDGE_LOOP('',(#1475,#1476,#1477,#1478));
#284=EDGE_LOOP('',(#1479,#1480,#1481,#1482));
#285=EDGE_LOOP('',(#1483));
#286=EDGE_LOOP('',(#1484));
#287=EDGE_LOOP('',(#1485,#1486,#1487,#1488));
#288=EDGE_LOOP('',(#1489,#1490,#1491,#1492));
#289=EDGE_LOOP('',(#1493,#1494,#1495,#1496));
#290=EDGE_LOOP('',(#1497));
#291=EDGE_LOOP('',(#1498));
#292=EDGE_LOOP('',(#1499,#1500,#1501,#1502));
#293=EDGE_LOOP('',(#1503,#1504,#1505,#1506,#1507,#1508,#1509,#1510));
#294=EDGE_LOOP('',(#1511,#1512,#1513,#1514,#1515,#1516));
#295=EDGE_LOOP('',(#1517,#1518,#1519,#1520));
#296=EDGE_LOOP('',(#1521,#1522,#1523,#1524));
#297=EDGE_LOOP('',(#1525,#1526,#1527,#1528));
#298=EDGE_LOOP('',(#1529,#1530,#1531,#1532));
#299=EDGE_LOOP('',(#1533,#1534,#1535,#1536));
#300=EDGE_LOOP('',(#1537,#1538,#1539,#1540));
#301=EDGE_LOOP('',(#1541,#1542,#1543,#1544));
#302=EDGE_LOOP('',(#1545,#1546,#1547,#1548));
#303=EDGE_LOOP('',(#1549,#1550,#1551,#1552));
#304=EDGE_LOOP('',(#1553,#1554,#1555,#1556));
#305=EDGE_LOOP('',(#1557,#1558,#1559,#1560));
#306=EDGE_LOOP('',(#1561,#1562,#1563,#1564));
#307=EDGE_LOOP('',(#1565,#1566,#1567,#1568));
#308=EDGE_LOOP('',(#1569));
#309=EDGE_LOOP('',(#1570));
#310=EDGE_LOOP('',(#1571,#1572,#1573,#1574));
#311=EDGE_LOOP('',(#1575));
#312=EDGE_LOOP('',(#1576));
#313=EDGE_LOOP('',(#1577,#1578,#1579,#1580));
#314=EDGE_LOOP('',(#1581));
#315=EDGE_LOOP('',(#1582));
#316=EDGE_LOOP('',(#1583,#1584,#1585,#1586));
#317=EDGE_LOOP('',(#1587));
#318=EDGE_LOOP('',(#1588));
#319=EDGE_LOOP('',(#1589,#1590,#1591,#1592));
#320=EDGE_LOOP('',(#1593,#1594,#1595,#1596,#1597,#1598,#1599,#1600,#1601,
#1602,#1603,#1604));
#321=EDGE_LOOP('',(#1605));
#322=EDGE_LOOP('',(#1606));
#323=EDGE_LOOP('',(#1607));
#324=EDGE_LOOP('',(#1608));
#325=LINE('',#2517,#461);
#326=LINE('',#2520,#462);
#327=LINE('',#2523,#463);
#328=LINE('',#2525,#464);
#329=LINE('',#2526,#465);
#330=LINE('',#2532,#466);
#331=LINE('',#2535,#467);
#332=LINE('',#2538,#468);
#333=LINE('',#2542,#469);
#334=LINE('',#2544,#470);
#335=LINE('',#2548,#471);
#336=LINE('',#2552,#472);
#337=LINE('',#2553,#473);
#338=LINE('',#2555,#474);
#339=LINE('',#2559,#475);
#340=LINE('',#2563,#476);
#341=LINE('',#2566,#477);
#342=LINE('',#2572,#478);
#343=LINE('',#2575,#479);
#344=LINE('',#2578,#480);
#345=LINE('',#2582,#481);
#346=LINE('',#2586,#482);
#347=LINE('',#2590,#483);
#348=LINE('',#2592,#484);
#349=LINE('',#2594,#485);
#350=LINE('',#2596,#486);
#351=LINE('',#2600,#487);
#352=LINE('',#2604,#488);
#353=LINE('',#2606,#489);
#354=LINE('',#2609,#490);
#355=LINE('',#2614,#491);
#356=LINE('',#2618,#492);
#357=LINE('',#2620,#493);
#358=LINE('',#2621,#494);
#359=LINE('',#2627,#495);
#360=LINE('',#2631,#496);
#361=LINE('',#2638,#497);
#362=LINE('',#2653,#498);
#363=LINE('',#2661,#499);
#364=LINE('',#2664,#500);
#365=LINE('',#2666,#501);
#366=LINE('',#2669,#502);
#367=LINE('',#2676,#503);
#368=LINE('',#2680,#504);
#369=LINE('',#2681,#505);
#370=LINE('',#2684,#506);
#371=LINE('',#2688,#507);
#372=LINE('',#2692,#508);
#373=LINE('',#2694,#509);
#374=LINE('',#2696,#510);
#375=LINE('',#2700,#511);
#376=LINE('',#2720,#512);
#377=LINE('',#2734,#513);
#378=LINE('',#2735,#514);
#379=LINE('',#2738,#515);
#380=LINE('',#2739,#516);
#381=LINE('',#2741,#517);
#382=LINE('',#2742,#518);
#383=LINE('',#2747,#519);
#384=LINE('',#2749,#520);
#385=LINE('',#2756,#521);
#386=LINE('',#2770,#522);
#387=LINE('',#2776,#523);
#388=LINE('',#2779,#524);
#389=LINE('',#2780,#525);
#390=LINE('',#2783,#526);
#391=LINE('',#2797,#527);
#392=LINE('',#2799,#528);
#393=LINE('',#2800,#529);
#394=LINE('',#2806,#530);
#395=LINE('',#2813,#531);
#396=LINE('',#2815,#532);
#397=LINE('',#2820,#533);
#398=LINE('',#2826,#534);
#399=LINE('',#2830,#535);
#400=LINE('',#2837,#536);
#401=LINE('',#2844,#537);
#402=LINE('',#2847,#538);
#403=LINE('',#2848,#539);
#404=LINE('',#2853,#540);
#405=LINE('',#2856,#541);
#406=LINE('',#2859,#542);
#407=LINE('',#2863,#543);
#408=LINE('',#2865,#544);
#409=LINE('',#2867,#545);
#410=LINE('',#2872,#546);
#411=LINE('',#2876,#547);
#412=LINE('',#2879,#548);
#413=LINE('',#2881,#549);
#414=LINE('',#2882,#550);
#415=LINE('',#2884,#551);
#416=LINE('',#2885,#552);
#417=LINE('',#2887,#553);
#418=LINE('',#2894,#554);
#419=LINE('',#2896,#555);
#420=LINE('',#2902,#556);
#421=LINE('',#2903,#557);
#422=LINE('',#2906,#558);
#423=LINE('',#2911,#559);
#424=LINE('',#2915,#560);
#425=LINE('',#2924,#561);
#426=LINE('',#2926,#562);
#427=LINE('',#2931,#563);
#428=LINE('',#2932,#564);
#429=LINE('',#2935,#565);
#430=LINE('',#2937,#566);
#431=LINE('',#2938,#567);
#432=LINE('',#2943,#568);
#433=LINE('',#2949,#569);
#434=LINE('',#2960,#570);
#435=LINE('',#2964,#571);
#436=LINE('',#2967,#572);
#437=LINE('',#2970,#573);
#438=LINE('',#2973,#574);
#439=LINE('',#2976,#575);
#440=LINE('',#2978,#576);
#441=LINE('',#2981,#577);
#442=LINE('',#2984,#578);
#443=LINE('',#2987,#579);
#444=LINE('',#2988,#580);
#445=LINE('',#2994,#581);
#446=LINE('',#2997,#582);
#447=LINE('',#2998,#583);
#448=LINE('',#3000,#584);
#449=LINE('',#3002,#585);
#450=LINE('',#3010,#586);
#451=LINE('',#3015,#587);
#452=LINE('',#3019,#588);
#453=LINE('',#3024,#589);
#454=LINE('',#3030,#590);
#455=LINE('',#3035,#591);
#456=LINE('',#3041,#592);
#457=LINE('',#3049,#593);
#458=LINE('',#3056,#594);
#459=LINE('',#3061,#595);
#460=LINE('',#3066,#596);
#461=VECTOR('',#1979,10.);
#462=VECTOR('',#1982,10.);
#463=VECTOR('',#1985,10.);
#464=VECTOR('',#1986,10.);
#465=VECTOR('',#1987,10.);
#466=VECTOR('',#1992,10.);
#467=VECTOR('',#1995,10.);
#468=VECTOR('',#1998,10.);
#469=VECTOR('',#2001,10.);
#470=VECTOR('',#2002,10.);
#471=VECTOR('',#2005,10.);
#472=VECTOR('',#2008,10.);
#473=VECTOR('',#2009,10.);
#474=VECTOR('',#2010,10.);
#475=VECTOR('',#2013,10.);
#476=VECTOR('',#2016,10.);
#477=VECTOR('',#2019,10.);
#478=VECTOR('',#2024,10.);
#479=VECTOR('',#2027,10.);
#480=VECTOR('',#2030,10.);
#481=VECTOR('',#2033,10.);
#482=VECTOR('',#2036,10.);
#483=VECTOR('',#2039,10.);
#484=VECTOR('',#2040,10.);
#485=VECTOR('',#2041,10.);
#486=VECTOR('',#2042,10.);
#487=VECTOR('',#2045,10.);
#488=VECTOR('',#2048,10.);
#489=VECTOR('',#2049,10.);
#490=VECTOR('',#2052,10.);
#491=VECTOR('',#2057,10.);
#492=VECTOR('',#2062,10.);
#493=VECTOR('',#2063,10.);
#494=VECTOR('',#2064,10.);
#495=VECTOR('',#2069,10.);
#496=VECTOR('',#2072,10.);
#497=VECTOR('',#2073,10.);
#498=VECTOR('',#2078,10.);
#499=VECTOR('',#2081,10.);
#500=VECTOR('',#2084,10.);
#501=VECTOR('',#2085,10.);
#502=VECTOR('',#2088,10.);
#503=VECTOR('',#2095,10.);
#504=VECTOR('',#2098,10.);
#505=VECTOR('',#2099,10.);
#506=VECTOR('',#2102,10.);
#507=VECTOR('',#2105,10.);
#508=VECTOR('',#2110,10.);
#509=VECTOR('',#2111,10.);
#510=VECTOR('',#2112,10.);
#511=VECTOR('',#2115,10.);
#512=VECTOR('',#2136,10.);
#513=VECTOR('',#2139,10.);
#514=VECTOR('',#2140,10.);
#515=VECTOR('',#2143,10.);
#516=VECTOR('',#2144,10.);
#517=VECTOR('',#2147,10.);
#518=VECTOR('',#2148,10.);
#519=VECTOR('',#2153,10.);
#520=VECTOR('',#2154,10.);
#521=VECTOR('',#2155,10.);
#522=VECTOR('',#2160,10.);
#523=VECTOR('',#2161,10.);
#524=VECTOR('',#2164,10.);
#525=VECTOR('',#2165,10.);
#526=VECTOR('',#2168,10.);
#527=VECTOR('',#2171,10.);
#528=VECTOR('',#2174,10.);
#529=VECTOR('',#2175,10.);
#530=VECTOR('',#2184,2.75);
#531=VECTOR('',#2193,10.);
#532=VECTOR('',#2196,10.);
#533=VECTOR('',#2201,2.75);
#534=VECTOR('',#2210,1.25);
#535=VECTOR('',#2215,2.75);
#536=VECTOR('',#2224,1.25);
#537=VECTOR('',#2233,2.75);
#538=VECTOR('',#2236,10.);
#539=VECTOR('',#2237,10.);
#540=VECTOR('',#2244,40.);
#541=VECTOR('',#2247,10.);
#542=VECTOR('',#2250,10.);
#543=VECTOR('',#2253,10.);
#544=VECTOR('',#2254,10.);
#545=VECTOR('',#2257,10.);
#546=VECTOR('',#2260,10.);
#547=VECTOR('',#2263,10.);
#548=VECTOR('',#2266,10.);
#549=VECTOR('',#2269,10.);
#550=VECTOR('',#2270,10.);
#551=VECTOR('',#2273,10.);
#552=VECTOR('',#2274,10.);
#553=VECTOR('',#2277,10.);
#554=VECTOR('',#2286,10.);
#555=VECTOR('',#2289,10.);
#556=VECTOR('',#2296,10.);
#557=VECTOR('',#2297,10.);
#558=VECTOR('',#2302,10.);
#559=VECTOR('',#2309,1.5);
#560=VECTOR('',#2314,1.5);
#561=VECTOR('',#2327,3.3);
#562=VECTOR('',#2330,3.3);
#563=VECTOR('',#2335,40.);
#564=VECTOR('',#2336,10.);
#565=VECTOR('',#2339,10.);
#566=VECTOR('',#2340,10.);
#567=VECTOR('',#2341,10.);
#568=VECTOR('',#2346,3.3);
#569=VECTOR('',#2353,3.3);
#570=VECTOR('',#2368,1.5);
#571=VECTOR('',#2373,1.5);
#572=VECTOR('',#2376,10.);
#573=VECTOR('',#2379,10.);
#574=VECTOR('',#2382,10.);
#575=VECTOR('',#2385,10.);
#576=VECTOR('',#2388,10.);
#577=VECTOR('',#2391,10.);
#578=VECTOR('',#2396,10.);
#579=VECTOR('',#2399,10.);
#580=VECTOR('',#2400,10.);
#581=VECTOR('',#2409,10.);
#582=VECTOR('',#2412,10.);
#583=VECTOR('',#2413,10.);
#584=VECTOR('',#2416,10.);
#585=VECTOR('',#2419,10.);
#586=VECTOR('',#2432,2.);
#587=VECTOR('',#2439,10.);
#588=VECTOR('',#2444,10.);
#589=VECTOR('',#2451,2.);
#590=VECTOR('',#2462,10.);
#591=VECTOR('',#2467,1.25);
#592=VECTOR('',#2474,1.25);
#593=VECTOR('',#2485,2.75);
#594=VECTOR('',#2494,2.75);
#595=VECTOR('',#2501,2.75);
#596=VECTOR('',#2508,2.75);
#597=CIRCLE('',#1774,20.);
#598=CIRCLE('',#1775,20.);
#599=CIRCLE('',#1778,20.);
#600=CIRCLE('',#1779,20.);
#601=CIRCLE('',#1781,5.);
#602=CIRCLE('',#1782,5.);
#603=CIRCLE('',#1783,40.);
#604=CIRCLE('',#1784,4.5);
#605=CIRCLE('',#1785,4.99999999999999);
#606=CIRCLE('',#1786,5.);
#607=CIRCLE('',#1788,20.);
#608=CIRCLE('',#1789,20.);
#609=CIRCLE('',#1791,5.);
#610=CIRCLE('',#1792,4.99999999999999);
#611=CIRCLE('',#1793,4.5);
#612=CIRCLE('',#1794,40.);
#613=CIRCLE('',#1795,5.);
#614=CIRCLE('',#1796,5.);
#615=CIRCLE('',#1798,20.);
#616=CIRCLE('',#1799,20.);
#617=CIRCLE('',#1802,5.7);
#618=CIRCLE('',#1803,5.7);
#619=CIRCLE('',#1805,2.);
#620=CIRCLE('',#1806,2.);
#621=CIRCLE('',#1808,2.);
#622=CIRCLE('',#1810,14.6);
#623=CIRCLE('',#1811,5.7);
#624=CIRCLE('',#1812,10.);
#625=CIRCLE('',#1813,4.);
#626=CIRCLE('',#1814,10.);
#627=CIRCLE('',#1815,10.);
#628=CIRCLE('',#1816,4.);
#629=CIRCLE('',#1817,10.);
#630=CIRCLE('',#1818,5.7);
#631=CIRCLE('',#1819,14.6);
#632=CIRCLE('',#1820,5.7);
#633=CIRCLE('',#1821,2.75);
#634=CIRCLE('',#1822,2.75);
#635=CIRCLE('',#1823,2.75);
#636=CIRCLE('',#1824,2.75);
#637=CIRCLE('',#1825,2.);
#638=CIRCLE('',#1826,2.);
#639=CIRCLE('',#1828,5.7);
#640=CIRCLE('',#1832,5.7);
#641=CIRCLE('',#1834,2.);
#642=CIRCLE('',#1837,5.7);
#643=CIRCLE('',#1842,2.75);
#644=CIRCLE('',#1844,1.25);
#645=CIRCLE('',#1846,4.);
#646=CIRCLE('',#1849,2.75);
#647=CIRCLE('',#1850,2.75);
#648=CIRCLE('',#1852,1.25);
#649=CIRCLE('',#1855,2.75);
#650=CIRCLE('',#1857,1.25);
#651=CIRCLE('',#1859,1.25);
#652=CIRCLE('',#1861,2.75);
#653=CIRCLE('',#1863,2.75);
#654=CIRCLE('',#1866,4.);
#655=CIRCLE('',#1868,40.);
#656=CIRCLE('',#1870,5.);
#657=CIRCLE('',#1871,5.);
#658=CIRCLE('',#1872,4.99999999999999);
#659=CIRCLE('',#1873,4.5);
#660=CIRCLE('',#1874,5.);
#661=CIRCLE('',#1878,1.5);
#662=CIRCLE('',#1879,1.5);
#663=CIRCLE('',#1883,3.3);
#664=CIRCLE('',#1884,3.3);
#665=CIRCLE('',#1891,1.5);
#666=CIRCLE('',#1893,1.5);
#667=CIRCLE('',#1895,3.3);
#668=CIRCLE('',#1897,3.3);
#669=CIRCLE('',#1901,40.);
#670=CIRCLE('',#1904,3.3);
#671=CIRCLE('',#1905,3.3);
#672=CIRCLE('',#1907,3.3);
#673=CIRCLE('',#1908,3.3);
#674=CIRCLE('',#1910,1.5);
#675=CIRCLE('',#1912,1.5);
#676=CIRCLE('',#1914,1.5);
#677=CIRCLE('',#1916,1.5);
#678=CIRCLE('',#1918,4.99999999999999);
#679=CIRCLE('',#1920,5.);
#680=CIRCLE('',#1923,4.5);
#681=CIRCLE('',#1927,5.);
#682=CIRCLE('',#1929,5.);
#683=CIRCLE('',#1934,10.);
#684=CIRCLE('',#1936,14.6);
#685=CIRCLE('',#1939,2.);
#686=CIRCLE('',#1941,10.);
#687=CIRCLE('',#1943,10.);
#688=CIRCLE('',#1945,10.);
#689=CIRCLE('',#1947,2.);
#690=CIRCLE('',#1949,14.6);
#691=CIRCLE('',#1953,1.25);
#692=CIRCLE('',#1954,1.25);
#693=CIRCLE('',#1956,1.25);
#694=CIRCLE('',#1957,1.25);
#695=CIRCLE('',#1959,2.75);
#696=CIRCLE('',#1961,2.75);
#697=CIRCLE('',#1963,2.75);
#698=CIRCLE('',#1965,2.75);
#699=CIRCLE('',#1967,2.75);
#700=CIRCLE('',#1970,2.75);
#701=VERTEX_POINT('',#2513);
#702=VERTEX_POINT('',#2514);
#703=VERTEX_POINT('',#2516);
#704=VERTEX_POINT('',#2518);
#705=VERTEX_POINT('',#2522);
#706=VERTEX_POINT('',#2524);
#707=VERTEX_POINT('',#2528);
#708=VERTEX_POINT('',#2529);
#709=VERTEX_POINT('',#2531);
#710=VERTEX_POINT('',#2533);
#711=VERTEX_POINT('',#2537);
#712=VERTEX_POINT('',#2539);
#713=VERTEX_POINT('',#2541);
#714=VERTEX_POINT('',#2543);
#715=VERTEX_POINT('',#2545);
#716=VERTEX_POINT('',#2547);
#717=VERTEX_POINT('',#2549);
#718=VERTEX_POINT('',#2551);
#719=VERTEX_POINT('',#2554);
#720=VERTEX_POINT('',#2556);
#721=VERTEX_POINT('',#2558);
#722=VERTEX_POINT('',#2560);
#723=VERTEX_POINT('',#2562);
#724=VERTEX_POINT('',#2564);
#725=VERTEX_POINT('',#2568);
#726=VERTEX_POINT('',#2569);
#727=VERTEX_POINT('',#2571);
#728=VERTEX_POINT('',#2573);
#729=VERTEX_POINT('',#2577);
#730=VERTEX_POINT('',#2579);
#731=VERTEX_POINT('',#2581);
#732=VERTEX_POINT('',#2583);
#733=VERTEX_POINT('',#2585);
#734=VERTEX_POINT('',#2587);
#735=VERTEX_POINT('',#2589);
#736=VERTEX_POINT('',#2591);
#737=VERTEX_POINT('',#2593);
#738=VERTEX_POINT('',#2595);
#739=VERTEX_POINT('',#2597);
#740=VERTEX_POINT('',#2599);
#741=VERTEX_POINT('',#2601);
#742=VERTEX_POINT('',#2603);
#743=VERTEX_POINT('',#2605);
#744=VERTEX_POINT('',#2607);
#745=VERTEX_POINT('',#2611);
#746=VERTEX_POINT('',#2613);
#747=VERTEX_POINT('',#2617);
#748=VERTEX_POINT('',#2619);
#749=VERTEX_POINT('',#2623);
#750=VERTEX_POINT('',#2624);
#751=VERTEX_POINT('',#2626);
#752=VERTEX_POINT('',#2628);
#753=VERTEX_POINT('',#2630);
#754=VERTEX_POINT('',#2632);
#755=VERTEX_POINT('',#2637);
#756=VERTEX_POINT('',#2650);
#757=VERTEX_POINT('',#2652);
#758=VERTEX_POINT('',#2654);
#759=VERTEX_POINT('',#2656);
#760=VERTEX_POINT('',#2663);
#761=VERTEX_POINT('',#2665);
#762=VERTEX_POINT('',#2667);
#763=VERTEX_POINT('',#2671);
#764=VERTEX_POINT('',#2673);
#765=VERTEX_POINT('',#2675);
#766=VERTEX_POINT('',#2677);
#767=VERTEX_POINT('',#2679);
#768=VERTEX_POINT('',#2682);
#769=VERTEX_POINT('',#2685);
#770=VERTEX_POINT('',#2687);
#771=VERTEX_POINT('',#2690);
#772=VERTEX_POINT('',#2693);
#773=VERTEX_POINT('',#2695);
#774=VERTEX_POINT('',#2697);
#775=VERTEX_POINT('',#2699);
#776=VERTEX_POINT('',#2701);
#777=VERTEX_POINT('',#2703);
#778=VERTEX_POINT('',#2706);
#779=VERTEX_POINT('',#2708);
#780=VERTEX_POINT('',#2710);
#781=VERTEX_POINT('',#2712);
#782=VERTEX_POINT('',#2714);
#783=VERTEX_POINT('',#2716);
#784=VERTEX_POINT('',#2719);
#785=VERTEX_POINT('',#2721);
#786=VERTEX_POINT('',#2723);
#787=VERTEX_POINT('',#2737);
#788=VERTEX_POINT('',#2744);
#789=VERTEX_POINT('',#2745);
#790=VERTEX_POINT('',#2748);
#791=VERTEX_POINT('',#2750);
#792=VERTEX_POINT('',#2755);
#793=VERTEX_POINT('',#2768);
#794=VERTEX_POINT('',#2771);
#795=VERTEX_POINT('',#2778);
#796=VERTEX_POINT('',#2782);
#797=VERTEX_POINT('',#2784);
#798=VERTEX_POINT('',#2786);
#799=VERTEX_POINT('',#2804);
#800=VERTEX_POINT('',#2808);
#801=VERTEX_POINT('',#2811);
#802=VERTEX_POINT('',#2817);
#803=VERTEX_POINT('',#2819);
#804=VERTEX_POINT('',#2823);
#805=VERTEX_POINT('',#2828);
#806=VERTEX_POINT('',#2832);
#807=VERTEX_POINT('',#2835);
#808=VERTEX_POINT('',#2839);
#809=VERTEX_POINT('',#2842);
#810=VERTEX_POINT('',#2846);
#811=VERTEX_POINT('',#2852);
#812=VERTEX_POINT('',#2854);
#813=VERTEX_POINT('',#2858);
#814=VERTEX_POINT('',#2860);
#815=VERTEX_POINT('',#2862);
#816=VERTEX_POINT('',#2864);
#817=VERTEX_POINT('',#2868);
#818=VERTEX_POINT('',#2869);
#819=VERTEX_POINT('',#2871);
#820=VERTEX_POINT('',#2873);
#821=VERTEX_POINT('',#2875);
#822=VERTEX_POINT('',#2877);
#823=VERTEX_POINT('',#2888);
#824=VERTEX_POINT('',#2890);
#825=VERTEX_POINT('',#2897);
#826=VERTEX_POINT('',#2899);
#827=VERTEX_POINT('',#2910);
#828=VERTEX_POINT('',#2914);
#829=VERTEX_POINT('',#2918);
#830=VERTEX_POINT('',#2921);
#831=VERTEX_POINT('',#2928);
#832=VERTEX_POINT('',#2929);
#833=VERTEX_POINT('',#2934);
#834=VERTEX_POINT('',#2936);
#835=VERTEX_POINT('',#2940);
#836=VERTEX_POINT('',#2942);
#837=VERTEX_POINT('',#2946);
#838=VERTEX_POINT('',#2948);
#839=VERTEX_POINT('',#2952);
#840=VERTEX_POINT('',#2955);
#841=VERTEX_POINT('',#2958);
#842=VERTEX_POINT('',#2962);
#843=VERTEX_POINT('',#2966);
#844=VERTEX_POINT('',#2968);
#845=VERTEX_POINT('',#2972);
#846=VERTEX_POINT('',#2974);
#847=VERTEX_POINT('',#2980);
#848=VERTEX_POINT('',#2986);
#849=VERTEX_POINT('',#2992);
#850=VERTEX_POINT('',#2996);
#851=VERTEX_POINT('',#3009);
#852=VERTEX_POINT('',#3013);
#853=VERTEX_POINT('',#3017);
#854=VERTEX_POINT('',#3023);
#855=VERTEX_POINT('',#3032);
#856=VERTEX_POINT('',#3034);
#857=VERTEX_POINT('',#3038);
#858=VERTEX_POINT('',#3040);
#859=VERTEX_POINT('',#3044);
#860=VERTEX_POINT('',#3047);
#861=VERTEX_POINT('',#3051);
#862=VERTEX_POINT('',#3054);
#863=VERTEX_POINT('',#3058);
#864=VERTEX_POINT('',#3063);
#865=EDGE_CURVE('',#701,#702,#597,.T.);
#866=EDGE_CURVE('',#702,#703,#325,.T.);
#867=EDGE_CURVE('',#703,#704,#598,.T.);
#868=EDGE_CURVE('',#704,#701,#326,.T.);
#869=EDGE_CURVE('',#702,#705,#327,.T.);
#870=EDGE_CURVE('',#706,#705,#328,.T.);
#871=EDGE_CURVE('',#703,#706,#329,.T.);
#872=EDGE_CURVE('',#707,#708,#599,.T.);
#873=EDGE_CURVE('',#708,#709,#330,.T.);
#874=EDGE_CURVE('',#709,#710,#600,.T.);
#875=EDGE_CURVE('',#710,#707,#331,.T.);
#876=EDGE_CURVE('',#711,#704,#332,.T.);
#877=EDGE_CURVE('',#712,#711,#601,.T.);
#878=EDGE_CURVE('',#713,#712,#333,.T.);
#879=EDGE_CURVE('',#714,#713,#334,.T.);
#880=EDGE_CURVE('',#714,#715,#602,.T.);
#881=EDGE_CURVE('',#715,#716,#335,.T.);
#882=EDGE_CURVE('',#716,#717,#603,.F.);
#883=EDGE_CURVE('',#718,#717,#336,.T.);
#884=EDGE_CURVE('',#709,#718,#337,.T.);
#885=EDGE_CURVE('',#708,#719,#338,.T.);
#886=EDGE_CURVE('',#719,#720,#604,.T.);
#887=EDGE_CURVE('',#720,#721,#339,.T.);
#888=EDGE_CURVE('',#721,#722,#605,.T.);
#889=EDGE_CURVE('',#723,#722,#340,.T.);
#890=EDGE_CURVE('',#724,#723,#606,.T.);
#891=EDGE_CURVE('',#724,#701,#341,.T.);
#892=EDGE_CURVE('',#725,#726,#607,.T.);
#893=EDGE_CURVE('',#726,#727,#342,.T.);
#894=EDGE_CURVE('',#727,#728,#608,.T.);
#895=EDGE_CURVE('',#728,#725,#343,.T.);
#896=EDGE_CURVE('',#726,#729,#344,.T.);
#897=EDGE_CURVE('',#729,#730,#609,.T.);
#898=EDGE_CURVE('',#730,#731,#345,.T.);
#899=EDGE_CURVE('',#732,#731,#610,.T.);
#900=EDGE_CURVE('',#733,#732,#346,.T.);
#901=EDGE_CURVE('',#734,#733,#611,.T.);
#902=EDGE_CURVE('',#734,#735,#347,.T.);
#903=EDGE_CURVE('',#736,#735,#348,.T.);
#904=EDGE_CURVE('',#737,#736,#349,.T.);
#905=EDGE_CURVE('',#737,#738,#350,.T.);
#906=EDGE_CURVE('',#739,#738,#612,.T.);
#907=EDGE_CURVE('',#740,#739,#351,.T.);
#908=EDGE_CURVE('',#741,#740,#613,.T.);
#909=EDGE_CURVE('',#741,#742,#352,.T.);
#910=EDGE_CURVE('',#742,#743,#353,.T.);
#911=EDGE_CURVE('',#743,#744,#614,.T.);
#912=EDGE_CURVE('',#727,#744,#354,.T.);
#913=EDGE_CURVE('',#735,#745,#615,.T.);
#914=EDGE_CURVE('',#745,#746,#355,.T.);
#915=EDGE_CURVE('',#746,#736,#616,.T.);
#916=EDGE_CURVE('',#745,#747,#356,.T.);
#917=EDGE_CURVE('',#748,#747,#357,.T.);
#918=EDGE_CURVE('',#746,#748,#358,.T.);
#919=EDGE_CURVE('',#749,#750,#617,.T.);
#920=EDGE_CURVE('',#750,#751,#359,.T.);
#921=EDGE_CURVE('',#751,#752,#618,.T.);
#922=EDGE_CURVE('',#752,#753,#360,.T.);
#923=EDGE_CURVE('',#753,#754,#49,.T.);
#924=EDGE_CURVE('',#755,#754,#361,.T.);
#925=EDGE_CURVE('',#755,#749,#50,.T.);
#926=EDGE_CURVE('',#753,#756,#619,.T.);
#927=EDGE_CURVE('',#756,#757,#362,.T.);
#928=EDGE_CURVE('',#757,#758,#620,.T.);
#929=EDGE_CURVE('',#759,#758,#51,.T.);
#930=EDGE_CURVE('',#759,#754,#363,.T.);
#931=EDGE_CURVE('',#760,#752,#364,.T.);
#932=EDGE_CURVE('',#761,#760,#365,.T.);
#933=EDGE_CURVE('',#762,#761,#621,.T.);
#934=EDGE_CURVE('',#756,#762,#366,.T.);
#935=EDGE_CURVE('',#751,#763,#622,.T.);
#936=EDGE_CURVE('',#764,#763,#623,.T.);
#937=EDGE_CURVE('',#764,#765,#367,.T.);
#938=EDGE_CURVE('',#765,#766,#624,.T.);
#939=EDGE_CURVE('',#767,#766,#368,.T.);
#940=EDGE_CURVE('',#711,#767,#369,.T.);
#941=EDGE_CURVE('',#706,#768,#625,.T.);
#942=EDGE_CURVE('',#710,#768,#370,.T.);
#943=EDGE_CURVE('',#718,#769,#626,.T.);
#944=EDGE_CURVE('',#769,#770,#371,.T.);
#945=EDGE_CURVE('',#770,#737,#627,.T.);
#946=EDGE_CURVE('',#748,#771,#628,.T.);
#947=EDGE_CURVE('',#728,#771,#372,.T.);
#948=EDGE_CURVE('',#744,#772,#373,.T.);
#949=EDGE_CURVE('',#772,#773,#374,.T.);
#950=EDGE_CURVE('',#773,#774,#629,.T.);
#951=EDGE_CURVE('',#774,#775,#375,.T.);
#952=EDGE_CURVE('',#776,#775,#630,.T.);
#953=EDGE_CURVE('',#776,#777,#631,.T.);
#954=EDGE_CURVE('',#760,#777,#632,.T.);
#955=EDGE_CURVE('',#778,#778,#633,.T.);
#956=EDGE_CURVE('',#779,#779,#634,.T.);
#957=EDGE_CURVE('',#780,#780,#635,.T.);
#958=EDGE_CURVE('',#781,#781,#636,.T.);
#959=EDGE_CURVE('',#782,#782,#637,.T.);
#960=EDGE_CURVE('',#783,#783,#638,.T.);
#961=EDGE_CURVE('',#763,#784,#376,.T.);
#962=EDGE_CURVE('',#784,#785,#639,.T.);
#963=EDGE_CURVE('',#785,#786,#52,.T.);
#964=EDGE_CURVE('',#759,#786,#377,.T.);
#965=EDGE_CURVE('',#758,#764,#378,.T.);
#966=EDGE_CURVE('',#787,#757,#379,.T.);
#967=EDGE_CURVE('',#765,#787,#380,.T.);
#968=EDGE_CURVE('',#755,#786,#381,.T.);
#969=EDGE_CURVE('',#785,#749,#382,.T.);
#970=EDGE_CURVE('',#788,#789,#640,.T.);
#971=EDGE_CURVE('',#789,#776,#383,.T.);
#972=EDGE_CURVE('',#775,#790,#384,.T.);
#973=EDGE_CURVE('',#790,#791,#53,.T.);
#974=EDGE_CURVE('',#792,#791,#385,.T.);
#975=EDGE_CURVE('',#792,#788,#54,.T.);
#976=EDGE_CURVE('',#790,#793,#641,.T.);
#977=EDGE_CURVE('',#793,#762,#386,.T.);
#978=EDGE_CURVE('',#794,#761,#55,.T.);
#979=EDGE_CURVE('',#794,#791,#387,.T.);
#980=EDGE_CURVE('',#774,#795,#388,.T.);
#981=EDGE_CURVE('',#793,#795,#389,.T.);
#982=EDGE_CURVE('',#777,#796,#390,.T.);
#983=EDGE_CURVE('',#796,#797,#642,.T.);
#984=EDGE_CURVE('',#797,#798,#56,.T.);
#985=EDGE_CURVE('',#794,#798,#391,.T.);
#986=EDGE_CURVE('',#792,#798,#392,.T.);
#987=EDGE_CURVE('',#797,#788,#393,.T.);
#988=EDGE_CURVE('',#799,#799,#643,.T.);
#989=EDGE_CURVE('',#799,#778,#394,.T.);
#990=EDGE_CURVE('',#800,#800,#644,.T.);
#991=EDGE_CURVE('',#705,#801,#645,.T.);
#992=EDGE_CURVE('',#768,#801,#395,.T.);
#993=EDGE_CURVE('',#801,#707,#396,.T.);
#994=EDGE_CURVE('',#802,#802,#646,.T.);
#995=EDGE_CURVE('',#802,#803,#397,.T.);
#996=EDGE_CURVE('',#803,#803,#647,.T.);
#997=EDGE_CURVE('',#804,#804,#648,.T.);
#998=EDGE_CURVE('',#804,#800,#398,.T.);
#999=EDGE_CURVE('',#805,#805,#649,.T.);
#1000=EDGE_CURVE('',#805,#779,#399,.T.);
#1001=EDGE_CURVE('',#806,#806,#650,.T.);
#1002=EDGE_CURVE('',#807,#807,#651,.T.);
#1003=EDGE_CURVE('',#807,#806,#400,.T.);
#1004=EDGE_CURVE('',#808,#808,#652,.T.);
#1005=EDGE_CURVE('',#809,#809,#653,.T.);
#1006=EDGE_CURVE('',#809,#808,#401,.T.);
#1007=EDGE_CURVE('',#771,#810,#402,.T.);
#1008=EDGE_CURVE('',#810,#725,#403,.T.);
#1009=EDGE_CURVE('',#747,#810,#654,.T.);
#1010=EDGE_CURVE('',#716,#811,#404,.T.);
#1011=EDGE_CURVE('',#811,#812,#655,.T.);
#1012=EDGE_CURVE('',#812,#717,#405,.T.);
#1013=EDGE_CURVE('',#811,#813,#406,.T.);
#1014=EDGE_CURVE('',#814,#813,#656,.T.);
#1015=EDGE_CURVE('',#815,#814,#407,.T.);
#1016=EDGE_CURVE('',#816,#815,#408,.T.);
#1017=EDGE_CURVE('',#767,#816,#657,.T.);
#1018=EDGE_CURVE('',#812,#766,#409,.T.);
#1019=EDGE_CURVE('',#817,#818,#658,.T.);
#1020=EDGE_CURVE('',#818,#819,#410,.T.);
#1021=EDGE_CURVE('',#819,#820,#659,.T.);
#1022=EDGE_CURVE('',#821,#820,#411,.T.);
#1023=EDGE_CURVE('',#822,#821,#660,.T.);
#1024=EDGE_CURVE('',#817,#822,#412,.T.);
#1025=EDGE_CURVE('',#814,#714,#413,.T.);
#1026=EDGE_CURVE('',#713,#815,#414,.T.);
#1027=EDGE_CURVE('',#821,#724,#415,.T.);
#1028=EDGE_CURVE('',#820,#719,#416,.T.);
#1029=EDGE_CURVE('',#816,#712,#417,.T.);
#1030=EDGE_CURVE('',#823,#823,#661,.T.);
#1031=EDGE_CURVE('',#824,#824,#662,.T.);
#1032=EDGE_CURVE('',#723,#822,#418,.T.);
#1033=EDGE_CURVE('',#817,#722,#419,.T.);
#1034=EDGE_CURVE('',#825,#825,#663,.T.);
#1035=EDGE_CURVE('',#826,#826,#664,.T.);
#1036=EDGE_CURVE('',#819,#720,#420,.T.);
#1037=EDGE_CURVE('',#818,#721,#421,.T.);
#1038=EDGE_CURVE('',#813,#715,#422,.T.);
#1039=EDGE_CURVE('',#824,#827,#423,.T.);
#1040=EDGE_CURVE('',#827,#827,#665,.T.);
#1041=EDGE_CURVE('',#823,#828,#424,.T.);
#1042=EDGE_CURVE('',#828,#828,#666,.T.);
#1043=EDGE_CURVE('',#829,#829,#667,.T.);
#1044=EDGE_CURVE('',#830,#830,#668,.T.);
#1045=EDGE_CURVE('',#826,#830,#425,.T.);
#1046=EDGE_CURVE('',#825,#829,#426,.T.);
#1047=EDGE_CURVE('',#831,#832,#669,.F.);
#1048=EDGE_CURVE('',#831,#739,#427,.T.);
#1049=EDGE_CURVE('',#738,#832,#428,.T.);
#1050=EDGE_CURVE('',#734,#833,#429,.T.);
#1051=EDGE_CURVE('',#834,#833,#430,.T.);
#1052=EDGE_CURVE('',#834,#729,#431,.T.);
#1053=EDGE_CURVE('',#835,#835,#670,.T.);
#1054=EDGE_CURVE('',#835,#836,#432,.T.);
#1055=EDGE_CURVE('',#836,#836,#671,.T.);
#1056=EDGE_CURVE('',#837,#837,#672,.T.);
#1057=EDGE_CURVE('',#837,#838,#433,.T.);
#1058=EDGE_CURVE('',#838,#838,#673,.T.);
#1059=EDGE_CURVE('',#839,#839,#674,.T.);
#1060=EDGE_CURVE('',#840,#840,#675,.T.);
#1061=EDGE_CURVE('',#841,#841,#676,.T.);
#1062=EDGE_CURVE('',#841,#839,#434,.T.);
#1063=EDGE_CURVE('',#842,#842,#677,.T.);
#1064=EDGE_CURVE('',#842,#840,#435,.T.);
#1065=EDGE_CURVE('',#731,#843,#436,.T.);
#1066=EDGE_CURVE('',#843,#844,#678,.T.);
#1067=EDGE_CURVE('',#844,#732,#437,.T.);
#1068=EDGE_CURVE('',#845,#740,#438,.T.);
#1069=EDGE_CURVE('',#846,#845,#679,.T.);
#1070=EDGE_CURVE('',#741,#846,#439,.T.);
#1071=EDGE_CURVE('',#831,#845,#440,.T.);
#1072=EDGE_CURVE('',#847,#733,#441,.T.);
#1073=EDGE_CURVE('',#847,#833,#680,.T.);
#1074=EDGE_CURVE('',#844,#847,#442,.T.);
#1075=EDGE_CURVE('',#730,#848,#443,.T.);
#1076=EDGE_CURVE('',#843,#848,#444,.T.);
#1077=EDGE_CURVE('',#848,#834,#681,.T.);
#1078=EDGE_CURVE('',#772,#849,#682,.T.);
#1079=EDGE_CURVE('',#849,#743,#445,.T.);
#1080=EDGE_CURVE('',#742,#850,#446,.T.);
#1081=EDGE_CURVE('',#849,#850,#447,.T.);
#1082=EDGE_CURVE('',#850,#846,#448,.T.);
#1083=EDGE_CURVE('',#773,#832,#449,.T.);
#1084=EDGE_CURVE('',#795,#832,#683,.T.);
#1085=EDGE_CURVE('',#796,#789,#684,.T.);
#1086=EDGE_CURVE('',#783,#851,#450,.T.);
#1087=EDGE_CURVE('',#851,#851,#685,.T.);
#1088=EDGE_CURVE('',#738,#852,#686,.T.);
#1089=EDGE_CURVE('',#770,#852,#451,.T.);
#1090=EDGE_CURVE('',#853,#717,#687,.T.);
#1091=EDGE_CURVE('',#769,#853,#452,.T.);
#1092=EDGE_CURVE('',#812,#787,#688,.T.);
#1093=EDGE_CURVE('',#782,#854,#453,.T.);
#1094=EDGE_CURVE('',#854,#854,#689,.T.);
#1095=EDGE_CURVE('',#784,#750,#690,.T.);
#1096=EDGE_CURVE('',#852,#853,#454,.T.);
#1097=EDGE_CURVE('',#855,#855,#691,.T.);
#1098=EDGE_CURVE('',#855,#856,#455,.T.);
#1099=EDGE_CURVE('',#856,#856,#692,.T.);
#1100=EDGE_CURVE('',#857,#857,#693,.T.);
#1101=EDGE_CURVE('',#857,#858,#456,.T.);
#1102=EDGE_CURVE('',#858,#858,#694,.T.);
#1103=EDGE_CURVE('',#859,#859,#695,.T.);
#1104=EDGE_CURVE('',#860,#860,#696,.T.);
#1105=EDGE_CURVE('',#860,#859,#457,.T.);
#1106=EDGE_CURVE('',#861,#861,#697,.T.);
#1107=EDGE_CURVE('',#862,#862,#698,.T.);
#1108=EDGE_CURVE('',#862,#861,#458,.T.);
#1109=EDGE_CURVE('',#863,#863,#699,.T.);
#1110=EDGE_CURVE('',#863,#781,#459,.T.);
#1111=EDGE_CURVE('',#864,#864,#700,.T.);
#1112=EDGE_CURVE('',#864,#780,#460,.T.);
#1113=ORIENTED_EDGE('',*,*,#865,.T.);
#1114=ORIENTED_EDGE('',*,*,#866,.T.);
#1115=ORIENTED_EDGE('',*,*,#867,.T.);
#1116=ORIENTED_EDGE('',*,*,#868,.T.);
#1117=ORIENTED_EDGE('',*,*,#866,.F.);
#1118=ORIENTED_EDGE('',*,*,#869,.T.);
#1119=ORIENTED_EDGE('',*,*,#870,.F.);
#1120=ORIENTED_EDGE('',*,*,#871,.F.);
#1121=ORIENTED_EDGE('',*,*,#872,.T.);
#1122=ORIENTED_EDGE('',*,*,#873,.T.);
#1123=ORIENTED_EDGE('',*,*,#874,.T.);
#1124=ORIENTED_EDGE('',*,*,#875,.T.);
#1125=ORIENTED_EDGE('',*,*,#868,.F.);
#1126=ORIENTED_EDGE('',*,*,#876,.F.);
#1127=ORIENTED_EDGE('',*,*,#877,.F.);
#1128=ORIENTED_EDGE('',*,*,#878,.F.);
#1129=ORIENTED_EDGE('',*,*,#879,.F.);
#1130=ORIENTED_EDGE('',*,*,#880,.T.);
#1131=ORIENTED_EDGE('',*,*,#881,.T.);
#1132=ORIENTED_EDGE('',*,*,#882,.T.);
#1133=ORIENTED_EDGE('',*,*,#883,.F.);
#1134=ORIENTED_EDGE('',*,*,#884,.F.);
#1135=ORIENTED_EDGE('',*,*,#873,.F.);
#1136=ORIENTED_EDGE('',*,*,#885,.T.);
#1137=ORIENTED_EDGE('',*,*,#886,.T.);
#1138=ORIENTED_EDGE('',*,*,#887,.T.);
#1139=ORIENTED_EDGE('',*,*,#888,.T.);
#1140=ORIENTED_EDGE('',*,*,#889,.F.);
#1141=ORIENTED_EDGE('',*,*,#890,.F.);
#1142=ORIENTED_EDGE('',*,*,#891,.T.);
#1143=ORIENTED_EDGE('',*,*,#892,.T.);
#1144=ORIENTED_EDGE('',*,*,#893,.T.);
#1145=ORIENTED_EDGE('',*,*,#894,.T.);
#1146=ORIENTED_EDGE('',*,*,#895,.T.);
#1147=ORIENTED_EDGE('',*,*,#893,.F.);
#1148=ORIENTED_EDGE('',*,*,#896,.T.);
#1149=ORIENTED_EDGE('',*,*,#897,.T.);
#1150=ORIENTED_EDGE('',*,*,#898,.T.);
#1151=ORIENTED_EDGE('',*,*,#899,.F.);
#1152=ORIENTED_EDGE('',*,*,#900,.F.);
#1153=ORIENTED_EDGE('',*,*,#901,.F.);
#1154=ORIENTED_EDGE('',*,*,#902,.T.);
#1155=ORIENTED_EDGE('',*,*,#903,.F.);
#1156=ORIENTED_EDGE('',*,*,#904,.F.);
#1157=ORIENTED_EDGE('',*,*,#905,.T.);
#1158=ORIENTED_EDGE('',*,*,#906,.F.);
#1159=ORIENTED_EDGE('',*,*,#907,.F.);
#1160=ORIENTED_EDGE('',*,*,#908,.F.);
#1161=ORIENTED_EDGE('',*,*,#909,.T.);
#1162=ORIENTED_EDGE('',*,*,#910,.T.);
#1163=ORIENTED_EDGE('',*,*,#911,.T.);
#1164=ORIENTED_EDGE('',*,*,#912,.F.);
#1165=ORIENTED_EDGE('',*,*,#913,.T.);
#1166=ORIENTED_EDGE('',*,*,#914,.T.);
#1167=ORIENTED_EDGE('',*,*,#915,.T.);
#1168=ORIENTED_EDGE('',*,*,#903,.T.);
#1169=ORIENTED_EDGE('',*,*,#914,.F.);
#1170=ORIENTED_EDGE('',*,*,#916,.T.);
#1171=ORIENTED_EDGE('',*,*,#917,.F.);
#1172=ORIENTED_EDGE('',*,*,#918,.F.);
#1173=ORIENTED_EDGE('',*,*,#919,.T.);
#1174=ORIENTED_EDGE('',*,*,#920,.T.);
#1175=ORIENTED_EDGE('',*,*,#921,.T.);
#1176=ORIENTED_EDGE('',*,*,#922,.T.);
#1177=ORIENTED_EDGE('',*,*,#923,.T.);
#1178=ORIENTED_EDGE('',*,*,#924,.F.);
#1179=ORIENTED_EDGE('',*,*,#925,.T.);
#1180=ORIENTED_EDGE('',*,*,#923,.F.);
#1181=ORIENTED_EDGE('',*,*,#926,.T.);
#1182=ORIENTED_EDGE('',*,*,#927,.T.);
#1183=ORIENTED_EDGE('',*,*,#928,.T.);
#1184=ORIENTED_EDGE('',*,*,#929,.F.);
#1185=ORIENTED_EDGE('',*,*,#930,.T.);
#1186=ORIENTED_EDGE('',*,*,#922,.F.);
#1187=ORIENTED_EDGE('',*,*,#931,.F.);
#1188=ORIENTED_EDGE('',*,*,#932,.F.);
#1189=ORIENTED_EDGE('',*,*,#933,.F.);
#1190=ORIENTED_EDGE('',*,*,#934,.F.);
#1191=ORIENTED_EDGE('',*,*,#926,.F.);
#1192=ORIENTED_EDGE('',*,*,#921,.F.);
#1193=ORIENTED_EDGE('',*,*,#935,.T.);
#1194=ORIENTED_EDGE('',*,*,#936,.F.);
#1195=ORIENTED_EDGE('',*,*,#937,.T.);
#1196=ORIENTED_EDGE('',*,*,#938,.T.);
#1197=ORIENTED_EDGE('',*,*,#939,.F.);
#1198=ORIENTED_EDGE('',*,*,#940,.F.);
#1199=ORIENTED_EDGE('',*,*,#876,.T.);
#1200=ORIENTED_EDGE('',*,*,#867,.F.);
#1201=ORIENTED_EDGE('',*,*,#871,.T.);
#1202=ORIENTED_EDGE('',*,*,#941,.T.);
#1203=ORIENTED_EDGE('',*,*,#942,.F.);
#1204=ORIENTED_EDGE('',*,*,#874,.F.);
#1205=ORIENTED_EDGE('',*,*,#884,.T.);
#1206=ORIENTED_EDGE('',*,*,#943,.T.);
#1207=ORIENTED_EDGE('',*,*,#944,.T.);
#1208=ORIENTED_EDGE('',*,*,#945,.T.);
#1209=ORIENTED_EDGE('',*,*,#904,.T.);
#1210=ORIENTED_EDGE('',*,*,#915,.F.);
#1211=ORIENTED_EDGE('',*,*,#918,.T.);
#1212=ORIENTED_EDGE('',*,*,#946,.T.);
#1213=ORIENTED_EDGE('',*,*,#947,.F.);
#1214=ORIENTED_EDGE('',*,*,#894,.F.);
#1215=ORIENTED_EDGE('',*,*,#912,.T.);
#1216=ORIENTED_EDGE('',*,*,#948,.T.);
#1217=ORIENTED_EDGE('',*,*,#949,.T.);
#1218=ORIENTED_EDGE('',*,*,#950,.T.);
#1219=ORIENTED_EDGE('',*,*,#951,.T.);
#1220=ORIENTED_EDGE('',*,*,#952,.F.);
#1221=ORIENTED_EDGE('',*,*,#953,.T.);
#1222=ORIENTED_EDGE('',*,*,#954,.F.);
#1223=ORIENTED_EDGE('',*,*,#931,.T.);
#1224=ORIENTED_EDGE('',*,*,#955,.T.);
#1225=ORIENTED_EDGE('',*,*,#956,.T.);
#1226=ORIENTED_EDGE('',*,*,#957,.T.);
#1227=ORIENTED_EDGE('',*,*,#958,.T.);
#1228=ORIENTED_EDGE('',*,*,#959,.T.);
#1229=ORIENTED_EDGE('',*,*,#960,.T.);
#1230=ORIENTED_EDGE('',*,*,#936,.T.);
#1231=ORIENTED_EDGE('',*,*,#961,.T.);
#1232=ORIENTED_EDGE('',*,*,#962,.T.);
#1233=ORIENTED_EDGE('',*,*,#963,.T.);
#1234=ORIENTED_EDGE('',*,*,#964,.F.);
#1235=ORIENTED_EDGE('',*,*,#929,.T.);
#1236=ORIENTED_EDGE('',*,*,#965,.T.);
#1237=ORIENTED_EDGE('',*,*,#965,.F.);
#1238=ORIENTED_EDGE('',*,*,#928,.F.);
#1239=ORIENTED_EDGE('',*,*,#966,.F.);
#1240=ORIENTED_EDGE('',*,*,#967,.F.);
#1241=ORIENTED_EDGE('',*,*,#937,.F.);
#1242=ORIENTED_EDGE('',*,*,#925,.F.);
#1243=ORIENTED_EDGE('',*,*,#968,.T.);
#1244=ORIENTED_EDGE('',*,*,#963,.F.);
#1245=ORIENTED_EDGE('',*,*,#969,.T.);
#1246=ORIENTED_EDGE('',*,*,#970,.T.);
#1247=ORIENTED_EDGE('',*,*,#971,.T.);
#1248=ORIENTED_EDGE('',*,*,#952,.T.);
#1249=ORIENTED_EDGE('',*,*,#972,.T.);
#1250=ORIENTED_EDGE('',*,*,#973,.T.);
#1251=ORIENTED_EDGE('',*,*,#974,.F.);
#1252=ORIENTED_EDGE('',*,*,#975,.T.);
#1253=ORIENTED_EDGE('',*,*,#973,.F.);
#1254=ORIENTED_EDGE('',*,*,#976,.T.);
#1255=ORIENTED_EDGE('',*,*,#977,.T.);
#1256=ORIENTED_EDGE('',*,*,#933,.T.);
#1257=ORIENTED_EDGE('',*,*,#978,.F.);
#1258=ORIENTED_EDGE('',*,*,#979,.T.);
#1259=ORIENTED_EDGE('',*,*,#972,.F.);
#1260=ORIENTED_EDGE('',*,*,#951,.F.);
#1261=ORIENTED_EDGE('',*,*,#980,.T.);
#1262=ORIENTED_EDGE('',*,*,#981,.F.);
#1263=ORIENTED_EDGE('',*,*,#976,.F.);
#1264=ORIENTED_EDGE('',*,*,#954,.T.);
#1265=ORIENTED_EDGE('',*,*,#982,.T.);
#1266=ORIENTED_EDGE('',*,*,#983,.T.);
#1267=ORIENTED_EDGE('',*,*,#984,.T.);
#1268=ORIENTED_EDGE('',*,*,#985,.F.);
#1269=ORIENTED_EDGE('',*,*,#978,.T.);
#1270=ORIENTED_EDGE('',*,*,#932,.T.);
#1271=ORIENTED_EDGE('',*,*,#975,.F.);
#1272=ORIENTED_EDGE('',*,*,#986,.T.);
#1273=ORIENTED_EDGE('',*,*,#984,.F.);
#1274=ORIENTED_EDGE('',*,*,#987,.T.);
#1275=ORIENTED_EDGE('',*,*,#968,.F.);
#1276=ORIENTED_EDGE('',*,*,#924,.T.);
#1277=ORIENTED_EDGE('',*,*,#930,.F.);
#1278=ORIENTED_EDGE('',*,*,#964,.T.);
#1279=ORIENTED_EDGE('',*,*,#986,.F.);
#1280=ORIENTED_EDGE('',*,*,#974,.T.);
#1281=ORIENTED_EDGE('',*,*,#979,.F.);
#1282=ORIENTED_EDGE('',*,*,#985,.T.);
#1283=ORIENTED_EDGE('',*,*,#988,.F.);
#1284=ORIENTED_EDGE('',*,*,#989,.T.);
#1285=ORIENTED_EDGE('',*,*,#955,.F.);
#1286=ORIENTED_EDGE('',*,*,#989,.F.);
#1287=ORIENTED_EDGE('',*,*,#988,.T.);
#1288=ORIENTED_EDGE('',*,*,#990,.T.);
#1289=ORIENTED_EDGE('',*,*,#991,.T.);
#1290=ORIENTED_EDGE('',*,*,#992,.F.);
#1291=ORIENTED_EDGE('',*,*,#941,.F.);
#1292=ORIENTED_EDGE('',*,*,#870,.T.);
#1293=ORIENTED_EDGE('',*,*,#875,.F.);
#1294=ORIENTED_EDGE('',*,*,#942,.T.);
#1295=ORIENTED_EDGE('',*,*,#992,.T.);
#1296=ORIENTED_EDGE('',*,*,#993,.T.);
#1297=ORIENTED_EDGE('',*,*,#994,.F.);
#1298=ORIENTED_EDGE('',*,*,#995,.T.);
#1299=ORIENTED_EDGE('',*,*,#996,.T.);
#1300=ORIENTED_EDGE('',*,*,#995,.F.);
#1301=ORIENTED_EDGE('',*,*,#996,.F.);
#1302=ORIENTED_EDGE('',*,*,#997,.F.);
#1303=ORIENTED_EDGE('',*,*,#997,.T.);
#1304=ORIENTED_EDGE('',*,*,#998,.T.);
#1305=ORIENTED_EDGE('',*,*,#990,.F.);
#1306=ORIENTED_EDGE('',*,*,#998,.F.);
#1307=ORIENTED_EDGE('',*,*,#999,.F.);
#1308=ORIENTED_EDGE('',*,*,#1000,.T.);
#1309=ORIENTED_EDGE('',*,*,#956,.F.);
#1310=ORIENTED_EDGE('',*,*,#1000,.F.);
#1311=ORIENTED_EDGE('',*,*,#999,.T.);
#1312=ORIENTED_EDGE('',*,*,#1001,.T.);
#1313=ORIENTED_EDGE('',*,*,#1002,.T.);
#1314=ORIENTED_EDGE('',*,*,#1003,.T.);
#1315=ORIENTED_EDGE('',*,*,#1001,.F.);
#1316=ORIENTED_EDGE('',*,*,#1003,.F.);
#1317=ORIENTED_EDGE('',*,*,#1004,.F.);
#1318=ORIENTED_EDGE('',*,*,#1002,.F.);
#1319=ORIENTED_EDGE('',*,*,#1005,.F.);
#1320=ORIENTED_EDGE('',*,*,#1006,.T.);
#1321=ORIENTED_EDGE('',*,*,#1004,.T.);
#1322=ORIENTED_EDGE('',*,*,#1006,.F.);
#1323=ORIENTED_EDGE('',*,*,#895,.F.);
#1324=ORIENTED_EDGE('',*,*,#947,.T.);
#1325=ORIENTED_EDGE('',*,*,#1007,.T.);
#1326=ORIENTED_EDGE('',*,*,#1008,.T.);
#1327=ORIENTED_EDGE('',*,*,#1009,.T.);
#1328=ORIENTED_EDGE('',*,*,#1007,.F.);
#1329=ORIENTED_EDGE('',*,*,#946,.F.);
#1330=ORIENTED_EDGE('',*,*,#917,.T.);
#1331=ORIENTED_EDGE('',*,*,#882,.F.);
#1332=ORIENTED_EDGE('',*,*,#1010,.T.);
#1333=ORIENTED_EDGE('',*,*,#1011,.T.);
#1334=ORIENTED_EDGE('',*,*,#1012,.T.);
#1335=ORIENTED_EDGE('',*,*,#1013,.T.);
#1336=ORIENTED_EDGE('',*,*,#1014,.F.);
#1337=ORIENTED_EDGE('',*,*,#1015,.F.);
#1338=ORIENTED_EDGE('',*,*,#1016,.F.);
#1339=ORIENTED_EDGE('',*,*,#1017,.F.);
#1340=ORIENTED_EDGE('',*,*,#939,.T.);
#1341=ORIENTED_EDGE('',*,*,#1018,.F.);
#1342=ORIENTED_EDGE('',*,*,#1011,.F.);
#1343=ORIENTED_EDGE('',*,*,#1019,.T.);
#1344=ORIENTED_EDGE('',*,*,#1020,.T.);
#1345=ORIENTED_EDGE('',*,*,#1021,.T.);
#1346=ORIENTED_EDGE('',*,*,#1022,.F.);
#1347=ORIENTED_EDGE('',*,*,#1023,.F.);
#1348=ORIENTED_EDGE('',*,*,#1024,.F.);
#1349=ORIENTED_EDGE('',*,*,#1025,.T.);
#1350=ORIENTED_EDGE('',*,*,#879,.T.);
#1351=ORIENTED_EDGE('',*,*,#1026,.T.);
#1352=ORIENTED_EDGE('',*,*,#1015,.T.);
#1353=ORIENTED_EDGE('',*,*,#891,.F.);
#1354=ORIENTED_EDGE('',*,*,#1027,.F.);
#1355=ORIENTED_EDGE('',*,*,#1022,.T.);
#1356=ORIENTED_EDGE('',*,*,#1028,.T.);
#1357=ORIENTED_EDGE('',*,*,#885,.F.);
#1358=ORIENTED_EDGE('',*,*,#872,.F.);
#1359=ORIENTED_EDGE('',*,*,#993,.F.);
#1360=ORIENTED_EDGE('',*,*,#991,.F.);
#1361=ORIENTED_EDGE('',*,*,#869,.F.);
#1362=ORIENTED_EDGE('',*,*,#865,.F.);
#1363=ORIENTED_EDGE('',*,*,#994,.T.);
#1364=ORIENTED_EDGE('',*,*,#1029,.F.);
#1365=ORIENTED_EDGE('',*,*,#1016,.T.);
#1366=ORIENTED_EDGE('',*,*,#1026,.F.);
#1367=ORIENTED_EDGE('',*,*,#878,.T.);
#1368=ORIENTED_EDGE('',*,*,#1030,.T.);
#1369=ORIENTED_EDGE('',*,*,#1031,.T.);
#1370=ORIENTED_EDGE('',*,*,#1017,.T.);
#1371=ORIENTED_EDGE('',*,*,#1029,.T.);
#1372=ORIENTED_EDGE('',*,*,#877,.T.);
#1373=ORIENTED_EDGE('',*,*,#940,.T.);
#1374=ORIENTED_EDGE('',*,*,#890,.T.);
#1375=ORIENTED_EDGE('',*,*,#1032,.T.);
#1376=ORIENTED_EDGE('',*,*,#1023,.T.);
#1377=ORIENTED_EDGE('',*,*,#1027,.T.);
#1378=ORIENTED_EDGE('',*,*,#1033,.F.);
#1379=ORIENTED_EDGE('',*,*,#1024,.T.);
#1380=ORIENTED_EDGE('',*,*,#1032,.F.);
#1381=ORIENTED_EDGE('',*,*,#889,.T.);
#1382=ORIENTED_EDGE('',*,*,#1034,.T.);
#1383=ORIENTED_EDGE('',*,*,#1035,.T.);
#1384=ORIENTED_EDGE('',*,*,#887,.F.);
#1385=ORIENTED_EDGE('',*,*,#1036,.F.);
#1386=ORIENTED_EDGE('',*,*,#1020,.F.);
#1387=ORIENTED_EDGE('',*,*,#1037,.T.);
#1388=ORIENTED_EDGE('',*,*,#886,.F.);
#1389=ORIENTED_EDGE('',*,*,#1028,.F.);
#1390=ORIENTED_EDGE('',*,*,#1021,.F.);
#1391=ORIENTED_EDGE('',*,*,#1036,.T.);
#1392=ORIENTED_EDGE('',*,*,#1010,.F.);
#1393=ORIENTED_EDGE('',*,*,#881,.F.);
#1394=ORIENTED_EDGE('',*,*,#1038,.F.);
#1395=ORIENTED_EDGE('',*,*,#1013,.F.);
#1396=ORIENTED_EDGE('',*,*,#880,.F.);
#1397=ORIENTED_EDGE('',*,*,#1025,.F.);
#1398=ORIENTED_EDGE('',*,*,#1014,.T.);
#1399=ORIENTED_EDGE('',*,*,#1038,.T.);
#1400=ORIENTED_EDGE('',*,*,#888,.F.);
#1401=ORIENTED_EDGE('',*,*,#1037,.F.);
#1402=ORIENTED_EDGE('',*,*,#1019,.F.);
#1403=ORIENTED_EDGE('',*,*,#1033,.T.);
#1404=ORIENTED_EDGE('',*,*,#1031,.F.);
#1405=ORIENTED_EDGE('',*,*,#1039,.T.);
#1406=ORIENTED_EDGE('',*,*,#1040,.T.);
#1407=ORIENTED_EDGE('',*,*,#1039,.F.);
#1408=ORIENTED_EDGE('',*,*,#1030,.F.);
#1409=ORIENTED_EDGE('',*,*,#1041,.T.);
#1410=ORIENTED_EDGE('',*,*,#1042,.T.);
#1411=ORIENTED_EDGE('',*,*,#1041,.F.);
#1412=ORIENTED_EDGE('',*,*,#1043,.F.);
#1413=ORIENTED_EDGE('',*,*,#1042,.F.);
#1414=ORIENTED_EDGE('',*,*,#1044,.F.);
#1415=ORIENTED_EDGE('',*,*,#1040,.F.);
#1416=ORIENTED_EDGE('',*,*,#1035,.F.);
#1417=ORIENTED_EDGE('',*,*,#1045,.T.);
#1418=ORIENTED_EDGE('',*,*,#1044,.T.);
#1419=ORIENTED_EDGE('',*,*,#1045,.F.);
#1420=ORIENTED_EDGE('',*,*,#1034,.F.);
#1421=ORIENTED_EDGE('',*,*,#1046,.T.);
#1422=ORIENTED_EDGE('',*,*,#1043,.T.);
#1423=ORIENTED_EDGE('',*,*,#1046,.F.);
#1424=ORIENTED_EDGE('',*,*,#1047,.F.);
#1425=ORIENTED_EDGE('',*,*,#1048,.T.);
#1426=ORIENTED_EDGE('',*,*,#906,.T.);
#1427=ORIENTED_EDGE('',*,*,#1049,.T.);
#1428=ORIENTED_EDGE('',*,*,#1050,.T.);
#1429=ORIENTED_EDGE('',*,*,#1051,.F.);
#1430=ORIENTED_EDGE('',*,*,#1052,.T.);
#1431=ORIENTED_EDGE('',*,*,#896,.F.);
#1432=ORIENTED_EDGE('',*,*,#892,.F.);
#1433=ORIENTED_EDGE('',*,*,#1008,.F.);
#1434=ORIENTED_EDGE('',*,*,#1009,.F.);
#1435=ORIENTED_EDGE('',*,*,#916,.F.);
#1436=ORIENTED_EDGE('',*,*,#913,.F.);
#1437=ORIENTED_EDGE('',*,*,#902,.F.);
#1438=ORIENTED_EDGE('',*,*,#1005,.T.);
#1439=ORIENTED_EDGE('',*,*,#1053,.F.);
#1440=ORIENTED_EDGE('',*,*,#1054,.T.);
#1441=ORIENTED_EDGE('',*,*,#1055,.T.);
#1442=ORIENTED_EDGE('',*,*,#1054,.F.);
#1443=ORIENTED_EDGE('',*,*,#1056,.F.);
#1444=ORIENTED_EDGE('',*,*,#1057,.T.);
#1445=ORIENTED_EDGE('',*,*,#1058,.T.);
#1446=ORIENTED_EDGE('',*,*,#1057,.F.);
#1447=ORIENTED_EDGE('',*,*,#1058,.F.);
#1448=ORIENTED_EDGE('',*,*,#1059,.F.);
#1449=ORIENTED_EDGE('',*,*,#1055,.F.);
#1450=ORIENTED_EDGE('',*,*,#1060,.F.);
#1451=ORIENTED_EDGE('',*,*,#1061,.F.);
#1452=ORIENTED_EDGE('',*,*,#1062,.T.);
#1453=ORIENTED_EDGE('',*,*,#1059,.T.);
#1454=ORIENTED_EDGE('',*,*,#1062,.F.);
#1455=ORIENTED_EDGE('',*,*,#1063,.F.);
#1456=ORIENTED_EDGE('',*,*,#1064,.T.);
#1457=ORIENTED_EDGE('',*,*,#1060,.T.);
#1458=ORIENTED_EDGE('',*,*,#1064,.F.);
#1459=ORIENTED_EDGE('',*,*,#899,.T.);
#1460=ORIENTED_EDGE('',*,*,#1065,.T.);
#1461=ORIENTED_EDGE('',*,*,#1066,.T.);
#1462=ORIENTED_EDGE('',*,*,#1067,.T.);
#1463=ORIENTED_EDGE('',*,*,#908,.T.);
#1464=ORIENTED_EDGE('',*,*,#1068,.F.);
#1465=ORIENTED_EDGE('',*,*,#1069,.F.);
#1466=ORIENTED_EDGE('',*,*,#1070,.F.);
#1467=ORIENTED_EDGE('',*,*,#1048,.F.);
#1468=ORIENTED_EDGE('',*,*,#1071,.T.);
#1469=ORIENTED_EDGE('',*,*,#1068,.T.);
#1470=ORIENTED_EDGE('',*,*,#907,.T.);
#1471=ORIENTED_EDGE('',*,*,#901,.T.);
#1472=ORIENTED_EDGE('',*,*,#1072,.F.);
#1473=ORIENTED_EDGE('',*,*,#1073,.T.);
#1474=ORIENTED_EDGE('',*,*,#1050,.F.);
#1475=ORIENTED_EDGE('',*,*,#900,.T.);
#1476=ORIENTED_EDGE('',*,*,#1067,.F.);
#1477=ORIENTED_EDGE('',*,*,#1074,.T.);
#1478=ORIENTED_EDGE('',*,*,#1072,.T.);
#1479=ORIENTED_EDGE('',*,*,#1065,.F.);
#1480=ORIENTED_EDGE('',*,*,#898,.F.);
#1481=ORIENTED_EDGE('',*,*,#1075,.T.);
#1482=ORIENTED_EDGE('',*,*,#1076,.F.);
#1483=ORIENTED_EDGE('',*,*,#1053,.T.);
#1484=ORIENTED_EDGE('',*,*,#1056,.T.);
#1485=ORIENTED_EDGE('',*,*,#897,.F.);
#1486=ORIENTED_EDGE('',*,*,#1052,.F.);
#1487=ORIENTED_EDGE('',*,*,#1077,.F.);
#1488=ORIENTED_EDGE('',*,*,#1075,.F.);
#1489=ORIENTED_EDGE('',*,*,#1078,.F.);
#1490=ORIENTED_EDGE('',*,*,#948,.F.);
#1491=ORIENTED_EDGE('',*,*,#911,.F.);
#1492=ORIENTED_EDGE('',*,*,#1079,.F.);
#1493=ORIENTED_EDGE('',*,*,#1079,.T.);
#1494=ORIENTED_EDGE('',*,*,#910,.F.);
#1495=ORIENTED_EDGE('',*,*,#1080,.T.);
#1496=ORIENTED_EDGE('',*,*,#1081,.F.);
#1497=ORIENTED_EDGE('',*,*,#1061,.T.);
#1498=ORIENTED_EDGE('',*,*,#1063,.T.);
#1499=ORIENTED_EDGE('',*,*,#1070,.T.);
#1500=ORIENTED_EDGE('',*,*,#1082,.F.);
#1501=ORIENTED_EDGE('',*,*,#1080,.F.);
#1502=ORIENTED_EDGE('',*,*,#909,.F.);
#1503=ORIENTED_EDGE('',*,*,#949,.F.);
#1504=ORIENTED_EDGE('',*,*,#1078,.T.);
#1505=ORIENTED_EDGE('',*,*,#1081,.T.);
#1506=ORIENTED_EDGE('',*,*,#1082,.T.);
#1507=ORIENTED_EDGE('',*,*,#1069,.T.);
#1508=ORIENTED_EDGE('',*,*,#1071,.F.);
#1509=ORIENTED_EDGE('',*,*,#1047,.T.);
#1510=ORIENTED_EDGE('',*,*,#1083,.F.);
#1511=ORIENTED_EDGE('',*,*,#1076,.T.);
#1512=ORIENTED_EDGE('',*,*,#1077,.T.);
#1513=ORIENTED_EDGE('',*,*,#1051,.T.);
#1514=ORIENTED_EDGE('',*,*,#1073,.F.);
#1515=ORIENTED_EDGE('',*,*,#1074,.F.);
#1516=ORIENTED_EDGE('',*,*,#1066,.F.);
#1517=ORIENTED_EDGE('',*,*,#1084,.F.);
#1518=ORIENTED_EDGE('',*,*,#980,.F.);
#1519=ORIENTED_EDGE('',*,*,#950,.F.);
#1520=ORIENTED_EDGE('',*,*,#1083,.T.);
#1521=ORIENTED_EDGE('',*,*,#971,.F.);
#1522=ORIENTED_EDGE('',*,*,#1085,.F.);
#1523=ORIENTED_EDGE('',*,*,#982,.F.);
#1524=ORIENTED_EDGE('',*,*,#953,.F.);
#1525=ORIENTED_EDGE('',*,*,#970,.F.);
#1526=ORIENTED_EDGE('',*,*,#987,.F.);
#1527=ORIENTED_EDGE('',*,*,#983,.F.);
#1528=ORIENTED_EDGE('',*,*,#1085,.T.);
#1529=ORIENTED_EDGE('',*,*,#960,.F.);
#1530=ORIENTED_EDGE('',*,*,#1086,.T.);
#1531=ORIENTED_EDGE('',*,*,#1087,.T.);
#1532=ORIENTED_EDGE('',*,*,#1086,.F.);
#1533=ORIENTED_EDGE('',*,*,#1088,.F.);
#1534=ORIENTED_EDGE('',*,*,#905,.F.);
#1535=ORIENTED_EDGE('',*,*,#945,.F.);
#1536=ORIENTED_EDGE('',*,*,#1089,.T.);
#1537=ORIENTED_EDGE('',*,*,#1090,.F.);
#1538=ORIENTED_EDGE('',*,*,#1091,.F.);
#1539=ORIENTED_EDGE('',*,*,#943,.F.);
#1540=ORIENTED_EDGE('',*,*,#883,.T.);
#1541=ORIENTED_EDGE('',*,*,#1092,.F.);
#1542=ORIENTED_EDGE('',*,*,#1018,.T.);
#1543=ORIENTED_EDGE('',*,*,#938,.F.);
#1544=ORIENTED_EDGE('',*,*,#967,.T.);
#1545=ORIENTED_EDGE('',*,*,#959,.F.);
#1546=ORIENTED_EDGE('',*,*,#1093,.T.);
#1547=ORIENTED_EDGE('',*,*,#1094,.T.);
#1548=ORIENTED_EDGE('',*,*,#1093,.F.);
#1549=ORIENTED_EDGE('',*,*,#920,.F.);
#1550=ORIENTED_EDGE('',*,*,#1095,.F.);
#1551=ORIENTED_EDGE('',*,*,#961,.F.);
#1552=ORIENTED_EDGE('',*,*,#935,.F.);
#1553=ORIENTED_EDGE('',*,*,#919,.F.);
#1554=ORIENTED_EDGE('',*,*,#969,.F.);
#1555=ORIENTED_EDGE('',*,*,#962,.F.);
#1556=ORIENTED_EDGE('',*,*,#1095,.T.);
#1557=ORIENTED_EDGE('',*,*,#944,.F.);
#1558=ORIENTED_EDGE('',*,*,#1091,.T.);
#1559=ORIENTED_EDGE('',*,*,#1096,.F.);
#1560=ORIENTED_EDGE('',*,*,#1089,.F.);
#1561=ORIENTED_EDGE('',*,*,#1097,.F.);
#1562=ORIENTED_EDGE('',*,*,#1098,.T.);
#1563=ORIENTED_EDGE('',*,*,#1099,.T.);
#1564=ORIENTED_EDGE('',*,*,#1098,.F.);
#1565=ORIENTED_EDGE('',*,*,#1100,.F.);
#1566=ORIENTED_EDGE('',*,*,#1101,.T.);
#1567=ORIENTED_EDGE('',*,*,#1102,.T.);
#1568=ORIENTED_EDGE('',*,*,#1101,.F.);
#1569=ORIENTED_EDGE('',*,*,#1103,.F.);
#1570=ORIENTED_EDGE('',*,*,#1102,.F.);
#1571=ORIENTED_EDGE('',*,*,#1104,.F.);
#1572=ORIENTED_EDGE('',*,*,#1105,.T.);
#1573=ORIENTED_EDGE('',*,*,#1103,.T.);
#1574=ORIENTED_EDGE('',*,*,#1105,.F.);
#1575=ORIENTED_EDGE('',*,*,#1106,.F.);
#1576=ORIENTED_EDGE('',*,*,#1099,.F.);
#1577=ORIENTED_EDGE('',*,*,#1107,.F.);
#1578=ORIENTED_EDGE('',*,*,#1108,.T.);
#1579=ORIENTED_EDGE('',*,*,#1106,.T.);
#1580=ORIENTED_EDGE('',*,*,#1108,.F.);
#1581=ORIENTED_EDGE('',*,*,#1109,.T.);
#1582=ORIENTED_EDGE('',*,*,#1100,.T.);
#1583=ORIENTED_EDGE('',*,*,#1109,.F.);
#1584=ORIENTED_EDGE('',*,*,#1110,.T.);
#1585=ORIENTED_EDGE('',*,*,#958,.F.);
#1586=ORIENTED_EDGE('',*,*,#1110,.F.);
#1587=ORIENTED_EDGE('',*,*,#1111,.T.);
#1588=ORIENTED_EDGE('',*,*,#1097,.T.);
#1589=ORIENTED_EDGE('',*,*,#1111,.F.);
#1590=ORIENTED_EDGE('',*,*,#1112,.T.);
#1591=ORIENTED_EDGE('',*,*,#957,.F.);
#1592=ORIENTED_EDGE('',*,*,#1112,.F.);
#1593=ORIENTED_EDGE('',*,*,#927,.F.);
#1594=ORIENTED_EDGE('',*,*,#934,.T.);
#1595=ORIENTED_EDGE('',*,*,#977,.F.);
#1596=ORIENTED_EDGE('',*,*,#981,.T.);
#1597=ORIENTED_EDGE('',*,*,#1084,.T.);
#1598=ORIENTED_EDGE('',*,*,#1049,.F.);
#1599=ORIENTED_EDGE('',*,*,#1088,.T.);
#1600=ORIENTED_EDGE('',*,*,#1096,.T.);
#1601=ORIENTED_EDGE('',*,*,#1090,.T.);
#1602=ORIENTED_EDGE('',*,*,#1012,.F.);
#1603=ORIENTED_EDGE('',*,*,#1092,.T.);
#1604=ORIENTED_EDGE('',*,*,#966,.T.);
#1605=ORIENTED_EDGE('',*,*,#1094,.F.);
#1606=ORIENTED_EDGE('',*,*,#1087,.F.);
#1607=ORIENTED_EDGE('',*,*,#1104,.T.);
#1608=ORIENTED_EDGE('',*,*,#1107,.T.);
#1609=CYLINDRICAL_SURFACE('',#1773,20.);
#1610=CYLINDRICAL_SURFACE('',#1777,20.);
#1611=CYLINDRICAL_SURFACE('',#1787,20.);
#1612=CYLINDRICAL_SURFACE('',#1797,20.);
#1613=CYLINDRICAL_SURFACE('',#1801,5.7);
#1614=CYLINDRICAL_SURFACE('',#1804,2.);
#1615=CYLINDRICAL_SURFACE('',#1827,5.7);
#1616=CYLINDRICAL_SURFACE('',#1830,2.);
#1617=CYLINDRICAL_SURFACE('',#1831,5.7);
#1618=CYLINDRICAL_SURFACE('',#1833,2.);
#1619=CYLINDRICAL_SURFACE('',#1836,5.7);
#1620=CYLINDRICAL_SURFACE('',#1838,2.);
#1621=CYLINDRICAL_SURFACE('',#1841,2.75);
#1622=CYLINDRICAL_SURFACE('',#1845,4.);
#1623=CYLINDRICAL_SURFACE('',#1848,2.75);
#1624=CYLINDRICAL_SURFACE('',#1853,1.25);
#1625=CYLINDRICAL_SURFACE('',#1854,2.75);
#1626=CYLINDRICAL_SURFACE('',#1858,1.25);
#1627=CYLINDRICAL_SURFACE('',#1862,2.75);
#1628=CYLINDRICAL_SURFACE('',#1865,4.);
#1629=CYLINDRICAL_SURFACE('',#1867,40.);
#1630=CYLINDRICAL_SURFACE('',#1880,5.);
#1631=CYLINDRICAL_SURFACE('',#1881,5.);
#1632=CYLINDRICAL_SURFACE('',#1886,4.5);
#1633=CYLINDRICAL_SURFACE('',#1888,5.);
#1634=CYLINDRICAL_SURFACE('',#1889,4.99999999999999);
#1635=CYLINDRICAL_SURFACE('',#1890,1.5);
#1636=CYLINDRICAL_SURFACE('',#1892,1.5);
#1637=CYLINDRICAL_SURFACE('',#1898,3.3);
#1638=CYLINDRICAL_SURFACE('',#1899,3.3);
#1639=CYLINDRICAL_SURFACE('',#1900,40.);
#1640=CYLINDRICAL_SURFACE('',#1903,3.3);
#1641=CYLINDRICAL_SURFACE('',#1906,3.3);
#1642=CYLINDRICAL_SURFACE('',#1913,1.5);
#1643=CYLINDRICAL_SURFACE('',#1915,1.5);
#1644=CYLINDRICAL_SURFACE('',#1917,4.99999999999999);
#1645=CYLINDRICAL_SURFACE('',#1919,5.);
#1646=CYLINDRICAL_SURFACE('',#1922,4.5);
#1647=CYLINDRICAL_SURFACE('',#1926,5.);
#1648=CYLINDRICAL_SURFACE('',#1928,5.);
#1649=CYLINDRICAL_SURFACE('',#1933,10.);
#1650=CYLINDRICAL_SURFACE('',#1935,14.6);
#1651=CYLINDRICAL_SURFACE('',#1938,2.);
#1652=CYLINDRICAL_SURFACE('',#1940,10.);
#1653=CYLINDRICAL_SURFACE('',#1942,10.);
#1654=CYLINDRICAL_SURFACE('',#1944,10.);
#1655=CYLINDRICAL_SURFACE('',#1946,2.);
#1656=CYLINDRICAL_SURFACE('',#1948,14.6);
#1657=CYLINDRICAL_SURFACE('',#1952,1.25);
#1658=CYLINDRICAL_SURFACE('',#1955,1.25);
#1659=CYLINDRICAL_SURFACE('',#1960,2.75);
#1660=CYLINDRICAL_SURFACE('',#1964,2.75);
#1661=CYLINDRICAL_SURFACE('',#1968,2.75);
#1662=CYLINDRICAL_SURFACE('',#1971,2.75);
#1663=ADVANCED_FACE('',(#99),#1609,.F.);
#1664=ADVANCED_FACE('',(#100),#57,.T.);
#1665=ADVANCED_FACE('',(#101),#1610,.F.);
#1666=ADVANCED_FACE('',(#102),#58,.T.);
#1667=ADVANCED_FACE('',(#103),#1611,.F.);
#1668=ADVANCED_FACE('',(#104),#59,.T.);
#1669=ADVANCED_FACE('',(#105),#1612,.F.);
#1670=ADVANCED_FACE('',(#106),#60,.T.);
#1671=ADVANCED_FACE('',(#107),#1613,.T.);
#1672=ADVANCED_FACE('',(#108),#1614,.F.);
#1673=ADVANCED_FACE('',(#109),#61,.F.);
#1674=ADVANCED_FACE('',(#110,#15,#16,#17,#18,#19,#20),#62,.T.);
#1675=ADVANCED_FACE('',(#111),#1615,.T.);
#1676=ADVANCED_FACE('',(#112),#63,.F.);
#1677=ADVANCED_FACE('',(#113),#1616,.T.);
#1678=ADVANCED_FACE('',(#114),#1617,.T.);
#1679=ADVANCED_FACE('',(#115),#1618,.F.);
#1680=ADVANCED_FACE('',(#116),#64,.F.);
#1681=ADVANCED_FACE('',(#117),#1619,.T.);
#1682=ADVANCED_FACE('',(#118),#1620,.T.);
#1683=ADVANCED_FACE('',(#119),#65,.T.);
#1684=ADVANCED_FACE('',(#120),#66,.T.);
#1685=ADVANCED_FACE('',(#121),#1621,.T.);
#1686=ADVANCED_FACE('',(#122,#21),#67,.T.);
#1687=ADVANCED_FACE('',(#123),#1622,.T.);
#1688=ADVANCED_FACE('',(#124),#68,.T.);
#1689=ADVANCED_FACE('',(#125),#1623,.F.);
#1690=ADVANCED_FACE('',(#126,#22),#69,.T.);
#1691=ADVANCED_FACE('',(#127),#1624,.F.);
#1692=ADVANCED_FACE('',(#128),#1625,.T.);
#1693=ADVANCED_FACE('',(#129,#23),#70,.T.);
#1694=ADVANCED_FACE('',(#130),#1626,.F.);
#1695=ADVANCED_FACE('',(#131,#24),#71,.T.);
#1696=ADVANCED_FACE('',(#132),#1627,.F.);
#1697=ADVANCED_FACE('',(#133),#72,.T.);
#1698=ADVANCED_FACE('',(#134),#1628,.T.);
#1699=ADVANCED_FACE('',(#135),#1629,.F.);
#1700=ADVANCED_FACE('',(#136,#25),#73,.T.);
#1701=ADVANCED_FACE('',(#137),#74,.T.);
#1702=ADVANCED_FACE('',(#138,#26),#75,.F.);
#1703=ADVANCED_FACE('',(#139,#27,#28),#76,.T.);
#1704=ADVANCED_FACE('',(#140),#1630,.T.);
#1705=ADVANCED_FACE('',(#141),#1631,.F.);
#1706=ADVANCED_FACE('',(#142,#29,#30),#77,.T.);
#1707=ADVANCED_FACE('',(#143),#78,.F.);
#1708=ADVANCED_FACE('',(#144),#1632,.F.);
#1709=ADVANCED_FACE('',(#145),#79,.F.);
#1710=ADVANCED_FACE('',(#146),#1633,.T.);
#1711=ADVANCED_FACE('',(#147),#1634,.F.);
#1712=ADVANCED_FACE('',(#148),#1635,.F.);
#1713=ADVANCED_FACE('',(#149),#1636,.F.);
#1714=ADVANCED_FACE('',(#150,#31),#80,.T.);
#1715=ADVANCED_FACE('',(#151,#32),#81,.T.);
#1716=ADVANCED_FACE('',(#152),#1637,.F.);
#1717=ADVANCED_FACE('',(#153),#1638,.F.);
#1718=ADVANCED_FACE('',(#154),#1639,.F.);
#1719=ADVANCED_FACE('',(#155,#33),#82,.T.);
#1720=ADVANCED_FACE('',(#156),#1640,.F.);
#1721=ADVANCED_FACE('',(#157),#1641,.F.);
#1722=ADVANCED_FACE('',(#158,#34),#83,.T.);
#1723=ADVANCED_FACE('',(#159,#35),#84,.T.);
#1724=ADVANCED_FACE('',(#160),#1642,.F.);
#1725=ADVANCED_FACE('',(#161),#1643,.F.);
#1726=ADVANCED_FACE('',(#162),#1644,.F.);
#1727=ADVANCED_FACE('',(#163),#1645,.T.);
#1728=ADVANCED_FACE('',(#164),#85,.T.);
#1729=ADVANCED_FACE('',(#165),#1646,.F.);
#1730=ADVANCED_FACE('',(#166),#86,.T.);
#1731=ADVANCED_FACE('',(#167,#36,#37),#87,.F.);
#1732=ADVANCED_FACE('',(#168),#1647,.F.);
#1733=ADVANCED_FACE('',(#169),#1648,.T.);
#1734=ADVANCED_FACE('',(#170,#38,#39),#88,.F.);
#1735=ADVANCED_FACE('',(#171),#89,.F.);
#1736=ADVANCED_FACE('',(#172,#40),#90,.F.);
#1737=ADVANCED_FACE('',(#173),#1649,.F.);
#1738=ADVANCED_FACE('',(#174),#1650,.T.);
#1739=ADVANCED_FACE('',(#175),#91,.T.);
#1740=ADVANCED_FACE('',(#176),#1651,.F.);
#1741=ADVANCED_FACE('',(#177),#1652,.F.);
#1742=ADVANCED_FACE('',(#178),#1653,.F.);
#1743=ADVANCED_FACE('',(#179),#1654,.F.);
#1744=ADVANCED_FACE('',(#180),#1655,.F.);
#1745=ADVANCED_FACE('',(#181),#1656,.T.);
#1746=ADVANCED_FACE('',(#182),#92,.T.);
#1747=ADVANCED_FACE('',(#183),#93,.F.);
#1748=ADVANCED_FACE('',(#184),#1657,.F.);
#1749=ADVANCED_FACE('',(#185),#1658,.F.);
#1750=ADVANCED_FACE('',(#186,#41),#94,.T.);
#1751=ADVANCED_FACE('',(#187),#1659,.F.);
#1752=ADVANCED_FACE('',(#188,#42),#95,.T.);
#1753=ADVANCED_FACE('',(#189),#1660,.F.);
#1754=ADVANCED_FACE('',(#190,#43),#96,.T.);
#1755=ADVANCED_FACE('',(#191),#1661,.T.);
#1756=ADVANCED_FACE('',(#192,#44),#97,.T.);
#1757=ADVANCED_FACE('',(#193),#1662,.T.);
#1758=ADVANCED_FACE('',(#194,#45,#46,#47,#48),#98,.T.);
#1759=CLOSED_SHELL('',(#1663,#1664,#1665,#1666,#1667,#1668,#1669,#1670,
#1671,#1672,#1673,#1674,#1675,#1676,#1677,#1678,#1679,#1680,#1681,#1682,
#1683,#1684,#1685,#1686,#1687,#1688,#1689,#1690,#1691,#1692,#1693,#1694,
#1695,#1696,#1697,#1698,#1699,#1700,#1701,#1702,#1703,#1704,#1705,#1706,
#1707,#1708,#1709,#1710,#1711,#1712,#1713,#1714,#1715,#1716,#1717,#1718,
#1719,#1720,#1721,#1722,#1723,#1724,#1725,#1726,#1727,#1728,#1729,#1730,
#1731,#1732,#1733,#1734,#1735,#1736,#1737,#1738,#1739,#1740,#1741,#1742,
#1743,#1744,#1745,#1746,#1747,#1748,#1749,#1750,#1751,#1752,#1753,#1754,
#1755,#1756,#1757,#1758));
#1760=DERIVED_UNIT_ELEMENT(#1762,1.);
#1761=DERIVED_UNIT_ELEMENT(#3073,-3.);
#1762=(
MASS_UNIT()
NAMED_UNIT(*)
SI_UNIT(.KILO.,.GRAM.)
);
#1763=DERIVED_UNIT((#1760,#1761));
#1764=MEASURE_REPRESENTATION_ITEM('density measure',
POSITIVE_RATIO_MEASURE(7850.),#1763);
#1765=PROPERTY_DEFINITION_REPRESENTATION(#1770,#1767);
#1766=PROPERTY_DEFINITION_REPRESENTATION(#1771,#1768);
#1767=REPRESENTATION('material name',(#1769),#3070);
#1768=REPRESENTATION('density',(#1764),#3070);
#1769=DESCRIPTIVE_REPRESENTATION_ITEM('\X2\94A2\X0\','\X2\94A2\X0\');
#1770=PROPERTY_DEFINITION('material property','material name',#3080);
#1771=PROPERTY_DEFINITION('material property','density of part',#3080);
#1772=AXIS2_PLACEMENT_3D('',#2511,#1973,#1974);
#1773=AXIS2_PLACEMENT_3D('',#2512,#1975,#1976);
#1774=AXIS2_PLACEMENT_3D('',#2515,#1977,#1978);
#1775=AXIS2_PLACEMENT_3D('',#2519,#1980,#1981);
#1776=AXIS2_PLACEMENT_3D('',#2521,#1983,#1984);
#1777=AXIS2_PLACEMENT_3D('',#2527,#1988,#1989);
#1778=AXIS2_PLACEMENT_3D('',#2530,#1990,#1991);
#1779=AXIS2_PLACEMENT_3D('',#2534,#1993,#1994);
#1780=AXIS2_PLACEMENT_3D('',#2536,#1996,#1997);
#1781=AXIS2_PLACEMENT_3D('',#2540,#1999,#2000);
#1782=AXIS2_PLACEMENT_3D('',#2546,#2003,#2004);
#1783=AXIS2_PLACEMENT_3D('',#2550,#2006,#2007);
#1784=AXIS2_PLACEMENT_3D('',#2557,#2011,#2012);
#1785=AXIS2_PLACEMENT_3D('',#2561,#2014,#2015);
#1786=AXIS2_PLACEMENT_3D('',#2565,#2017,#2018);
#1787=AXIS2_PLACEMENT_3D('',#2567,#2020,#2021);
#1788=AXIS2_PLACEMENT_3D('',#2570,#2022,#2023);
#1789=AXIS2_PLACEMENT_3D('',#2574,#2025,#2026);
#1790=AXIS2_PLACEMENT_3D('',#2576,#2028,#2029);
#1791=AXIS2_PLACEMENT_3D('',#2580,#2031,#2032);
#1792=AXIS2_PLACEMENT_3D('',#2584,#2034,#2035);
#1793=AXIS2_PLACEMENT_3D('',#2588,#2037,#2038);
#1794=AXIS2_PLACEMENT_3D('',#2598,#2043,#2044);
#1795=AXIS2_PLACEMENT_3D('',#2602,#2046,#2047);
#1796=AXIS2_PLACEMENT_3D('',#2608,#2050,#2051);
#1797=AXIS2_PLACEMENT_3D('',#2610,#2053,#2054);
#1798=AXIS2_PLACEMENT_3D('',#2612,#2055,#2056);
#1799=AXIS2_PLACEMENT_3D('',#2615,#2058,#2059);
#1800=AXIS2_PLACEMENT_3D('',#2616,#2060,#2061);
#1801=AXIS2_PLACEMENT_3D('',#2622,#2065,#2066);
#1802=AXIS2_PLACEMENT_3D('',#2625,#2067,#2068);
#1803=AXIS2_PLACEMENT_3D('',#2629,#2070,#2071);
#1804=AXIS2_PLACEMENT_3D('',#2649,#2074,#2075);
#1805=AXIS2_PLACEMENT_3D('',#2651,#2076,#2077);
#1806=AXIS2_PLACEMENT_3D('',#2655,#2079,#2080);
#1807=AXIS2_PLACEMENT_3D('',#2662,#2082,#2083);
#1808=AXIS2_PLACEMENT_3D('',#2668,#2086,#2087);
#1809=AXIS2_PLACEMENT_3D('',#2670,#2089,#2090);
#1810=AXIS2_PLACEMENT_3D('',#2672,#2091,#2092);
#1811=AXIS2_PLACEMENT_3D('',#2674,#2093,#2094);
#1812=AXIS2_PLACEMENT_3D('',#2678,#2096,#2097);
#1813=AXIS2_PLACEMENT_3D('',#2683,#2100,#2101);
#1814=AXIS2_PLACEMENT_3D('',#2686,#2103,#2104);
#1815=AXIS2_PLACEMENT_3D('',#2689,#2106,#2107);
#1816=AXIS2_PLACEMENT_3D('',#2691,#2108,#2109);
#1817=AXIS2_PLACEMENT_3D('',#2698,#2113,#2114);
#1818=AXIS2_PLACEMENT_3D('',#2702,#2116,#2117);
#1819=AXIS2_PLACEMENT_3D('',#2704,#2118,#2119);
#1820=AXIS2_PLACEMENT_3D('',#2705,#2120,#2121);
#1821=AXIS2_PLACEMENT_3D('',#2707,#2122,#2123);
#1822=AXIS2_PLACEMENT_3D('',#2709,#2124,#2125);
#1823=AXIS2_PLACEMENT_3D('',#2711,#2126,#2127);
#1824=AXIS2_PLACEMENT_3D('',#2713,#2128,#2129);
#1825=AXIS2_PLACEMENT_3D('',#2715,#2130,#2131);
#1826=AXIS2_PLACEMENT_3D('',#2717,#2132,#2133);
#1827=AXIS2_PLACEMENT_3D('',#2718,#2134,#2135);
#1828=AXIS2_PLACEMENT_3D('',#2722,#2137,#2138);
#1829=AXIS2_PLACEMENT_3D('',#2736,#2141,#2142);
#1830=AXIS2_PLACEMENT_3D('',#2740,#2145,#2146);
#1831=AXIS2_PLACEMENT_3D('',#2743,#2149,#2150);
#1832=AXIS2_PLACEMENT_3D('',#2746,#2151,#2152);
#1833=AXIS2_PLACEMENT_3D('',#2767,#2156,#2157);
#1834=AXIS2_PLACEMENT_3D('',#2769,#2158,#2159);
#1835=AXIS2_PLACEMENT_3D('',#2777,#2162,#2163);
#1836=AXIS2_PLACEMENT_3D('',#2781,#2166,#2167);
#1837=AXIS2_PLACEMENT_3D('',#2785,#2169,#2170);
#1838=AXIS2_PLACEMENT_3D('',#2798,#2172,#2173);
#1839=AXIS2_PLACEMENT_3D('',#2801,#2176,#2177);
#1840=AXIS2_PLACEMENT_3D('',#2802,#2178,#2179);
#1841=AXIS2_PLACEMENT_3D('',#2803,#2180,#2181);
#1842=AXIS2_PLACEMENT_3D('',#2805,#2182,#2183);
#1843=AXIS2_PLACEMENT_3D('',#2807,#2185,#2186);
#1844=AXIS2_PLACEMENT_3D('',#2809,#2187,#2188);
#1845=AXIS2_PLACEMENT_3D('',#2810,#2189,#2190);
#1846=AXIS2_PLACEMENT_3D('',#2812,#2191,#2192);
#1847=AXIS2_PLACEMENT_3D('',#2814,#2194,#2195);
#1848=AXIS2_PLACEMENT_3D('',#2816,#2197,#2198);
#1849=AXIS2_PLACEMENT_3D('',#2818,#2199,#2200);
#1850=AXIS2_PLACEMENT_3D('',#2821,#2202,#2203);
#1851=AXIS2_PLACEMENT_3D('',#2822,#2204,#2205);
#1852=AXIS2_PLACEMENT_3D('',#2824,#2206,#2207);
#1853=AXIS2_PLACEMENT_3D('',#2825,#2208,#2209);
#1854=AXIS2_PLACEMENT_3D('',#2827,#2211,#2212);
#1855=AXIS2_PLACEMENT_3D('',#2829,#2213,#2214);
#1856=AXIS2_PLACEMENT_3D('',#2831,#2216,#2217);
#1857=AXIS2_PLACEMENT_3D('',#2833,#2218,#2219);
#1858=AXIS2_PLACEMENT_3D('',#2834,#2220,#2221);
#1859=AXIS2_PLACEMENT_3D('',#2836,#2222,#2223);
#1860=AXIS2_PLACEMENT_3D('',#2838,#2225,#2226);
#1861=AXIS2_PLACEMENT_3D('',#2840,#2227,#2228);
#1862=AXIS2_PLACEMENT_3D('',#2841,#2229,#2230);
#1863=AXIS2_PLACEMENT_3D('',#2843,#2231,#2232);
#1864=AXIS2_PLACEMENT_3D('',#2845,#2234,#2235);
#1865=AXIS2_PLACEMENT_3D('',#2849,#2238,#2239);
#1866=AXIS2_PLACEMENT_3D('',#2850,#2240,#2241);
#1867=AXIS2_PLACEMENT_3D('',#2851,#2242,#2243);
#1868=AXIS2_PLACEMENT_3D('',#2855,#2245,#2246);
#1869=AXIS2_PLACEMENT_3D('',#2857,#2248,#2249);
#1870=AXIS2_PLACEMENT_3D('',#2861,#2251,#2252);
#1871=AXIS2_PLACEMENT_3D('',#2866,#2255,#2256);
#1872=AXIS2_PLACEMENT_3D('',#2870,#2258,#2259);
#1873=AXIS2_PLACEMENT_3D('',#2874,#2261,#2262);
#1874=AXIS2_PLACEMENT_3D('',#2878,#2264,#2265);
#1875=AXIS2_PLACEMENT_3D('',#2880,#2267,#2268);
#1876=AXIS2_PLACEMENT_3D('',#2883,#2271,#2272);
#1877=AXIS2_PLACEMENT_3D('',#2886,#2275,#2276);
#1878=AXIS2_PLACEMENT_3D('',#2889,#2278,#2279);
#1879=AXIS2_PLACEMENT_3D('',#2891,#2280,#2281);
#1880=AXIS2_PLACEMENT_3D('',#2892,#2282,#2283);
#1881=AXIS2_PLACEMENT_3D('',#2893,#2284,#2285);
#1882=AXIS2_PLACEMENT_3D('',#2895,#2287,#2288);
#1883=AXIS2_PLACEMENT_3D('',#2898,#2290,#2291);
#1884=AXIS2_PLACEMENT_3D('',#2900,#2292,#2293);
#1885=AXIS2_PLACEMENT_3D('',#2901,#2294,#2295);
#1886=AXIS2_PLACEMENT_3D('',#2904,#2298,#2299);
#1887=AXIS2_PLACEMENT_3D('',#2905,#2300,#2301);
#1888=AXIS2_PLACEMENT_3D('',#2907,#2303,#2304);
#1889=AXIS2_PLACEMENT_3D('',#2908,#2305,#2306);
#1890=AXIS2_PLACEMENT_3D('',#2909,#2307,#2308);
#1891=AXIS2_PLACEMENT_3D('',#2912,#2310,#2311);
#1892=AXIS2_PLACEMENT_3D('',#2913,#2312,#2313);
#1893=AXIS2_PLACEMENT_3D('',#2916,#2315,#2316);
#1894=AXIS2_PLACEMENT_3D('',#2917,#2317,#2318);
#1895=AXIS2_PLACEMENT_3D('',#2919,#2319,#2320);
#1896=AXIS2_PLACEMENT_3D('',#2920,#2321,#2322);
#1897=AXIS2_PLACEMENT_3D('',#2922,#2323,#2324);
#1898=AXIS2_PLACEMENT_3D('',#2923,#2325,#2326);
#1899=AXIS2_PLACEMENT_3D('',#2925,#2328,#2329);
#1900=AXIS2_PLACEMENT_3D('',#2927,#2331,#2332);
#1901=AXIS2_PLACEMENT_3D('',#2930,#2333,#2334);
#1902=AXIS2_PLACEMENT_3D('',#2933,#2337,#2338);
#1903=AXIS2_PLACEMENT_3D('',#2939,#2342,#2343);
#1904=AXIS2_PLACEMENT_3D('',#2941,#2344,#2345);
#1905=AXIS2_PLACEMENT_3D('',#2944,#2347,#2348);
#1906=AXIS2_PLACEMENT_3D('',#2945,#2349,#2350);
#1907=AXIS2_PLACEMENT_3D('',#2947,#2351,#2352);
#1908=AXIS2_PLACEMENT_3D('',#2950,#2354,#2355);
#1909=AXIS2_PLACEMENT_3D('',#2951,#2356,#2357);
#1910=AXIS2_PLACEMENT_3D('',#2953,#2358,#2359);
#1911=AXIS2_PLACEMENT_3D('',#2954,#2360,#2361);
#1912=AXIS2_PLACEMENT_3D('',#2956,#2362,#2363);
#1913=AXIS2_PLACEMENT_3D('',#2957,#2364,#2365);
#1914=AXIS2_PLACEMENT_3D('',#2959,#2366,#2367);
#1915=AXIS2_PLACEMENT_3D('',#2961,#2369,#2370);
#1916=AXIS2_PLACEMENT_3D('',#2963,#2371,#2372);
#1917=AXIS2_PLACEMENT_3D('',#2965,#2374,#2375);
#1918=AXIS2_PLACEMENT_3D('',#2969,#2377,#2378);
#1919=AXIS2_PLACEMENT_3D('',#2971,#2380,#2381);
#1920=AXIS2_PLACEMENT_3D('',#2975,#2383,#2384);
#1921=AXIS2_PLACEMENT_3D('',#2977,#2386,#2387);
#1922=AXIS2_PLACEMENT_3D('',#2979,#2389,#2390);
#1923=AXIS2_PLACEMENT_3D('',#2982,#2392,#2393);
#1924=AXIS2_PLACEMENT_3D('',#2983,#2394,#2395);
#1925=AXIS2_PLACEMENT_3D('',#2985,#2397,#2398);
#1926=AXIS2_PLACEMENT_3D('',#2989,#2401,#2402);
#1927=AXIS2_PLACEMENT_3D('',#2990,#2403,#2404);
#1928=AXIS2_PLACEMENT_3D('',#2991,#2405,#2406);
#1929=AXIS2_PLACEMENT_3D('',#2993,#2407,#2408);
#1930=AXIS2_PLACEMENT_3D('',#2995,#2410,#2411);
#1931=AXIS2_PLACEMENT_3D('',#2999,#2414,#2415);
#1932=AXIS2_PLACEMENT_3D('',#3001,#2417,#2418);
#1933=AXIS2_PLACEMENT_3D('',#3003,#2420,#2421);
#1934=AXIS2_PLACEMENT_3D('',#3004,#2422,#2423);
#1935=AXIS2_PLACEMENT_3D('',#3005,#2424,#2425);
#1936=AXIS2_PLACEMENT_3D('',#3006,#2426,#2427);
#1937=AXIS2_PLACEMENT_3D('',#3007,#2428,#2429);
#1938=AXIS2_PLACEMENT_3D('',#3008,#2430,#2431);
#1939=AXIS2_PLACEMENT_3D('',#3011,#2433,#2434);
#1940=AXIS2_PLACEMENT_3D('',#3012,#2435,#2436);
#1941=AXIS2_PLACEMENT_3D('',#3014,#2437,#2438);
#1942=AXIS2_PLACEMENT_3D('',#3016,#2440,#2441);
#1943=AXIS2_PLACEMENT_3D('',#3018,#2442,#2443);
#1944=AXIS2_PLACEMENT_3D('',#3020,#2445,#2446);
#1945=AXIS2_PLACEMENT_3D('',#3021,#2447,#2448);
#1946=AXIS2_PLACEMENT_3D('',#3022,#2449,#2450);
#1947=AXIS2_PLACEMENT_3D('',#3025,#2452,#2453);
#1948=AXIS2_PLACEMENT_3D('',#3026,#2454,#2455);
#1949=AXIS2_PLACEMENT_3D('',#3027,#2456,#2457);
#1950=AXIS2_PLACEMENT_3D('',#3028,#2458,#2459);
#1951=AXIS2_PLACEMENT_3D('',#3029,#2460,#2461);
#1952=AXIS2_PLACEMENT_3D('',#3031,#2463,#2464);
#1953=AXIS2_PLACEMENT_3D('',#3033,#2465,#2466);
#1954=AXIS2_PLACEMENT_3D('',#3036,#2468,#2469);
#1955=AXIS2_PLACEMENT_3D('',#3037,#2470,#2471);
#1956=AXIS2_PLACEMENT_3D('',#3039,#2472,#2473);
#1957=AXIS2_PLACEMENT_3D('',#3042,#2475,#2476);
#1958=AXIS2_PLACEMENT_3D('',#3043,#2477,#2478);
#1959=AXIS2_PLACEMENT_3D('',#3045,#2479,#2480);
#1960=AXIS2_PLACEMENT_3D('',#3046,#2481,#2482);
#1961=AXIS2_PLACEMENT_3D('',#3048,#2483,#2484);
#1962=AXIS2_PLACEMENT_3D('',#3050,#2486,#2487);
#1963=AXIS2_PLACEMENT_3D('',#3052,#2488,#2489);
#1964=AXIS2_PLACEMENT_3D('',#3053,#2490,#2491);
#1965=AXIS2_PLACEMENT_3D('',#3055,#2492,#2493);
#1966=AXIS2_PLACEMENT_3D('',#3057,#2495,#2496);
#1967=AXIS2_PLACEMENT_3D('',#3059,#2497,#2498);
#1968=AXIS2_PLACEMENT_3D('',#3060,#2499,#2500);
#1969=AXIS2_PLACEMENT_3D('',#3062,#2502,#2503);
#1970=AXIS2_PLACEMENT_3D('',#3064,#2504,#2505);
#1971=AXIS2_PLACEMENT_3D('',#3065,#2506,#2507);
#1972=AXIS2_PLACEMENT_3D('',#3067,#2509,#2510);
#1973=DIRECTION('axis',(0.,0.,1.));
#1974=DIRECTION('refdir',(1.,0.,0.));
#1975=DIRECTION('center_axis',(-0.965925826289065,-1.04714142448639E-14,
0.258819045102532));
#1976=DIRECTION('ref_axis',(0.0871224771952886,0.941642219954389,0.325145511374101));
#1977=DIRECTION('center_axis',(0.965925826289069,1.04714142448639E-14,-0.25881904510252));
#1978=DIRECTION('ref_axis',(0.0871224771952886,0.941642219954389,0.325145511374101));
#1979=DIRECTION('',(-0.965925826289065,-1.04714142448639E-14,0.258819045102532));
#1980=DIRECTION('center_axis',(-0.965925826289069,-1.04714142448639E-14,
0.25881904510252));
#1981=DIRECTION('ref_axis',(0.0871224771952886,0.941642219954389,0.325145511374101));
#1982=DIRECTION('',(0.965925826289065,1.04714142448639E-14,-0.258819045102532));
#1983=DIRECTION('center_axis',(-0.164076405668205,-0.77338014080126,-0.612341482277026));
#1984=DIRECTION('ref_axis',(-0.200165509543435,0.633942550878408,-0.747027851539013));
#1985=DIRECTION('',(0.200165509543441,-0.633942550878408,0.747027851539011));
#1986=DIRECTION('',(0.965925826289068,0.,-0.25881904510252));
#1987=DIRECTION('',(0.200165509543435,-0.633942550878408,0.747027851539013));
#1988=DIRECTION('center_axis',(0.965925826289072,1.0471414244864E-14,-0.258819045102507));
#1989=DIRECTION('ref_axis',(-0.0871224771952998,0.941642219954389,-0.3251455113741));
#1990=DIRECTION('center_axis',(0.965925826289069,1.04714142448639E-14,-0.25881904510252));
#1991=DIRECTION('ref_axis',(-0.0871224771952998,0.941642219954389,-0.3251455113741));
#1992=DIRECTION('',(-0.965925826289072,-1.0471414244864E-14,0.258819045102507));
#1993=DIRECTION('center_axis',(-0.965925826289069,-1.04714142448639E-14,
0.25881904510252));
#1994=DIRECTION('ref_axis',(-0.0871224771952998,0.941642219954389,-0.3251455113741));
#1995=DIRECTION('',(0.965925826289072,1.0471414244864E-14,-0.258819045102507));
#1996=DIRECTION('center_axis',(1.08408057429144E-14,-1.,1.14631350289928E-30));
#1997=DIRECTION('ref_axis',(0.965925826289068,1.04714142448639E-14,-0.25881904510252));
#1998=DIRECTION('',(0.25881904510252,2.80580699052303E-15,0.965925826289068));
#1999=DIRECTION('center_axis',(-1.08408057429144E-14,1.,-1.14631350289928E-30));
#2000=DIRECTION('ref_axis',(-0.793353340291236,-8.60058944758959E-15,-0.608761429008719));
#2001=DIRECTION('',(-1.,-1.08408057429144E-14,0.));
#2002=DIRECTION('',(1.66533453693773E-15,1.61716485570307E-29,-1.));
#2003=DIRECTION('center_axis',(1.08408057429144E-14,-1.,1.14631350289928E-30));
#2004=DIRECTION('ref_axis',(8.88178419700125E-16,8.67746995743113E-30,-1.));
#2005=DIRECTION('',(-0.25881904510252,-2.80580699052303E-15,0.965925826289069));
#2006=DIRECTION('center_axis',(1.08408057429144E-14,-1.,1.14631350289928E-30));
#2007=DIRECTION('ref_axis',(-0.993719475001182,-9.61623557228702E-15,0.111899977673706));
#2008=DIRECTION('',(0.965925826289069,1.04714142448639E-14,-0.258819045102518));
#2009=DIRECTION('',(0.25881904510252,2.80580699052303E-15,0.965925826289068));
#2010=DIRECTION('',(-0.25881904510252,-2.80580699052303E-15,-0.965925826289068));
#2011=DIRECTION('center_axis',(-1.08408057429144E-14,1.,-1.14631350289928E-30));
#2012=DIRECTION('ref_axis',(1.,1.08408057429144E-14,-6.16790569236198E-17));
#2013=DIRECTION('',(0.25881904510252,2.80580699052303E-15,-0.965925826289069));
#2014=DIRECTION('center_axis',(-1.08408057429144E-14,1.,-1.14631350289928E-30));
#2015=DIRECTION('ref_axis',(-2.66453525910038E-15,-3.0371144851009E-29,
-1.));
#2016=DIRECTION('',(1.,1.08408057429144E-14,8.88178419700125E-16));
#2017=DIRECTION('center_axis',(1.08408057429144E-14,-1.,1.14631350289928E-30));
#2018=DIRECTION('ref_axis',(-0.793353340291235,-8.60058944758958E-15,-0.608761429008721));
#2019=DIRECTION('',(0.25881904510252,1.77742717282565E-15,0.965925826289068));
#2020=DIRECTION('center_axis',(0.965925826289072,1.0471414244864E-14,-0.258819045102508));
#2021=DIRECTION('ref_axis',(0.0871224771952989,-0.94164221995439,0.325145511374096));
#2022=DIRECTION('center_axis',(0.965925826289069,1.04714142448639E-14,-0.25881904510252));
#2023=DIRECTION('ref_axis',(0.0871224771952989,-0.94164221995439,0.325145511374096));
#2024=DIRECTION('',(-0.965925826289072,-1.0471414244864E-14,0.258819045102508));
#2025=DIRECTION('center_axis',(-0.965925826289069,-1.04714142448639E-14,
0.25881904510252));
#2026=DIRECTION('ref_axis',(0.0871224771952989,-0.94164221995439,0.325145511374096));
#2027=DIRECTION('',(0.965925826289072,1.0471414244864E-14,-0.258819045102508));
#2028=DIRECTION('center_axis',(-1.08408057429144E-14,1.,-1.14631350289928E-30));
#2029=DIRECTION('ref_axis',(0.,1.18329135783152E-30,1.));
#2030=DIRECTION('',(-0.25881904510252,-2.80580699052303E-15,-0.965925826289068));
#2031=DIRECTION('center_axis',(1.08408057429144E-14,-1.,1.14631350289928E-30));
#2032=DIRECTION('ref_axis',(-0.793353340291235,-8.60058944758958E-15,-0.608761429008721));
#2033=DIRECTION('',(1.,1.08408057429144E-14,8.88178419700125E-16));
#2034=DIRECTION('center_axis',(-1.08408057429144E-14,1.,-1.14631350289928E-30));
#2035=DIRECTION('ref_axis',(-2.66453525910038E-15,-3.0371144851009E-29,
-1.));
#2036=DIRECTION('',(0.25881904510252,2.80580699052303E-15,-0.965925826289069));
#2037=DIRECTION('center_axis',(-1.08408057429144E-14,1.,-1.14631350289928E-30));
#2038=DIRECTION('ref_axis',(1.,1.08408057429144E-14,-6.16790569236198E-17));
#2039=DIRECTION('',(0.25881904510252,2.80580699052303E-15,0.965925826289068));
#2040=DIRECTION('',(0.965925826289065,1.04714142448639E-14,-0.258819045102533));
#2041=DIRECTION('',(-0.25881904510252,7.55406548450899E-15,-0.965925826289068));
#2042=DIRECTION('',(0.965925826289069,1.04714142448639E-14,-0.258819045102518));
#2043=DIRECTION('center_axis',(-1.08408057429144E-14,1.,-1.14631350289928E-30));
#2044=DIRECTION('ref_axis',(-0.993719475001182,-9.61623557228704E-15,0.111899977673701));
#2045=DIRECTION('',(-0.25881904510252,-2.80580699052303E-15,0.965925826289069));
#2046=DIRECTION('center_axis',(1.08408057429144E-14,-1.,1.14631350289928E-30));
#2047=DIRECTION('ref_axis',(8.88178419700125E-16,8.67746995743113E-30,-1.));
#2048=DIRECTION('',(1.66533453693773E-15,1.61716485570307E-29,-1.));
#2049=DIRECTION('',(-1.,-1.08408057429144E-14,0.));
#2050=DIRECTION('center_axis',(-1.08408057429144E-14,1.,-1.14631350289928E-30));
#2051=DIRECTION('ref_axis',(-0.793353340291236,-8.60058944758959E-15,-0.608761429008719));
#2052=DIRECTION('',(-0.25881904510252,7.55406548450899E-15,-0.965925826289068));
#2053=DIRECTION('center_axis',(-0.965925826289065,-1.04714142448639E-14,
0.258819045102533));
#2054=DIRECTION('ref_axis',(-0.0871224771952896,-0.941642219954389,-0.325145511374103));
#2055=DIRECTION('center_axis',(0.965925826289069,1.04714142448639E-14,-0.25881904510252));
#2056=DIRECTION('ref_axis',(-0.0871224771952896,-0.941642219954389,-0.325145511374103));
#2057=DIRECTION('',(-0.965925826289065,-1.04714142448639E-14,0.258819045102533));
#2058=DIRECTION('center_axis',(-0.965925826289069,-1.04714142448639E-14,
0.25881904510252));
#2059=DIRECTION('ref_axis',(-0.0871224771952896,-0.941642219954389,-0.325145511374103));
#2060=DIRECTION('center_axis',(0.164076405668207,0.773380140801257,0.61234148227703));
#2061=DIRECTION('ref_axis',(0.200165509543434,-0.633942550878412,0.74702785153901));
#2062=DIRECTION('',(-0.20016550954344,0.633942550878412,-0.747027851539008));
#2063=DIRECTION('',(0.965925826289068,0.,-0.258819045102521));
#2064=DIRECTION('',(-0.200165509543434,0.633942550878412,-0.74702785153901));
#2065=DIRECTION('center_axis',(0.965925826289068,1.0630678645853E-14,-0.258819045102521));
#2066=DIRECTION('ref_axis',(0.205302974086928,0.608922422689407,0.766201130237437));
#2067=DIRECTION('center_axis',(-0.965925826289069,-1.04714142448639E-14,
0.25881904510252));
#2068=DIRECTION('ref_axis',(0.205302974086928,0.608922422689407,0.766201130237437));
#2069=DIRECTION('',(-0.965925826289068,-1.04714142448639E-14,0.25881904510252));
#2070=DIRECTION('center_axis',(0.965925826289069,1.04714142448639E-14,-0.25881904510252));
#2071=DIRECTION('ref_axis',(0.205302974086928,0.608922422689407,0.766201130237437));
#2072=DIRECTION('',(0.965925826289068,1.0630678645853E-14,-0.258819045102521));
#2073=DIRECTION('',(-0.965925826289068,-1.04714142448639E-14,0.25881904510252));
#2074=DIRECTION('center_axis',(0.25881904510252,2.80580699052303E-15,0.965925826289069));
#2075=DIRECTION('ref_axis',(-0.683012701892225,0.707106781186543,0.183012701892216));
#2076=DIRECTION('center_axis',(0.258819045102521,2.80580699052304E-15,0.965925826289068));
#2077=DIRECTION('ref_axis',(-0.683012701892225,0.707106781186543,0.183012701892216));
#2078=DIRECTION('',(-0.25881904510252,-2.80580699052303E-15,-0.965925826289068));
#2079=DIRECTION('center_axis',(-0.25881904510252,-2.80580699052304E-15,
-0.965925826289068));
#2080=DIRECTION('ref_axis',(-0.683012701892225,0.707106781186543,0.183012701892216));
#2081=DIRECTION('',(0.25881904510252,2.80580699052303E-15,0.965925826289068));
#2082=DIRECTION('center_axis',(-0.258819045102521,-2.80580699052304E-15,
-0.965925826289068));
#2083=DIRECTION('ref_axis',(-1.08408057429144E-14,1.,-1.12166159961113E-30));
#2084=DIRECTION('',(-1.08408057429144E-14,1.,-1.12166159961113E-30));
#2085=DIRECTION('',(-0.965925826289068,-1.03002656609143E-14,0.25881904510252));
#2086=DIRECTION('center_axis',(0.258819045102521,2.80580699052304E-15,0.965925826289068));
#2087=DIRECTION('ref_axis',(-0.683012701892217,-0.70710678118655,0.183012701892218));
#2088=DIRECTION('',(1.08408057429144E-14,-1.,1.12166159961113E-30));
#2089=DIRECTION('center_axis',(-0.965925826289069,-1.04714142448639E-14,
0.25881904510252));
#2090=DIRECTION('ref_axis',(0.25881904510252,2.80580699052303E-15,0.965925826289068));
#2091=DIRECTION('center_axis',(-0.965925826289069,-1.04714142448639E-14,
0.25881904510252));
#2092=DIRECTION('ref_axis',(0.209152467421399,0.589041095890414,0.780567634945083));
#2093=DIRECTION('center_axis',(0.965925826289069,1.04714142448639E-14,-0.25881904510252));
#2094=DIRECTION('ref_axis',(-0.205302974086939,0.608922422689406,-0.766201130237434));
#2095=DIRECTION('',(1.08408057429144E-14,-1.,1.12166159961113E-30));
#2096=DIRECTION('center_axis',(0.965925826289069,1.04714142448639E-14,-0.25881904510252));
#2097=DIRECTION('ref_axis',(1.22200706857192E-14,-1.,5.14748684364577E-15));
#2098=DIRECTION('',(0.25881904510252,3.49888468366715E-15,0.965925826289068));
#2099=DIRECTION('',(-1.08408057429144E-14,1.,-1.14631350289928E-30));
#2100=DIRECTION('center_axis',(-0.965925826289069,0.,0.25881904510252));
#2101=DIRECTION('ref_axis',(0.,-1.,0.));
#2102=DIRECTION('',(-0.200165509543435,-0.633942550878406,-0.747027851539015));
#2103=DIRECTION('center_axis',(0.965925826289069,1.04714142448639E-14,-0.25881904510252));
#2104=DIRECTION('ref_axis',(1.08408057429144E-14,-1.,1.1339875512552E-30));
#2105=DIRECTION('',(1.09736829050344E-14,-1.,4.95904320197089E-16));
#2106=DIRECTION('center_axis',(0.965925826289069,1.04714142448639E-14,-0.25881904510252));
#2107=DIRECTION('ref_axis',(1.08408057429144E-14,-1.,1.1339875512552E-30));
#2108=DIRECTION('center_axis',(-0.965925826289069,0.,0.25881904510252));
#2109=DIRECTION('ref_axis',(0.,-1.,0.));
#2110=DIRECTION('',(0.200165509543436,0.6339425508784,0.747027851539019));
#2111=DIRECTION('',(1.08408057429144E-14,-1.,1.14631350289928E-30));
#2112=DIRECTION('',(0.25881904510252,3.49888468366715E-15,0.965925826289068));
#2113=DIRECTION('center_axis',(0.965925826289069,1.04714142448639E-14,-0.25881904510252));
#2114=DIRECTION('ref_axis',(0.25881904510252,5.47034224962341E-15,0.965925826289068));
#2115=DIRECTION('',(1.08408057429144E-14,-1.,1.12166159961113E-30));
#2116=DIRECTION('center_axis',(0.965925826289069,1.04714142448639E-14,-0.25881904510252));
#2117=DIRECTION('ref_axis',(-0.205302974086928,-0.608922422689409,-0.766201130237435));
#2118=DIRECTION('center_axis',(-0.965925826289069,-1.04714142448639E-14,
0.25881904510252));
#2119=DIRECTION('ref_axis',(-0.25881904510252,-2.80580699052303E-15,-0.965925826289069));
#2120=DIRECTION('center_axis',(0.965925826289069,1.04714142448639E-14,-0.25881904510252));
#2121=DIRECTION('ref_axis',(0.20530297408694,-0.6089224226894,0.766201130237439));
#2122=DIRECTION('center_axis',(0.965925826289069,1.04714142448639E-14,-0.25881904510252));
#2123=DIRECTION('ref_axis',(0.,-1.,0.));
#2124=DIRECTION('center_axis',(0.965925826289069,1.04714142448639E-14,-0.25881904510252));
#2125=DIRECTION('ref_axis',(0.,-1.,0.));
#2126=DIRECTION('center_axis',(0.965925826289069,1.04714142448639E-14,-0.25881904510252));
#2127=DIRECTION('ref_axis',(-1.27390769484074E-45,-1.,-2.46519032881614E-32));
#2128=DIRECTION('center_axis',(0.965925826289069,1.04714142448639E-14,-0.25881904510252));
#2129=DIRECTION('ref_axis',(-9.55430771130557E-46,-1.,-2.46519032881609E-32));
#2130=DIRECTION('center_axis',(0.965925826289069,1.04714142448639E-14,-0.25881904510252));
#2131=DIRECTION('ref_axis',(1.08408057429144E-14,-1.,1.13090606334418E-30));
#2132=DIRECTION('center_axis',(0.965925826289069,1.04714142448639E-14,-0.25881904510252));
#2133=DIRECTION('ref_axis',(1.08408057429144E-14,-1.,1.13090606334418E-30));
#2134=DIRECTION('center_axis',(-0.965925826289068,-1.03577287887297E-14,
0.25881904510252));
#2135=DIRECTION('ref_axis',(-0.205302974086939,0.608922422689406,-0.766201130237434));
#2136=DIRECTION('',(0.965925826289068,1.04714142448639E-14,-0.25881904510252));
#2137=DIRECTION('center_axis',(-0.965925826289069,-1.04714142448639E-14,
0.25881904510252));
#2138=DIRECTION('ref_axis',(-0.205302974086939,0.608922422689406,-0.766201130237434));
#2139=DIRECTION('',(0.965925826289068,1.04714142448639E-14,-0.25881904510252));
#2140=DIRECTION('',(-0.965925826289068,-1.03577287887297E-14,0.25881904510252));
#2141=DIRECTION('center_axis',(0.25881904510252,2.80580699052304E-15,0.965925826289068));
#2142=DIRECTION('ref_axis',(1.08408057429144E-14,-1.,1.12166159961113E-30));
#2143=DIRECTION('',(-1.08408057429144E-14,1.,-1.12166159961113E-30));
#2144=DIRECTION('',(0.965925826289068,1.04714142448639E-14,-0.25881904510252));
#2145=DIRECTION('center_axis',(-0.25881904510252,-2.80580699052303E-15,
-0.965925826289069));
#2146=DIRECTION('ref_axis',(0.683012701892228,-0.70710678118654,-0.183012701892217));
#2147=DIRECTION('',(-0.25881904510252,-2.80580699052303E-15,-0.965925826289068));
#2148=DIRECTION('',(0.25881904510252,2.80580699052303E-15,0.965925826289068));
#2149=DIRECTION('center_axis',(0.965925826289068,1.05588497360836E-14,-0.25881904510252));
#2150=DIRECTION('ref_axis',(-0.205302974086928,-0.608922422689409,-0.766201130237435));
#2151=DIRECTION('center_axis',(-0.965925826289069,-1.04714142448639E-14,
0.25881904510252));
#2152=DIRECTION('ref_axis',(-0.205302974086928,-0.608922422689409,-0.766201130237435));
#2153=DIRECTION('',(-0.965925826289068,-1.04714142448639E-14,0.25881904510252));
#2154=DIRECTION('',(0.965925826289068,1.05588497360836E-14,-0.25881904510252));
#2155=DIRECTION('',(-0.965925826289068,-1.04714142448639E-14,0.25881904510252));
#2156=DIRECTION('center_axis',(-0.25881904510252,-2.80580699052303E-15,
-0.965925826289069));
#2157=DIRECTION('ref_axis',(-0.683012701892217,-0.70710678118655,0.183012701892218));
#2158=DIRECTION('center_axis',(-0.25881904510252,-2.80580699052304E-15,
-0.965925826289068));
#2159=DIRECTION('ref_axis',(-0.683012701892217,-0.70710678118655,0.183012701892218));
#2160=DIRECTION('',(0.25881904510252,2.80580699052303E-15,0.965925826289068));
#2161=DIRECTION('',(-0.25881904510252,-2.80580699052303E-15,-0.965925826289068));
#2162=DIRECTION('center_axis',(0.25881904510252,2.80580699052304E-15,0.965925826289068));
#2163=DIRECTION('ref_axis',(1.08408057429144E-14,-1.,1.12166159961113E-30));
#2164=DIRECTION('',(0.965925826289068,1.04714142448639E-14,-0.25881904510252));
#2165=DIRECTION('',(-1.08408057429144E-14,1.,-1.12166159961113E-30));
#2166=DIRECTION('center_axis',(-0.965925826289068,-1.03002656609143E-14,
0.25881904510252));
#2167=DIRECTION('ref_axis',(0.20530297408694,-0.6089224226894,0.766201130237439));
#2168=DIRECTION('',(0.965925826289068,1.04714142448639E-14,-0.25881904510252));
#2169=DIRECTION('center_axis',(-0.965925826289069,-1.04714142448639E-14,
0.25881904510252));
#2170=DIRECTION('ref_axis',(0.20530297408694,-0.6089224226894,0.766201130237439));
#2171=DIRECTION('',(0.965925826289068,1.04714142448639E-14,-0.25881904510252));
#2172=DIRECTION('center_axis',(0.25881904510252,2.80580699052303E-15,0.965925826289069));
#2173=DIRECTION('ref_axis',(0.683012701892213,0.707106781186554,-0.183012701892217));
#2174=DIRECTION('',(0.25881904510252,2.80580699052303E-15,0.965925826289068));
#2175=DIRECTION('',(-0.25881904510252,-2.80580699052303E-15,-0.965925826289068));
#2176=DIRECTION('center_axis',(1.08408057429144E-14,-1.,1.12166159961113E-30));
#2177=DIRECTION('ref_axis',(-0.25881904510252,-2.80580699052303E-15,-0.965925826289068));
#2178=DIRECTION('center_axis',(-1.08408057429144E-14,1.,-1.12166159961113E-30));
#2179=DIRECTION('ref_axis',(0.25881904510252,2.80580699052303E-15,0.965925826289068));
#2180=DIRECTION('center_axis',(-0.965925826289069,0.,0.258819045102519));
#2181=DIRECTION('ref_axis',(0.,-1.,0.));
#2182=DIRECTION('center_axis',(-0.965925826289069,0.,0.25881904510252));
#2183=DIRECTION('ref_axis',(0.,-1.,0.));
#2184=DIRECTION('',(0.965925826289069,0.,-0.258819045102519));
#2185=DIRECTION('center_axis',(-0.965925826289069,0.,0.25881904510252));
#2186=DIRECTION('ref_axis',(0.,-1.,0.));
#2187=DIRECTION('center_axis',(0.965925826289069,-2.33045278171078E-30,
-0.25881904510252));
#2188=DIRECTION('ref_axis',(-2.25104452880165E-30,-1.,6.03165563618896E-31));
#2189=DIRECTION('center_axis',(0.965925826289069,0.,-0.25881904510252));
#2190=DIRECTION('ref_axis',(0.,-1.,0.));
#2191=DIRECTION('center_axis',(-0.965925826289069,-1.04714142448639E-14,
0.25881904510252));
#2192=DIRECTION('ref_axis',(0.,-1.,0.));
#2193=DIRECTION('',(0.965925826289068,0.,-0.25881904510252));
#2194=DIRECTION('center_axis',(0.164076405668205,-0.773380140801261,0.612341482277025));
#2195=DIRECTION('ref_axis',(-0.200165509543435,-0.633942550878406,-0.747027851539015));
#2196=DIRECTION('',(0.200165509543428,0.633942550878406,0.747027851539016));
#2197=DIRECTION('center_axis',(-0.965925826289065,3.58454746845304E-16,
0.258819045102535));
#2198=DIRECTION('ref_axis',(3.71099661163871E-16,1.,-1.0654193315041E-30));
#2199=DIRECTION('center_axis',(-0.965925826289069,-1.04714142448639E-14,
0.25881904510252));
#2200=DIRECTION('ref_axis',(3.71099661163871E-16,1.,-1.0654193315041E-30));
#2201=DIRECTION('',(-0.965925826289065,3.58454746845304E-16,0.258819045102535));
#2202=DIRECTION('center_axis',(-0.965925826289069,3.58454746845306E-16,
0.25881904510252));
#2203=DIRECTION('ref_axis',(3.71099661163871E-16,1.,-1.0654193315041E-30));
#2204=DIRECTION('center_axis',(0.965925826289069,-3.58454746845306E-16,
-0.25881904510252));
#2205=DIRECTION('ref_axis',(3.71099661163871E-16,1.,-1.17299127312515E-30));
#2206=DIRECTION('center_axis',(0.965925826289069,-3.58454746845306E-16,
-0.25881904510252));
#2207=DIRECTION('ref_axis',(-3.71099661163871E-16,-1.,1.17299127312515E-30));
#2208=DIRECTION('center_axis',(0.965925826289068,-3.58454746845306E-16,
-0.25881904510252));
#2209=DIRECTION('ref_axis',(-3.71099661163871E-16,-1.,1.17299127312515E-30));
#2210=DIRECTION('',(-0.965925826289068,3.58454746845306E-16,0.25881904510252));
#2211=DIRECTION('center_axis',(-0.965925826289069,0.,0.258819045102519));
#2212=DIRECTION('ref_axis',(0.,-1.,0.));
#2213=DIRECTION('center_axis',(-0.965925826289069,0.,0.25881904510252));
#2214=DIRECTION('ref_axis',(0.,-1.,0.));
#2215=DIRECTION('',(0.965925826289069,0.,-0.258819045102519));
#2216=DIRECTION('center_axis',(-0.965925826289069,0.,0.25881904510252));
#2217=DIRECTION('ref_axis',(0.,-1.,0.));
#2218=DIRECTION('center_axis',(0.965925826289069,-2.33045278171078E-30,
-0.25881904510252));
#2219=DIRECTION('ref_axis',(-2.25104452880165E-30,-1.,6.03165563618896E-31));
#2220=DIRECTION('center_axis',(0.965925826289068,-3.58454746845306E-16,
-0.25881904510252));
#2221=DIRECTION('ref_axis',(-3.71099661163871E-16,-1.,1.18329135783152E-30));
#2222=DIRECTION('center_axis',(0.965925826289069,-3.58454746845306E-16,
-0.25881904510252));
#2223=DIRECTION('ref_axis',(-3.71099661163871E-16,-1.,1.18329135783152E-30));
#2224=DIRECTION('',(-0.965925826289068,3.58454746845306E-16,0.25881904510252));
#2225=DIRECTION('center_axis',(0.965925826289069,-3.58454746845306E-16,
-0.25881904510252));
#2226=DIRECTION('ref_axis',(3.71099661163871E-16,1.,-1.18329135783152E-30));
#2227=DIRECTION('center_axis',(-0.965925826289069,3.58454746845306E-16,
0.25881904510252));
#2228=DIRECTION('ref_axis',(3.71099661163871E-16,1.,-1.07571941621047E-30));
#2229=DIRECTION('center_axis',(-0.965925826289065,3.58454746845304E-16,
0.258819045102535));
#2230=DIRECTION('ref_axis',(3.71099661163871E-16,1.,-1.07571941621047E-30));
#2231=DIRECTION('center_axis',(-0.965925826289069,-1.04714142448639E-14,
0.25881904510252));
#2232=DIRECTION('ref_axis',(3.71099661163871E-16,1.,-1.07571941621047E-30));
#2233=DIRECTION('',(-0.965925826289065,3.58454746845304E-16,0.258819045102535));
#2234=DIRECTION('center_axis',(-0.164076405668204,0.773380140801267,-0.612341482277019));
#2235=DIRECTION('ref_axis',(0.200165509543436,0.6339425508784,0.74702785153902));
#2236=DIRECTION('',(0.965925826289068,0.,-0.258819045102521));
#2237=DIRECTION('',(-0.20016550954343,-0.6339425508784,-0.747027851539021));
#2238=DIRECTION('center_axis',(0.965925826289068,0.,-0.258819045102521));
#2239=DIRECTION('ref_axis',(1.8073237322253E-15,1.,6.74502399438983E-15));
#2240=DIRECTION('center_axis',(-0.965925826289069,-1.04714142448639E-14,
0.25881904510252));
#2241=DIRECTION('ref_axis',(0.,-1.,0.));
#2242=DIRECTION('center_axis',(1.00213805175224E-14,-1.,3.05813657416673E-15));
#2243=DIRECTION('ref_axis',(-0.993719475001182,-9.61623557228702E-15,0.111899977673706));
#2244=DIRECTION('',(-1.00213805175224E-14,1.,-3.05813657416673E-15));
#2245=DIRECTION('center_axis',(-1.08408057429144E-14,1.,-1.14631350289928E-30));
#2246=DIRECTION('ref_axis',(-0.993719475001182,-9.61623557228702E-15,0.111899977673706));
#2247=DIRECTION('',(-2.92152813376204E-16,-1.,2.94633647040997E-16));
#2248=DIRECTION('center_axis',(-1.08408057429144E-14,1.,-1.14631350289928E-30));
#2249=DIRECTION('ref_axis',(0.,1.18329135783152E-30,1.));
#2250=DIRECTION('',(0.25881904510252,2.80580699052303E-15,-0.965925826289069));
#2251=DIRECTION('center_axis',(1.08408057429144E-14,-1.,1.14631350289928E-30));
#2252=DIRECTION('ref_axis',(8.88178419700125E-16,8.67746995743113E-30,-1.));
#2253=DIRECTION('',(-1.66533453693773E-15,-1.61716485570307E-29,1.));
#2254=DIRECTION('',(1.,1.08408057429144E-14,0.));
#2255=DIRECTION('center_axis',(1.08408057429144E-14,-1.,1.14631350289928E-30));
#2256=DIRECTION('ref_axis',(-0.793353340291236,-8.60058944758959E-15,-0.608761429008719));
#2257=DIRECTION('',(-0.965925826289068,-1.04714142448639E-14,0.25881904510252));
#2258=DIRECTION('center_axis',(1.08408057429144E-14,-1.,1.14631350289928E-30));
#2259=DIRECTION('ref_axis',(-2.66453525910038E-15,-3.0371144851009E-29,
-1.));
#2260=DIRECTION('',(-0.25881904510252,-2.80580699052303E-15,0.965925826289069));
#2261=DIRECTION('center_axis',(1.08408057429144E-14,-1.,1.14631350289928E-30));
#2262=DIRECTION('ref_axis',(1.,1.08408057429144E-14,-6.16790569236198E-17));
#2263=DIRECTION('',(0.25881904510252,2.80580699052303E-15,0.965925826289068));
#2264=DIRECTION('center_axis',(-1.08408057429144E-14,1.,-1.14631350289928E-30));
#2265=DIRECTION('ref_axis',(-0.793353340291235,-8.60058944758958E-15,-0.608761429008721));
#2266=DIRECTION('',(-1.,-1.08408057429144E-14,-8.88178419700125E-16));
#2267=DIRECTION('center_axis',(1.,1.08408057429144E-14,1.66533453693773E-15));
#2268=DIRECTION('ref_axis',(1.66533453693773E-15,1.61716485570307E-29,-1.));
#2269=DIRECTION('',(1.08408057429144E-14,-1.,1.14631350289928E-30));
#2270=DIRECTION('',(-1.08408057429144E-14,1.,-1.14631350289928E-30));
#2271=DIRECTION('center_axis',(-0.965925826289069,-1.04714142448639E-14,
0.25881904510252));
#2272=DIRECTION('ref_axis',(1.08408057429144E-14,-1.,1.14631350289928E-30));
#2273=DIRECTION('',(1.08408057429144E-14,-1.,1.14631350289928E-30));
#2274=DIRECTION('',(1.08408057429144E-14,-1.,1.14631350289928E-30));
#2275=DIRECTION('center_axis',(0.,-1.18329135783152E-30,-1.));
#2276=DIRECTION('ref_axis',(-1.,-1.08408057429144E-14,0.));
#2277=DIRECTION('',(1.08408057429144E-14,-1.,1.14631350289928E-30));
#2278=DIRECTION('center_axis',(0.,1.18329135783152E-30,1.));
#2279=DIRECTION('ref_axis',(-1.08408057429144E-14,1.,-1.14015052707724E-30));
#2280=DIRECTION('center_axis',(0.,1.18329135783152E-30,1.));
#2281=DIRECTION('ref_axis',(-1.08408057429144E-14,1.,-1.14015052707724E-30));
#2282=DIRECTION('center_axis',(-1.08408057429144E-14,1.,-1.14631350289928E-30));
#2283=DIRECTION('ref_axis',(-0.793353340291236,-8.60058944758959E-15,-0.608761429008719));
#2284=DIRECTION('center_axis',(-1.08408057429144E-14,1.,-1.14631350289928E-30));
#2285=DIRECTION('ref_axis',(-0.793353340291235,-8.60058944758958E-15,-0.608761429008721));
#2286=DIRECTION('',(-1.08408057429144E-14,1.,-1.14631350289928E-30));
#2287=DIRECTION('center_axis',(-8.88178419700125E-16,-8.67746995743113E-30,
1.));
#2288=DIRECTION('ref_axis',(1.,1.08408057429144E-14,8.88178419700125E-16));
#2289=DIRECTION('',(1.08408057429144E-14,-1.,1.14631350289928E-30));
#2290=DIRECTION('center_axis',(8.88178419700125E-16,8.67746995743113E-30,
-1.));
#2291=DIRECTION('ref_axis',(-1.,3.71099661163871E-16,0.));
#2292=DIRECTION('center_axis',(8.88178419700125E-16,8.67746995743113E-30,
-1.));
#2293=DIRECTION('ref_axis',(-1.,3.71099661163871E-16,0.));
#2294=DIRECTION('center_axis',(0.965925826289069,1.04714142448639E-14,0.25881904510252));
#2295=DIRECTION('ref_axis',(-0.25881904510252,-2.80580699052303E-15,0.965925826289069));
#2296=DIRECTION('',(1.08408057429144E-14,-1.,1.14631350289928E-30));
#2297=DIRECTION('',(1.08408057429144E-14,-1.,1.14631350289928E-30));
#2298=DIRECTION('center_axis',(-1.08408057429144E-14,1.,-1.14631350289928E-30));
#2299=DIRECTION('ref_axis',(1.,1.08408057429144E-14,-6.16790569236198E-17));
#2300=DIRECTION('center_axis',(-0.965925826289069,-1.04714142448639E-14,
-0.25881904510252));
#2301=DIRECTION('ref_axis',(0.25881904510252,2.80580699052303E-15,-0.965925826289069));
#2302=DIRECTION('',(1.08408057429144E-14,-1.,1.14631350289928E-30));
#2303=DIRECTION('center_axis',(-1.08408057429144E-14,1.,-1.14631350289928E-30));
#2304=DIRECTION('ref_axis',(8.88178419700125E-16,8.67746995743113E-30,-1.));
#2305=DIRECTION('center_axis',(-1.08408057429144E-14,1.,-1.14631350289928E-30));
#2306=DIRECTION('ref_axis',(-2.66453525910038E-15,-3.0371144851009E-29,
-1.));
#2307=DIRECTION('center_axis',(0.,1.18329135783152E-30,1.));
#2308=DIRECTION('ref_axis',(-1.08408057429144E-14,1.,-1.14015052707724E-30));
#2309=DIRECTION('',(0.,1.18329135783152E-30,1.));
#2310=DIRECTION('center_axis',(0.,1.18329135783152E-30,1.));
#2311=DIRECTION('ref_axis',(-1.08408057429144E-14,1.,-1.14015052707724E-30));
#2312=DIRECTION('center_axis',(0.,1.18329135783152E-30,1.));
#2313=DIRECTION('ref_axis',(-1.08408057429144E-14,1.,-1.14015052707724E-30));
#2314=DIRECTION('',(0.,1.18329135783152E-30,1.));
#2315=DIRECTION('center_axis',(0.,1.18329135783152E-30,1.));
#2316=DIRECTION('ref_axis',(-1.08408057429144E-14,1.,-1.14015052707724E-30));
#2317=DIRECTION('center_axis',(0.,1.18329135783152E-30,1.));
#2318=DIRECTION('ref_axis',(1.08408057429144E-14,-1.,1.14631350289928E-30));
#2319=DIRECTION('center_axis',(0.,-1.18329135783152E-30,-1.));
#2320=DIRECTION('ref_axis',(-1.,3.71099661163871E-16,0.));
#2321=DIRECTION('center_axis',(0.,1.18329135783152E-30,1.));
#2322=DIRECTION('ref_axis',(1.08408057429144E-14,-1.,1.14631350289928E-30));
#2323=DIRECTION('center_axis',(0.,-1.18329135783152E-30,-1.));
#2324=DIRECTION('ref_axis',(-1.,3.71099661163871E-16,0.));
#2325=DIRECTION('center_axis',(0.,-1.18329135783152E-30,-1.));
#2326=DIRECTION('ref_axis',(-1.,3.71099661163871E-16,0.));
#2327=DIRECTION('',(0.,-1.18329135783152E-30,-1.));
#2328=DIRECTION('center_axis',(0.,-1.18329135783152E-30,-1.));
#2329=DIRECTION('ref_axis',(-1.,3.71099661163871E-16,0.));
#2330=DIRECTION('',(0.,-1.18329135783152E-30,-1.));
#2331=DIRECTION('center_axis',(1.00213805175224E-14,-1.,3.05813657416673E-15));
#2332=DIRECTION('ref_axis',(-0.993719475001182,-9.61623557228704E-15,0.111899977673701));
#2333=DIRECTION('center_axis',(1.08408057429144E-14,-1.,1.14631350289928E-30));
#2334=DIRECTION('ref_axis',(-0.993719475001182,-9.61623557228704E-15,0.111899977673701));
#2335=DIRECTION('',(-1.00213805175224E-14,1.,-3.05813657416673E-15));
#2336=DIRECTION('',(-2.92152813376204E-16,-1.,2.94633647040997E-16));
#2337=DIRECTION('center_axis',(0.965925826289069,1.04714142448639E-14,-0.25881904510252));
#2338=DIRECTION('ref_axis',(-1.08408057429144E-14,1.,-1.14631350289928E-30));
#2339=DIRECTION('',(1.08408057429144E-14,-1.,1.14631350289928E-30));
#2340=DIRECTION('',(0.25881904510252,2.80580699052303E-15,0.965925826289068));
#2341=DIRECTION('',(-1.08408057429144E-14,1.,-1.14631350289928E-30));
#2342=DIRECTION('center_axis',(0.,-1.18329135783152E-30,-1.));
#2343=DIRECTION('ref_axis',(-1.,3.71099661163871E-16,0.));
#2344=DIRECTION('center_axis',(8.88178419700125E-16,8.67746995743113E-30,
-1.));
#2345=DIRECTION('ref_axis',(-1.,3.71099661163871E-16,0.));
#2346=DIRECTION('',(0.,-1.18329135783152E-30,-1.));
#2347=DIRECTION('center_axis',(0.,-1.18329135783152E-30,-1.));
#2348=DIRECTION('ref_axis',(-1.,3.71099661163871E-16,0.));
#2349=DIRECTION('center_axis',(0.,-1.18329135783152E-30,-1.));
#2350=DIRECTION('ref_axis',(-1.,3.71099661163871E-16,0.));
#2351=DIRECTION('center_axis',(8.88178419700125E-16,8.67746995743113E-30,
-1.));
#2352=DIRECTION('ref_axis',(-1.,3.71099661163871E-16,0.));
#2353=DIRECTION('',(0.,-1.18329135783152E-30,-1.));
#2354=DIRECTION('center_axis',(0.,-1.18329135783152E-30,-1.));
#2355=DIRECTION('ref_axis',(-1.,3.71099661163871E-16,0.));
#2356=DIRECTION('center_axis',(0.,1.18329135783152E-30,1.));
#2357=DIRECTION('ref_axis',(1.08408057429144E-14,-1.,1.14631350289928E-30));
#2358=DIRECTION('center_axis',(0.,1.18329135783152E-30,1.));
#2359=DIRECTION('ref_axis',(-1.08408057429144E-14,1.,-1.14015052707724E-30));
#2360=DIRECTION('center_axis',(0.,1.18329135783152E-30,1.));
#2361=DIRECTION('ref_axis',(1.08408057429144E-14,-1.,1.14631350289928E-30));
#2362=DIRECTION('center_axis',(0.,1.18329135783152E-30,1.));
#2363=DIRECTION('ref_axis',(-1.08408057429144E-14,1.,-1.14015052707724E-30));
#2364=DIRECTION('center_axis',(0.,1.18329135783152E-30,1.));
#2365=DIRECTION('ref_axis',(-1.08408057429144E-14,1.,-1.14015052707724E-30));
#2366=DIRECTION('center_axis',(0.,1.18329135783152E-30,1.));
#2367=DIRECTION('ref_axis',(-1.08408057429144E-14,1.,-1.14015052707724E-30));
#2368=DIRECTION('',(0.,1.18329135783152E-30,1.));
#2369=DIRECTION('center_axis',(0.,1.18329135783152E-30,1.));
#2370=DIRECTION('ref_axis',(-1.08408057429144E-14,1.,-1.14015052707724E-30));
#2371=DIRECTION('center_axis',(0.,1.18329135783152E-30,1.));
#2372=DIRECTION('ref_axis',(-1.08408057429144E-14,1.,-1.14015052707724E-30));
#2373=DIRECTION('',(0.,1.18329135783152E-30,1.));
#2374=DIRECTION('center_axis',(-1.08408057429144E-14,1.,-1.14631350289928E-30));
#2375=DIRECTION('ref_axis',(-2.66453525910038E-15,-3.0371144851009E-29,
-1.));
#2376=DIRECTION('',(1.08408057429144E-14,-1.,1.14631350289928E-30));
#2377=DIRECTION('center_axis',(1.08408057429144E-14,-1.,1.14631350289928E-30));
#2378=DIRECTION('ref_axis',(-2.66453525910038E-15,-3.0371144851009E-29,
-1.));
#2379=DIRECTION('',(-1.08408057429144E-14,1.,-1.14631350289928E-30));
#2380=DIRECTION('center_axis',(-1.08408057429144E-14,1.,-1.14631350289928E-30));
#2381=DIRECTION('ref_axis',(8.88178419700125E-16,8.67746995743113E-30,-1.));
#2382=DIRECTION('',(-1.08408057429144E-14,1.,-1.14631350289928E-30));
#2383=DIRECTION('center_axis',(1.08408057429144E-14,-1.,1.14631350289928E-30));
#2384=DIRECTION('ref_axis',(8.88178419700125E-16,8.67746995743113E-30,-1.));
#2385=DIRECTION('',(1.08408057429144E-14,-1.,1.14631350289928E-30));
#2386=DIRECTION('center_axis',(0.965925826289069,1.04714142448639E-14,0.25881904510252));
#2387=DIRECTION('ref_axis',(0.25881904510252,2.80580699052303E-15,-0.965925826289069));
#2388=DIRECTION('',(0.25881904510252,2.80580699052303E-15,-0.965925826289069));
#2389=DIRECTION('center_axis',(-1.08408057429144E-14,1.,-1.14631350289928E-30));
#2390=DIRECTION('ref_axis',(1.,1.08408057429144E-14,-6.16790569236198E-17));
#2391=DIRECTION('',(-1.08408057429144E-14,1.,-1.14631350289928E-30));
#2392=DIRECTION('center_axis',(1.08408057429144E-14,-1.,1.14631350289928E-30));
#2393=DIRECTION('ref_axis',(1.,1.08408057429144E-14,-6.16790569236198E-17));
#2394=DIRECTION('center_axis',(-0.965925826289069,-1.04714142448639E-14,
-0.25881904510252));
#2395=DIRECTION('ref_axis',(-0.25881904510252,-2.80580699052303E-15,0.965925826289069));
#2396=DIRECTION('',(-0.25881904510252,-2.80580699052303E-15,0.965925826289069));
#2397=DIRECTION('center_axis',(8.88178419700125E-16,8.67746995743113E-30,
-1.));
#2398=DIRECTION('ref_axis',(1.,1.08408057429144E-14,8.88178419700125E-16));
#2399=DIRECTION('',(1.08408057429144E-14,-1.,1.14631350289928E-30));
#2400=DIRECTION('',(-1.,-1.08408057429144E-14,-8.88178419700125E-16));
#2401=DIRECTION('center_axis',(-1.08408057429144E-14,1.,-1.14631350289928E-30));
#2402=DIRECTION('ref_axis',(-0.793353340291235,-8.60058944758958E-15,-0.608761429008721));
#2403=DIRECTION('center_axis',(-1.08408057429144E-14,1.,-1.14631350289928E-30));
#2404=DIRECTION('ref_axis',(-0.793353340291235,-8.60058944758958E-15,-0.608761429008721));
#2405=DIRECTION('center_axis',(-1.08408057429144E-14,1.,-1.14631350289928E-30));
#2406=DIRECTION('ref_axis',(-0.793353340291236,-8.60058944758959E-15,-0.608761429008719));
#2407=DIRECTION('center_axis',(1.08408057429144E-14,-1.,1.14631350289928E-30));
#2408=DIRECTION('ref_axis',(-0.793353340291236,-8.60058944758959E-15,-0.608761429008719));
#2409=DIRECTION('',(-1.08408057429144E-14,1.,-1.14631350289928E-30));
#2410=DIRECTION('center_axis',(0.,1.18329135783152E-30,1.));
#2411=DIRECTION('ref_axis',(-1.,-1.08408057429144E-14,0.));
#2412=DIRECTION('',(1.08408057429144E-14,-1.,1.14631350289928E-30));
#2413=DIRECTION('',(1.,1.08408057429144E-14,0.));
#2414=DIRECTION('center_axis',(-1.,-1.08408057429144E-14,-1.66533453693773E-15));
#2415=DIRECTION('ref_axis',(1.66533453693773E-15,1.61716485570307E-29,-1.));
#2416=DIRECTION('',(-1.66533453693773E-15,-1.61716485570307E-29,1.));
#2417=DIRECTION('center_axis',(-1.08408057429144E-14,1.,-1.14631350289928E-30));
#2418=DIRECTION('ref_axis',(-0.25881904510252,-2.80580699052303E-15,-0.965925826289068));
#2419=DIRECTION('',(0.965925826289068,1.04714142448639E-14,-0.25881904510252));
#2420=DIRECTION('center_axis',(0.965925826289068,1.04714142448639E-14,-0.25881904510252));
#2421=DIRECTION('ref_axis',(0.25881904510252,5.47034224962341E-15,0.965925826289068));
#2422=DIRECTION('center_axis',(-0.965925826289069,-1.04714142448639E-14,
0.25881904510252));
#2423=DIRECTION('ref_axis',(0.25881904510252,5.47034224962341E-15,0.965925826289068));
#2424=DIRECTION('center_axis',(0.965925826289069,1.04714142448639E-14,-0.25881904510252));
#2425=DIRECTION('ref_axis',(0.209152467421412,-0.589041095890411,0.780567634945082));
#2426=DIRECTION('center_axis',(0.965925826289069,1.04714142448639E-14,-0.25881904510252));
#2427=DIRECTION('ref_axis',(0.209152467421412,-0.589041095890411,0.780567634945082));
#2428=DIRECTION('center_axis',(0.965925826289069,1.04714142448639E-14,-0.25881904510252));
#2429=DIRECTION('ref_axis',(-1.08408057429144E-14,1.,-1.12166159961113E-30));
#2430=DIRECTION('center_axis',(-0.965925826289069,-1.04714142448639E-14,
0.25881904510252));
#2431=DIRECTION('ref_axis',(1.08408057429144E-14,-1.,1.13090606334418E-30));
#2432=DIRECTION('',(0.965925826289069,1.04714142448639E-14,-0.25881904510252));
#2433=DIRECTION('center_axis',(0.965925826289069,1.04714142448639E-14,-0.25881904510252));
#2434=DIRECTION('ref_axis',(1.08408057429144E-14,-1.,1.13090606334418E-30));
#2435=DIRECTION('center_axis',(0.965925826289069,1.04714142448639E-14,-0.258819045102518));
#2436=DIRECTION('ref_axis',(1.08408057429144E-14,-1.,1.1339875512552E-30));
#2437=DIRECTION('center_axis',(-0.965925826289069,-1.04714142448639E-14,
0.25881904510252));
#2438=DIRECTION('ref_axis',(1.08408057429144E-14,-1.,1.1339875512552E-30));
#2439=DIRECTION('',(0.965925826289069,1.04714142448639E-14,-0.258819045102518));
#2440=DIRECTION('center_axis',(0.965925826289069,1.04714142448639E-14,-0.258819045102518));
#2441=DIRECTION('ref_axis',(1.08408057429144E-14,-1.,1.1339875512552E-30));
#2442=DIRECTION('center_axis',(-0.965925826289069,-1.04714142448639E-14,
0.25881904510252));
#2443=DIRECTION('ref_axis',(1.08408057429144E-14,-1.,1.1339875512552E-30));
#2444=DIRECTION('',(0.965925826289069,1.04714142448639E-14,-0.258819045102518));
#2445=DIRECTION('center_axis',(0.965925826289068,1.04714142448639E-14,-0.25881904510252));
#2446=DIRECTION('ref_axis',(1.22200706857192E-14,-1.,5.14748684364577E-15));
#2447=DIRECTION('center_axis',(-0.965925826289069,-1.04714142448639E-14,
0.25881904510252));
#2448=DIRECTION('ref_axis',(1.22200706857192E-14,-1.,5.14748684364577E-15));
#2449=DIRECTION('center_axis',(-0.965925826289069,-1.04714142448639E-14,
0.25881904510252));
#2450=DIRECTION('ref_axis',(1.08408057429144E-14,-1.,1.13090606334418E-30));
#2451=DIRECTION('',(0.965925826289069,1.04714142448639E-14,-0.25881904510252));
#2452=DIRECTION('center_axis',(0.965925826289069,1.04714142448639E-14,-0.25881904510252));
#2453=DIRECTION('ref_axis',(1.08408057429144E-14,-1.,1.13090606334418E-30));
#2454=DIRECTION('center_axis',(-0.965925826289069,-1.04714142448639E-14,
0.25881904510252));
#2455=DIRECTION('ref_axis',(0.209152467421399,0.589041095890414,0.780567634945083));
#2456=DIRECTION('center_axis',(0.965925826289069,1.04714142448639E-14,-0.25881904510252));
#2457=DIRECTION('ref_axis',(-0.25881904510252,-2.80580699052303E-15,-0.965925826289069));
#2458=DIRECTION('center_axis',(0.965925826289069,1.04714142448639E-14,-0.25881904510252));
#2459=DIRECTION('ref_axis',(-1.08408057429144E-14,1.,-1.12166159961113E-30));
#2460=DIRECTION('center_axis',(0.258819045102518,3.31920492098551E-15,0.965925826289069));
#2461=DIRECTION('ref_axis',(1.09736829050344E-14,-1.,4.95904320197089E-16));
#2462=DIRECTION('',(-1.09736829050344E-14,1.,-4.95904320197089E-16));
#2463=DIRECTION('center_axis',(0.965925826289068,6.3803820690004E-33,-0.258819045102521));
#2464=DIRECTION('ref_axis',(0.,-1.,-2.46519032881566E-32));
#2465=DIRECTION('center_axis',(0.965925826289069,-1.94504105591922E-30,
-0.25881904510252));
#2466=DIRECTION('ref_axis',(-1.5239622434055E-30,-1.,3.83692549127867E-31));
#2467=DIRECTION('',(0.965925826289068,6.3803820690004E-33,-0.258819045102521));
#2468=DIRECTION('center_axis',(0.965925826289069,6.38038206900037E-33,-0.25881904510252));
#2469=DIRECTION('ref_axis',(0.,-1.,-2.46519032881566E-32));
#2470=DIRECTION('center_axis',(0.965925826289068,6.3803820690004E-33,-0.258819045102521));
#2471=DIRECTION('ref_axis',(0.,-1.,-2.46519032881566E-32));
#2472=DIRECTION('center_axis',(0.965925826289069,-1.94504105591922E-30,
-0.25881904510252));
#2473=DIRECTION('ref_axis',(-1.88492836492698E-30,-1.,4.80413129884542E-31));
#2474=DIRECTION('',(0.965925826289068,6.3803820690004E-33,-0.258819045102521));
#2475=DIRECTION('center_axis',(0.965925826289069,6.38038206900037E-33,-0.25881904510252));
#2476=DIRECTION('ref_axis',(0.,-1.,-2.46519032881566E-32));
#2477=DIRECTION('center_axis',(0.965925826289069,6.38038206900037E-33,-0.25881904510252));
#2478=DIRECTION('ref_axis',(0.,1.,2.46519032881566E-32));
#2479=DIRECTION('center_axis',(-0.965925826289069,-6.38038206900037E-33,
0.25881904510252));
#2480=DIRECTION('ref_axis',(0.,1.,2.46519032881566E-32));
#2481=DIRECTION('center_axis',(-0.965925826289069,-6.38038206900028E-33,
0.258819045102516));
#2482=DIRECTION('ref_axis',(0.,1.,2.46519032881566E-32));
#2483=DIRECTION('center_axis',(-0.965925826289069,3.5845474684531E-16,0.25881904510252));
#2484=DIRECTION('ref_axis',(0.,1.,2.46519032881566E-32));
#2485=DIRECTION('',(-0.96592582628907,-6.38038206900028E-33,0.258819045102516));
#2486=DIRECTION('center_axis',(0.965925826289069,6.38038206900037E-33,-0.25881904510252));
#2487=DIRECTION('ref_axis',(0.,1.,2.46519032881566E-32));
#2488=DIRECTION('center_axis',(-0.965925826289069,-6.38038206900037E-33,
0.25881904510252));
#2489=DIRECTION('ref_axis',(0.,1.,2.46519032881566E-32));
#2490=DIRECTION('center_axis',(-0.965925826289069,-6.38038206900028E-33,
0.258819045102516));
#2491=DIRECTION('ref_axis',(0.,1.,2.46519032881566E-32));
#2492=DIRECTION('center_axis',(-0.965925826289069,3.5845474684531E-16,0.25881904510252));
#2493=DIRECTION('ref_axis',(0.,1.,2.46519032881566E-32));
#2494=DIRECTION('',(-0.96592582628907,-6.38038206900028E-33,0.258819045102516));
#2495=DIRECTION('center_axis',(-0.965925826289069,1.94504105591922E-30,
0.25881904510252));
#2496=DIRECTION('ref_axis',(-1.88492836492698E-30,-1.,4.80413129884542E-31));
#2497=DIRECTION('center_axis',(-0.965925826289069,1.94504105591922E-30,
0.25881904510252));
#2498=DIRECTION('ref_axis',(-1.88492836492698E-30,-1.,4.80413129884542E-31));
#2499=DIRECTION('center_axis',(-0.965925826289068,-6.38038206900042E-33,
0.258819045102522));
#2500=DIRECTION('ref_axis',(-9.55430771130557E-46,-1.,-2.46519032881609E-32));
#2501=DIRECTION('',(0.965925826289068,6.38038206900042E-33,-0.258819045102522));
#2502=DIRECTION('center_axis',(-0.965925826289069,1.96577188098353E-30,
0.25881904510252));
#2503=DIRECTION('ref_axis',(-1.90495280425687E-30,-1.,4.85778662231873E-31));
#2504=DIRECTION('center_axis',(-0.965925826289069,1.94504105591922E-30,
0.25881904510252));
#2505=DIRECTION('ref_axis',(-2.07813033191659E-30,-1.,5.32181440915512E-31));
#2506=DIRECTION('center_axis',(-0.965925826289068,-6.38038206900042E-33,
0.258819045102522));
#2507=DIRECTION('ref_axis',(-1.27390769484074E-45,-1.,-2.46519032881614E-32));
#2508=DIRECTION('',(0.965925826289068,6.38038206900042E-33,-0.258819045102522));
#2509=DIRECTION('center_axis',(0.965925826289069,-3.5845474684531E-16,-0.25881904510252));
#2510=DIRECTION('ref_axis',(-0.25881904510252,2.38119100532109E-32,-0.965925826289068));
#2511=CARTESIAN_POINT('',(0.,0.,0.));
#2512=CARTESIAN_POINT('Origin',(-37.4425849181107,7.56000000000018,18.488729846066));
#2513=CARTESIAN_POINT('',(-41.7924027034356,27.5600000000005,19.6542600088664));
#2514=CARTESIAN_POINT('',(-38.5108745900715,23.0276028160253,31.9010896544069));
#2515=CARTESIAN_POINT('Origin',(-41.7924027034364,7.56000000000013,19.6542600088666));
#2516=CARTESIAN_POINT('',(-42.3745778952272,23.0276028160253,32.9363658348169));
#2517=CARTESIAN_POINT('',(-34.1610568047466,23.0276028160254,30.7355594916066));
#2518=CARTESIAN_POINT('',(-45.6561060085919,27.5600000000001,20.6895361892765));
#2519=CARTESIAN_POINT('Origin',(-45.6561060085913,7.56000000000009,20.6895361892764));
#2520=CARTESIAN_POINT('',(-37.442584918111,27.5600000000002,18.488729846066));
#2521=CARTESIAN_POINT('Origin',(-41.8753428045776,21.4464794367963,34.7995365580424));
#2522=CARTESIAN_POINT('',(-38.0116394994218,21.4464794367963,33.7642603776325));
#2523=CARTESIAN_POINT('',(-36.4546570677038,16.5153730904156,39.574997919296));
#2524=CARTESIAN_POINT('',(-41.8753428045776,21.4464794367963,34.7995365580424));
#2525=CARTESIAN_POINT('',(-41.8753428045776,21.4464794367963,34.7995365580424));
#2526=CARTESIAN_POINT('',(-43.8056690730107,27.5600000000007,27.5954608490653));
#2527=CARTESIAN_POINT('Origin',(-28.5684472647379,7.56000000000027,51.6074624418147));
#2528=CARTESIAN_POINT('',(-36.1997931634266,23.0276028160255,40.5261629590744));
#2529=CARTESIAN_POINT('',(-32.9182650500625,27.5600000000002,52.7729926046149));
#2530=CARTESIAN_POINT('Origin',(-32.9182650500617,7.56000000000023,52.7729926046147));
#2531=CARTESIAN_POINT('',(-36.7819683552188,27.5600000000002,53.8082687850249));
#2532=CARTESIAN_POINT('',(-28.5684472647382,27.5600000000003,51.6074624418147));
#2533=CARTESIAN_POINT('',(-40.0634964685824,23.0276028160254,41.5614391394843));
#2534=CARTESIAN_POINT('Origin',(-36.7819683552194,7.56000000000018,53.8082687850251));
#2535=CARTESIAN_POINT('',(-31.849975378102,23.0276028160255,39.3606327962742));
#2536=CARTESIAN_POINT('Origin',(-33.0933997766006,27.5600000000002,1.86602540378447));
#2537=CARTESIAN_POINT('',(-49.5133527895223,27.56,6.29409522551257));
#2538=CARTESIAN_POINT('',(-42.7149355012428,27.5600000000001,31.6661339564265));
#2539=CARTESIAN_POINT('',(-44.683723658077,27.5600000000001,-5.32907051820075E-14));
#2540=CARTESIAN_POINT('Origin',(-44.683723658077,27.5600000000001,4.99999999999996));
#2541=CARTESIAN_POINT('',(-15.9869490309182,27.5600000000004,-3.5527136788005E-14));
#2542=CARTESIAN_POINT('',(-15.9869490309182,27.5600000000004,-3.5527136788005E-14));
#2543=CARTESIAN_POINT('',(-15.9869490309182,27.5600000000004,0.00546254902362264));
#2544=CARTESIAN_POINT('',(-15.9869490309182,27.5600000000004,3.99999999999999));
#2545=CARTESIAN_POINT('',(-11.3909770217589,27.5600000000005,6.2940952255126));
#2546=CARTESIAN_POINT('Origin',(-16.2206061532042,27.5600000000004,4.99999999999996));
#2547=CARTESIAN_POINT('',(-25.8390623151432,27.5600000000003,60.215083612512));
#2548=CARTESIAN_POINT('',(-23.845528985597,27.5600000000003,52.7751159400636));
#2549=CARTESIAN_POINT('',(-26.9508082636278,27.5600000000004,75.043844523561));
#2550=CARTESIAN_POINT('Origin',(12.7979707364195,27.5600000000009,70.5678454166128));
#2551=CARTESIAN_POINT('',(-30.8145115687841,27.5600000000004,76.0791207039712));
#2552=CARTESIAN_POINT('',(-30.8145115687841,27.5600000000004,76.0791207039712));
#2553=CARTESIAN_POINT('',(-42.7149355012428,27.5600000000001,31.6661339564265));
#2554=CARTESIAN_POINT('',(-34.7988312055775,27.5600000000002,45.7546241652384));
#2555=CARTESIAN_POINT('',(-34.8027326733865,27.5600000000002,45.7400636891513));
#2556=CARTESIAN_POINT('',(-26.1054915885034,27.5600000000003,45.7545979763675));
#2557=CARTESIAN_POINT('Origin',(-30.4521649056405,27.5600000000002,44.5899387669473));
#2558=CARTESIAN_POINT('',(-16.6038785131237,27.5600000000004,10.2940952255126));
#2559=CARTESIAN_POINT('',(-19.8885136223268,27.5600000000004,22.5525203373832));
#2560=CARTESIAN_POINT('',(-21.433507644569,27.5600000000004,4.00000000000003));
#2561=CARTESIAN_POINT('Origin',(-21.433507644569,27.5600000000004,9.00000000000002));
#2562=CARTESIAN_POINT('',(-39.4708221667121,27.5600000000001,4.));
#2563=CARTESIAN_POINT('',(-45.9869490309181,27.5600000000001,3.99999999999997));
#2564=CARTESIAN_POINT('',(-44.3004512981575,27.5600000000001,10.2940952255126));
#2565=CARTESIAN_POINT('Origin',(-39.4708221667121,27.5600000000001,9.00000000000001));
#2566=CARTESIAN_POINT('',(-25.9940667536724,27.5600000000006,78.6144524484247));
#2567=CARTESIAN_POINT('Origin',(-42.3734961418018,-7.55999999999994,19.8099635264025));
#2568=CARTESIAN_POINT('',(-38.5108745900713,-23.0276028160253,31.9010896544056));
#2569=CARTESIAN_POINT('',(-41.7924027034354,-27.5599999999999,19.6542600088653));
#2570=CARTESIAN_POINT('Origin',(-41.7924027034346,-7.55999999999993,19.654260008865));
#2571=CARTESIAN_POINT('',(-45.6561060085916,-27.5599999999994,20.6895361892753));
#2572=CARTESIAN_POINT('',(-42.3734961418016,-27.5599999999999,19.8099635264025));
#2573=CARTESIAN_POINT('',(-42.3745778952276,-23.0276028160253,32.9363658348156));
#2574=CARTESIAN_POINT('Origin',(-45.6561060085921,-7.55999999999997,20.6895361892754));
#2575=CARTESIAN_POINT('',(-39.0919680284377,-23.0276028160253,32.0567931719429));
#2576=CARTESIAN_POINT('Origin',(-29.570675975808,-27.5599999999998,54.4602993988997));
#2577=CARTESIAN_POINT('',(-44.3004512981569,-27.56,10.2940952255126));
#2578=CARTESIAN_POINT('',(-27.788844599111,-27.5599999999998,71.9162503409469));
#2579=CARTESIAN_POINT('',(-39.4708221667115,-27.5599999999999,4.00000000000002));
#2580=CARTESIAN_POINT('Origin',(-39.4708221667115,-27.5599999999999,9.));
#2581=CARTESIAN_POINT('',(-21.4335076445684,-27.5599999999997,4.00000000000003));
#2582=CARTESIAN_POINT('',(-45.9869490309176,-27.56,4.));
#2583=CARTESIAN_POINT('',(-16.6038785131231,-27.5599999999997,10.2940952255126));
#2584=CARTESIAN_POINT('Origin',(-21.4335076445684,-27.5599999999997,9.00000000000002));
#2585=CARTESIAN_POINT('',(-26.1054915885027,-27.5599999999998,45.7545979763675));
#2586=CARTESIAN_POINT('',(-19.8885136223262,-27.5599999999997,22.5525203373832));
#2587=CARTESIAN_POINT('',(-34.7988312055769,-27.5599999999999,45.7546241652384));
#2588=CARTESIAN_POINT('Origin',(-30.45216490564,-27.5599999999998,44.5899387669473));
#2589=CARTESIAN_POINT('',(-32.9182650500618,-27.5599999999998,52.7729926046154));
#2590=CARTESIAN_POINT('',(-28.110459549299,-27.5599999999998,70.7159670063714));
#2591=CARTESIAN_POINT('',(-36.781968355218,-27.5599999999997,53.8082687850255));
#2592=CARTESIAN_POINT('',(-33.4993584884282,-27.5599999999998,52.9286961221527));
#2593=CARTESIAN_POINT('',(-30.8145115687835,-27.5599999999997,76.0791207039712));
#2594=CARTESIAN_POINT('',(-43.2338041133743,-27.5599999999995,29.7296899334965));
#2595=CARTESIAN_POINT('',(-26.9508082636272,-27.5599999999997,75.043844523561));
#2596=CARTESIAN_POINT('',(-30.8145115687835,-27.5599999999997,76.0791207039712));
#2597=CARTESIAN_POINT('',(-25.8390623151427,-27.5599999999998,60.2150836125123));
#2598=CARTESIAN_POINT('Origin',(12.7979707364201,-27.5599999999993,70.5678454166131));
#2599=CARTESIAN_POINT('',(-11.3909770217582,-27.5599999999996,6.29409522551261));
#2600=CARTESIAN_POINT('',(-23.8455289855964,-27.5599999999997,52.7751159400636));
#2601=CARTESIAN_POINT('',(-15.9869490309176,-27.5599999999997,0.00546254902362264));
#2602=CARTESIAN_POINT('Origin',(-16.2206061532036,-27.5599999999997,4.99999999999996));
#2603=CARTESIAN_POINT('',(-15.9869490309176,-27.5599999999997,0.));
#2604=CARTESIAN_POINT('',(-15.9869490309176,-27.5599999999997,4.00000000000002));
#2605=CARTESIAN_POINT('',(-44.6837236580764,-27.56,-3.5527136788005E-14));
#2606=CARTESIAN_POINT('',(-15.9869490309176,-27.5599999999997,0.));
#2607=CARTESIAN_POINT('',(-49.5133527895217,-27.56,6.29409522551258));
#2608=CARTESIAN_POINT('Origin',(-44.6837236580764,-27.56,4.99999999999998));
#2609=CARTESIAN_POINT('',(-43.2338041133743,-27.5599999999995,29.7296899334965));
#2610=CARTESIAN_POINT('Origin',(-33.4993584884284,-7.55999999999984,52.9286961221527));
#2611=CARTESIAN_POINT('',(-36.199793163426,-23.027602816025,40.5261629590748));
#2612=CARTESIAN_POINT('Origin',(-32.9182650500626,-7.55999999999983,52.7729926046156));
#2613=CARTESIAN_POINT('',(-40.0634964685822,-23.027602816025,41.5614391394849));
#2614=CARTESIAN_POINT('',(-36.7808866017925,-23.027602816025,40.6818664766121));
#2615=CARTESIAN_POINT('Origin',(-36.7819683552174,-7.55999999999988,53.8082687850253));
#2616=CARTESIAN_POINT('Origin',(-40.562731559232,-21.4464794367953,39.6982684162585));
#2617=CARTESIAN_POINT('',(-36.6990282540758,-21.4464794367953,38.6629922358485));
#2618=CARTESIAN_POINT('',(-38.2560106857938,-16.5153730904146,32.8522546941849));
#2619=CARTESIAN_POINT('',(-40.562731559232,-21.4464794367953,39.6982684162585));
#2620=CARTESIAN_POINT('',(-40.562731559232,-21.4464794367953,39.6982684162585));
#2621=CARTESIAN_POINT('',(-38.6324052907989,-27.5599999999997,46.9023441252356));
#2622=CARTESIAN_POINT('Origin',(-21.696781648047,56.3576741040823,94.652138797229));
#2623=CARTESIAN_POINT('',(-11.6222017539743,58.3600000000005,97.4776530804139));
#2624=CARTESIAN_POINT('',(-12.6222000337719,61.8640496538876,93.7456086927277));
#2625=CARTESIAN_POINT('Origin',(-13.0034492114454,56.3576741040824,92.3227673913064));
#2626=CARTESIAN_POINT('',(-25.1792357755298,61.8640496538875,97.1102562790605));
#2627=CARTESIAN_POINT('',(-21.3155324703735,61.8640496538875,96.0749800986504));
#2628=CARTESIAN_POINT('',(-24.0852163961189,56.3576741040822,101.193192187487));
#2629=CARTESIAN_POINT('Origin',(-25.5604849532032,56.3576741040822,95.6874149776391));
#2630=CARTESIAN_POINT('',(-18.3828028058595,56.3576741040823,99.6652350710686));
#2631=CARTESIAN_POINT('',(-20.2215130909626,56.3576741040823,100.157916007077));
#2632=CARTESIAN_POINT('',(-18.2896614383839,56.3600000000005,99.6402779168716));
#2633=CARTESIAN_POINT('Ctrl Pts',(-18.3828028058595,56.3576741040823,99.6652350710686));
#2634=CARTESIAN_POINT('Ctrl Pts',(-18.3515449754989,56.3592361336257,99.6568595606663));
#2635=CARTESIAN_POINT('Ctrl Pts',(-18.3204721762252,56.3600000000005,99.6485331379111));
#2636=CARTESIAN_POINT('Ctrl Pts',(-18.2896615612047,56.3600000000005,99.640277458498));
#2637=CARTESIAN_POINT('',(-13.4600323069391,56.3600000000005,98.3461826913591));
#2638=CARTESIAN_POINT('',(-22.1533647435407,56.3600000000004,100.675554097282));
#2639=CARTESIAN_POINT('Ctrl Pts',(-13.4600324297599,56.3600000000005,98.3461822329856));
#2640=CARTESIAN_POINT('Ctrl Pts',(-13.2172623206309,56.3600000000005,98.281132178298));
#2641=CARTESIAN_POINT('Ctrl Pts',(-12.9581751273498,56.4102835273355,98.2124070792878));
#2642=CARTESIAN_POINT('Ctrl Pts',(-12.4835788020104,56.6145513519416,98.079496188821));
#2643=CARTESIAN_POINT('Ctrl Pts',(-12.2683263714851,56.7685425370672,98.0144060194305));
#2644=CARTESIAN_POINT('Ctrl Pts',(-11.9309747002931,57.1277795711681,97.8854342803469));
#2645=CARTESIAN_POINT('Ctrl Pts',(-11.7897035810313,57.3579550844317,97.8129872736856));
#2646=CARTESIAN_POINT('Ctrl Pts',(-11.6235866197573,57.853415093103,97.653376214725));
#2647=CARTESIAN_POINT('Ctrl Pts',(-11.5987383359396,58.1183785175212,97.5652197486386));
#2648=CARTESIAN_POINT('Ctrl Pts',(-11.6222017539743,58.3600000000006,97.4776530804138));
#2649=CARTESIAN_POINT('Origin',(-18.1863531742715,54.3600000000005,100.025829607381));
#2650=CARTESIAN_POINT('',(-20.2215130909626,54.3600000000005,100.157916007077));
#2651=CARTESIAN_POINT('Origin',(-18.2896614383839,54.3600000000005,99.6402779168716));
#2652=CARTESIAN_POINT('',(-24.3626178126029,54.3600000000004,84.7031027864517));
#2653=CARTESIAN_POINT('',(-20.1182048268496,54.3600000000005,100.543467697586));
#2654=CARTESIAN_POINT('',(-22.5239075274993,56.3576741040823,84.2104218504434));
#2655=CARTESIAN_POINT('Origin',(-22.4307661600242,54.3600000000004,84.1854646962466));
#2656=CARTESIAN_POINT('',(-22.4307661600242,56.3600000000004,84.1854646962466));
#2657=CARTESIAN_POINT('Ctrl Pts',(-22.4307660372034,56.3600000000004,84.18546515462));
#2658=CARTESIAN_POINT('Ctrl Pts',(-22.4615766522237,56.3600000000004,84.193720834033));
#2659=CARTESIAN_POINT('Ctrl Pts',(-22.4926496971388,56.3592361336257,84.2020463400412));
#2660=CARTESIAN_POINT('Ctrl Pts',(-22.5239075274993,56.3576741040823,84.2104218504434));
#2661=CARTESIAN_POINT('',(-18.1863531742715,56.3600000000005,100.025829607381));
#2662=CARTESIAN_POINT('Origin',(-24.0852163961176,-59.4531077126172,101.193192187487));
#2663=CARTESIAN_POINT('',(-24.0852163961177,-56.3576741040815,101.193192187487));
#2664=CARTESIAN_POINT('',(-24.0852163961179,-32.8665538563084,101.193192187487));
#2665=CARTESIAN_POINT('',(-18.3828028058584,-56.3576741040814,99.6652350710686));
#2666=CARTESIAN_POINT('',(-20.2215130909614,-56.3576741040814,100.157916007077));
#2667=CARTESIAN_POINT('',(-20.2215130909614,-54.3599999999995,100.157916007077));
#2668=CARTESIAN_POINT('Origin',(-18.2896614383839,-54.3599999999995,99.6402779168719));
#2669=CARTESIAN_POINT('',(-20.2215130909619,-4.71655385630837,100.157916007077));
#2670=CARTESIAN_POINT('Origin',(-53.2704028831031,26.7600000000001,-7.7274066103126));
#2671=CARTESIAN_POINT('',(-27.1323017383483,61.8640496538875,89.8213148752883));
#2672=CARTESIAN_POINT('Origin',(-26.1557687569389,47.7600000000004,93.4657855771742));
#2673=CARTESIAN_POINT('',(-28.2263211177592,56.3576741040822,85.7383789668618));
#2674=CARTESIAN_POINT('Origin',(-26.7510525606748,56.3576741040822,91.2441561767095));
#2675=CARTESIAN_POINT('',(-28.2263211177591,48.5600000000004,85.7383789668618));
#2676=CARTESIAN_POINT('',(-28.2263211177591,43.3665538563092,85.7383789668618));
#2677=CARTESIAN_POINT('',(-30.8145115687842,38.5600000000003,76.0791207039711));
#2678=CARTESIAN_POINT('Origin',(-30.8145115687843,48.5600000000003,76.0791207039711));
#2679=CARTESIAN_POINT('',(-49.5133527895224,38.56,6.29409522551257));
#2680=CARTESIAN_POINT('',(-28.7439592079641,38.5600000000002,83.8065273142837));
#2681=CARTESIAN_POINT('',(-49.5133527895223,27.56,6.29409522551257));
#2682=CARTESIAN_POINT('',(-40.562731559232,21.4464794367963,39.6982684162586));
#2683=CARTESIAN_POINT('Origin',(-41.2190371819048,24.5400000000013,37.2489024871505));
#2684=CARTESIAN_POINT('',(-38.6324052907989,27.5600000000006,46.9023441252358));
#2685=CARTESIAN_POINT('',(-28.2263211177588,17.5600000000004,85.7383789668618));
#2686=CARTESIAN_POINT('Origin',(-30.8145115687841,17.5600000000004,76.0791207039712));
#2687=CARTESIAN_POINT('',(-28.2263211177584,-17.5599999999997,85.7383789668618));
#2688=CARTESIAN_POINT('',(-28.2263211177588,21.6400000000004,85.7383789668618));
#2689=CARTESIAN_POINT('Origin',(-30.8145115687837,-17.5599999999997,76.0791207039712));
#2690=CARTESIAN_POINT('',(-41.8753428045776,-21.4464794367953,34.7995365580423));
#2691=CARTESIAN_POINT('Origin',(-41.2190371819048,-24.5400000000003,37.2489024871504));
#2692=CARTESIAN_POINT('',(-43.8056690730107,-27.5599999999996,27.5954608490651));
#2693=CARTESIAN_POINT('',(-49.5133527895216,-38.56,6.29409522551259));
#2694=CARTESIAN_POINT('',(-49.5133527895217,-27.56,6.29409522551258));
#2695=CARTESIAN_POINT('',(-30.8145115687834,-38.5599999999997,76.0791207039712));
#2696=CARTESIAN_POINT('',(-28.7439592079632,-38.5599999999998,83.8065273142837));
#2697=CARTESIAN_POINT('',(-28.226321117758,-48.5599999999996,85.7383789668618));
#2698=CARTESIAN_POINT('Origin',(-30.8145115687832,-48.5599999999997,76.0791207039711));
#2699=CARTESIAN_POINT('',(-28.226321117758,-56.3576741040816,85.7383789668618));
#2700=CARTESIAN_POINT('',(-28.2263211177584,-11.1599999999996,85.7383789668618));
#2701=CARTESIAN_POINT('',(-27.132301738347,-61.8640496538868,89.8213148752882));
#2702=CARTESIAN_POINT('Origin',(-26.7510525606735,-56.3576741040815,91.2441561767095));
#2703=CARTESIAN_POINT('',(-25.1792357755285,-61.8640496538867,97.1102562790605));
#2704=CARTESIAN_POINT('Origin',(-26.1557687569379,-47.7599999999996,93.4657855771742));
#2705=CARTESIAN_POINT('Origin',(-25.560484953202,-56.3576741040815,95.6874149776391));
#2706=CARTESIAN_POINT('',(-41.2190371819048,27.2900000000017,37.2489024871506));
#2707=CARTESIAN_POINT('Origin',(-41.2190371819054,24.5400000000017,37.2489024871508));
#2708=CARTESIAN_POINT('',(-41.2190371819048,-21.7900000000004,37.2489024871504));
#2709=CARTESIAN_POINT('Origin',(-41.2190371819054,-24.5400000000004,37.2489024871506));
#2710=CARTESIAN_POINT('',(-26.1557687569382,-21.7899999999988,93.4657855771741));
#2711=CARTESIAN_POINT('Origin',(-26.1557687569385,-24.5399999999988,93.4657855771742));
#2712=CARTESIAN_POINT('',(-26.1557687569381,27.2900000000012,93.4657855771742));
#2713=CARTESIAN_POINT('Origin',(-26.1557687569384,24.5400000000012,93.4657855771744));
#2714=CARTESIAN_POINT('',(-26.155768756939,49.7600000000004,93.4657855771742));
#2715=CARTESIAN_POINT('Origin',(-26.1557687569389,47.7600000000004,93.4657855771742));
#2716=CARTESIAN_POINT('',(-26.1557687569379,-45.7599999999996,93.4657855771742));
#2717=CARTESIAN_POINT('Origin',(-26.1557687569379,-47.7599999999996,93.4657855771742));
#2718=CARTESIAN_POINT('Origin',(-22.8873492555185,56.3576741040823,90.2088799962994));
#2719=CARTESIAN_POINT('',(-14.5752659965904,61.8640496538877,86.4566672889555));
#2720=CARTESIAN_POINT('',(-23.2685984331921,61.8640496538875,88.7860386948782));
#2721=CARTESIAN_POINT('',(-15.575264276388,58.3600000000005,82.7246229012693));
#2722=CARTESIAN_POINT('Origin',(-14.1940168189169,56.3576741040824,87.8795085903768));
#2723=CARTESIAN_POINT('',(-17.6011370285794,56.3600000000005,82.8913694707341));
#2724=CARTESIAN_POINT('Ctrl Pts',(-15.575264276388,58.3600000000005,82.7246229012693));
#2725=CARTESIAN_POINT('Ctrl Pts',(-15.5987276944227,58.1183785175211,82.6370562330445));
#2726=CARTESIAN_POINT('Ctrl Pts',(-15.6643251724926,57.8534150931029,82.5731346358147));
#2727=CARTESIAN_POINT('Ctrl Pts',(-15.8879922104356,57.3579550844316,82.5179658846669));
#2728=CARTESIAN_POINT('Ctrl Pts',(-16.046560091868,57.1277795711681,82.525860496101));
#2729=CARTESIAN_POINT('Ctrl Pts',(-16.4032010786712,56.7685425370672,82.5828435292803));
#2730=CARTESIAN_POINT('Ctrl Pts',(-16.6221602364277,56.6145513519415,82.6341000043141));
#2731=CARTESIAN_POINT('Ctrl Pts',(-17.0996281559478,56.4102835273355,82.7562939594));
#2732=CARTESIAN_POINT('Ctrl Pts',(-17.3583667966296,56.3600000000005,82.8263198744201));
#2733=CARTESIAN_POINT('Ctrl Pts',(-17.6011369057586,56.3600000000005,82.8913699291076));
#2734=CARTESIAN_POINT('',(-26.294469465181,56.3600000000004,85.2207408766568));
#2735=CARTESIAN_POINT('',(-24.3626178126029,56.3576741040823,84.7031027864517));
#2736=CARTESIAN_POINT('Origin',(-28.2263211177592,59.973107712618,85.7383789668618));
#2737=CARTESIAN_POINT('',(-24.3626178126028,48.5600000000004,84.7031027864518));
#2738=CARTESIAN_POINT('',(-24.362617812603,71.5165538563092,84.7031027864517));
#2739=CARTESIAN_POINT('',(-28.2263211177591,48.5600000000004,85.7383789668618));
#2740=CARTESIAN_POINT('Origin',(-14.0037716555831,58.3600000000005,96.3169198161456));
#2741=CARTESIAN_POINT('',(-14.003771655583,56.3600000000005,96.3169198161456));
#2742=CARTESIAN_POINT('',(-12.0719200030049,58.3600000000005,95.7992817259406));
#2743=CARTESIAN_POINT('Origin',(-22.8873492555173,-56.3576741040815,90.2088799962994));
#2744=CARTESIAN_POINT('',(-15.5752642763868,-58.3599999999995,82.7246229012692));
#2745=CARTESIAN_POINT('',(-14.5752659965891,-61.8640496538867,86.4566672889555));
#2746=CARTESIAN_POINT('Origin',(-14.1940168189157,-56.3576741040814,87.8795085903767));
#2747=CARTESIAN_POINT('',(-23.2685984331907,-61.8640496538868,88.7860386948781));
#2748=CARTESIAN_POINT('',(-22.5239075274982,-56.3576741040815,84.2104218504434));
#2749=CARTESIAN_POINT('',(-24.3626178126017,-56.3576741040815,84.7031027864517));
#2750=CARTESIAN_POINT('',(-22.4307661600241,-56.3599999999996,84.1854646962468));
#2751=CARTESIAN_POINT('Ctrl Pts',(-22.5239075274982,-56.3576741040815,84.2104218504434));
#2752=CARTESIAN_POINT('Ctrl Pts',(-22.4926496971381,-56.3592361336249,84.2020463400413));
#2753=CARTESIAN_POINT('Ctrl Pts',(-22.4615766522233,-56.3599999999996,84.1937208340332));
#2754=CARTESIAN_POINT('Ctrl Pts',(-22.4307660372033,-56.3599999999996,84.1854651546203));
#2755=CARTESIAN_POINT('',(-17.6011370285782,-56.3599999999995,82.891369470734));
#2756=CARTESIAN_POINT('',(-26.2944694651798,-56.3599999999996,85.2207408766567));
#2757=CARTESIAN_POINT('Ctrl Pts',(-17.6011369057574,-56.3599999999995,82.8913699291076));
#2758=CARTESIAN_POINT('Ctrl Pts',(-17.3583714808288,-56.3599999999995,82.8263211295477));
#2759=CARTESIAN_POINT('Ctrl Pts',(-17.0996375003345,-56.4102816015459,82.7562965119693));
#2760=CARTESIAN_POINT('Ctrl Pts',(-16.6221767944402,-56.6145421964127,82.6341040807157));
#2761=CARTESIAN_POINT('Ctrl Pts',(-16.4032202051299,-56.7685280762055,82.5828477682561));
#2762=CARTESIAN_POINT('Ctrl Pts',(-16.0465745889478,-57.127760035363,82.5258615977872));
#2763=CARTESIAN_POINT('Ctrl Pts',(-15.8880016456586,-57.3579382106325,82.5179651286012));
#2764=CARTESIAN_POINT('Ctrl Pts',(-15.664327587108,-57.8534057177354,82.5731324691338));
#2765=CARTESIAN_POINT('Ctrl Pts',(-15.5987281365286,-58.118373964791,82.6370545830781));
#2766=CARTESIAN_POINT('Ctrl Pts',(-15.5752642763868,-58.3599999999995,82.7246229012692));
#2767=CARTESIAN_POINT('Origin',(-21.239979198624,-54.3599999999996,88.6295421371829));
#2768=CARTESIAN_POINT('',(-24.3626178126017,-54.3599999999996,84.7031027864518));
#2769=CARTESIAN_POINT('Origin',(-22.4307661600242,-54.3599999999996,84.1854646962468));
#2770=CARTESIAN_POINT('',(-23.1718308512021,-54.3599999999996,89.1471802273879));
#2771=CARTESIAN_POINT('',(-18.2896614383838,-56.3599999999995,99.6402779168719));
#2772=CARTESIAN_POINT('Ctrl Pts',(-18.2896615612046,-56.3599999999995,99.6402774584983));
#2773=CARTESIAN_POINT('Ctrl Pts',(-18.3204721762247,-56.3599999999995,99.6485331379113));
#2774=CARTESIAN_POINT('Ctrl Pts',(-18.3515449754981,-56.3592361336248,99.6568595606664));
#2775=CARTESIAN_POINT('Ctrl Pts',(-18.3828028058584,-56.3576741040814,99.6652350710686));
#2776=CARTESIAN_POINT('',(-21.2399791986239,-56.3599999999996,88.6295421371829));
#2777=CARTESIAN_POINT('Origin',(-28.226321117758,-48.5599999999996,85.7383789668618));
#2778=CARTESIAN_POINT('',(-24.3626178126018,-48.5599999999996,84.7031027864517));
#2779=CARTESIAN_POINT('',(-28.226321117758,-48.5599999999996,85.7383789668618));
#2780=CARTESIAN_POINT('',(-24.3626178126025,16.9900000000004,84.7031027864518));
#2781=CARTESIAN_POINT('Origin',(-21.6967816480457,-56.3576741040815,94.652138797229));
#2782=CARTESIAN_POINT('',(-12.6222000337706,-61.8640496538866,93.7456086927277));
#2783=CARTESIAN_POINT('',(-21.3155324703722,-61.8640496538867,96.0749800986504));
#2784=CARTESIAN_POINT('',(-11.622201753973,-58.3599999999995,97.4776530804139));
#2785=CARTESIAN_POINT('Origin',(-13.0034492114441,-56.3576741040814,92.3227673913064));
#2786=CARTESIAN_POINT('',(-13.4600323069379,-56.3599999999995,98.3461826913591));
#2787=CARTESIAN_POINT('Ctrl Pts',(-11.622201753973,-58.3599999999995,97.4776530804139));
#2788=CARTESIAN_POINT('Ctrl Pts',(-11.5987378938311,-58.118373964791,97.565221398605));
#2789=CARTESIAN_POINT('Ctrl Pts',(-11.623587627535,-57.8534057177354,97.6533792984341));
#2790=CARTESIAN_POINT('Ctrl Pts',(-11.7897113741411,-57.3579382106324,97.8129926460698));
#2791=CARTESIAN_POINT('Ctrl Pts',(-11.9309878059754,-57.127760035363,97.8854405747991));
#2792=CARTESIAN_POINT('Ctrl Pts',(-12.2683450549719,-56.7685280762054,98.0144119115997));
#2793=CARTESIAN_POINT('Ctrl Pts',(-12.4835951798704,-56.6145421964126,98.0795009375605));
#2794=CARTESIAN_POINT('Ctrl Pts',(-12.9581844961106,-56.4102816015458,98.2124095408919));
#2795=CARTESIAN_POINT('Ctrl Pts',(-13.2172670048301,-56.3599999999995,98.2811334334258));
#2796=CARTESIAN_POINT('Ctrl Pts',(-13.4600324297587,-56.3599999999995,98.3461822329856));
#2797=CARTESIAN_POINT('',(-22.1533647435395,-56.3599999999996,100.675554097282));
#2798=CARTESIAN_POINT('Origin',(-17.0573976799343,-58.3599999999995,84.9206323459474));
#2799=CARTESIAN_POINT('',(-17.0573976799343,-56.3599999999995,84.9206323459474));
#2800=CARTESIAN_POINT('',(-15.1255460273562,-58.3599999999995,84.4029942557424));
#2801=CARTESIAN_POINT('Origin',(-19.2384394274303,56.3600000000005,103.826796866962));
#2802=CARTESIAN_POINT('Origin',(-25.3456914761341,-56.3599999999996,81.0342219265659));
#2803=CARTESIAN_POINT('Origin',(-41.2190371819048,24.5400000000017,37.2489024871506));
#2804=CARTESIAN_POINT('',(-44.116814660772,27.2900000000017,38.0253596224582));
#2805=CARTESIAN_POINT('Origin',(-44.116814660772,24.5400000000017,38.0253596224582));
#2806=CARTESIAN_POINT('',(-41.2190371819048,27.2900000000017,37.2489024871506));
#2807=CARTESIAN_POINT('Origin',(-44.116814660772,24.5400000000017,38.0253596224582));
#2808=CARTESIAN_POINT('',(-44.116814660772,25.7900000000013,38.0253596224581));
#2809=CARTESIAN_POINT('Origin',(-44.116814660772,24.5400000000013,38.0253596224581));
#2810=CARTESIAN_POINT('Origin',(-41.2190371819048,24.5400000000013,37.2489024871505));
#2811=CARTESIAN_POINT('',(-36.6990282540762,21.4464794367963,38.6629922358487));
#2812=CARTESIAN_POINT('Origin',(-37.3553338767488,24.5400000000013,36.2136263067405));
#2813=CARTESIAN_POINT('',(-40.562731559232,21.4464794367963,39.6982684162586));
#2814=CARTESIAN_POINT('Origin',(-38.6324052907989,27.5600000000006,46.9023441252358));
#2815=CARTESIAN_POINT('',(-37.2908475515776,19.5721333720178,36.4542925486737));
#2816=CARTESIAN_POINT('Origin',(-37.3553338767485,24.5400000000009,36.2136263067404));
#2817=CARTESIAN_POINT('',(-37.3553338767485,21.7900000000009,36.2136263067404));
#2818=CARTESIAN_POINT('Origin',(-37.3553338767504,24.5400000000009,36.2136263067409));
#2819=CARTESIAN_POINT('',(-37.838296789893,21.7900000000009,36.3430358292917));
#2820=CARTESIAN_POINT('',(-37.3553338767485,21.7900000000009,36.2136263067404));
#2821=CARTESIAN_POINT('Origin',(-37.838296789893,24.5400000000009,36.3430358292917));
#2822=CARTESIAN_POINT('Origin',(-37.838296789893,24.5400000000009,36.3430358292917));
#2823=CARTESIAN_POINT('',(-37.838296789893,25.7900000000009,36.3430358292916));
#2824=CARTESIAN_POINT('Origin',(-37.838296789893,24.5400000000009,36.3430358292916));
#2825=CARTESIAN_POINT('Origin',(-41.2190371819048,24.5400000000009,37.2489024871505));
#2826=CARTESIAN_POINT('',(-41.2190371819048,25.7900000000009,37.2489024871505));
#2827=CARTESIAN_POINT('Origin',(-41.2190371819048,-24.5400000000004,37.2489024871504));
#2828=CARTESIAN_POINT('',(-44.116814660772,-21.7900000000004,38.025359622458));
#2829=CARTESIAN_POINT('Origin',(-44.1168146607721,-24.5400000000004,38.025359622458));
#2830=CARTESIAN_POINT('',(-41.2190371819048,-21.7900000000004,37.2489024871504));
#2831=CARTESIAN_POINT('Origin',(-44.1168146607721,-24.5400000000004,38.025359622458));
#2832=CARTESIAN_POINT('',(-44.116814660772,-23.2900000000004,38.025359622458));
#2833=CARTESIAN_POINT('Origin',(-44.1168146607721,-24.5400000000004,38.025359622458));
#2834=CARTESIAN_POINT('Origin',(-41.2190371819048,-24.5400000000007,37.2489024871505));
#2835=CARTESIAN_POINT('',(-37.838296789893,-23.2900000000007,36.3430358292916));
#2836=CARTESIAN_POINT('Origin',(-37.838296789893,-24.5400000000007,36.3430358292916));
#2837=CARTESIAN_POINT('',(-41.2190371819048,-23.2900000000007,37.2489024871505));
#2838=CARTESIAN_POINT('Origin',(-37.8382967898931,-24.5400000000002,36.3430358292916));
#2839=CARTESIAN_POINT('',(-37.8382967898931,-27.2900000000002,36.3430358292916));
#2840=CARTESIAN_POINT('Origin',(-37.8382967898931,-24.5400000000002,36.3430358292916));
#2841=CARTESIAN_POINT('Origin',(-37.3553338767485,-24.5400000000002,36.2136263067403));
#2842=CARTESIAN_POINT('',(-37.3553338767485,-27.2900000000002,36.2136263067403));
#2843=CARTESIAN_POINT('Origin',(-37.3553338767487,-24.5400000000002,36.2136263067404));
#2844=CARTESIAN_POINT('',(-37.3553338767485,-27.2900000000002,36.2136263067403));
#2845=CARTESIAN_POINT('Origin',(-43.8056690730107,-27.5599999999996,27.5954608490651));
#2846=CARTESIAN_POINT('',(-38.0116394994214,-21.4464794367953,33.7642603776323));
#2847=CARTESIAN_POINT('',(-41.8753428045776,-21.4464794367953,34.7995365580423));
#2848=CARTESIAN_POINT('',(-37.41982020192,-19.5721333720169,35.9729600648073));
#2849=CARTESIAN_POINT('Origin',(-41.2190371819048,-24.5400000000003,37.2489024871504));
#2850=CARTESIAN_POINT('Origin',(-37.3553338767488,-24.5400000000003,36.2136263067404));
#2851=CARTESIAN_POINT('Origin',(12.7979707364198,1.15207302725579E-12,70.5678454166129));
#2852=CARTESIAN_POINT('',(-25.8390623151434,38.5600000000003,60.215083612512));
#2853=CARTESIAN_POINT('',(-25.839062315143,7.33216457461229E-13,60.2150836125121));
#2854=CARTESIAN_POINT('',(-26.9508082636279,38.5600000000004,75.043844523561));
#2855=CARTESIAN_POINT('Origin',(12.7979707364194,38.5600000000007,70.5678454166128));
#2856=CARTESIAN_POINT('',(-26.9508082636275,7.67423604364305E-13,75.0438445235611));
#2857=CARTESIAN_POINT('Origin',(-29.5706759758088,38.5600000000002,54.4602993988997));
#2858=CARTESIAN_POINT('',(-11.390977021759,38.5600000000004,6.2940952255126));
#2859=CARTESIAN_POINT('',(-30.4521649056407,38.5600000000002,77.4314168607758));
#2860=CARTESIAN_POINT('',(-15.9869490309183,38.5600000000004,0.00546254902365817));
#2861=CARTESIAN_POINT('Origin',(-16.2206061532043,38.5600000000004,4.99999999999997));
#2862=CARTESIAN_POINT('',(-15.9869490309183,38.5600000000004,-1.77635683940025E-14));
#2863=CARTESIAN_POINT('',(-15.9869490309183,38.5600000000004,2.93301270189222));
#2864=CARTESIAN_POINT('',(-44.6837236580771,38.5600000000001,-5.32907051820075E-14));
#2865=CARTESIAN_POINT('',(-24.5401744037595,38.5600000000003,-1.77635683940025E-14));
#2866=CARTESIAN_POINT('Origin',(-44.6837236580771,38.5600000000001,4.99999999999997));
#2867=CARTESIAN_POINT('',(-30.8145115687842,38.5600000000003,76.0791207039711));
#2868=CARTESIAN_POINT('',(-21.4335076445692,38.5600000000003,4.00000000000006));
#2869=CARTESIAN_POINT('',(-16.6038785131238,38.5600000000004,10.2940952255126));
#2870=CARTESIAN_POINT('Origin',(-21.4335076445691,38.5600000000003,9.00000000000005));
#2871=CARTESIAN_POINT('',(-26.1054915885035,38.5600000000003,45.7545979763675));
#2872=CARTESIAN_POINT('',(-16.6038785131238,38.5600000000004,10.2940952255126));
#2873=CARTESIAN_POINT('',(-34.7988312055776,38.5600000000002,45.7546241652384));
#2874=CARTESIAN_POINT('Origin',(-30.4521649056407,38.5600000000002,44.5899387669473));
#2875=CARTESIAN_POINT('',(-44.3004512981577,38.5600000000001,10.2940952255126));
#2876=CARTESIAN_POINT('',(-38.7821835398412,38.5600000000001,30.8885508693187));
#2877=CARTESIAN_POINT('',(-39.4708221667122,38.5600000000001,3.99999999999999));
#2878=CARTESIAN_POINT('Origin',(-39.4708221667122,38.5600000000001,9.));
#2879=CARTESIAN_POINT('',(-39.5401744037595,38.5600000000001,3.99999999999999));
#2880=CARTESIAN_POINT('Origin',(-15.9869490309182,27.5600000000004,3.99999999999999));
#2881=CARTESIAN_POINT('',(-15.9869490309183,38.5600000000004,0.00546254902365817));
#2882=CARTESIAN_POINT('',(-15.9869490309182,27.5600000000004,-3.5527136788005E-14));
#2883=CARTESIAN_POINT('Origin',(-20.5840791080351,83.8600000000003,98.8048012102656));
#2884=CARTESIAN_POINT('',(-44.3004512981578,55.7100000000001,10.2940952255126));
#2885=CARTESIAN_POINT('',(-34.7988311239415,38.5600000000002,45.7546244699086));
#2886=CARTESIAN_POINT('Origin',(-15.9869490309182,27.5600000000004,-3.5527136788005E-14));
#2887=CARTESIAN_POINT('',(-44.683723658077,27.5600000000001,-3.5527136788005E-14));
#2888=CARTESIAN_POINT('',(-34.9030792556049,31.5600000000002,-3.5527136788005E-14));
#2889=CARTESIAN_POINT('Origin',(-34.903079255605,33.0600000000002,-3.5527136788005E-14));
#2890=CARTESIAN_POINT('',(-25.7675934333903,31.5600000000003,0.));
#2891=CARTESIAN_POINT('Origin',(-25.7675934333903,33.0600000000003,-3.5527136788005E-14));
#2892=CARTESIAN_POINT('Origin',(-44.683723658077,27.5600000000001,4.99999999999996));
#2893=CARTESIAN_POINT('Origin',(-39.4708221667124,55.7100000000001,9.00000000000003));
#2894=CARTESIAN_POINT('',(-39.4708221667124,55.7100000000001,4.));
#2895=CARTESIAN_POINT('Origin',(-45.9869490309181,27.5600000000001,3.99999999999997));
#2896=CARTESIAN_POINT('',(-21.4335076445691,38.5600000000003,3.99999999999999));
#2897=CARTESIAN_POINT('',(-31.6030792556048,33.0600000000002,4.00000000000001));
#2898=CARTESIAN_POINT('Origin',(-34.9030792556048,33.0600000000002,3.99999999999998));
#2899=CARTESIAN_POINT('',(-22.4675934333903,33.0600000000003,4.00000000000001));
#2900=CARTESIAN_POINT('Origin',(-25.7675934333903,33.0600000000003,3.99999999999998));
#2901=CARTESIAN_POINT('Origin',(-16.6038785131238,38.5600000000004,10.2940952255126));
#2902=CARTESIAN_POINT('',(-26.1054915885035,38.5600000000003,45.7545979763675));
#2903=CARTESIAN_POINT('',(-16.6038785131238,38.5600000000004,10.2940952255126));
#2904=CARTESIAN_POINT('Origin',(-30.4521649056407,38.5600000000002,44.5899387669473));
#2905=CARTESIAN_POINT('Origin',(-28.3816125448206,38.5600000000002,69.7040102504632));
#2906=CARTESIAN_POINT('',(-11.390977021759,38.5600000000004,6.2940952255126));
#2907=CARTESIAN_POINT('Origin',(-16.2206061532043,38.5600000000004,4.99999999999997));
#2908=CARTESIAN_POINT('Origin',(-21.4335076445691,38.5600000000003,9.00000000000005));
#2909=CARTESIAN_POINT('Origin',(-25.7675934333903,33.0600000000003,0.));
#2910=CARTESIAN_POINT('',(-25.7675934333903,31.5600000000003,2.50000000000004));
#2911=CARTESIAN_POINT('',(-25.7675934333903,31.5600000000003,1.71022579061587E-30));
#2912=CARTESIAN_POINT('Origin',(-25.7675934333903,33.0600000000003,2.50000000000004));
#2913=CARTESIAN_POINT('Origin',(-34.903079255605,33.0600000000002,-1.77635683940025E-14));
#2914=CARTESIAN_POINT('',(-34.9030792556049,31.5600000000002,2.50000000000004));
#2915=CARTESIAN_POINT('',(-34.9030792556049,31.5600000000002,-1.77635683940025E-14));
#2916=CARTESIAN_POINT('Origin',(-34.9030792556049,33.0600000000002,2.50000000000004));
#2917=CARTESIAN_POINT('Origin',(-34.9030792556049,33.0600000000002,2.50000000000004));
#2918=CARTESIAN_POINT('',(-31.6030792556048,33.0600000000002,2.50000000000003));
#2919=CARTESIAN_POINT('Origin',(-34.9030792556048,33.0600000000002,2.50000000000004));
#2920=CARTESIAN_POINT('Origin',(-25.7675934333903,33.0600000000003,2.50000000000004));
#2921=CARTESIAN_POINT('',(-22.4675934333903,33.0600000000003,2.50000000000003));
#2922=CARTESIAN_POINT('Origin',(-25.7675934333903,33.0600000000003,2.50000000000003));
#2923=CARTESIAN_POINT('Origin',(-25.7675934333903,33.0600000000003,4.00000000000001));
#2924=CARTESIAN_POINT('',(-22.4675934333903,33.0600000000003,4.00000000000001));
#2925=CARTESIAN_POINT('Origin',(-34.9030792556048,33.0600000000002,4.00000000000002));
#2926=CARTESIAN_POINT('',(-31.6030792556048,33.0600000000002,4.00000000000002));
#2927=CARTESIAN_POINT('Origin',(12.7979707364198,1.15207302725579E-12,70.5678454166131));
#2928=CARTESIAN_POINT('',(-25.8390623151426,-38.5599999999997,60.2150836125124));
#2929=CARTESIAN_POINT('',(-26.950808263627,-38.5599999999996,75.043844523561));
#2930=CARTESIAN_POINT('Origin',(12.7979707364202,-38.5599999999991,70.5678454166132));
#2931=CARTESIAN_POINT('',(-25.839062315143,7.3321645746123E-13,60.2150836125123));
#2932=CARTESIAN_POINT('',(-26.9508082636275,7.67423604364305E-13,75.0438445235611));
#2933=CARTESIAN_POINT('Origin',(-20.5840791080332,-83.8599999999997,98.8048012102656));
#2934=CARTESIAN_POINT('',(-34.7988312055768,-38.5599999999998,45.7546241652384));
#2935=CARTESIAN_POINT('',(-34.7988311239407,-38.5599999999998,45.7546244699086));
#2936=CARTESIAN_POINT('',(-44.3004512981567,-38.5599999999999,10.2940952255126));
#2937=CARTESIAN_POINT('',(-38.7821835398404,-38.5599999999999,30.8885508693187));
#2938=CARTESIAN_POINT('',(-44.3004512981566,-55.7099999999999,10.2940952255126));
#2939=CARTESIAN_POINT('Origin',(-34.9030792556041,-33.0599999999998,4.00000000000002));
#2940=CARTESIAN_POINT('',(-31.6030792556041,-33.0599999999998,4.00000000000002));
#2941=CARTESIAN_POINT('Origin',(-34.9030792556041,-33.0599999999998,4.));
#2942=CARTESIAN_POINT('',(-31.6030792556041,-33.0599999999998,2.50000000000004));
#2943=CARTESIAN_POINT('',(-31.6030792556041,-33.0599999999998,4.00000000000002));
#2944=CARTESIAN_POINT('Origin',(-34.9030792556041,-33.0599999999998,2.50000000000004));
#2945=CARTESIAN_POINT('Origin',(-25.7675934333895,-33.0599999999997,4.00000000000003));
#2946=CARTESIAN_POINT('',(-22.4675934333895,-33.0599999999997,4.00000000000003));
#2947=CARTESIAN_POINT('Origin',(-25.7675934333895,-33.0599999999997,3.99999999999999));
#2948=CARTESIAN_POINT('',(-22.4675934333895,-33.0599999999997,2.50000000000004));
#2949=CARTESIAN_POINT('',(-22.4675934333895,-33.0599999999997,4.00000000000003));
#2950=CARTESIAN_POINT('Origin',(-25.7675934333895,-33.0599999999997,2.50000000000004));
#2951=CARTESIAN_POINT('Origin',(-25.7675934333896,-33.0599999999997,2.50000000000003));
#2952=CARTESIAN_POINT('',(-25.7675934333896,-34.5599999999997,2.50000000000004));
#2953=CARTESIAN_POINT('Origin',(-25.7675934333897,-33.0599999999997,2.50000000000004));
#2954=CARTESIAN_POINT('Origin',(-34.9030792556042,-33.0599999999998,2.50000000000004));
#2955=CARTESIAN_POINT('',(-34.9030792556042,-34.5599999999998,2.50000000000004));
#2956=CARTESIAN_POINT('Origin',(-34.9030792556042,-33.0599999999998,2.50000000000004));
#2957=CARTESIAN_POINT('Origin',(-25.7675934333897,-33.0599999999997,-1.77635683940025E-14));
#2958=CARTESIAN_POINT('',(-25.7675934333896,-34.5599999999997,0.));
#2959=CARTESIAN_POINT('Origin',(-25.7675934333897,-33.0599999999997,-1.77635683940025E-14));
#2960=CARTESIAN_POINT('',(-25.7675934333896,-34.5599999999997,-1.77635683940025E-14));
#2961=CARTESIAN_POINT('Origin',(-34.9030792556042,-33.0599999999998,-1.77635683940025E-14));
#2962=CARTESIAN_POINT('',(-34.9030792556042,-34.5599999999998,-3.5527136788005E-14));
#2963=CARTESIAN_POINT('Origin',(-34.9030792556042,-33.0599999999998,-1.77635683940025E-14));
#2964=CARTESIAN_POINT('',(-34.9030792556042,-34.5599999999998,-1.77635683940025E-14));
#2965=CARTESIAN_POINT('Origin',(-21.4335076445683,-38.5599999999997,9.00000000000001));
#2966=CARTESIAN_POINT('',(-21.4335076445683,-38.5599999999997,4.00000000000001));
#2967=CARTESIAN_POINT('',(-21.4335076445683,-38.5599999999997,4.00000000000002));
#2968=CARTESIAN_POINT('',(-16.603878513123,-38.5599999999996,10.2940952255126));
#2969=CARTESIAN_POINT('Origin',(-21.4335076445683,-38.5599999999997,9.00000000000001));
#2970=CARTESIAN_POINT('',(-16.603878513123,-38.5599999999996,10.2940952255126));
#2971=CARTESIAN_POINT('Origin',(-16.2206061532035,-38.5599999999996,4.99999999999996));
#2972=CARTESIAN_POINT('',(-11.3909770217581,-38.5599999999996,6.2940952255126));
#2973=CARTESIAN_POINT('',(-11.3909770217581,-38.5599999999996,6.2940952255126));
#2974=CARTESIAN_POINT('',(-15.9869490309175,-38.5599999999996,0.00546254902362264));
#2975=CARTESIAN_POINT('Origin',(-16.2206061532035,-38.5599999999996,4.99999999999996));
#2976=CARTESIAN_POINT('',(-15.9869490309175,-38.5599999999996,0.00546254902362264));
#2977=CARTESIAN_POINT('Origin',(-28.3816125448197,-38.5599999999997,69.7040102504632));
#2978=CARTESIAN_POINT('',(-30.4521649056399,-38.5599999999998,77.4314168607758));
#2979=CARTESIAN_POINT('Origin',(-30.4521649056399,-38.5599999999998,44.5899387669473));
#2980=CARTESIAN_POINT('',(-26.1054915885026,-38.5599999999997,45.7545979763675));
#2981=CARTESIAN_POINT('',(-26.1054915885026,-38.5599999999997,45.7545979763675));
#2982=CARTESIAN_POINT('Origin',(-30.4521649056399,-38.5599999999998,44.5899387669473));
#2983=CARTESIAN_POINT('Origin',(-16.603878513123,-38.5599999999996,10.2940952255126));
#2984=CARTESIAN_POINT('',(-16.603878513123,-38.5599999999996,10.2940952255126));
#2985=CARTESIAN_POINT('Origin',(-45.9869490309176,-27.56,4.));
#2986=CARTESIAN_POINT('',(-39.4708221667114,-38.5599999999999,3.99999999999999));
#2987=CARTESIAN_POINT('',(-39.4708221667112,-55.7099999999999,4.00000000000002));
#2988=CARTESIAN_POINT('',(-39.5401744037587,-38.5599999999999,3.99999999999999));
#2989=CARTESIAN_POINT('Origin',(-39.4708221667112,-55.7099999999999,9.));
#2990=CARTESIAN_POINT('Origin',(-39.4708221667114,-38.5599999999999,9.));
#2991=CARTESIAN_POINT('Origin',(-44.6837236580764,-27.56,4.99999999999998));
#2992=CARTESIAN_POINT('',(-44.6837236580763,-38.5599999999999,-3.5527136788005E-14));
#2993=CARTESIAN_POINT('Origin',(-44.6837236580762,-38.5599999999999,4.99999999999998));
#2994=CARTESIAN_POINT('',(-44.6837236580764,-27.56,-3.5527136788005E-14));
#2995=CARTESIAN_POINT('Origin',(-15.9869490309176,-27.5599999999997,0.));
#2996=CARTESIAN_POINT('',(-15.9869490309175,-38.5599999999996,0.));
#2997=CARTESIAN_POINT('',(-15.9869490309176,-27.5599999999997,0.));
#2998=CARTESIAN_POINT('',(-24.5401744037587,-38.5599999999997,-3.5527136788005E-14));
#2999=CARTESIAN_POINT('Origin',(-15.9869490309176,-27.5599999999997,4.00000000000002));
#3000=CARTESIAN_POINT('',(-15.9869490309175,-38.5599999999996,2.93301270189223));
#3001=CARTESIAN_POINT('Origin',(-33.0933997765999,-38.5599999999998,1.86602540378441));
#3002=CARTESIAN_POINT('',(-30.8145115687834,-38.5599999999997,76.0791207039712));
#3003=CARTESIAN_POINT('Origin',(-30.8145115687832,-48.5599999999997,76.0791207039712));
#3004=CARTESIAN_POINT('Origin',(-26.950808263627,-48.5599999999997,75.043844523561));
#3005=CARTESIAN_POINT('Origin',(-22.2920654517816,-47.7599999999996,92.4305093967642));
#3006=CARTESIAN_POINT('Origin',(-13.59873301518,-47.7599999999995,90.1011379908415));
#3007=CARTESIAN_POINT('Origin',(-13.5987330151799,-59.3599999999995,90.1011379908415));
#3008=CARTESIAN_POINT('Origin',(-22.2920654517816,-47.7599999999996,92.4305093967642));
#3009=CARTESIAN_POINT('',(-22.2920654517817,-45.7599999999996,92.4305093967642));
#3010=CARTESIAN_POINT('',(-22.2920654517817,-45.7599999999996,92.4305093967642));
#3011=CARTESIAN_POINT('Origin',(-22.2920654517816,-47.7599999999996,92.4305093967642));
#3012=CARTESIAN_POINT('Origin',(-30.8145115687836,-17.5599999999997,76.0791207039712));
#3013=CARTESIAN_POINT('',(-24.3626178126021,-17.5599999999997,84.7031027864518));
#3014=CARTESIAN_POINT('Origin',(-26.9508082636273,-17.5599999999997,75.043844523561));
#3015=CARTESIAN_POINT('',(-28.2263211177584,-17.5599999999997,85.7383789668618));
#3016=CARTESIAN_POINT('Origin',(-30.8145115687839,17.5600000000004,76.0791207039711));
#3017=CARTESIAN_POINT('',(-24.3626178126025,17.5600000000004,84.7031027864518));
#3018=CARTESIAN_POINT('Origin',(-26.9508082636276,17.5600000000004,75.043844523561));
#3019=CARTESIAN_POINT('',(-28.2263211177588,17.5600000000004,85.7383789668618));
#3020=CARTESIAN_POINT('Origin',(-30.8145115687843,48.5600000000003,76.0791207039711));
#3021=CARTESIAN_POINT('Origin',(-26.9508082636281,48.5600000000004,75.043844523561));
#3022=CARTESIAN_POINT('Origin',(-22.2920654517827,47.7600000000004,92.4305093967642));
#3023=CARTESIAN_POINT('',(-22.2920654517827,49.7600000000004,92.4305093967642));
#3024=CARTESIAN_POINT('',(-22.2920654517827,49.7600000000004,92.4305093967642));
#3025=CARTESIAN_POINT('Origin',(-22.2920654517827,47.7600000000004,92.4305093967642));
#3026=CARTESIAN_POINT('Origin',(-22.2920654517827,47.7600000000004,92.4305093967642));
#3027=CARTESIAN_POINT('Origin',(-13.5987330151811,47.7600000000005,90.1011379908415));
#3028=CARTESIAN_POINT('Origin',(-13.5987330151812,59.3600000000005,90.1011379908415));
#3029=CARTESIAN_POINT('Origin',(-28.2263211177588,17.5600000000004,85.7383789668618));
#3030=CARTESIAN_POINT('',(-24.3626178126028,50.3100000000004,84.7031027864518));
#3031=CARTESIAN_POINT('Origin',(-26.1557687569382,-24.5399999999989,93.4657855771742));
#3032=CARTESIAN_POINT('',(-29.0535462358054,-23.2899999999988,94.2422427124817));
#3033=CARTESIAN_POINT('Origin',(-29.0535462358054,-24.5399999999988,94.2422427124817));
#3034=CARTESIAN_POINT('',(-23.2579912780712,-23.2899999999989,92.6893284418667));
#3035=CARTESIAN_POINT('',(-26.1557687569382,-23.2899999999989,93.4657855771742));
#3036=CARTESIAN_POINT('Origin',(-23.2579912780712,-24.5399999999989,92.6893284418667));
#3037=CARTESIAN_POINT('Origin',(-26.1557687569382,24.5400000000011,93.4657855771742));
#3038=CARTESIAN_POINT('',(-29.0535462358053,25.7900000000012,94.2422427124818));
#3039=CARTESIAN_POINT('Origin',(-29.0535462358053,24.5400000000012,94.2422427124819));
#3040=CARTESIAN_POINT('',(-23.2579912780712,25.7900000000011,92.6893284418667));
#3041=CARTESIAN_POINT('',(-26.1557687569382,25.7900000000011,93.4657855771742));
#3042=CARTESIAN_POINT('Origin',(-23.2579912780712,24.5400000000011,92.6893284418667));
#3043=CARTESIAN_POINT('Origin',(-23.2579912780712,24.5400000000011,92.6893284418667));
#3044=CARTESIAN_POINT('',(-23.2579912780712,21.7900000000011,92.6893284418667));
#3045=CARTESIAN_POINT('Origin',(-23.2579912780712,24.5400000000011,92.6893284418667));
#3046=CARTESIAN_POINT('Origin',(-22.2920654517822,24.5400000000011,92.4305093967642));
#3047=CARTESIAN_POINT('',(-22.2920654517822,21.7900000000011,92.4305093967642));
#3048=CARTESIAN_POINT('Origin',(-22.2920654517822,24.5400000000011,92.4305093967642));
#3049=CARTESIAN_POINT('',(-22.2920654517822,21.7900000000011,92.4305093967642));
#3050=CARTESIAN_POINT('Origin',(-23.2579912780712,-24.5399999999989,92.6893284418667));
#3051=CARTESIAN_POINT('',(-23.2579912780712,-27.2899999999989,92.6893284418667));
#3052=CARTESIAN_POINT('Origin',(-23.2579912780712,-24.5399999999989,92.6893284418667));
#3053=CARTESIAN_POINT('Origin',(-22.2920654517822,-24.5399999999989,92.4305093967642));
#3054=CARTESIAN_POINT('',(-22.2920654517822,-27.2899999999989,92.4305093967642));
#3055=CARTESIAN_POINT('Origin',(-22.2920654517822,-24.5399999999989,92.4305093967642));
#3056=CARTESIAN_POINT('',(-22.2920654517822,-27.2899999999989,92.4305093967642));
#3057=CARTESIAN_POINT('Origin',(-29.0535462358053,24.5400000000012,94.2422427124819));
#3058=CARTESIAN_POINT('',(-29.0535462358053,27.2900000000012,94.2422427124818));
#3059=CARTESIAN_POINT('Origin',(-29.0535462358053,24.5400000000012,94.2422427124819));
#3060=CARTESIAN_POINT('Origin',(-26.1557687569381,24.5400000000012,93.4657855771742));
#3061=CARTESIAN_POINT('',(-26.1557687569381,27.2900000000012,93.4657855771742));
#3062=CARTESIAN_POINT('Origin',(-29.0535462358054,-24.5399999999988,94.2422427124817));
#3063=CARTESIAN_POINT('',(-29.0535462358054,-21.7899999999988,94.2422427124817));
#3064=CARTESIAN_POINT('Origin',(-29.0535462358054,-24.5399999999988,94.2422427124817));
#3065=CARTESIAN_POINT('Origin',(-26.1557687569382,-24.5399999999988,93.4657855771741));
#3066=CARTESIAN_POINT('',(-26.1557687569382,-21.7899999999988,93.4657855771741));
#3067=CARTESIAN_POINT('Origin',(-20.9979702262695,1.08895912593169E-12,
97.2601385282096));
#3068=UNCERTAINTY_MEASURE_WITH_UNIT(LENGTH_MEASURE(0.01),#3072,
'DISTANCE_ACCURACY_VALUE',
'Maximum model space distance between geometric entities at asserted c
onnectivities');
#3069=UNCERTAINTY_MEASURE_WITH_UNIT(LENGTH_MEASURE(0.01),#3072,
'DISTANCE_ACCURACY_VALUE',
'Maximum model space distance between geometric entities at asserted c
onnectivities');
#3070=(
GEOMETRIC_REPRESENTATION_CONTEXT(3)
GLOBAL_UNCERTAINTY_ASSIGNED_CONTEXT((#3068))
GLOBAL_UNIT_ASSIGNED_CONTEXT((#3072,#3074,#3075))
REPRESENTATION_CONTEXT('','3D')
);
#3071=(
GEOMETRIC_REPRESENTATION_CONTEXT(3)
GLOBAL_UNCERTAINTY_ASSIGNED_CONTEXT((#3069))
GLOBAL_UNIT_ASSIGNED_CONTEXT((#3072,#3074,#3075))
REPRESENTATION_CONTEXT('','3D')
);
#3072=(
LENGTH_UNIT()
NAMED_UNIT(*)
SI_UNIT(.MILLI.,.METRE.)
);
#3073=(
LENGTH_UNIT()
NAMED_UNIT(*)
SI_UNIT($,.METRE.)
);
#3074=(
NAMED_UNIT(*)
PLANE_ANGLE_UNIT()
SI_UNIT($,.RADIAN.)
);
#3075=(
NAMED_UNIT(*)
SI_UNIT($,.STERADIAN.)
SOLID_ANGLE_UNIT()
);
#3076=SHAPE_DEFINITION_REPRESENTATION(#3077,#3078);
#3077=PRODUCT_DEFINITION_SHAPE('',$,#3080);
#3078=SHAPE_REPRESENTATION('',(#1772),#3070);
#3079=PRODUCT_DEFINITION_CONTEXT('part definition',#3084,'design');
#3080=PRODUCT_DEFINITION('2026-08-05-13-12-16-478',
'beta1\X2\644450CF5934652F67B6FF084E0A79FB\X0\25mm\X2\FF09\X0\',#3081,#3079);
#3081=PRODUCT_DEFINITION_FORMATION('',$,#3086);
#3082=PRODUCT_RELATED_PRODUCT_CATEGORY(
'beta1\X2\644450CF5934652F67B6FF084E0A79FB\X0\25mm\X2\FF09\X0\',
'beta1\X2\644450CF5934652F67B6FF084E0A79FB\X0\25mm\X2\FF09\X0\',(#3086));
#3083=APPLICATION_PROTOCOL_DEFINITION('international standard',
'automotive_design',2009,#3084);
#3084=APPLICATION_CONTEXT(
'Core Data for Automotive Mechanical Design Process');
#3085=PRODUCT_CONTEXT('part definition',#3084,'mechanical');
#3086=PRODUCT('2026-08-05-13-12-16-478',
'beta1\X2\644450CF5934652F67B6FF084E0A79FB\X0\25mm\X2\FF09\X0\',$,(#3085));
#3087=PRESENTATION_STYLE_ASSIGNMENT((#3088));
#3088=SURFACE_STYLE_USAGE(.BOTH.,#3089);
#3089=SURFACE_SIDE_STYLE('',(#3090));
#3090=SURFACE_STYLE_FILL_AREA(#3091);
#3091=FILL_AREA_STYLE('\X2\94A2\X0\ - \X2\7F0E5149\X0\',(#3092));
#3092=FILL_AREA_STYLE_COLOUR('\X2\94A2\X0\ - \X2\7F0E5149\X0\',#3093);
#3093=COLOUR_RGB('\X2\94A2\X0\ - \X2\7F0E5149\X0\',0.627450980392157,0.627450980392157,
0.627450980392157);
ENDSEC;
END-ISO-10303-21;
