ISO-10303-21;
HEADER;
/* Generated by software containing ST-Developer
 * from STEP Tools, Inc. (www.steptools.com) 
 */

FILE_DESCRIPTION(
/* description */ (''),
/* implementation_level */ '2;1');

FILE_NAME(
/* name */ '',
/* time_stamp */ '2026-08-11T12:54:29+09:00',
/* author */ (''),
/* organization */ (''),
/* preprocessor_version */ 'ST-DEVELOPER v20.1',
/* originating_system */ 'Autodesk Translation Framework v15.8.0.0',
/* authorisation */ '');

FILE_SCHEMA (('AUTOMOTIVE_DESIGN { 1 0 10303 214 3 1 1 }'));
ENDSEC;

DATA;
#10=MECHANICAL_DESIGN_GEOMETRIC_PRESENTATION_REPRESENTATION('',(#13),#2647);
#11=SHAPE_REPRESENTATION_RELATIONSHIP('SRR','None',#2654,#12);
#12=ADVANCED_BREP_SHAPE_REPRESENTATION('',(#14),#2646);
#13=STYLED_ITEM('',(#2664),#14);
#14=MANIFOLD_SOLID_BREP('\X2\5F0051734E0E6D4B8DDD4EEA56FA5B9A8F6667B6\X0\ 
(1)',#1591);
#15=FACE_BOUND('',#181,.T.);
#16=FACE_BOUND('',#182,.T.);
#17=FACE_BOUND('',#186,.T.);
#18=FACE_BOUND('',#187,.T.);
#19=FACE_BOUND('',#196,.T.);
#20=FACE_BOUND('',#197,.T.);
#21=FACE_BOUND('',#217,.T.);
#22=FACE_BOUND('',#218,.T.);
#23=FACE_BOUND('',#225,.T.);
#24=FACE_BOUND('',#230,.T.);
#25=FACE_BOUND('',#232,.T.);
#26=FACE_BOUND('',#233,.T.);
#27=FACE_BOUND('',#236,.T.);
#28=FACE_BOUND('',#239,.T.);
#29=FACE_BOUND('',#240,.T.);
#30=FACE_BOUND('',#260,.T.);
#31=FACE_BOUND('',#262,.T.);
#32=FACE_BOUND('',#264,.T.);
#33=FACE_BOUND('',#266,.T.);
#34=FACE_BOUND('',#268,.T.);
#35=FACE_BOUND('',#270,.T.);
#36=FACE_BOUND('',#272,.T.);
#37=FACE_BOUND('',#273,.T.);
#38=FACE_BOUND('',#274,.T.);
#39=FACE_BOUND('',#275,.T.);
#40=FACE_BOUND('',#276,.T.);
#41=FACE_BOUND('',#277,.T.);
#42=FACE_BOUND('',#278,.T.);
#43=FACE_BOUND('',#279,.T.);
#44=FACE_BOUND('',#280,.T.);
#45=PLANE('',#1611);
#46=PLANE('',#1612);
#47=PLANE('',#1615);
#48=PLANE('',#1616);
#49=PLANE('',#1617);
#50=PLANE('',#1622);
#51=PLANE('',#1623);
#52=PLANE('',#1627);
#53=PLANE('',#1628);
#54=PLANE('',#1629);
#55=PLANE('',#1631);
#56=PLANE('',#1632);
#57=PLANE('',#1633);
#58=PLANE('',#1634);
#59=PLANE('',#1637);
#60=PLANE('',#1638);
#61=PLANE('',#1639);
#62=PLANE('',#1640);
#63=PLANE('',#1641);
#64=PLANE('',#1642);
#65=PLANE('',#1649);
#66=PLANE('',#1650);
#67=PLANE('',#1651);
#68=PLANE('',#1658);
#69=PLANE('',#1659);
#70=PLANE('',#1660);
#71=PLANE('',#1661);
#72=PLANE('',#1662);
#73=PLANE('',#1663);
#74=PLANE('',#1664);
#75=PLANE('',#1671);
#76=PLANE('',#1672);
#77=PLANE('',#1673);
#78=PLANE('',#1674);
#79=PLANE('',#1675);
#80=PLANE('',#1676);
#81=PLANE('',#1677);
#82=PLANE('',#1678);
#83=PLANE('',#1685);
#84=PLANE('',#1696);
#85=PLANE('',#1705);
#86=PLANE('',#1706);
#87=PLANE('',#1707);
#88=PLANE('',#1716);
#89=PLANE('',#1717);
#90=PLANE('',#1718);
#91=PLANE('',#1722);
#92=PLANE('',#1726);
#93=PLANE('',#1728);
#94=PLANE('',#1730);
#95=PLANE('',#1731);
#96=PLANE('',#1733);
#97=PLANE('',#1735);
#98=PLANE('',#1736);
#99=FACE_OUTER_BOUND('',#177,.T.);
#100=FACE_OUTER_BOUND('',#178,.T.);
#101=FACE_OUTER_BOUND('',#179,.T.);
#102=FACE_OUTER_BOUND('',#180,.T.);
#103=FACE_OUTER_BOUND('',#183,.T.);
#104=FACE_OUTER_BOUND('',#184,.T.);
#105=FACE_OUTER_BOUND('',#185,.T.);
#106=FACE_OUTER_BOUND('',#188,.T.);
#107=FACE_OUTER_BOUND('',#189,.T.);
#108=FACE_OUTER_BOUND('',#190,.T.);
#109=FACE_OUTER_BOUND('',#191,.T.);
#110=FACE_OUTER_BOUND('',#192,.T.);
#111=FACE_OUTER_BOUND('',#193,.T.);
#112=FACE_OUTER_BOUND('',#194,.T.);
#113=FACE_OUTER_BOUND('',#195,.T.);
#114=FACE_OUTER_BOUND('',#198,.T.);
#115=FACE_OUTER_BOUND('',#199,.T.);
#116=FACE_OUTER_BOUND('',#200,.T.);
#117=FACE_OUTER_BOUND('',#201,.T.);
#118=FACE_OUTER_BOUND('',#202,.T.);
#119=FACE_OUTER_BOUND('',#203,.T.);
#120=FACE_OUTER_BOUND('',#204,.T.);
#121=FACE_OUTER_BOUND('',#205,.T.);
#122=FACE_OUTER_BOUND('',#206,.T.);
#123=FACE_OUTER_BOUND('',#207,.T.);
#124=FACE_OUTER_BOUND('',#208,.T.);
#125=FACE_OUTER_BOUND('',#209,.T.);
#126=FACE_OUTER_BOUND('',#210,.T.);
#127=FACE_OUTER_BOUND('',#211,.T.);
#128=FACE_OUTER_BOUND('',#212,.T.);
#129=FACE_OUTER_BOUND('',#213,.T.);
#130=FACE_OUTER_BOUND('',#214,.T.);
#131=FACE_OUTER_BOUND('',#215,.T.);
#132=FACE_OUTER_BOUND('',#216,.T.);
#133=FACE_OUTER_BOUND('',#219,.T.);
#134=FACE_OUTER_BOUND('',#220,.T.);
#135=FACE_OUTER_BOUND('',#221,.T.);
#136=FACE_OUTER_BOUND('',#222,.T.);
#137=FACE_OUTER_BOUND('',#223,.T.);
#138=FACE_OUTER_BOUND('',#224,.T.);
#139=FACE_OUTER_BOUND('',#226,.T.);
#140=FACE_OUTER_BOUND('',#227,.T.);
#141=FACE_OUTER_BOUND('',#228,.T.);
#142=FACE_OUTER_BOUND('',#229,.T.);
#143=FACE_OUTER_BOUND('',#231,.T.);
#144=FACE_OUTER_BOUND('',#234,.T.);
#145=FACE_OUTER_BOUND('',#235,.T.);
#146=FACE_OUTER_BOUND('',#237,.T.);
#147=FACE_OUTER_BOUND('',#238,.T.);
#148=FACE_OUTER_BOUND('',#241,.T.);
#149=FACE_OUTER_BOUND('',#242,.T.);
#150=FACE_OUTER_BOUND('',#243,.T.);
#151=FACE_OUTER_BOUND('',#244,.T.);
#152=FACE_OUTER_BOUND('',#245,.T.);
#153=FACE_OUTER_BOUND('',#246,.T.);
#154=FACE_OUTER_BOUND('',#247,.T.);
#155=FACE_OUTER_BOUND('',#248,.T.);
#156=FACE_OUTER_BOUND('',#249,.T.);
#157=FACE_OUTER_BOUND('',#250,.T.);
#158=FACE_OUTER_BOUND('',#251,.T.);
#159=FACE_OUTER_BOUND('',#252,.T.);
#160=FACE_OUTER_BOUND('',#253,.T.);
#161=FACE_OUTER_BOUND('',#254,.T.);
#162=FACE_OUTER_BOUND('',#255,.T.);
#163=FACE_OUTER_BOUND('',#256,.T.);
#164=FACE_OUTER_BOUND('',#257,.T.);
#165=FACE_OUTER_BOUND('',#258,.T.);
#166=FACE_OUTER_BOUND('',#259,.T.);
#167=FACE_OUTER_BOUND('',#261,.T.);
#168=FACE_OUTER_BOUND('',#263,.T.);
#169=FACE_OUTER_BOUND('',#265,.T.);
#170=FACE_OUTER_BOUND('',#267,.T.);
#171=FACE_OUTER_BOUND('',#269,.T.);
#172=FACE_OUTER_BOUND('',#271,.T.);
#173=FACE_OUTER_BOUND('',#281,.T.);
#174=FACE_OUTER_BOUND('',#282,.T.);
#175=FACE_OUTER_BOUND('',#283,.T.);
#176=FACE_OUTER_BOUND('',#284,.T.);
#177=EDGE_LOOP('',(#1041,#1042,#1043,#1044));
#178=EDGE_LOOP('',(#1045,#1046,#1047,#1048));
#179=EDGE_LOOP('',(#1049,#1050,#1051,#1052));
#180=EDGE_LOOP('',(#1053,#1054,#1055,#1056,#1057,#1058,#1059,#1060));
#181=EDGE_LOOP('',(#1061));
#182=EDGE_LOOP('',(#1062));
#183=EDGE_LOOP('',(#1063,#1064,#1065,#1066));
#184=EDGE_LOOP('',(#1067,#1068,#1069,#1070));
#185=EDGE_LOOP('',(#1071,#1072,#1073,#1074));
#186=EDGE_LOOP('',(#1075));
#187=EDGE_LOOP('',(#1076));
#188=EDGE_LOOP('',(#1077,#1078,#1079,#1080));
#189=EDGE_LOOP('',(#1081,#1082,#1083,#1084));
#190=EDGE_LOOP('',(#1085,#1086,#1087,#1088));
#191=EDGE_LOOP('',(#1089,#1090,#1091,#1092,#1093,#1094));
#192=EDGE_LOOP('',(#1095,#1096,#1097,#1098));
#193=EDGE_LOOP('',(#1099,#1100,#1101,#1102));
#194=EDGE_LOOP('',(#1103,#1104,#1105,#1106));
#195=EDGE_LOOP('',(#1107,#1108,#1109,#1110,#1111,#1112,#1113,#1114,#1115,
#1116,#1117,#1118));
#196=EDGE_LOOP('',(#1119));
#197=EDGE_LOOP('',(#1120));
#198=EDGE_LOOP('',(#1121,#1122,#1123,#1124));
#199=EDGE_LOOP('',(#1125,#1126,#1127,#1128));
#200=EDGE_LOOP('',(#1129,#1130,#1131,#1132,#1133,#1134));
#201=EDGE_LOOP('',(#1135,#1136,#1137,#1138));
#202=EDGE_LOOP('',(#1139,#1140,#1141,#1142));
#203=EDGE_LOOP('',(#1143,#1144,#1145,#1146));
#204=EDGE_LOOP('',(#1147,#1148,#1149,#1150));
#205=EDGE_LOOP('',(#1151,#1152,#1153,#1154));
#206=EDGE_LOOP('',(#1155,#1156,#1157,#1158));
#207=EDGE_LOOP('',(#1159,#1160,#1161,#1162));
#208=EDGE_LOOP('',(#1163,#1164,#1165,#1166));
#209=EDGE_LOOP('',(#1167,#1168,#1169,#1170));
#210=EDGE_LOOP('',(#1171,#1172,#1173,#1174));
#211=EDGE_LOOP('',(#1175,#1176,#1177,#1178,#1179,#1180));
#212=EDGE_LOOP('',(#1181,#1182,#1183,#1184));
#213=EDGE_LOOP('',(#1185,#1186,#1187,#1188));
#214=EDGE_LOOP('',(#1189,#1190,#1191,#1192));
#215=EDGE_LOOP('',(#1193,#1194,#1195,#1196));
#216=EDGE_LOOP('',(#1197,#1198,#1199,#1200,#1201,#1202,#1203,#1204));
#217=EDGE_LOOP('',(#1205));
#218=EDGE_LOOP('',(#1206));
#219=EDGE_LOOP('',(#1207,#1208,#1209,#1210));
#220=EDGE_LOOP('',(#1211,#1212,#1213,#1214));
#221=EDGE_LOOP('',(#1215,#1216,#1217,#1218));
#222=EDGE_LOOP('',(#1219,#1220,#1221,#1222));
#223=EDGE_LOOP('',(#1223,#1224,#1225,#1226));
#224=EDGE_LOOP('',(#1227,#1228,#1229,#1230));
#225=EDGE_LOOP('',(#1231,#1232,#1233,#1234));
#226=EDGE_LOOP('',(#1235,#1236,#1237,#1238));
#227=EDGE_LOOP('',(#1239,#1240,#1241,#1242));
#228=EDGE_LOOP('',(#1243,#1244,#1245,#1246));
#229=EDGE_LOOP('',(#1247,#1248,#1249,#1250,#1251,#1252));
#230=EDGE_LOOP('',(#1253));
#231=EDGE_LOOP('',(#1254,#1255,#1256,#1257,#1258,#1259));
#232=EDGE_LOOP('',(#1260));
#233=EDGE_LOOP('',(#1261));
#234=EDGE_LOOP('',(#1262,#1263,#1264,#1265));
#235=EDGE_LOOP('',(#1266,#1267,#1268,#1269,#1270,#1271));
#236=EDGE_LOOP('',(#1272));
#237=EDGE_LOOP('',(#1273,#1274,#1275,#1276,#1277,#1278));
#238=EDGE_LOOP('',(#1279,#1280,#1281,#1282,#1283,#1284));
#239=EDGE_LOOP('',(#1285));
#240=EDGE_LOOP('',(#1286));
#241=EDGE_LOOP('',(#1287,#1288,#1289,#1290,#1291,#1292,#1293,#1294));
#242=EDGE_LOOP('',(#1295,#1296,#1297,#1298));
#243=EDGE_LOOP('',(#1299,#1300,#1301,#1302));
#244=EDGE_LOOP('',(#1303,#1304,#1305,#1306,#1307,#1308,#1309,#1310,#1311,
#1312,#1313,#1314,#1315,#1316,#1317,#1318,#1319,#1320,#1321,#1322,#1323,
#1324));
#245=EDGE_LOOP('',(#1325,#1326,#1327,#1328));
#246=EDGE_LOOP('',(#1329,#1330,#1331,#1332));
#247=EDGE_LOOP('',(#1333,#1334,#1335,#1336));
#248=EDGE_LOOP('',(#1337,#1338,#1339,#1340,#1341,#1342,#1343,#1344));
#249=EDGE_LOOP('',(#1345,#1346,#1347,#1348));
#250=EDGE_LOOP('',(#1349,#1350,#1351,#1352));
#251=EDGE_LOOP('',(#1353,#1354,#1355,#1356));
#252=EDGE_LOOP('',(#1357,#1358,#1359,#1360));
#253=EDGE_LOOP('',(#1361,#1362,#1363,#1364,#1365,#1366,#1367,#1368));
#254=EDGE_LOOP('',(#1369,#1370,#1371,#1372));
#255=EDGE_LOOP('',(#1373,#1374,#1375,#1376));
#256=EDGE_LOOP('',(#1377,#1378,#1379,#1380));
#257=EDGE_LOOP('',(#1381,#1382,#1383,#1384,#1385,#1386,#1387,#1388,#1389));
#258=EDGE_LOOP('',(#1390,#1391,#1392,#1393,#1394,#1395,#1396,#1397,#1398));
#259=EDGE_LOOP('',(#1399));
#260=EDGE_LOOP('',(#1400));
#261=EDGE_LOOP('',(#1401));
#262=EDGE_LOOP('',(#1402));
#263=EDGE_LOOP('',(#1403));
#264=EDGE_LOOP('',(#1404));
#265=EDGE_LOOP('',(#1405));
#266=EDGE_LOOP('',(#1406));
#267=EDGE_LOOP('',(#1407));
#268=EDGE_LOOP('',(#1408));
#269=EDGE_LOOP('',(#1409));
#270=EDGE_LOOP('',(#1410));
#271=EDGE_LOOP('',(#1411,#1412,#1413,#1414,#1415,#1416,#1417,#1418,#1419,
#1420,#1421,#1422,#1423,#1424,#1425,#1426,#1427,#1428,#1429,#1430,#1431,
#1432,#1433,#1434,#1435,#1436));
#272=EDGE_LOOP('',(#1437));
#273=EDGE_LOOP('',(#1438));
#274=EDGE_LOOP('',(#1439));
#275=EDGE_LOOP('',(#1440));
#276=EDGE_LOOP('',(#1441));
#277=EDGE_LOOP('',(#1442));
#278=EDGE_LOOP('',(#1443));
#279=EDGE_LOOP('',(#1444));
#280=EDGE_LOOP('',(#1445,#1446,#1447,#1448));
#281=EDGE_LOOP('',(#1449,#1450,#1451,#1452,#1453,#1454,#1455,#1456));
#282=EDGE_LOOP('',(#1457,#1458,#1459,#1460,#1461,#1462,#1463,#1464,#1465,
#1466,#1467,#1468));
#283=EDGE_LOOP('',(#1469,#1470,#1471,#1472,#1473,#1474,#1475,#1476,#1477,
#1478,#1479,#1480));
#284=EDGE_LOOP('',(#1481,#1482,#1483,#1484,#1485,#1486,#1487,#1488));
#285=LINE('',#2198,#445);
#286=LINE('',#2204,#446);
#287=LINE('',#2209,#447);
#288=LINE('',#2211,#448);
#289=LINE('',#2213,#449);
#290=LINE('',#2214,#450);
#291=LINE('',#2218,#451);
#292=LINE('',#2220,#452);
#293=LINE('',#2222,#453);
#294=LINE('',#2224,#454);
#295=LINE('',#2226,#455);
#296=LINE('',#2228,#456);
#297=LINE('',#2230,#457);
#298=LINE('',#2231,#458);
#299=LINE('',#2239,#459);
#300=LINE('',#2241,#460);
#301=LINE('',#2243,#461);
#302=LINE('',#2244,#462);
#303=LINE('',#2248,#463);
#304=LINE('',#2250,#464);
#305=LINE('',#2252,#465);
#306=LINE('',#2253,#466);
#307=LINE('',#2257,#467);
#308=LINE('',#2259,#468);
#309=LINE('',#2261,#469);
#310=LINE('',#2262,#470);
#311=LINE('',#2268,#471);
#312=LINE('',#2270,#472);
#313=LINE('',#2273,#473);
#314=LINE('',#2275,#474);
#315=LINE('',#2276,#475);
#316=LINE('',#2279,#476);
#317=LINE('',#2281,#477);
#318=LINE('',#2282,#478);
#319=LINE('',#2283,#479);
#320=LINE('',#2287,#480);
#321=LINE('',#2291,#481);
#322=LINE('',#2294,#482);
#323=LINE('',#2295,#483);
#324=LINE('',#2297,#484);
#325=LINE('',#2298,#485);
#326=LINE('',#2300,#486);
#327=LINE('',#2302,#487);
#328=LINE('',#2305,#488);
#329=LINE('',#2308,#489);
#330=LINE('',#2310,#490);
#331=LINE('',#2311,#491);
#332=LINE('',#2314,#492);
#333=LINE('',#2316,#493);
#334=LINE('',#2317,#494);
#335=LINE('',#2320,#495);
#336=LINE('',#2322,#496);
#337=LINE('',#2323,#497);
#338=LINE('',#2325,#498);
#339=LINE('',#2326,#499);
#340=LINE('',#2329,#500);
#341=LINE('',#2331,#501);
#342=LINE('',#2334,#502);
#343=LINE('',#2336,#503);
#344=LINE('',#2339,#504);
#345=LINE('',#2341,#505);
#346=LINE('',#2342,#506);
#347=LINE('',#2346,#507);
#348=LINE('',#2348,#508);
#349=LINE('',#2350,#509);
#350=LINE('',#2351,#510);
#351=LINE('',#2355,#511);
#352=LINE('',#2357,#512);
#353=LINE('',#2359,#513);
#354=LINE('',#2360,#514);
#355=LINE('',#2364,#515);
#356=LINE('',#2366,#516);
#357=LINE('',#2368,#517);
#358=LINE('',#2369,#518);
#359=LINE('',#2374,#519);
#360=LINE('',#2380,#520);
#361=LINE('',#2385,#521);
#362=LINE('',#2387,#522);
#363=LINE('',#2389,#523);
#364=LINE('',#2390,#524);
#365=LINE('',#2391,#525);
#366=LINE('',#2394,#526);
#367=LINE('',#2396,#527);
#368=LINE('',#2397,#528);
#369=LINE('',#2400,#529);
#370=LINE('',#2402,#530);
#371=LINE('',#2403,#531);
#372=LINE('',#2411,#532);
#373=LINE('',#2415,#533);
#374=LINE('',#2416,#534);
#375=LINE('',#2420,#535);
#376=LINE('',#2422,#536);
#377=LINE('',#2424,#537);
#378=LINE('',#2425,#538);
#379=LINE('',#2428,#539);
#380=LINE('',#2430,#540);
#381=LINE('',#2431,#541);
#382=LINE('',#2434,#542);
#383=LINE('',#2435,#543);
#384=LINE('',#2438,#544);
#385=LINE('',#2439,#545);
#386=LINE('',#2441,#546);
#387=LINE('',#2445,#547);
#388=LINE('',#2447,#548);
#389=LINE('',#2449,#549);
#390=LINE('',#2450,#550);
#391=LINE('',#2455,#551);
#392=LINE('',#2461,#552);
#393=LINE('',#2466,#553);
#394=LINE('',#2467,#554);
#395=LINE('',#2468,#555);
#396=LINE('',#2470,#556);
#397=LINE('',#2471,#557);
#398=LINE('',#2474,#558);
#399=LINE('',#2475,#559);
#400=LINE('',#2478,#560);
#401=LINE('',#2479,#561);
#402=LINE('',#2481,#562);
#403=LINE('',#2482,#563);
#404=LINE('',#2486,#564);
#405=LINE('',#2487,#565);
#406=LINE('',#2490,#566);
#407=LINE('',#2492,#567);
#408=LINE('',#2494,#568);
#409=LINE('',#2496,#569);
#410=LINE('',#2497,#570);
#411=LINE('',#2502,#571);
#412=LINE('',#2508,#572);
#413=LINE('',#2521,#573);
#414=LINE('',#2527,#574);
#415=LINE('',#2532,#575);
#416=LINE('',#2534,#576);
#417=LINE('',#2536,#577);
#418=LINE('',#2537,#578);
#419=LINE('',#2543,#579);
#420=LINE('',#2547,#580);
#421=LINE('',#2551,#581);
#422=LINE('',#2556,#582);
#423=LINE('',#2559,#583);
#424=LINE('',#2560,#584);
#425=LINE('',#2563,#585);
#426=LINE('',#2565,#586);
#427=LINE('',#2566,#587);
#428=LINE('',#2570,#588);
#429=LINE('',#2572,#589);
#430=LINE('',#2574,#590);
#431=LINE('',#2575,#591);
#432=LINE('',#2581,#592);
#433=LINE('',#2585,#593);
#434=LINE('',#2589,#594);
#435=LINE('',#2594,#595);
#436=LINE('',#2597,#596);
#437=LINE('',#2598,#597);
#438=LINE('',#2601,#598);
#439=LINE('',#2603,#599);
#440=LINE('',#2604,#600);
#441=LINE('',#2637,#601);
#442=LINE('',#2639,#602);
#443=LINE('',#2641,#603);
#444=LINE('',#2643,#604);
#445=VECTOR('',#1753,1.5);
#446=VECTOR('',#1760,1.5);
#447=VECTOR('',#1765,10.);
#448=VECTOR('',#1766,10.);
#449=VECTOR('',#1767,10.);
#450=VECTOR('',#1768,10.);
#451=VECTOR('',#1771,10.);
#452=VECTOR('',#1772,10.);
#453=VECTOR('',#1773,10.);
#454=VECTOR('',#1774,10.);
#455=VECTOR('',#1775,10.);
#456=VECTOR('',#1776,10.);
#457=VECTOR('',#1777,10.);
#458=VECTOR('',#1778,10.);
#459=VECTOR('',#1785,10.);
#460=VECTOR('',#1786,10.);
#461=VECTOR('',#1787,10.);
#462=VECTOR('',#1788,10.);
#463=VECTOR('',#1791,10.);
#464=VECTOR('',#1792,10.);
#465=VECTOR('',#1793,10.);
#466=VECTOR('',#1794,10.);
#467=VECTOR('',#1797,10.);
#468=VECTOR('',#1798,10.);
#469=VECTOR('',#1799,10.);
#470=VECTOR('',#1800,10.);
#471=VECTOR('',#1807,1.5);
#472=VECTOR('',#1810,1.5);
#473=VECTOR('',#1813,10.);
#474=VECTOR('',#1814,10.);
#475=VECTOR('',#1815,10.);
#476=VECTOR('',#1818,10.);
#477=VECTOR('',#1819,10.);
#478=VECTOR('',#1820,10.);
#479=VECTOR('',#1821,10.);
#480=VECTOR('',#1824,10.);
#481=VECTOR('',#1827,10.);
#482=VECTOR('',#1832,10.);
#483=VECTOR('',#1833,10.);
#484=VECTOR('',#1836,10.);
#485=VECTOR('',#1837,10.);
#486=VECTOR('',#1840,10.);
#487=VECTOR('',#1841,10.);
#488=VECTOR('',#1844,10.);
#489=VECTOR('',#1847,10.);
#490=VECTOR('',#1848,10.);
#491=VECTOR('',#1849,10.);
#492=VECTOR('',#1852,10.);
#493=VECTOR('',#1853,10.);
#494=VECTOR('',#1854,10.);
#495=VECTOR('',#1857,10.);
#496=VECTOR('',#1858,10.);
#497=VECTOR('',#1859,10.);
#498=VECTOR('',#1862,10.);
#499=VECTOR('',#1863,10.);
#500=VECTOR('',#1866,10.);
#501=VECTOR('',#1867,10.);
#502=VECTOR('',#1872,10.);
#503=VECTOR('',#1875,10.);
#504=VECTOR('',#1878,10.);
#505=VECTOR('',#1879,10.);
#506=VECTOR('',#1880,10.);
#507=VECTOR('',#1883,10.);
#508=VECTOR('',#1884,10.);
#509=VECTOR('',#1885,10.);
#510=VECTOR('',#1886,10.);
#511=VECTOR('',#1889,10.);
#512=VECTOR('',#1890,10.);
#513=VECTOR('',#1891,10.);
#514=VECTOR('',#1892,10.);
#515=VECTOR('',#1895,10.);
#516=VECTOR('',#1896,10.);
#517=VECTOR('',#1897,10.);
#518=VECTOR('',#1898,10.);
#519=VECTOR('',#1903,1.5);
#520=VECTOR('',#1910,1.5);
#521=VECTOR('',#1915,10.);
#522=VECTOR('',#1916,10.);
#523=VECTOR('',#1917,10.);
#524=VECTOR('',#1918,10.);
#525=VECTOR('',#1919,10.);
#526=VECTOR('',#1922,10.);
#527=VECTOR('',#1923,10.);
#528=VECTOR('',#1924,10.);
#529=VECTOR('',#1927,10.);
#530=VECTOR('',#1928,10.);
#531=VECTOR('',#1929,10.);
#532=VECTOR('',#1940,10.);
#533=VECTOR('',#1945,10.);
#534=VECTOR('',#1946,10.);
#535=VECTOR('',#1949,10.);
#536=VECTOR('',#1950,10.);
#537=VECTOR('',#1951,10.);
#538=VECTOR('',#1952,10.);
#539=VECTOR('',#1955,10.);
#540=VECTOR('',#1956,10.);
#541=VECTOR('',#1957,10.);
#542=VECTOR('',#1960,10.);
#543=VECTOR('',#1961,10.);
#544=VECTOR('',#1964,10.);
#545=VECTOR('',#1965,10.);
#546=VECTOR('',#1968,10.);
#547=VECTOR('',#1971,10.);
#548=VECTOR('',#1972,10.);
#549=VECTOR('',#1973,10.);
#550=VECTOR('',#1974,10.);
#551=VECTOR('',#1979,1.5);
#552=VECTOR('',#1986,1.49999999999999);
#553=VECTOR('',#1991,10.);
#554=VECTOR('',#1992,10.);
#555=VECTOR('',#1993,10.);
#556=VECTOR('',#1996,10.);
#557=VECTOR('',#1997,10.);
#558=VECTOR('',#2000,10.);
#559=VECTOR('',#2001,10.);
#560=VECTOR('',#2004,10.);
#561=VECTOR('',#2005,10.);
#562=VECTOR('',#2008,10.);
#563=VECTOR('',#2009,10.);
#564=VECTOR('',#2014,10.);
#565=VECTOR('',#2015,10.);
#566=VECTOR('',#2018,10.);
#567=VECTOR('',#2019,10.);
#568=VECTOR('',#2020,10.);
#569=VECTOR('',#2021,10.);
#570=VECTOR('',#2022,10.);
#571=VECTOR('',#2027,1.5);
#572=VECTOR('',#2034,1.5);
#573=VECTOR('',#2051,1.5);
#574=VECTOR('',#2058,1.5);
#575=VECTOR('',#2063,10.);
#576=VECTOR('',#2064,10.);
#577=VECTOR('',#2065,10.);
#578=VECTOR('',#2066,10.);
#579=VECTOR('',#2071,10.);
#580=VECTOR('',#2074,3.);
#581=VECTOR('',#2079,10.);
#582=VECTOR('',#2084,1.5);
#583=VECTOR('',#2089,10.);
#584=VECTOR('',#2090,10.);
#585=VECTOR('',#2093,10.);
#586=VECTOR('',#2094,10.);
#587=VECTOR('',#2095,10.);
#588=VECTOR('',#2098,10.);
#589=VECTOR('',#2099,10.);
#590=VECTOR('',#2100,10.);
#591=VECTOR('',#2101,10.);
#592=VECTOR('',#2106,10.);
#593=VECTOR('',#2109,3.);
#594=VECTOR('',#2114,10.);
#595=VECTOR('',#2119,1.5);
#596=VECTOR('',#2124,10.);
#597=VECTOR('',#2125,10.);
#598=VECTOR('',#2128,10.);
#599=VECTOR('',#2129,10.);
#600=VECTOR('',#2130,10.);
#601=VECTOR('',#2183,3.);
#602=VECTOR('',#2186,3.);
#603=VECTOR('',#2189,3.);
#604=VECTOR('',#2192,3.);
#605=CIRCLE('',#1606,1.5);
#606=CIRCLE('',#1607,1.5);
#607=CIRCLE('',#1609,1.5);
#608=CIRCLE('',#1610,1.5);
#609=CIRCLE('',#1613,1.5);
#610=CIRCLE('',#1614,1.5);
#611=CIRCLE('',#1618,1.5);
#612=CIRCLE('',#1619,1.5);
#613=CIRCLE('',#1625,2.75);
#614=CIRCLE('',#1626,2.75);
#615=CIRCLE('',#1630,2.75);
#616=CIRCLE('',#1636,2.75);
#617=CIRCLE('',#1644,1.5);
#618=CIRCLE('',#1645,1.5);
#619=CIRCLE('',#1647,1.5);
#620=CIRCLE('',#1648,1.5);
#621=CIRCLE('',#1653,3.3);
#622=CIRCLE('',#1654,3.3);
#623=CIRCLE('',#1656,3.3);
#624=CIRCLE('',#1657,3.3);
#625=CIRCLE('',#1666,1.5);
#626=CIRCLE('',#1667,1.5);
#627=CIRCLE('',#1669,1.49999999999999);
#628=CIRCLE('',#1670,1.49999999999999);
#629=CIRCLE('',#1680,1.5);
#630=CIRCLE('',#1681,1.5);
#631=CIRCLE('',#1683,1.5);
#632=CIRCLE('',#1684,1.5);
#633=CIRCLE('',#1686,3.);
#634=CIRCLE('',#1687,3.);
#635=CIRCLE('',#1688,3.);
#636=CIRCLE('',#1689,3.);
#637=CIRCLE('',#1691,1.5);
#638=CIRCLE('',#1692,1.5);
#639=CIRCLE('',#1694,1.5);
#640=CIRCLE('',#1695,1.5);
#641=CIRCLE('',#1698,3.);
#642=CIRCLE('',#1699,3.);
#643=CIRCLE('',#1700,3.);
#644=CIRCLE('',#1701,3.);
#645=CIRCLE('',#1703,1.5);
#646=CIRCLE('',#1704,1.5);
#647=CIRCLE('',#1709,3.);
#648=CIRCLE('',#1710,3.);
#649=CIRCLE('',#1711,3.);
#650=CIRCLE('',#1712,3.);
#651=CIRCLE('',#1714,1.5);
#652=CIRCLE('',#1715,1.5);
#653=CIRCLE('',#1719,3.);
#654=CIRCLE('',#1720,3.);
#655=CIRCLE('',#1721,3.);
#656=CIRCLE('',#1723,3.);
#657=CIRCLE('',#1724,3.);
#658=CIRCLE('',#1725,3.);
#659=CIRCLE('',#1727,3.);
#660=CIRCLE('',#1729,3.);
#661=CIRCLE('',#1732,3.);
#662=CIRCLE('',#1734,3.);
#663=CIRCLE('',#1737,3.);
#664=CIRCLE('',#1738,3.00000000000001);
#665=CIRCLE('',#1739,3.);
#666=CIRCLE('',#1740,3.);
#667=CIRCLE('',#1741,3.);
#668=CIRCLE('',#1742,3.);
#669=VERTEX_POINT('',#2195);
#670=VERTEX_POINT('',#2197);
#671=VERTEX_POINT('',#2201);
#672=VERTEX_POINT('',#2203);
#673=VERTEX_POINT('',#2207);
#674=VERTEX_POINT('',#2208);
#675=VERTEX_POINT('',#2210);
#676=VERTEX_POINT('',#2212);
#677=VERTEX_POINT('',#2216);
#678=VERTEX_POINT('',#2217);
#679=VERTEX_POINT('',#2219);
#680=VERTEX_POINT('',#2221);
#681=VERTEX_POINT('',#2223);
#682=VERTEX_POINT('',#2225);
#683=VERTEX_POINT('',#2227);
#684=VERTEX_POINT('',#2229);
#685=VERTEX_POINT('',#2232);
#686=VERTEX_POINT('',#2234);
#687=VERTEX_POINT('',#2237);
#688=VERTEX_POINT('',#2238);
#689=VERTEX_POINT('',#2240);
#690=VERTEX_POINT('',#2242);
#691=VERTEX_POINT('',#2246);
#692=VERTEX_POINT('',#2247);
#693=VERTEX_POINT('',#2249);
#694=VERTEX_POINT('',#2251);
#695=VERTEX_POINT('',#2255);
#696=VERTEX_POINT('',#2256);
#697=VERTEX_POINT('',#2258);
#698=VERTEX_POINT('',#2260);
#699=VERTEX_POINT('',#2263);
#700=VERTEX_POINT('',#2265);
#701=VERTEX_POINT('',#2272);
#702=VERTEX_POINT('',#2274);
#703=VERTEX_POINT('',#2278);
#704=VERTEX_POINT('',#2280);
#705=VERTEX_POINT('',#2285);
#706=VERTEX_POINT('',#2286);
#707=VERTEX_POINT('',#2288);
#708=VERTEX_POINT('',#2290);
#709=VERTEX_POINT('',#2301);
#710=VERTEX_POINT('',#2303);
#711=VERTEX_POINT('',#2307);
#712=VERTEX_POINT('',#2309);
#713=VERTEX_POINT('',#2313);
#714=VERTEX_POINT('',#2315);
#715=VERTEX_POINT('',#2319);
#716=VERTEX_POINT('',#2321);
#717=VERTEX_POINT('',#2328);
#718=VERTEX_POINT('',#2330);
#719=VERTEX_POINT('',#2338);
#720=VERTEX_POINT('',#2340);
#721=VERTEX_POINT('',#2344);
#722=VERTEX_POINT('',#2345);
#723=VERTEX_POINT('',#2347);
#724=VERTEX_POINT('',#2349);
#725=VERTEX_POINT('',#2353);
#726=VERTEX_POINT('',#2354);
#727=VERTEX_POINT('',#2356);
#728=VERTEX_POINT('',#2358);
#729=VERTEX_POINT('',#2362);
#730=VERTEX_POINT('',#2363);
#731=VERTEX_POINT('',#2365);
#732=VERTEX_POINT('',#2367);
#733=VERTEX_POINT('',#2371);
#734=VERTEX_POINT('',#2373);
#735=VERTEX_POINT('',#2377);
#736=VERTEX_POINT('',#2379);
#737=VERTEX_POINT('',#2383);
#738=VERTEX_POINT('',#2384);
#739=VERTEX_POINT('',#2386);
#740=VERTEX_POINT('',#2388);
#741=VERTEX_POINT('',#2393);
#742=VERTEX_POINT('',#2395);
#743=VERTEX_POINT('',#2399);
#744=VERTEX_POINT('',#2401);
#745=VERTEX_POINT('',#2408);
#746=VERTEX_POINT('',#2410);
#747=VERTEX_POINT('',#2414);
#748=VERTEX_POINT('',#2418);
#749=VERTEX_POINT('',#2419);
#750=VERTEX_POINT('',#2421);
#751=VERTEX_POINT('',#2423);
#752=VERTEX_POINT('',#2427);
#753=VERTEX_POINT('',#2429);
#754=VERTEX_POINT('',#2433);
#755=VERTEX_POINT('',#2437);
#756=VERTEX_POINT('',#2443);
#757=VERTEX_POINT('',#2444);
#758=VERTEX_POINT('',#2446);
#759=VERTEX_POINT('',#2448);
#760=VERTEX_POINT('',#2452);
#761=VERTEX_POINT('',#2454);
#762=VERTEX_POINT('',#2458);
#763=VERTEX_POINT('',#2460);
#764=VERTEX_POINT('',#2464);
#765=VERTEX_POINT('',#2465);
#766=VERTEX_POINT('',#2473);
#767=VERTEX_POINT('',#2477);
#768=VERTEX_POINT('',#2485);
#769=VERTEX_POINT('',#2489);
#770=VERTEX_POINT('',#2491);
#771=VERTEX_POINT('',#2493);
#772=VERTEX_POINT('',#2495);
#773=VERTEX_POINT('',#2499);
#774=VERTEX_POINT('',#2501);
#775=VERTEX_POINT('',#2505);
#776=VERTEX_POINT('',#2507);
#777=VERTEX_POINT('',#2511);
#778=VERTEX_POINT('',#2514);
#779=VERTEX_POINT('',#2518);
#780=VERTEX_POINT('',#2520);
#781=VERTEX_POINT('',#2524);
#782=VERTEX_POINT('',#2526);
#783=VERTEX_POINT('',#2530);
#784=VERTEX_POINT('',#2531);
#785=VERTEX_POINT('',#2533);
#786=VERTEX_POINT('',#2535);
#787=VERTEX_POINT('',#2539);
#788=VERTEX_POINT('',#2540);
#789=VERTEX_POINT('',#2542);
#790=VERTEX_POINT('',#2544);
#791=VERTEX_POINT('',#2546);
#792=VERTEX_POINT('',#2549);
#793=VERTEX_POINT('',#2553);
#794=VERTEX_POINT('',#2555);
#795=VERTEX_POINT('',#2562);
#796=VERTEX_POINT('',#2564);
#797=VERTEX_POINT('',#2568);
#798=VERTEX_POINT('',#2569);
#799=VERTEX_POINT('',#2571);
#800=VERTEX_POINT('',#2573);
#801=VERTEX_POINT('',#2577);
#802=VERTEX_POINT('',#2578);
#803=VERTEX_POINT('',#2580);
#804=VERTEX_POINT('',#2582);
#805=VERTEX_POINT('',#2584);
#806=VERTEX_POINT('',#2587);
#807=VERTEX_POINT('',#2591);
#808=VERTEX_POINT('',#2593);
#809=VERTEX_POINT('',#2600);
#810=VERTEX_POINT('',#2602);
#811=VERTEX_POINT('',#2607);
#812=VERTEX_POINT('',#2611);
#813=VERTEX_POINT('',#2616);
#814=VERTEX_POINT('',#2619);
#815=VERTEX_POINT('',#2623);
#816=VERTEX_POINT('',#2626);
#817=EDGE_CURVE('',#669,#669,#605,.T.);
#818=EDGE_CURVE('',#669,#670,#285,.T.);
#819=EDGE_CURVE('',#670,#670,#606,.T.);
#820=EDGE_CURVE('',#671,#671,#607,.T.);
#821=EDGE_CURVE('',#671,#672,#286,.T.);
#822=EDGE_CURVE('',#672,#672,#608,.T.);
#823=EDGE_CURVE('',#673,#674,#287,.T.);
#824=EDGE_CURVE('',#673,#675,#288,.T.);
#825=EDGE_CURVE('',#676,#675,#289,.T.);
#826=EDGE_CURVE('',#674,#676,#290,.T.);
#827=EDGE_CURVE('',#677,#678,#291,.T.);
#828=EDGE_CURVE('',#678,#679,#292,.T.);
#829=EDGE_CURVE('',#679,#680,#293,.T.);
#830=EDGE_CURVE('',#680,#681,#294,.T.);
#831=EDGE_CURVE('',#681,#682,#295,.T.);
#832=EDGE_CURVE('',#682,#683,#296,.T.);
#833=EDGE_CURVE('',#683,#684,#297,.T.);
#834=EDGE_CURVE('',#684,#677,#298,.T.);
#835=EDGE_CURVE('',#685,#685,#609,.T.);
#836=EDGE_CURVE('',#686,#686,#610,.T.);
#837=EDGE_CURVE('',#687,#688,#299,.T.);
#838=EDGE_CURVE('',#688,#689,#300,.T.);
#839=EDGE_CURVE('',#689,#690,#301,.T.);
#840=EDGE_CURVE('',#690,#687,#302,.T.);
#841=EDGE_CURVE('',#691,#692,#303,.T.);
#842=EDGE_CURVE('',#692,#693,#304,.T.);
#843=EDGE_CURVE('',#693,#694,#305,.T.);
#844=EDGE_CURVE('',#694,#691,#306,.T.);
#845=EDGE_CURVE('',#695,#696,#307,.T.);
#846=EDGE_CURVE('',#696,#697,#308,.T.);
#847=EDGE_CURVE('',#697,#698,#309,.T.);
#848=EDGE_CURVE('',#698,#695,#310,.T.);
#849=EDGE_CURVE('',#699,#699,#611,.T.);
#850=EDGE_CURVE('',#700,#700,#612,.T.);
#851=EDGE_CURVE('',#685,#699,#311,.T.);
#852=EDGE_CURVE('',#686,#700,#312,.T.);
#853=EDGE_CURVE('',#701,#678,#313,.T.);
#854=EDGE_CURVE('',#677,#702,#314,.T.);
#855=EDGE_CURVE('',#701,#702,#315,.T.);
#856=EDGE_CURVE('',#692,#703,#316,.T.);
#857=EDGE_CURVE('',#704,#703,#317,.T.);
#858=EDGE_CURVE('',#704,#696,#318,.T.);
#859=EDGE_CURVE('',#693,#695,#319,.T.);
#860=EDGE_CURVE('',#705,#706,#320,.T.);
#861=EDGE_CURVE('',#706,#707,#613,.T.);
#862=EDGE_CURVE('',#707,#708,#321,.T.);
#863=EDGE_CURVE('',#705,#708,#614,.T.);
#864=EDGE_CURVE('',#691,#707,#322,.T.);
#865=EDGE_CURVE('',#708,#694,#323,.T.);
#866=EDGE_CURVE('',#706,#679,#324,.T.);
#867=EDGE_CURVE('',#680,#705,#325,.T.);
#868=EDGE_CURVE('',#698,#690,#326,.T.);
#869=EDGE_CURVE('',#709,#689,#327,.T.);
#870=EDGE_CURVE('',#709,#710,#615,.T.);
#871=EDGE_CURVE('',#681,#710,#328,.T.);
#872=EDGE_CURVE('',#703,#711,#329,.T.);
#873=EDGE_CURVE('',#711,#712,#330,.T.);
#874=EDGE_CURVE('',#712,#704,#331,.T.);
#875=EDGE_CURVE('',#702,#713,#332,.T.);
#876=EDGE_CURVE('',#713,#714,#333,.T.);
#877=EDGE_CURVE('',#714,#701,#334,.T.);
#878=EDGE_CURVE('',#715,#697,#335,.T.);
#879=EDGE_CURVE('',#716,#715,#336,.T.);
#880=EDGE_CURVE('',#716,#687,#337,.T.);
#881=EDGE_CURVE('',#714,#683,#338,.T.);
#882=EDGE_CURVE('',#713,#684,#339,.T.);
#883=EDGE_CURVE('',#717,#710,#340,.T.);
#884=EDGE_CURVE('',#709,#718,#341,.T.);
#885=EDGE_CURVE('',#718,#717,#616,.T.);
#886=EDGE_CURVE('',#718,#688,#342,.T.);
#887=EDGE_CURVE('',#682,#717,#343,.T.);
#888=EDGE_CURVE('',#715,#719,#344,.T.);
#889=EDGE_CURVE('',#719,#720,#345,.T.);
#890=EDGE_CURVE('',#720,#716,#346,.T.);
#891=EDGE_CURVE('',#721,#722,#347,.T.);
#892=EDGE_CURVE('',#722,#723,#348,.T.);
#893=EDGE_CURVE('',#723,#724,#349,.T.);
#894=EDGE_CURVE('',#724,#721,#350,.T.);
#895=EDGE_CURVE('',#725,#726,#351,.T.);
#896=EDGE_CURVE('',#727,#726,#352,.T.);
#897=EDGE_CURVE('',#727,#728,#353,.T.);
#898=EDGE_CURVE('',#728,#725,#354,.T.);
#899=EDGE_CURVE('',#729,#730,#355,.T.);
#900=EDGE_CURVE('',#731,#730,#356,.T.);
#901=EDGE_CURVE('',#731,#732,#357,.T.);
#902=EDGE_CURVE('',#729,#732,#358,.T.);
#903=EDGE_CURVE('',#733,#733,#617,.T.);
#904=EDGE_CURVE('',#733,#734,#359,.T.);
#905=EDGE_CURVE('',#734,#734,#618,.T.);
#906=EDGE_CURVE('',#735,#735,#619,.T.);
#907=EDGE_CURVE('',#735,#736,#360,.T.);
#908=EDGE_CURVE('',#736,#736,#620,.T.);
#909=EDGE_CURVE('',#737,#738,#361,.F.);
#910=EDGE_CURVE('',#739,#737,#362,.T.);
#911=EDGE_CURVE('',#739,#740,#363,.T.);
#912=EDGE_CURVE('',#675,#740,#364,.F.);
#913=EDGE_CURVE('',#738,#673,#365,.F.);
#914=EDGE_CURVE('',#741,#738,#366,.T.);
#915=EDGE_CURVE('',#742,#741,#367,.T.);
#916=EDGE_CURVE('',#737,#742,#368,.T.);
#917=EDGE_CURVE('',#740,#743,#369,.T.);
#918=EDGE_CURVE('',#744,#739,#370,.T.);
#919=EDGE_CURVE('',#743,#744,#371,.T.);
#920=EDGE_CURVE('',#732,#744,#621,.T.);
#921=EDGE_CURVE('',#743,#731,#622,.T.);
#922=EDGE_CURVE('',#745,#741,#623,.T.);
#923=EDGE_CURVE('',#746,#745,#372,.T.);
#924=EDGE_CURVE('',#742,#746,#624,.T.);
#925=EDGE_CURVE('',#746,#747,#373,.T.);
#926=EDGE_CURVE('',#729,#747,#374,.T.);
#927=EDGE_CURVE('',#748,#749,#375,.T.);
#928=EDGE_CURVE('',#749,#750,#376,.T.);
#929=EDGE_CURVE('',#750,#751,#377,.T.);
#930=EDGE_CURVE('',#748,#751,#378,.T.);
#931=EDGE_CURVE('',#752,#749,#379,.T.);
#932=EDGE_CURVE('',#753,#752,#380,.T.);
#933=EDGE_CURVE('',#750,#753,#381,.T.);
#934=EDGE_CURVE('',#754,#753,#382,.T.);
#935=EDGE_CURVE('',#751,#754,#383,.T.);
#936=EDGE_CURVE('',#755,#748,#384,.T.);
#937=EDGE_CURVE('',#752,#755,#385,.T.);
#938=EDGE_CURVE('',#754,#755,#386,.T.);
#939=EDGE_CURVE('',#756,#757,#387,.T.);
#940=EDGE_CURVE('',#758,#757,#388,.T.);
#941=EDGE_CURVE('',#759,#758,#389,.T.);
#942=EDGE_CURVE('',#759,#756,#390,.T.);
#943=EDGE_CURVE('',#760,#760,#625,.T.);
#944=EDGE_CURVE('',#760,#761,#391,.T.);
#945=EDGE_CURVE('',#761,#761,#626,.T.);
#946=EDGE_CURVE('',#762,#762,#627,.T.);
#947=EDGE_CURVE('',#762,#763,#392,.T.);
#948=EDGE_CURVE('',#763,#763,#628,.T.);
#949=EDGE_CURVE('',#764,#765,#393,.T.);
#950=EDGE_CURVE('',#757,#764,#394,.T.);
#951=EDGE_CURVE('',#765,#756,#395,.T.);
#952=EDGE_CURVE('',#730,#765,#396,.T.);
#953=EDGE_CURVE('',#765,#675,#397,.T.);
#954=EDGE_CURVE('',#766,#759,#398,.T.);
#955=EDGE_CURVE('',#766,#676,#399,.T.);
#956=EDGE_CURVE('',#767,#747,#400,.T.);
#957=EDGE_CURVE('',#767,#745,#401,.T.);
#958=EDGE_CURVE('',#764,#767,#402,.T.);
#959=EDGE_CURVE('',#673,#764,#403,.T.);
#960=EDGE_CURVE('',#768,#674,#404,.T.);
#961=EDGE_CURVE('',#758,#768,#405,.T.);
#962=EDGE_CURVE('',#768,#769,#406,.T.);
#963=EDGE_CURVE('',#769,#770,#407,.T.);
#964=EDGE_CURVE('',#771,#770,#408,.T.);
#965=EDGE_CURVE('',#772,#771,#409,.T.);
#966=EDGE_CURVE('',#766,#772,#410,.T.);
#967=EDGE_CURVE('',#773,#773,#629,.T.);
#968=EDGE_CURVE('',#773,#774,#411,.T.);
#969=EDGE_CURVE('',#774,#774,#630,.T.);
#970=EDGE_CURVE('',#775,#775,#631,.T.);
#971=EDGE_CURVE('',#775,#776,#412,.T.);
#972=EDGE_CURVE('',#776,#776,#632,.T.);
#973=EDGE_CURVE('',#777,#720,#633,.T.);
#974=EDGE_CURVE('',#771,#777,#634,.T.);
#975=EDGE_CURVE('',#770,#778,#635,.T.);
#976=EDGE_CURVE('',#778,#711,#636,.T.);
#977=EDGE_CURVE('',#779,#779,#637,.T.);
#978=EDGE_CURVE('',#779,#780,#413,.T.);
#979=EDGE_CURVE('',#780,#780,#638,.T.);
#980=EDGE_CURVE('',#781,#781,#639,.T.);
#981=EDGE_CURVE('',#781,#782,#414,.T.);
#982=EDGE_CURVE('',#782,#782,#640,.T.);
#983=EDGE_CURVE('',#783,#784,#415,.T.);
#984=EDGE_CURVE('',#785,#784,#416,.T.);
#985=EDGE_CURVE('',#785,#786,#417,.T.);
#986=EDGE_CURVE('',#786,#783,#418,.T.);
#987=EDGE_CURVE('',#787,#788,#641,.T.);
#988=EDGE_CURVE('',#789,#788,#419,.T.);
#989=EDGE_CURVE('',#790,#789,#642,.T.);
#990=EDGE_CURVE('',#790,#791,#420,.T.);
#991=EDGE_CURVE('',#791,#791,#643,.T.);
#992=EDGE_CURVE('',#792,#790,#644,.T.);
#993=EDGE_CURVE('',#792,#787,#421,.T.);
#994=EDGE_CURVE('',#793,#793,#645,.T.);
#995=EDGE_CURVE('',#793,#794,#422,.T.);
#996=EDGE_CURVE('',#794,#794,#646,.T.);
#997=EDGE_CURVE('',#783,#787,#423,.T.);
#998=EDGE_CURVE('',#784,#792,#424,.T.);
#999=EDGE_CURVE('',#789,#795,#425,.T.);
#1000=EDGE_CURVE('',#796,#788,#426,.T.);
#1001=EDGE_CURVE('',#795,#796,#427,.T.);
#1002=EDGE_CURVE('',#797,#798,#428,.T.);
#1003=EDGE_CURVE('',#799,#798,#429,.T.);
#1004=EDGE_CURVE('',#800,#799,#430,.T.);
#1005=EDGE_CURVE('',#800,#797,#431,.T.);
#1006=EDGE_CURVE('',#801,#802,#647,.T.);
#1007=EDGE_CURVE('',#803,#801,#432,.T.);
#1008=EDGE_CURVE('',#803,#804,#648,.T.);
#1009=EDGE_CURVE('',#804,#805,#433,.T.);
#1010=EDGE_CURVE('',#805,#805,#649,.T.);
#1011=EDGE_CURVE('',#804,#806,#650,.T.);
#1012=EDGE_CURVE('',#806,#802,#434,.T.);
#1013=EDGE_CURVE('',#807,#807,#651,.T.);
#1014=EDGE_CURVE('',#807,#808,#435,.T.);
#1015=EDGE_CURVE('',#808,#808,#652,.T.);
#1016=EDGE_CURVE('',#798,#801,#436,.T.);
#1017=EDGE_CURVE('',#797,#803,#437,.T.);
#1018=EDGE_CURVE('',#802,#809,#438,.T.);
#1019=EDGE_CURVE('',#810,#806,#439,.T.);
#1020=EDGE_CURVE('',#810,#809,#440,.T.);
#1021=EDGE_CURVE('',#727,#800,#653,.T.);
#1022=EDGE_CURVE('',#811,#726,#654,.T.);
#1023=EDGE_CURVE('',#810,#811,#655,.T.);
#1024=EDGE_CURVE('',#812,#795,#656,.T.);
#1025=EDGE_CURVE('',#721,#812,#657,.T.);
#1026=EDGE_CURVE('',#724,#785,#658,.T.);
#1027=EDGE_CURVE('',#813,#813,#659,.T.);
#1028=EDGE_CURVE('',#814,#814,#660,.T.);
#1029=EDGE_CURVE('',#815,#815,#661,.T.);
#1030=EDGE_CURVE('',#816,#816,#662,.T.);
#1031=EDGE_CURVE('',#723,#712,#663,.T.);
#1032=EDGE_CURVE('',#722,#796,#664,.T.);
#1033=EDGE_CURVE('',#769,#786,#665,.T.);
#1034=EDGE_CURVE('',#772,#799,#666,.T.);
#1035=EDGE_CURVE('',#809,#725,#667,.T.);
#1036=EDGE_CURVE('',#728,#719,#668,.T.);
#1037=EDGE_CURVE('',#812,#813,#441,.T.);
#1038=EDGE_CURVE('',#778,#816,#442,.T.);
#1039=EDGE_CURVE('',#777,#814,#443,.T.);
#1040=EDGE_CURVE('',#811,#815,#444,.T.);
#1041=ORIENTED_EDGE('',*,*,#817,.T.);
#1042=ORIENTED_EDGE('',*,*,#818,.T.);
#1043=ORIENTED_EDGE('',*,*,#819,.F.);
#1044=ORIENTED_EDGE('',*,*,#818,.F.);
#1045=ORIENTED_EDGE('',*,*,#820,.T.);
#1046=ORIENTED_EDGE('',*,*,#821,.T.);
#1047=ORIENTED_EDGE('',*,*,#822,.F.);
#1048=ORIENTED_EDGE('',*,*,#821,.F.);
#1049=ORIENTED_EDGE('',*,*,#823,.F.);
#1050=ORIENTED_EDGE('',*,*,#824,.T.);
#1051=ORIENTED_EDGE('',*,*,#825,.F.);
#1052=ORIENTED_EDGE('',*,*,#826,.F.);
#1053=ORIENTED_EDGE('',*,*,#827,.T.);
#1054=ORIENTED_EDGE('',*,*,#828,.T.);
#1055=ORIENTED_EDGE('',*,*,#829,.T.);
#1056=ORIENTED_EDGE('',*,*,#830,.T.);
#1057=ORIENTED_EDGE('',*,*,#831,.T.);
#1058=ORIENTED_EDGE('',*,*,#832,.T.);
#1059=ORIENTED_EDGE('',*,*,#833,.T.);
#1060=ORIENTED_EDGE('',*,*,#834,.T.);
#1061=ORIENTED_EDGE('',*,*,#835,.T.);
#1062=ORIENTED_EDGE('',*,*,#836,.T.);
#1063=ORIENTED_EDGE('',*,*,#837,.T.);
#1064=ORIENTED_EDGE('',*,*,#838,.T.);
#1065=ORIENTED_EDGE('',*,*,#839,.T.);
#1066=ORIENTED_EDGE('',*,*,#840,.T.);
#1067=ORIENTED_EDGE('',*,*,#841,.T.);
#1068=ORIENTED_EDGE('',*,*,#842,.T.);
#1069=ORIENTED_EDGE('',*,*,#843,.T.);
#1070=ORIENTED_EDGE('',*,*,#844,.T.);
#1071=ORIENTED_EDGE('',*,*,#845,.T.);
#1072=ORIENTED_EDGE('',*,*,#846,.T.);
#1073=ORIENTED_EDGE('',*,*,#847,.T.);
#1074=ORIENTED_EDGE('',*,*,#848,.T.);
#1075=ORIENTED_EDGE('',*,*,#849,.F.);
#1076=ORIENTED_EDGE('',*,*,#850,.F.);
#1077=ORIENTED_EDGE('',*,*,#835,.F.);
#1078=ORIENTED_EDGE('',*,*,#851,.T.);
#1079=ORIENTED_EDGE('',*,*,#849,.T.);
#1080=ORIENTED_EDGE('',*,*,#851,.F.);
#1081=ORIENTED_EDGE('',*,*,#836,.F.);
#1082=ORIENTED_EDGE('',*,*,#852,.T.);
#1083=ORIENTED_EDGE('',*,*,#850,.T.);
#1084=ORIENTED_EDGE('',*,*,#852,.F.);
#1085=ORIENTED_EDGE('',*,*,#853,.T.);
#1086=ORIENTED_EDGE('',*,*,#827,.F.);
#1087=ORIENTED_EDGE('',*,*,#854,.T.);
#1088=ORIENTED_EDGE('',*,*,#855,.F.);
#1089=ORIENTED_EDGE('',*,*,#856,.T.);
#1090=ORIENTED_EDGE('',*,*,#857,.F.);
#1091=ORIENTED_EDGE('',*,*,#858,.T.);
#1092=ORIENTED_EDGE('',*,*,#845,.F.);
#1093=ORIENTED_EDGE('',*,*,#859,.F.);
#1094=ORIENTED_EDGE('',*,*,#842,.F.);
#1095=ORIENTED_EDGE('',*,*,#860,.T.);
#1096=ORIENTED_EDGE('',*,*,#861,.T.);
#1097=ORIENTED_EDGE('',*,*,#862,.T.);
#1098=ORIENTED_EDGE('',*,*,#863,.F.);
#1099=ORIENTED_EDGE('',*,*,#864,.F.);
#1100=ORIENTED_EDGE('',*,*,#844,.F.);
#1101=ORIENTED_EDGE('',*,*,#865,.F.);
#1102=ORIENTED_EDGE('',*,*,#862,.F.);
#1103=ORIENTED_EDGE('',*,*,#866,.F.);
#1104=ORIENTED_EDGE('',*,*,#860,.F.);
#1105=ORIENTED_EDGE('',*,*,#867,.F.);
#1106=ORIENTED_EDGE('',*,*,#829,.F.);
#1107=ORIENTED_EDGE('',*,*,#867,.T.);
#1108=ORIENTED_EDGE('',*,*,#863,.T.);
#1109=ORIENTED_EDGE('',*,*,#865,.T.);
#1110=ORIENTED_EDGE('',*,*,#843,.F.);
#1111=ORIENTED_EDGE('',*,*,#859,.T.);
#1112=ORIENTED_EDGE('',*,*,#848,.F.);
#1113=ORIENTED_EDGE('',*,*,#868,.T.);
#1114=ORIENTED_EDGE('',*,*,#839,.F.);
#1115=ORIENTED_EDGE('',*,*,#869,.F.);
#1116=ORIENTED_EDGE('',*,*,#870,.T.);
#1117=ORIENTED_EDGE('',*,*,#871,.F.);
#1118=ORIENTED_EDGE('',*,*,#830,.F.);
#1119=ORIENTED_EDGE('',*,*,#819,.T.);
#1120=ORIENTED_EDGE('',*,*,#822,.T.);
#1121=ORIENTED_EDGE('',*,*,#857,.T.);
#1122=ORIENTED_EDGE('',*,*,#872,.T.);
#1123=ORIENTED_EDGE('',*,*,#873,.T.);
#1124=ORIENTED_EDGE('',*,*,#874,.T.);
#1125=ORIENTED_EDGE('',*,*,#855,.T.);
#1126=ORIENTED_EDGE('',*,*,#875,.T.);
#1127=ORIENTED_EDGE('',*,*,#876,.T.);
#1128=ORIENTED_EDGE('',*,*,#877,.T.);
#1129=ORIENTED_EDGE('',*,*,#878,.F.);
#1130=ORIENTED_EDGE('',*,*,#879,.F.);
#1131=ORIENTED_EDGE('',*,*,#880,.T.);
#1132=ORIENTED_EDGE('',*,*,#840,.F.);
#1133=ORIENTED_EDGE('',*,*,#868,.F.);
#1134=ORIENTED_EDGE('',*,*,#847,.F.);
#1135=ORIENTED_EDGE('',*,*,#881,.F.);
#1136=ORIENTED_EDGE('',*,*,#876,.F.);
#1137=ORIENTED_EDGE('',*,*,#882,.T.);
#1138=ORIENTED_EDGE('',*,*,#833,.F.);
#1139=ORIENTED_EDGE('',*,*,#883,.T.);
#1140=ORIENTED_EDGE('',*,*,#870,.F.);
#1141=ORIENTED_EDGE('',*,*,#884,.T.);
#1142=ORIENTED_EDGE('',*,*,#885,.T.);
#1143=ORIENTED_EDGE('',*,*,#886,.F.);
#1144=ORIENTED_EDGE('',*,*,#884,.F.);
#1145=ORIENTED_EDGE('',*,*,#869,.T.);
#1146=ORIENTED_EDGE('',*,*,#838,.F.);
#1147=ORIENTED_EDGE('',*,*,#887,.F.);
#1148=ORIENTED_EDGE('',*,*,#831,.F.);
#1149=ORIENTED_EDGE('',*,*,#871,.T.);
#1150=ORIENTED_EDGE('',*,*,#883,.F.);
#1151=ORIENTED_EDGE('',*,*,#879,.T.);
#1152=ORIENTED_EDGE('',*,*,#888,.T.);
#1153=ORIENTED_EDGE('',*,*,#889,.T.);
#1154=ORIENTED_EDGE('',*,*,#890,.T.);
#1155=ORIENTED_EDGE('',*,*,#891,.T.);
#1156=ORIENTED_EDGE('',*,*,#892,.T.);
#1157=ORIENTED_EDGE('',*,*,#893,.T.);
#1158=ORIENTED_EDGE('',*,*,#894,.T.);
#1159=ORIENTED_EDGE('',*,*,#895,.T.);
#1160=ORIENTED_EDGE('',*,*,#896,.F.);
#1161=ORIENTED_EDGE('',*,*,#897,.T.);
#1162=ORIENTED_EDGE('',*,*,#898,.T.);
#1163=ORIENTED_EDGE('',*,*,#899,.T.);
#1164=ORIENTED_EDGE('',*,*,#900,.F.);
#1165=ORIENTED_EDGE('',*,*,#901,.T.);
#1166=ORIENTED_EDGE('',*,*,#902,.F.);
#1167=ORIENTED_EDGE('',*,*,#903,.F.);
#1168=ORIENTED_EDGE('',*,*,#904,.T.);
#1169=ORIENTED_EDGE('',*,*,#905,.F.);
#1170=ORIENTED_EDGE('',*,*,#904,.F.);
#1171=ORIENTED_EDGE('',*,*,#906,.F.);
#1172=ORIENTED_EDGE('',*,*,#907,.T.);
#1173=ORIENTED_EDGE('',*,*,#908,.F.);
#1174=ORIENTED_EDGE('',*,*,#907,.F.);
#1175=ORIENTED_EDGE('',*,*,#909,.F.);
#1176=ORIENTED_EDGE('',*,*,#910,.F.);
#1177=ORIENTED_EDGE('',*,*,#911,.T.);
#1178=ORIENTED_EDGE('',*,*,#912,.F.);
#1179=ORIENTED_EDGE('',*,*,#824,.F.);
#1180=ORIENTED_EDGE('',*,*,#913,.F.);
#1181=ORIENTED_EDGE('',*,*,#914,.F.);
#1182=ORIENTED_EDGE('',*,*,#915,.F.);
#1183=ORIENTED_EDGE('',*,*,#916,.F.);
#1184=ORIENTED_EDGE('',*,*,#909,.T.);
#1185=ORIENTED_EDGE('',*,*,#917,.F.);
#1186=ORIENTED_EDGE('',*,*,#911,.F.);
#1187=ORIENTED_EDGE('',*,*,#918,.F.);
#1188=ORIENTED_EDGE('',*,*,#919,.F.);
#1189=ORIENTED_EDGE('',*,*,#919,.T.);
#1190=ORIENTED_EDGE('',*,*,#920,.F.);
#1191=ORIENTED_EDGE('',*,*,#901,.F.);
#1192=ORIENTED_EDGE('',*,*,#921,.F.);
#1193=ORIENTED_EDGE('',*,*,#915,.T.);
#1194=ORIENTED_EDGE('',*,*,#922,.F.);
#1195=ORIENTED_EDGE('',*,*,#923,.F.);
#1196=ORIENTED_EDGE('',*,*,#924,.F.);
#1197=ORIENTED_EDGE('',*,*,#902,.T.);
#1198=ORIENTED_EDGE('',*,*,#920,.T.);
#1199=ORIENTED_EDGE('',*,*,#918,.T.);
#1200=ORIENTED_EDGE('',*,*,#910,.T.);
#1201=ORIENTED_EDGE('',*,*,#916,.T.);
#1202=ORIENTED_EDGE('',*,*,#924,.T.);
#1203=ORIENTED_EDGE('',*,*,#925,.T.);
#1204=ORIENTED_EDGE('',*,*,#926,.F.);
#1205=ORIENTED_EDGE('',*,*,#905,.T.);
#1206=ORIENTED_EDGE('',*,*,#908,.T.);
#1207=ORIENTED_EDGE('',*,*,#927,.T.);
#1208=ORIENTED_EDGE('',*,*,#928,.T.);
#1209=ORIENTED_EDGE('',*,*,#929,.T.);
#1210=ORIENTED_EDGE('',*,*,#930,.F.);
#1211=ORIENTED_EDGE('',*,*,#931,.F.);
#1212=ORIENTED_EDGE('',*,*,#932,.F.);
#1213=ORIENTED_EDGE('',*,*,#933,.F.);
#1214=ORIENTED_EDGE('',*,*,#928,.F.);
#1215=ORIENTED_EDGE('',*,*,#933,.T.);
#1216=ORIENTED_EDGE('',*,*,#934,.F.);
#1217=ORIENTED_EDGE('',*,*,#935,.F.);
#1218=ORIENTED_EDGE('',*,*,#929,.F.);
#1219=ORIENTED_EDGE('',*,*,#936,.F.);
#1220=ORIENTED_EDGE('',*,*,#937,.F.);
#1221=ORIENTED_EDGE('',*,*,#931,.T.);
#1222=ORIENTED_EDGE('',*,*,#927,.F.);
#1223=ORIENTED_EDGE('',*,*,#937,.T.);
#1224=ORIENTED_EDGE('',*,*,#938,.F.);
#1225=ORIENTED_EDGE('',*,*,#934,.T.);
#1226=ORIENTED_EDGE('',*,*,#932,.T.);
#1227=ORIENTED_EDGE('',*,*,#939,.T.);
#1228=ORIENTED_EDGE('',*,*,#940,.F.);
#1229=ORIENTED_EDGE('',*,*,#941,.F.);
#1230=ORIENTED_EDGE('',*,*,#942,.T.);
#1231=ORIENTED_EDGE('',*,*,#930,.T.);
#1232=ORIENTED_EDGE('',*,*,#935,.T.);
#1233=ORIENTED_EDGE('',*,*,#938,.T.);
#1234=ORIENTED_EDGE('',*,*,#936,.T.);
#1235=ORIENTED_EDGE('',*,*,#943,.F.);
#1236=ORIENTED_EDGE('',*,*,#944,.T.);
#1237=ORIENTED_EDGE('',*,*,#945,.F.);
#1238=ORIENTED_EDGE('',*,*,#944,.F.);
#1239=ORIENTED_EDGE('',*,*,#946,.F.);
#1240=ORIENTED_EDGE('',*,*,#947,.T.);
#1241=ORIENTED_EDGE('',*,*,#948,.F.);
#1242=ORIENTED_EDGE('',*,*,#947,.F.);
#1243=ORIENTED_EDGE('',*,*,#949,.F.);
#1244=ORIENTED_EDGE('',*,*,#950,.F.);
#1245=ORIENTED_EDGE('',*,*,#939,.F.);
#1246=ORIENTED_EDGE('',*,*,#951,.F.);
#1247=ORIENTED_EDGE('',*,*,#952,.T.);
#1248=ORIENTED_EDGE('',*,*,#953,.T.);
#1249=ORIENTED_EDGE('',*,*,#912,.T.);
#1250=ORIENTED_EDGE('',*,*,#917,.T.);
#1251=ORIENTED_EDGE('',*,*,#921,.T.);
#1252=ORIENTED_EDGE('',*,*,#900,.T.);
#1253=ORIENTED_EDGE('',*,*,#903,.T.);
#1254=ORIENTED_EDGE('',*,*,#825,.T.);
#1255=ORIENTED_EDGE('',*,*,#953,.F.);
#1256=ORIENTED_EDGE('',*,*,#951,.T.);
#1257=ORIENTED_EDGE('',*,*,#942,.F.);
#1258=ORIENTED_EDGE('',*,*,#954,.F.);
#1259=ORIENTED_EDGE('',*,*,#955,.T.);
#1260=ORIENTED_EDGE('',*,*,#945,.T.);
#1261=ORIENTED_EDGE('',*,*,#948,.T.);
#1262=ORIENTED_EDGE('',*,*,#956,.T.);
#1263=ORIENTED_EDGE('',*,*,#925,.F.);
#1264=ORIENTED_EDGE('',*,*,#923,.T.);
#1265=ORIENTED_EDGE('',*,*,#957,.F.);
#1266=ORIENTED_EDGE('',*,*,#958,.T.);
#1267=ORIENTED_EDGE('',*,*,#957,.T.);
#1268=ORIENTED_EDGE('',*,*,#922,.T.);
#1269=ORIENTED_EDGE('',*,*,#914,.T.);
#1270=ORIENTED_EDGE('',*,*,#913,.T.);
#1271=ORIENTED_EDGE('',*,*,#959,.T.);
#1272=ORIENTED_EDGE('',*,*,#906,.T.);
#1273=ORIENTED_EDGE('',*,*,#899,.F.);
#1274=ORIENTED_EDGE('',*,*,#926,.T.);
#1275=ORIENTED_EDGE('',*,*,#956,.F.);
#1276=ORIENTED_EDGE('',*,*,#958,.F.);
#1277=ORIENTED_EDGE('',*,*,#949,.T.);
#1278=ORIENTED_EDGE('',*,*,#952,.F.);
#1279=ORIENTED_EDGE('',*,*,#823,.T.);
#1280=ORIENTED_EDGE('',*,*,#960,.F.);
#1281=ORIENTED_EDGE('',*,*,#961,.F.);
#1282=ORIENTED_EDGE('',*,*,#940,.T.);
#1283=ORIENTED_EDGE('',*,*,#950,.T.);
#1284=ORIENTED_EDGE('',*,*,#959,.F.);
#1285=ORIENTED_EDGE('',*,*,#943,.T.);
#1286=ORIENTED_EDGE('',*,*,#946,.T.);
#1287=ORIENTED_EDGE('',*,*,#962,.T.);
#1288=ORIENTED_EDGE('',*,*,#963,.T.);
#1289=ORIENTED_EDGE('',*,*,#964,.F.);
#1290=ORIENTED_EDGE('',*,*,#965,.F.);
#1291=ORIENTED_EDGE('',*,*,#966,.F.);
#1292=ORIENTED_EDGE('',*,*,#954,.T.);
#1293=ORIENTED_EDGE('',*,*,#941,.T.);
#1294=ORIENTED_EDGE('',*,*,#961,.T.);
#1295=ORIENTED_EDGE('',*,*,#967,.F.);
#1296=ORIENTED_EDGE('',*,*,#968,.T.);
#1297=ORIENTED_EDGE('',*,*,#969,.F.);
#1298=ORIENTED_EDGE('',*,*,#968,.F.);
#1299=ORIENTED_EDGE('',*,*,#970,.F.);
#1300=ORIENTED_EDGE('',*,*,#971,.T.);
#1301=ORIENTED_EDGE('',*,*,#972,.F.);
#1302=ORIENTED_EDGE('',*,*,#971,.F.);
#1303=ORIENTED_EDGE('',*,*,#890,.F.);
#1304=ORIENTED_EDGE('',*,*,#973,.F.);
#1305=ORIENTED_EDGE('',*,*,#974,.F.);
#1306=ORIENTED_EDGE('',*,*,#964,.T.);
#1307=ORIENTED_EDGE('',*,*,#975,.T.);
#1308=ORIENTED_EDGE('',*,*,#976,.T.);
#1309=ORIENTED_EDGE('',*,*,#872,.F.);
#1310=ORIENTED_EDGE('',*,*,#856,.F.);
#1311=ORIENTED_EDGE('',*,*,#841,.F.);
#1312=ORIENTED_EDGE('',*,*,#864,.T.);
#1313=ORIENTED_EDGE('',*,*,#861,.F.);
#1314=ORIENTED_EDGE('',*,*,#866,.T.);
#1315=ORIENTED_EDGE('',*,*,#828,.F.);
#1316=ORIENTED_EDGE('',*,*,#853,.F.);
#1317=ORIENTED_EDGE('',*,*,#877,.F.);
#1318=ORIENTED_EDGE('',*,*,#881,.T.);
#1319=ORIENTED_EDGE('',*,*,#832,.F.);
#1320=ORIENTED_EDGE('',*,*,#887,.T.);
#1321=ORIENTED_EDGE('',*,*,#885,.F.);
#1322=ORIENTED_EDGE('',*,*,#886,.T.);
#1323=ORIENTED_EDGE('',*,*,#837,.F.);
#1324=ORIENTED_EDGE('',*,*,#880,.F.);
#1325=ORIENTED_EDGE('',*,*,#977,.F.);
#1326=ORIENTED_EDGE('',*,*,#978,.T.);
#1327=ORIENTED_EDGE('',*,*,#979,.T.);
#1328=ORIENTED_EDGE('',*,*,#978,.F.);
#1329=ORIENTED_EDGE('',*,*,#980,.F.);
#1330=ORIENTED_EDGE('',*,*,#981,.T.);
#1331=ORIENTED_EDGE('',*,*,#982,.T.);
#1332=ORIENTED_EDGE('',*,*,#981,.F.);
#1333=ORIENTED_EDGE('',*,*,#983,.T.);
#1334=ORIENTED_EDGE('',*,*,#984,.F.);
#1335=ORIENTED_EDGE('',*,*,#985,.T.);
#1336=ORIENTED_EDGE('',*,*,#986,.T.);
#1337=ORIENTED_EDGE('',*,*,#987,.T.);
#1338=ORIENTED_EDGE('',*,*,#988,.F.);
#1339=ORIENTED_EDGE('',*,*,#989,.F.);
#1340=ORIENTED_EDGE('',*,*,#990,.T.);
#1341=ORIENTED_EDGE('',*,*,#991,.F.);
#1342=ORIENTED_EDGE('',*,*,#990,.F.);
#1343=ORIENTED_EDGE('',*,*,#992,.F.);
#1344=ORIENTED_EDGE('',*,*,#993,.T.);
#1345=ORIENTED_EDGE('',*,*,#994,.T.);
#1346=ORIENTED_EDGE('',*,*,#995,.T.);
#1347=ORIENTED_EDGE('',*,*,#996,.F.);
#1348=ORIENTED_EDGE('',*,*,#995,.F.);
#1349=ORIENTED_EDGE('',*,*,#997,.T.);
#1350=ORIENTED_EDGE('',*,*,#993,.F.);
#1351=ORIENTED_EDGE('',*,*,#998,.F.);
#1352=ORIENTED_EDGE('',*,*,#983,.F.);
#1353=ORIENTED_EDGE('',*,*,#999,.F.);
#1354=ORIENTED_EDGE('',*,*,#988,.T.);
#1355=ORIENTED_EDGE('',*,*,#1000,.F.);
#1356=ORIENTED_EDGE('',*,*,#1001,.F.);
#1357=ORIENTED_EDGE('',*,*,#1002,.T.);
#1358=ORIENTED_EDGE('',*,*,#1003,.F.);
#1359=ORIENTED_EDGE('',*,*,#1004,.F.);
#1360=ORIENTED_EDGE('',*,*,#1005,.T.);
#1361=ORIENTED_EDGE('',*,*,#1006,.F.);
#1362=ORIENTED_EDGE('',*,*,#1007,.F.);
#1363=ORIENTED_EDGE('',*,*,#1008,.T.);
#1364=ORIENTED_EDGE('',*,*,#1009,.T.);
#1365=ORIENTED_EDGE('',*,*,#1010,.F.);
#1366=ORIENTED_EDGE('',*,*,#1009,.F.);
#1367=ORIENTED_EDGE('',*,*,#1011,.T.);
#1368=ORIENTED_EDGE('',*,*,#1012,.T.);
#1369=ORIENTED_EDGE('',*,*,#1013,.F.);
#1370=ORIENTED_EDGE('',*,*,#1014,.T.);
#1371=ORIENTED_EDGE('',*,*,#1015,.F.);
#1372=ORIENTED_EDGE('',*,*,#1014,.F.);
#1373=ORIENTED_EDGE('',*,*,#1016,.F.);
#1374=ORIENTED_EDGE('',*,*,#1002,.F.);
#1375=ORIENTED_EDGE('',*,*,#1017,.T.);
#1376=ORIENTED_EDGE('',*,*,#1007,.T.);
#1377=ORIENTED_EDGE('',*,*,#1018,.F.);
#1378=ORIENTED_EDGE('',*,*,#1012,.F.);
#1379=ORIENTED_EDGE('',*,*,#1019,.F.);
#1380=ORIENTED_EDGE('',*,*,#1020,.T.);
#1381=ORIENTED_EDGE('',*,*,#1019,.T.);
#1382=ORIENTED_EDGE('',*,*,#1011,.F.);
#1383=ORIENTED_EDGE('',*,*,#1008,.F.);
#1384=ORIENTED_EDGE('',*,*,#1017,.F.);
#1385=ORIENTED_EDGE('',*,*,#1005,.F.);
#1386=ORIENTED_EDGE('',*,*,#1021,.F.);
#1387=ORIENTED_EDGE('',*,*,#896,.T.);
#1388=ORIENTED_EDGE('',*,*,#1022,.F.);
#1389=ORIENTED_EDGE('',*,*,#1023,.F.);
#1390=ORIENTED_EDGE('',*,*,#999,.T.);
#1391=ORIENTED_EDGE('',*,*,#1024,.F.);
#1392=ORIENTED_EDGE('',*,*,#1025,.F.);
#1393=ORIENTED_EDGE('',*,*,#894,.F.);
#1394=ORIENTED_EDGE('',*,*,#1026,.T.);
#1395=ORIENTED_EDGE('',*,*,#984,.T.);
#1396=ORIENTED_EDGE('',*,*,#998,.T.);
#1397=ORIENTED_EDGE('',*,*,#992,.T.);
#1398=ORIENTED_EDGE('',*,*,#989,.T.);
#1399=ORIENTED_EDGE('',*,*,#1027,.T.);
#1400=ORIENTED_EDGE('',*,*,#967,.T.);
#1401=ORIENTED_EDGE('',*,*,#1028,.T.);
#1402=ORIENTED_EDGE('',*,*,#980,.T.);
#1403=ORIENTED_EDGE('',*,*,#1010,.T.);
#1404=ORIENTED_EDGE('',*,*,#1015,.T.);
#1405=ORIENTED_EDGE('',*,*,#1029,.T.);
#1406=ORIENTED_EDGE('',*,*,#977,.T.);
#1407=ORIENTED_EDGE('',*,*,#1030,.T.);
#1408=ORIENTED_EDGE('',*,*,#970,.T.);
#1409=ORIENTED_EDGE('',*,*,#991,.T.);
#1410=ORIENTED_EDGE('',*,*,#996,.T.);
#1411=ORIENTED_EDGE('',*,*,#858,.F.);
#1412=ORIENTED_EDGE('',*,*,#874,.F.);
#1413=ORIENTED_EDGE('',*,*,#1031,.F.);
#1414=ORIENTED_EDGE('',*,*,#892,.F.);
#1415=ORIENTED_EDGE('',*,*,#1032,.T.);
#1416=ORIENTED_EDGE('',*,*,#1000,.T.);
#1417=ORIENTED_EDGE('',*,*,#987,.F.);
#1418=ORIENTED_EDGE('',*,*,#997,.F.);
#1419=ORIENTED_EDGE('',*,*,#986,.F.);
#1420=ORIENTED_EDGE('',*,*,#1033,.F.);
#1421=ORIENTED_EDGE('',*,*,#962,.F.);
#1422=ORIENTED_EDGE('',*,*,#960,.T.);
#1423=ORIENTED_EDGE('',*,*,#826,.T.);
#1424=ORIENTED_EDGE('',*,*,#955,.F.);
#1425=ORIENTED_EDGE('',*,*,#966,.T.);
#1426=ORIENTED_EDGE('',*,*,#1034,.T.);
#1427=ORIENTED_EDGE('',*,*,#1003,.T.);
#1428=ORIENTED_EDGE('',*,*,#1016,.T.);
#1429=ORIENTED_EDGE('',*,*,#1006,.T.);
#1430=ORIENTED_EDGE('',*,*,#1018,.T.);
#1431=ORIENTED_EDGE('',*,*,#1035,.T.);
#1432=ORIENTED_EDGE('',*,*,#898,.F.);
#1433=ORIENTED_EDGE('',*,*,#1036,.T.);
#1434=ORIENTED_EDGE('',*,*,#888,.F.);
#1435=ORIENTED_EDGE('',*,*,#878,.T.);
#1436=ORIENTED_EDGE('',*,*,#846,.F.);
#1437=ORIENTED_EDGE('',*,*,#817,.F.);
#1438=ORIENTED_EDGE('',*,*,#820,.F.);
#1439=ORIENTED_EDGE('',*,*,#994,.F.);
#1440=ORIENTED_EDGE('',*,*,#982,.F.);
#1441=ORIENTED_EDGE('',*,*,#979,.F.);
#1442=ORIENTED_EDGE('',*,*,#972,.T.);
#1443=ORIENTED_EDGE('',*,*,#969,.T.);
#1444=ORIENTED_EDGE('',*,*,#1013,.T.);
#1445=ORIENTED_EDGE('',*,*,#834,.F.);
#1446=ORIENTED_EDGE('',*,*,#882,.F.);
#1447=ORIENTED_EDGE('',*,*,#875,.F.);
#1448=ORIENTED_EDGE('',*,*,#854,.F.);
#1449=ORIENTED_EDGE('',*,*,#1025,.T.);
#1450=ORIENTED_EDGE('',*,*,#1037,.T.);
#1451=ORIENTED_EDGE('',*,*,#1027,.F.);
#1452=ORIENTED_EDGE('',*,*,#1037,.F.);
#1453=ORIENTED_EDGE('',*,*,#1024,.T.);
#1454=ORIENTED_EDGE('',*,*,#1001,.T.);
#1455=ORIENTED_EDGE('',*,*,#1032,.F.);
#1456=ORIENTED_EDGE('',*,*,#891,.F.);
#1457=ORIENTED_EDGE('',*,*,#893,.F.);
#1458=ORIENTED_EDGE('',*,*,#1031,.T.);
#1459=ORIENTED_EDGE('',*,*,#873,.F.);
#1460=ORIENTED_EDGE('',*,*,#976,.F.);
#1461=ORIENTED_EDGE('',*,*,#1038,.T.);
#1462=ORIENTED_EDGE('',*,*,#1030,.F.);
#1463=ORIENTED_EDGE('',*,*,#1038,.F.);
#1464=ORIENTED_EDGE('',*,*,#975,.F.);
#1465=ORIENTED_EDGE('',*,*,#963,.F.);
#1466=ORIENTED_EDGE('',*,*,#1033,.T.);
#1467=ORIENTED_EDGE('',*,*,#985,.F.);
#1468=ORIENTED_EDGE('',*,*,#1026,.F.);
#1469=ORIENTED_EDGE('',*,*,#889,.F.);
#1470=ORIENTED_EDGE('',*,*,#1036,.F.);
#1471=ORIENTED_EDGE('',*,*,#897,.F.);
#1472=ORIENTED_EDGE('',*,*,#1021,.T.);
#1473=ORIENTED_EDGE('',*,*,#1004,.T.);
#1474=ORIENTED_EDGE('',*,*,#1034,.F.);
#1475=ORIENTED_EDGE('',*,*,#965,.T.);
#1476=ORIENTED_EDGE('',*,*,#974,.T.);
#1477=ORIENTED_EDGE('',*,*,#1039,.T.);
#1478=ORIENTED_EDGE('',*,*,#1028,.F.);
#1479=ORIENTED_EDGE('',*,*,#1039,.F.);
#1480=ORIENTED_EDGE('',*,*,#973,.T.);
#1481=ORIENTED_EDGE('',*,*,#895,.F.);
#1482=ORIENTED_EDGE('',*,*,#1035,.F.);
#1483=ORIENTED_EDGE('',*,*,#1020,.F.);
#1484=ORIENTED_EDGE('',*,*,#1023,.T.);
#1485=ORIENTED_EDGE('',*,*,#1040,.T.);
#1486=ORIENTED_EDGE('',*,*,#1029,.F.);
#1487=ORIENTED_EDGE('',*,*,#1040,.F.);
#1488=ORIENTED_EDGE('',*,*,#1022,.T.);
#1489=CYLINDRICAL_SURFACE('',#1605,1.5);
#1490=CYLINDRICAL_SURFACE('',#1608,1.5);
#1491=CYLINDRICAL_SURFACE('',#1620,1.5);
#1492=CYLINDRICAL_SURFACE('',#1621,1.5);
#1493=CYLINDRICAL_SURFACE('',#1624,2.75);
#1494=CYLINDRICAL_SURFACE('',#1635,2.75);
#1495=CYLINDRICAL_SURFACE('',#1643,1.5);
#1496=CYLINDRICAL_SURFACE('',#1646,1.5);
#1497=CYLINDRICAL_SURFACE('',#1652,3.3);
#1498=CYLINDRICAL_SURFACE('',#1655,3.3);
#1499=CYLINDRICAL_SURFACE('',#1665,1.5);
#1500=CYLINDRICAL_SURFACE('',#1668,1.49999999999999);
#1501=CYLINDRICAL_SURFACE('',#1679,1.5);
#1502=CYLINDRICAL_SURFACE('',#1682,1.5);
#1503=CYLINDRICAL_SURFACE('',#1690,1.5);
#1504=CYLINDRICAL_SURFACE('',#1693,1.5);
#1505=CYLINDRICAL_SURFACE('',#1697,3.);
#1506=CYLINDRICAL_SURFACE('',#1702,1.5);
#1507=CYLINDRICAL_SURFACE('',#1708,3.);
#1508=CYLINDRICAL_SURFACE('',#1713,1.5);
#1509=CYLINDRICAL_SURFACE('',#1743,3.);
#1510=CYLINDRICAL_SURFACE('',#1744,3.);
#1511=CYLINDRICAL_SURFACE('',#1745,3.);
#1512=CYLINDRICAL_SURFACE('',#1746,3.);
#1513=ADVANCED_FACE('',(#99),#1489,.F.);
#1514=ADVANCED_FACE('',(#100),#1490,.F.);
#1515=ADVANCED_FACE('',(#101),#45,.F.);
#1516=ADVANCED_FACE('',(#102,#15,#16),#46,.T.);
#1517=ADVANCED_FACE('',(#103),#47,.T.);
#1518=ADVANCED_FACE('',(#104),#48,.T.);
#1519=ADVANCED_FACE('',(#105,#17,#18),#49,.F.);
#1520=ADVANCED_FACE('',(#106),#1491,.F.);
#1521=ADVANCED_FACE('',(#107),#1492,.F.);
#1522=ADVANCED_FACE('',(#108),#50,.T.);
#1523=ADVANCED_FACE('',(#109),#51,.T.);
#1524=ADVANCED_FACE('',(#110),#1493,.T.);
#1525=ADVANCED_FACE('',(#111),#52,.F.);
#1526=ADVANCED_FACE('',(#112),#53,.F.);
#1527=ADVANCED_FACE('',(#113,#19,#20),#54,.T.);
#1528=ADVANCED_FACE('',(#114),#55,.F.);
#1529=ADVANCED_FACE('',(#115),#56,.F.);
#1530=ADVANCED_FACE('',(#116),#57,.T.);
#1531=ADVANCED_FACE('',(#117),#58,.T.);
#1532=ADVANCED_FACE('',(#118),#1494,.T.);
#1533=ADVANCED_FACE('',(#119),#59,.T.);
#1534=ADVANCED_FACE('',(#120),#60,.T.);
#1535=ADVANCED_FACE('',(#121),#61,.F.);
#1536=ADVANCED_FACE('',(#122),#62,.F.);
#1537=ADVANCED_FACE('',(#123),#63,.F.);
#1538=ADVANCED_FACE('',(#124),#64,.T.);
#1539=ADVANCED_FACE('',(#125),#1495,.F.);
#1540=ADVANCED_FACE('',(#126),#1496,.F.);
#1541=ADVANCED_FACE('',(#127),#65,.T.);
#1542=ADVANCED_FACE('',(#128),#66,.T.);
#1543=ADVANCED_FACE('',(#129),#67,.T.);
#1544=ADVANCED_FACE('',(#130),#1497,.T.);
#1545=ADVANCED_FACE('',(#131),#1498,.T.);
#1546=ADVANCED_FACE('',(#132,#21,#22),#68,.F.);
#1547=ADVANCED_FACE('',(#133),#69,.T.);
#1548=ADVANCED_FACE('',(#134),#70,.T.);
#1549=ADVANCED_FACE('',(#135),#71,.T.);
#1550=ADVANCED_FACE('',(#136),#72,.T.);
#1551=ADVANCED_FACE('',(#137),#73,.T.);
#1552=ADVANCED_FACE('',(#138,#23),#74,.T.);
#1553=ADVANCED_FACE('',(#139),#1499,.F.);
#1554=ADVANCED_FACE('',(#140),#1500,.F.);
#1555=ADVANCED_FACE('',(#141),#75,.T.);
#1556=ADVANCED_FACE('',(#142,#24),#76,.T.);
#1557=ADVANCED_FACE('',(#143,#25,#26),#77,.T.);
#1558=ADVANCED_FACE('',(#144),#78,.T.);
#1559=ADVANCED_FACE('',(#145,#27),#79,.T.);
#1560=ADVANCED_FACE('',(#146),#80,.F.);
#1561=ADVANCED_FACE('',(#147,#28,#29),#81,.T.);
#1562=ADVANCED_FACE('',(#148),#82,.T.);
#1563=ADVANCED_FACE('',(#149),#1501,.F.);
#1564=ADVANCED_FACE('',(#150),#1502,.F.);
#1565=ADVANCED_FACE('',(#151),#83,.T.);
#1566=ADVANCED_FACE('',(#152),#1503,.F.);
#1567=ADVANCED_FACE('',(#153),#1504,.F.);
#1568=ADVANCED_FACE('',(#154),#84,.T.);
#1569=ADVANCED_FACE('',(#155),#1505,.T.);
#1570=ADVANCED_FACE('',(#156),#1506,.F.);
#1571=ADVANCED_FACE('',(#157),#85,.T.);
#1572=ADVANCED_FACE('',(#158),#86,.T.);
#1573=ADVANCED_FACE('',(#159),#87,.F.);
#1574=ADVANCED_FACE('',(#160),#1507,.T.);
#1575=ADVANCED_FACE('',(#161),#1508,.F.);
#1576=ADVANCED_FACE('',(#162),#88,.F.);
#1577=ADVANCED_FACE('',(#163),#89,.F.);
#1578=ADVANCED_FACE('',(#164),#90,.F.);
#1579=ADVANCED_FACE('',(#165),#91,.T.);
#1580=ADVANCED_FACE('',(#166,#30),#92,.T.);
#1581=ADVANCED_FACE('',(#167,#31),#93,.F.);
#1582=ADVANCED_FACE('',(#168,#32),#94,.F.);
#1583=ADVANCED_FACE('',(#169,#33),#95,.F.);
#1584=ADVANCED_FACE('',(#170,#34),#96,.T.);
#1585=ADVANCED_FACE('',(#171,#35),#97,.T.);
#1586=ADVANCED_FACE('',(#172,#36,#37,#38,#39,#40,#41,#42,#43,#44),#98,.T.);
#1587=ADVANCED_FACE('',(#173),#1509,.T.);
#1588=ADVANCED_FACE('',(#174),#1510,.T.);
#1589=ADVANCED_FACE('',(#175),#1511,.T.);
#1590=ADVANCED_FACE('',(#176),#1512,.T.);
#1591=CLOSED_SHELL('',(#1513,#1514,#1515,#1516,#1517,#1518,#1519,#1520,
#1521,#1522,#1523,#1524,#1525,#1526,#1527,#1528,#1529,#1530,#1531,#1532,
#1533,#1534,#1535,#1536,#1537,#1538,#1539,#1540,#1541,#1542,#1543,#1544,
#1545,#1546,#1547,#1548,#1549,#1550,#1551,#1552,#1553,#1554,#1555,#1556,
#1557,#1558,#1559,#1560,#1561,#1562,#1563,#1564,#1565,#1566,#1567,#1568,
#1569,#1570,#1571,#1572,#1573,#1574,#1575,#1576,#1577,#1578,#1579,#1580,
#1581,#1582,#1583,#1584,#1585,#1586,#1587,#1588,#1589,#1590));
#1592=DERIVED_UNIT_ELEMENT(#1594,1.);
#1593=DERIVED_UNIT_ELEMENT(#2649,-3.);
#1594=(
MASS_UNIT()
NAMED_UNIT(*)
SI_UNIT(.KILO.,.GRAM.)
);
#1595=DERIVED_UNIT((#1592,#1593));
#1596=MEASURE_REPRESENTATION_ITEM('density measure',
POSITIVE_RATIO_MEASURE(7850.),#1595);
#1597=PROPERTY_DEFINITION_REPRESENTATION(#1602,#1599);
#1598=PROPERTY_DEFINITION_REPRESENTATION(#1603,#1600);
#1599=REPRESENTATION('material name',(#1601),#2646);
#1600=REPRESENTATION('density',(#1596),#2646);
#1601=DESCRIPTIVE_REPRESENTATION_ITEM('\X2\94A2\X0\','\X2\94A2\X0\');
#1602=PROPERTY_DEFINITION('material property','material name',#2656);
#1603=PROPERTY_DEFINITION('material property','density of part',#2656);
#1604=AXIS2_PLACEMENT_3D('',#2193,#1747,#1748);
#1605=AXIS2_PLACEMENT_3D('',#2194,#1749,#1750);
#1606=AXIS2_PLACEMENT_3D('',#2196,#1751,#1752);
#1607=AXIS2_PLACEMENT_3D('',#2199,#1754,#1755);
#1608=AXIS2_PLACEMENT_3D('',#2200,#1756,#1757);
#1609=AXIS2_PLACEMENT_3D('',#2202,#1758,#1759);
#1610=AXIS2_PLACEMENT_3D('',#2205,#1761,#1762);
#1611=AXIS2_PLACEMENT_3D('',#2206,#1763,#1764);
#1612=AXIS2_PLACEMENT_3D('',#2215,#1769,#1770);
#1613=AXIS2_PLACEMENT_3D('',#2233,#1779,#1780);
#1614=AXIS2_PLACEMENT_3D('',#2235,#1781,#1782);
#1615=AXIS2_PLACEMENT_3D('',#2236,#1783,#1784);
#1616=AXIS2_PLACEMENT_3D('',#2245,#1789,#1790);
#1617=AXIS2_PLACEMENT_3D('',#2254,#1795,#1796);
#1618=AXIS2_PLACEMENT_3D('',#2264,#1801,#1802);
#1619=AXIS2_PLACEMENT_3D('',#2266,#1803,#1804);
#1620=AXIS2_PLACEMENT_3D('',#2267,#1805,#1806);
#1621=AXIS2_PLACEMENT_3D('',#2269,#1808,#1809);
#1622=AXIS2_PLACEMENT_3D('',#2271,#1811,#1812);
#1623=AXIS2_PLACEMENT_3D('',#2277,#1816,#1817);
#1624=AXIS2_PLACEMENT_3D('',#2284,#1822,#1823);
#1625=AXIS2_PLACEMENT_3D('',#2289,#1825,#1826);
#1626=AXIS2_PLACEMENT_3D('',#2292,#1828,#1829);
#1627=AXIS2_PLACEMENT_3D('',#2293,#1830,#1831);
#1628=AXIS2_PLACEMENT_3D('',#2296,#1834,#1835);
#1629=AXIS2_PLACEMENT_3D('',#2299,#1838,#1839);
#1630=AXIS2_PLACEMENT_3D('',#2304,#1842,#1843);
#1631=AXIS2_PLACEMENT_3D('',#2306,#1845,#1846);
#1632=AXIS2_PLACEMENT_3D('',#2312,#1850,#1851);
#1633=AXIS2_PLACEMENT_3D('',#2318,#1855,#1856);
#1634=AXIS2_PLACEMENT_3D('',#2324,#1860,#1861);
#1635=AXIS2_PLACEMENT_3D('',#2327,#1864,#1865);
#1636=AXIS2_PLACEMENT_3D('',#2332,#1868,#1869);
#1637=AXIS2_PLACEMENT_3D('',#2333,#1870,#1871);
#1638=AXIS2_PLACEMENT_3D('',#2335,#1873,#1874);
#1639=AXIS2_PLACEMENT_3D('',#2337,#1876,#1877);
#1640=AXIS2_PLACEMENT_3D('',#2343,#1881,#1882);
#1641=AXIS2_PLACEMENT_3D('',#2352,#1887,#1888);
#1642=AXIS2_PLACEMENT_3D('',#2361,#1893,#1894);
#1643=AXIS2_PLACEMENT_3D('',#2370,#1899,#1900);
#1644=AXIS2_PLACEMENT_3D('',#2372,#1901,#1902);
#1645=AXIS2_PLACEMENT_3D('',#2375,#1904,#1905);
#1646=AXIS2_PLACEMENT_3D('',#2376,#1906,#1907);
#1647=AXIS2_PLACEMENT_3D('',#2378,#1908,#1909);
#1648=AXIS2_PLACEMENT_3D('',#2381,#1911,#1912);
#1649=AXIS2_PLACEMENT_3D('',#2382,#1913,#1914);
#1650=AXIS2_PLACEMENT_3D('',#2392,#1920,#1921);
#1651=AXIS2_PLACEMENT_3D('',#2398,#1925,#1926);
#1652=AXIS2_PLACEMENT_3D('',#2404,#1930,#1931);
#1653=AXIS2_PLACEMENT_3D('',#2405,#1932,#1933);
#1654=AXIS2_PLACEMENT_3D('',#2406,#1934,#1935);
#1655=AXIS2_PLACEMENT_3D('',#2407,#1936,#1937);
#1656=AXIS2_PLACEMENT_3D('',#2409,#1938,#1939);
#1657=AXIS2_PLACEMENT_3D('',#2412,#1941,#1942);
#1658=AXIS2_PLACEMENT_3D('',#2413,#1943,#1944);
#1659=AXIS2_PLACEMENT_3D('',#2417,#1947,#1948);
#1660=AXIS2_PLACEMENT_3D('',#2426,#1953,#1954);
#1661=AXIS2_PLACEMENT_3D('',#2432,#1958,#1959);
#1662=AXIS2_PLACEMENT_3D('',#2436,#1962,#1963);
#1663=AXIS2_PLACEMENT_3D('',#2440,#1966,#1967);
#1664=AXIS2_PLACEMENT_3D('',#2442,#1969,#1970);
#1665=AXIS2_PLACEMENT_3D('',#2451,#1975,#1976);
#1666=AXIS2_PLACEMENT_3D('',#2453,#1977,#1978);
#1667=AXIS2_PLACEMENT_3D('',#2456,#1980,#1981);
#1668=AXIS2_PLACEMENT_3D('',#2457,#1982,#1983);
#1669=AXIS2_PLACEMENT_3D('',#2459,#1984,#1985);
#1670=AXIS2_PLACEMENT_3D('',#2462,#1987,#1988);
#1671=AXIS2_PLACEMENT_3D('',#2463,#1989,#1990);
#1672=AXIS2_PLACEMENT_3D('',#2469,#1994,#1995);
#1673=AXIS2_PLACEMENT_3D('',#2472,#1998,#1999);
#1674=AXIS2_PLACEMENT_3D('',#2476,#2002,#2003);
#1675=AXIS2_PLACEMENT_3D('',#2480,#2006,#2007);
#1676=AXIS2_PLACEMENT_3D('',#2483,#2010,#2011);
#1677=AXIS2_PLACEMENT_3D('',#2484,#2012,#2013);
#1678=AXIS2_PLACEMENT_3D('',#2488,#2016,#2017);
#1679=AXIS2_PLACEMENT_3D('',#2498,#2023,#2024);
#1680=AXIS2_PLACEMENT_3D('',#2500,#2025,#2026);
#1681=AXIS2_PLACEMENT_3D('',#2503,#2028,#2029);
#1682=AXIS2_PLACEMENT_3D('',#2504,#2030,#2031);
#1683=AXIS2_PLACEMENT_3D('',#2506,#2032,#2033);
#1684=AXIS2_PLACEMENT_3D('',#2509,#2035,#2036);
#1685=AXIS2_PLACEMENT_3D('',#2510,#2037,#2038);
#1686=AXIS2_PLACEMENT_3D('',#2512,#2039,#2040);
#1687=AXIS2_PLACEMENT_3D('',#2513,#2041,#2042);
#1688=AXIS2_PLACEMENT_3D('',#2515,#2043,#2044);
#1689=AXIS2_PLACEMENT_3D('',#2516,#2045,#2046);
#1690=AXIS2_PLACEMENT_3D('',#2517,#2047,#2048);
#1691=AXIS2_PLACEMENT_3D('',#2519,#2049,#2050);
#1692=AXIS2_PLACEMENT_3D('',#2522,#2052,#2053);
#1693=AXIS2_PLACEMENT_3D('',#2523,#2054,#2055);
#1694=AXIS2_PLACEMENT_3D('',#2525,#2056,#2057);
#1695=AXIS2_PLACEMENT_3D('',#2528,#2059,#2060);
#1696=AXIS2_PLACEMENT_3D('',#2529,#2061,#2062);
#1697=AXIS2_PLACEMENT_3D('',#2538,#2067,#2068);
#1698=AXIS2_PLACEMENT_3D('',#2541,#2069,#2070);
#1699=AXIS2_PLACEMENT_3D('',#2545,#2072,#2073);
#1700=AXIS2_PLACEMENT_3D('',#2548,#2075,#2076);
#1701=AXIS2_PLACEMENT_3D('',#2550,#2077,#2078);
#1702=AXIS2_PLACEMENT_3D('',#2552,#2080,#2081);
#1703=AXIS2_PLACEMENT_3D('',#2554,#2082,#2083);
#1704=AXIS2_PLACEMENT_3D('',#2557,#2085,#2086);
#1705=AXIS2_PLACEMENT_3D('',#2558,#2087,#2088);
#1706=AXIS2_PLACEMENT_3D('',#2561,#2091,#2092);
#1707=AXIS2_PLACEMENT_3D('',#2567,#2096,#2097);
#1708=AXIS2_PLACEMENT_3D('',#2576,#2102,#2103);
#1709=AXIS2_PLACEMENT_3D('',#2579,#2104,#2105);
#1710=AXIS2_PLACEMENT_3D('',#2583,#2107,#2108);
#1711=AXIS2_PLACEMENT_3D('',#2586,#2110,#2111);
#1712=AXIS2_PLACEMENT_3D('',#2588,#2112,#2113);
#1713=AXIS2_PLACEMENT_3D('',#2590,#2115,#2116);
#1714=AXIS2_PLACEMENT_3D('',#2592,#2117,#2118);
#1715=AXIS2_PLACEMENT_3D('',#2595,#2120,#2121);
#1716=AXIS2_PLACEMENT_3D('',#2596,#2122,#2123);
#1717=AXIS2_PLACEMENT_3D('',#2599,#2126,#2127);
#1718=AXIS2_PLACEMENT_3D('',#2605,#2131,#2132);
#1719=AXIS2_PLACEMENT_3D('',#2606,#2133,#2134);
#1720=AXIS2_PLACEMENT_3D('',#2608,#2135,#2136);
#1721=AXIS2_PLACEMENT_3D('',#2609,#2137,#2138);
#1722=AXIS2_PLACEMENT_3D('',#2610,#2139,#2140);
#1723=AXIS2_PLACEMENT_3D('',#2612,#2141,#2142);
#1724=AXIS2_PLACEMENT_3D('',#2613,#2143,#2144);
#1725=AXIS2_PLACEMENT_3D('',#2614,#2145,#2146);
#1726=AXIS2_PLACEMENT_3D('',#2615,#2147,#2148);
#1727=AXIS2_PLACEMENT_3D('',#2617,#2149,#2150);
#1728=AXIS2_PLACEMENT_3D('',#2618,#2151,#2152);
#1729=AXIS2_PLACEMENT_3D('',#2620,#2153,#2154);
#1730=AXIS2_PLACEMENT_3D('',#2621,#2155,#2156);
#1731=AXIS2_PLACEMENT_3D('',#2622,#2157,#2158);
#1732=AXIS2_PLACEMENT_3D('',#2624,#2159,#2160);
#1733=AXIS2_PLACEMENT_3D('',#2625,#2161,#2162);
#1734=AXIS2_PLACEMENT_3D('',#2627,#2163,#2164);
#1735=AXIS2_PLACEMENT_3D('',#2628,#2165,#2166);
#1736=AXIS2_PLACEMENT_3D('',#2629,#2167,#2168);
#1737=AXIS2_PLACEMENT_3D('',#2630,#2169,#2170);
#1738=AXIS2_PLACEMENT_3D('',#2631,#2171,#2172);
#1739=AXIS2_PLACEMENT_3D('',#2632,#2173,#2174);
#1740=AXIS2_PLACEMENT_3D('',#2633,#2175,#2176);
#1741=AXIS2_PLACEMENT_3D('',#2634,#2177,#2178);
#1742=AXIS2_PLACEMENT_3D('',#2635,#2179,#2180);
#1743=AXIS2_PLACEMENT_3D('',#2636,#2181,#2182);
#1744=AXIS2_PLACEMENT_3D('',#2638,#2184,#2185);
#1745=AXIS2_PLACEMENT_3D('',#2640,#2187,#2188);
#1746=AXIS2_PLACEMENT_3D('',#2642,#2190,#2191);
#1747=DIRECTION('axis',(0.,0.,1.));
#1748=DIRECTION('refdir',(1.,0.,0.));
#1749=DIRECTION('center_axis',(1.,0.,0.));
#1750=DIRECTION('ref_axis',(0.,-1.,0.));
#1751=DIRECTION('center_axis',(1.,-4.89264298839078E-15,-1.37528877175441E-14));
#1752=DIRECTION('ref_axis',(0.,-1.,0.));
#1753=DIRECTION('',(-1.,0.,0.));
#1754=DIRECTION('center_axis',(1.,0.,0.));
#1755=DIRECTION('ref_axis',(0.,-1.,0.));
#1756=DIRECTION('center_axis',(1.,0.,0.));
#1757=DIRECTION('ref_axis',(0.,-1.,0.));
#1758=DIRECTION('center_axis',(1.,-4.89264298839078E-15,-1.37528877175441E-14));
#1759=DIRECTION('ref_axis',(0.,-1.,0.));
#1760=DIRECTION('',(-1.,0.,0.));
#1761=DIRECTION('center_axis',(1.,0.,0.));
#1762=DIRECTION('ref_axis',(0.,-1.,0.));
#1763=DIRECTION('center_axis',(-0.6060279355767,0.,0.795443361466197));
#1764=DIRECTION('ref_axis',(0.795443361466197,0.,0.6060279355767));
#1765=DIRECTION('',(0.795443361466197,0.,0.6060279355767));
#1766=DIRECTION('',(0.,1.,0.));
#1767=DIRECTION('',(-0.795443361466197,-2.35483463422307E-29,-0.6060279355767));
#1768=DIRECTION('',(4.89264298839083E-15,1.,3.81172641119992E-15));
#1769=DIRECTION('center_axis',(-7.05669146560018E-13,3.66860702428553E-27,
-1.));
#1770=DIRECTION('ref_axis',(-1.,0.,7.05669146560018E-13));
#1771=DIRECTION('',(-1.,0.,7.05669146560018E-13));
#1772=DIRECTION('',(0.,-1.,0.));
#1773=DIRECTION('',(-1.,0.,7.05669146560018E-13));
#1774=DIRECTION('',(5.20484814253231E-15,1.,-4.29372242974074E-30));
#1775=DIRECTION('',(1.,0.,-7.05669146560018E-13));
#1776=DIRECTION('',(0.,-1.,5.03301104496713E-14));
#1777=DIRECTION('',(1.,0.,-7.05669146560018E-13));
#1778=DIRECTION('',(-4.89264298839078E-15,-1.,-2.16019822244952E-28));
#1779=DIRECTION('center_axis',(7.05669146560018E-13,-3.66860702428553E-27,
1.));
#1780=DIRECTION('ref_axis',(-1.,-2.58882278789166E-39,7.05669146560018E-13));
#1781=DIRECTION('center_axis',(7.05669146560018E-13,-3.66860702428553E-27,
1.));
#1782=DIRECTION('ref_axis',(-1.,-2.58882278789166E-39,7.05669146560018E-13));
#1783=DIRECTION('center_axis',(-7.05669146560018E-13,3.66860702428553E-27,
-1.));
#1784=DIRECTION('ref_axis',(-1.,0.,7.05669146560018E-13));
#1785=DIRECTION('',(0.,-1.,5.03301104496713E-14));
#1786=DIRECTION('',(-1.,0.,7.05669146560018E-13));
#1787=DIRECTION('',(5.20484814253231E-15,1.,-4.29372242974074E-30));
#1788=DIRECTION('',(1.,0.,-7.05669146560018E-13));
#1789=DIRECTION('center_axis',(-7.05669146560018E-13,3.66860702428553E-27,
-1.));
#1790=DIRECTION('ref_axis',(-1.,0.,7.05669146560018E-13));
#1791=DIRECTION('',(0.,-1.,0.));
#1792=DIRECTION('',(-1.,0.,7.05669146560018E-13));
#1793=DIRECTION('',(5.20484814253231E-15,1.,-4.29372242974074E-30));
#1794=DIRECTION('',(1.,0.,-7.05669146560018E-13));
#1795=DIRECTION('center_axis',(-3.13638004456607E-14,0.,-1.));
#1796=DIRECTION('ref_axis',(-1.,0.,3.13638004456607E-14));
#1797=DIRECTION('',(1.,0.,-3.13638004456607E-14));
#1798=DIRECTION('',(4.89264298839078E-15,1.,-1.53451878339749E-28));
#1799=DIRECTION('',(-1.,0.,3.13638004456607E-14));
#1800=DIRECTION('',(-4.41341856791536E-15,-1.,1.38421579247271E-28));
#1801=DIRECTION('center_axis',(3.13638004456607E-14,0.,1.));
#1802=DIRECTION('ref_axis',(1.,0.,0.));
#1803=DIRECTION('center_axis',(3.13638004456607E-14,0.,1.));
#1804=DIRECTION('ref_axis',(1.,0.,0.));
#1805=DIRECTION('center_axis',(0.,0.,1.));
#1806=DIRECTION('ref_axis',(1.,0.,0.));
#1807=DIRECTION('',(0.,0.,1.));
#1808=DIRECTION('center_axis',(0.,0.,1.));
#1809=DIRECTION('ref_axis',(1.,0.,0.));
#1810=DIRECTION('',(0.,0.,1.));
#1811=DIRECTION('center_axis',(0.,1.,0.));
#1812=DIRECTION('ref_axis',(0.,0.,1.));
#1813=DIRECTION('',(0.,0.,1.));
#1814=DIRECTION('',(-1.37528877175441E-14,0.,-1.));
#1815=DIRECTION('',(1.,0.,4.42743169175191E-41));
#1816=DIRECTION('center_axis',(-6.29126380620871E-15,-1.,-3.51871406773832E-27));
#1817=DIRECTION('ref_axis',(0.,3.51871406773832E-27,-1.));
#1818=DIRECTION('',(0.,3.51871406773832E-27,-1.));
#1819=DIRECTION('',(-1.,6.29126380620871E-15,0.));
#1820=DIRECTION('',(0.,0.,1.));
#1821=DIRECTION('',(1.37528877175441E-14,0.,1.));
#1822=DIRECTION('center_axis',(1.,0.,0.));
#1823=DIRECTION('ref_axis',(0.,-2.75151613087167E-13,-1.));
#1824=DIRECTION('',(1.,0.,0.));
#1825=DIRECTION('center_axis',(-1.,0.,0.));
#1826=DIRECTION('ref_axis',(0.,-1.,0.));
#1827=DIRECTION('',(-1.,0.,0.));
#1828=DIRECTION('center_axis',(-1.,5.20484814253231E-15,1.37528877175441E-14));
#1829=DIRECTION('ref_axis',(0.,-1.,0.));
#1830=DIRECTION('center_axis',(0.,1.,0.));
#1831=DIRECTION('ref_axis',(0.,0.,1.));
#1832=DIRECTION('',(0.,0.,-1.));
#1833=DIRECTION('',(0.,0.,1.));
#1834=DIRECTION('center_axis',(0.,-1.,0.));
#1835=DIRECTION('ref_axis',(0.,0.,-1.));
#1836=DIRECTION('',(0.,0.,1.));
#1837=DIRECTION('',(0.,0.,-1.));
#1838=DIRECTION('center_axis',(-1.,5.20484814253231E-15,1.37528877175441E-14));
#1839=DIRECTION('ref_axis',(-1.37528877175441E-14,6.72879696613679E-29,
-1.));
#1840=DIRECTION('',(-1.37528877175441E-14,0.,-1.));
#1841=DIRECTION('',(0.,0.,1.));
#1842=DIRECTION('center_axis',(-1.,5.20484814253231E-15,1.37528877175441E-14));
#1843=DIRECTION('ref_axis',(0.,-1.,0.));
#1844=DIRECTION('',(0.,0.,-1.));
#1845=DIRECTION('center_axis',(4.42743169175191E-41,7.03742813547665E-27,
-1.));
#1846=DIRECTION('ref_axis',(-1.,1.28866983040955E-14,4.64148963011221E-41));
#1847=DIRECTION('',(0.,-1.,0.));
#1848=DIRECTION('',(1.,0.,0.));
#1849=DIRECTION('',(4.89264298839078E-15,1.,0.));
#1850=DIRECTION('center_axis',(4.42743169175191E-41,7.03742813547665E-27,
-1.));
#1851=DIRECTION('ref_axis',(-1.,1.28866983040955E-14,4.64148963011221E-41));
#1852=DIRECTION('',(4.89264298839078E-15,1.,0.));
#1853=DIRECTION('',(-1.,0.,-4.42743169175191E-41));
#1854=DIRECTION('',(0.,-1.,0.));
#1855=DIRECTION('center_axis',(6.29126380620871E-15,1.,3.51871406773832E-27));
#1856=DIRECTION('ref_axis',(0.,-3.51871406773832E-27,1.));
#1857=DIRECTION('',(1.37528877175441E-14,0.,1.));
#1858=DIRECTION('',(1.,-6.29126380620871E-15,0.));
#1859=DIRECTION('',(0.,-3.51871406773832E-27,1.));
#1860=DIRECTION('center_axis',(0.,-1.,0.));
#1861=DIRECTION('ref_axis',(1.49118828762959E-31,0.,-1.));
#1862=DIRECTION('',(0.,0.,1.));
#1863=DIRECTION('',(1.37528877175441E-14,0.,1.));
#1864=DIRECTION('center_axis',(1.,0.,0.));
#1865=DIRECTION('ref_axis',(0.,-5.95691864598658E-14,-1.));
#1866=DIRECTION('',(-1.,0.,0.));
#1867=DIRECTION('',(1.,0.,0.));
#1868=DIRECTION('center_axis',(-1.,0.,0.));
#1869=DIRECTION('ref_axis',(0.,-1.,0.));
#1870=DIRECTION('center_axis',(0.,1.,0.));
#1871=DIRECTION('ref_axis',(0.,0.,1.));
#1872=DIRECTION('',(0.,0.,1.));
#1873=DIRECTION('center_axis',(0.,-1.,0.));
#1874=DIRECTION('ref_axis',(0.,0.,-1.));
#1875=DIRECTION('',(0.,0.,-1.));
#1876=DIRECTION('center_axis',(4.42743169175191E-41,7.03742813547665E-27,
-1.));
#1877=DIRECTION('ref_axis',(-1.,1.28866983040955E-14,4.64148963011221E-41));
#1878=DIRECTION('',(4.89264298839078E-15,1.,0.));
#1879=DIRECTION('',(-1.,1.25825276124174E-14,4.42743169175191E-41));
#1880=DIRECTION('',(0.,-1.,0.));
#1881=DIRECTION('center_axis',(4.42743169175191E-41,7.03742813547665E-27,
-1.));
#1882=DIRECTION('ref_axis',(-1.,1.28866983040955E-14,4.64148963011221E-41));
#1883=DIRECTION('',(1.,0.,0.));
#1884=DIRECTION('',(4.89264298839078E-15,1.,0.));
#1885=DIRECTION('',(-1.,0.,0.));
#1886=DIRECTION('',(0.,-1.,0.));
#1887=DIRECTION('center_axis',(4.42743169175191E-41,7.03742813547665E-27,
-1.));
#1888=DIRECTION('ref_axis',(-1.,1.28866983040955E-14,4.64148963011221E-41));
#1889=DIRECTION('',(-1.,1.25825276124174E-14,4.42743169175191E-41));
#1890=DIRECTION('',(1.25825276124174E-14,1.,7.03742813547665E-27));
#1891=DIRECTION('',(1.,-1.25825276124174E-14,-4.42743169175191E-41));
#1892=DIRECTION('',(4.89264298839078E-15,1.,0.));
#1893=DIRECTION('center_axis',(5.9305496299207E-15,1.,0.));
#1894=DIRECTION('ref_axis',(-1.,5.9305496299207E-15,0.));
#1895=DIRECTION('',(0.,0.,1.));
#1896=DIRECTION('',(-1.,0.,0.));
#1897=DIRECTION('',(0.,0.,-1.));
#1898=DIRECTION('',(1.,-5.9305496299207E-15,0.));
#1899=DIRECTION('center_axis',(0.,0.,-1.));
#1900=DIRECTION('ref_axis',(-1.,0.,0.));
#1901=DIRECTION('center_axis',(0.,0.,-1.));
#1902=DIRECTION('ref_axis',(-1.,0.,0.));
#1903=DIRECTION('',(0.,0.,-1.));
#1904=DIRECTION('center_axis',(0.,0.,1.));
#1905=DIRECTION('ref_axis',(-1.,0.,0.));
#1906=DIRECTION('center_axis',(0.,0.,-1.));
#1907=DIRECTION('ref_axis',(-1.,0.,0.));
#1908=DIRECTION('center_axis',(0.,0.,-1.));
#1909=DIRECTION('ref_axis',(-1.,0.,0.));
#1910=DIRECTION('',(0.,0.,-1.));
#1911=DIRECTION('center_axis',(0.,0.,1.));
#1912=DIRECTION('ref_axis',(-1.,0.,0.));
#1913=DIRECTION('center_axis',(1.,-1.02706460449293E-15,0.));
#1914=DIRECTION('ref_axis',(1.02706460449293E-15,1.,0.));
#1915=DIRECTION('',(0.,0.,-1.));
#1916=DIRECTION('',(-1.02706460449293E-15,-1.,0.));
#1917=DIRECTION('',(0.,0.,1.));
#1918=DIRECTION('',(-1.02706460449293E-15,-1.,0.));
#1919=DIRECTION('',(-1.02706460449293E-15,-1.,0.));
#1920=DIRECTION('center_axis',(-5.19040094683726E-15,-1.,0.));
#1921=DIRECTION('ref_axis',(1.,-5.19040094683726E-15,0.));
#1922=DIRECTION('',(1.,-5.19040094683726E-15,0.));
#1923=DIRECTION('',(0.,0.,1.));
#1924=DIRECTION('',(-1.,5.19040094683726E-15,0.));
#1925=DIRECTION('center_axis',(5.19040094683726E-15,1.,0.));
#1926=DIRECTION('ref_axis',(-1.,5.19040094683726E-15,0.));
#1927=DIRECTION('',(-1.,5.19040094683726E-15,0.));
#1928=DIRECTION('',(1.,-5.19040094683726E-15,0.));
#1929=DIRECTION('',(0.,0.,-1.));
#1930=DIRECTION('center_axis',(0.,0.,1.));
#1931=DIRECTION('ref_axis',(0.00310556534895362,0.999995177720305,0.));
#1932=DIRECTION('center_axis',(0.,0.,-1.));
#1933=DIRECTION('ref_axis',(-5.19040094683726E-15,-1.,0.));
#1934=DIRECTION('center_axis',(0.,0.,1.));
#1935=DIRECTION('ref_axis',(-5.19040094683726E-15,-1.,0.));
#1936=DIRECTION('center_axis',(0.,0.,1.));
#1937=DIRECTION('ref_axis',(-5.19040094683726E-15,-1.,0.));
#1938=DIRECTION('center_axis',(0.,0.,1.));
#1939=DIRECTION('ref_axis',(-5.19040094683726E-15,-1.,0.));
#1940=DIRECTION('',(0.,0.,1.));
#1941=DIRECTION('center_axis',(0.,0.,-1.));
#1942=DIRECTION('ref_axis',(-5.19040094683726E-15,-1.,0.));
#1943=DIRECTION('center_axis',(0.,0.,1.));
#1944=DIRECTION('ref_axis',(-5.19040094683726E-15,-1.,0.));
#1945=DIRECTION('',(-1.,4.45025226375383E-15,0.));
#1946=DIRECTION('',(0.,-1.,0.));
#1947=DIRECTION('center_axis',(0.,1.,0.));
#1948=DIRECTION('ref_axis',(0.,0.,1.));
#1949=DIRECTION('',(-1.,0.,-1.66555384195807E-15));
#1950=DIRECTION('',(0.,0.,1.));
#1951=DIRECTION('',(1.,0.,1.66555384195807E-15));
#1952=DIRECTION('',(0.,0.,1.));
#1953=DIRECTION('center_axis',(-1.,0.,0.));
#1954=DIRECTION('ref_axis',(0.,0.,-1.));
#1955=DIRECTION('',(0.,1.,0.));
#1956=DIRECTION('',(0.,0.,-1.));
#1957=DIRECTION('',(0.,-1.,0.));
#1958=DIRECTION('center_axis',(-1.66555384195807E-15,0.,1.));
#1959=DIRECTION('ref_axis',(-1.,0.,-1.66555384195807E-15));
#1960=DIRECTION('',(-1.,0.,-1.66555384195807E-15));
#1961=DIRECTION('',(-6.29126380620879E-15,-1.,-1.04784386032028E-29));
#1962=DIRECTION('center_axis',(1.66555384195807E-15,0.,-1.));
#1963=DIRECTION('ref_axis',(1.,0.,1.66555384195807E-15));
#1964=DIRECTION('',(6.29126380620879E-15,1.,1.04784386032028E-29));
#1965=DIRECTION('',(1.,0.,1.66555384195807E-15));
#1966=DIRECTION('center_axis',(0.,-1.,0.));
#1967=DIRECTION('ref_axis',(0.,0.,-1.));
#1968=DIRECTION('',(0.,0.,-1.));
#1969=DIRECTION('center_axis',(-1.,6.29126380620879E-15,0.));
#1970=DIRECTION('ref_axis',(6.29126380620879E-15,1.,3.50610974544167E-15));
#1971=DIRECTION('',(-6.29126380620879E-15,-1.,-4.27526883617796E-15));
#1972=DIRECTION('',(0.,0.,-1.));
#1973=DIRECTION('',(-6.29126380620879E-15,-1.,1.11755294906303E-28));
#1974=DIRECTION('',(0.,0.,-1.));
#1975=DIRECTION('center_axis',(0.,1.,0.));
#1976=DIRECTION('ref_axis',(1.,0.,0.));
#1977=DIRECTION('center_axis',(0.,1.,0.));
#1978=DIRECTION('ref_axis',(1.,0.,0.));
#1979=DIRECTION('',(0.,1.,0.));
#1980=DIRECTION('center_axis',(2.96040516308104E-29,-1.,0.));
#1981=DIRECTION('ref_axis',(1.,0.,0.));
#1982=DIRECTION('center_axis',(0.,1.,0.));
#1983=DIRECTION('ref_axis',(1.,0.,0.));
#1984=DIRECTION('center_axis',(0.,1.,0.));
#1985=DIRECTION('ref_axis',(1.,0.,0.));
#1986=DIRECTION('',(0.,1.,0.));
#1987=DIRECTION('center_axis',(2.96040516308104E-29,-1.,0.));
#1988=DIRECTION('ref_axis',(1.,0.,0.));
#1989=DIRECTION('center_axis',(-0.56205912911535,0.,0.827097053179428));
#1990=DIRECTION('ref_axis',(-0.827097053179428,0.,-0.56205912911535));
#1991=DIRECTION('',(0.,1.,0.));
#1992=DIRECTION('',(-0.827097053179428,0.,-0.56205912911535));
#1993=DIRECTION('',(0.827097053179428,0.,0.56205912911535));
#1994=DIRECTION('center_axis',(0.,0.,1.));
#1995=DIRECTION('ref_axis',(1.,0.,0.));
#1996=DIRECTION('',(0.,-1.,0.));
#1997=DIRECTION('',(1.,0.,0.));
#1998=DIRECTION('center_axis',(-2.96040516308104E-29,1.,0.));
#1999=DIRECTION('ref_axis',(1.,2.96040516308104E-29,-5.92118946466742E-15));
#2000=DIRECTION('',(-1.,-2.96040516308104E-29,1.77635683940026E-14));
#2001=DIRECTION('',(0.,0.,-1.));
#2002=DIRECTION('center_axis',(-4.45025226375383E-15,-1.,0.));
#2003=DIRECTION('ref_axis',(1.,-4.45025226375383E-15,0.));
#2004=DIRECTION('',(0.,0.,-1.));
#2005=DIRECTION('',(1.,0.,0.));
#2006=DIRECTION('center_axis',(0.,0.,1.));
#2007=DIRECTION('ref_axis',(1.,0.,0.));
#2008=DIRECTION('',(0.,-1.,0.));
#2009=DIRECTION('',(-1.,0.,0.));
#2010=DIRECTION('center_axis',(1.,0.,0.));
#2011=DIRECTION('ref_axis',(0.,0.,-1.));
#2012=DIRECTION('center_axis',(0.,-1.,0.));
#2013=DIRECTION('ref_axis',(-1.,0.,0.));
#2014=DIRECTION('',(0.,0.,-1.));
#2015=DIRECTION('',(1.,0.,-1.77635683940026E-14));
#2016=DIRECTION('center_axis',(-1.77635683940026E-14,0.,-1.));
#2017=DIRECTION('ref_axis',(-1.,0.,1.77635683940026E-14));
#2018=DIRECTION('',(-4.89264298839078E-15,-1.,7.00893535094488E-29));
#2019=DIRECTION('',(-1.,0.,0.));
#2020=DIRECTION('',(0.,-1.,0.));
#2021=DIRECTION('',(-1.,1.25825276124174E-14,4.42743169175191E-41));
#2022=DIRECTION('',(7.68988462402664E-15,1.,7.1075174889861E-27));
#2023=DIRECTION('center_axis',(1.,0.,0.));
#2024=DIRECTION('ref_axis',(0.,-1.,0.));
#2025=DIRECTION('center_axis',(1.,0.,0.));
#2026=DIRECTION('ref_axis',(0.,-1.,0.));
#2027=DIRECTION('',(1.,0.,0.));
#2028=DIRECTION('center_axis',(-1.,4.89264298839078E-15,1.37528877175441E-14));
#2029=DIRECTION('ref_axis',(0.,-1.,0.));
#2030=DIRECTION('center_axis',(1.,0.,0.));
#2031=DIRECTION('ref_axis',(0.,-1.,0.));
#2032=DIRECTION('center_axis',(1.,0.,0.));
#2033=DIRECTION('ref_axis',(0.,-1.,0.));
#2034=DIRECTION('',(1.,0.,0.));
#2035=DIRECTION('center_axis',(-1.,4.89264298839078E-15,1.37528877175441E-14));
#2036=DIRECTION('ref_axis',(0.,-1.,0.));
#2037=DIRECTION('center_axis',(-1.,0.,0.));
#2038=DIRECTION('ref_axis',(0.,0.,1.));
#2039=DIRECTION('center_axis',(-1.,1.25825276124174E-14,4.42743169175191E-41));
#2040=DIRECTION('ref_axis',(1.25825276124174E-14,1.,7.03742813547665E-27));
#2041=DIRECTION('center_axis',(-1.,1.25825276124174E-14,4.42743169175191E-41));
#2042=DIRECTION('ref_axis',(1.25825276124174E-14,1.,7.03742813547665E-27));
#2043=DIRECTION('center_axis',(1.,0.,0.));
#2044=DIRECTION('ref_axis',(0.,-1.,0.));
#2045=DIRECTION('center_axis',(1.,0.,0.));
#2046=DIRECTION('ref_axis',(0.,-1.,0.));
#2047=DIRECTION('center_axis',(-1.,1.25825276124174E-14,4.42743169175191E-41));
#2048=DIRECTION('ref_axis',(1.25825276124174E-14,1.,7.03742813547665E-27));
#2049=DIRECTION('center_axis',(1.,-1.25825276124174E-14,-4.42743169175191E-41));
#2050=DIRECTION('ref_axis',(1.25825276124174E-14,1.,7.03742813547665E-27));
#2051=DIRECTION('',(1.,-1.25825276124174E-14,-4.42743169175191E-41));
#2052=DIRECTION('center_axis',(1.,-7.68988462402664E-15,-1.37528877175441E-14));
#2053=DIRECTION('ref_axis',(1.25825276124174E-14,1.,7.03742813547665E-27));
#2054=DIRECTION('center_axis',(-1.,1.25825276124174E-14,4.42743169175191E-41));
#2055=DIRECTION('ref_axis',(1.25825276124174E-14,1.,7.03742813547665E-27));
#2056=DIRECTION('center_axis',(1.,-1.25825276124174E-14,-4.42743169175191E-41));
#2057=DIRECTION('ref_axis',(1.25825276124174E-14,1.,7.03742813547665E-27));
#2058=DIRECTION('',(1.,-1.25825276124174E-14,-4.42743169175191E-41));
#2059=DIRECTION('center_axis',(1.,-7.68988462402664E-15,-1.37528877175441E-14));
#2060=DIRECTION('ref_axis',(1.25825276124174E-14,1.,7.03742813547665E-27));
#2061=DIRECTION('center_axis',(-1.77635683940026E-14,0.,-1.));
#2062=DIRECTION('ref_axis',(-1.,0.,1.77635683940026E-14));
#2063=DIRECTION('',(-1.,9.42556690294014E-15,1.77635683940026E-14));
#2064=DIRECTION('',(0.,-1.,0.));
#2065=DIRECTION('',(1.,0.,0.));
#2066=DIRECTION('',(-4.89264298839078E-15,-1.,7.00893535094488E-29));
#2067=DIRECTION('center_axis',(1.,0.,0.));
#2068=DIRECTION('ref_axis',(0.,-1.,0.));
#2069=DIRECTION('center_axis',(-1.,4.89264298839078E-15,1.37528877175441E-14));
#2070=DIRECTION('ref_axis',(0.,-1.,0.));
#2071=DIRECTION('',(1.,0.,0.));
#2072=DIRECTION('center_axis',(1.,0.,0.));
#2073=DIRECTION('ref_axis',(0.,-1.,0.));
#2074=DIRECTION('',(-1.,0.,0.));
#2075=DIRECTION('center_axis',(-1.,0.,0.));
#2076=DIRECTION('ref_axis',(0.,-1.,0.));
#2077=DIRECTION('center_axis',(1.,0.,0.));
#2078=DIRECTION('ref_axis',(0.,-1.,0.));
#2079=DIRECTION('',(1.,0.,0.));
#2080=DIRECTION('center_axis',(1.,0.,0.));
#2081=DIRECTION('ref_axis',(0.,-1.,0.));
#2082=DIRECTION('center_axis',(1.,-4.89264298839078E-15,-1.37528877175441E-14));
#2083=DIRECTION('ref_axis',(0.,-1.,0.));
#2084=DIRECTION('',(-1.,0.,0.));
#2085=DIRECTION('center_axis',(1.,0.,0.));
#2086=DIRECTION('ref_axis',(0.,-1.,0.));
#2087=DIRECTION('center_axis',(0.,0.883349020694929,-0.46871580689935));
#2088=DIRECTION('ref_axis',(0.,0.46871580689935,0.883349020694929));
#2089=DIRECTION('',(-1.44418590031939E-14,-0.46871580689935,-0.883349020694929));
#2090=DIRECTION('',(0.,-0.46871580689935,-0.883349020694929));
#2091=DIRECTION('center_axis',(0.,-0.883349020694929,0.46871580689935));
#2092=DIRECTION('ref_axis',(0.,-0.46871580689935,-0.883349020694929));
#2093=DIRECTION('',(0.,0.468715806899347,0.883349020694931));
#2094=DIRECTION('',(-1.44418590031939E-14,-0.468715806899347,-0.883349020694931));
#2095=DIRECTION('',(1.,0.,0.));
#2096=DIRECTION('center_axis',(1.77635683940026E-14,-7.26093872528925E-27,
1.));
#2097=DIRECTION('ref_axis',(-1.,1.25825276124174E-14,1.77635683940026E-14));
#2098=DIRECTION('',(1.,9.42556690294014E-15,-1.77635683940026E-14));
#2099=DIRECTION('',(7.68988462402664E-15,1.,7.1075174889861E-27));
#2100=DIRECTION('',(1.,-1.25825276124174E-14,-4.42743169175191E-41));
#2101=DIRECTION('',(1.25825276124174E-14,1.,7.03742813547665E-27));
#2102=DIRECTION('center_axis',(-1.,0.,0.));
#2103=DIRECTION('ref_axis',(0.,1.,0.));
#2104=DIRECTION('center_axis',(1.,4.89264298839078E-15,-1.37528877175441E-14));
#2105=DIRECTION('ref_axis',(0.,1.,0.));
#2106=DIRECTION('',(1.,0.,0.));
#2107=DIRECTION('center_axis',(-1.,0.,0.));
#2108=DIRECTION('ref_axis',(0.,1.,0.));
#2109=DIRECTION('',(-1.,0.,0.));
#2110=DIRECTION('center_axis',(-1.,0.,0.));
#2111=DIRECTION('ref_axis',(0.,1.,0.));
#2112=DIRECTION('center_axis',(-1.,0.,0.));
#2113=DIRECTION('ref_axis',(0.,1.,0.));
#2114=DIRECTION('',(1.,0.,0.));
#2115=DIRECTION('center_axis',(-1.,0.,0.));
#2116=DIRECTION('ref_axis',(0.,1.,0.));
#2117=DIRECTION('center_axis',(-1.,-4.89264298839078E-15,1.37528877175441E-14));
#2118=DIRECTION('ref_axis',(0.,1.,0.));
#2119=DIRECTION('',(-1.,0.,0.));
#2120=DIRECTION('center_axis',(1.,0.,0.));
#2121=DIRECTION('ref_axis',(0.,1.,0.));
#2122=DIRECTION('center_axis',(0.,0.883349020694929,0.46871580689935));
#2123=DIRECTION('ref_axis',(0.,-0.46871580689935,0.883349020694929));
#2124=DIRECTION('',(-1.44418590031939E-14,0.46871580689935,-0.883349020694929));
#2125=DIRECTION('',(0.,0.46871580689935,-0.883349020694929));
#2126=DIRECTION('center_axis',(0.,-0.883349020694929,-0.46871580689935));
#2127=DIRECTION('ref_axis',(0.,0.46871580689935,-0.883349020694929));
#2128=DIRECTION('',(9.85534079084832E-15,-0.468715806899149,0.883349020695036));
#2129=DIRECTION('',(0.,0.46871580689935,-0.883349020694929));
#2130=DIRECTION('',(1.,0.,0.));
#2131=DIRECTION('center_axis',(1.,-1.25825276124174E-14,-4.42743169175191E-41));
#2132=DIRECTION('ref_axis',(-4.42743169175191E-41,-7.03742813547665E-27,
1.));
#2133=DIRECTION('center_axis',(-1.,1.25825276124174E-14,4.42743169175191E-41));
#2134=DIRECTION('ref_axis',(1.25825276124174E-14,1.,7.03742813547665E-27));
#2135=DIRECTION('center_axis',(-1.,1.25825276124174E-14,4.42743169175191E-41));
#2136=DIRECTION('ref_axis',(1.25825276124174E-14,1.,7.03742813547665E-27));
#2137=DIRECTION('center_axis',(-1.,1.25825276124174E-14,4.42743169175191E-41));
#2138=DIRECTION('ref_axis',(1.25825276124174E-14,1.,7.03742813547665E-27));
#2139=DIRECTION('center_axis',(-1.,0.,0.));
#2140=DIRECTION('ref_axis',(0.,0.,1.));
#2141=DIRECTION('center_axis',(-1.,0.,0.));
#2142=DIRECTION('ref_axis',(0.,-1.,0.));
#2143=DIRECTION('center_axis',(-1.,0.,0.));
#2144=DIRECTION('ref_axis',(0.,-1.,0.));
#2145=DIRECTION('center_axis',(1.,0.,0.));
#2146=DIRECTION('ref_axis',(0.,-1.,0.));
#2147=DIRECTION('center_axis',(-1.,0.,0.));
#2148=DIRECTION('ref_axis',(0.,-1.,0.));
#2149=DIRECTION('center_axis',(-1.,0.,0.));
#2150=DIRECTION('ref_axis',(0.,-1.,0.));
#2151=DIRECTION('center_axis',(1.,-1.25825276124174E-14,-4.42743169175191E-41));
#2152=DIRECTION('ref_axis',(1.25825276124174E-14,1.,7.03742813547665E-27));
#2153=DIRECTION('center_axis',(-1.,1.25825276124174E-14,4.42743169175191E-41));
#2154=DIRECTION('ref_axis',(1.25825276124174E-14,1.,7.03742813547665E-27));
#2155=DIRECTION('center_axis',(1.,0.,0.));
#2156=DIRECTION('ref_axis',(0.,0.,1.));
#2157=DIRECTION('center_axis',(1.,-1.25825276124174E-14,-4.42743169175191E-41));
#2158=DIRECTION('ref_axis',(1.25825276124174E-14,1.,7.03742813547665E-27));
#2159=DIRECTION('center_axis',(-1.,1.25825276124174E-14,4.42743169175191E-41));
#2160=DIRECTION('ref_axis',(1.25825276124174E-14,1.,7.03742813547665E-27));
#2161=DIRECTION('center_axis',(-1.,0.,0.));
#2162=DIRECTION('ref_axis',(0.,-1.,0.));
#2163=DIRECTION('center_axis',(-1.,0.,0.));
#2164=DIRECTION('ref_axis',(0.,-1.,0.));
#2165=DIRECTION('center_axis',(-1.,0.,0.));
#2166=DIRECTION('ref_axis',(0.,0.,1.));
#2167=DIRECTION('center_axis',(1.,-4.89264298839078E-15,-1.37528877175441E-14));
#2168=DIRECTION('ref_axis',(4.89264298839078E-15,1.,-1.69583232556801E-29));
#2169=DIRECTION('center_axis',(-1.,4.89264298839078E-15,1.37528877175441E-14));
#2170=DIRECTION('ref_axis',(0.,-1.,0.));
#2171=DIRECTION('center_axis',(1.,-4.89264298839078E-15,-1.37528877175441E-14));
#2172=DIRECTION('ref_axis',(0.,0.74535599249988,0.666666666666722));
#2173=DIRECTION('center_axis',(-1.,4.89264298839078E-15,1.37528877175441E-14));
#2174=DIRECTION('ref_axis',(0.,-1.,0.));
#2175=DIRECTION('center_axis',(1.,-7.68988462402664E-15,-1.37528877175441E-14));
#2176=DIRECTION('ref_axis',(1.25825276124174E-14,1.,7.03742813547665E-27));
#2177=DIRECTION('center_axis',(1.,-7.68988462402664E-15,-1.37528877175441E-14));
#2178=DIRECTION('ref_axis',(1.25825276124174E-14,1.,7.03742813547665E-27));
#2179=DIRECTION('center_axis',(1.,-7.68988462402664E-15,-1.37528877175441E-14));
#2180=DIRECTION('ref_axis',(1.25825276124174E-14,1.,7.03742813547665E-27));
#2181=DIRECTION('center_axis',(1.,0.,0.));
#2182=DIRECTION('ref_axis',(0.,-1.,0.));
#2183=DIRECTION('',(-1.,0.,0.));
#2184=DIRECTION('center_axis',(1.,0.,0.));
#2185=DIRECTION('ref_axis',(0.,-1.,0.));
#2186=DIRECTION('',(-1.,0.,0.));
#2187=DIRECTION('center_axis',(-1.,1.25825276124174E-14,4.42743169175191E-41));
#2188=DIRECTION('ref_axis',(1.25825276124174E-14,1.,7.03742813547665E-27));
#2189=DIRECTION('',(-1.,1.25825276124174E-14,4.42743169175191E-41));
#2190=DIRECTION('center_axis',(-1.,1.25825276124174E-14,4.42743169175191E-41));
#2191=DIRECTION('ref_axis',(1.25825276124174E-14,1.,7.03742813547665E-27));
#2192=DIRECTION('',(-1.,1.25825276124174E-14,4.42743169175191E-41));
#2193=CARTESIAN_POINT('',(0.,0.,0.));
#2194=CARTESIAN_POINT('Origin',(-88.2902846456415,-12.6631575729742,80.3979929072362));
#2195=CARTESIAN_POINT('',(-71.7252953893964,-11.1631575729742,80.3979929072362));
#2196=CARTESIAN_POINT('Origin',(-71.7252953893964,-12.6631575729742,80.3979929072362));
#2197=CARTESIAN_POINT('',(-88.2902846456415,-11.1631575729742,80.3979929072362));
#2198=CARTESIAN_POINT('',(-88.2902846456415,-11.1631575729742,80.3979929072362));
#2199=CARTESIAN_POINT('Origin',(-88.2902846456415,-12.6631575729742,80.3979929072362));
#2200=CARTESIAN_POINT('Origin',(-88.2902846456415,17.3368424270258,80.3979929072362));
#2201=CARTESIAN_POINT('',(-71.7252953893964,18.8368424270258,80.3979929072362));
#2202=CARTESIAN_POINT('Origin',(-71.7252953893964,17.3368424270258,80.3979929072362));
#2203=CARTESIAN_POINT('',(-88.2902846456415,18.8368424270258,80.3979929072362));
#2204=CARTESIAN_POINT('',(-88.2902846456415,18.8368424270258,80.3979929072362));
#2205=CARTESIAN_POINT('Origin',(-88.2902846456415,17.3368424270258,80.3979929072362));
#2206=CARTESIAN_POINT('Origin',(-87.4102953893965,-8.66315757297375,35.7979929072316));
#2207=CARTESIAN_POINT('',(-87.4102953893965,-8.66315757297375,35.7979929072316));
#2208=CARTESIAN_POINT('',(-71.7252953893975,-8.66315757297375,47.7479929072302));
#2209=CARTESIAN_POINT('',(-75.7715658159338,-8.66315757297386,44.6652430444883));
#2210=CARTESIAN_POINT('',(-87.4102953893965,13.3368424270262,35.7979929072316));
#2211=CARTESIAN_POINT('',(-87.4102953893965,-8.66315757297375,35.7979929072316));
#2212=CARTESIAN_POINT('',(-71.7252953893975,13.3368424270262,47.7479929072302));
#2213=CARTESIAN_POINT('',(-77.6380333902506,13.3368424270266,43.2432291769024));
#2214=CARTESIAN_POINT('',(-71.7252953893969,-12.0825555628487,47.7479929072306));
#2215=CARTESIAN_POINT('Origin',(-87.2752705546713,2.33684242702659,83.3979929072366));
#2216=CARTESIAN_POINT('',(-71.7252953893964,-9.66315757297374,83.3979929072374));
#2217=CARTESIAN_POINT('',(-79.0252953893966,-9.66315757297421,83.3979929072362));
#2218=CARTESIAN_POINT('',(-87.7827776001508,-9.66315757297374,83.397992907237));
#2219=CARTESIAN_POINT('',(-79.0252953893966,-11.6631575729734,83.397992907236));
#2220=CARTESIAN_POINT('',(-79.0252953893966,-3.41315757297424,83.3979929072362));
#2221=CARTESIAN_POINT('',(-88.2902846456416,-11.6631575729734,83.397992907236));
#2222=CARTESIAN_POINT('',(-87.7827776001564,-11.6631575729734,83.397992907237));
#2223=CARTESIAN_POINT('',(-88.2902846456416,16.3368424270259,83.397992907236));
#2224=CARTESIAN_POINT('',(-88.2902846456415,2.33684242702647,83.3979929072374));
#2225=CARTESIAN_POINT('',(-79.0252953893966,16.3368424270259,83.397992907236));
#2226=CARTESIAN_POINT('',(-87.7827776001564,16.3368424270259,83.397992907237));
#2227=CARTESIAN_POINT('',(-79.0252953893966,14.3368424270258,83.3979929072362));
#2228=CARTESIAN_POINT('',(-79.0252953893966,11.086842427026,83.3979929072363));
#2229=CARTESIAN_POINT('',(-71.7252953893963,14.3368424270262,83.3979929072374));
#2230=CARTESIAN_POINT('',(-87.7827776001564,14.3368424270262,83.397992907237));
#2231=CARTESIAN_POINT('',(-71.7252953893964,-12.0825555628488,83.3979929072257));
#2232=CARTESIAN_POINT('',(-81.7076535572583,8.07834242702664,83.3979929072362));
#2233=CARTESIAN_POINT('Origin',(-80.2076535572583,8.07834242702664,83.3979929072374));
#2234=CARTESIAN_POINT('',(-81.7076535572583,-3.92165757297336,83.3979929072303));
#2235=CARTESIAN_POINT('Origin',(-80.2076535572583,-3.92165757297336,83.3979929072315));
#2236=CARTESIAN_POINT('Origin',(-87.2752705546713,2.33684242702659,83.3979929072366));
#2237=CARTESIAN_POINT('',(-79.0252953893966,20.3368424270261,83.3979929072358));
#2238=CARTESIAN_POINT('',(-79.0252953893966,18.3368424270259,83.397992907236));
#2239=CARTESIAN_POINT('',(-79.0252953893966,11.086842427026,83.3979929072363));
#2240=CARTESIAN_POINT('',(-88.2902846456416,18.3368424270259,83.397992907236));
#2241=CARTESIAN_POINT('',(-87.7827776001563,18.3368424270259,83.397992907237));
#2242=CARTESIAN_POINT('',(-88.2902846456416,20.3368424270261,83.3979929072358));
#2243=CARTESIAN_POINT('',(-88.2902846456415,2.33684242702647,83.3979929072374));
#2244=CARTESIAN_POINT('',(-83.6415302860956,20.3368424270261,83.3979929072341));
#2245=CARTESIAN_POINT('Origin',(-87.2752705546713,2.33684242702659,83.3979929072366));
#2246=CARTESIAN_POINT('',(-79.0252953893966,-13.6631575729734,83.397992907236));
#2247=CARTESIAN_POINT('',(-79.0252953893966,-15.6631575729741,83.3979929072362));
#2248=CARTESIAN_POINT('',(-79.0252953893966,-3.41315757297424,83.3979929072362));
#2249=CARTESIAN_POINT('',(-88.2902846456416,-15.6631575729741,83.3979929072362));
#2250=CARTESIAN_POINT('',(-83.6415302860957,-15.6631575729741,83.3979929072341));
#2251=CARTESIAN_POINT('',(-88.2902846456416,-13.6631575729734,83.397992907236));
#2252=CARTESIAN_POINT('',(-88.2902846456415,2.33684242702647,83.3979929072374));
#2253=CARTESIAN_POINT('',(-87.7827776001563,-13.6631575729734,83.397992907237));
#2254=CARTESIAN_POINT('Origin',(12.2695503213411,2.07834242702665,86.3979929072226));
#2255=CARTESIAN_POINT('',(-88.2902846456416,-15.6631575729733,86.3979929072374));
#2256=CARTESIAN_POINT('',(-71.7252953893963,-15.6631575729734,86.3979929072305));
#2257=CARTESIAN_POINT('',(-33.8691198480889,-15.6631575729741,86.3979929072241));
#2258=CARTESIAN_POINT('',(-71.7252953893962,20.3368424270266,86.3979929071764));
#2259=CARTESIAN_POINT('',(-71.7252953893963,-12.0825555628488,86.3979929072286));
#2260=CARTESIAN_POINT('',(-88.2902846456415,20.3368424270267,86.3979929071764));
#2261=CARTESIAN_POINT('',(-33.8691198480888,20.3368424270261,86.3979929072241));
#2262=CARTESIAN_POINT('',(-88.2902846456415,9.75734242702645,86.3979929072291));
#2263=CARTESIAN_POINT('',(-81.7076535572583,8.07834242702664,86.3979929072226));
#2264=CARTESIAN_POINT('Origin',(-80.2076535572583,8.07834242702664,86.3979929072226));
#2265=CARTESIAN_POINT('',(-81.7076535572583,-3.92165757297336,86.3979929072226));
#2266=CARTESIAN_POINT('Origin',(-80.2076535572583,-3.92165757297336,86.3979929072226));
#2267=CARTESIAN_POINT('Origin',(-80.2076535572583,8.07834242702664,83.3979929071694));
#2268=CARTESIAN_POINT('',(-81.7076535572583,8.07834242702664,83.3979929071694));
#2269=CARTESIAN_POINT('Origin',(-80.2076535572583,-3.92165757297336,83.3979929071694));
#2270=CARTESIAN_POINT('',(-81.7076535572583,-3.92165757297336,83.3979929071694));
#2271=CARTESIAN_POINT('Origin',(-88.2902846456415,-9.66315757297374,67.4979929072315));
#2272=CARTESIAN_POINT('',(-79.0252953893966,-9.66315757297374,67.4979929072315));
#2273=CARTESIAN_POINT('',(-79.0252953893966,-9.66315757297374,73.9479929072338));
#2274=CARTESIAN_POINT('',(-71.7252953893966,-9.66315757297374,67.4979929072315));
#2275=CARTESIAN_POINT('',(-71.7252953893965,-9.66315757297374,71.4729929072329));
#2276=CARTESIAN_POINT('',(-80.0077900175189,-9.66315757297374,67.4979929072315));
#2277=CARTESIAN_POINT('Origin',(-80.007790017519,-15.6631575729734,84.8979929072315));
#2278=CARTESIAN_POINT('',(-79.0252953893967,-15.6631575729734,67.4979929072315));
#2279=CARTESIAN_POINT('',(-79.0252953893966,-15.6631575729734,75.197992907231));
#2280=CARTESIAN_POINT('',(-71.7252953893966,-15.6631575729734,67.4979929072315));
#2281=CARTESIAN_POINT('',(-75.8665427034578,-15.6631575729734,67.4979929072315));
#2282=CARTESIAN_POINT('',(-71.725295389397,-15.6631575729734,64.3979929072315));
#2283=CARTESIAN_POINT('',(-88.2902846456416,-15.6631575729741,85.6479929072345));
#2284=CARTESIAN_POINT('Origin',(-88.2902846456416,-12.6631575729742,80.3979929072362));
#2285=CARTESIAN_POINT('',(-88.2902846456416,-11.6631575729734,82.959730598726));
#2286=CARTESIAN_POINT('',(-79.0252953893966,-11.6631575729734,82.9597305987261));
#2287=CARTESIAN_POINT('',(-88.2902846456416,-11.6631575729734,82.9597305987258));
#2288=CARTESIAN_POINT('',(-79.0252953893966,-13.6631575729734,82.959730598726));
#2289=CARTESIAN_POINT('Origin',(-79.0252953893966,-12.6631575729742,80.3979929072362));
#2290=CARTESIAN_POINT('',(-88.2902846456416,-13.6631575729734,82.959730598726));
#2291=CARTESIAN_POINT('',(-88.2902846456416,-13.6631575729734,82.9597305987264));
#2292=CARTESIAN_POINT('Origin',(-88.2902846456415,-12.6631575729742,80.3979929072362));
#2293=CARTESIAN_POINT('Origin',(-88.2902846456416,-13.6631575729734,82.959730598726));
#2294=CARTESIAN_POINT('',(-79.0252953893966,-13.6631575729734,80.1788617529816));
#2295=CARTESIAN_POINT('',(-88.2902846456416,-13.6631575729734,82.959730598726));
#2296=CARTESIAN_POINT('Origin',(-88.2902846456416,-11.6631575729734,83.397992907236));
#2297=CARTESIAN_POINT('',(-79.0252953893966,-11.6631575729734,80.3979929072366));
#2298=CARTESIAN_POINT('',(-88.2902846456416,-11.6631575729734,83.397992907236));
#2299=CARTESIAN_POINT('Origin',(-88.2902846456415,2.83684242702666,86.3979929072374));
#2300=CARTESIAN_POINT('',(-88.2902846456414,20.3368424270261,85.6479929072324));
#2301=CARTESIAN_POINT('',(-88.2902846456416,18.3368424270259,82.959730598726));
#2302=CARTESIAN_POINT('',(-88.2902846456416,18.3368424270259,82.959730598726));
#2303=CARTESIAN_POINT('',(-88.2902846456416,16.3368424270259,82.959730598726));
#2304=CARTESIAN_POINT('Origin',(-88.2902846456415,17.3368424270258,80.3979929072362));
#2305=CARTESIAN_POINT('',(-88.2902846456416,16.3368424270259,83.397992907236));
#2306=CARTESIAN_POINT('Origin',(-71.7252953893963,20.8368424270265,67.4979929072315));
#2307=CARTESIAN_POINT('',(-79.0252953893966,-16.9270895954736,67.4979929072315));
#2308=CARTESIAN_POINT('',(-79.0252953893966,-6.91315757297375,67.4979929072315));
#2309=CARTESIAN_POINT('',(-71.7252953893966,-16.9270895954736,67.4979929072315));
#2310=CARTESIAN_POINT('',(-79.0252953893966,-16.9270895954736,67.4979929072315));
#2311=CARTESIAN_POINT('',(-71.7252953893966,-12.0825555628488,67.4979929072315));
#2312=CARTESIAN_POINT('Origin',(-71.7252953893963,20.8368424270265,67.4979929072315));
#2313=CARTESIAN_POINT('',(-71.7252953893965,14.3368424270262,67.4979929072315));
#2314=CARTESIAN_POINT('',(-71.7252953893966,-12.0825555628488,67.4979929072315));
#2315=CARTESIAN_POINT('',(-79.0252953893966,14.3368424270262,67.4979929072315));
#2316=CARTESIAN_POINT('',(-80.0077900175189,14.3368424270262,67.4979929072315));
#2317=CARTESIAN_POINT('',(-79.0252953893966,-6.91315757297375,67.4979929072315));
#2318=CARTESIAN_POINT('Origin',(-80.0077900175189,20.3368424270266,84.8979929072273));
#2319=CARTESIAN_POINT('',(-71.7252953893963,20.3368424270265,67.4979929072315));
#2320=CARTESIAN_POINT('',(-71.7252953893964,20.3368424270261,72.1479929072294));
#2321=CARTESIAN_POINT('',(-79.0252953893964,20.3368424270266,67.4979929072315));
#2322=CARTESIAN_POINT('',(-75.8665427034576,20.3368424270266,67.4979929072315));
#2323=CARTESIAN_POINT('',(-79.0252953893966,20.3368424270266,75.1979929072289));
#2324=CARTESIAN_POINT('Origin',(-88.2902846456415,14.3368424270262,83.3979929072374));
#2325=CARTESIAN_POINT('',(-79.0252953893966,14.3368424270262,80.3979929072373));
#2326=CARTESIAN_POINT('',(-71.7252953893963,14.3368424270262,79.4229929072358));
#2327=CARTESIAN_POINT('Origin',(-88.2902846456416,17.3368424270258,80.3979929072362));
#2328=CARTESIAN_POINT('',(-79.0252953893966,16.3368424270259,82.9597305987261));
#2329=CARTESIAN_POINT('',(-88.2902846456416,16.3368424270259,82.9597305987261));
#2330=CARTESIAN_POINT('',(-79.0252953893966,18.3368424270259,82.959730598726));
#2331=CARTESIAN_POINT('',(-88.2902846456416,18.3368424270259,82.959730598726));
#2332=CARTESIAN_POINT('Origin',(-79.0252953893966,17.3368424270258,80.3979929072362));
#2333=CARTESIAN_POINT('Origin',(-88.2902846456416,18.3368424270259,82.959730598726));
#2334=CARTESIAN_POINT('',(-79.0252953893966,18.3368424270259,80.1788617529816));
#2335=CARTESIAN_POINT('Origin',(-88.2902846456416,16.3368424270259,83.397992907236));
#2336=CARTESIAN_POINT('',(-79.0252953893966,16.3368424270259,80.3979929072366));
#2337=CARTESIAN_POINT('Origin',(-71.7252953893963,20.8368424270265,67.4979929072315));
#2338=CARTESIAN_POINT('',(-71.7252953893964,21.6007744495267,67.4979929072315));
#2339=CARTESIAN_POINT('',(-71.7252953893966,-12.0825555628488,67.4979929072315));
#2340=CARTESIAN_POINT('',(-79.0252953893963,21.6007744495268,67.4979929072315));
#2341=CARTESIAN_POINT('',(-79.0252953893963,21.6007744495268,67.4979929072315));
#2342=CARTESIAN_POINT('',(-79.0252953893966,-6.91315757297375,67.4979929072315));
#2343=CARTESIAN_POINT('Origin',(-71.7252953893963,20.8368424270265,67.4979929072315));
#2344=CARTESIAN_POINT('',(-79.0252953893966,-31.9270895954737,67.4979929072315));
#2345=CARTESIAN_POINT('',(-71.7252953893967,-31.9270895954737,67.4979929072315));
#2346=CARTESIAN_POINT('',(-79.0252953893966,-31.9270895954737,67.4979929072315));
#2347=CARTESIAN_POINT('',(-71.7252953893967,-21.3992255504728,67.4979929072315));
#2348=CARTESIAN_POINT('',(-71.7252953893966,-12.0825555628488,67.4979929072315));
#2349=CARTESIAN_POINT('',(-79.0252953893966,-21.3992255504728,67.4979929072315));
#2350=CARTESIAN_POINT('',(-79.0252953893966,-21.3992255504729,67.4979929072315));
#2351=CARTESIAN_POINT('',(-79.0252953893967,-16.1631575729734,67.4979929072315));
#2352=CARTESIAN_POINT('Origin',(-71.7252953893963,20.8368424270265,67.4979929072315));
#2353=CARTESIAN_POINT('',(-71.7252953893963,36.6007744495269,67.4979929072315));
#2354=CARTESIAN_POINT('',(-79.0252953893961,36.600774449527,67.4979929072315));
#2355=CARTESIAN_POINT('',(-79.0252953893961,36.600774449527,67.4979929072315));
#2356=CARTESIAN_POINT('',(-79.0252953893963,26.0729104045261,67.4979929072315));
#2357=CARTESIAN_POINT('',(-79.0252953893964,20.8368424270266,67.4979929072315));
#2358=CARTESIAN_POINT('',(-71.7252953893964,26.072910404526,67.4979929072315));
#2359=CARTESIAN_POINT('',(-79.0252953893963,26.0729104045261,67.4979929072315));
#2360=CARTESIAN_POINT('',(-71.7252953893966,-12.0825555628488,67.4979929072315));
#2361=CARTESIAN_POINT('Origin',(-93.1252457199777,19.0508639679414,31.0979929072316));
#2362=CARTESIAN_POINT('',(-95.2100224688752,19.0508639679409,32.5979929072316));
#2363=CARTESIAN_POINT('',(-95.2100224688752,19.0508639679409,35.7979929072316));
#2364=CARTESIAN_POINT('',(-95.2100224688752,19.0508639679414,39.5729929072251));
#2365=CARTESIAN_POINT('',(-93.1252457199777,19.0508639679414,35.7979929072316));
#2366=CARTESIAN_POINT('',(-95.125245719978,19.0508639679409,35.7979929072316));
#2367=CARTESIAN_POINT('',(-93.1252457199777,19.0508639679414,32.5979929072316));
#2368=CARTESIAN_POINT('',(-93.1252457199777,19.0508639679414,33.5979929072316));
#2369=CARTESIAN_POINT('',(-88.4752581373326,19.0508639679414,32.5979929072316));
#2370=CARTESIAN_POINT('Origin',(-90.8752457199777,16.6368424270267,35.7979929072316));
#2371=CARTESIAN_POINT('',(-89.3752457199777,16.6368424270267,35.7979929072316));
#2372=CARTESIAN_POINT('Origin',(-90.8752457199777,16.6368424270267,35.7979929072316));
#2373=CARTESIAN_POINT('',(-89.3752457199777,16.6368424270267,32.5979929072316));
#2374=CARTESIAN_POINT('',(-89.3752457199777,16.6368424270267,35.7979929072316));
#2375=CARTESIAN_POINT('Origin',(-90.8752457199777,16.6368424270267,32.5979929072316));
#2376=CARTESIAN_POINT('Origin',(-90.8752457199779,-11.9631575729733,35.7979929072316));
#2377=CARTESIAN_POINT('',(-89.3752457199779,-11.9631575729733,35.7979929072316));
#2378=CARTESIAN_POINT('Origin',(-90.8752457199779,-11.9631575729733,35.7979929072316));
#2379=CARTESIAN_POINT('',(-89.3752457199779,-11.9631575729733,32.5979929072316));
#2380=CARTESIAN_POINT('',(-89.3752457199779,-11.9631575729733,35.7979929072316));
#2381=CARTESIAN_POINT('Origin',(-90.8752457199779,-11.9631575729733,32.5979929072316));
#2382=CARTESIAN_POINT('Origin',(-87.4102953893965,14.2368424270267,31.0979929072316));
#2383=CARTESIAN_POINT('',(-87.4102953893965,-14.3631575729733,32.5979929072316));
#2384=CARTESIAN_POINT('',(-87.4102953893965,-14.3631575729733,35.7979929072316));
#2385=CARTESIAN_POINT('',(-87.4102953893965,-14.3631575729733,31.0979929072316));
#2386=CARTESIAN_POINT('',(-87.4102953893965,19.0368424270267,32.5979929072316));
#2387=CARTESIAN_POINT('',(-87.4102953893965,8.2868424270267,32.5979929072316));
#2388=CARTESIAN_POINT('',(-87.4102953893965,19.0368424270267,35.7979929072316));
#2389=CARTESIAN_POINT('',(-87.4102953893965,19.0368424270267,31.0979929072316));
#2390=CARTESIAN_POINT('',(-87.4102953893965,8.28684242702673,35.7979929072316));
#2391=CARTESIAN_POINT('',(-87.4102953893965,8.28684242702673,35.7979929072316));
#2392=CARTESIAN_POINT('Origin',(-88.6102953893967,-14.3631575729733,31.0979929072316));
#2393=CARTESIAN_POINT('',(-88.6102953893967,-14.3631575729733,35.7979929072316));
#2394=CARTESIAN_POINT('',(-88.0677705546873,-14.3631575729733,35.7979929072316));
#2395=CARTESIAN_POINT('',(-88.6102953893967,-14.3631575729733,32.5979929072316));
#2396=CARTESIAN_POINT('',(-88.6102953893967,-14.3631575729733,31.0979929072316));
#2397=CARTESIAN_POINT('',(-91.6177705546873,-14.3631575729733,32.5979929072316));
#2398=CARTESIAN_POINT('Origin',(-87.1102953893965,19.0368424270267,31.0979929072316));
#2399=CARTESIAN_POINT('',(-88.6102953893965,19.0368424270267,35.7979929072316));
#2400=CARTESIAN_POINT('',(-87.3177705546871,19.0368424270267,35.7979929072316));
#2401=CARTESIAN_POINT('',(-88.6102953893965,19.0368424270267,32.5979929072316));
#2402=CARTESIAN_POINT('',(-90.8677705546871,19.0368424270267,32.5979929072316));
#2403=CARTESIAN_POINT('',(-88.6102953893965,19.0368424270267,33.5979929072316));
#2404=CARTESIAN_POINT('Origin',(-90.8752457199777,16.6368424270267,31.0979929072316));
#2405=CARTESIAN_POINT('Origin',(-90.8752457199777,16.6368424270267,32.5979929072316));
#2406=CARTESIAN_POINT('Origin',(-90.8752457199777,16.6368424270267,35.7979929072316));
#2407=CARTESIAN_POINT('Origin',(-90.8752457199779,-11.9631575729733,31.0979929072316));
#2408=CARTESIAN_POINT('',(-93.1252457199779,-14.377179113888,35.7979929072316));
#2409=CARTESIAN_POINT('Origin',(-90.8752457199779,-11.9631575729733,35.7979929072316));
#2410=CARTESIAN_POINT('',(-93.1252457199779,-14.377179113888,32.5979929072316));
#2411=CARTESIAN_POINT('',(-93.1252457199779,-14.377179113888,31.0979929072316));
#2412=CARTESIAN_POINT('Origin',(-90.8752457199779,-11.9631575729733,32.5979929072316));
#2413=CARTESIAN_POINT('Origin',(-94.6252457199778,2.33684242702671,32.5979929072316));
#2414=CARTESIAN_POINT('',(-95.2100224688749,-14.3771791138885,32.5979929072316));
#2415=CARTESIAN_POINT('',(-89.9752581373328,-14.377179113888,32.5979929072316));
#2416=CARTESIAN_POINT('',(-95.2100224688752,-6.02016834343116,32.5979929072316));
#2417=CARTESIAN_POINT('Origin',(-82.9576535572589,6.33684242702637,56.1479929072362));
#2418=CARTESIAN_POINT('',(-77.6250224688759,6.33684242702637,54.1479929072362));
#2419=CARTESIAN_POINT('',(-88.2902846456418,6.33684242702637,54.1479929072362));
#2420=CARTESIAN_POINT('',(-77.6250224688759,6.33684242702637,54.1479929072362));
#2421=CARTESIAN_POINT('',(-88.2902846456418,6.33684242702637,58.1479929072362));
#2422=CARTESIAN_POINT('',(-88.2902846456418,6.33684242702637,54.1479929072362));
#2423=CARTESIAN_POINT('',(-77.6250224688759,6.33684242702637,58.1479929072362));
#2424=CARTESIAN_POINT('',(-88.2902846456418,6.33684242702637,58.1479929072362));
#2425=CARTESIAN_POINT('',(-77.6250224688756,6.33684242702637,59.8229929072333));
#2426=CARTESIAN_POINT('Origin',(-88.2902846456418,2.33684242702637,58.1479929072362));
#2427=CARTESIAN_POINT('',(-88.2902846456418,-1.66315757297363,54.1479929072362));
#2428=CARTESIAN_POINT('',(-88.2902846456418,2.33684242702637,54.1479929072362));
#2429=CARTESIAN_POINT('',(-88.2902846456418,-1.66315757297363,58.1479929072362));
#2430=CARTESIAN_POINT('',(-88.2902846456418,-1.66315757297363,54.1479929072362));
#2431=CARTESIAN_POINT('',(-88.2902846456418,2.33684242702637,58.1479929072362));
#2432=CARTESIAN_POINT('Origin',(-77.6250224688759,2.33684242702637,58.1479929072362));
#2433=CARTESIAN_POINT('',(-77.6250224688759,-1.66315757297363,58.1479929072362));
#2434=CARTESIAN_POINT('',(-88.2902846456418,-1.66315757297363,58.1479929072362));
#2435=CARTESIAN_POINT('',(-77.6250224688757,-3.16315757297353,58.1479929072362));
#2436=CARTESIAN_POINT('Origin',(-88.2902846456418,2.33684242702637,54.1479929072362));
#2437=CARTESIAN_POINT('',(-77.6250224688759,-1.66315757297363,54.1479929072362));
#2438=CARTESIAN_POINT('',(-77.6250224688757,-3.16315757297356,54.1479929072362));
#2439=CARTESIAN_POINT('',(-77.6250224688759,-1.66315757297363,54.1479929072362));
#2440=CARTESIAN_POINT('Origin',(-82.9576535572589,-1.66315757297363,56.1479929072362));
#2441=CARTESIAN_POINT('',(-77.6250224688757,-1.66315757297363,59.8229929072333));
#2442=CARTESIAN_POINT('Origin',(-77.6250224688757,-8.66315757297342,63.4979929072305));
#2443=CARTESIAN_POINT('',(-77.6250224688759,13.3368424270262,47.7479929072302));
#2444=CARTESIAN_POINT('',(-77.6250224688759,-8.66315757297375,47.7479929072302));
#2445=CARTESIAN_POINT('',(-77.6250224688757,-3.16315757297355,47.7479929072304));
#2446=CARTESIAN_POINT('',(-77.6250224688759,-8.66315757297342,63.4979929072302));
#2447=CARTESIAN_POINT('',(-77.6250224688759,-8.66315757297386,55.8680786483687));
#2448=CARTESIAN_POINT('',(-77.6250224688759,13.3368424270266,63.4979929072302));
#2449=CARTESIAN_POINT('',(-77.6250224688757,-3.16315757297343,63.4979929072316));
#2450=CARTESIAN_POINT('',(-77.6250224688759,13.3368424270266,63.4979929072302));
#2451=CARTESIAN_POINT('Origin',(-74.6751589291367,-8.66315757297386,49.2479929072302));
#2452=CARTESIAN_POINT('',(-76.1751589291367,-8.66315757297386,49.2479929072302));
#2453=CARTESIAN_POINT('Origin',(-74.6751589291367,-8.66315757297386,49.2479929072302));
#2454=CARTESIAN_POINT('',(-76.1751589291367,13.3368424270266,49.2479929072302));
#2455=CARTESIAN_POINT('',(-76.1751589291367,-8.66315757297386,49.2479929072302));
#2456=CARTESIAN_POINT('Origin',(-74.6751589291367,13.3368424270266,49.2479929072302));
#2457=CARTESIAN_POINT('Origin',(-74.6751589291367,-8.66315757297386,59.2479929072302));
#2458=CARTESIAN_POINT('',(-76.1751589291367,-8.66315757297386,59.2479929072302));
#2459=CARTESIAN_POINT('Origin',(-74.6751589291367,-8.66315757297386,59.2479929072302));
#2460=CARTESIAN_POINT('',(-76.1751589291367,13.3368424270261,59.2479929072302));
#2461=CARTESIAN_POINT('',(-76.1751589291367,-8.66315757297386,59.2479929072302));
#2462=CARTESIAN_POINT('Origin',(-74.6751589291367,13.3368424270266,59.2479929072302));
#2463=CARTESIAN_POINT('Origin',(-77.6250224688759,2.33684242702625,47.7479929072302));
#2464=CARTESIAN_POINT('',(-95.2100224688752,-8.66315757297386,35.7979929072315));
#2465=CARTESIAN_POINT('',(-95.2100224688752,13.3368424270266,35.7979929072315));
#2466=CARTESIAN_POINT('',(-95.2100224688752,-3.16315757297355,35.7979929072316));
#2467=CARTESIAN_POINT('',(-77.6250224688759,-8.66315757297375,47.7479929072302));
#2468=CARTESIAN_POINT('',(-77.6250224688759,13.3368424270262,47.7479929072302));
#2469=CARTESIAN_POINT('Origin',(-85.075270554687,2.33684242702675,35.7979929072316));
#2470=CARTESIAN_POINT('',(-95.2100224688752,2.33684242702675,35.7979929072316));
#2471=CARTESIAN_POINT('',(-85.0208365766085,13.3368424270262,35.7979929072316));
#2472=CARTESIAN_POINT('Origin',(-77.6250224688759,13.3368424270266,63.4979929072302));
#2473=CARTESIAN_POINT('',(-71.7252953893975,13.3368424270261,63.4979929072302));
#2474=CARTESIAN_POINT('',(-79.6473109747634,13.3368424270266,63.4979929072316));
#2475=CARTESIAN_POINT('',(-71.7252953893975,13.3368424270261,63.4979929072302));
#2476=CARTESIAN_POINT('Origin',(-96.1252457199779,-14.377179113888,31.0979929072316));
#2477=CARTESIAN_POINT('',(-95.2100224688752,-14.3771791138885,35.7979929072316));
#2478=CARTESIAN_POINT('',(-95.2100224688752,-14.377179113888,39.5729929072251));
#2479=CARTESIAN_POINT('',(-100.625245719978,-14.3771791138885,35.7979929072316));
#2480=CARTESIAN_POINT('Origin',(-85.075270554687,2.33684242702675,35.7979929072316));
#2481=CARTESIAN_POINT('',(-95.2100224688752,2.33684242702675,35.7979929072316));
#2482=CARTESIAN_POINT('',(-85.0208365766085,-8.66315757297375,35.7979929072316));
#2483=CARTESIAN_POINT('Origin',(-95.2100224688752,2.33684242702676,48.0479929072185));
#2484=CARTESIAN_POINT('Origin',(-71.7252953893975,-8.66315757297386,63.4979929072302));
#2485=CARTESIAN_POINT('',(-71.7252953893975,-8.66315757297386,63.4979929072302));
#2486=CARTESIAN_POINT('',(-71.7252953893975,-8.66315757297386,63.4979929072302));
#2487=CARTESIAN_POINT('',(-76.6974474350241,-8.66315757297386,63.4979929072315));
#2488=CARTESIAN_POINT('Origin',(-81.6695994806508,2.33684242702659,63.4979929072316));
#2489=CARTESIAN_POINT('',(-71.7252953893967,-16.9270895954736,63.4979929072311));
#2490=CARTESIAN_POINT('',(-71.7252953893967,-12.0825555628486,63.4979929072315));
#2491=CARTESIAN_POINT('',(-79.0252953893966,-16.9270895954736,63.4979929072311));
#2492=CARTESIAN_POINT('',(-79.0252953893966,-16.9270895954732,63.4979929072316));
#2493=CARTESIAN_POINT('',(-79.0252953893963,21.6007744495269,63.4979929072311));
#2494=CARTESIAN_POINT('',(-79.0252953893967,-16.1631575729734,63.4979929072315));
#2495=CARTESIAN_POINT('',(-71.7252953893965,21.6007744495268,63.4979929072311));
#2496=CARTESIAN_POINT('',(-79.0252953893963,21.6007744495264,63.4979929072316));
#2497=CARTESIAN_POINT('',(-71.7252953893965,16.7562404169017,63.4979929072315));
#2498=CARTESIAN_POINT('Origin',(-79.0252953893966,-34.1631575729734,65.4979929072313));
#2499=CARTESIAN_POINT('',(-84.5252953893966,-32.6631575729734,65.4979929072313));
#2500=CARTESIAN_POINT('Origin',(-84.5252953893966,-34.1631575729734,65.4979929072313));
#2501=CARTESIAN_POINT('',(-71.7252953893967,-32.6631575729734,65.4979929072313));
#2502=CARTESIAN_POINT('',(-79.0252953893966,-32.6631575729734,65.4979929072313));
#2503=CARTESIAN_POINT('Origin',(-71.7252953893968,-34.1631575729734,65.4979929072313));
#2504=CARTESIAN_POINT('Origin',(-79.0252953893966,-19.1631575729732,65.4979929072313));
#2505=CARTESIAN_POINT('',(-84.5252953893966,-17.6631575729732,65.4979929072313));
#2506=CARTESIAN_POINT('Origin',(-84.5252953893966,-19.1631575729732,65.4979929072313));
#2507=CARTESIAN_POINT('',(-71.7252953893967,-17.6631575729732,65.4979929072313));
#2508=CARTESIAN_POINT('',(-79.0252953893966,-17.6631575729732,65.4979929072313));
#2509=CARTESIAN_POINT('Origin',(-71.7252953893968,-19.1631575729732,65.4979929072313));
#2510=CARTESIAN_POINT('Origin',(-79.0252953893966,-16.1631575729738,77.3979929072372));
#2511=CARTESIAN_POINT('',(-79.0252953893963,20.8368424270265,65.4979929072313));
#2512=CARTESIAN_POINT('Origin',(-79.0252953893963,23.8368424270265,65.4979929072313));
#2513=CARTESIAN_POINT('Origin',(-79.0252953893963,23.8368424270265,65.4979929072313));
#2514=CARTESIAN_POINT('',(-79.0252953893966,-16.1631575729732,65.4979929072313));
#2515=CARTESIAN_POINT('Origin',(-79.0252953893966,-19.1631575729732,65.4979929072313));
#2516=CARTESIAN_POINT('Origin',(-79.0252953893966,-19.1631575729732,65.4979929072313));
#2517=CARTESIAN_POINT('Origin',(-79.0252953893961,38.8368424270266,65.4979929072313));
#2518=CARTESIAN_POINT('',(-84.5252953893961,37.3368424270267,65.4979929072313));
#2519=CARTESIAN_POINT('Origin',(-84.5252953893961,38.8368424270267,65.4979929072313));
#2520=CARTESIAN_POINT('',(-71.7252953893963,37.3368424270265,65.4979929072313));
#2521=CARTESIAN_POINT('',(-79.0252953893961,37.3368424270266,65.4979929072313));
#2522=CARTESIAN_POINT('Origin',(-71.7252953893963,38.8368424270265,65.4979929072313));
#2523=CARTESIAN_POINT('Origin',(-79.0252953893963,23.8368424270265,65.4979929072313));
#2524=CARTESIAN_POINT('',(-84.5252953893963,22.3368424270265,65.4979929072313));
#2525=CARTESIAN_POINT('Origin',(-84.5252953893963,23.8368424270265,65.4979929072313));
#2526=CARTESIAN_POINT('',(-71.7252953893965,22.3368424270264,65.4979929072313));
#2527=CARTESIAN_POINT('',(-79.0252953893963,22.3368424270265,65.4979929072313));
#2528=CARTESIAN_POINT('Origin',(-71.7252953893965,23.8368424270264,65.4979929072313));
#2529=CARTESIAN_POINT('Origin',(-81.6695994806508,2.33684242702659,63.4979929072316));
#2530=CARTESIAN_POINT('',(-71.7252953893968,-31.8282159611304,63.4979929072313));
#2531=CARTESIAN_POINT('',(-79.0252953893966,-31.8282159611304,63.4979929072313));
#2532=CARTESIAN_POINT('',(-80.3474474350237,-31.8282159611303,63.4979929072316));
#2533=CARTESIAN_POINT('',(-79.0252953893966,-21.3992255504729,63.4979929072312));
#2534=CARTESIAN_POINT('',(-79.0252953893967,-16.1631575729734,63.4979929072315));
#2535=CARTESIAN_POINT('',(-71.7252953893967,-21.3992255504729,63.4979929072312));
#2536=CARTESIAN_POINT('',(-79.0252953893966,-21.3992255504732,63.4979929072316));
#2537=CARTESIAN_POINT('',(-71.7252953893967,-12.0825555628486,63.4979929072315));
#2538=CARTESIAN_POINT('Origin',(-79.0252953893966,-39.3631575729734,55.6979929072313));
#2539=CARTESIAN_POINT('',(-71.7252953893969,-36.7131105108886,54.2918454865333));
#2540=CARTESIAN_POINT('',(-71.7252953893969,-42.0132046350582,57.1041403279294));
#2541=CARTESIAN_POINT('Origin',(-71.7252953893968,-39.3631575729734,55.6979929072313));
#2542=CARTESIAN_POINT('',(-79.0252953893966,-42.0132046350582,57.1041403279294));
#2543=CARTESIAN_POINT('',(-79.0252953893966,-42.0132046350582,57.1041403279294));
#2544=CARTESIAN_POINT('',(-79.0252953893966,-36.3631575729734,55.6979929072313));
#2545=CARTESIAN_POINT('Origin',(-79.0252953893966,-39.3631575729734,55.6979929072313));
#2546=CARTESIAN_POINT('',(-84.5252953893966,-36.3631575729734,55.6979929072313));
#2547=CARTESIAN_POINT('',(-79.0252953893966,-36.3631575729734,55.6979929072313));
#2548=CARTESIAN_POINT('Origin',(-84.5252953893966,-39.3631575729734,55.6979929072313));
#2549=CARTESIAN_POINT('',(-79.0252953893966,-36.7131105108886,54.2918454865333));
#2550=CARTESIAN_POINT('Origin',(-79.0252953893966,-39.3631575729734,55.6979929072313));
#2551=CARTESIAN_POINT('',(-79.0252953893966,-36.7131105108886,54.2918454865333));
#2552=CARTESIAN_POINT('Origin',(-79.0252953893966,-39.3631575729734,55.6979929072313));
#2553=CARTESIAN_POINT('',(-71.7252953893968,-37.8631575729734,55.6979929072313));
#2554=CARTESIAN_POINT('Origin',(-71.7252953893968,-39.3631575729734,55.6979929072313));
#2555=CARTESIAN_POINT('',(-84.5252953893966,-37.8631575729734,55.6979929072313));
#2556=CARTESIAN_POINT('',(-79.0252953893966,-37.8631575729734,55.6979929072313));
#2557=CARTESIAN_POINT('Origin',(-84.5252953893966,-39.3631575729734,55.6979929072313));
#2558=CARTESIAN_POINT('Origin',(-79.0252953893966,-36.7131105108886,54.2918454865333));
#2559=CARTESIAN_POINT('',(-71.7252953893969,-35.6146174702992,56.3620823707211));
#2560=CARTESIAN_POINT('',(-79.0252953893966,-31.5131105108886,64.0918454865333));
#2561=CARTESIAN_POINT('Origin',(-79.0252953893966,-36.8132046350582,66.9041403279294));
#2562=CARTESIAN_POINT('',(-79.0252953893966,-36.8132046350582,66.9041403279294));
#2563=CARTESIAN_POINT('',(-79.0252953893966,-33.0473946236767,74.0012438109177));
#2564=CARTESIAN_POINT('',(-71.7252953893967,-36.8132046350582,66.9041403279294));
#2565=CARTESIAN_POINT('',(-71.7252953893968,-37.9094398109237,64.8381586503367));
#2566=CARTESIAN_POINT('',(-79.0252953893966,-36.8132046350582,66.9041403279294));
#2567=CARTESIAN_POINT('Origin',(-81.6695994806508,2.33684242702668,63.4979929072316));
#2568=CARTESIAN_POINT('',(-79.0252953893966,36.5019008151829,63.4979929072313));
#2569=CARTESIAN_POINT('',(-71.7252953893968,36.5019008151829,63.4979929072313));
#2570=CARTESIAN_POINT('',(-80.3474474350237,36.5019008151828,63.4979929072316));
#2571=CARTESIAN_POINT('',(-71.7252953893964,26.072910404526,63.4979929072312));
#2572=CARTESIAN_POINT('',(-71.7252953893965,16.7562404169017,63.4979929072315));
#2573=CARTESIAN_POINT('',(-79.0252953893963,26.0729104045261,63.4979929072312));
#2574=CARTESIAN_POINT('',(-79.0252953893963,26.0729104045265,63.4979929072316));
#2575=CARTESIAN_POINT('',(-79.0252953893964,20.8368424270266,63.4979929072315));
#2576=CARTESIAN_POINT('Origin',(-79.0252953893966,44.0368424270259,55.6979929072313));
#2577=CARTESIAN_POINT('',(-71.7252953893969,41.3867953649411,54.2918454865333));
#2578=CARTESIAN_POINT('',(-71.7252953893969,46.6868894891107,57.1041403279294));
#2579=CARTESIAN_POINT('Origin',(-71.7252953893968,44.0368424270259,55.6979929072313));
#2580=CARTESIAN_POINT('',(-79.0252953893966,41.3867953649411,54.2918454865333));
#2581=CARTESIAN_POINT('',(-79.0252953893966,41.3867953649411,54.2918454865333));
#2582=CARTESIAN_POINT('',(-79.0252953893966,41.0368424270259,55.6979929072313));
#2583=CARTESIAN_POINT('Origin',(-79.0252953893966,44.0368424270259,55.6979929072313));
#2584=CARTESIAN_POINT('',(-84.5252953893966,41.0368424270259,55.6979929072313));
#2585=CARTESIAN_POINT('',(-79.0252953893966,41.0368424270259,55.6979929072313));
#2586=CARTESIAN_POINT('Origin',(-84.5252953893966,44.0368424270259,55.6979929072313));
#2587=CARTESIAN_POINT('',(-79.0252953893966,46.6868894891107,57.1041403279294));
#2588=CARTESIAN_POINT('Origin',(-79.0252953893966,44.0368424270259,55.6979929072313));
#2589=CARTESIAN_POINT('',(-79.0252953893966,46.6868894891107,57.1041403279294));
#2590=CARTESIAN_POINT('Origin',(-79.0252953893966,44.0368424270259,55.6979929072313));
#2591=CARTESIAN_POINT('',(-71.7252953893968,42.5368424270259,55.6979929072313));
#2592=CARTESIAN_POINT('Origin',(-71.7252953893968,44.0368424270259,55.6979929072313));
#2593=CARTESIAN_POINT('',(-84.5252953893966,42.5368424270259,55.6979929072313));
#2594=CARTESIAN_POINT('',(-79.0252953893966,42.5368424270259,55.6979929072313));
#2595=CARTESIAN_POINT('Origin',(-84.5252953893966,44.0368424270259,55.6979929072313));
#2596=CARTESIAN_POINT('Origin',(-79.0252953893966,41.3867953649411,54.2918454865333));
#2597=CARTESIAN_POINT('',(-71.7252953893969,40.2883023243517,56.3620823707211));
#2598=CARTESIAN_POINT('',(-79.0252953893966,36.1867953649411,64.0918454865333));
#2599=CARTESIAN_POINT('Origin',(-79.0252953893966,41.4868894891107,66.9041403279294));
#2600=CARTESIAN_POINT('',(-71.7252953893966,41.4868894891107,66.9041403279288));
#2601=CARTESIAN_POINT('',(-71.7252953893962,35.5724231124005,78.0506346532735));
#2602=CARTESIAN_POINT('',(-79.0252953893966,41.4868894891107,66.9041403279288));
#2603=CARTESIAN_POINT('',(-79.0252953893966,41.4868894891107,66.9041403279294));
#2604=CARTESIAN_POINT('',(-79.0252953893966,41.4868894891107,66.9041403279288));
#2605=CARTESIAN_POINT('Origin',(-79.0252953893963,20.836842427027,77.3979929072372));
#2606=CARTESIAN_POINT('Origin',(-79.0252953893963,23.8368424270265,65.4979929072313));
#2607=CARTESIAN_POINT('',(-79.0252953893961,35.8368424270266,65.4979929072313));
#2608=CARTESIAN_POINT('Origin',(-79.0252953893961,38.8368424270266,65.4979929072313));
#2609=CARTESIAN_POINT('Origin',(-79.0252953893961,38.8368424270266,65.4979929072313));
#2610=CARTESIAN_POINT('Origin',(-79.0252953893966,-16.1631575729738,77.3979929072372));
#2611=CARTESIAN_POINT('',(-79.0252953893966,-31.1631575729734,65.4979929072313));
#2612=CARTESIAN_POINT('Origin',(-79.0252953893966,-34.1631575729734,65.4979929072313));
#2613=CARTESIAN_POINT('Origin',(-79.0252953893966,-34.1631575729734,65.4979929072313));
#2614=CARTESIAN_POINT('Origin',(-79.0252953893966,-19.1631575729732,65.4979929072313));
#2615=CARTESIAN_POINT('Origin',(-84.5252953893966,-34.1631575729734,65.4979929072313));
#2616=CARTESIAN_POINT('',(-84.5252953893966,-31.1631575729734,65.4979929072313));
#2617=CARTESIAN_POINT('Origin',(-84.5252953893966,-34.1631575729734,65.4979929072313));
#2618=CARTESIAN_POINT('Origin',(-84.5252953893963,23.8368424270265,65.4979929072313));
#2619=CARTESIAN_POINT('',(-84.5252953893963,20.8368424270265,65.4979929072313));
#2620=CARTESIAN_POINT('Origin',(-84.5252953893963,23.8368424270265,65.4979929072313));
#2621=CARTESIAN_POINT('Origin',(-84.5252953893966,44.0368424270259,55.6979929072313));
#2622=CARTESIAN_POINT('Origin',(-84.5252953893961,38.8368424270267,65.4979929072313));
#2623=CARTESIAN_POINT('',(-84.5252953893961,35.8368424270267,65.4979929072313));
#2624=CARTESIAN_POINT('Origin',(-84.5252953893961,38.8368424270267,65.4979929072313));
#2625=CARTESIAN_POINT('Origin',(-84.5252953893966,-19.1631575729732,65.4979929072313));
#2626=CARTESIAN_POINT('',(-84.5252953893966,-16.1631575729732,65.4979929072313));
#2627=CARTESIAN_POINT('Origin',(-84.5252953893966,-19.1631575729732,65.4979929072313));
#2628=CARTESIAN_POINT('Origin',(-84.5252953893966,-39.3631575729734,55.6979929072313));
#2629=CARTESIAN_POINT('Origin',(-71.7252953893968,-26.5019535527237,59.3979929072315));
#2630=CARTESIAN_POINT('Origin',(-71.7252953893967,-19.1631575729732,65.4979929072313));
#2631=CARTESIAN_POINT('Origin',(-71.7252953893968,-34.1631575729734,65.4979929072313));
#2632=CARTESIAN_POINT('Origin',(-71.7252953893967,-19.1631575729732,65.4979929072313));
#2633=CARTESIAN_POINT('Origin',(-71.7252953893964,23.8368424270264,65.4979929072313));
#2634=CARTESIAN_POINT('Origin',(-71.7252953893963,38.8368424270265,65.4979929072313));
#2635=CARTESIAN_POINT('Origin',(-71.7252953893964,23.8368424270264,65.4979929072313));
#2636=CARTESIAN_POINT('Origin',(-79.0252953893966,-34.1631575729734,65.4979929072313));
#2637=CARTESIAN_POINT('',(-79.0252953893966,-31.1631575729734,65.4979929072313));
#2638=CARTESIAN_POINT('Origin',(-79.0252953893966,-19.1631575729732,65.4979929072313));
#2639=CARTESIAN_POINT('',(-79.0252953893966,-16.1631575729732,65.4979929072313));
#2640=CARTESIAN_POINT('Origin',(-79.0252953893963,23.8368424270265,65.4979929072313));
#2641=CARTESIAN_POINT('',(-79.0252953893963,20.8368424270265,65.4979929072313));
#2642=CARTESIAN_POINT('Origin',(-79.0252953893961,38.8368424270266,65.4979929072313));
#2643=CARTESIAN_POINT('',(-79.0252953893961,35.8368424270266,65.4979929072313));
#2644=UNCERTAINTY_MEASURE_WITH_UNIT(LENGTH_MEASURE(0.01),#2648,
'DISTANCE_ACCURACY_VALUE',
'Maximum model space distance between geometric entities at asserted c
onnectivities');
#2645=UNCERTAINTY_MEASURE_WITH_UNIT(LENGTH_MEASURE(0.01),#2648,
'DISTANCE_ACCURACY_VALUE',
'Maximum model space distance between geometric entities at asserted c
onnectivities');
#2646=(
GEOMETRIC_REPRESENTATION_CONTEXT(3)
GLOBAL_UNCERTAINTY_ASSIGNED_CONTEXT((#2644))
GLOBAL_UNIT_ASSIGNED_CONTEXT((#2648,#2650,#2651))
REPRESENTATION_CONTEXT('','3D')
);
#2647=(
GEOMETRIC_REPRESENTATION_CONTEXT(3)
GLOBAL_UNCERTAINTY_ASSIGNED_CONTEXT((#2645))
GLOBAL_UNIT_ASSIGNED_CONTEXT((#2648,#2650,#2651))
REPRESENTATION_CONTEXT('','3D')
);
#2648=(
LENGTH_UNIT()
NAMED_UNIT(*)
SI_UNIT(.MILLI.,.METRE.)
);
#2649=(
LENGTH_UNIT()
NAMED_UNIT(*)
SI_UNIT($,.METRE.)
);
#2650=(
NAMED_UNIT(*)
PLANE_ANGLE_UNIT()
SI_UNIT($,.RADIAN.)
);
#2651=(
NAMED_UNIT(*)
SI_UNIT($,.STERADIAN.)
SOLID_ANGLE_UNIT()
);
#2652=SHAPE_DEFINITION_REPRESENTATION(#2653,#2654);
#2653=PRODUCT_DEFINITION_SHAPE('',$,#2656);
#2654=SHAPE_REPRESENTATION('',(#1604),#2646);
#2655=PRODUCT_DEFINITION_CONTEXT('part definition',#2660,'design');
#2656=PRODUCT_DEFINITION('2026-08-11-12-54-29-211',
'\X2\5F0051734E0E6D4B8DDD4EEA56FA5B9A8F6667B6\X0\ (1)',#2657,#2655);
#2657=PRODUCT_DEFINITION_FORMATION('',$,#2662);
#2658=PRODUCT_RELATED_PRODUCT_CATEGORY(
'\X2\5F0051734E0E6D4B8DDD4EEA56FA5B9A8F6667B6\X0\ (1)',
'\X2\5F0051734E0E6D4B8DDD4EEA56FA5B9A8F6667B6\X0\ (1)',(#2662));
#2659=APPLICATION_PROTOCOL_DEFINITION('international standard',
'automotive_design',2009,#2660);
#2660=APPLICATION_CONTEXT(
'Core Data for Automotive Mechanical Design Process');
#2661=PRODUCT_CONTEXT('part definition',#2660,'mechanical');
#2662=PRODUCT('2026-08-11-12-54-29-211',
'\X2\5F0051734E0E6D4B8DDD4EEA56FA5B9A8F6667B6\X0\ (1)',$,(#2661));
#2663=PRESENTATION_STYLE_ASSIGNMENT((#2665));
#2664=PRESENTATION_STYLE_ASSIGNMENT((#2666));
#2665=SURFACE_STYLE_USAGE(.BOTH.,#2667);
#2666=SURFACE_STYLE_USAGE(.BOTH.,#2668);
#2667=SURFACE_SIDE_STYLE('',(#2669));
#2668=SURFACE_SIDE_STYLE('',(#2670));
#2669=SURFACE_STYLE_FILL_AREA(#2671);
#2670=SURFACE_STYLE_FILL_AREA(#2672);
#2671=FILL_AREA_STYLE('\X2\94A2\X0\ - \X2\7F0E5149\X0\',(#2673));
#2672=FILL_AREA_STYLE('Opaque(160,160,160)',(#2674));
#2673=FILL_AREA_STYLE_COLOUR('\X2\94A2\X0\ - \X2\7F0E5149\X0\',#2675);
#2674=FILL_AREA_STYLE_COLOUR('Opaque(160,160,160)',#2676);
#2675=COLOUR_RGB('\X2\94A2\X0\ - \X2\7F0E5149\X0\',0.627450980392157,0.627450980392157,
0.627450980392157);
#2676=COLOUR_RGB('Opaque(160,160,160)',0.627450980392157,0.627450980392157,
0.627450980392157);
ENDSEC;
END-ISO-10303-21;
