ISO-10303-21;
HEADER;
/* Generated by software containing ST-Developer
 * from STEP Tools, Inc. (www.steptools.com) 
 */

FILE_DESCRIPTION(
/* description */ (''),
/* implementation_level */ '2;1');

FILE_NAME(
/* name */ '',
/* time_stamp */ '2026-08-11T12:53:54+09:00',
/* author */ (''),
/* organization */ (''),
/* preprocessor_version */ 'ST-DEVELOPER v20.1',
/* originating_system */ 'Autodesk Translation Framework v15.8.0.0',
/* authorisation */ '');

FILE_SCHEMA (('AUTOMOTIVE_DESIGN { 1 0 10303 214 3 1 1 }'));
ENDSEC;

DATA;
#10=MECHANICAL_DESIGN_GEOMETRIC_PRESENTATION_REPRESENTATION('',(#13),#3937);
#11=SHAPE_REPRESENTATION_RELATIONSHIP('SRR','None',#3944,#12);
#12=ADVANCED_BREP_SHAPE_REPRESENTATION('',(#14),#3936);
#13=STYLED_ITEM('',(#3953),#14);
#14=MANIFOLD_SOLID_BREP('\X2\656370ED98CE624756FA5B9A652F67B6\X0\1',#2171);
#15=B_SPLINE_CURVE_WITH_KNOTS('',3,(#3475,#3476,#3477,#3478,#3479,#3480,
#3481,#3482,#3483,#3484,#3485,#3486,#3487,#3488),.UNSPECIFIED.,.F.,.F.,
(4,2,2,2,2,2,4),(-0.184108133244006,-0.183802045131939,-0.152817160061456,
-0.128808206731577,-0.110731338452606,-0.0959470840921126,-0.0958161859604121),
 .UNSPECIFIED.);
#16=B_SPLINE_CURVE_WITH_KNOTS('',3,(#3507,#3508,#3509,#3510,#3511,#3512,
#3513,#3514,#3515,#3516,#3517,#3518,#3519,#3520),.UNSPECIFIED.,.F.,.F.,
(4,2,2,2,2,2,4),(-0.0803131699584225,-0.0615924849922656,-0.0424393757140561,
-0.0223676260720188,-0.0112017096246876,5.59926119358956E-10,0.000363371423944393),
 .UNSPECIFIED.);
#17=B_SPLINE_CURVE_WITH_KNOTS('',3,(#3663,#3664,#3665,#3666,#3667,#3668,
#3669,#3670,#3671,#3672,#3673,#3674,#3675,#3676),.UNSPECIFIED.,.F.,.F.,
(4,2,2,2,2,2,4),(-0.0805461210471176,-0.0801833370992389,-0.0689997868893332,
-0.0578519719987053,-0.0378126321668525,-0.0186904509607591,0.),
 .UNSPECIFIED.);
#18=B_SPLINE_CURVE_WITH_KNOTS('',3,(#3687,#3688,#3689,#3690,#3691,#3692,
#3693,#3694,#3695,#3696,#3697,#3698,#3699,#3700),.UNSPECIFIED.,.F.,.F.,
(4,2,2,2,2,2,4),(-0.107468012985071,-0.107308130905696,-0.0892502923559122,
-0.0671707771562833,-0.0378456727303753,0.,0.000373863272107083),
 .UNSPECIFIED.);
#19=SPHERICAL_SURFACE('',#2223,0.5);
#20=SPHERICAL_SURFACE('',#2233,0.5);
#21=SPHERICAL_SURFACE('',#2241,0.5);
#22=SPHERICAL_SURFACE('',#2259,0.5);
#23=SPHERICAL_SURFACE('',#2269,0.5);
#24=SPHERICAL_SURFACE('',#2276,0.5);
#25=SPHERICAL_SURFACE('',#2287,0.5);
#26=SPHERICAL_SURFACE('',#2294,0.5);
#27=SPHERICAL_SURFACE('',#2298,0.500000000000007);
#28=SPHERICAL_SURFACE('',#2305,0.5);
#29=SPHERICAL_SURFACE('',#2316,0.5);
#30=SPHERICAL_SURFACE('',#2325,0.5);
#31=SPHERICAL_SURFACE('',#2329,0.5);
#32=SPHERICAL_SURFACE('',#2330,0.5);
#33=SPHERICAL_SURFACE('',#2364,0.5);
#34=SPHERICAL_SURFACE('',#2370,0.5);
#35=SPHERICAL_SURFACE('',#2374,0.499999999999996);
#36=SPHERICAL_SURFACE('',#2376,0.5);
#37=SPHERICAL_SURFACE('',#2386,0.5);
#38=SPHERICAL_SURFACE('',#2396,0.5);
#39=SPHERICAL_SURFACE('',#2401,0.5);
#40=SPHERICAL_SURFACE('',#2410,0.5);
#41=SPHERICAL_SURFACE('',#2416,0.5);
#42=SPHERICAL_SURFACE('',#2420,0.5);
#43=SPHERICAL_SURFACE('',#2428,0.5);
#44=SPHERICAL_SURFACE('',#2457,0.5);
#45=SPHERICAL_SURFACE('',#2460,0.5);
#46=SPHERICAL_SURFACE('',#2463,0.5);
#47=TOROIDAL_SURFACE('',#2218,1.,0.5);
#48=TOROIDAL_SURFACE('',#2228,1.,0.5);
#49=TOROIDAL_SURFACE('',#2238,1.,0.5);
#50=TOROIDAL_SURFACE('',#2264,35.8323012499658,0.5);
#51=TOROIDAL_SURFACE('',#2274,35.8323012499658,0.5);
#52=TOROIDAL_SURFACE('',#2284,3.5,0.5);
#53=TOROIDAL_SURFACE('',#2311,1.,0.5);
#54=TOROIDAL_SURFACE('',#2320,1.,0.5);
#55=TOROIDAL_SURFACE('',#2333,35.8323012499658,0.5);
#56=TOROIDAL_SURFACE('',#2351,35.8323012499658,0.5);
#57=TOROIDAL_SURFACE('',#2358,35.8323012499658,0.5);
#58=TOROIDAL_SURFACE('',#2382,1.,0.5);
#59=TOROIDAL_SURFACE('',#2392,1.,0.5);
#60=TOROIDAL_SURFACE('',#2412,3.5,0.5);
#61=TOROIDAL_SURFACE('',#2424,35.8323012499658,0.5);
#62=TOROIDAL_SURFACE('',#2470,1.,0.5);
#63=TOROIDAL_SURFACE('',#2475,1.,0.5);
#64=TOROIDAL_SURFACE('',#2478,1.,0.5);
#65=ELLIPSE('',#2208,0.764634097422518,0.5);
#66=ELLIPSE('',#2292,0.707106781186547,0.5);
#67=ELLIPSE('',#2350,0.76463409742253,0.5);
#68=ELLIPSE('',#2363,0.707106781186548,0.5);
#69=CYLINDRICAL_SURFACE('',#2195,0.5);
#70=CYLINDRICAL_SURFACE('',#2199,0.5);
#71=CYLINDRICAL_SURFACE('',#2202,35.3323012499658);
#72=CYLINDRICAL_SURFACE('',#2209,0.5);
#73=CYLINDRICAL_SURFACE('',#2212,0.5);
#74=CYLINDRICAL_SURFACE('',#2215,0.5);
#75=CYLINDRICAL_SURFACE('',#2221,0.5);
#76=CYLINDRICAL_SURFACE('',#2225,0.5);
#77=CYLINDRICAL_SURFACE('',#2231,0.5);
#78=CYLINDRICAL_SURFACE('',#2235,0.5);
#79=CYLINDRICAL_SURFACE('',#2243,0.5);
#80=CYLINDRICAL_SURFACE('',#2246,0.5);
#81=CYLINDRICAL_SURFACE('',#2249,0.5);
#82=CYLINDRICAL_SURFACE('',#2252,0.5);
#83=CYLINDRICAL_SURFACE('',#2255,0.5);
#84=CYLINDRICAL_SURFACE('',#2257,0.5);
#85=CYLINDRICAL_SURFACE('',#2266,0.5);
#86=CYLINDRICAL_SURFACE('',#2272,0.5);
#87=CYLINDRICAL_SURFACE('',#2279,0.5);
#88=CYLINDRICAL_SURFACE('',#2281,3.);
#89=CYLINDRICAL_SURFACE('',#2289,0.5);
#90=CYLINDRICAL_SURFACE('',#2291,0.5);
#91=CYLINDRICAL_SURFACE('',#2296,0.5);
#92=CYLINDRICAL_SURFACE('',#2301,0.5);
#93=CYLINDRICAL_SURFACE('',#2303,0.5);
#94=CYLINDRICAL_SURFACE('',#2308,0.5);
#95=CYLINDRICAL_SURFACE('',#2314,0.5);
#96=CYLINDRICAL_SURFACE('',#2317,0.5);
#97=CYLINDRICAL_SURFACE('',#2323,0.5);
#98=CYLINDRICAL_SURFACE('',#2326,0.5);
#99=CYLINDRICAL_SURFACE('',#2332,0.5);
#100=CYLINDRICAL_SURFACE('',#2339,1.49999999999999);
#101=CYLINDRICAL_SURFACE('',#2340,1.49999999999999);
#102=CYLINDRICAL_SURFACE('',#2355,0.5);
#103=CYLINDRICAL_SURFACE('',#2361,0.5);
#104=CYLINDRICAL_SURFACE('',#2368,0.5);
#105=CYLINDRICAL_SURFACE('',#2372,0.5);
#106=CYLINDRICAL_SURFACE('',#2380,0.5);
#107=CYLINDRICAL_SURFACE('',#2385,0.5);
#108=CYLINDRICAL_SURFACE('',#2390,0.5);
#109=CYLINDRICAL_SURFACE('',#2395,0.5);
#110=CYLINDRICAL_SURFACE('',#2400,0.5);
#111=CYLINDRICAL_SURFACE('',#2404,0.5);
#112=CYLINDRICAL_SURFACE('',#2405,0.5);
#113=CYLINDRICAL_SURFACE('',#2408,0.5);
#114=CYLINDRICAL_SURFACE('',#2418,0.5);
#115=CYLINDRICAL_SURFACE('',#2422,0.5);
#116=CYLINDRICAL_SURFACE('',#2431,0.5);
#117=CYLINDRICAL_SURFACE('',#2433,0.5);
#118=CYLINDRICAL_SURFACE('',#2435,0.5);
#119=CYLINDRICAL_SURFACE('',#2441,0.5);
#120=CYLINDRICAL_SURFACE('',#2444,0.5);
#121=CYLINDRICAL_SURFACE('',#2447,0.5);
#122=CYLINDRICAL_SURFACE('',#2450,0.5);
#123=CYLINDRICAL_SURFACE('',#2453,0.5);
#124=CYLINDRICAL_SURFACE('',#2466,0.5);
#125=CYLINDRICAL_SURFACE('',#2468,0.5);
#126=CYLINDRICAL_SURFACE('',#2472,0.5);
#127=CYLINDRICAL_SURFACE('',#2473,0.5);
#128=CYLINDRICAL_SURFACE('',#2477,0.5);
#129=CYLINDRICAL_SURFACE('',#2480,0.5);
#130=CYLINDRICAL_SURFACE('',#2481,35.3323012499658);
#131=CYLINDRICAL_SURFACE('',#2484,0.5);
#132=CYLINDRICAL_SURFACE('',#2485,3.);
#133=CYLINDRICAL_SURFACE('',#2488,0.5);
#134=CYLINDRICAL_SURFACE('',#2490,0.5);
#135=FACE_BOUND('',#445,.T.);
#136=FACE_BOUND('',#480,.T.);
#137=FACE_BOUND('',#513,.T.);
#138=FACE_BOUND('',#519,.T.);
#139=FACE_BOUND('',#558,.T.);
#140=FACE_BOUND('',#569,.T.);
#141=CIRCLE('',#2187,1.);
#142=CIRCLE('',#2188,1.);
#143=CIRCLE('',#2193,1.);
#144=CIRCLE('',#2194,1.);
#145=CIRCLE('',#2196,0.499999999999998);
#146=CIRCLE('',#2197,0.5);
#147=CIRCLE('',#2200,0.5);
#148=CIRCLE('',#2201,0.5);
#149=CIRCLE('',#2203,35.3323012499658);
#150=CIRCLE('',#2204,35.3323012499658);
#151=CIRCLE('',#2205,35.3323012499658);
#152=CIRCLE('',#2206,35.3323012499658);
#153=CIRCLE('',#2210,0.500000000000004);
#154=CIRCLE('',#2211,0.5);
#155=CIRCLE('',#2213,0.499999999999998);
#156=CIRCLE('',#2214,0.499999999999994);
#157=CIRCLE('',#2216,0.499999999999994);
#158=CIRCLE('',#2217,0.499999999999998);
#159=CIRCLE('',#2219,0.49999999999979);
#160=CIRCLE('',#2220,0.5);
#161=CIRCLE('',#2222,0.499999999999998);
#162=CIRCLE('',#2224,0.500000000000002);
#163=CIRCLE('',#2226,0.499999999999998);
#164=CIRCLE('',#2227,0.499999999999998);
#165=CIRCLE('',#2229,0.499999999999998);
#166=CIRCLE('',#2230,0.5);
#167=CIRCLE('',#2232,0.499999999999998);
#168=CIRCLE('',#2234,0.499999999999996);
#169=CIRCLE('',#2236,0.500000000000007);
#170=CIRCLE('',#2237,0.499999999999998);
#171=CIRCLE('',#2239,0.5);
#172=CIRCLE('',#2240,1.);
#173=CIRCLE('',#2242,0.499999999999999);
#174=CIRCLE('',#2244,0.500000000000002);
#175=CIRCLE('',#2247,0.5);
#176=CIRCLE('',#2250,0.499999999999996);
#177=CIRCLE('',#2253,0.5);
#178=CIRCLE('',#2256,0.499999999999999);
#179=CIRCLE('',#2258,0.499999999999998);
#180=CIRCLE('',#2260,0.5);
#181=CIRCLE('',#2262,35.8323012499658);
#182=CIRCLE('',#2263,1.49999999999999);
#183=CIRCLE('',#2265,0.5);
#184=CIRCLE('',#2267,0.499999999999994);
#185=CIRCLE('',#2268,0.5);
#186=CIRCLE('',#2270,0.5);
#187=CIRCLE('',#2271,0.499999999999999);
#188=CIRCLE('',#2273,0.499999999999992);
#189=CIRCLE('',#2275,35.8323012499658);
#190=CIRCLE('',#2277,0.499999999999997);
#191=CIRCLE('',#2278,0.5);
#192=CIRCLE('',#2280,0.5);
#193=CIRCLE('',#2282,3.);
#194=CIRCLE('',#2283,3.);
#195=CIRCLE('',#2285,3.5);
#196=CIRCLE('',#2286,0.5);
#197=CIRCLE('',#2288,0.499999999999999);
#198=CIRCLE('',#2290,0.499999999999999);
#199=CIRCLE('',#2293,0.499999999999998);
#200=CIRCLE('',#2295,0.499999999999996);
#201=CIRCLE('',#2297,0.499999999999996);
#202=CIRCLE('',#2299,0.499999999999998);
#203=CIRCLE('',#2300,0.500000000000007);
#204=CIRCLE('',#2302,0.499999999999998);
#205=CIRCLE('',#2304,0.500000000000004);
#206=CIRCLE('',#2306,0.5);
#207=CIRCLE('',#2307,0.500000000000002);
#208=CIRCLE('',#2309,0.499999999999998);
#209=CIRCLE('',#2310,0.499999999999998);
#210=CIRCLE('',#2312,0.499999999999492);
#211=CIRCLE('',#2313,1.);
#212=CIRCLE('',#2315,0.499999999999994);
#213=CIRCLE('',#2318,0.500000000000007);
#214=CIRCLE('',#2319,0.499999999999998);
#215=CIRCLE('',#2321,0.499999999999847);
#216=CIRCLE('',#2322,1.);
#217=CIRCLE('',#2324,0.499999999999998);
#218=CIRCLE('',#2327,0.500000000000003);
#219=CIRCLE('',#2328,0.499999999999998);
#220=CIRCLE('',#2331,0.500000000000003);
#221=CIRCLE('',#2334,35.8323012499658);
#222=CIRCLE('',#2336,1.49999999999999);
#223=CIRCLE('',#2341,1.49999999999999);
#224=CIRCLE('',#2342,1.49999999999999);
#225=CIRCLE('',#2344,0.5);
#226=CIRCLE('',#2345,3.);
#227=CIRCLE('',#2346,0.5);
#228=CIRCLE('',#2347,0.5);
#229=CIRCLE('',#2348,35.8323012499658);
#230=CIRCLE('',#2352,35.3323012499658);
#231=CIRCLE('',#2353,0.5);
#232=CIRCLE('',#2354,35.8323012499658);
#233=CIRCLE('',#2356,0.499999999999996);
#234=CIRCLE('',#2357,0.499999999999996);
#235=CIRCLE('',#2359,0.5);
#236=CIRCLE('',#2360,35.3323012499658);
#237=CIRCLE('',#2362,0.500000000000002);
#238=CIRCLE('',#2365,0.500000000000007);
#239=CIRCLE('',#2366,0.499999999999999);
#240=CIRCLE('',#2367,0.499999999999998);
#241=CIRCLE('',#2369,0.500000000000003);
#242=CIRCLE('',#2371,0.499999999999998);
#243=CIRCLE('',#2373,0.499999999999996);
#244=CIRCLE('',#2375,0.499999999999998);
#245=CIRCLE('',#2377,0.499999999999998);
#246=CIRCLE('',#2378,0.499999999999996);
#247=CIRCLE('',#2379,0.499999999999994);
#248=CIRCLE('',#2381,0.500000000000016);
#249=CIRCLE('',#2383,0.5);
#250=CIRCLE('',#2384,0.499999999999994);
#251=CIRCLE('',#2387,0.499999999999989);
#252=CIRCLE('',#2388,0.500000000000002);
#253=CIRCLE('',#2389,0.499999999999998);
#254=CIRCLE('',#2391,0.49999999999998);
#255=CIRCLE('',#2393,0.5);
#256=CIRCLE('',#2394,0.500000000000003);
#257=CIRCLE('',#2397,0.500000000000007);
#258=CIRCLE('',#2398,0.499999999999996);
#259=CIRCLE('',#2399,0.499999999999998);
#260=CIRCLE('',#2402,0.500000000000001);
#261=CIRCLE('',#2403,0.499999999999996);
#262=CIRCLE('',#2406,0.499999999999996);
#263=CIRCLE('',#2409,0.500000000000001);
#264=CIRCLE('',#2411,0.5);
#265=CIRCLE('',#2413,0.5);
#266=CIRCLE('',#2414,3.5);
#267=CIRCLE('',#2415,3.);
#268=CIRCLE('',#2417,0.499999999999998);
#269=CIRCLE('',#2419,0.499999999999996);
#270=CIRCLE('',#2421,0.499999999999998);
#271=CIRCLE('',#2425,0.5);
#272=CIRCLE('',#2426,35.8323012499658);
#273=CIRCLE('',#2427,35.3323012499658);
#274=CIRCLE('',#2429,0.500000000000007);
#275=CIRCLE('',#2430,0.499999999999998);
#276=CIRCLE('',#2432,0.5);
#277=CIRCLE('',#2434,0.5);
#278=CIRCLE('',#2436,0.499999999999994);
#279=CIRCLE('',#2437,0.5);
#280=CIRCLE('',#2439,1.);
#281=CIRCLE('',#2440,1.);
#282=CIRCLE('',#2442,0.500000000000002);
#283=CIRCLE('',#2445,0.5);
#284=CIRCLE('',#2448,0.499999999999996);
#285=CIRCLE('',#2451,0.5);
#286=CIRCLE('',#2454,0.499999999999999);
#287=CIRCLE('',#2456,1.);
#288=CIRCLE('',#2458,0.499999999999989);
#289=CIRCLE('',#2459,0.500000000000003);
#290=CIRCLE('',#2461,0.499999999999998);
#291=CIRCLE('',#2462,0.500000000000003);
#292=CIRCLE('',#2464,0.499999999999994);
#293=CIRCLE('',#2465,0.499999999999998);
#294=CIRCLE('',#2467,0.499999999999994);
#295=CIRCLE('',#2469,0.500000000000003);
#296=CIRCLE('',#2471,0.499999999999989);
#297=CIRCLE('',#2474,0.500000000000007);
#298=CIRCLE('',#2476,0.499999999999998);
#299=CIRCLE('',#2479,0.499999999999998);
#300=CIRCLE('',#2482,35.3323012499658);
#301=FACE_OUTER_BOUND('',#443,.T.);
#302=FACE_OUTER_BOUND('',#444,.T.);
#303=FACE_OUTER_BOUND('',#446,.T.);
#304=FACE_OUTER_BOUND('',#447,.T.);
#305=FACE_OUTER_BOUND('',#448,.T.);
#306=FACE_OUTER_BOUND('',#449,.T.);
#307=FACE_OUTER_BOUND('',#450,.T.);
#308=FACE_OUTER_BOUND('',#451,.T.);
#309=FACE_OUTER_BOUND('',#452,.T.);
#310=FACE_OUTER_BOUND('',#453,.T.);
#311=FACE_OUTER_BOUND('',#454,.T.);
#312=FACE_OUTER_BOUND('',#455,.T.);
#313=FACE_OUTER_BOUND('',#456,.T.);
#314=FACE_OUTER_BOUND('',#457,.T.);
#315=FACE_OUTER_BOUND('',#458,.T.);
#316=FACE_OUTER_BOUND('',#459,.T.);
#317=FACE_OUTER_BOUND('',#460,.T.);
#318=FACE_OUTER_BOUND('',#461,.T.);
#319=FACE_OUTER_BOUND('',#462,.T.);
#320=FACE_OUTER_BOUND('',#463,.T.);
#321=FACE_OUTER_BOUND('',#464,.T.);
#322=FACE_OUTER_BOUND('',#465,.T.);
#323=FACE_OUTER_BOUND('',#466,.T.);
#324=FACE_OUTER_BOUND('',#467,.T.);
#325=FACE_OUTER_BOUND('',#468,.T.);
#326=FACE_OUTER_BOUND('',#469,.T.);
#327=FACE_OUTER_BOUND('',#470,.T.);
#328=FACE_OUTER_BOUND('',#471,.T.);
#329=FACE_OUTER_BOUND('',#472,.T.);
#330=FACE_OUTER_BOUND('',#473,.T.);
#331=FACE_OUTER_BOUND('',#474,.T.);
#332=FACE_OUTER_BOUND('',#475,.T.);
#333=FACE_OUTER_BOUND('',#476,.T.);
#334=FACE_OUTER_BOUND('',#477,.T.);
#335=FACE_OUTER_BOUND('',#478,.T.);
#336=FACE_OUTER_BOUND('',#479,.T.);
#337=FACE_OUTER_BOUND('',#481,.T.);
#338=FACE_OUTER_BOUND('',#482,.T.);
#339=FACE_OUTER_BOUND('',#483,.T.);
#340=FACE_OUTER_BOUND('',#484,.T.);
#341=FACE_OUTER_BOUND('',#485,.T.);
#342=FACE_OUTER_BOUND('',#486,.T.);
#343=FACE_OUTER_BOUND('',#487,.T.);
#344=FACE_OUTER_BOUND('',#488,.T.);
#345=FACE_OUTER_BOUND('',#489,.T.);
#346=FACE_OUTER_BOUND('',#490,.T.);
#347=FACE_OUTER_BOUND('',#491,.T.);
#348=FACE_OUTER_BOUND('',#492,.T.);
#349=FACE_OUTER_BOUND('',#493,.T.);
#350=FACE_OUTER_BOUND('',#494,.T.);
#351=FACE_OUTER_BOUND('',#495,.T.);
#352=FACE_OUTER_BOUND('',#496,.T.);
#353=FACE_OUTER_BOUND('',#497,.T.);
#354=FACE_OUTER_BOUND('',#498,.T.);
#355=FACE_OUTER_BOUND('',#499,.T.);
#356=FACE_OUTER_BOUND('',#500,.T.);
#357=FACE_OUTER_BOUND('',#501,.T.);
#358=FACE_OUTER_BOUND('',#502,.T.);
#359=FACE_OUTER_BOUND('',#503,.T.);
#360=FACE_OUTER_BOUND('',#504,.T.);
#361=FACE_OUTER_BOUND('',#505,.T.);
#362=FACE_OUTER_BOUND('',#506,.T.);
#363=FACE_OUTER_BOUND('',#507,.T.);
#364=FACE_OUTER_BOUND('',#508,.T.);
#365=FACE_OUTER_BOUND('',#509,.T.);
#366=FACE_OUTER_BOUND('',#510,.T.);
#367=FACE_OUTER_BOUND('',#511,.T.);
#368=FACE_OUTER_BOUND('',#512,.T.);
#369=FACE_OUTER_BOUND('',#514,.T.);
#370=FACE_OUTER_BOUND('',#515,.T.);
#371=FACE_OUTER_BOUND('',#516,.T.);
#372=FACE_OUTER_BOUND('',#517,.T.);
#373=FACE_OUTER_BOUND('',#518,.T.);
#374=FACE_OUTER_BOUND('',#520,.T.);
#375=FACE_OUTER_BOUND('',#521,.T.);
#376=FACE_OUTER_BOUND('',#522,.T.);
#377=FACE_OUTER_BOUND('',#523,.T.);
#378=FACE_OUTER_BOUND('',#524,.T.);
#379=FACE_OUTER_BOUND('',#525,.T.);
#380=FACE_OUTER_BOUND('',#526,.T.);
#381=FACE_OUTER_BOUND('',#527,.T.);
#382=FACE_OUTER_BOUND('',#528,.T.);
#383=FACE_OUTER_BOUND('',#529,.T.);
#384=FACE_OUTER_BOUND('',#530,.T.);
#385=FACE_OUTER_BOUND('',#531,.T.);
#386=FACE_OUTER_BOUND('',#532,.T.);
#387=FACE_OUTER_BOUND('',#533,.T.);
#388=FACE_OUTER_BOUND('',#534,.T.);
#389=FACE_OUTER_BOUND('',#535,.T.);
#390=FACE_OUTER_BOUND('',#536,.T.);
#391=FACE_OUTER_BOUND('',#537,.T.);
#392=FACE_OUTER_BOUND('',#538,.T.);
#393=FACE_OUTER_BOUND('',#539,.T.);
#394=FACE_OUTER_BOUND('',#540,.T.);
#395=FACE_OUTER_BOUND('',#541,.T.);
#396=FACE_OUTER_BOUND('',#542,.T.);
#397=FACE_OUTER_BOUND('',#543,.T.);
#398=FACE_OUTER_BOUND('',#544,.T.);
#399=FACE_OUTER_BOUND('',#545,.T.);
#400=FACE_OUTER_BOUND('',#546,.T.);
#401=FACE_OUTER_BOUND('',#547,.T.);
#402=FACE_OUTER_BOUND('',#548,.T.);
#403=FACE_OUTER_BOUND('',#549,.T.);
#404=FACE_OUTER_BOUND('',#550,.T.);
#405=FACE_OUTER_BOUND('',#551,.T.);
#406=FACE_OUTER_BOUND('',#552,.T.);
#407=FACE_OUTER_BOUND('',#553,.T.);
#408=FACE_OUTER_BOUND('',#554,.T.);
#409=FACE_OUTER_BOUND('',#555,.T.);
#410=FACE_OUTER_BOUND('',#556,.T.);
#411=FACE_OUTER_BOUND('',#557,.T.);
#412=FACE_OUTER_BOUND('',#559,.T.);
#413=FACE_OUTER_BOUND('',#560,.T.);
#414=FACE_OUTER_BOUND('',#561,.T.);
#415=FACE_OUTER_BOUND('',#562,.T.);
#416=FACE_OUTER_BOUND('',#563,.T.);
#417=FACE_OUTER_BOUND('',#564,.T.);
#418=FACE_OUTER_BOUND('',#565,.T.);
#419=FACE_OUTER_BOUND('',#566,.T.);
#420=FACE_OUTER_BOUND('',#567,.T.);
#421=FACE_OUTER_BOUND('',#568,.T.);
#422=FACE_OUTER_BOUND('',#570,.T.);
#423=FACE_OUTER_BOUND('',#571,.T.);
#424=FACE_OUTER_BOUND('',#572,.T.);
#425=FACE_OUTER_BOUND('',#573,.T.);
#426=FACE_OUTER_BOUND('',#574,.T.);
#427=FACE_OUTER_BOUND('',#575,.T.);
#428=FACE_OUTER_BOUND('',#576,.T.);
#429=FACE_OUTER_BOUND('',#577,.T.);
#430=FACE_OUTER_BOUND('',#578,.T.);
#431=FACE_OUTER_BOUND('',#579,.T.);
#432=FACE_OUTER_BOUND('',#580,.T.);
#433=FACE_OUTER_BOUND('',#581,.T.);
#434=FACE_OUTER_BOUND('',#582,.T.);
#435=FACE_OUTER_BOUND('',#583,.T.);
#436=FACE_OUTER_BOUND('',#584,.T.);
#437=FACE_OUTER_BOUND('',#585,.T.);
#438=FACE_OUTER_BOUND('',#586,.T.);
#439=FACE_OUTER_BOUND('',#587,.T.);
#440=FACE_OUTER_BOUND('',#588,.T.);
#441=FACE_OUTER_BOUND('',#589,.T.);
#442=FACE_OUTER_BOUND('',#590,.T.);
#443=EDGE_LOOP('',(#1371,#1372,#1373,#1374));
#444=EDGE_LOOP('',(#1375,#1376,#1377,#1378,#1379,#1380,#1381,#1382,#1383,
#1384,#1385,#1386));
#445=EDGE_LOOP('',(#1387,#1388,#1389,#1390));
#446=EDGE_LOOP('',(#1391,#1392,#1393,#1394));
#447=EDGE_LOOP('',(#1395,#1396,#1397,#1398));
#448=EDGE_LOOP('',(#1399,#1400,#1401,#1402));
#449=EDGE_LOOP('',(#1403,#1404,#1405,#1406,#1407,#1408,#1409,#1410,#1411,
#1412));
#450=EDGE_LOOP('',(#1413,#1414,#1415,#1416));
#451=EDGE_LOOP('',(#1417,#1418,#1419,#1420));
#452=EDGE_LOOP('',(#1421,#1422,#1423,#1424));
#453=EDGE_LOOP('',(#1425,#1426,#1427,#1428,#1429,#1430,#1431,#1432));
#454=EDGE_LOOP('',(#1433,#1434,#1435,#1436,#1437));
#455=EDGE_LOOP('',(#1438,#1439,#1440,#1441));
#456=EDGE_LOOP('',(#1442,#1443,#1444,#1445));
#457=EDGE_LOOP('',(#1446,#1447,#1448,#1449));
#458=EDGE_LOOP('',(#1450,#1451,#1452,#1453));
#459=EDGE_LOOP('',(#1454,#1455,#1456,#1457));
#460=EDGE_LOOP('',(#1458,#1459,#1460));
#461=EDGE_LOOP('',(#1461,#1462,#1463,#1464));
#462=EDGE_LOOP('',(#1465,#1466,#1467,#1468));
#463=EDGE_LOOP('',(#1469,#1470,#1471,#1472));
#464=EDGE_LOOP('',(#1473,#1474,#1475));
#465=EDGE_LOOP('',(#1476,#1477,#1478,#1479));
#466=EDGE_LOOP('',(#1480,#1481,#1482,#1483));
#467=EDGE_LOOP('',(#1484,#1485,#1486));
#468=EDGE_LOOP('',(#1487,#1488,#1489,#1490));
#469=EDGE_LOOP('',(#1491,#1492,#1493,#1494));
#470=EDGE_LOOP('',(#1495,#1496,#1497,#1498));
#471=EDGE_LOOP('',(#1499,#1500,#1501,#1502));
#472=EDGE_LOOP('',(#1503,#1504,#1505,#1506));
#473=EDGE_LOOP('',(#1507,#1508,#1509,#1510));
#474=EDGE_LOOP('',(#1511,#1512,#1513,#1514));
#475=EDGE_LOOP('',(#1515,#1516,#1517,#1518));
#476=EDGE_LOOP('',(#1519,#1520,#1521,#1522));
#477=EDGE_LOOP('',(#1523,#1524,#1525,#1526));
#478=EDGE_LOOP('',(#1527,#1528,#1529));
#479=EDGE_LOOP('',(#1530,#1531,#1532,#1533,#1534,#1535));
#480=EDGE_LOOP('',(#1536));
#481=EDGE_LOOP('',(#1537,#1538,#1539,#1540));
#482=EDGE_LOOP('',(#1541,#1542,#1543,#1544,#1545));
#483=EDGE_LOOP('',(#1546,#1547,#1548));
#484=EDGE_LOOP('',(#1549,#1550,#1551,#1552));
#485=EDGE_LOOP('',(#1553,#1554,#1555,#1556));
#486=EDGE_LOOP('',(#1557,#1558,#1559));
#487=EDGE_LOOP('',(#1560,#1561,#1562,#1563));
#488=EDGE_LOOP('',(#1564,#1565,#1566,#1567));
#489=EDGE_LOOP('',(#1568,#1569,#1570,#1571));
#490=EDGE_LOOP('',(#1572,#1573,#1574));
#491=EDGE_LOOP('',(#1575,#1576,#1577,#1578));
#492=EDGE_LOOP('',(#1579,#1580,#1581,#1582));
#493=EDGE_LOOP('',(#1583,#1584,#1585));
#494=EDGE_LOOP('',(#1586,#1587,#1588,#1589));
#495=EDGE_LOOP('',(#1590,#1591,#1592));
#496=EDGE_LOOP('',(#1593,#1594,#1595,#1596));
#497=EDGE_LOOP('',(#1597,#1598,#1599,#1600));
#498=EDGE_LOOP('',(#1601,#1602,#1603));
#499=EDGE_LOOP('',(#1604,#1605,#1606,#1607));
#500=EDGE_LOOP('',(#1608,#1609,#1610,#1611));
#501=EDGE_LOOP('',(#1612,#1613,#1614,#1615));
#502=EDGE_LOOP('',(#1616,#1617,#1618));
#503=EDGE_LOOP('',(#1619,#1620,#1621,#1622));
#504=EDGE_LOOP('',(#1623,#1624,#1625,#1626));
#505=EDGE_LOOP('',(#1627,#1628,#1629,#1630));
#506=EDGE_LOOP('',(#1631,#1632,#1633));
#507=EDGE_LOOP('',(#1634,#1635,#1636,#1637));
#508=EDGE_LOOP('',(#1638,#1639,#1640));
#509=EDGE_LOOP('',(#1641,#1642,#1643));
#510=EDGE_LOOP('',(#1644,#1645,#1646,#1647,#1648));
#511=EDGE_LOOP('',(#1649,#1650,#1651,#1652));
#512=EDGE_LOOP('',(#1653,#1654,#1655,#1656,#1657,#1658,#1659,#1660));
#513=EDGE_LOOP('',(#1661));
#514=EDGE_LOOP('',(#1662,#1663,#1664,#1665));
#515=EDGE_LOOP('',(#1666,#1667,#1668,#1669,#1670,#1671,#1672,#1673,#1674,
#1675,#1676,#1677));
#516=EDGE_LOOP('',(#1678,#1679,#1680,#1681));
#517=EDGE_LOOP('',(#1682,#1683,#1684,#1685));
#518=EDGE_LOOP('',(#1686,#1687,#1688,#1689,#1690,#1691,#1692,#1693));
#519=EDGE_LOOP('',(#1694));
#520=EDGE_LOOP('',(#1695,#1696,#1697,#1698,#1699));
#521=EDGE_LOOP('',(#1700,#1701,#1702,#1703));
#522=EDGE_LOOP('',(#1704,#1705,#1706,#1707));
#523=EDGE_LOOP('',(#1708,#1709,#1710,#1711));
#524=EDGE_LOOP('',(#1712,#1713,#1714,#1715,#1716));
#525=EDGE_LOOP('',(#1717,#1718,#1719));
#526=EDGE_LOOP('',(#1720,#1721,#1722,#1723));
#527=EDGE_LOOP('',(#1724,#1725,#1726));
#528=EDGE_LOOP('',(#1727,#1728,#1729,#1730));
#529=EDGE_LOOP('',(#1731,#1732,#1733));
#530=EDGE_LOOP('',(#1734,#1735,#1736));
#531=EDGE_LOOP('',(#1737,#1738,#1739,#1740));
#532=EDGE_LOOP('',(#1741,#1742,#1743,#1744));
#533=EDGE_LOOP('',(#1745,#1746,#1747,#1748));
#534=EDGE_LOOP('',(#1749,#1750,#1751));
#535=EDGE_LOOP('',(#1752,#1753,#1754,#1755));
#536=EDGE_LOOP('',(#1756,#1757,#1758,#1759));
#537=EDGE_LOOP('',(#1760,#1761,#1762,#1763));
#538=EDGE_LOOP('',(#1764,#1765,#1766));
#539=EDGE_LOOP('',(#1767,#1768,#1769,#1770));
#540=EDGE_LOOP('',(#1771,#1772,#1773));
#541=EDGE_LOOP('',(#1774,#1775,#1776,#1777,#1778));
#542=EDGE_LOOP('',(#1779,#1780,#1781,#1782));
#543=EDGE_LOOP('',(#1783,#1784,#1785,#1786));
#544=EDGE_LOOP('',(#1787,#1788,#1789,#1790));
#545=EDGE_LOOP('',(#1791,#1792,#1793));
#546=EDGE_LOOP('',(#1794,#1795,#1796,#1797));
#547=EDGE_LOOP('',(#1798,#1799,#1800));
#548=EDGE_LOOP('',(#1801,#1802,#1803,#1804));
#549=EDGE_LOOP('',(#1805,#1806,#1807));
#550=EDGE_LOOP('',(#1808,#1809,#1810,#1811));
#551=EDGE_LOOP('',(#1812,#1813,#1814,#1815));
#552=EDGE_LOOP('',(#1816,#1817,#1818,#1819));
#553=EDGE_LOOP('',(#1820,#1821,#1822));
#554=EDGE_LOOP('',(#1823,#1824,#1825,#1826));
#555=EDGE_LOOP('',(#1827,#1828,#1829,#1830));
#556=EDGE_LOOP('',(#1831,#1832,#1833,#1834));
#557=EDGE_LOOP('',(#1835,#1836,#1837,#1838,#1839,#1840,#1841,#1842,#1843,
#1844));
#558=EDGE_LOOP('',(#1845,#1846,#1847,#1848));
#559=EDGE_LOOP('',(#1849,#1850,#1851,#1852));
#560=EDGE_LOOP('',(#1853,#1854,#1855,#1856));
#561=EDGE_LOOP('',(#1857,#1858,#1859,#1860));
#562=EDGE_LOOP('',(#1861,#1862,#1863,#1864));
#563=EDGE_LOOP('',(#1865,#1866,#1867,#1868));
#564=EDGE_LOOP('',(#1869,#1870,#1871,#1872));
#565=EDGE_LOOP('',(#1873,#1874,#1875,#1876));
#566=EDGE_LOOP('',(#1877,#1878,#1879,#1880));
#567=EDGE_LOOP('',(#1881,#1882,#1883,#1884));
#568=EDGE_LOOP('',(#1885,#1886,#1887,#1888,#1889,#1890));
#569=EDGE_LOOP('',(#1891));
#570=EDGE_LOOP('',(#1892,#1893,#1894));
#571=EDGE_LOOP('',(#1895,#1896,#1897));
#572=EDGE_LOOP('',(#1898,#1899,#1900));
#573=EDGE_LOOP('',(#1901,#1902,#1903,#1904));
#574=EDGE_LOOP('',(#1905,#1906,#1907,#1908));
#575=EDGE_LOOP('',(#1909,#1910,#1911,#1912));
#576=EDGE_LOOP('',(#1913,#1914,#1915,#1916));
#577=EDGE_LOOP('',(#1917,#1918,#1919,#1920));
#578=EDGE_LOOP('',(#1921,#1922,#1923,#1924));
#579=EDGE_LOOP('',(#1925,#1926,#1927,#1928));
#580=EDGE_LOOP('',(#1929,#1930,#1931,#1932));
#581=EDGE_LOOP('',(#1933,#1934,#1935,#1936));
#582=EDGE_LOOP('',(#1937,#1938,#1939,#1940,#1941,#1942,#1943,#1944));
#583=EDGE_LOOP('',(#1945,#1946,#1947,#1948));
#584=EDGE_LOOP('',(#1949,#1950,#1951,#1952));
#585=EDGE_LOOP('',(#1953,#1954,#1955,#1956));
#586=EDGE_LOOP('',(#1957,#1958,#1959,#1960,#1961,#1962,#1963,#1964));
#587=EDGE_LOOP('',(#1965,#1966,#1967,#1968,#1969,#1970,#1971,#1972,#1973,
#1974,#1975,#1976,#1977,#1978));
#588=EDGE_LOOP('',(#1979,#1980,#1981,#1982));
#589=EDGE_LOOP('',(#1983,#1984,#1985,#1986,#1987,#1988,#1989,#1990,#1991,
#1992,#1993,#1994));
#590=EDGE_LOOP('',(#1995,#1996,#1997,#1998));
#591=LINE('',#3255,#737);
#592=LINE('',#3257,#738);
#593=LINE('',#3259,#739);
#594=LINE('',#3260,#740);
#595=LINE('',#3264,#741);
#596=LINE('',#3266,#742);
#597=LINE('',#3268,#743);
#598=LINE('',#3270,#744);
#599=LINE('',#3272,#745);
#600=LINE('',#3276,#746);
#601=LINE('',#3278,#747);
#602=LINE('',#3282,#748);
#603=LINE('',#3284,#749);
#604=LINE('',#3285,#750);
#605=LINE('',#3287,#751);
#606=LINE('',#3289,#752);
#607=LINE('',#3290,#753);
#608=LINE('',#3294,#754);
#609=LINE('',#3295,#755);
#610=LINE('',#3296,#756);
#611=LINE('',#3298,#757);
#612=LINE('',#3300,#758);
#613=LINE('',#3304,#759);
#614=LINE('',#3306,#760);
#615=LINE('',#3308,#761);
#616=LINE('',#3312,#762);
#617=LINE('',#3314,#763);
#618=LINE('',#3318,#764);
#619=LINE('',#3320,#765);
#620=LINE('',#3321,#766);
#621=LINE('',#3325,#767);
#622=LINE('',#3331,#768);
#623=LINE('',#3332,#769);
#624=LINE('',#3333,#770);
#625=LINE('',#3337,#771);
#626=LINE('',#3344,#772);
#627=LINE('',#3348,#773);
#628=LINE('',#3352,#774);
#629=LINE('',#3357,#775);
#630=LINE('',#3359,#776);
#631=LINE('',#3361,#777);
#632=LINE('',#3364,#778);
#633=LINE('',#3368,#779);
#634=LINE('',#3375,#780);
#635=LINE('',#3381,#781);
#636=LINE('',#3390,#782);
#637=LINE('',#3398,#783);
#638=LINE('',#3406,#784);
#639=LINE('',#3414,#785);
#640=LINE('',#3423,#786);
#641=LINE('',#3426,#787);
#642=LINE('',#3429,#788);
#643=LINE('',#3430,#789);
#644=LINE('',#3433,#790);
#645=LINE('',#3437,#791);
#646=LINE('',#3438,#792);
#647=LINE('',#3441,#793);
#648=LINE('',#3445,#794);
#649=LINE('',#3446,#795);
#650=LINE('',#3449,#796);
#651=LINE('',#3453,#797);
#652=LINE('',#3454,#798);
#653=LINE('',#3457,#799);
#654=LINE('',#3462,#800);
#655=LINE('',#3468,#801);
#656=LINE('',#3492,#802);
#657=LINE('',#3500,#803);
#658=LINE('',#3503,#804);
#659=LINE('',#3527,#805);
#660=LINE('',#3530,#806);
#661=LINE('',#3542,#807);
#662=LINE('',#3549,#808);
#663=LINE('',#3554,#809);
#664=LINE('',#3557,#810);
#665=LINE('',#3565,#811);
#666=LINE('',#3569,#812);
#667=LINE('',#3577,#813);
#668=LINE('',#3586,#814);
#669=LINE('',#3591,#815);
#670=LINE('',#3600,#816);
#671=LINE('',#3604,#817);
#672=LINE('',#3607,#818);
#673=LINE('',#3612,#819);
#674=LINE('',#3613,#820);
#675=LINE('',#3617,#821);
#676=LINE('',#3623,#822);
#677=LINE('',#3628,#823);
#678=LINE('',#3633,#824);
#679=LINE('',#3635,#825);
#680=LINE('',#3643,#826);
#681=LINE('',#3649,#827);
#682=LINE('',#3653,#828);
#683=LINE('',#3654,#829);
#684=LINE('',#3681,#830);
#685=LINE('',#3714,#831);
#686=LINE('',#3719,#832);
#687=LINE('',#3731,#833);
#688=LINE('',#3738,#834);
#689=LINE('',#3747,#835);
#690=LINE('',#3754,#836);
#691=LINE('',#3762,#837);
#692=LINE('',#3768,#838);
#693=LINE('',#3769,#839);
#694=LINE('',#3774,#840);
#695=LINE('',#3775,#841);
#696=LINE('',#3777,#842);
#697=LINE('',#3781,#843);
#698=LINE('',#3793,#844);
#699=LINE('',#3800,#845);
#700=LINE('',#3802,#846);
#701=LINE('',#3804,#847);
#702=LINE('',#3805,#848);
#703=LINE('',#3818,#849);
#704=LINE('',#3821,#850);
#705=LINE('',#3826,#851);
#706=LINE('',#3832,#852);
#707=LINE('',#3834,#853);
#708=LINE('',#3838,#854);
#709=LINE('',#3840,#855);
#710=LINE('',#3844,#856);
#711=LINE('',#3845,#857);
#712=LINE('',#3846,#858);
#713=LINE('',#3851,#859);
#714=LINE('',#3852,#860);
#715=LINE('',#3855,#861);
#716=LINE('',#3856,#862);
#717=LINE('',#3860,#863);
#718=LINE('',#3863,#864);
#719=LINE('',#3864,#865);
#720=LINE('',#3868,#866);
#721=LINE('',#3871,#867);
#722=LINE('',#3872,#868);
#723=LINE('',#3876,#869);
#724=LINE('',#3879,#870);
#725=LINE('',#3880,#871);
#726=LINE('',#3884,#872);
#727=LINE('',#3888,#873);
#728=LINE('',#3901,#874);
#729=LINE('',#3917,#875);
#730=LINE('',#3920,#876);
#731=LINE('',#3921,#877);
#732=LINE('',#3923,#878);
#733=LINE('',#3926,#879);
#734=LINE('',#3927,#880);
#735=LINE('',#3930,#881);
#736=LINE('',#3932,#882);
#737=VECTOR('',#2495,10.);
#738=VECTOR('',#2496,10.);
#739=VECTOR('',#2497,10.);
#740=VECTOR('',#2498,10.);
#741=VECTOR('',#2501,10.);
#742=VECTOR('',#2502,10.);
#743=VECTOR('',#2503,10.);
#744=VECTOR('',#2504,10.);
#745=VECTOR('',#2505,10.);
#746=VECTOR('',#2508,10.);
#747=VECTOR('',#2509,10.);
#748=VECTOR('',#2512,10.);
#749=VECTOR('',#2513,10.);
#750=VECTOR('',#2514,10.);
#751=VECTOR('',#2515,10.);
#752=VECTOR('',#2516,10.);
#753=VECTOR('',#2517,10.);
#754=VECTOR('',#2520,10.);
#755=VECTOR('',#2521,10.);
#756=VECTOR('',#2522,10.);
#757=VECTOR('',#2525,10.);
#758=VECTOR('',#2528,10.);
#759=VECTOR('',#2531,10.);
#760=VECTOR('',#2532,10.);
#761=VECTOR('',#2533,10.);
#762=VECTOR('',#2536,10.);
#763=VECTOR('',#2537,10.);
#764=VECTOR('',#2540,10.);
#765=VECTOR('',#2541,10.);
#766=VECTOR('',#2542,10.);
#767=VECTOR('',#2545,10.);
#768=VECTOR('',#2552,10.);
#769=VECTOR('',#2553,10.);
#770=VECTOR('',#2554,10.);
#771=VECTOR('',#2557,10.);
#772=VECTOR('',#2566,10.);
#773=VECTOR('',#2569,10.);
#774=VECTOR('',#2572,10.);
#775=VECTOR('',#2577,10.);
#776=VECTOR('',#2578,10.);
#777=VECTOR('',#2579,10.);
#778=VECTOR('',#2582,10.);
#779=VECTOR('',#2585,10.);
#780=VECTOR('',#2594,10.);
#781=VECTOR('',#2601,10.);
#782=VECTOR('',#2614,10.);
#783=VECTOR('',#2625,10.);
#784=VECTOR('',#2636,10.);
#785=VECTOR('',#2647,10.);
#786=VECTOR('',#2660,10.);
#787=VECTOR('',#2663,10.);
#788=VECTOR('',#2666,10.);
#789=VECTOR('',#2667,10.);
#790=VECTOR('',#2670,10.);
#791=VECTOR('',#2675,10.);
#792=VECTOR('',#2676,10.);
#793=VECTOR('',#2679,10.);
#794=VECTOR('',#2684,10.);
#795=VECTOR('',#2685,10.);
#796=VECTOR('',#2688,10.);
#797=VECTOR('',#2693,10.);
#798=VECTOR('',#2694,10.);
#799=VECTOR('',#2697,10.);
#800=VECTOR('',#2704,10.);
#801=VECTOR('',#2713,10.);
#802=VECTOR('',#2724,10.);
#803=VECTOR('',#2735,10.);
#804=VECTOR('',#2738,10.);
#805=VECTOR('',#2751,10.);
#806=VECTOR('',#2754,10.);
#807=VECTOR('',#2773,10.);
#808=VECTOR('',#2782,10.);
#809=VECTOR('',#2789,10.);
#810=VECTOR('',#2792,10.);
#811=VECTOR('',#2803,10.);
#812=VECTOR('',#2808,10.);
#813=VECTOR('',#2819,10.);
#814=VECTOR('',#2832,10.);
#815=VECTOR('',#2839,10.);
#816=VECTOR('',#2852,10.);
#817=VECTOR('',#2859,10.);
#818=VECTOR('',#2862,10.);
#819=VECTOR('',#2871,10.);
#820=VECTOR('',#2872,10.);
#821=VECTOR('',#2879,10.);
#822=VECTOR('',#2888,1.49999999999999);
#823=VECTOR('',#2893,1.49999999999999);
#824=VECTOR('',#2898,10.);
#825=VECTOR('',#2899,10.);
#826=VECTOR('',#2906,10.);
#827=VECTOR('',#2913,10.);
#828=VECTOR('',#2916,10.);
#829=VECTOR('',#2917,10.);
#830=VECTOR('',#2930,10.);
#831=VECTOR('',#2957,10.);
#832=VECTOR('',#2964,10.);
#833=VECTOR('',#2981,10.);
#834=VECTOR('',#2992,10.);
#835=VECTOR('',#3003,10.);
#836=VECTOR('',#3014,10.);
#837=VECTOR('',#3025,10.);
#838=VECTOR('',#3034,10.);
#839=VECTOR('',#3035,10.);
#840=VECTOR('',#3040,10.);
#841=VECTOR('',#3041,10.);
#842=VECTOR('',#3044,10.);
#843=VECTOR('',#3049,10.);
#844=VECTOR('',#3070,10.);
#845=VECTOR('',#3079,10.);
#846=VECTOR('',#3080,10.);
#847=VECTOR('',#3081,10.);
#848=VECTOR('',#3082,10.);
#849=VECTOR('',#3101,10.);
#850=VECTOR('',#3104,10.);
#851=VECTOR('',#3109,10.);
#852=VECTOR('',#3116,10.);
#853=VECTOR('',#3117,10.);
#854=VECTOR('',#3120,10.);
#855=VECTOR('',#3121,10.);
#856=VECTOR('',#3124,10.);
#857=VECTOR('',#3125,10.);
#858=VECTOR('',#3126,10.);
#859=VECTOR('',#3131,10.);
#860=VECTOR('',#3132,10.);
#861=VECTOR('',#3135,10.);
#862=VECTOR('',#3136,10.);
#863=VECTOR('',#3141,10.);
#864=VECTOR('',#3144,10.);
#865=VECTOR('',#3145,10.);
#866=VECTOR('',#3150,10.);
#867=VECTOR('',#3153,10.);
#868=VECTOR('',#3154,10.);
#869=VECTOR('',#3159,10.);
#870=VECTOR('',#3162,10.);
#871=VECTOR('',#3163,10.);
#872=VECTOR('',#3168,10.);
#873=VECTOR('',#3173,10.);
#874=VECTOR('',#3196,10.);
#875=VECTOR('',#3225,10.);
#876=VECTOR('',#3230,10.);
#877=VECTOR('',#3231,10.);
#878=VECTOR('',#3234,10.);
#879=VECTOR('',#3239,10.);
#880=VECTOR('',#3240,10.);
#881=VECTOR('',#3245,10.);
#882=VECTOR('',#3248,10.);
#883=VERTEX_POINT('',#3253);
#884=VERTEX_POINT('',#3254);
#885=VERTEX_POINT('',#3256);
#886=VERTEX_POINT('',#3258);
#887=VERTEX_POINT('',#3262);
#888=VERTEX_POINT('',#3263);
#889=VERTEX_POINT('',#3265);
#890=VERTEX_POINT('',#3267);
#891=VERTEX_POINT('',#3269);
#892=VERTEX_POINT('',#3271);
#893=VERTEX_POINT('',#3273);
#894=VERTEX_POINT('',#3275);
#895=VERTEX_POINT('',#3277);
#896=VERTEX_POINT('',#3279);
#897=VERTEX_POINT('',#3281);
#898=VERTEX_POINT('',#3283);
#899=VERTEX_POINT('',#3286);
#900=VERTEX_POINT('',#3288);
#901=VERTEX_POINT('',#3292);
#902=VERTEX_POINT('',#3293);
#903=VERTEX_POINT('',#3302);
#904=VERTEX_POINT('',#3303);
#905=VERTEX_POINT('',#3305);
#906=VERTEX_POINT('',#3307);
#907=VERTEX_POINT('',#3309);
#908=VERTEX_POINT('',#3311);
#909=VERTEX_POINT('',#3313);
#910=VERTEX_POINT('',#3315);
#911=VERTEX_POINT('',#3317);
#912=VERTEX_POINT('',#3319);
#913=VERTEX_POINT('',#3323);
#914=VERTEX_POINT('',#3324);
#915=VERTEX_POINT('',#3329);
#916=VERTEX_POINT('',#3330);
#917=VERTEX_POINT('',#3335);
#918=VERTEX_POINT('',#3336);
#919=VERTEX_POINT('',#3341);
#920=VERTEX_POINT('',#3343);
#921=VERTEX_POINT('',#3345);
#922=VERTEX_POINT('',#3347);
#923=VERTEX_POINT('',#3349);
#924=VERTEX_POINT('',#3351);
#925=VERTEX_POINT('',#3355);
#926=VERTEX_POINT('',#3356);
#927=VERTEX_POINT('',#3358);
#928=VERTEX_POINT('',#3360);
#929=VERTEX_POINT('',#3362);
#930=VERTEX_POINT('',#3366);
#931=VERTEX_POINT('',#3367);
#932=VERTEX_POINT('',#3372);
#933=VERTEX_POINT('',#3374);
#934=VERTEX_POINT('',#3378);
#935=VERTEX_POINT('',#3380);
#936=VERTEX_POINT('',#3384);
#937=VERTEX_POINT('',#3388);
#938=VERTEX_POINT('',#3394);
#939=VERTEX_POINT('',#3396);
#940=VERTEX_POINT('',#3400);
#941=VERTEX_POINT('',#3404);
#942=VERTEX_POINT('',#3410);
#943=VERTEX_POINT('',#3412);
#944=VERTEX_POINT('',#3416);
#945=VERTEX_POINT('',#3422);
#946=VERTEX_POINT('',#3424);
#947=VERTEX_POINT('',#3428);
#948=VERTEX_POINT('',#3432);
#949=VERTEX_POINT('',#3436);
#950=VERTEX_POINT('',#3440);
#951=VERTEX_POINT('',#3444);
#952=VERTEX_POINT('',#3448);
#953=VERTEX_POINT('',#3452);
#954=VERTEX_POINT('',#3456);
#955=VERTEX_POINT('',#3460);
#956=VERTEX_POINT('',#3466);
#957=VERTEX_POINT('',#3469);
#958=VERTEX_POINT('',#3474);
#959=VERTEX_POINT('',#3489);
#960=VERTEX_POINT('',#3491);
#961=VERTEX_POINT('',#3495);
#962=VERTEX_POINT('',#3499);
#963=VERTEX_POINT('',#3501);
#964=VERTEX_POINT('',#3505);
#965=VERTEX_POINT('',#3522);
#966=VERTEX_POINT('',#3526);
#967=VERTEX_POINT('',#3528);
#968=VERTEX_POINT('',#3535);
#969=VERTEX_POINT('',#3541);
#970=VERTEX_POINT('',#3545);
#971=VERTEX_POINT('',#3547);
#972=VERTEX_POINT('',#3553);
#973=VERTEX_POINT('',#3555);
#974=VERTEX_POINT('',#3559);
#975=VERTEX_POINT('',#3563);
#976=VERTEX_POINT('',#3567);
#977=VERTEX_POINT('',#3571);
#978=VERTEX_POINT('',#3576);
#979=VERTEX_POINT('',#3580);
#980=VERTEX_POINT('',#3584);
#981=VERTEX_POINT('',#3590);
#982=VERTEX_POINT('',#3594);
#983=VERTEX_POINT('',#3598);
#984=VERTEX_POINT('',#3605);
#985=VERTEX_POINT('',#3618);
#986=VERTEX_POINT('',#3625);
#987=VERTEX_POINT('',#3627);
#988=VERTEX_POINT('',#3631);
#989=VERTEX_POINT('',#3632);
#990=VERTEX_POINT('',#3634);
#991=VERTEX_POINT('',#3636);
#992=VERTEX_POINT('',#3638);
#993=VERTEX_POINT('',#3640);
#994=VERTEX_POINT('',#3642);
#995=VERTEX_POINT('',#3644);
#996=VERTEX_POINT('',#3648);
#997=VERTEX_POINT('',#3650);
#998=VERTEX_POINT('',#3652);
#999=VERTEX_POINT('',#3656);
#1000=VERTEX_POINT('',#3657);
#1001=VERTEX_POINT('',#3659);
#1002=VERTEX_POINT('',#3661);
#1003=VERTEX_POINT('',#3678);
#1004=VERTEX_POINT('',#3680);
#1005=VERTEX_POINT('',#3684);
#1006=VERTEX_POINT('',#3686);
#1007=VERTEX_POINT('',#3706);
#1008=VERTEX_POINT('',#3708);
#1009=VERTEX_POINT('',#3712);
#1010=VERTEX_POINT('',#3718);
#1011=VERTEX_POINT('',#3724);
#1012=VERTEX_POINT('',#3726);
#1013=VERTEX_POINT('',#3730);
#1014=VERTEX_POINT('',#3734);
#1015=VERTEX_POINT('',#3740);
#1016=VERTEX_POINT('',#3742);
#1017=VERTEX_POINT('',#3746);
#1018=VERTEX_POINT('',#3750);
#1019=VERTEX_POINT('',#3756);
#1020=VERTEX_POINT('',#3757);
#1021=VERTEX_POINT('',#3764);
#1022=VERTEX_POINT('',#3771);
#1023=VERTEX_POINT('',#3772);
#1024=VERTEX_POINT('',#3779);
#1025=VERTEX_POINT('',#3785);
#1026=VERTEX_POINT('',#3798);
#1027=VERTEX_POINT('',#3799);
#1028=VERTEX_POINT('',#3801);
#1029=VERTEX_POINT('',#3803);
#1030=VERTEX_POINT('',#3807);
#1031=VERTEX_POINT('',#3808);
#1032=VERTEX_POINT('',#3816);
#1033=VERTEX_POINT('',#3820);
#1034=VERTEX_POINT('',#3824);
#1035=VERTEX_POINT('',#3825);
#1036=VERTEX_POINT('',#3830);
#1037=VERTEX_POINT('',#3831);
#1038=VERTEX_POINT('',#3833);
#1039=VERTEX_POINT('',#3835);
#1040=VERTEX_POINT('',#3837);
#1041=VERTEX_POINT('',#3839);
#1042=VERTEX_POINT('',#3841);
#1043=VERTEX_POINT('',#3843);
#1044=VERTEX_POINT('',#3848);
#1045=VERTEX_POINT('',#3849);
#1046=VERTEX_POINT('',#3854);
#1047=VERTEX_POINT('',#3858);
#1048=VERTEX_POINT('',#3862);
#1049=VERTEX_POINT('',#3866);
#1050=VERTEX_POINT('',#3870);
#1051=VERTEX_POINT('',#3874);
#1052=VERTEX_POINT('',#3878);
#1053=VERTEX_POINT('',#3882);
#1054=VERTEX_POINT('',#3886);
#1055=VERTEX_POINT('',#3899);
#1056=VERTEX_POINT('',#3916);
#1057=EDGE_CURVE('',#883,#884,#591,.T.);
#1058=EDGE_CURVE('',#885,#883,#592,.T.);
#1059=EDGE_CURVE('',#886,#885,#593,.T.);
#1060=EDGE_CURVE('',#884,#886,#594,.T.);
#1061=EDGE_CURVE('',#887,#888,#595,.T.);
#1062=EDGE_CURVE('',#889,#887,#596,.T.);
#1063=EDGE_CURVE('',#890,#889,#597,.T.);
#1064=EDGE_CURVE('',#891,#890,#598,.T.);
#1065=EDGE_CURVE('',#892,#891,#599,.T.);
#1066=EDGE_CURVE('',#893,#892,#141,.T.);
#1067=EDGE_CURVE('',#894,#893,#600,.T.);
#1068=EDGE_CURVE('',#895,#894,#601,.T.);
#1069=EDGE_CURVE('',#896,#895,#142,.T.);
#1070=EDGE_CURVE('',#897,#896,#602,.T.);
#1071=EDGE_CURVE('',#898,#897,#603,.T.);
#1072=EDGE_CURVE('',#888,#898,#604,.T.);
#1073=EDGE_CURVE('',#899,#886,#605,.T.);
#1074=EDGE_CURVE('',#885,#900,#606,.T.);
#1075=EDGE_CURVE('',#899,#900,#607,.T.);
#1076=EDGE_CURVE('',#901,#902,#608,.T.);
#1077=EDGE_CURVE('',#899,#902,#609,.T.);
#1078=EDGE_CURVE('',#901,#900,#610,.T.);
#1079=EDGE_CURVE('',#901,#883,#611,.T.);
#1080=EDGE_CURVE('',#884,#902,#612,.T.);
#1081=EDGE_CURVE('',#903,#904,#613,.T.);
#1082=EDGE_CURVE('',#905,#903,#614,.T.);
#1083=EDGE_CURVE('',#906,#905,#615,.T.);
#1084=EDGE_CURVE('',#907,#906,#143,.T.);
#1085=EDGE_CURVE('',#908,#907,#616,.T.);
#1086=EDGE_CURVE('',#909,#908,#617,.T.);
#1087=EDGE_CURVE('',#910,#909,#144,.T.);
#1088=EDGE_CURVE('',#911,#910,#618,.T.);
#1089=EDGE_CURVE('',#912,#911,#619,.T.);
#1090=EDGE_CURVE('',#904,#912,#620,.T.);
#1091=EDGE_CURVE('',#913,#914,#621,.T.);
#1092=EDGE_CURVE('',#903,#914,#145,.T.);
#1093=EDGE_CURVE('',#913,#904,#146,.T.);
#1094=EDGE_CURVE('',#915,#916,#622,.T.);
#1095=EDGE_CURVE('',#914,#915,#623,.T.);
#1096=EDGE_CURVE('',#916,#913,#624,.T.);
#1097=EDGE_CURVE('',#917,#918,#625,.T.);
#1098=EDGE_CURVE('',#915,#918,#147,.T.);
#1099=EDGE_CURVE('',#917,#916,#148,.T.);
#1100=EDGE_CURVE('',#917,#919,#149,.T.);
#1101=EDGE_CURVE('',#919,#920,#626,.F.);
#1102=EDGE_CURVE('',#921,#920,#150,.T.);
#1103=EDGE_CURVE('',#922,#921,#627,.T.);
#1104=EDGE_CURVE('',#922,#923,#151,.T.);
#1105=EDGE_CURVE('',#924,#923,#628,.T.);
#1106=EDGE_CURVE('',#918,#924,#152,.T.);
#1107=EDGE_CURVE('',#925,#926,#629,.T.);
#1108=EDGE_CURVE('',#927,#925,#630,.T.);
#1109=EDGE_CURVE('',#928,#927,#631,.T.);
#1110=EDGE_CURVE('',#929,#928,#65,.F.);
#1111=EDGE_CURVE('',#929,#926,#632,.T.);
#1112=EDGE_CURVE('',#930,#931,#633,.T.);
#1113=EDGE_CURVE('',#925,#931,#153,.T.);
#1114=EDGE_CURVE('',#926,#930,#154,.F.);
#1115=EDGE_CURVE('',#911,#932,#155,.T.);
#1116=EDGE_CURVE('',#933,#932,#634,.T.);
#1117=EDGE_CURVE('',#912,#933,#156,.T.);
#1118=EDGE_CURVE('',#910,#934,#157,.T.);
#1119=EDGE_CURVE('',#934,#935,#635,.T.);
#1120=EDGE_CURVE('',#935,#911,#158,.T.);
#1121=EDGE_CURVE('',#909,#936,#159,.T.);
#1122=EDGE_CURVE('',#936,#934,#160,.T.);
#1123=EDGE_CURVE('',#908,#937,#161,.T.);
#1124=EDGE_CURVE('',#937,#936,#636,.T.);
#1125=EDGE_CURVE('',#935,#932,#162,.T.);
#1126=EDGE_CURVE('',#938,#908,#163,.T.);
#1127=EDGE_CURVE('',#907,#939,#164,.T.);
#1128=EDGE_CURVE('',#939,#938,#637,.T.);
#1129=EDGE_CURVE('',#906,#940,#165,.T.);
#1130=EDGE_CURVE('',#940,#939,#166,.T.);
#1131=EDGE_CURVE('',#905,#941,#167,.T.);
#1132=EDGE_CURVE('',#941,#940,#638,.T.);
#1133=EDGE_CURVE('',#938,#937,#168,.T.);
#1134=EDGE_CURVE('',#942,#905,#169,.T.);
#1135=EDGE_CURVE('',#903,#943,#170,.T.);
#1136=EDGE_CURVE('',#943,#942,#639,.T.);
#1137=EDGE_CURVE('',#914,#944,#171,.T.);
#1138=EDGE_CURVE('',#944,#943,#172,.T.);
#1139=EDGE_CURVE('',#942,#941,#173,.T.);
#1140=EDGE_CURVE('',#935,#945,#640,.T.);
#1141=EDGE_CURVE('',#946,#945,#174,.T.);
#1142=EDGE_CURVE('',#946,#932,#641,.T.);
#1143=EDGE_CURVE('',#947,#934,#642,.T.);
#1144=EDGE_CURVE('',#945,#947,#643,.T.);
#1145=EDGE_CURVE('',#936,#948,#644,.T.);
#1146=EDGE_CURVE('',#947,#948,#175,.T.);
#1147=EDGE_CURVE('',#949,#937,#645,.T.);
#1148=EDGE_CURVE('',#948,#949,#646,.T.);
#1149=EDGE_CURVE('',#938,#950,#647,.T.);
#1150=EDGE_CURVE('',#949,#950,#176,.T.);
#1151=EDGE_CURVE('',#951,#939,#648,.T.);
#1152=EDGE_CURVE('',#950,#951,#649,.T.);
#1153=EDGE_CURVE('',#940,#952,#650,.T.);
#1154=EDGE_CURVE('',#951,#952,#177,.T.);
#1155=EDGE_CURVE('',#953,#941,#651,.T.);
#1156=EDGE_CURVE('',#952,#953,#652,.T.);
#1157=EDGE_CURVE('',#942,#954,#653,.T.);
#1158=EDGE_CURVE('',#953,#954,#178,.T.);
#1159=EDGE_CURVE('',#955,#915,#179,.T.);
#1160=EDGE_CURVE('',#955,#944,#654,.T.);
#1161=EDGE_CURVE('',#918,#955,#180,.T.);
#1162=EDGE_CURVE('',#956,#955,#181,.T.);
#1163=EDGE_CURVE('',#954,#956,#655,.T.);
#1164=EDGE_CURVE('',#957,#957,#182,.T.);
#1165=EDGE_CURVE('',#924,#956,#183,.F.);
#1166=EDGE_CURVE('',#922,#958,#15,.T.);
#1167=EDGE_CURVE('',#921,#959,#184,.T.);
#1168=EDGE_CURVE('',#959,#960,#656,.T.);
#1169=EDGE_CURVE('',#958,#960,#185,.T.);
#1170=EDGE_CURVE('',#921,#961,#186,.T.);
#1171=EDGE_CURVE('',#961,#959,#187,.T.);
#1172=EDGE_CURVE('',#961,#962,#657,.T.);
#1173=EDGE_CURVE('',#963,#962,#188,.T.);
#1174=EDGE_CURVE('',#963,#959,#658,.T.);
#1175=EDGE_CURVE('',#964,#961,#189,.T.);
#1176=EDGE_CURVE('',#964,#920,#16,.F.);
#1177=EDGE_CURVE('',#965,#963,#190,.T.);
#1178=EDGE_CURVE('',#962,#965,#191,.T.);
#1179=EDGE_CURVE('',#965,#966,#659,.T.);
#1180=EDGE_CURVE('',#966,#967,#192,.F.);
#1181=EDGE_CURVE('',#967,#963,#660,.T.);
#1182=EDGE_CURVE('',#930,#966,#193,.T.);
#1183=EDGE_CURVE('',#931,#965,#194,.T.);
#1184=EDGE_CURVE('',#962,#968,#195,.T.);
#1185=EDGE_CURVE('',#931,#968,#196,.T.);
#1186=EDGE_CURVE('',#968,#925,#197,.T.);
#1187=EDGE_CURVE('',#968,#969,#661,.T.);
#1188=EDGE_CURVE('',#927,#969,#198,.T.);
#1189=EDGE_CURVE('',#970,#928,#66,.F.);
#1190=EDGE_CURVE('',#927,#971,#199,.T.);
#1191=EDGE_CURVE('',#971,#970,#662,.T.);
#1192=EDGE_CURVE('',#969,#971,#200,.T.);
#1193=EDGE_CURVE('',#969,#972,#663,.T.);
#1194=EDGE_CURVE('',#973,#972,#201,.T.);
#1195=EDGE_CURVE('',#973,#971,#664,.T.);
#1196=EDGE_CURVE('',#974,#924,#202,.F.);
#1197=EDGE_CURVE('',#956,#974,#203,.F.);
#1198=EDGE_CURVE('',#975,#954,#204,.T.);
#1199=EDGE_CURVE('',#974,#975,#665,.T.);
#1200=EDGE_CURVE('',#923,#976,#205,.T.);
#1201=EDGE_CURVE('',#976,#974,#666,.T.);
#1202=EDGE_CURVE('',#923,#977,#206,.T.);
#1203=EDGE_CURVE('',#977,#976,#207,.T.);
#1204=EDGE_CURVE('',#953,#975,#208,.T.);
#1205=EDGE_CURVE('',#975,#978,#667,.T.);
#1206=EDGE_CURVE('',#978,#952,#209,.T.);
#1207=EDGE_CURVE('',#979,#951,#210,.T.);
#1208=EDGE_CURVE('',#978,#979,#211,.T.);
#1209=EDGE_CURVE('',#980,#950,#212,.T.);
#1210=EDGE_CURVE('',#979,#980,#668,.T.);
#1211=EDGE_CURVE('',#949,#980,#213,.T.);
#1212=EDGE_CURVE('',#980,#981,#669,.T.);
#1213=EDGE_CURVE('',#981,#948,#214,.T.);
#1214=EDGE_CURVE('',#982,#947,#215,.T.);
#1215=EDGE_CURVE('',#981,#982,#216,.T.);
#1216=EDGE_CURVE('',#983,#945,#217,.T.);
#1217=EDGE_CURVE('',#982,#983,#670,.T.);
#1218=EDGE_CURVE('',#946,#983,#218,.T.);
#1219=EDGE_CURVE('',#983,#973,#671,.T.);
#1220=EDGE_CURVE('',#973,#984,#219,.T.);
#1221=EDGE_CURVE('',#984,#946,#672,.T.);
#1222=EDGE_CURVE('',#984,#972,#220,.T.);
#1223=EDGE_CURVE('',#977,#929,#673,.T.);
#1224=EDGE_CURVE('',#970,#976,#674,.T.);
#1225=EDGE_CURVE('',#958,#977,#221,.T.);
#1226=EDGE_CURVE('',#967,#960,#675,.T.);
#1227=EDGE_CURVE('',#985,#985,#222,.T.);
#1228=EDGE_CURVE('',#985,#957,#676,.T.);
#1229=EDGE_CURVE('',#986,#986,#223,.T.);
#1230=EDGE_CURVE('',#986,#987,#677,.T.);
#1231=EDGE_CURVE('',#987,#987,#224,.T.);
#1232=EDGE_CURVE('',#988,#989,#678,.T.);
#1233=EDGE_CURVE('',#990,#988,#679,.T.);
#1234=EDGE_CURVE('',#991,#990,#225,.F.);
#1235=EDGE_CURVE('',#991,#992,#226,.T.);
#1236=EDGE_CURVE('',#993,#992,#227,.F.);
#1237=EDGE_CURVE('',#994,#993,#680,.T.);
#1238=EDGE_CURVE('',#995,#994,#228,.F.);
#1239=EDGE_CURVE('',#989,#995,#229,.T.);
#1240=EDGE_CURVE('',#990,#996,#681,.T.);
#1241=EDGE_CURVE('',#997,#988,#67,.F.);
#1242=EDGE_CURVE('',#998,#997,#682,.T.);
#1243=EDGE_CURVE('',#996,#998,#683,.T.);
#1244=EDGE_CURVE('',#999,#1000,#230,.T.);
#1245=EDGE_CURVE('',#1001,#1000,#231,.T.);
#1246=EDGE_CURVE('',#1001,#1002,#232,.T.);
#1247=EDGE_CURVE('',#999,#1002,#17,.F.);
#1248=EDGE_CURVE('',#1003,#998,#233,.T.);
#1249=EDGE_CURVE('',#1003,#1004,#684,.T.);
#1250=EDGE_CURVE('',#996,#1004,#234,.T.);
#1251=EDGE_CURVE('',#989,#1005,#235,.T.);
#1252=EDGE_CURVE('',#1006,#995,#18,.F.);
#1253=EDGE_CURVE('',#1006,#1005,#236,.T.);
#1254=EDGE_CURVE('',#889,#989,#237,.T.);
#1255=EDGE_CURVE('',#997,#887,#68,.F.);
#1256=EDGE_CURVE('',#1007,#891,#238,.T.);
#1257=EDGE_CURVE('',#1007,#1008,#239,.T.);
#1258=EDGE_CURVE('',#891,#1008,#240,.T.);
#1259=EDGE_CURVE('',#890,#1009,#241,.F.);
#1260=EDGE_CURVE('',#1009,#1007,#685,.T.);
#1261=EDGE_CURVE('',#889,#1005,#242,.T.);
#1262=EDGE_CURVE('',#1005,#1010,#686,.T.);
#1263=EDGE_CURVE('',#1010,#890,#243,.F.);
#1264=EDGE_CURVE('',#1009,#1010,#244,.F.);
#1265=EDGE_CURVE('',#1011,#894,#245,.T.);
#1266=EDGE_CURVE('',#1011,#1012,#246,.T.);
#1267=EDGE_CURVE('',#894,#1012,#247,.T.);
#1268=EDGE_CURVE('',#1008,#1013,#687,.T.);
#1269=EDGE_CURVE('',#892,#1013,#248,.T.);
#1270=EDGE_CURVE('',#1013,#1014,#249,.T.);
#1271=EDGE_CURVE('',#893,#1014,#250,.T.);
#1272=EDGE_CURVE('',#1014,#1011,#688,.T.);
#1273=EDGE_CURVE('',#1015,#897,#251,.T.);
#1274=EDGE_CURVE('',#1015,#1016,#252,.T.);
#1275=EDGE_CURVE('',#897,#1016,#253,.T.);
#1276=EDGE_CURVE('',#1012,#1017,#689,.T.);
#1277=EDGE_CURVE('',#895,#1017,#254,.T.);
#1278=EDGE_CURVE('',#1017,#1018,#255,.T.);
#1279=EDGE_CURVE('',#896,#1018,#256,.T.);
#1280=EDGE_CURVE('',#1018,#1015,#690,.T.);
#1281=EDGE_CURVE('',#1019,#1020,#257,.T.);
#1282=EDGE_CURVE('',#1019,#898,#258,.T.);
#1283=EDGE_CURVE('',#1020,#898,#259,.T.);
#1284=EDGE_CURVE('',#1016,#1020,#691,.T.);
#1285=EDGE_CURVE('',#1021,#1000,#260,.T.);
#1286=EDGE_CURVE('',#1021,#1001,#261,.T.);
#1287=EDGE_CURVE('',#994,#1021,#692,.T.);
#1288=EDGE_CURVE('',#1000,#1006,#693,.T.);
#1289=EDGE_CURVE('',#1022,#1023,#262,.T.);
#1290=EDGE_CURVE('',#1022,#1001,#694,.T.);
#1291=EDGE_CURVE('',#1021,#1023,#695,.T.);
#1292=EDGE_CURVE('',#1023,#993,#696,.T.);
#1293=EDGE_CURVE('',#1023,#1024,#263,.T.);
#1294=EDGE_CURVE('',#992,#1024,#697,.T.);
#1295=EDGE_CURVE('',#1024,#1022,#264,.T.);
#1296=EDGE_CURVE('',#1004,#1025,#265,.T.);
#1297=EDGE_CURVE('',#1004,#1022,#266,.T.);
#1298=EDGE_CURVE('',#1024,#1025,#267,.T.);
#1299=EDGE_CURVE('',#1025,#996,#268,.T.);
#1300=EDGE_CURVE('',#888,#1003,#269,.T.);
#1301=EDGE_CURVE('',#1019,#1003,#698,.T.);
#1302=EDGE_CURVE('',#888,#998,#270,.T.);
#1303=EDGE_CURVE('',#1026,#1027,#699,.T.);
#1304=EDGE_CURVE('',#1028,#1026,#700,.T.);
#1305=EDGE_CURVE('',#1029,#1028,#701,.T.);
#1306=EDGE_CURVE('',#1027,#1029,#702,.T.);
#1307=EDGE_CURVE('',#1030,#1031,#271,.T.);
#1308=EDGE_CURVE('',#1030,#1009,#272,.T.);
#1309=EDGE_CURVE('',#1010,#1031,#273,.T.);
#1310=EDGE_CURVE('',#1030,#1028,#274,.T.);
#1311=EDGE_CURVE('',#1028,#1031,#275,.T.);
#1312=EDGE_CURVE('',#1032,#1026,#276,.T.);
#1313=EDGE_CURVE('',#1032,#1030,#703,.T.);
#1314=EDGE_CURVE('',#1031,#1033,#704,.T.);
#1315=EDGE_CURVE('',#1029,#1033,#277,.T.);
#1316=EDGE_CURVE('',#1034,#1035,#705,.T.);
#1317=EDGE_CURVE('',#1035,#1026,#278,.T.);
#1318=EDGE_CURVE('',#1034,#1027,#279,.T.);
#1319=EDGE_CURVE('',#1036,#1037,#706,.T.);
#1320=EDGE_CURVE('',#1038,#1036,#707,.T.);
#1321=EDGE_CURVE('',#1039,#1038,#280,.T.);
#1322=EDGE_CURVE('',#1040,#1039,#708,.T.);
#1323=EDGE_CURVE('',#1041,#1040,#709,.T.);
#1324=EDGE_CURVE('',#1042,#1041,#281,.T.);
#1325=EDGE_CURVE('',#1043,#1042,#710,.T.);
#1326=EDGE_CURVE('',#1035,#1043,#711,.T.);
#1327=EDGE_CURVE('',#1037,#1034,#712,.T.);
#1328=EDGE_CURVE('',#1044,#1045,#282,.T.);
#1329=EDGE_CURVE('',#1044,#1016,#713,.T.);
#1330=EDGE_CURVE('',#1015,#1045,#714,.T.);
#1331=EDGE_CURVE('',#1045,#1046,#715,.T.);
#1332=EDGE_CURVE('',#1046,#1018,#716,.T.);
#1333=EDGE_CURVE('',#1046,#1047,#283,.T.);
#1334=EDGE_CURVE('',#1017,#1047,#717,.T.);
#1335=EDGE_CURVE('',#1047,#1048,#718,.T.);
#1336=EDGE_CURVE('',#1048,#1012,#719,.T.);
#1337=EDGE_CURVE('',#1048,#1049,#284,.T.);
#1338=EDGE_CURVE('',#1011,#1049,#720,.T.);
#1339=EDGE_CURVE('',#1049,#1050,#721,.T.);
#1340=EDGE_CURVE('',#1050,#1014,#722,.T.);
#1341=EDGE_CURVE('',#1050,#1051,#285,.T.);
#1342=EDGE_CURVE('',#1013,#1051,#723,.T.);
#1343=EDGE_CURVE('',#1051,#1052,#724,.T.);
#1344=EDGE_CURVE('',#1052,#1008,#725,.T.);
#1345=EDGE_CURVE('',#1052,#1053,#286,.T.);
#1346=EDGE_CURVE('',#1007,#1053,#726,.T.);
#1347=EDGE_CURVE('',#1054,#1032,#287,.T.);
#1348=EDGE_CURVE('',#1053,#1054,#727,.T.);
#1349=EDGE_CURVE('',#1052,#1043,#288,.T.);
#1350=EDGE_CURVE('',#1043,#1053,#289,.T.);
#1351=EDGE_CURVE('',#1048,#1040,#290,.T.);
#1352=EDGE_CURVE('',#1040,#1049,#291,.T.);
#1353=EDGE_CURVE('',#1044,#1036,#292,.T.);
#1354=EDGE_CURVE('',#1036,#1045,#293,.T.);
#1355=EDGE_CURVE('',#1055,#1037,#294,.T.);
#1356=EDGE_CURVE('',#1044,#1055,#728,.T.);
#1357=EDGE_CURVE('',#1047,#1039,#295,.T.);
#1358=EDGE_CURVE('',#1046,#1038,#296,.T.);
#1359=EDGE_CURVE('',#1051,#1042,#297,.T.);
#1360=EDGE_CURVE('',#1050,#1041,#298,.T.);
#1361=EDGE_CURVE('',#1054,#1035,#299,.T.);
#1362=EDGE_CURVE('',#999,#1056,#729,.F.);
#1363=EDGE_CURVE('',#1056,#1033,#300,.T.);
#1364=EDGE_CURVE('',#919,#1056,#730,.T.);
#1365=EDGE_CURVE('',#920,#999,#731,.T.);
#1366=EDGE_CURVE('',#1025,#991,#732,.T.);
#1367=EDGE_CURVE('',#1020,#984,#733,.T.);
#1368=EDGE_CURVE('',#1055,#933,#734,.T.);
#1369=EDGE_CURVE('',#1002,#964,#735,.T.);
#1370=EDGE_CURVE('',#972,#1019,#736,.T.);
#1371=ORIENTED_EDGE('',*,*,#1057,.F.);
#1372=ORIENTED_EDGE('',*,*,#1058,.F.);
#1373=ORIENTED_EDGE('',*,*,#1059,.F.);
#1374=ORIENTED_EDGE('',*,*,#1060,.F.);
#1375=ORIENTED_EDGE('',*,*,#1061,.F.);
#1376=ORIENTED_EDGE('',*,*,#1062,.F.);
#1377=ORIENTED_EDGE('',*,*,#1063,.F.);
#1378=ORIENTED_EDGE('',*,*,#1064,.F.);
#1379=ORIENTED_EDGE('',*,*,#1065,.F.);
#1380=ORIENTED_EDGE('',*,*,#1066,.F.);
#1381=ORIENTED_EDGE('',*,*,#1067,.F.);
#1382=ORIENTED_EDGE('',*,*,#1068,.F.);
#1383=ORIENTED_EDGE('',*,*,#1069,.F.);
#1384=ORIENTED_EDGE('',*,*,#1070,.F.);
#1385=ORIENTED_EDGE('',*,*,#1071,.F.);
#1386=ORIENTED_EDGE('',*,*,#1072,.F.);
#1387=ORIENTED_EDGE('',*,*,#1073,.T.);
#1388=ORIENTED_EDGE('',*,*,#1059,.T.);
#1389=ORIENTED_EDGE('',*,*,#1074,.T.);
#1390=ORIENTED_EDGE('',*,*,#1075,.F.);
#1391=ORIENTED_EDGE('',*,*,#1076,.T.);
#1392=ORIENTED_EDGE('',*,*,#1077,.F.);
#1393=ORIENTED_EDGE('',*,*,#1075,.T.);
#1394=ORIENTED_EDGE('',*,*,#1078,.F.);
#1395=ORIENTED_EDGE('',*,*,#1078,.T.);
#1396=ORIENTED_EDGE('',*,*,#1074,.F.);
#1397=ORIENTED_EDGE('',*,*,#1058,.T.);
#1398=ORIENTED_EDGE('',*,*,#1079,.F.);
#1399=ORIENTED_EDGE('',*,*,#1077,.T.);
#1400=ORIENTED_EDGE('',*,*,#1080,.F.);
#1401=ORIENTED_EDGE('',*,*,#1060,.T.);
#1402=ORIENTED_EDGE('',*,*,#1073,.F.);
#1403=ORIENTED_EDGE('',*,*,#1081,.F.);
#1404=ORIENTED_EDGE('',*,*,#1082,.F.);
#1405=ORIENTED_EDGE('',*,*,#1083,.F.);
#1406=ORIENTED_EDGE('',*,*,#1084,.F.);
#1407=ORIENTED_EDGE('',*,*,#1085,.F.);
#1408=ORIENTED_EDGE('',*,*,#1086,.F.);
#1409=ORIENTED_EDGE('',*,*,#1087,.F.);
#1410=ORIENTED_EDGE('',*,*,#1088,.F.);
#1411=ORIENTED_EDGE('',*,*,#1089,.F.);
#1412=ORIENTED_EDGE('',*,*,#1090,.F.);
#1413=ORIENTED_EDGE('',*,*,#1091,.T.);
#1414=ORIENTED_EDGE('',*,*,#1092,.F.);
#1415=ORIENTED_EDGE('',*,*,#1081,.T.);
#1416=ORIENTED_EDGE('',*,*,#1093,.F.);
#1417=ORIENTED_EDGE('',*,*,#1094,.F.);
#1418=ORIENTED_EDGE('',*,*,#1095,.F.);
#1419=ORIENTED_EDGE('',*,*,#1091,.F.);
#1420=ORIENTED_EDGE('',*,*,#1096,.F.);
#1421=ORIENTED_EDGE('',*,*,#1097,.T.);
#1422=ORIENTED_EDGE('',*,*,#1098,.F.);
#1423=ORIENTED_EDGE('',*,*,#1094,.T.);
#1424=ORIENTED_EDGE('',*,*,#1099,.F.);
#1425=ORIENTED_EDGE('',*,*,#1097,.F.);
#1426=ORIENTED_EDGE('',*,*,#1100,.T.);
#1427=ORIENTED_EDGE('',*,*,#1101,.T.);
#1428=ORIENTED_EDGE('',*,*,#1102,.F.);
#1429=ORIENTED_EDGE('',*,*,#1103,.F.);
#1430=ORIENTED_EDGE('',*,*,#1104,.T.);
#1431=ORIENTED_EDGE('',*,*,#1105,.F.);
#1432=ORIENTED_EDGE('',*,*,#1106,.F.);
#1433=ORIENTED_EDGE('',*,*,#1107,.F.);
#1434=ORIENTED_EDGE('',*,*,#1108,.F.);
#1435=ORIENTED_EDGE('',*,*,#1109,.F.);
#1436=ORIENTED_EDGE('',*,*,#1110,.F.);
#1437=ORIENTED_EDGE('',*,*,#1111,.T.);
#1438=ORIENTED_EDGE('',*,*,#1112,.T.);
#1439=ORIENTED_EDGE('',*,*,#1113,.F.);
#1440=ORIENTED_EDGE('',*,*,#1107,.T.);
#1441=ORIENTED_EDGE('',*,*,#1114,.T.);
#1442=ORIENTED_EDGE('',*,*,#1115,.T.);
#1443=ORIENTED_EDGE('',*,*,#1116,.F.);
#1444=ORIENTED_EDGE('',*,*,#1117,.F.);
#1445=ORIENTED_EDGE('',*,*,#1089,.T.);
#1446=ORIENTED_EDGE('',*,*,#1118,.T.);
#1447=ORIENTED_EDGE('',*,*,#1119,.T.);
#1448=ORIENTED_EDGE('',*,*,#1120,.T.);
#1449=ORIENTED_EDGE('',*,*,#1088,.T.);
#1450=ORIENTED_EDGE('',*,*,#1121,.T.);
#1451=ORIENTED_EDGE('',*,*,#1122,.T.);
#1452=ORIENTED_EDGE('',*,*,#1118,.F.);
#1453=ORIENTED_EDGE('',*,*,#1087,.T.);
#1454=ORIENTED_EDGE('',*,*,#1123,.T.);
#1455=ORIENTED_EDGE('',*,*,#1124,.T.);
#1456=ORIENTED_EDGE('',*,*,#1121,.F.);
#1457=ORIENTED_EDGE('',*,*,#1086,.T.);
#1458=ORIENTED_EDGE('',*,*,#1120,.F.);
#1459=ORIENTED_EDGE('',*,*,#1125,.T.);
#1460=ORIENTED_EDGE('',*,*,#1115,.F.);
#1461=ORIENTED_EDGE('',*,*,#1126,.T.);
#1462=ORIENTED_EDGE('',*,*,#1085,.T.);
#1463=ORIENTED_EDGE('',*,*,#1127,.T.);
#1464=ORIENTED_EDGE('',*,*,#1128,.T.);
#1465=ORIENTED_EDGE('',*,*,#1129,.T.);
#1466=ORIENTED_EDGE('',*,*,#1130,.T.);
#1467=ORIENTED_EDGE('',*,*,#1127,.F.);
#1468=ORIENTED_EDGE('',*,*,#1084,.T.);
#1469=ORIENTED_EDGE('',*,*,#1131,.T.);
#1470=ORIENTED_EDGE('',*,*,#1132,.T.);
#1471=ORIENTED_EDGE('',*,*,#1129,.F.);
#1472=ORIENTED_EDGE('',*,*,#1083,.T.);
#1473=ORIENTED_EDGE('',*,*,#1126,.F.);
#1474=ORIENTED_EDGE('',*,*,#1133,.T.);
#1475=ORIENTED_EDGE('',*,*,#1123,.F.);
#1476=ORIENTED_EDGE('',*,*,#1134,.T.);
#1477=ORIENTED_EDGE('',*,*,#1082,.T.);
#1478=ORIENTED_EDGE('',*,*,#1135,.T.);
#1479=ORIENTED_EDGE('',*,*,#1136,.T.);
#1480=ORIENTED_EDGE('',*,*,#1135,.F.);
#1481=ORIENTED_EDGE('',*,*,#1092,.T.);
#1482=ORIENTED_EDGE('',*,*,#1137,.T.);
#1483=ORIENTED_EDGE('',*,*,#1138,.T.);
#1484=ORIENTED_EDGE('',*,*,#1134,.F.);
#1485=ORIENTED_EDGE('',*,*,#1139,.T.);
#1486=ORIENTED_EDGE('',*,*,#1131,.F.);
#1487=ORIENTED_EDGE('',*,*,#1125,.F.);
#1488=ORIENTED_EDGE('',*,*,#1140,.T.);
#1489=ORIENTED_EDGE('',*,*,#1141,.F.);
#1490=ORIENTED_EDGE('',*,*,#1142,.T.);
#1491=ORIENTED_EDGE('',*,*,#1119,.F.);
#1492=ORIENTED_EDGE('',*,*,#1143,.F.);
#1493=ORIENTED_EDGE('',*,*,#1144,.F.);
#1494=ORIENTED_EDGE('',*,*,#1140,.F.);
#1495=ORIENTED_EDGE('',*,*,#1122,.F.);
#1496=ORIENTED_EDGE('',*,*,#1145,.T.);
#1497=ORIENTED_EDGE('',*,*,#1146,.F.);
#1498=ORIENTED_EDGE('',*,*,#1143,.T.);
#1499=ORIENTED_EDGE('',*,*,#1124,.F.);
#1500=ORIENTED_EDGE('',*,*,#1147,.F.);
#1501=ORIENTED_EDGE('',*,*,#1148,.F.);
#1502=ORIENTED_EDGE('',*,*,#1145,.F.);
#1503=ORIENTED_EDGE('',*,*,#1133,.F.);
#1504=ORIENTED_EDGE('',*,*,#1149,.T.);
#1505=ORIENTED_EDGE('',*,*,#1150,.F.);
#1506=ORIENTED_EDGE('',*,*,#1147,.T.);
#1507=ORIENTED_EDGE('',*,*,#1128,.F.);
#1508=ORIENTED_EDGE('',*,*,#1151,.F.);
#1509=ORIENTED_EDGE('',*,*,#1152,.F.);
#1510=ORIENTED_EDGE('',*,*,#1149,.F.);
#1511=ORIENTED_EDGE('',*,*,#1130,.F.);
#1512=ORIENTED_EDGE('',*,*,#1153,.T.);
#1513=ORIENTED_EDGE('',*,*,#1154,.F.);
#1514=ORIENTED_EDGE('',*,*,#1151,.T.);
#1515=ORIENTED_EDGE('',*,*,#1132,.F.);
#1516=ORIENTED_EDGE('',*,*,#1155,.F.);
#1517=ORIENTED_EDGE('',*,*,#1156,.F.);
#1518=ORIENTED_EDGE('',*,*,#1153,.F.);
#1519=ORIENTED_EDGE('',*,*,#1139,.F.);
#1520=ORIENTED_EDGE('',*,*,#1157,.T.);
#1521=ORIENTED_EDGE('',*,*,#1158,.F.);
#1522=ORIENTED_EDGE('',*,*,#1155,.T.);
#1523=ORIENTED_EDGE('',*,*,#1137,.F.);
#1524=ORIENTED_EDGE('',*,*,#1095,.T.);
#1525=ORIENTED_EDGE('',*,*,#1159,.F.);
#1526=ORIENTED_EDGE('',*,*,#1160,.T.);
#1527=ORIENTED_EDGE('',*,*,#1159,.T.);
#1528=ORIENTED_EDGE('',*,*,#1098,.T.);
#1529=ORIENTED_EDGE('',*,*,#1161,.T.);
#1530=ORIENTED_EDGE('',*,*,#1138,.F.);
#1531=ORIENTED_EDGE('',*,*,#1160,.F.);
#1532=ORIENTED_EDGE('',*,*,#1162,.F.);
#1533=ORIENTED_EDGE('',*,*,#1163,.F.);
#1534=ORIENTED_EDGE('',*,*,#1157,.F.);
#1535=ORIENTED_EDGE('',*,*,#1136,.F.);
#1536=ORIENTED_EDGE('',*,*,#1164,.T.);
#1537=ORIENTED_EDGE('',*,*,#1161,.F.);
#1538=ORIENTED_EDGE('',*,*,#1106,.T.);
#1539=ORIENTED_EDGE('',*,*,#1165,.T.);
#1540=ORIENTED_EDGE('',*,*,#1162,.T.);
#1541=ORIENTED_EDGE('',*,*,#1166,.F.);
#1542=ORIENTED_EDGE('',*,*,#1103,.T.);
#1543=ORIENTED_EDGE('',*,*,#1167,.T.);
#1544=ORIENTED_EDGE('',*,*,#1168,.T.);
#1545=ORIENTED_EDGE('',*,*,#1169,.F.);
#1546=ORIENTED_EDGE('',*,*,#1167,.F.);
#1547=ORIENTED_EDGE('',*,*,#1170,.T.);
#1548=ORIENTED_EDGE('',*,*,#1171,.T.);
#1549=ORIENTED_EDGE('',*,*,#1171,.F.);
#1550=ORIENTED_EDGE('',*,*,#1172,.T.);
#1551=ORIENTED_EDGE('',*,*,#1173,.F.);
#1552=ORIENTED_EDGE('',*,*,#1174,.T.);
#1553=ORIENTED_EDGE('',*,*,#1175,.T.);
#1554=ORIENTED_EDGE('',*,*,#1170,.F.);
#1555=ORIENTED_EDGE('',*,*,#1102,.T.);
#1556=ORIENTED_EDGE('',*,*,#1176,.F.);
#1557=ORIENTED_EDGE('',*,*,#1177,.T.);
#1558=ORIENTED_EDGE('',*,*,#1173,.T.);
#1559=ORIENTED_EDGE('',*,*,#1178,.T.);
#1560=ORIENTED_EDGE('',*,*,#1177,.F.);
#1561=ORIENTED_EDGE('',*,*,#1179,.T.);
#1562=ORIENTED_EDGE('',*,*,#1180,.T.);
#1563=ORIENTED_EDGE('',*,*,#1181,.T.);
#1564=ORIENTED_EDGE('',*,*,#1112,.F.);
#1565=ORIENTED_EDGE('',*,*,#1182,.T.);
#1566=ORIENTED_EDGE('',*,*,#1179,.F.);
#1567=ORIENTED_EDGE('',*,*,#1183,.F.);
#1568=ORIENTED_EDGE('',*,*,#1178,.F.);
#1569=ORIENTED_EDGE('',*,*,#1184,.T.);
#1570=ORIENTED_EDGE('',*,*,#1185,.F.);
#1571=ORIENTED_EDGE('',*,*,#1183,.T.);
#1572=ORIENTED_EDGE('',*,*,#1113,.T.);
#1573=ORIENTED_EDGE('',*,*,#1185,.T.);
#1574=ORIENTED_EDGE('',*,*,#1186,.T.);
#1575=ORIENTED_EDGE('',*,*,#1186,.F.);
#1576=ORIENTED_EDGE('',*,*,#1187,.T.);
#1577=ORIENTED_EDGE('',*,*,#1188,.F.);
#1578=ORIENTED_EDGE('',*,*,#1108,.T.);
#1579=ORIENTED_EDGE('',*,*,#1189,.T.);
#1580=ORIENTED_EDGE('',*,*,#1109,.T.);
#1581=ORIENTED_EDGE('',*,*,#1190,.T.);
#1582=ORIENTED_EDGE('',*,*,#1191,.T.);
#1583=ORIENTED_EDGE('',*,*,#1190,.F.);
#1584=ORIENTED_EDGE('',*,*,#1188,.T.);
#1585=ORIENTED_EDGE('',*,*,#1192,.T.);
#1586=ORIENTED_EDGE('',*,*,#1192,.F.);
#1587=ORIENTED_EDGE('',*,*,#1193,.T.);
#1588=ORIENTED_EDGE('',*,*,#1194,.F.);
#1589=ORIENTED_EDGE('',*,*,#1195,.T.);
#1590=ORIENTED_EDGE('',*,*,#1196,.F.);
#1591=ORIENTED_EDGE('',*,*,#1197,.F.);
#1592=ORIENTED_EDGE('',*,*,#1165,.F.);
#1593=ORIENTED_EDGE('',*,*,#1198,.T.);
#1594=ORIENTED_EDGE('',*,*,#1163,.T.);
#1595=ORIENTED_EDGE('',*,*,#1197,.T.);
#1596=ORIENTED_EDGE('',*,*,#1199,.T.);
#1597=ORIENTED_EDGE('',*,*,#1200,.T.);
#1598=ORIENTED_EDGE('',*,*,#1201,.T.);
#1599=ORIENTED_EDGE('',*,*,#1196,.T.);
#1600=ORIENTED_EDGE('',*,*,#1105,.T.);
#1601=ORIENTED_EDGE('',*,*,#1200,.F.);
#1602=ORIENTED_EDGE('',*,*,#1202,.T.);
#1603=ORIENTED_EDGE('',*,*,#1203,.T.);
#1604=ORIENTED_EDGE('',*,*,#1204,.T.);
#1605=ORIENTED_EDGE('',*,*,#1205,.T.);
#1606=ORIENTED_EDGE('',*,*,#1206,.T.);
#1607=ORIENTED_EDGE('',*,*,#1156,.T.);
#1608=ORIENTED_EDGE('',*,*,#1207,.T.);
#1609=ORIENTED_EDGE('',*,*,#1154,.T.);
#1610=ORIENTED_EDGE('',*,*,#1206,.F.);
#1611=ORIENTED_EDGE('',*,*,#1208,.T.);
#1612=ORIENTED_EDGE('',*,*,#1209,.T.);
#1613=ORIENTED_EDGE('',*,*,#1152,.T.);
#1614=ORIENTED_EDGE('',*,*,#1207,.F.);
#1615=ORIENTED_EDGE('',*,*,#1210,.T.);
#1616=ORIENTED_EDGE('',*,*,#1204,.F.);
#1617=ORIENTED_EDGE('',*,*,#1158,.T.);
#1618=ORIENTED_EDGE('',*,*,#1198,.F.);
#1619=ORIENTED_EDGE('',*,*,#1211,.T.);
#1620=ORIENTED_EDGE('',*,*,#1212,.T.);
#1621=ORIENTED_EDGE('',*,*,#1213,.T.);
#1622=ORIENTED_EDGE('',*,*,#1148,.T.);
#1623=ORIENTED_EDGE('',*,*,#1214,.T.);
#1624=ORIENTED_EDGE('',*,*,#1146,.T.);
#1625=ORIENTED_EDGE('',*,*,#1213,.F.);
#1626=ORIENTED_EDGE('',*,*,#1215,.T.);
#1627=ORIENTED_EDGE('',*,*,#1216,.T.);
#1628=ORIENTED_EDGE('',*,*,#1144,.T.);
#1629=ORIENTED_EDGE('',*,*,#1214,.F.);
#1630=ORIENTED_EDGE('',*,*,#1217,.T.);
#1631=ORIENTED_EDGE('',*,*,#1211,.F.);
#1632=ORIENTED_EDGE('',*,*,#1150,.T.);
#1633=ORIENTED_EDGE('',*,*,#1209,.F.);
#1634=ORIENTED_EDGE('',*,*,#1218,.T.);
#1635=ORIENTED_EDGE('',*,*,#1219,.T.);
#1636=ORIENTED_EDGE('',*,*,#1220,.T.);
#1637=ORIENTED_EDGE('',*,*,#1221,.T.);
#1638=ORIENTED_EDGE('',*,*,#1218,.F.);
#1639=ORIENTED_EDGE('',*,*,#1141,.T.);
#1640=ORIENTED_EDGE('',*,*,#1216,.F.);
#1641=ORIENTED_EDGE('',*,*,#1220,.F.);
#1642=ORIENTED_EDGE('',*,*,#1194,.T.);
#1643=ORIENTED_EDGE('',*,*,#1222,.F.);
#1644=ORIENTED_EDGE('',*,*,#1203,.F.);
#1645=ORIENTED_EDGE('',*,*,#1223,.T.);
#1646=ORIENTED_EDGE('',*,*,#1110,.T.);
#1647=ORIENTED_EDGE('',*,*,#1189,.F.);
#1648=ORIENTED_EDGE('',*,*,#1224,.T.);
#1649=ORIENTED_EDGE('',*,*,#1202,.F.);
#1650=ORIENTED_EDGE('',*,*,#1104,.F.);
#1651=ORIENTED_EDGE('',*,*,#1166,.T.);
#1652=ORIENTED_EDGE('',*,*,#1225,.T.);
#1653=ORIENTED_EDGE('',*,*,#1223,.F.);
#1654=ORIENTED_EDGE('',*,*,#1225,.F.);
#1655=ORIENTED_EDGE('',*,*,#1169,.T.);
#1656=ORIENTED_EDGE('',*,*,#1226,.F.);
#1657=ORIENTED_EDGE('',*,*,#1180,.F.);
#1658=ORIENTED_EDGE('',*,*,#1182,.F.);
#1659=ORIENTED_EDGE('',*,*,#1114,.F.);
#1660=ORIENTED_EDGE('',*,*,#1111,.F.);
#1661=ORIENTED_EDGE('',*,*,#1227,.F.);
#1662=ORIENTED_EDGE('',*,*,#1168,.F.);
#1663=ORIENTED_EDGE('',*,*,#1174,.F.);
#1664=ORIENTED_EDGE('',*,*,#1181,.F.);
#1665=ORIENTED_EDGE('',*,*,#1226,.T.);
#1666=ORIENTED_EDGE('',*,*,#1191,.F.);
#1667=ORIENTED_EDGE('',*,*,#1195,.F.);
#1668=ORIENTED_EDGE('',*,*,#1219,.F.);
#1669=ORIENTED_EDGE('',*,*,#1217,.F.);
#1670=ORIENTED_EDGE('',*,*,#1215,.F.);
#1671=ORIENTED_EDGE('',*,*,#1212,.F.);
#1672=ORIENTED_EDGE('',*,*,#1210,.F.);
#1673=ORIENTED_EDGE('',*,*,#1208,.F.);
#1674=ORIENTED_EDGE('',*,*,#1205,.F.);
#1675=ORIENTED_EDGE('',*,*,#1199,.F.);
#1676=ORIENTED_EDGE('',*,*,#1201,.F.);
#1677=ORIENTED_EDGE('',*,*,#1224,.F.);
#1678=ORIENTED_EDGE('',*,*,#1227,.T.);
#1679=ORIENTED_EDGE('',*,*,#1228,.T.);
#1680=ORIENTED_EDGE('',*,*,#1164,.F.);
#1681=ORIENTED_EDGE('',*,*,#1228,.F.);
#1682=ORIENTED_EDGE('',*,*,#1229,.F.);
#1683=ORIENTED_EDGE('',*,*,#1230,.T.);
#1684=ORIENTED_EDGE('',*,*,#1231,.T.);
#1685=ORIENTED_EDGE('',*,*,#1230,.F.);
#1686=ORIENTED_EDGE('',*,*,#1232,.F.);
#1687=ORIENTED_EDGE('',*,*,#1233,.F.);
#1688=ORIENTED_EDGE('',*,*,#1234,.F.);
#1689=ORIENTED_EDGE('',*,*,#1235,.T.);
#1690=ORIENTED_EDGE('',*,*,#1236,.F.);
#1691=ORIENTED_EDGE('',*,*,#1237,.F.);
#1692=ORIENTED_EDGE('',*,*,#1238,.F.);
#1693=ORIENTED_EDGE('',*,*,#1239,.F.);
#1694=ORIENTED_EDGE('',*,*,#1229,.T.);
#1695=ORIENTED_EDGE('',*,*,#1240,.F.);
#1696=ORIENTED_EDGE('',*,*,#1233,.T.);
#1697=ORIENTED_EDGE('',*,*,#1241,.F.);
#1698=ORIENTED_EDGE('',*,*,#1242,.F.);
#1699=ORIENTED_EDGE('',*,*,#1243,.F.);
#1700=ORIENTED_EDGE('',*,*,#1244,.T.);
#1701=ORIENTED_EDGE('',*,*,#1245,.F.);
#1702=ORIENTED_EDGE('',*,*,#1246,.T.);
#1703=ORIENTED_EDGE('',*,*,#1247,.F.);
#1704=ORIENTED_EDGE('',*,*,#1248,.F.);
#1705=ORIENTED_EDGE('',*,*,#1249,.T.);
#1706=ORIENTED_EDGE('',*,*,#1250,.F.);
#1707=ORIENTED_EDGE('',*,*,#1243,.T.);
#1708=ORIENTED_EDGE('',*,*,#1251,.F.);
#1709=ORIENTED_EDGE('',*,*,#1239,.T.);
#1710=ORIENTED_EDGE('',*,*,#1252,.F.);
#1711=ORIENTED_EDGE('',*,*,#1253,.T.);
#1712=ORIENTED_EDGE('',*,*,#1254,.F.);
#1713=ORIENTED_EDGE('',*,*,#1062,.T.);
#1714=ORIENTED_EDGE('',*,*,#1255,.F.);
#1715=ORIENTED_EDGE('',*,*,#1241,.T.);
#1716=ORIENTED_EDGE('',*,*,#1232,.T.);
#1717=ORIENTED_EDGE('',*,*,#1256,.F.);
#1718=ORIENTED_EDGE('',*,*,#1257,.T.);
#1719=ORIENTED_EDGE('',*,*,#1258,.F.);
#1720=ORIENTED_EDGE('',*,*,#1256,.T.);
#1721=ORIENTED_EDGE('',*,*,#1064,.T.);
#1722=ORIENTED_EDGE('',*,*,#1259,.T.);
#1723=ORIENTED_EDGE('',*,*,#1260,.T.);
#1724=ORIENTED_EDGE('',*,*,#1261,.F.);
#1725=ORIENTED_EDGE('',*,*,#1254,.T.);
#1726=ORIENTED_EDGE('',*,*,#1251,.T.);
#1727=ORIENTED_EDGE('',*,*,#1261,.T.);
#1728=ORIENTED_EDGE('',*,*,#1262,.T.);
#1729=ORIENTED_EDGE('',*,*,#1263,.T.);
#1730=ORIENTED_EDGE('',*,*,#1063,.T.);
#1731=ORIENTED_EDGE('',*,*,#1259,.F.);
#1732=ORIENTED_EDGE('',*,*,#1263,.F.);
#1733=ORIENTED_EDGE('',*,*,#1264,.F.);
#1734=ORIENTED_EDGE('',*,*,#1265,.F.);
#1735=ORIENTED_EDGE('',*,*,#1266,.T.);
#1736=ORIENTED_EDGE('',*,*,#1267,.F.);
#1737=ORIENTED_EDGE('',*,*,#1258,.T.);
#1738=ORIENTED_EDGE('',*,*,#1268,.T.);
#1739=ORIENTED_EDGE('',*,*,#1269,.F.);
#1740=ORIENTED_EDGE('',*,*,#1065,.T.);
#1741=ORIENTED_EDGE('',*,*,#1269,.T.);
#1742=ORIENTED_EDGE('',*,*,#1270,.T.);
#1743=ORIENTED_EDGE('',*,*,#1271,.F.);
#1744=ORIENTED_EDGE('',*,*,#1066,.T.);
#1745=ORIENTED_EDGE('',*,*,#1265,.T.);
#1746=ORIENTED_EDGE('',*,*,#1067,.T.);
#1747=ORIENTED_EDGE('',*,*,#1271,.T.);
#1748=ORIENTED_EDGE('',*,*,#1272,.T.);
#1749=ORIENTED_EDGE('',*,*,#1273,.F.);
#1750=ORIENTED_EDGE('',*,*,#1274,.T.);
#1751=ORIENTED_EDGE('',*,*,#1275,.F.);
#1752=ORIENTED_EDGE('',*,*,#1267,.T.);
#1753=ORIENTED_EDGE('',*,*,#1276,.T.);
#1754=ORIENTED_EDGE('',*,*,#1277,.F.);
#1755=ORIENTED_EDGE('',*,*,#1068,.T.);
#1756=ORIENTED_EDGE('',*,*,#1277,.T.);
#1757=ORIENTED_EDGE('',*,*,#1278,.T.);
#1758=ORIENTED_EDGE('',*,*,#1279,.F.);
#1759=ORIENTED_EDGE('',*,*,#1069,.T.);
#1760=ORIENTED_EDGE('',*,*,#1273,.T.);
#1761=ORIENTED_EDGE('',*,*,#1070,.T.);
#1762=ORIENTED_EDGE('',*,*,#1279,.T.);
#1763=ORIENTED_EDGE('',*,*,#1280,.T.);
#1764=ORIENTED_EDGE('',*,*,#1281,.F.);
#1765=ORIENTED_EDGE('',*,*,#1282,.T.);
#1766=ORIENTED_EDGE('',*,*,#1283,.F.);
#1767=ORIENTED_EDGE('',*,*,#1283,.T.);
#1768=ORIENTED_EDGE('',*,*,#1071,.T.);
#1769=ORIENTED_EDGE('',*,*,#1275,.T.);
#1770=ORIENTED_EDGE('',*,*,#1284,.T.);
#1771=ORIENTED_EDGE('',*,*,#1285,.F.);
#1772=ORIENTED_EDGE('',*,*,#1286,.T.);
#1773=ORIENTED_EDGE('',*,*,#1245,.T.);
#1774=ORIENTED_EDGE('',*,*,#1238,.T.);
#1775=ORIENTED_EDGE('',*,*,#1287,.T.);
#1776=ORIENTED_EDGE('',*,*,#1285,.T.);
#1777=ORIENTED_EDGE('',*,*,#1288,.T.);
#1778=ORIENTED_EDGE('',*,*,#1252,.T.);
#1779=ORIENTED_EDGE('',*,*,#1289,.F.);
#1780=ORIENTED_EDGE('',*,*,#1290,.T.);
#1781=ORIENTED_EDGE('',*,*,#1286,.F.);
#1782=ORIENTED_EDGE('',*,*,#1291,.T.);
#1783=ORIENTED_EDGE('',*,*,#1292,.F.);
#1784=ORIENTED_EDGE('',*,*,#1291,.F.);
#1785=ORIENTED_EDGE('',*,*,#1287,.F.);
#1786=ORIENTED_EDGE('',*,*,#1237,.T.);
#1787=ORIENTED_EDGE('',*,*,#1293,.F.);
#1788=ORIENTED_EDGE('',*,*,#1292,.T.);
#1789=ORIENTED_EDGE('',*,*,#1236,.T.);
#1790=ORIENTED_EDGE('',*,*,#1294,.T.);
#1791=ORIENTED_EDGE('',*,*,#1293,.T.);
#1792=ORIENTED_EDGE('',*,*,#1295,.T.);
#1793=ORIENTED_EDGE('',*,*,#1289,.T.);
#1794=ORIENTED_EDGE('',*,*,#1296,.F.);
#1795=ORIENTED_EDGE('',*,*,#1297,.T.);
#1796=ORIENTED_EDGE('',*,*,#1295,.F.);
#1797=ORIENTED_EDGE('',*,*,#1298,.T.);
#1798=ORIENTED_EDGE('',*,*,#1299,.T.);
#1799=ORIENTED_EDGE('',*,*,#1250,.T.);
#1800=ORIENTED_EDGE('',*,*,#1296,.T.);
#1801=ORIENTED_EDGE('',*,*,#1300,.F.);
#1802=ORIENTED_EDGE('',*,*,#1072,.T.);
#1803=ORIENTED_EDGE('',*,*,#1282,.F.);
#1804=ORIENTED_EDGE('',*,*,#1301,.T.);
#1805=ORIENTED_EDGE('',*,*,#1302,.F.);
#1806=ORIENTED_EDGE('',*,*,#1300,.T.);
#1807=ORIENTED_EDGE('',*,*,#1248,.T.);
#1808=ORIENTED_EDGE('',*,*,#1255,.T.);
#1809=ORIENTED_EDGE('',*,*,#1061,.T.);
#1810=ORIENTED_EDGE('',*,*,#1302,.T.);
#1811=ORIENTED_EDGE('',*,*,#1242,.T.);
#1812=ORIENTED_EDGE('',*,*,#1303,.F.);
#1813=ORIENTED_EDGE('',*,*,#1304,.F.);
#1814=ORIENTED_EDGE('',*,*,#1305,.F.);
#1815=ORIENTED_EDGE('',*,*,#1306,.F.);
#1816=ORIENTED_EDGE('',*,*,#1307,.F.);
#1817=ORIENTED_EDGE('',*,*,#1308,.T.);
#1818=ORIENTED_EDGE('',*,*,#1264,.T.);
#1819=ORIENTED_EDGE('',*,*,#1309,.T.);
#1820=ORIENTED_EDGE('',*,*,#1310,.F.);
#1821=ORIENTED_EDGE('',*,*,#1307,.T.);
#1822=ORIENTED_EDGE('',*,*,#1311,.F.);
#1823=ORIENTED_EDGE('',*,*,#1312,.F.);
#1824=ORIENTED_EDGE('',*,*,#1313,.T.);
#1825=ORIENTED_EDGE('',*,*,#1310,.T.);
#1826=ORIENTED_EDGE('',*,*,#1304,.T.);
#1827=ORIENTED_EDGE('',*,*,#1305,.T.);
#1828=ORIENTED_EDGE('',*,*,#1311,.T.);
#1829=ORIENTED_EDGE('',*,*,#1314,.T.);
#1830=ORIENTED_EDGE('',*,*,#1315,.F.);
#1831=ORIENTED_EDGE('',*,*,#1316,.T.);
#1832=ORIENTED_EDGE('',*,*,#1317,.T.);
#1833=ORIENTED_EDGE('',*,*,#1303,.T.);
#1834=ORIENTED_EDGE('',*,*,#1318,.F.);
#1835=ORIENTED_EDGE('',*,*,#1319,.F.);
#1836=ORIENTED_EDGE('',*,*,#1320,.F.);
#1837=ORIENTED_EDGE('',*,*,#1321,.F.);
#1838=ORIENTED_EDGE('',*,*,#1322,.F.);
#1839=ORIENTED_EDGE('',*,*,#1323,.F.);
#1840=ORIENTED_EDGE('',*,*,#1324,.F.);
#1841=ORIENTED_EDGE('',*,*,#1325,.F.);
#1842=ORIENTED_EDGE('',*,*,#1326,.F.);
#1843=ORIENTED_EDGE('',*,*,#1316,.F.);
#1844=ORIENTED_EDGE('',*,*,#1327,.F.);
#1845=ORIENTED_EDGE('',*,*,#1080,.T.);
#1846=ORIENTED_EDGE('',*,*,#1076,.F.);
#1847=ORIENTED_EDGE('',*,*,#1079,.T.);
#1848=ORIENTED_EDGE('',*,*,#1057,.T.);
#1849=ORIENTED_EDGE('',*,*,#1328,.F.);
#1850=ORIENTED_EDGE('',*,*,#1329,.T.);
#1851=ORIENTED_EDGE('',*,*,#1274,.F.);
#1852=ORIENTED_EDGE('',*,*,#1330,.T.);
#1853=ORIENTED_EDGE('',*,*,#1331,.F.);
#1854=ORIENTED_EDGE('',*,*,#1330,.F.);
#1855=ORIENTED_EDGE('',*,*,#1280,.F.);
#1856=ORIENTED_EDGE('',*,*,#1332,.F.);
#1857=ORIENTED_EDGE('',*,*,#1333,.F.);
#1858=ORIENTED_EDGE('',*,*,#1332,.T.);
#1859=ORIENTED_EDGE('',*,*,#1278,.F.);
#1860=ORIENTED_EDGE('',*,*,#1334,.T.);
#1861=ORIENTED_EDGE('',*,*,#1335,.F.);
#1862=ORIENTED_EDGE('',*,*,#1334,.F.);
#1863=ORIENTED_EDGE('',*,*,#1276,.F.);
#1864=ORIENTED_EDGE('',*,*,#1336,.F.);
#1865=ORIENTED_EDGE('',*,*,#1337,.F.);
#1866=ORIENTED_EDGE('',*,*,#1336,.T.);
#1867=ORIENTED_EDGE('',*,*,#1266,.F.);
#1868=ORIENTED_EDGE('',*,*,#1338,.T.);
#1869=ORIENTED_EDGE('',*,*,#1339,.F.);
#1870=ORIENTED_EDGE('',*,*,#1338,.F.);
#1871=ORIENTED_EDGE('',*,*,#1272,.F.);
#1872=ORIENTED_EDGE('',*,*,#1340,.F.);
#1873=ORIENTED_EDGE('',*,*,#1341,.F.);
#1874=ORIENTED_EDGE('',*,*,#1340,.T.);
#1875=ORIENTED_EDGE('',*,*,#1270,.F.);
#1876=ORIENTED_EDGE('',*,*,#1342,.T.);
#1877=ORIENTED_EDGE('',*,*,#1343,.F.);
#1878=ORIENTED_EDGE('',*,*,#1342,.F.);
#1879=ORIENTED_EDGE('',*,*,#1268,.F.);
#1880=ORIENTED_EDGE('',*,*,#1344,.F.);
#1881=ORIENTED_EDGE('',*,*,#1345,.F.);
#1882=ORIENTED_EDGE('',*,*,#1344,.T.);
#1883=ORIENTED_EDGE('',*,*,#1257,.F.);
#1884=ORIENTED_EDGE('',*,*,#1346,.T.);
#1885=ORIENTED_EDGE('',*,*,#1347,.F.);
#1886=ORIENTED_EDGE('',*,*,#1348,.F.);
#1887=ORIENTED_EDGE('',*,*,#1346,.F.);
#1888=ORIENTED_EDGE('',*,*,#1260,.F.);
#1889=ORIENTED_EDGE('',*,*,#1308,.F.);
#1890=ORIENTED_EDGE('',*,*,#1313,.F.);
#1891=ORIENTED_EDGE('',*,*,#1231,.F.);
#1892=ORIENTED_EDGE('',*,*,#1349,.F.);
#1893=ORIENTED_EDGE('',*,*,#1345,.T.);
#1894=ORIENTED_EDGE('',*,*,#1350,.F.);
#1895=ORIENTED_EDGE('',*,*,#1351,.F.);
#1896=ORIENTED_EDGE('',*,*,#1337,.T.);
#1897=ORIENTED_EDGE('',*,*,#1352,.F.);
#1898=ORIENTED_EDGE('',*,*,#1353,.F.);
#1899=ORIENTED_EDGE('',*,*,#1328,.T.);
#1900=ORIENTED_EDGE('',*,*,#1354,.F.);
#1901=ORIENTED_EDGE('',*,*,#1353,.T.);
#1902=ORIENTED_EDGE('',*,*,#1319,.T.);
#1903=ORIENTED_EDGE('',*,*,#1355,.F.);
#1904=ORIENTED_EDGE('',*,*,#1356,.F.);
#1905=ORIENTED_EDGE('',*,*,#1351,.T.);
#1906=ORIENTED_EDGE('',*,*,#1322,.T.);
#1907=ORIENTED_EDGE('',*,*,#1357,.F.);
#1908=ORIENTED_EDGE('',*,*,#1335,.T.);
#1909=ORIENTED_EDGE('',*,*,#1357,.T.);
#1910=ORIENTED_EDGE('',*,*,#1321,.T.);
#1911=ORIENTED_EDGE('',*,*,#1358,.F.);
#1912=ORIENTED_EDGE('',*,*,#1333,.T.);
#1913=ORIENTED_EDGE('',*,*,#1358,.T.);
#1914=ORIENTED_EDGE('',*,*,#1320,.T.);
#1915=ORIENTED_EDGE('',*,*,#1354,.T.);
#1916=ORIENTED_EDGE('',*,*,#1331,.T.);
#1917=ORIENTED_EDGE('',*,*,#1349,.T.);
#1918=ORIENTED_EDGE('',*,*,#1325,.T.);
#1919=ORIENTED_EDGE('',*,*,#1359,.F.);
#1920=ORIENTED_EDGE('',*,*,#1343,.T.);
#1921=ORIENTED_EDGE('',*,*,#1359,.T.);
#1922=ORIENTED_EDGE('',*,*,#1324,.T.);
#1923=ORIENTED_EDGE('',*,*,#1360,.F.);
#1924=ORIENTED_EDGE('',*,*,#1341,.T.);
#1925=ORIENTED_EDGE('',*,*,#1360,.T.);
#1926=ORIENTED_EDGE('',*,*,#1323,.T.);
#1927=ORIENTED_EDGE('',*,*,#1352,.T.);
#1928=ORIENTED_EDGE('',*,*,#1339,.T.);
#1929=ORIENTED_EDGE('',*,*,#1361,.F.);
#1930=ORIENTED_EDGE('',*,*,#1347,.T.);
#1931=ORIENTED_EDGE('',*,*,#1312,.T.);
#1932=ORIENTED_EDGE('',*,*,#1317,.F.);
#1933=ORIENTED_EDGE('',*,*,#1350,.T.);
#1934=ORIENTED_EDGE('',*,*,#1348,.T.);
#1935=ORIENTED_EDGE('',*,*,#1361,.T.);
#1936=ORIENTED_EDGE('',*,*,#1326,.T.);
#1937=ORIENTED_EDGE('',*,*,#1314,.F.);
#1938=ORIENTED_EDGE('',*,*,#1309,.F.);
#1939=ORIENTED_EDGE('',*,*,#1262,.F.);
#1940=ORIENTED_EDGE('',*,*,#1253,.F.);
#1941=ORIENTED_EDGE('',*,*,#1288,.F.);
#1942=ORIENTED_EDGE('',*,*,#1244,.F.);
#1943=ORIENTED_EDGE('',*,*,#1362,.T.);
#1944=ORIENTED_EDGE('',*,*,#1363,.T.);
#1945=ORIENTED_EDGE('',*,*,#1364,.T.);
#1946=ORIENTED_EDGE('',*,*,#1362,.F.);
#1947=ORIENTED_EDGE('',*,*,#1365,.F.);
#1948=ORIENTED_EDGE('',*,*,#1101,.F.);
#1949=ORIENTED_EDGE('',*,*,#1366,.T.);
#1950=ORIENTED_EDGE('',*,*,#1234,.T.);
#1951=ORIENTED_EDGE('',*,*,#1240,.T.);
#1952=ORIENTED_EDGE('',*,*,#1299,.F.);
#1953=ORIENTED_EDGE('',*,*,#1366,.F.);
#1954=ORIENTED_EDGE('',*,*,#1298,.F.);
#1955=ORIENTED_EDGE('',*,*,#1294,.F.);
#1956=ORIENTED_EDGE('',*,*,#1235,.F.);
#1957=ORIENTED_EDGE('',*,*,#1367,.F.);
#1958=ORIENTED_EDGE('',*,*,#1284,.F.);
#1959=ORIENTED_EDGE('',*,*,#1329,.F.);
#1960=ORIENTED_EDGE('',*,*,#1356,.T.);
#1961=ORIENTED_EDGE('',*,*,#1368,.T.);
#1962=ORIENTED_EDGE('',*,*,#1116,.T.);
#1963=ORIENTED_EDGE('',*,*,#1142,.F.);
#1964=ORIENTED_EDGE('',*,*,#1221,.F.);
#1965=ORIENTED_EDGE('',*,*,#1368,.F.);
#1966=ORIENTED_EDGE('',*,*,#1355,.T.);
#1967=ORIENTED_EDGE('',*,*,#1327,.T.);
#1968=ORIENTED_EDGE('',*,*,#1318,.T.);
#1969=ORIENTED_EDGE('',*,*,#1306,.T.);
#1970=ORIENTED_EDGE('',*,*,#1315,.T.);
#1971=ORIENTED_EDGE('',*,*,#1363,.F.);
#1972=ORIENTED_EDGE('',*,*,#1364,.F.);
#1973=ORIENTED_EDGE('',*,*,#1100,.F.);
#1974=ORIENTED_EDGE('',*,*,#1099,.T.);
#1975=ORIENTED_EDGE('',*,*,#1096,.T.);
#1976=ORIENTED_EDGE('',*,*,#1093,.T.);
#1977=ORIENTED_EDGE('',*,*,#1090,.T.);
#1978=ORIENTED_EDGE('',*,*,#1117,.T.);
#1979=ORIENTED_EDGE('',*,*,#1365,.T.);
#1980=ORIENTED_EDGE('',*,*,#1247,.T.);
#1981=ORIENTED_EDGE('',*,*,#1369,.T.);
#1982=ORIENTED_EDGE('',*,*,#1176,.T.);
#1983=ORIENTED_EDGE('',*,*,#1369,.F.);
#1984=ORIENTED_EDGE('',*,*,#1246,.F.);
#1985=ORIENTED_EDGE('',*,*,#1290,.F.);
#1986=ORIENTED_EDGE('',*,*,#1297,.F.);
#1987=ORIENTED_EDGE('',*,*,#1249,.F.);
#1988=ORIENTED_EDGE('',*,*,#1301,.F.);
#1989=ORIENTED_EDGE('',*,*,#1370,.F.);
#1990=ORIENTED_EDGE('',*,*,#1193,.F.);
#1991=ORIENTED_EDGE('',*,*,#1187,.F.);
#1992=ORIENTED_EDGE('',*,*,#1184,.F.);
#1993=ORIENTED_EDGE('',*,*,#1172,.F.);
#1994=ORIENTED_EDGE('',*,*,#1175,.F.);
#1995=ORIENTED_EDGE('',*,*,#1370,.T.);
#1996=ORIENTED_EDGE('',*,*,#1281,.T.);
#1997=ORIENTED_EDGE('',*,*,#1367,.T.);
#1998=ORIENTED_EDGE('',*,*,#1222,.T.);
#1999=PLANE('',#2185);
#2000=PLANE('',#2186);
#2001=PLANE('',#2189);
#2002=PLANE('',#2190);
#2003=PLANE('',#2191);
#2004=PLANE('',#2192);
#2005=PLANE('',#2198);
#2006=PLANE('',#2207);
#2007=PLANE('',#2245);
#2008=PLANE('',#2248);
#2009=PLANE('',#2251);
#2010=PLANE('',#2254);
#2011=PLANE('',#2261);
#2012=PLANE('',#2335);
#2013=PLANE('',#2337);
#2014=PLANE('',#2338);
#2015=PLANE('',#2343);
#2016=PLANE('',#2349);
#2017=PLANE('',#2407);
#2018=PLANE('',#2423);
#2019=PLANE('',#2438);
#2020=PLANE('',#2443);
#2021=PLANE('',#2446);
#2022=PLANE('',#2449);
#2023=PLANE('',#2452);
#2024=PLANE('',#2455);
#2025=PLANE('',#2483);
#2026=PLANE('',#2486);
#2027=PLANE('',#2487);
#2028=PLANE('',#2489);
#2029=ADVANCED_FACE('',(#301),#1999,.F.);
#2030=ADVANCED_FACE('',(#302,#135),#2000,.F.);
#2031=ADVANCED_FACE('',(#303),#2001,.T.);
#2032=ADVANCED_FACE('',(#304),#2002,.F.);
#2033=ADVANCED_FACE('',(#305),#2003,.F.);
#2034=ADVANCED_FACE('',(#306),#2004,.T.);
#2035=ADVANCED_FACE('',(#307),#69,.F.);
#2036=ADVANCED_FACE('',(#308),#2005,.T.);
#2037=ADVANCED_FACE('',(#309),#70,.T.);
#2038=ADVANCED_FACE('',(#310),#71,.F.);
#2039=ADVANCED_FACE('',(#311),#2006,.T.);
#2040=ADVANCED_FACE('',(#312),#72,.T.);
#2041=ADVANCED_FACE('',(#313),#73,.T.);
#2042=ADVANCED_FACE('',(#314),#74,.T.);
#2043=ADVANCED_FACE('',(#315),#47,.T.);
#2044=ADVANCED_FACE('',(#316),#75,.T.);
#2045=ADVANCED_FACE('',(#317),#19,.T.);
#2046=ADVANCED_FACE('',(#318),#76,.T.);
#2047=ADVANCED_FACE('',(#319),#48,.T.);
#2048=ADVANCED_FACE('',(#320),#77,.T.);
#2049=ADVANCED_FACE('',(#321),#20,.T.);
#2050=ADVANCED_FACE('',(#322),#78,.T.);
#2051=ADVANCED_FACE('',(#323),#49,.T.);
#2052=ADVANCED_FACE('',(#324),#21,.T.);
#2053=ADVANCED_FACE('',(#325),#79,.T.);
#2054=ADVANCED_FACE('',(#326),#2007,.T.);
#2055=ADVANCED_FACE('',(#327),#80,.F.);
#2056=ADVANCED_FACE('',(#328),#2008,.F.);
#2057=ADVANCED_FACE('',(#329),#81,.T.);
#2058=ADVANCED_FACE('',(#330),#2009,.F.);
#2059=ADVANCED_FACE('',(#331),#82,.F.);
#2060=ADVANCED_FACE('',(#332),#2010,.T.);
#2061=ADVANCED_FACE('',(#333),#83,.T.);
#2062=ADVANCED_FACE('',(#334),#84,.T.);
#2063=ADVANCED_FACE('',(#335),#22,.T.);
#2064=ADVANCED_FACE('',(#336,#136),#2011,.F.);
#2065=ADVANCED_FACE('',(#337),#50,.T.);
#2066=ADVANCED_FACE('',(#338),#85,.T.);
#2067=ADVANCED_FACE('',(#339),#23,.T.);
#2068=ADVANCED_FACE('',(#340),#86,.T.);
#2069=ADVANCED_FACE('',(#341),#51,.T.);
#2070=ADVANCED_FACE('',(#342),#24,.T.);
#2071=ADVANCED_FACE('',(#343),#87,.T.);
#2072=ADVANCED_FACE('',(#344),#88,.F.);
#2073=ADVANCED_FACE('',(#345),#52,.T.);
#2074=ADVANCED_FACE('',(#346),#25,.T.);
#2075=ADVANCED_FACE('',(#347),#89,.T.);
#2076=ADVANCED_FACE('',(#348),#90,.T.);
#2077=ADVANCED_FACE('',(#349),#26,.T.);
#2078=ADVANCED_FACE('',(#350),#91,.T.);
#2079=ADVANCED_FACE('',(#351),#27,.T.);
#2080=ADVANCED_FACE('',(#352),#92,.T.);
#2081=ADVANCED_FACE('',(#353),#93,.T.);
#2082=ADVANCED_FACE('',(#354),#28,.T.);
#2083=ADVANCED_FACE('',(#355),#94,.T.);
#2084=ADVANCED_FACE('',(#356),#53,.T.);
#2085=ADVANCED_FACE('',(#357),#95,.T.);
#2086=ADVANCED_FACE('',(#358),#29,.T.);
#2087=ADVANCED_FACE('',(#359),#96,.T.);
#2088=ADVANCED_FACE('',(#360),#54,.T.);
#2089=ADVANCED_FACE('',(#361),#97,.T.);
#2090=ADVANCED_FACE('',(#362),#30,.T.);
#2091=ADVANCED_FACE('',(#363),#98,.T.);
#2092=ADVANCED_FACE('',(#364),#31,.T.);
#2093=ADVANCED_FACE('',(#365),#32,.T.);
#2094=ADVANCED_FACE('',(#366),#99,.T.);
#2095=ADVANCED_FACE('',(#367),#55,.T.);
#2096=ADVANCED_FACE('',(#368,#137),#2012,.T.);
#2097=ADVANCED_FACE('',(#369),#2013,.T.);
#2098=ADVANCED_FACE('',(#370),#2014,.F.);
#2099=ADVANCED_FACE('',(#371),#100,.F.);
#2100=ADVANCED_FACE('',(#372),#101,.F.);
#2101=ADVANCED_FACE('',(#373,#138),#2015,.F.);
#2102=ADVANCED_FACE('',(#374),#2016,.F.);
#2103=ADVANCED_FACE('',(#375),#56,.T.);
#2104=ADVANCED_FACE('',(#376),#102,.T.);
#2105=ADVANCED_FACE('',(#377),#57,.T.);
#2106=ADVANCED_FACE('',(#378),#103,.T.);
#2107=ADVANCED_FACE('',(#379),#33,.T.);
#2108=ADVANCED_FACE('',(#380),#104,.T.);
#2109=ADVANCED_FACE('',(#381),#34,.T.);
#2110=ADVANCED_FACE('',(#382),#105,.T.);
#2111=ADVANCED_FACE('',(#383),#35,.T.);
#2112=ADVANCED_FACE('',(#384),#36,.T.);
#2113=ADVANCED_FACE('',(#385),#106,.T.);
#2114=ADVANCED_FACE('',(#386),#58,.T.);
#2115=ADVANCED_FACE('',(#387),#107,.T.);
#2116=ADVANCED_FACE('',(#388),#37,.T.);
#2117=ADVANCED_FACE('',(#389),#108,.T.);
#2118=ADVANCED_FACE('',(#390),#59,.T.);
#2119=ADVANCED_FACE('',(#391),#109,.T.);
#2120=ADVANCED_FACE('',(#392),#38,.T.);
#2121=ADVANCED_FACE('',(#393),#110,.T.);
#2122=ADVANCED_FACE('',(#394),#39,.T.);
#2123=ADVANCED_FACE('',(#395),#111,.T.);
#2124=ADVANCED_FACE('',(#396),#112,.T.);
#2125=ADVANCED_FACE('',(#397),#2017,.F.);
#2126=ADVANCED_FACE('',(#398),#113,.T.);
#2127=ADVANCED_FACE('',(#399),#40,.T.);
#2128=ADVANCED_FACE('',(#400),#60,.T.);
#2129=ADVANCED_FACE('',(#401),#41,.T.);
#2130=ADVANCED_FACE('',(#402),#114,.T.);
#2131=ADVANCED_FACE('',(#403),#42,.T.);
#2132=ADVANCED_FACE('',(#404),#115,.T.);
#2133=ADVANCED_FACE('',(#405),#2018,.F.);
#2134=ADVANCED_FACE('',(#406),#61,.T.);
#2135=ADVANCED_FACE('',(#407),#43,.T.);
#2136=ADVANCED_FACE('',(#408),#116,.T.);
#2137=ADVANCED_FACE('',(#409),#117,.T.);
#2138=ADVANCED_FACE('',(#410),#118,.F.);
#2139=ADVANCED_FACE('',(#411,#139),#2019,.F.);
#2140=ADVANCED_FACE('',(#412),#119,.T.);
#2141=ADVANCED_FACE('',(#413),#2020,.T.);
#2142=ADVANCED_FACE('',(#414),#120,.F.);
#2143=ADVANCED_FACE('',(#415),#2021,.F.);
#2144=ADVANCED_FACE('',(#416),#121,.T.);
#2145=ADVANCED_FACE('',(#417),#2022,.F.);
#2146=ADVANCED_FACE('',(#418),#122,.F.);
#2147=ADVANCED_FACE('',(#419),#2023,.F.);
#2148=ADVANCED_FACE('',(#420),#123,.T.);
#2149=ADVANCED_FACE('',(#421,#140),#2024,.T.);
#2150=ADVANCED_FACE('',(#422),#44,.T.);
#2151=ADVANCED_FACE('',(#423),#45,.T.);
#2152=ADVANCED_FACE('',(#424),#46,.T.);
#2153=ADVANCED_FACE('',(#425),#124,.T.);
#2154=ADVANCED_FACE('',(#426),#125,.T.);
#2155=ADVANCED_FACE('',(#427),#62,.T.);
#2156=ADVANCED_FACE('',(#428),#126,.T.);
#2157=ADVANCED_FACE('',(#429),#127,.T.);
#2158=ADVANCED_FACE('',(#430),#63,.T.);
#2159=ADVANCED_FACE('',(#431),#128,.T.);
#2160=ADVANCED_FACE('',(#432),#64,.T.);
#2161=ADVANCED_FACE('',(#433),#129,.T.);
#2162=ADVANCED_FACE('',(#434),#130,.F.);
#2163=ADVANCED_FACE('',(#435),#2025,.F.);
#2164=ADVANCED_FACE('',(#436),#131,.T.);
#2165=ADVANCED_FACE('',(#437),#132,.F.);
#2166=ADVANCED_FACE('',(#438),#2026,.F.);
#2167=ADVANCED_FACE('',(#439),#2027,.F.);
#2168=ADVANCED_FACE('',(#440),#133,.T.);
#2169=ADVANCED_FACE('',(#441),#2028,.T.);
#2170=ADVANCED_FACE('',(#442),#134,.T.);
#2171=CLOSED_SHELL('',(#2029,#2030,#2031,#2032,#2033,#2034,#2035,#2036,
#2037,#2038,#2039,#2040,#2041,#2042,#2043,#2044,#2045,#2046,#2047,#2048,
#2049,#2050,#2051,#2052,#2053,#2054,#2055,#2056,#2057,#2058,#2059,#2060,
#2061,#2062,#2063,#2064,#2065,#2066,#2067,#2068,#2069,#2070,#2071,#2072,
#2073,#2074,#2075,#2076,#2077,#2078,#2079,#2080,#2081,#2082,#2083,#2084,
#2085,#2086,#2087,#2088,#2089,#2090,#2091,#2092,#2093,#2094,#2095,#2096,
#2097,#2098,#2099,#2100,#2101,#2102,#2103,#2104,#2105,#2106,#2107,#2108,
#2109,#2110,#2111,#2112,#2113,#2114,#2115,#2116,#2117,#2118,#2119,#2120,
#2121,#2122,#2123,#2124,#2125,#2126,#2127,#2128,#2129,#2130,#2131,#2132,
#2133,#2134,#2135,#2136,#2137,#2138,#2139,#2140,#2141,#2142,#2143,#2144,
#2145,#2146,#2147,#2148,#2149,#2150,#2151,#2152,#2153,#2154,#2155,#2156,
#2157,#2158,#2159,#2160,#2161,#2162,#2163,#2164,#2165,#2166,#2167,#2168,
#2169,#2170));
#2172=DERIVED_UNIT_ELEMENT(#2174,1.);
#2173=DERIVED_UNIT_ELEMENT(#3939,-3.);
#2174=(
MASS_UNIT()
NAMED_UNIT(*)
SI_UNIT(.KILO.,.GRAM.)
);
#2175=DERIVED_UNIT((#2172,#2173));
#2176=MEASURE_REPRESENTATION_ITEM('density measure',
POSITIVE_RATIO_MEASURE(7850.),#2175);
#2177=PROPERTY_DEFINITION_REPRESENTATION(#2182,#2179);
#2178=PROPERTY_DEFINITION_REPRESENTATION(#2183,#2180);
#2179=REPRESENTATION('material name',(#2181),#3936);
#2180=REPRESENTATION('density',(#2176),#3936);
#2181=DESCRIPTIVE_REPRESENTATION_ITEM('\X2\94A2\X0\','\X2\94A2\X0\');
#2182=PROPERTY_DEFINITION('material property','material name',#3946);
#2183=PROPERTY_DEFINITION('material property','density of part',#3946);
#2184=AXIS2_PLACEMENT_3D('',#3251,#2491,#2492);
#2185=AXIS2_PLACEMENT_3D('',#3252,#2493,#2494);
#2186=AXIS2_PLACEMENT_3D('',#3261,#2499,#2500);
#2187=AXIS2_PLACEMENT_3D('',#3274,#2506,#2507);
#2188=AXIS2_PLACEMENT_3D('',#3280,#2510,#2511);
#2189=AXIS2_PLACEMENT_3D('',#3291,#2518,#2519);
#2190=AXIS2_PLACEMENT_3D('',#3297,#2523,#2524);
#2191=AXIS2_PLACEMENT_3D('',#3299,#2526,#2527);
#2192=AXIS2_PLACEMENT_3D('',#3301,#2529,#2530);
#2193=AXIS2_PLACEMENT_3D('',#3310,#2534,#2535);
#2194=AXIS2_PLACEMENT_3D('',#3316,#2538,#2539);
#2195=AXIS2_PLACEMENT_3D('',#3322,#2543,#2544);
#2196=AXIS2_PLACEMENT_3D('',#3326,#2546,#2547);
#2197=AXIS2_PLACEMENT_3D('',#3327,#2548,#2549);
#2198=AXIS2_PLACEMENT_3D('',#3328,#2550,#2551);
#2199=AXIS2_PLACEMENT_3D('',#3334,#2555,#2556);
#2200=AXIS2_PLACEMENT_3D('',#3338,#2558,#2559);
#2201=AXIS2_PLACEMENT_3D('',#3339,#2560,#2561);
#2202=AXIS2_PLACEMENT_3D('',#3340,#2562,#2563);
#2203=AXIS2_PLACEMENT_3D('',#3342,#2564,#2565);
#2204=AXIS2_PLACEMENT_3D('',#3346,#2567,#2568);
#2205=AXIS2_PLACEMENT_3D('',#3350,#2570,#2571);
#2206=AXIS2_PLACEMENT_3D('',#3353,#2573,#2574);
#2207=AXIS2_PLACEMENT_3D('',#3354,#2575,#2576);
#2208=AXIS2_PLACEMENT_3D('',#3363,#2580,#2581);
#2209=AXIS2_PLACEMENT_3D('',#3365,#2583,#2584);
#2210=AXIS2_PLACEMENT_3D('',#3369,#2586,#2587);
#2211=AXIS2_PLACEMENT_3D('',#3370,#2588,#2589);
#2212=AXIS2_PLACEMENT_3D('',#3371,#2590,#2591);
#2213=AXIS2_PLACEMENT_3D('',#3373,#2592,#2593);
#2214=AXIS2_PLACEMENT_3D('',#3376,#2595,#2596);
#2215=AXIS2_PLACEMENT_3D('',#3377,#2597,#2598);
#2216=AXIS2_PLACEMENT_3D('',#3379,#2599,#2600);
#2217=AXIS2_PLACEMENT_3D('',#3382,#2602,#2603);
#2218=AXIS2_PLACEMENT_3D('',#3383,#2604,#2605);
#2219=AXIS2_PLACEMENT_3D('',#3385,#2606,#2607);
#2220=AXIS2_PLACEMENT_3D('',#3386,#2608,#2609);
#2221=AXIS2_PLACEMENT_3D('',#3387,#2610,#2611);
#2222=AXIS2_PLACEMENT_3D('',#3389,#2612,#2613);
#2223=AXIS2_PLACEMENT_3D('',#3391,#2615,#2616);
#2224=AXIS2_PLACEMENT_3D('',#3392,#2617,#2618);
#2225=AXIS2_PLACEMENT_3D('',#3393,#2619,#2620);
#2226=AXIS2_PLACEMENT_3D('',#3395,#2621,#2622);
#2227=AXIS2_PLACEMENT_3D('',#3397,#2623,#2624);
#2228=AXIS2_PLACEMENT_3D('',#3399,#2626,#2627);
#2229=AXIS2_PLACEMENT_3D('',#3401,#2628,#2629);
#2230=AXIS2_PLACEMENT_3D('',#3402,#2630,#2631);
#2231=AXIS2_PLACEMENT_3D('',#3403,#2632,#2633);
#2232=AXIS2_PLACEMENT_3D('',#3405,#2634,#2635);
#2233=AXIS2_PLACEMENT_3D('',#3407,#2637,#2638);
#2234=AXIS2_PLACEMENT_3D('',#3408,#2639,#2640);
#2235=AXIS2_PLACEMENT_3D('',#3409,#2641,#2642);
#2236=AXIS2_PLACEMENT_3D('',#3411,#2643,#2644);
#2237=AXIS2_PLACEMENT_3D('',#3413,#2645,#2646);
#2238=AXIS2_PLACEMENT_3D('',#3415,#2648,#2649);
#2239=AXIS2_PLACEMENT_3D('',#3417,#2650,#2651);
#2240=AXIS2_PLACEMENT_3D('',#3418,#2652,#2653);
#2241=AXIS2_PLACEMENT_3D('',#3419,#2654,#2655);
#2242=AXIS2_PLACEMENT_3D('',#3420,#2656,#2657);
#2243=AXIS2_PLACEMENT_3D('',#3421,#2658,#2659);
#2244=AXIS2_PLACEMENT_3D('',#3425,#2661,#2662);
#2245=AXIS2_PLACEMENT_3D('',#3427,#2664,#2665);
#2246=AXIS2_PLACEMENT_3D('',#3431,#2668,#2669);
#2247=AXIS2_PLACEMENT_3D('',#3434,#2671,#2672);
#2248=AXIS2_PLACEMENT_3D('',#3435,#2673,#2674);
#2249=AXIS2_PLACEMENT_3D('',#3439,#2677,#2678);
#2250=AXIS2_PLACEMENT_3D('',#3442,#2680,#2681);
#2251=AXIS2_PLACEMENT_3D('',#3443,#2682,#2683);
#2252=AXIS2_PLACEMENT_3D('',#3447,#2686,#2687);
#2253=AXIS2_PLACEMENT_3D('',#3450,#2689,#2690);
#2254=AXIS2_PLACEMENT_3D('',#3451,#2691,#2692);
#2255=AXIS2_PLACEMENT_3D('',#3455,#2695,#2696);
#2256=AXIS2_PLACEMENT_3D('',#3458,#2698,#2699);
#2257=AXIS2_PLACEMENT_3D('',#3459,#2700,#2701);
#2258=AXIS2_PLACEMENT_3D('',#3461,#2702,#2703);
#2259=AXIS2_PLACEMENT_3D('',#3463,#2705,#2706);
#2260=AXIS2_PLACEMENT_3D('',#3464,#2707,#2708);
#2261=AXIS2_PLACEMENT_3D('',#3465,#2709,#2710);
#2262=AXIS2_PLACEMENT_3D('',#3467,#2711,#2712);
#2263=AXIS2_PLACEMENT_3D('',#3470,#2714,#2715);
#2264=AXIS2_PLACEMENT_3D('',#3471,#2716,#2717);
#2265=AXIS2_PLACEMENT_3D('',#3472,#2718,#2719);
#2266=AXIS2_PLACEMENT_3D('',#3473,#2720,#2721);
#2267=AXIS2_PLACEMENT_3D('',#3490,#2722,#2723);
#2268=AXIS2_PLACEMENT_3D('',#3493,#2725,#2726);
#2269=AXIS2_PLACEMENT_3D('',#3494,#2727,#2728);
#2270=AXIS2_PLACEMENT_3D('',#3496,#2729,#2730);
#2271=AXIS2_PLACEMENT_3D('',#3497,#2731,#2732);
#2272=AXIS2_PLACEMENT_3D('',#3498,#2733,#2734);
#2273=AXIS2_PLACEMENT_3D('',#3502,#2736,#2737);
#2274=AXIS2_PLACEMENT_3D('',#3504,#2739,#2740);
#2275=AXIS2_PLACEMENT_3D('',#3506,#2741,#2742);
#2276=AXIS2_PLACEMENT_3D('',#3521,#2743,#2744);
#2277=AXIS2_PLACEMENT_3D('',#3523,#2745,#2746);
#2278=AXIS2_PLACEMENT_3D('',#3524,#2747,#2748);
#2279=AXIS2_PLACEMENT_3D('',#3525,#2749,#2750);
#2280=AXIS2_PLACEMENT_3D('',#3529,#2752,#2753);
#2281=AXIS2_PLACEMENT_3D('',#3531,#2755,#2756);
#2282=AXIS2_PLACEMENT_3D('',#3532,#2757,#2758);
#2283=AXIS2_PLACEMENT_3D('',#3533,#2759,#2760);
#2284=AXIS2_PLACEMENT_3D('',#3534,#2761,#2762);
#2285=AXIS2_PLACEMENT_3D('',#3536,#2763,#2764);
#2286=AXIS2_PLACEMENT_3D('',#3537,#2765,#2766);
#2287=AXIS2_PLACEMENT_3D('',#3538,#2767,#2768);
#2288=AXIS2_PLACEMENT_3D('',#3539,#2769,#2770);
#2289=AXIS2_PLACEMENT_3D('',#3540,#2771,#2772);
#2290=AXIS2_PLACEMENT_3D('',#3543,#2774,#2775);
#2291=AXIS2_PLACEMENT_3D('',#3544,#2776,#2777);
#2292=AXIS2_PLACEMENT_3D('',#3546,#2778,#2779);
#2293=AXIS2_PLACEMENT_3D('',#3548,#2780,#2781);
#2294=AXIS2_PLACEMENT_3D('',#3550,#2783,#2784);
#2295=AXIS2_PLACEMENT_3D('',#3551,#2785,#2786);
#2296=AXIS2_PLACEMENT_3D('',#3552,#2787,#2788);
#2297=AXIS2_PLACEMENT_3D('',#3556,#2790,#2791);
#2298=AXIS2_PLACEMENT_3D('',#3558,#2793,#2794);
#2299=AXIS2_PLACEMENT_3D('',#3560,#2795,#2796);
#2300=AXIS2_PLACEMENT_3D('',#3561,#2797,#2798);
#2301=AXIS2_PLACEMENT_3D('',#3562,#2799,#2800);
#2302=AXIS2_PLACEMENT_3D('',#3564,#2801,#2802);
#2303=AXIS2_PLACEMENT_3D('',#3566,#2804,#2805);
#2304=AXIS2_PLACEMENT_3D('',#3568,#2806,#2807);
#2305=AXIS2_PLACEMENT_3D('',#3570,#2809,#2810);
#2306=AXIS2_PLACEMENT_3D('',#3572,#2811,#2812);
#2307=AXIS2_PLACEMENT_3D('',#3573,#2813,#2814);
#2308=AXIS2_PLACEMENT_3D('',#3574,#2815,#2816);
#2309=AXIS2_PLACEMENT_3D('',#3575,#2817,#2818);
#2310=AXIS2_PLACEMENT_3D('',#3578,#2820,#2821);
#2311=AXIS2_PLACEMENT_3D('',#3579,#2822,#2823);
#2312=AXIS2_PLACEMENT_3D('',#3581,#2824,#2825);
#2313=AXIS2_PLACEMENT_3D('',#3582,#2826,#2827);
#2314=AXIS2_PLACEMENT_3D('',#3583,#2828,#2829);
#2315=AXIS2_PLACEMENT_3D('',#3585,#2830,#2831);
#2316=AXIS2_PLACEMENT_3D('',#3587,#2833,#2834);
#2317=AXIS2_PLACEMENT_3D('',#3588,#2835,#2836);
#2318=AXIS2_PLACEMENT_3D('',#3589,#2837,#2838);
#2319=AXIS2_PLACEMENT_3D('',#3592,#2840,#2841);
#2320=AXIS2_PLACEMENT_3D('',#3593,#2842,#2843);
#2321=AXIS2_PLACEMENT_3D('',#3595,#2844,#2845);
#2322=AXIS2_PLACEMENT_3D('',#3596,#2846,#2847);
#2323=AXIS2_PLACEMENT_3D('',#3597,#2848,#2849);
#2324=AXIS2_PLACEMENT_3D('',#3599,#2850,#2851);
#2325=AXIS2_PLACEMENT_3D('',#3601,#2853,#2854);
#2326=AXIS2_PLACEMENT_3D('',#3602,#2855,#2856);
#2327=AXIS2_PLACEMENT_3D('',#3603,#2857,#2858);
#2328=AXIS2_PLACEMENT_3D('',#3606,#2860,#2861);
#2329=AXIS2_PLACEMENT_3D('',#3608,#2863,#2864);
#2330=AXIS2_PLACEMENT_3D('',#3609,#2865,#2866);
#2331=AXIS2_PLACEMENT_3D('',#3610,#2867,#2868);
#2332=AXIS2_PLACEMENT_3D('',#3611,#2869,#2870);
#2333=AXIS2_PLACEMENT_3D('',#3614,#2873,#2874);
#2334=AXIS2_PLACEMENT_3D('',#3615,#2875,#2876);
#2335=AXIS2_PLACEMENT_3D('',#3616,#2877,#2878);
#2336=AXIS2_PLACEMENT_3D('',#3619,#2880,#2881);
#2337=AXIS2_PLACEMENT_3D('',#3620,#2882,#2883);
#2338=AXIS2_PLACEMENT_3D('',#3621,#2884,#2885);
#2339=AXIS2_PLACEMENT_3D('',#3622,#2886,#2887);
#2340=AXIS2_PLACEMENT_3D('',#3624,#2889,#2890);
#2341=AXIS2_PLACEMENT_3D('',#3626,#2891,#2892);
#2342=AXIS2_PLACEMENT_3D('',#3629,#2894,#2895);
#2343=AXIS2_PLACEMENT_3D('',#3630,#2896,#2897);
#2344=AXIS2_PLACEMENT_3D('',#3637,#2900,#2901);
#2345=AXIS2_PLACEMENT_3D('',#3639,#2902,#2903);
#2346=AXIS2_PLACEMENT_3D('',#3641,#2904,#2905);
#2347=AXIS2_PLACEMENT_3D('',#3645,#2907,#2908);
#2348=AXIS2_PLACEMENT_3D('',#3646,#2909,#2910);
#2349=AXIS2_PLACEMENT_3D('',#3647,#2911,#2912);
#2350=AXIS2_PLACEMENT_3D('',#3651,#2914,#2915);
#2351=AXIS2_PLACEMENT_3D('',#3655,#2918,#2919);
#2352=AXIS2_PLACEMENT_3D('',#3658,#2920,#2921);
#2353=AXIS2_PLACEMENT_3D('',#3660,#2922,#2923);
#2354=AXIS2_PLACEMENT_3D('',#3662,#2924,#2925);
#2355=AXIS2_PLACEMENT_3D('',#3677,#2926,#2927);
#2356=AXIS2_PLACEMENT_3D('',#3679,#2928,#2929);
#2357=AXIS2_PLACEMENT_3D('',#3682,#2931,#2932);
#2358=AXIS2_PLACEMENT_3D('',#3683,#2933,#2934);
#2359=AXIS2_PLACEMENT_3D('',#3685,#2935,#2936);
#2360=AXIS2_PLACEMENT_3D('',#3701,#2937,#2938);
#2361=AXIS2_PLACEMENT_3D('',#3702,#2939,#2940);
#2362=AXIS2_PLACEMENT_3D('',#3703,#2941,#2942);
#2363=AXIS2_PLACEMENT_3D('',#3704,#2943,#2944);
#2364=AXIS2_PLACEMENT_3D('',#3705,#2945,#2946);
#2365=AXIS2_PLACEMENT_3D('',#3707,#2947,#2948);
#2366=AXIS2_PLACEMENT_3D('',#3709,#2949,#2950);
#2367=AXIS2_PLACEMENT_3D('',#3710,#2951,#2952);
#2368=AXIS2_PLACEMENT_3D('',#3711,#2953,#2954);
#2369=AXIS2_PLACEMENT_3D('',#3713,#2955,#2956);
#2370=AXIS2_PLACEMENT_3D('',#3715,#2958,#2959);
#2371=AXIS2_PLACEMENT_3D('',#3716,#2960,#2961);
#2372=AXIS2_PLACEMENT_3D('',#3717,#2962,#2963);
#2373=AXIS2_PLACEMENT_3D('',#3720,#2965,#2966);
#2374=AXIS2_PLACEMENT_3D('',#3721,#2967,#2968);
#2375=AXIS2_PLACEMENT_3D('',#3722,#2969,#2970);
#2376=AXIS2_PLACEMENT_3D('',#3723,#2971,#2972);
#2377=AXIS2_PLACEMENT_3D('',#3725,#2973,#2974);
#2378=AXIS2_PLACEMENT_3D('',#3727,#2975,#2976);
#2379=AXIS2_PLACEMENT_3D('',#3728,#2977,#2978);
#2380=AXIS2_PLACEMENT_3D('',#3729,#2979,#2980);
#2381=AXIS2_PLACEMENT_3D('',#3732,#2982,#2983);
#2382=AXIS2_PLACEMENT_3D('',#3733,#2984,#2985);
#2383=AXIS2_PLACEMENT_3D('',#3735,#2986,#2987);
#2384=AXIS2_PLACEMENT_3D('',#3736,#2988,#2989);
#2385=AXIS2_PLACEMENT_3D('',#3737,#2990,#2991);
#2386=AXIS2_PLACEMENT_3D('',#3739,#2993,#2994);
#2387=AXIS2_PLACEMENT_3D('',#3741,#2995,#2996);
#2388=AXIS2_PLACEMENT_3D('',#3743,#2997,#2998);
#2389=AXIS2_PLACEMENT_3D('',#3744,#2999,#3000);
#2390=AXIS2_PLACEMENT_3D('',#3745,#3001,#3002);
#2391=AXIS2_PLACEMENT_3D('',#3748,#3004,#3005);
#2392=AXIS2_PLACEMENT_3D('',#3749,#3006,#3007);
#2393=AXIS2_PLACEMENT_3D('',#3751,#3008,#3009);
#2394=AXIS2_PLACEMENT_3D('',#3752,#3010,#3011);
#2395=AXIS2_PLACEMENT_3D('',#3753,#3012,#3013);
#2396=AXIS2_PLACEMENT_3D('',#3755,#3015,#3016);
#2397=AXIS2_PLACEMENT_3D('',#3758,#3017,#3018);
#2398=AXIS2_PLACEMENT_3D('',#3759,#3019,#3020);
#2399=AXIS2_PLACEMENT_3D('',#3760,#3021,#3022);
#2400=AXIS2_PLACEMENT_3D('',#3761,#3023,#3024);
#2401=AXIS2_PLACEMENT_3D('',#3763,#3026,#3027);
#2402=AXIS2_PLACEMENT_3D('',#3765,#3028,#3029);
#2403=AXIS2_PLACEMENT_3D('',#3766,#3030,#3031);
#2404=AXIS2_PLACEMENT_3D('',#3767,#3032,#3033);
#2405=AXIS2_PLACEMENT_3D('',#3770,#3036,#3037);
#2406=AXIS2_PLACEMENT_3D('',#3773,#3038,#3039);
#2407=AXIS2_PLACEMENT_3D('',#3776,#3042,#3043);
#2408=AXIS2_PLACEMENT_3D('',#3778,#3045,#3046);
#2409=AXIS2_PLACEMENT_3D('',#3780,#3047,#3048);
#2410=AXIS2_PLACEMENT_3D('',#3782,#3050,#3051);
#2411=AXIS2_PLACEMENT_3D('',#3783,#3052,#3053);
#2412=AXIS2_PLACEMENT_3D('',#3784,#3054,#3055);
#2413=AXIS2_PLACEMENT_3D('',#3786,#3056,#3057);
#2414=AXIS2_PLACEMENT_3D('',#3787,#3058,#3059);
#2415=AXIS2_PLACEMENT_3D('',#3788,#3060,#3061);
#2416=AXIS2_PLACEMENT_3D('',#3789,#3062,#3063);
#2417=AXIS2_PLACEMENT_3D('',#3790,#3064,#3065);
#2418=AXIS2_PLACEMENT_3D('',#3791,#3066,#3067);
#2419=AXIS2_PLACEMENT_3D('',#3792,#3068,#3069);
#2420=AXIS2_PLACEMENT_3D('',#3794,#3071,#3072);
#2421=AXIS2_PLACEMENT_3D('',#3795,#3073,#3074);
#2422=AXIS2_PLACEMENT_3D('',#3796,#3075,#3076);
#2423=AXIS2_PLACEMENT_3D('',#3797,#3077,#3078);
#2424=AXIS2_PLACEMENT_3D('',#3806,#3083,#3084);
#2425=AXIS2_PLACEMENT_3D('',#3809,#3085,#3086);
#2426=AXIS2_PLACEMENT_3D('',#3810,#3087,#3088);
#2427=AXIS2_PLACEMENT_3D('',#3811,#3089,#3090);
#2428=AXIS2_PLACEMENT_3D('',#3812,#3091,#3092);
#2429=AXIS2_PLACEMENT_3D('',#3813,#3093,#3094);
#2430=AXIS2_PLACEMENT_3D('',#3814,#3095,#3096);
#2431=AXIS2_PLACEMENT_3D('',#3815,#3097,#3098);
#2432=AXIS2_PLACEMENT_3D('',#3817,#3099,#3100);
#2433=AXIS2_PLACEMENT_3D('',#3819,#3102,#3103);
#2434=AXIS2_PLACEMENT_3D('',#3822,#3105,#3106);
#2435=AXIS2_PLACEMENT_3D('',#3823,#3107,#3108);
#2436=AXIS2_PLACEMENT_3D('',#3827,#3110,#3111);
#2437=AXIS2_PLACEMENT_3D('',#3828,#3112,#3113);
#2438=AXIS2_PLACEMENT_3D('',#3829,#3114,#3115);
#2439=AXIS2_PLACEMENT_3D('',#3836,#3118,#3119);
#2440=AXIS2_PLACEMENT_3D('',#3842,#3122,#3123);
#2441=AXIS2_PLACEMENT_3D('',#3847,#3127,#3128);
#2442=AXIS2_PLACEMENT_3D('',#3850,#3129,#3130);
#2443=AXIS2_PLACEMENT_3D('',#3853,#3133,#3134);
#2444=AXIS2_PLACEMENT_3D('',#3857,#3137,#3138);
#2445=AXIS2_PLACEMENT_3D('',#3859,#3139,#3140);
#2446=AXIS2_PLACEMENT_3D('',#3861,#3142,#3143);
#2447=AXIS2_PLACEMENT_3D('',#3865,#3146,#3147);
#2448=AXIS2_PLACEMENT_3D('',#3867,#3148,#3149);
#2449=AXIS2_PLACEMENT_3D('',#3869,#3151,#3152);
#2450=AXIS2_PLACEMENT_3D('',#3873,#3155,#3156);
#2451=AXIS2_PLACEMENT_3D('',#3875,#3157,#3158);
#2452=AXIS2_PLACEMENT_3D('',#3877,#3160,#3161);
#2453=AXIS2_PLACEMENT_3D('',#3881,#3164,#3165);
#2454=AXIS2_PLACEMENT_3D('',#3883,#3166,#3167);
#2455=AXIS2_PLACEMENT_3D('',#3885,#3169,#3170);
#2456=AXIS2_PLACEMENT_3D('',#3887,#3171,#3172);
#2457=AXIS2_PLACEMENT_3D('',#3889,#3174,#3175);
#2458=AXIS2_PLACEMENT_3D('',#3890,#3176,#3177);
#2459=AXIS2_PLACEMENT_3D('',#3891,#3178,#3179);
#2460=AXIS2_PLACEMENT_3D('',#3892,#3180,#3181);
#2461=AXIS2_PLACEMENT_3D('',#3893,#3182,#3183);
#2462=AXIS2_PLACEMENT_3D('',#3894,#3184,#3185);
#2463=AXIS2_PLACEMENT_3D('',#3895,#3186,#3187);
#2464=AXIS2_PLACEMENT_3D('',#3896,#3188,#3189);
#2465=AXIS2_PLACEMENT_3D('',#3897,#3190,#3191);
#2466=AXIS2_PLACEMENT_3D('',#3898,#3192,#3193);
#2467=AXIS2_PLACEMENT_3D('',#3900,#3194,#3195);
#2468=AXIS2_PLACEMENT_3D('',#3902,#3197,#3198);
#2469=AXIS2_PLACEMENT_3D('',#3903,#3199,#3200);
#2470=AXIS2_PLACEMENT_3D('',#3904,#3201,#3202);
#2471=AXIS2_PLACEMENT_3D('',#3905,#3203,#3204);
#2472=AXIS2_PLACEMENT_3D('',#3906,#3205,#3206);
#2473=AXIS2_PLACEMENT_3D('',#3907,#3207,#3208);
#2474=AXIS2_PLACEMENT_3D('',#3908,#3209,#3210);
#2475=AXIS2_PLACEMENT_3D('',#3909,#3211,#3212);
#2476=AXIS2_PLACEMENT_3D('',#3910,#3213,#3214);
#2477=AXIS2_PLACEMENT_3D('',#3911,#3215,#3216);
#2478=AXIS2_PLACEMENT_3D('',#3912,#3217,#3218);
#2479=AXIS2_PLACEMENT_3D('',#3913,#3219,#3220);
#2480=AXIS2_PLACEMENT_3D('',#3914,#3221,#3222);
#2481=AXIS2_PLACEMENT_3D('',#3915,#3223,#3224);
#2482=AXIS2_PLACEMENT_3D('',#3918,#3226,#3227);
#2483=AXIS2_PLACEMENT_3D('',#3919,#3228,#3229);
#2484=AXIS2_PLACEMENT_3D('',#3922,#3232,#3233);
#2485=AXIS2_PLACEMENT_3D('',#3924,#3235,#3236);
#2486=AXIS2_PLACEMENT_3D('',#3925,#3237,#3238);
#2487=AXIS2_PLACEMENT_3D('',#3928,#3241,#3242);
#2488=AXIS2_PLACEMENT_3D('',#3929,#3243,#3244);
#2489=AXIS2_PLACEMENT_3D('',#3931,#3246,#3247);
#2490=AXIS2_PLACEMENT_3D('',#3933,#3249,#3250);
#2491=DIRECTION('axis',(0.,0.,1.));
#2492=DIRECTION('refdir',(1.,0.,0.));
#2493=DIRECTION('center_axis',(1.,0.,0.));
#2494=DIRECTION('ref_axis',(0.,0.,-1.));
#2495=DIRECTION('',(0.,-3.00346264388606E-60,-1.));
#2496=DIRECTION('',(0.,-1.,0.));
#2497=DIRECTION('',(0.,0.,1.));
#2498=DIRECTION('',(0.,1.,0.));
#2499=DIRECTION('center_axis',(-1.19836324597185E-14,-1.,0.));
#2500=DIRECTION('ref_axis',(1.,-1.19836324597185E-14,8.77034441950618E-107));
#2501=DIRECTION('',(3.47502212923344E-60,-4.1643387986122E-74,1.));
#2502=DIRECTION('',(-1.,1.19836324597185E-14,-1.61510817080001E-74));
#2503=DIRECTION('',(-1.61510817080001E-74,0.,1.));
#2504=DIRECTION('',(1.,-1.19836324597185E-14,1.61510817080001E-74));
#2505=DIRECTION('',(1.98413107228249E-74,-2.37770975221405E-88,-1.));
#2506=DIRECTION('center_axis',(1.19836324597185E-14,1.,0.));
#2507=DIRECTION('ref_axis',(0.70710678118655,-8.47370777551421E-15,0.707106781186545));
#2508=DIRECTION('',(1.,-1.19836324597185E-14,-1.36161325390941E-46));
#2509=DIRECTION('',(0.,0.,-1.));
#2510=DIRECTION('center_axis',(1.19836324597185E-14,1.,0.));
#2511=DIRECTION('ref_axis',(0.707106781186546,-8.47370777551416E-15,0.707106781186549));
#2512=DIRECTION('',(1.,-1.19836324597185E-14,0.));
#2513=DIRECTION('',(0.,0.,-1.));
#2514=DIRECTION('',(-1.,1.19836324597185E-14,0.));
#2515=DIRECTION('',(1.,-1.19836324597185E-14,0.));
#2516=DIRECTION('',(-1.,1.19836324597185E-14,0.));
#2517=DIRECTION('',(0.,0.,1.));
#2518=DIRECTION('center_axis',(1.,0.,0.));
#2519=DIRECTION('ref_axis',(0.,0.,-1.));
#2520=DIRECTION('',(0.,-3.00346264388606E-60,-1.));
#2521=DIRECTION('',(0.,-1.,0.));
#2522=DIRECTION('',(0.,1.,0.));
#2523=DIRECTION('center_axis',(0.,0.,1.));
#2524=DIRECTION('ref_axis',(-1.,0.,0.));
#2525=DIRECTION('',(1.,-1.32122906627219E-14,0.));
#2526=DIRECTION('center_axis',(0.,0.,-1.));
#2527=DIRECTION('ref_axis',(1.,0.,0.));
#2528=DIRECTION('',(-1.,1.32122906627219E-14,0.));
#2529=DIRECTION('center_axis',(0.,1.,0.));
#2530=DIRECTION('ref_axis',(-1.,0.,0.));
#2531=DIRECTION('',(0.,0.,1.));
#2532=DIRECTION('',(1.,0.,0.));
#2533=DIRECTION('',(0.,0.,-1.));
#2534=DIRECTION('center_axis',(0.,1.,0.));
#2535=DIRECTION('ref_axis',(0.707106781186548,0.,0.707106781186548));
#2536=DIRECTION('',(1.,0.,-1.36161325390941E-46));
#2537=DIRECTION('',(0.,0.,-1.));
#2538=DIRECTION('center_axis',(0.,1.,0.));
#2539=DIRECTION('ref_axis',(0.707106781186552,0.,0.707106781186543));
#2540=DIRECTION('',(1.,0.,0.));
#2541=DIRECTION('',(0.,0.,-1.));
#2542=DIRECTION('',(-1.,0.,0.));
#2543=DIRECTION('center_axis',(0.,0.,1.));
#2544=DIRECTION('ref_axis',(0.707106781186554,-0.707106781186541,0.));
#2545=DIRECTION('',(0.,0.,-1.));
#2546=DIRECTION('center_axis',(0.,0.,1.));
#2547=DIRECTION('ref_axis',(0.,-1.,0.));
#2548=DIRECTION('center_axis',(0.,0.,-1.));
#2549=DIRECTION('ref_axis',(0.707106781186554,-0.707106781186541,0.));
#2550=DIRECTION('center_axis',(-1.,0.,0.));
#2551=DIRECTION('ref_axis',(0.,-1.,2.62899216982449E-164));
#2552=DIRECTION('',(0.,0.,1.));
#2553=DIRECTION('',(0.,1.,0.));
#2554=DIRECTION('',(0.,-1.,0.));
#2555=DIRECTION('center_axis',(0.,0.,1.));
#2556=DIRECTION('ref_axis',(-0.360148419887119,0.932895018559329,0.));
#2557=DIRECTION('',(0.,0.,-1.));
#2558=DIRECTION('center_axis',(0.,0.,-1.));
#2559=DIRECTION('ref_axis',(-0.360148419887114,0.932895018559331,0.));
#2560=DIRECTION('center_axis',(0.,0.,1.));
#2561=DIRECTION('ref_axis',(-0.360148419887119,0.932895018559329,0.));
#2562=DIRECTION('center_axis',(0.,0.,1.));
#2563=DIRECTION('ref_axis',(-0.765217888029493,-0.64377137544293,0.));
#2564=DIRECTION('center_axis',(0.,0.,-1.));
#2565=DIRECTION('ref_axis',(-0.765217888029493,-0.64377137544293,0.));
#2566=DIRECTION('',(0.,0.,-1.));
#2567=DIRECTION('center_axis',(0.,0.,-1.));
#2568=DIRECTION('ref_axis',(-0.672616877070168,-0.739990903106501,0.));
#2569=DIRECTION('',(0.,0.,1.));
#2570=DIRECTION('center_axis',(0.,0.,1.));
#2571=DIRECTION('ref_axis',(-0.765217888029493,-0.64377137544293,0.));
#2572=DIRECTION('',(0.,0.,1.));
#2573=DIRECTION('center_axis',(0.,0.,1.));
#2574=DIRECTION('ref_axis',(-0.47322022368861,-0.880944163890143,0.));
#2575=DIRECTION('center_axis',(0.653907537847745,-0.756574472174352,0.));
#2576=DIRECTION('ref_axis',(0.756574472174352,0.653907537847745,0.));
#2577=DIRECTION('',(0.,0.,-1.));
#2578=DIRECTION('',(0.756574472174352,0.653907537847745,0.));
#2579=DIRECTION('',(0.,0.,1.));
#2580=DIRECTION('center_axis',(-0.653907537847745,0.756574472174352,0.));
#2581=DIRECTION('ref_axis',(-0.756574472174352,-0.653907537847745,4.53739502809078E-17));
#2582=DIRECTION('',(0.756574472174352,0.653907537847745,0.));
#2583=DIRECTION('center_axis',(0.,0.,-1.));
#2584=DIRECTION('ref_axis',(0.981103290230558,-0.193484712312819,0.));
#2585=DIRECTION('',(0.,0.,1.));
#2586=DIRECTION('center_axis',(0.,0.,1.));
#2587=DIRECTION('ref_axis',(0.653907537847753,-0.756574472174346,0.));
#2588=DIRECTION('center_axis',(0.,0.,-1.));
#2589=DIRECTION('ref_axis',(0.981103290230558,-0.193484712312819,0.));
#2590=DIRECTION('center_axis',(0.,0.,-1.));
#2591=DIRECTION('ref_axis',(-0.707106781186541,0.707106781186554,0.));
#2592=DIRECTION('center_axis',(0.,0.,1.));
#2593=DIRECTION('ref_axis',(0.,1.,0.));
#2594=DIRECTION('',(0.,0.,-1.));
#2595=DIRECTION('center_axis',(0.,0.,1.));
#2596=DIRECTION('ref_axis',(-1.,0.,0.));
#2597=DIRECTION('center_axis',(-1.,0.,0.));
#2598=DIRECTION('ref_axis',(0.,0.707106781186548,-0.707106781186548));
#2599=DIRECTION('center_axis',(-1.,0.,0.));
#2600=DIRECTION('ref_axis',(0.,1.,0.));
#2601=DIRECTION('',(-1.,0.,0.));
#2602=DIRECTION('center_axis',(1.,0.,0.));
#2603=DIRECTION('ref_axis',(0.,0.,-1.));
#2604=DIRECTION('center_axis',(0.,1.,0.));
#2605=DIRECTION('ref_axis',(0.,0.,1.));
#2606=DIRECTION('center_axis',(0.,0.,1.));
#2607=DIRECTION('ref_axis',(0.,1.,0.));
#2608=DIRECTION('center_axis',(0.,-1.,0.));
#2609=DIRECTION('ref_axis',(0.707106781186552,0.,0.707106781186543));
#2610=DIRECTION('center_axis',(0.,0.,-1.));
#2611=DIRECTION('ref_axis',(-0.707106781186548,0.707106781186548,0.));
#2612=DIRECTION('center_axis',(0.,0.,1.));
#2613=DIRECTION('ref_axis',(0.,1.,0.));
#2614=DIRECTION('',(0.,0.,1.));
#2615=DIRECTION('center_axis',(-0.816496580927728,-0.408248290463861,0.408248290463861));
#2616=DIRECTION('ref_axis',(-0.577350269189631,0.577350269189623,-0.577350269189623));
#2617=DIRECTION('center_axis',(0.,1.,0.));
#2618=DIRECTION('ref_axis',(-0.707106781186552,0.,-0.707106781186543));
#2619=DIRECTION('center_axis',(1.,0.,-1.36161325390941E-46));
#2620=DIRECTION('ref_axis',(0.,0.707106781186541,-0.707106781186554));
#2621=DIRECTION('center_axis',(1.,0.,0.));
#2622=DIRECTION('ref_axis',(0.,0.,-1.));
#2623=DIRECTION('center_axis',(-1.,0.,0.));
#2624=DIRECTION('ref_axis',(0.,1.,0.));
#2625=DIRECTION('',(-1.,0.,1.36161325390941E-46));
#2626=DIRECTION('center_axis',(0.,1.,0.));
#2627=DIRECTION('ref_axis',(0.,0.,1.));
#2628=DIRECTION('center_axis',(0.,0.,1.));
#2629=DIRECTION('ref_axis',(0.,1.,0.));
#2630=DIRECTION('center_axis',(0.,-1.,0.));
#2631=DIRECTION('ref_axis',(0.707106781186548,0.,0.707106781186548));
#2632=DIRECTION('center_axis',(0.,0.,1.));
#2633=DIRECTION('ref_axis',(-0.707106781186541,0.707106781186554,0.));
#2634=DIRECTION('center_axis',(0.,0.,1.));
#2635=DIRECTION('ref_axis',(0.,1.,0.));
#2636=DIRECTION('',(0.,0.,1.));
#2637=DIRECTION('center_axis',(-0.816496580927726,-0.408248290463863,0.408248290463863));
#2638=DIRECTION('ref_axis',(-0.577350269189626,0.577350269189626,-0.577350269189626));
#2639=DIRECTION('center_axis',(1.10467190950203E-14,1.,-1.52081086633014E-60));
#2640=DIRECTION('ref_axis',(-0.707106781186543,8.88178419700133E-15,-0.707106781186552));
#2641=DIRECTION('center_axis',(1.,0.,0.));
#2642=DIRECTION('ref_axis',(0.,0.707106781186541,-0.707106781186554));
#2643=DIRECTION('center_axis',(1.,0.,0.));
#2644=DIRECTION('ref_axis',(0.,0.,-1.));
#2645=DIRECTION('center_axis',(-1.,0.,0.));
#2646=DIRECTION('ref_axis',(0.,1.,-1.77635683940026E-14));
#2647=DIRECTION('',(-1.,0.,0.));
#2648=DIRECTION('center_axis',(0.,0.,-1.));
#2649=DIRECTION('ref_axis',(-1.,0.,0.));
#2650=DIRECTION('center_axis',(0.,-1.,0.));
#2651=DIRECTION('ref_axis',(-0.707106781186548,0.,-0.707106781186548));
#2652=DIRECTION('center_axis',(0.,0.,-1.));
#2653=DIRECTION('ref_axis',(0.873151649036872,-0.48744866169084,0.));
#2654=DIRECTION('center_axis',(-0.408248290463861,-0.816496580927721,-0.408248290463875));
#2655=DIRECTION('ref_axis',(-0.577350269189607,0.577350269189635,-0.577350269189635));
#2656=DIRECTION('center_axis',(0.,1.,0.));
#2657=DIRECTION('ref_axis',(-0.707106781186548,0.,-0.707106781186548));
#2658=DIRECTION('center_axis',(0.,-1.,0.));
#2659=DIRECTION('ref_axis',(-0.707106781186554,0.,-0.707106781186541));
#2660=DIRECTION('',(0.,-1.,0.));
#2661=DIRECTION('center_axis',(0.,-1.,0.));
#2662=DIRECTION('ref_axis',(-0.707106781186552,0.,-0.707106781186543));
#2663=DIRECTION('',(0.,1.,0.));
#2664=DIRECTION('center_axis',(0.,0.,-1.));
#2665=DIRECTION('ref_axis',(0.,-1.,0.));
#2666=DIRECTION('',(1.10467190950203E-14,1.,0.));
#2667=DIRECTION('',(1.,-1.4653585085483E-14,0.));
#2668=DIRECTION('center_axis',(1.10467190950203E-14,1.,0.));
#2669=DIRECTION('ref_axis',(0.707106781186554,-6.28036983473518E-15,0.707106781186541));
#2670=DIRECTION('',(-1.10467190950203E-14,-1.,0.));
#2671=DIRECTION('center_axis',(1.4653585085483E-14,1.,0.));
#2672=DIRECTION('ref_axis',(0.707106781186546,-1.04083408558609E-14,0.707106781186549));
#2673=DIRECTION('center_axis',(1.,-1.10467190950203E-14,0.));
#2674=DIRECTION('ref_axis',(0.,0.,-1.));
#2675=DIRECTION('',(1.10467190950203E-14,1.,-1.52081086633014E-60));
#2676=DIRECTION('',(0.,0.,-1.));
#2677=DIRECTION('center_axis',(1.10467190950203E-14,1.,-1.52081086633014E-60));
#2678=DIRECTION('ref_axis',(-0.707106781186541,7.85046229341883E-15,-0.707106781186554));
#2679=DIRECTION('',(-1.10467190950203E-14,-1.,1.52081086633014E-60));
#2680=DIRECTION('center_axis',(-1.10467190950203E-14,-1.,1.52081086633014E-60));
#2681=DIRECTION('ref_axis',(-0.707106781186543,8.88178419700133E-15,-0.707106781186552));
#2682=DIRECTION('center_axis',(1.36161325390941E-46,1.66749531307677E-62,
1.));
#2683=DIRECTION('ref_axis',(1.,0.,-1.36161325390941E-46));
#2684=DIRECTION('',(0.,1.,-1.66749531307677E-62));
#2685=DIRECTION('',(1.,-1.4653585085483E-14,-1.36161325390941E-46));
#2686=DIRECTION('center_axis',(0.,1.,-1.66749531307677E-62));
#2687=DIRECTION('ref_axis',(0.707106781186548,0.,0.707106781186548));
#2688=DIRECTION('',(0.,-1.,1.66749531307677E-62));
#2689=DIRECTION('center_axis',(1.4653585085483E-14,1.,0.));
#2690=DIRECTION('ref_axis',(0.707106781186555,-1.04083408558608E-14,0.70710678118654));
#2691=DIRECTION('center_axis',(-1.,0.,0.));
#2692=DIRECTION('ref_axis',(0.,-1.,0.));
#2693=DIRECTION('',(0.,1.,0.));
#2694=DIRECTION('',(0.,0.,-1.));
#2695=DIRECTION('center_axis',(0.,-1.,0.));
#2696=DIRECTION('ref_axis',(-0.707106781186548,0.,-0.707106781186548));
#2697=DIRECTION('',(0.,-1.,0.));
#2698=DIRECTION('center_axis',(0.,-1.,0.));
#2699=DIRECTION('ref_axis',(-0.707106781186548,0.,-0.707106781186548));
#2700=DIRECTION('center_axis',(0.,-1.,0.));
#2701=DIRECTION('ref_axis',(-0.707106781186548,0.,-0.707106781186548));
#2702=DIRECTION('center_axis',(1.77635683940026E-14,1.,0.));
#2703=DIRECTION('ref_axis',(0.,0.,-1.));
#2704=DIRECTION('',(0.,-1.,0.));
#2705=DIRECTION('center_axis',(-0.136911754315037,-0.838278077193025,-0.527773660604567));
#2706=DIRECTION('ref_axis',(-0.210493549588178,0.545242941538509,-0.811420113310117));
#2707=DIRECTION('center_axis',(-0.671961333709392,0.740586231305643,0.));
#2708=DIRECTION('ref_axis',(-0.740586231305643,-0.671961333709392,0.));
#2709=DIRECTION('center_axis',(0.,0.,1.));
#2710=DIRECTION('ref_axis',(-1.,0.,0.));
#2711=DIRECTION('center_axis',(0.,0.,-1.));
#2712=DIRECTION('ref_axis',(-0.47322022368861,-0.880944163890142,0.));
#2713=DIRECTION('',(1.,-1.4653585085483E-14,0.));
#2714=DIRECTION('center_axis',(0.,0.,1.));
#2715=DIRECTION('ref_axis',(-1.,0.,0.));
#2716=DIRECTION('center_axis',(0.,0.,1.));
#2717=DIRECTION('ref_axis',(1.,0.,0.));
#2718=DIRECTION('center_axis',(0.96563499876412,-0.259901999149328,2.30839346881354E-15));
#2719=DIRECTION('ref_axis',(0.259901999149328,0.96563499876412,0.));
#2720=DIRECTION('center_axis',(0.,0.,1.));
#2721=DIRECTION('ref_axis',(0.998973194140976,0.0453051585117594,0.));
#2722=DIRECTION('center_axis',(0.,0.,-1.));
#2723=DIRECTION('ref_axis',(0.582740110663653,0.812658577401182,0.));
#2724=DIRECTION('',(0.,0.,-1.));
#2725=DIRECTION('center_axis',(0.,0.,-1.));
#2726=DIRECTION('ref_axis',(0.998973194140976,0.0453051585117594,0.));
#2727=DIRECTION('center_axis',(0.627746080156031,0.0284693681806517,-0.77789739292797));
#2728=DIRECTION('ref_axis',(0.777098643327192,0.0352427646924766,0.628391316041102));
#2729=DIRECTION('center_axis',(0.812658577401177,-0.582740110663661,0.));
#2730=DIRECTION('ref_axis',(-0.582740110663661,-0.812658577401177,0.));
#2731=DIRECTION('center_axis',(0.756574472174353,0.653907537847745,0.));
#2732=DIRECTION('ref_axis',(0.462382454281142,-0.534978939747114,0.707106781186548));
#2733=DIRECTION('center_axis',(-0.756574472174353,-0.653907537847745,0.));
#2734=DIRECTION('ref_axis',(0.462382454281145,-0.534978939747107,0.707106781186552));
#2735=DIRECTION('',(-0.756574472174353,-0.653907537847745,0.));
#2736=DIRECTION('center_axis',(-0.756574472174353,-0.653907537847745,0.));
#2737=DIRECTION('ref_axis',(0.46238245428113,-0.534978939747112,0.707106781186557));
#2738=DIRECTION('',(0.756574472174353,0.653907537847745,0.));
#2739=DIRECTION('center_axis',(0.,0.,1.));
#2740=DIRECTION('ref_axis',(1.,0.,0.));
#2741=DIRECTION('center_axis',(0.,0.,1.));
#2742=DIRECTION('ref_axis',(-0.672616877070168,-0.739990903106501,0.));
#2743=DIRECTION('center_axis',(-0.999130719879459,-0.0351859468432991,0.0223551725086963));
#2744=DIRECTION('ref_axis',(0.0416869834978964,-0.843317444663817,0.535796493953195));
#2745=DIRECTION('center_axis',(0.,0.,1.));
#2746=DIRECTION('ref_axis',(-0.57610377472431,-0.817376559945538,0.));
#2747=DIRECTION('center_axis',(0.817376559945535,-0.576103774724314,0.));
#2748=DIRECTION('ref_axis',(0.576103774724314,0.817376559945536,0.));
#2749=DIRECTION('center_axis',(0.,0.,-1.));
#2750=DIRECTION('ref_axis',(0.0493718528959119,-0.99878046643976,0.));
#2751=DIRECTION('',(0.,0.,-1.));
#2752=DIRECTION('center_axis',(0.,0.,-1.));
#2753=DIRECTION('ref_axis',(0.0493718528959119,-0.99878046643976,0.));
#2754=DIRECTION('',(0.,0.,1.));
#2755=DIRECTION('center_axis',(0.,0.,-1.));
#2756=DIRECTION('ref_axis',(-1.,0.,0.));
#2757=DIRECTION('center_axis',(0.,0.,-1.));
#2758=DIRECTION('ref_axis',(-1.,0.,0.));
#2759=DIRECTION('center_axis',(0.,0.,-1.));
#2760=DIRECTION('ref_axis',(-0.653907537847746,0.756574472174352,0.));
#2761=DIRECTION('center_axis',(0.,0.,1.));
#2762=DIRECTION('ref_axis',(-0.653907537847742,0.756574472174355,0.));
#2763=DIRECTION('center_axis',(0.,0.,1.));
#2764=DIRECTION('ref_axis',(-0.653907537847746,0.756574472174352,0.));
#2765=DIRECTION('center_axis',(0.451667164836112,-0.892186512007948,0.));
#2766=DIRECTION('ref_axis',(-0.892186512007948,-0.451667164836112,0.));
#2767=DIRECTION('center_axis',(0.525671703111465,-0.103668430490741,-0.844347154355054));
#2768=DIRECTION('ref_axis',(0.828391771234544,-0.163368266252532,0.535796493953196));
#2769=DIRECTION('center_axis',(0.756574472174352,0.653907537847745,0.));
#2770=DIRECTION('ref_axis',(0.462382454281142,-0.534978939747114,0.707106781186548));
#2771=DIRECTION('center_axis',(-0.756574472174352,-0.653907537847745,0.));
#2772=DIRECTION('ref_axis',(0.462382454281145,-0.534978939747107,0.707106781186552));
#2773=DIRECTION('',(-0.756574472174352,-0.653907537847745,0.));
#2774=DIRECTION('center_axis',(-0.756574472174352,-0.653907537847745,0.));
#2775=DIRECTION('ref_axis',(0.462382454281142,-0.534978939747114,0.707106781186548));
#2776=DIRECTION('center_axis',(0.,0.,1.));
#2777=DIRECTION('ref_axis',(0.348873564365109,-0.937169801096463,0.));
#2778=DIRECTION('center_axis',(0.707106781186548,-1.25607396694702E-14,
-0.707106781186548));
#2779=DIRECTION('ref_axis',(0.707106781186547,-1.25607396694702E-14,0.707106781186547));
#2780=DIRECTION('center_axis',(0.,0.,-1.));
#2781=DIRECTION('ref_axis',(0.653907537847742,-0.756574472174355,0.));
#2782=DIRECTION('',(0.,0.,-1.));
#2783=DIRECTION('center_axis',(-0.951449271056357,-0.267496193565221,0.152282865203033));
#2784=DIRECTION('ref_axis',(0.307805595475997,-0.826850005713522,0.470717307356778));
#2785=DIRECTION('center_axis',(1.,-1.4653585085483E-14,0.));
#2786=DIRECTION('ref_axis',(-1.77635683940027E-14,-0.707106781186543,0.707106781186552));
#2787=DIRECTION('center_axis',(1.,-1.4653585085483E-14,0.));
#2788=DIRECTION('ref_axis',(-2.51214793389403E-14,-0.707106781186541,0.707106781186554));
#2789=DIRECTION('',(-1.,1.4653585085483E-14,0.));
#2790=DIRECTION('center_axis',(-1.,1.4653585085483E-14,0.));
#2791=DIRECTION('ref_axis',(-8.88178419700133E-15,-0.707106781186543,0.707106781186552));
#2792=DIRECTION('',(1.,-1.4653585085483E-14,0.));
#2793=DIRECTION('center_axis',(-0.00836176704524389,-0.999447344171225,
0.0321727692461587));
#2794=DIRECTION('ref_axis',(0.25140598904232,-0.0332416339713568,-0.967310716597602));
#2795=DIRECTION('center_axis',(0.,0.,-1.));
#2796=DIRECTION('ref_axis',(-1.77635683940026E-14,-1.,0.));
#2797=DIRECTION('center_axis',(1.,0.,0.));
#2798=DIRECTION('ref_axis',(0.,0.,-1.));
#2799=DIRECTION('center_axis',(-1.,1.4653585085483E-14,0.));
#2800=DIRECTION('ref_axis',(0.,-0.707106781186541,-0.707106781186554));
#2801=DIRECTION('center_axis',(1.,-1.77635683940026E-14,0.));
#2802=DIRECTION('ref_axis',(-1.77635683940026E-14,-1.,0.));
#2803=DIRECTION('',(-1.,1.4653585085483E-14,0.));
#2804=DIRECTION('center_axis',(0.,0.,1.));
#2805=DIRECTION('ref_axis',(0.9913715243954,-0.131082037739506,0.));
#2806=DIRECTION('center_axis',(6.59984278702486E-14,-1.77635683940037E-14,
-1.));
#2807=DIRECTION('ref_axis',(0.259901999149326,0.965634998764121,0.));
#2808=DIRECTION('',(0.,0.,-1.));
#2809=DIRECTION('center_axis',(-0.00836176704524401,-0.999447344171225,
-0.0321727692461449));
#2810=DIRECTION('ref_axis',(0.25140598904224,-0.0332416339713433,0.967310716597624));
#2811=DIRECTION('center_axis',(0.965634998764121,-0.259901999149325,0.));
#2812=DIRECTION('ref_axis',(-0.259901999149325,-0.965634998764121,0.));
#2813=DIRECTION('center_axis',(1.,-1.4653585085483E-14,0.));
#2814=DIRECTION('ref_axis',(-1.77635683940024E-14,-0.707106781186552,0.707106781186543));
#2815=DIRECTION('center_axis',(0.,0.,1.));
#2816=DIRECTION('ref_axis',(-0.707106781186554,-0.707106781186541,0.));
#2817=DIRECTION('center_axis',(0.,0.,1.));
#2818=DIRECTION('ref_axis',(-1.,0.,0.));
#2819=DIRECTION('',(0.,0.,1.));
#2820=DIRECTION('center_axis',(0.,0.,-1.));
#2821=DIRECTION('ref_axis',(-1.77635683940026E-14,-1.,0.));
#2822=DIRECTION('center_axis',(-1.4653585085483E-14,-1.,0.));
#2823=DIRECTION('ref_axis',(0.,0.,-1.));
#2824=DIRECTION('center_axis',(1.,-1.77635683940206E-14,0.));
#2825=DIRECTION('ref_axis',(-1.77635683940206E-14,-1.,0.));
#2826=DIRECTION('center_axis',(-1.4653585085483E-14,-1.,0.));
#2827=DIRECTION('ref_axis',(0.707106781186555,-1.03616493826392E-14,0.70710678118654));
#2828=DIRECTION('center_axis',(-1.,1.4653585085483E-14,1.36161325390941E-46));
#2829=DIRECTION('ref_axis',(-2.51214793389405E-14,-0.707106781186535,-0.70710678118656));
#2830=DIRECTION('center_axis',(1.,-1.77635683940027E-14,0.));
#2831=DIRECTION('ref_axis',(-1.77635683940027E-14,-1.,0.));
#2832=DIRECTION('',(-1.,1.4653585085483E-14,1.36161325390941E-46));
#2833=DIRECTION('center_axis',(0.408248290463858,0.408248290463858,-0.816496580927731));
#2834=DIRECTION('ref_axis',(-0.577350269189635,-0.577350269189621,-0.577350269189621));
#2835=DIRECTION('center_axis',(0.,0.,1.));
#2836=DIRECTION('ref_axis',(-0.707106781186566,-0.707106781186529,0.));
#2837=DIRECTION('center_axis',(0.,0.,1.));
#2838=DIRECTION('ref_axis',(-1.,8.88178419700113E-15,0.));
#2839=DIRECTION('',(0.,0.,1.));
#2840=DIRECTION('center_axis',(0.,0.,-1.));
#2841=DIRECTION('ref_axis',(-1.77635683940026E-14,-1.,0.));
#2842=DIRECTION('center_axis',(-1.4653585085483E-14,-1.,0.));
#2843=DIRECTION('ref_axis',(0.,0.,-1.));
#2844=DIRECTION('center_axis',(1.,-1.77635683940079E-14,0.));
#2845=DIRECTION('ref_axis',(-1.77635683940079E-14,-1.,0.));
#2846=DIRECTION('center_axis',(-1.4653585085483E-14,-1.,0.));
#2847=DIRECTION('ref_axis',(0.707106781186546,-1.03616493826391E-14,0.707106781186549));
#2848=DIRECTION('center_axis',(-1.,1.4653585085483E-14,0.));
#2849=DIRECTION('ref_axis',(-2.51214793389407E-14,-0.707106781186554,-0.707106781186541));
#2850=DIRECTION('center_axis',(1.,-1.77635683940026E-14,0.));
#2851=DIRECTION('ref_axis',(-1.77635683940026E-14,-1.,0.));
#2852=DIRECTION('',(-1.,1.4653585085483E-14,0.));
#2853=DIRECTION('center_axis',(0.408248290463875,0.408248290463861,-0.816496580927721));
#2854=DIRECTION('ref_axis',(-0.57735026918964,-0.577350269189612,-0.577350269189626));
#2855=DIRECTION('center_axis',(0.,0.,1.));
#2856=DIRECTION('ref_axis',(-0.707106781186554,-0.707106781186541,0.));
#2857=DIRECTION('center_axis',(0.,0.,1.));
#2858=DIRECTION('ref_axis',(-1.,0.,0.));
#2859=DIRECTION('',(0.,0.,1.));
#2860=DIRECTION('center_axis',(0.,0.,-1.));
#2861=DIRECTION('ref_axis',(-1.77635683940026E-14,-1.,0.));
#2862=DIRECTION('',(0.,0.,-1.));
#2863=DIRECTION('center_axis',(0.408248290463858,-0.816496580927731,0.408248290463858));
#2864=DIRECTION('ref_axis',(-0.577350269189631,-0.577350269189623,-0.577350269189623));
#2865=DIRECTION('center_axis',(-0.408248290463869,-0.408248290463862,-0.816496580927724));
#2866=DIRECTION('ref_axis',(-0.577350269189631,-0.577350269189623,0.577350269189623));
#2867=DIRECTION('center_axis',(0.,1.,0.));
#2868=DIRECTION('ref_axis',(-1.,0.,0.));
#2869=DIRECTION('center_axis',(-1.,1.4653585085483E-14,0.));
#2870=DIRECTION('ref_axis',(-2.51214793389407E-14,-0.707106781186554,0.707106781186541));
#2871=DIRECTION('',(-1.,1.4653585085483E-14,0.));
#2872=DIRECTION('',(1.,-1.4653585085483E-14,0.));
#2873=DIRECTION('center_axis',(0.,0.,1.));
#2874=DIRECTION('ref_axis',(1.,0.,0.));
#2875=DIRECTION('center_axis',(0.,0.,1.));
#2876=DIRECTION('ref_axis',(-0.351621268427258,-0.936142341521633,0.));
#2877=DIRECTION('center_axis',(0.,0.,1.));
#2878=DIRECTION('ref_axis',(-1.,0.,0.));
#2879=DIRECTION('',(0.756574472174353,0.653907537847745,0.));
#2880=DIRECTION('center_axis',(0.,0.,1.));
#2881=DIRECTION('ref_axis',(-1.,0.,0.));
#2882=DIRECTION('center_axis',(0.653907537847745,-0.756574472174353,0.));
#2883=DIRECTION('ref_axis',(0.756574472174353,0.653907537847745,0.));
#2884=DIRECTION('center_axis',(1.4653585085483E-14,1.,0.));
#2885=DIRECTION('ref_axis',(-1.,1.4653585085483E-14,-1.1290128483262E-106));
#2886=DIRECTION('center_axis',(0.,0.,1.));
#2887=DIRECTION('ref_axis',(-1.,0.,0.));
#2888=DIRECTION('',(0.,0.,-1.));
#2889=DIRECTION('center_axis',(-1.98413107228249E-74,-3.00346264388606E-60,
-1.));
#2890=DIRECTION('ref_axis',(-1.,1.32122906627219E-14,-1.98413107228249E-74));
#2891=DIRECTION('center_axis',(-1.98413107228249E-74,-3.00346264388606E-60,
-1.));
#2892=DIRECTION('ref_axis',(-1.,1.32122906627219E-14,-1.98413107228249E-74));
#2893=DIRECTION('',(-1.98413107228249E-74,-3.00346264388606E-60,-1.));
#2894=DIRECTION('center_axis',(-1.98413107228249E-74,-3.00346264388606E-60,
-1.));
#2895=DIRECTION('ref_axis',(-1.,1.32122906627219E-14,-1.98413107228249E-74));
#2896=DIRECTION('center_axis',(-1.98413107228249E-74,-3.00346264388606E-60,
-1.));
#2897=DIRECTION('ref_axis',(-1.,1.32122906627219E-14,-1.98413107228249E-74));
#2898=DIRECTION('',(1.,-1.19836324597185E-14,1.61510817080001E-74));
#2899=DIRECTION('',(-0.756574472174344,0.653907537847755,0.));
#2900=DIRECTION('center_axis',(-1.98413107228249E-74,-3.00346264388606E-60,
-1.));
#2901=DIRECTION('ref_axis',(0.981103290230561,0.193484712312804,0.));
#2902=DIRECTION('center_axis',(1.98413107228249E-74,3.00346264388606E-60,
1.));
#2903=DIRECTION('ref_axis',(-1.,1.32122906627219E-14,-1.98413107228249E-74));
#2904=DIRECTION('center_axis',(-1.98413107228249E-74,-3.00346264388606E-60,
-1.));
#2905=DIRECTION('ref_axis',(0.0493718528959344,0.998780466439759,0.));
#2906=DIRECTION('',(-0.756574472174344,0.653907537847755,0.));
#2907=DIRECTION('center_axis',(-1.98413107228249E-74,-3.00346264388606E-60,
-1.));
#2908=DIRECTION('ref_axis',(0.998973194140976,-0.0453051585117594,0.));
#2909=DIRECTION('center_axis',(1.98413107228249E-74,3.00346264388606E-60,
1.));
#2910=DIRECTION('ref_axis',(-0.351621268427246,0.936142341521638,-2.81166855212026E-60));
#2911=DIRECTION('center_axis',(-0.653907537847755,-0.756574472174344,2.27234316449347E-60));
#2912=DIRECTION('ref_axis',(0.756574472174344,-0.653907537847755,1.96398686248123E-60));
#2913=DIRECTION('',(1.98413107228249E-74,3.00346264388606E-60,1.));
#2914=DIRECTION('center_axis',(-0.653907537847755,-0.756574472174344,2.27234316449347E-60));
#2915=DIRECTION('ref_axis',(-0.756574472174344,0.653907537847755,4.53739502809071E-17));
#2916=DIRECTION('',(-3.47502212923344E-60,4.1643387986122E-74,-1.));
#2917=DIRECTION('',(-0.756574472174344,0.653907537847755,0.));
#2918=DIRECTION('center_axis',(0.,0.,1.));
#2919=DIRECTION('ref_axis',(1.,0.,0.));
#2920=DIRECTION('center_axis',(0.,0.,-1.));
#2921=DIRECTION('ref_axis',(-0.672616877070158,0.73999090310651,0.));
#2922=DIRECTION('center_axis',(0.812658577401184,0.582740110663651,0.));
#2923=DIRECTION('ref_axis',(-0.582740110663651,0.812658577401184,0.));
#2924=DIRECTION('center_axis',(0.,0.,1.));
#2925=DIRECTION('ref_axis',(-0.672616877070158,0.73999090310651,0.));
#2926=DIRECTION('center_axis',(0.756574472174344,-0.653907537847755,0.));
#2927=DIRECTION('ref_axis',(0.462382454281145,0.534978939747107,0.707106781186552));
#2928=DIRECTION('center_axis',(-0.756574472174344,0.653907537847755,0.));
#2929=DIRECTION('ref_axis',(0.462382454281144,0.534978939747108,0.707106781186552));
#2930=DIRECTION('',(0.756574472174344,-0.653907537847755,0.));
#2931=DIRECTION('center_axis',(0.756574472174344,-0.653907537847755,0.));
#2932=DIRECTION('ref_axis',(0.462382454281144,0.534978939747108,0.707106781186552));
#2933=DIRECTION('center_axis',(1.98413107228249E-74,3.00346264388606E-60,
1.));
#2934=DIRECTION('ref_axis',(1.,0.,0.));
#2935=DIRECTION('center_axis',(0.965634998764108,0.259901999149376,-7.80605945516477E-61));
#2936=DIRECTION('ref_axis',(-0.259901999149376,0.965634998764108,0.));
#2937=DIRECTION('center_axis',(-1.98413107228249E-74,-3.00346264388606E-60,
-1.));
#2938=DIRECTION('ref_axis',(-0.765217888029485,0.64377137544294,-1.93354327734601E-60));
#2939=DIRECTION('center_axis',(1.,-1.19836324597185E-14,1.61510817080001E-74));
#2940=DIRECTION('ref_axis',(2.51214793389407E-14,0.707106781186554,0.707106781186541));
#2941=DIRECTION('center_axis',(1.,-1.19836324597185E-14,1.61510817080001E-74));
#2942=DIRECTION('ref_axis',(1.77635683940024E-14,0.707106781186552,0.707106781186543));
#2943=DIRECTION('center_axis',(0.707106781186548,-1.25607396694702E-14,
-0.707106781186548));
#2944=DIRECTION('ref_axis',(0.707106781186547,-1.27079358374718E-14,0.707106781186548));
#2945=DIRECTION('center_axis',(-0.408248290463861,-0.816496580927721,-0.408248290463875));
#2946=DIRECTION('ref_axis',(-0.577350269189612,0.577350269189626,-0.57735026918964));
#2947=DIRECTION('center_axis',(1.,-1.77635683940026E-14,0.));
#2948=DIRECTION('ref_axis',(0.,0.,-1.));
#2949=DIRECTION('center_axis',(1.32122906627219E-14,1.,-3.00346264388606E-60));
#2950=DIRECTION('ref_axis',(-0.70710678118653,8.88178419700127E-15,-0.707106781186565));
#2951=DIRECTION('center_axis',(0.,0.,1.));
#2952=DIRECTION('ref_axis',(1.77635683940026E-14,1.,0.));
#2953=DIRECTION('center_axis',(1.,-1.19836324597185E-14,1.61510817080001E-74));
#2954=DIRECTION('ref_axis',(0.,0.707106781186541,-0.707106781186554));
#2955=DIRECTION('center_axis',(1.,-1.77635683940024E-14,-7.1054273576009E-14));
#2956=DIRECTION('ref_axis',(1.77635683940024E-14,1.,0.));
#2957=DIRECTION('',(-1.,1.19836324597185E-14,-1.61510817080001E-74));
#2958=DIRECTION('center_axis',(0.00836176704524401,-0.999447344171225,0.0321727692461449));
#2959=DIRECTION('ref_axis',(0.251405989042327,0.0332416339713435,0.967310716597601));
#2960=DIRECTION('center_axis',(-6.83471787525296E-14,1.21408978430768E-27,
-1.));
#2961=DIRECTION('ref_axis',(1.77635683940026E-14,1.,0.));
#2962=DIRECTION('center_axis',(1.98413107228249E-74,3.00346264388606E-60,
1.));
#2963=DIRECTION('ref_axis',(0.991371524395396,0.131082037739538,0.));
#2964=DIRECTION('',(-1.98413107228249E-74,-3.00346264388606E-60,-1.));
#2965=DIRECTION('center_axis',(6.5998427870229E-14,1.77635683940014E-14,
-1.));
#2966=DIRECTION('ref_axis',(0.259901999149366,-0.96563499876411,0.));
#2967=DIRECTION('center_axis',(0.00836176704524412,-0.999447344171225,-0.0321727692461596));
#2968=DIRECTION('ref_axis',(0.25140598904227,0.0332416339713577,-0.967310716597615));
#2969=DIRECTION('center_axis',(0.965634998764096,0.259901999149417,0.));
#2970=DIRECTION('ref_axis',(0.,0.,-1.));
#2971=DIRECTION('center_axis',(-0.408248290463863,-0.816496580927726,-0.408248290463863));
#2972=DIRECTION('ref_axis',(-0.577350269189626,0.577350269189626,-0.577350269189626));
#2973=DIRECTION('center_axis',(1.,-8.88178419700136E-15,0.));
#2974=DIRECTION('ref_axis',(0.,0.,-1.));
#2975=DIRECTION('center_axis',(1.10467190950203E-14,1.,-1.52081086633014E-60));
#2976=DIRECTION('ref_axis',(-0.707106781186543,8.88178419700133E-15,-0.707106781186552));
#2977=DIRECTION('center_axis',(0.,0.,1.));
#2978=DIRECTION('ref_axis',(8.88178419700136E-15,1.,0.));
#2979=DIRECTION('center_axis',(1.98413107228249E-74,-2.37770975221405E-88,
-1.));
#2980=DIRECTION('ref_axis',(-0.707106781186535,0.70710678118656,0.));
#2981=DIRECTION('',(-1.98413107228249E-74,2.37770975221405E-88,1.));
#2982=DIRECTION('center_axis',(0.,0.,1.));
#2983=DIRECTION('ref_axis',(1.77635683940019E-14,1.,0.));
#2984=DIRECTION('center_axis',(1.19836324597185E-14,1.,0.));
#2985=DIRECTION('ref_axis',(0.,0.,1.));
#2986=DIRECTION('center_axis',(-1.19836324597185E-14,-1.,0.));
#2987=DIRECTION('ref_axis',(0.70710678118655,-8.4654505627668E-15,0.707106781186545));
#2988=DIRECTION('center_axis',(-1.,1.77635683940027E-14,-1.57772181044205E-28));
#2989=DIRECTION('ref_axis',(1.77635683940027E-14,1.,0.));
#2990=DIRECTION('center_axis',(1.,-1.19836324597185E-14,-1.36161325390941E-46));
#2991=DIRECTION('ref_axis',(0.,0.707106781186541,-0.707106781186554));
#2992=DIRECTION('',(-1.,1.19836324597185E-14,1.36161325390941E-46));
#2993=DIRECTION('center_axis',(-0.408248290463863,-0.816496580927726,-0.408248290463863));
#2994=DIRECTION('ref_axis',(-0.577350269189626,0.577350269189626,-0.577350269189626));
#2995=DIRECTION('center_axis',(1.,-8.88178419700128E-15,0.));
#2996=DIRECTION('ref_axis',(0.,0.,-1.));
#2997=DIRECTION('center_axis',(0.,1.,0.));
#2998=DIRECTION('ref_axis',(-0.707106781186552,0.,-0.707106781186543));
#2999=DIRECTION('center_axis',(0.,0.,1.));
#3000=DIRECTION('ref_axis',(8.88178419700128E-15,1.,0.));
#3001=DIRECTION('center_axis',(0.,0.,-1.));
#3002=DIRECTION('ref_axis',(-0.707106781186541,0.707106781186554,0.));
#3003=DIRECTION('',(0.,0.,1.));
#3004=DIRECTION('center_axis',(0.,0.,1.));
#3005=DIRECTION('ref_axis',(8.8817841970016E-15,1.,0.));
#3006=DIRECTION('center_axis',(1.19836324597185E-14,1.,0.));
#3007=DIRECTION('ref_axis',(0.,0.,1.));
#3008=DIRECTION('center_axis',(-1.19836324597185E-14,-1.,0.));
#3009=DIRECTION('ref_axis',(0.707106781186546,-8.46545056276685E-15,0.707106781186549));
#3010=DIRECTION('center_axis',(-1.,8.8817841970012E-15,0.));
#3011=DIRECTION('ref_axis',(8.8817841970012E-15,1.,0.));
#3012=DIRECTION('center_axis',(1.,-1.19836324597185E-14,0.));
#3013=DIRECTION('ref_axis',(1.25607396694704E-14,0.707106781186554,-0.707106781186541));
#3014=DIRECTION('',(-1.,1.19836324597185E-14,0.));
#3015=DIRECTION('center_axis',(-0.408248290463858,-0.816496580927731,0.408248290463858));
#3016=DIRECTION('ref_axis',(-0.577350269189626,0.577350269189626,0.577350269189626));
#3017=DIRECTION('center_axis',(0.,-1.,0.));
#3018=DIRECTION('ref_axis',(0.,0.,1.));
#3019=DIRECTION('center_axis',(-1.,1.19836324597185E-14,0.));
#3020=DIRECTION('ref_axis',(8.88178419700133E-15,0.707106781186543,0.707106781186552));
#3021=DIRECTION('center_axis',(0.,0.,-1.));
#3022=DIRECTION('ref_axis',(-1.,0.,0.));
#3023=DIRECTION('center_axis',(0.,0.,-1.));
#3024=DIRECTION('ref_axis',(-0.707106781186548,0.707106781186548,0.));
#3025=DIRECTION('',(0.,0.,1.));
#3026=DIRECTION('center_axis',(0.627746080156008,-0.0284693681806655,-0.777897392927988));
#3027=DIRECTION('ref_axis',(0.777098643327211,-0.0352427646924982,0.628391316041078));
#3028=DIRECTION('center_axis',(0.,0.,-1.));
#3029=DIRECTION('ref_axis',(0.653907537847757,0.756574472174342,0.));
#3030=DIRECTION('center_axis',(0.756574472174344,-0.653907537847755,0.));
#3031=DIRECTION('ref_axis',(0.462382454281144,0.534978939747108,0.707106781186552));
#3032=DIRECTION('center_axis',(1.98413107228249E-74,3.00346264388606E-60,
1.));
#3033=DIRECTION('ref_axis',(0.998973194140976,-0.0453051585117594,0.));
#3034=DIRECTION('',(1.98413107228249E-74,3.00346264388606E-60,1.));
#3035=DIRECTION('',(-1.98413107228249E-74,-3.00346264388606E-60,-1.));
#3036=DIRECTION('center_axis',(0.756574472174344,-0.653907537847755,0.));
#3037=DIRECTION('ref_axis',(0.462382454281145,0.534978939747107,0.707106781186552));
#3038=DIRECTION('center_axis',(-0.756574472174344,0.653907537847755,0.));
#3039=DIRECTION('ref_axis',(0.462382454281144,0.534978939747108,0.707106781186552));
#3040=DIRECTION('',(0.756574472174344,-0.653907537847755,0.));
#3041=DIRECTION('',(-0.756574472174344,0.653907537847755,0.));
#3042=DIRECTION('center_axis',(-0.653907537847755,-0.756574472174344,2.27234316449347E-60));
#3043=DIRECTION('ref_axis',(0.756574472174344,-0.653907537847755,1.96398686248123E-60));
#3044=DIRECTION('',(-1.98413107228249E-74,-3.00346264388606E-60,-1.));
#3045=DIRECTION('center_axis',(-1.98413107228249E-74,-3.00346264388606E-60,
-1.));
#3046=DIRECTION('ref_axis',(0.0493718528959344,0.998780466439759,0.));
#3047=DIRECTION('center_axis',(0.,0.,1.));
#3048=DIRECTION('ref_axis',(0.653907537847757,0.756574472174342,0.));
#3049=DIRECTION('',(1.98413107228249E-74,3.00346264388606E-60,1.));
#3050=DIRECTION('center_axis',(-0.999130719879458,0.0351859468433133,0.0223551725087247));
#3051=DIRECTION('ref_axis',(0.0416869834979112,0.843317444663829,0.535796493953174));
#3052=DIRECTION('center_axis',(0.817376559945546,0.576103774724299,0.));
#3053=DIRECTION('ref_axis',(0.576103774724298,-0.817376559945546,0.));
#3054=DIRECTION('center_axis',(0.,0.,1.));
#3055=DIRECTION('ref_axis',(-0.653907537847755,-0.756574472174344,0.));
#3056=DIRECTION('center_axis',(0.451667164836125,0.892186512007942,0.));
#3057=DIRECTION('ref_axis',(-0.892186512007942,0.451667164836125,0.));
#3058=DIRECTION('center_axis',(0.,0.,1.));
#3059=DIRECTION('ref_axis',(-0.653907537847756,-0.756574472174343,0.));
#3060=DIRECTION('center_axis',(0.,0.,-1.));
#3061=DIRECTION('ref_axis',(-0.653907537847756,-0.756574472174343,0.));
#3062=DIRECTION('center_axis',(0.525671703111465,0.103668430490741,-0.844347154355054));
#3063=DIRECTION('ref_axis',(0.828391771234546,0.163368266252518,0.535796493953197));
#3064=DIRECTION('center_axis',(0.,0.,1.));
#3065=DIRECTION('ref_axis',(0.892186512007939,-0.451667164836131,0.));
#3066=DIRECTION('center_axis',(-1.,1.19836324597185E-14,0.));
#3067=DIRECTION('ref_axis',(0.,0.707106781186541,0.707106781186554));
#3068=DIRECTION('center_axis',(1.,-1.19836324597185E-14,0.));
#3069=DIRECTION('ref_axis',(0.,0.707106781186543,0.707106781186552));
#3070=DIRECTION('',(1.,-1.19836324597185E-14,0.));
#3071=DIRECTION('center_axis',(-0.951449271056373,0.267496193565179,0.152282865203005));
#3072=DIRECTION('ref_axis',(0.307805595475942,0.826850005713541,0.47071730735678));
#3073=DIRECTION('center_axis',(0.,0.,-1.));
#3074=DIRECTION('ref_axis',(1.77635683940026E-14,1.,0.));
#3075=DIRECTION('center_axis',(3.47502212923344E-60,-4.1643387986122E-74,
1.));
#3076=DIRECTION('ref_axis',(0.348873564365126,0.937169801096457,0.));
#3077=DIRECTION('center_axis',(1.,-1.32122906627219E-14,1.98413107228249E-74));
#3078=DIRECTION('ref_axis',(1.32122906627219E-14,1.,-3.00346264388606E-60));
#3079=DIRECTION('',(1.98413107228249E-74,3.00346264388606E-60,1.));
#3080=DIRECTION('',(1.32122906627219E-14,1.,-3.00346264388606E-60));
#3081=DIRECTION('',(-1.98413107228249E-74,-3.00346264388606E-60,-1.));
#3082=DIRECTION('',(-1.32122906627219E-14,-1.,0.));
#3083=DIRECTION('center_axis',(-1.98413107228249E-74,-3.00346264388606E-60,
-1.));
#3084=DIRECTION('ref_axis',(-1.,0.,0.));
#3085=DIRECTION('center_axis',(-0.671961333709401,-0.740586231305634,2.22432308030285E-60));
#3086=DIRECTION('ref_axis',(-0.740586231305634,0.671961333709401,0.));
#3087=DIRECTION('center_axis',(-1.98413107228249E-74,-3.00346264388606E-60,
-1.));
#3088=DIRECTION('ref_axis',(-0.473220223688598,0.880944163890149,-2.6458828875935E-60));
#3089=DIRECTION('center_axis',(1.98413107228249E-74,3.00346264388606E-60,
1.));
#3090=DIRECTION('ref_axis',(-0.473220223688598,0.880944163890149,0.));
#3091=DIRECTION('center_axis',(0.136911754315051,-0.838278077193023,0.527773660604566));
#3092=DIRECTION('ref_axis',(-0.210493549588178,-0.545242941538509,-0.811420113310117));
#3093=DIRECTION('center_axis',(8.88178419700128E-15,1.,0.));
#3094=DIRECTION('ref_axis',(0.,0.,-1.));
#3095=DIRECTION('center_axis',(0.,0.,1.));
#3096=DIRECTION('ref_axis',(-1.,8.88178419700128E-15,0.));
#3097=DIRECTION('center_axis',(1.32122906627219E-14,1.,-3.00346264388606E-60));
#3098=DIRECTION('ref_axis',(-0.707106781186535,1.25607396694702E-14,-0.70710678118656));
#3099=DIRECTION('center_axis',(1.32122906627219E-14,1.,-3.00346264388606E-60));
#3100=DIRECTION('ref_axis',(-0.707106781186545,9.29811783123573E-15,-0.70710678118655));
#3101=DIRECTION('',(-1.32122906627219E-14,-1.,3.00346264388606E-60));
#3102=DIRECTION('center_axis',(1.98413107228249E-74,3.00346264388606E-60,
1.));
#3103=DIRECTION('ref_axis',(-0.360148419887119,-0.932895018559329,0.));
#3104=DIRECTION('',(1.98413107228249E-74,3.00346264388606E-60,1.));
#3105=DIRECTION('center_axis',(0.,0.,1.));
#3106=DIRECTION('ref_axis',(-0.360148419887119,-0.932895018559329,0.));
#3107=DIRECTION('center_axis',(1.98413107228249E-74,3.00346264388606E-60,
1.));
#3108=DIRECTION('ref_axis',(0.70710678118656,0.707106781186535,0.));
#3109=DIRECTION('',(-1.98413107228249E-74,-3.00346264388606E-60,-1.));
#3110=DIRECTION('center_axis',(0.,0.,-1.));
#3111=DIRECTION('ref_axis',(1.77635683940027E-14,1.,0.));
#3112=DIRECTION('center_axis',(0.,0.,-1.));
#3113=DIRECTION('ref_axis',(0.70710678118656,0.707106781186535,0.));
#3114=DIRECTION('center_axis',(1.32122906627219E-14,1.,-3.00346264388606E-60));
#3115=DIRECTION('ref_axis',(-1.,1.32122906627219E-14,-1.98413107228249E-74));
#3116=DIRECTION('',(0.,3.00346264388606E-60,1.));
#3117=DIRECTION('',(-1.,1.32122906627219E-14,0.));
#3118=DIRECTION('center_axis',(-1.32122906627219E-14,-1.,3.00346264388606E-60));
#3119=DIRECTION('ref_axis',(0.70710678118655,-9.34250032261837E-15,0.707106781186545));
#3120=DIRECTION('',(3.31784081393963E-74,3.00346264388606E-60,1.));
#3121=DIRECTION('',(-1.,1.32122906627219E-14,1.36161325390941E-46));
#3122=DIRECTION('center_axis',(-1.32122906627219E-14,-1.,3.00346264388606E-60));
#3123=DIRECTION('ref_axis',(0.707106781186545,-9.34250032261831E-15,0.70710678118655));
#3124=DIRECTION('',(1.98413107228249E-74,3.00346264388606E-60,1.));
#3125=DIRECTION('',(-1.,1.32122906627219E-14,-1.98413107228249E-74));
#3126=DIRECTION('',(1.,-1.32122906627219E-14,0.));
#3127=DIRECTION('center_axis',(0.,-1.,0.));
#3128=DIRECTION('ref_axis',(-0.707106781186554,0.,-0.707106781186541));
#3129=DIRECTION('center_axis',(0.,-1.,0.));
#3130=DIRECTION('ref_axis',(-0.707106781186552,0.,-0.707106781186543));
#3131=DIRECTION('',(0.,1.,0.));
#3132=DIRECTION('',(0.,-1.,0.));
#3133=DIRECTION('center_axis',(0.,0.,-1.));
#3134=DIRECTION('ref_axis',(0.,-1.,0.));
#3135=DIRECTION('',(1.,-1.32122906627219E-14,0.));
#3136=DIRECTION('',(1.10467190950203E-14,1.,0.));
#3137=DIRECTION('center_axis',(1.10467190950203E-14,1.,0.));
#3138=DIRECTION('ref_axis',(0.707106781186554,-1.25607396694704E-14,0.707106781186541));
#3139=DIRECTION('center_axis',(1.32122906627219E-14,1.,-3.00346264388606E-60));
#3140=DIRECTION('ref_axis',(0.70710678118655,-9.29811783123568E-15,0.707106781186545));
#3141=DIRECTION('',(-1.10467190950203E-14,-1.,0.));
#3142=DIRECTION('center_axis',(1.,-1.10467190950203E-14,0.));
#3143=DIRECTION('ref_axis',(0.,0.,-1.));
#3144=DIRECTION('',(-3.31784081393963E-74,-3.00346264388606E-60,-1.));
#3145=DIRECTION('',(1.10467190950203E-14,1.,-1.52081086633014E-60));
#3146=DIRECTION('center_axis',(1.10467190950203E-14,1.,-1.52081086633014E-60));
#3147=DIRECTION('ref_axis',(-0.707106781186541,7.85046229341883E-15,-0.707106781186554));
#3148=DIRECTION('center_axis',(-1.10467190950203E-14,-1.,1.52081086633014E-60));
#3149=DIRECTION('ref_axis',(-0.707106781186543,8.88178419700133E-15,-0.707106781186552));
#3150=DIRECTION('',(-1.10467190950203E-14,-1.,1.52081086633014E-60));
#3151=DIRECTION('center_axis',(1.36161325390941E-46,1.66749531307677E-62,
1.));
#3152=DIRECTION('ref_axis',(1.,0.,-1.36161325390941E-46));
#3153=DIRECTION('',(1.,-1.32122906627219E-14,-1.36161325390941E-46));
#3154=DIRECTION('',(1.32122906627219E-14,1.,-1.81567796121733E-60));
#3155=DIRECTION('center_axis',(1.32122906627219E-14,1.,-1.81567796121733E-60));
#3156=DIRECTION('ref_axis',(0.707106781186535,-1.25607396694702E-14,0.70710678118656));
#3157=DIRECTION('center_axis',(1.32122906627219E-14,1.,-3.00346264388606E-60));
#3158=DIRECTION('ref_axis',(0.707106781186545,-9.29811783123573E-15,0.70710678118655));
#3159=DIRECTION('',(-1.32122906627219E-14,-1.,1.81567796121733E-60));
#3160=DIRECTION('center_axis',(1.,-1.32122906627219E-14,1.98413107228249E-74));
#3161=DIRECTION('ref_axis',(1.32122906627219E-14,1.,-3.00346264388606E-60));
#3162=DIRECTION('',(-1.98413107228249E-74,-3.00346264388606E-60,-1.));
#3163=DIRECTION('',(1.32122906627219E-14,1.,-3.00346264388606E-60));
#3164=DIRECTION('center_axis',(1.32122906627219E-14,1.,-3.00346264388606E-60));
#3165=DIRECTION('ref_axis',(-0.707106781186535,0.,-0.70710678118656));
#3166=DIRECTION('center_axis',(-1.32122906627219E-14,-1.,3.00346264388606E-60));
#3167=DIRECTION('ref_axis',(-0.70710678118653,8.88178419700127E-15,-0.707106781186565));
#3168=DIRECTION('',(-1.32122906627219E-14,-1.,3.00346264388606E-60));
#3169=DIRECTION('center_axis',(-1.98413107228249E-74,-3.00346264388606E-60,
-1.));
#3170=DIRECTION('ref_axis',(-1.,1.32122906627219E-14,-1.98413107228249E-74));
#3171=DIRECTION('center_axis',(-1.98413107228249E-74,-3.00346264388606E-60,
-1.));
#3172=DIRECTION('ref_axis',(0.873151649036886,0.487448661690815,-1.46403384620064E-60));
#3173=DIRECTION('',(1.,-1.32122906627219E-14,1.98413107228249E-74));
#3174=DIRECTION('center_axis',(0.408248290463846,-0.816496580927736,0.408248290463861));
#3175=DIRECTION('ref_axis',(-0.577350269189626,-0.577350269189612,-0.57735026918964));
#3176=DIRECTION('center_axis',(0.,0.,1.));
#3177=DIRECTION('ref_axis',(-1.,8.88178419700144E-15,0.));
#3178=DIRECTION('center_axis',(1.,-1.77635683940024E-14,0.));
#3179=DIRECTION('ref_axis',(-1.77635683940024E-14,-1.,0.));
#3180=DIRECTION('center_axis',(0.408248290463875,0.408248290463861,-0.816496580927721));
#3181=DIRECTION('ref_axis',(-0.57735026918964,-0.577350269189612,-0.577350269189626));
#3182=DIRECTION('center_axis',(0.,0.,1.));
#3183=DIRECTION('ref_axis',(-1.,8.88178419700128E-15,0.));
#3184=DIRECTION('center_axis',(1.,-1.77635683940024E-14,0.));
#3185=DIRECTION('ref_axis',(-1.77635683940024E-14,-1.,0.));
#3186=DIRECTION('center_axis',(0.408248290463852,-0.816496580927733,0.408248290463859));
#3187=DIRECTION('ref_axis',(-0.577350269189631,-0.577350269189623,-0.577350269189623));
#3188=DIRECTION('center_axis',(0.,0.,1.));
#3189=DIRECTION('ref_axis',(-1.,0.,0.));
#3190=DIRECTION('center_axis',(1.,-1.77635683940026E-14,1.57772181044206E-28));
#3191=DIRECTION('ref_axis',(-1.77635683940026E-14,-1.,0.));
#3192=DIRECTION('center_axis',(0.,3.00346264388606E-60,1.));
#3193=DIRECTION('ref_axis',(-0.707106781186554,-0.707106781186541,0.));
#3194=DIRECTION('center_axis',(0.,0.,1.));
#3195=DIRECTION('ref_axis',(-8.88178419700136E-15,-1.,0.));
#3196=DIRECTION('',(0.,1.22124532708767E-14,1.));
#3197=DIRECTION('center_axis',(-3.31784081393963E-74,-3.00346264388606E-60,
-1.));
#3198=DIRECTION('ref_axis',(-0.707106781186554,-0.707106781186541,0.));
#3199=DIRECTION('center_axis',(0.,0.,1.));
#3200=DIRECTION('ref_axis',(-1.,0.,0.));
#3201=DIRECTION('center_axis',(-1.32122906627219E-14,-1.,3.00346264388606E-60));
#3202=DIRECTION('ref_axis',(0.,0.,-1.));
#3203=DIRECTION('center_axis',(-1.,1.77635683940026E-14,0.));
#3204=DIRECTION('ref_axis',(0.,0.,-1.));
#3205=DIRECTION('center_axis',(-1.,1.32122906627219E-14,0.));
#3206=DIRECTION('ref_axis',(0.,-0.707106781186554,-0.707106781186541));
#3207=DIRECTION('center_axis',(1.98413107228249E-74,3.00346264388606E-60,
1.));
#3208=DIRECTION('ref_axis',(-0.70710678118656,-0.707106781186535,0.));
#3209=DIRECTION('center_axis',(0.,0.,1.));
#3210=DIRECTION('ref_axis',(-1.,8.88178419700113E-15,0.));
#3211=DIRECTION('center_axis',(-1.32122906627219E-14,-1.,3.00346264388606E-60));
#3212=DIRECTION('ref_axis',(0.,0.,-1.));
#3213=DIRECTION('center_axis',(-1.,1.77635683940024E-14,0.));
#3214=DIRECTION('ref_axis',(0.,0.,-1.));
#3215=DIRECTION('center_axis',(-1.,1.32122906627219E-14,1.36161325390941E-46));
#3216=DIRECTION('ref_axis',(0.,-0.707106781186548,-0.707106781186548));
#3217=DIRECTION('center_axis',(-1.98413107228249E-74,-3.00346264388606E-60,
-1.));
#3218=DIRECTION('ref_axis',(-1.,0.,0.));
#3219=DIRECTION('center_axis',(-1.,1.77635683940024E-14,0.));
#3220=DIRECTION('ref_axis',(0.,0.,-1.));
#3221=DIRECTION('center_axis',(1.,-1.32122906627219E-14,1.98413107228249E-74));
#3222=DIRECTION('ref_axis',(-2.51214793389405E-14,-0.70710678118656,-0.707106781186535));
#3223=DIRECTION('center_axis',(-1.98413107228249E-74,-3.00346264388606E-60,
-1.));
#3224=DIRECTION('ref_axis',(-0.765217888029485,0.64377137544294,-1.93354327734601E-60));
#3225=DIRECTION('',(1.98413107228249E-74,3.00346264388606E-60,1.));
#3226=DIRECTION('center_axis',(0.,0.,-1.));
#3227=DIRECTION('ref_axis',(-0.765217888029485,0.64377137544294,-1.93354327734601E-60));
#3228=DIRECTION('center_axis',(-1.,0.,0.));
#3229=DIRECTION('ref_axis',(0.,1.,0.));
#3230=DIRECTION('',(0.,1.,0.));
#3231=DIRECTION('',(0.,1.,0.));
#3232=DIRECTION('center_axis',(-1.98413107228249E-74,-3.00346264388606E-60,
-1.));
#3233=DIRECTION('ref_axis',(0.981103290230561,0.193484712312804,0.));
#3234=DIRECTION('',(-1.98413107228249E-74,-3.00346264388606E-60,-1.));
#3235=DIRECTION('center_axis',(1.98413107228249E-74,3.00346264388606E-60,
1.));
#3236=DIRECTION('ref_axis',(-1.,1.32122906627219E-14,-1.98413107228249E-74));
#3237=DIRECTION('center_axis',(1.,0.,0.));
#3238=DIRECTION('ref_axis',(0.,0.,-1.));
#3239=DIRECTION('',(0.,-1.,0.));
#3240=DIRECTION('',(0.,-1.,0.));
#3241=DIRECTION('center_axis',(0.,0.,1.));
#3242=DIRECTION('ref_axis',(0.,-1.,0.));
#3243=DIRECTION('center_axis',(0.,-1.,0.));
#3244=DIRECTION('ref_axis',(0.707106781186548,0.,0.707106781186548));
#3245=DIRECTION('',(0.,-1.,0.));
#3246=DIRECTION('center_axis',(0.,0.,1.));
#3247=DIRECTION('ref_axis',(1.,0.,0.));
#3248=DIRECTION('',(0.,1.,0.));
#3249=DIRECTION('center_axis',(0.,1.,0.));
#3250=DIRECTION('ref_axis',(-0.707106781186548,0.,0.707106781186548));
#3251=CARTESIAN_POINT('',(0.,0.,0.));
#3252=CARTESIAN_POINT('Origin',(53.2911654948817,41.0418424269984,67.7));
#3253=CARTESIAN_POINT('',(53.2911654948817,39.5868424270271,80.6));
#3254=CARTESIAN_POINT('',(53.2911654948817,39.5868424270271,67.7));
#3255=CARTESIAN_POINT('',(53.2911654948817,39.5868424270271,58.75));
#3256=CARTESIAN_POINT('',(53.2911654948817,41.0418424269984,80.6));
#3257=CARTESIAN_POINT('',(53.2911654948817,41.0418424269984,80.6));
#3258=CARTESIAN_POINT('',(53.2911654948817,41.0418424269984,67.7));
#3259=CARTESIAN_POINT('',(53.2911654948817,41.0418424269983,58.75));
#3260=CARTESIAN_POINT('',(53.2911654948817,41.0418424269984,67.7));
#3261=CARTESIAN_POINT('Origin',(21.4062264425681,41.0418424269987,49.8));
#3262=CARTESIAN_POINT('',(55.405034036124,41.0418424269983,53.998));
#3263=CARTESIAN_POINT('',(55.405034036124,41.0418424269983,85.8979929072196));
#3264=CARTESIAN_POINT('',(55.405034036124,41.0418424269983,49.8));
#3265=CARTESIAN_POINT('',(73.3151877076136,41.0418424269981,53.998));
#3266=CARTESIAN_POINT('',(40.4986959687252,41.0418424269985,53.998));
#3267=CARTESIAN_POINT('',(73.3151877076136,41.0418424269981,50.3));
#3268=CARTESIAN_POINT('',(73.3151877076136,41.0418424269981,49.8));
#3269=CARTESIAN_POINT('',(45.0911654948822,41.0418424269984,50.3));
#3270=CARTESIAN_POINT('',(35.6986959687251,41.0418424269985,50.3));
#3271=CARTESIAN_POINT('',(45.0911654948822,41.0418424269984,58.29));
#3272=CARTESIAN_POINT('',(45.0911654948822,41.0418424269984,49.8));
#3273=CARTESIAN_POINT('',(44.0911654948822,41.0418424269984,59.29));
#3274=CARTESIAN_POINT('Origin',(44.0911654948822,41.0418424269984,58.29));
#3275=CARTESIAN_POINT('',(37.4311654948821,41.0418424269985,59.29));
#3276=CARTESIAN_POINT('',(30.983695968725,41.0418424269986,59.29));
#3277=CARTESIAN_POINT('',(37.4311654948821,41.0418424269985,70.92));
#3278=CARTESIAN_POINT('',(37.4311654948821,41.0418424269985,67.95));
#3279=CARTESIAN_POINT('',(36.4311654948821,41.0418424269985,71.92));
#3280=CARTESIAN_POINT('Origin',(36.4311654948821,41.0418424269985,70.92));
#3281=CARTESIAN_POINT('',(22.1062264425681,41.0418424269987,71.92));
#3282=CARTESIAN_POINT('',(29.0686959687249,41.0418424269986,71.92));
#3283=CARTESIAN_POINT('',(22.1062264425681,41.0418424269987,85.8979929072196));
#3284=CARTESIAN_POINT('',(22.1062264425681,41.0418424269987,64.505));
#3285=CARTESIAN_POINT('',(31.6943162397426,41.0418424269986,85.8979929072196));
#3286=CARTESIAN_POINT('',(47.8911654948812,41.0418424269984,67.7));
#3287=CARTESIAN_POINT('',(36.3486959687249,41.0418424269985,67.7));
#3288=CARTESIAN_POINT('',(47.8911654948812,41.0418424269984,80.6));
#3289=CARTESIAN_POINT('',(36.3486959687249,41.0418424269985,80.6));
#3290=CARTESIAN_POINT('',(47.8911654948812,41.0418424269984,65.2));
#3291=CARTESIAN_POINT('Origin',(47.8911654948812,41.0418424269984,80.6));
#3292=CARTESIAN_POINT('',(47.8911654948812,39.5868424270272,80.6));
#3293=CARTESIAN_POINT('',(47.8911654948812,39.5868424270272,67.7));
#3294=CARTESIAN_POINT('',(47.8911654948812,39.5868424270272,65.2));
#3295=CARTESIAN_POINT('',(47.8911654948812,41.0418424269984,67.7));
#3296=CARTESIAN_POINT('',(47.8911654948812,41.0418424269984,80.6));
#3297=CARTESIAN_POINT('Origin',(51.2911654948817,41.0418424269984,80.6));
#3298=CARTESIAN_POINT('',(53.4411654948819,39.5868424270271,80.6));
#3299=CARTESIAN_POINT('Origin',(43.8911654948812,41.0418424269984,67.7));
#3300=CARTESIAN_POINT('',(53.4411654948819,39.5868424270271,67.7));
#3301=CARTESIAN_POINT('Origin',(55.5911654948817,-34.9131575729743,49.8));
#3302=CARTESIAN_POINT('',(55.0911654948817,-34.9131575729743,50.3));
#3303=CARTESIAN_POINT('',(55.0911654948817,-34.9131575729743,85.3979929072196));
#3304=CARTESIAN_POINT('',(55.0911654948817,-34.9131575729743,81.3979929072196));
#3305=CARTESIAN_POINT('',(45.0911654948817,-34.9131575729743,50.3));
#3306=CARTESIAN_POINT('',(52.7911654948817,-34.9131575729743,50.3));
#3307=CARTESIAN_POINT('',(45.0911654948817,-34.9131575729743,58.29));
#3308=CARTESIAN_POINT('',(45.0911654948817,-34.9131575729743,49.8));
#3309=CARTESIAN_POINT('',(44.0911654948817,-34.9131575729743,59.29));
#3310=CARTESIAN_POINT('Origin',(44.0911654948817,-34.9131575729743,58.29));
#3311=CARTESIAN_POINT('',(37.4311654948813,-34.9131575729743,59.29));
#3312=CARTESIAN_POINT('',(48.0761654948816,-34.9131575729743,59.29));
#3313=CARTESIAN_POINT('',(37.4311654948813,-34.9131575729743,70.92));
#3314=CARTESIAN_POINT('',(37.4311654948813,-34.9131575729743,67.95));
#3315=CARTESIAN_POINT('',(36.4311654948813,-34.9131575729743,71.92));
#3316=CARTESIAN_POINT('Origin',(36.4311654948813,-34.9131575729743,70.92));
#3317=CARTESIAN_POINT('',(22.1062264425681,-34.9131575729743,71.92));
#3318=CARTESIAN_POINT('',(46.1611654948817,-34.9131575729743,71.92));
#3319=CARTESIAN_POINT('',(22.1062264425681,-34.9131575729743,85.3979929072196));
#3320=CARTESIAN_POINT('',(22.1062264425681,-34.9131575729743,64.505));
#3321=CARTESIAN_POINT('',(38.3486959687249,-34.9131575729743,85.3979929072196));
#3322=CARTESIAN_POINT('Origin',(55.0911654948817,-34.4131575729743,49.8));
#3323=CARTESIAN_POINT('',(55.5911654948817,-34.4131575729743,85.3979929072196));
#3324=CARTESIAN_POINT('',(55.5911654948817,-34.4131575729743,50.3));
#3325=CARTESIAN_POINT('',(55.5911654948817,-34.4131575729743,49.8));
#3326=CARTESIAN_POINT('Origin',(55.0911654948817,-34.4131575729743,50.3));
#3327=CARTESIAN_POINT('Origin',(55.0911654948817,-34.4131575729743,85.3979929072196));
#3328=CARTESIAN_POINT('Origin',(55.5911654948817,-24.0131575729743,49.8));
#3329=CARTESIAN_POINT('',(55.5911654948817,-25.3451543375235,50.3));
#3330=CARTESIAN_POINT('',(55.5911654948817,-25.3451543375235,85.3979929072196));
#3331=CARTESIAN_POINT('',(55.5911654948817,-25.3451543375235,81.3979929072196));
#3332=CARTESIAN_POINT('',(55.5911654948817,-31.4406575729601,50.3));
#3333=CARTESIAN_POINT('',(55.5911654948817,6.37084404475199,85.3979929072196));
#3334=CARTESIAN_POINT('Origin',(56.0911654948817,-25.3451543375235,49.8));
#3335=CARTESIAN_POINT('',(56.4614586105345,-25.0091736706688,85.3979929072196));
#3336=CARTESIAN_POINT('',(56.4614586105345,-25.0091736706689,50.3));
#3337=CARTESIAN_POINT('',(56.4614586105345,-25.0091736706688,49.8));
#3338=CARTESIAN_POINT('Origin',(56.0911654948817,-25.3451543375235,50.3));
#3339=CARTESIAN_POINT('Origin',(56.0911654948817,-25.3451543375235,85.3979929072196));
#3340=CARTESIAN_POINT('Origin',(82.6280744366024,-1.2672333997198,49.8));
#3341=CARTESIAN_POINT('',(53.5911654948817,-21.3975446424343,85.3979929072196));
#3342=CARTESIAN_POINT('Origin',(82.6280744366024,-1.2672333997198,85.3979929072196));
#3343=CARTESIAN_POINT('',(53.5911654948817,-21.3975446424343,85.8979929072196));
#3344=CARTESIAN_POINT('',(53.5911654948817,-21.3975446424343,49.8));
#3345=CARTESIAN_POINT('',(62.0385252961955,-29.9803310698268,85.8979929072196));
#3346=CARTESIAN_POINT('Origin',(82.6280744366024,-1.2672333997198,85.8979929072196));
#3347=CARTESIAN_POINT('',(62.0385252961955,-29.9803310698268,53.998));
#3348=CARTESIAN_POINT('',(62.0385252961955,-29.9803310698268,49.8));
#3349=CARTESIAN_POINT('',(73.44513870719,-35.3853400735641,53.998));
#3350=CARTESIAN_POINT('Origin',(82.6280744366024,-1.2672333997198,53.998));
#3351=CARTESIAN_POINT('',(73.44513870719,-35.3853400735641,50.3));
#3352=CARTESIAN_POINT('',(73.44513870719,-35.3853400735641,49.8));
#3353=CARTESIAN_POINT('Origin',(82.6280744366024,-1.2672333997198,50.3));
#3354=CARTESIAN_POINT('Origin',(49.806139108242,-41.368157572946,49.8));
#3355=CARTESIAN_POINT('',(56.7954664717778,-35.3272798859595,85.8979929072196));
#3356=CARTESIAN_POINT('',(56.7954664717778,-35.3272798859595,54.498));
#3357=CARTESIAN_POINT('',(56.7954664717778,-35.3272798859595,85.1));
#3358=CARTESIAN_POINT('',(55.731987805047,-36.2464448090331,85.8979929072196));
#3359=CARTESIAN_POINT('',(58.1306844033456,-34.1732506367141,85.8979929072196));
#3360=CARTESIAN_POINT('',(55.731987805047,-36.2464448090331,54.3249537689239));
#3361=CARTESIAN_POINT('',(55.731987805047,-36.2464448090331,49.8));
#3362=CARTESIAN_POINT('',(56.1696681335456,-35.8681575729459,54.498));
#3363=CARTESIAN_POINT('Origin',(56.1696681335457,-35.8681575729459,53.998));
#3364=CARTESIAN_POINT('',(68.2093864710566,-25.4622254882484,54.498));
#3365=CARTESIAN_POINT('Origin',(56.4685127028539,-34.9489926498724,85.1));
#3366=CARTESIAN_POINT('',(56.9146059588579,-34.7231590674543,54.498));
#3367=CARTESIAN_POINT('',(56.9146059588579,-34.7231590674543,85.8979929072196));
#3368=CARTESIAN_POINT('',(56.9146059588579,-34.7231590674543,85.1));
#3369=CARTESIAN_POINT('Origin',(56.4685127028539,-34.9489926498724,85.8979929072196));
#3370=CARTESIAN_POINT('Origin',(56.4685127028539,-34.9489926498724,54.498));
#3371=CARTESIAN_POINT('Origin',(22.1062264425681,-35.4131575729743,64.505));
#3372=CARTESIAN_POINT('',(21.6062264425681,-35.4131575729743,71.92));
#3373=CARTESIAN_POINT('Origin',(22.1062264425681,-35.4131575729743,71.92));
#3374=CARTESIAN_POINT('',(21.6062264425681,-35.4131575729743,85.3979929072196));
#3375=CARTESIAN_POINT('',(21.6062264425681,-35.4131575729743,82.3039964536098));
#3376=CARTESIAN_POINT('Origin',(22.1062264425681,-35.4131575729743,85.3979929072196));
#3377=CARTESIAN_POINT('Origin',(46.1611654948817,-35.4131575729742,71.92));
#3378=CARTESIAN_POINT('',(36.4311654948813,-35.4131575729742,71.42));
#3379=CARTESIAN_POINT('Origin',(36.4311654948813,-35.4131575729742,71.92));
#3380=CARTESIAN_POINT('',(22.1062264425681,-35.4131575729742,71.42));
#3381=CARTESIAN_POINT('',(46.1611654948817,-35.4131575729742,71.42));
#3382=CARTESIAN_POINT('Origin',(22.1062264425681,-35.4131575729742,71.92));
#3383=CARTESIAN_POINT('Origin',(36.4311654948813,-35.4131575729741,70.92));
#3384=CARTESIAN_POINT('',(36.9311654948813,-35.4131575729741,70.92));
#3385=CARTESIAN_POINT('Origin',(37.4311654948813,-35.4131575729741,70.92));
#3386=CARTESIAN_POINT('Origin',(36.4311654948813,-35.4131575729741,70.92));
#3387=CARTESIAN_POINT('Origin',(37.4311654948813,-35.4131575729743,67.95));
#3388=CARTESIAN_POINT('',(36.9311654948813,-35.4131575729742,59.29));
#3389=CARTESIAN_POINT('Origin',(37.4311654948813,-35.4131575729743,59.29));
#3390=CARTESIAN_POINT('',(36.9311654948813,-35.4131575729742,67.95));
#3391=CARTESIAN_POINT('Origin',(22.1062264425681,-35.4131575729743,71.92));
#3392=CARTESIAN_POINT('Origin',(22.1062264425681,-35.4131575729743,71.92));
#3393=CARTESIAN_POINT('Origin',(48.0761654948816,-35.4131575729743,59.29));
#3394=CARTESIAN_POINT('',(37.4311654948813,-35.4131575729743,58.79));
#3395=CARTESIAN_POINT('Origin',(37.4311654948813,-35.4131575729743,59.29));
#3396=CARTESIAN_POINT('',(44.0911654948817,-35.4131575729743,58.79));
#3397=CARTESIAN_POINT('Origin',(44.0911654948817,-35.4131575729743,59.29));
#3398=CARTESIAN_POINT('',(48.0761654948816,-35.4131575729743,58.79));
#3399=CARTESIAN_POINT('Origin',(44.0911654948817,-35.4131575729743,58.29));
#3400=CARTESIAN_POINT('',(44.5911654948817,-35.4131575729743,58.29));
#3401=CARTESIAN_POINT('Origin',(45.0911654948817,-35.4131575729743,58.29));
#3402=CARTESIAN_POINT('Origin',(44.0911654948817,-35.4131575729743,58.29));
#3403=CARTESIAN_POINT('Origin',(45.0911654948817,-35.4131575729743,49.8));
#3404=CARTESIAN_POINT('',(44.5911654948817,-35.4131575729743,50.3));
#3405=CARTESIAN_POINT('Origin',(45.0911654948817,-35.4131575729743,50.3));
#3406=CARTESIAN_POINT('',(44.5911654948817,-35.4131575729743,49.8));
#3407=CARTESIAN_POINT('Origin',(37.4311654948813,-35.4131575729743,59.29));
#3408=CARTESIAN_POINT('Origin',(37.4311654948813,-35.4131575729743,59.29));
#3409=CARTESIAN_POINT('Origin',(52.7911654948817,-35.4131575729743,50.3));
#3410=CARTESIAN_POINT('',(45.0911654948817,-35.4131575729743,49.8));
#3411=CARTESIAN_POINT('Origin',(45.0911654948817,-35.4131575729743,50.3));
#3412=CARTESIAN_POINT('',(55.0911654948817,-35.4131575729743,49.8));
#3413=CARTESIAN_POINT('Origin',(55.0911654948817,-35.4131575729743,50.3));
#3414=CARTESIAN_POINT('',(52.7911654948817,-35.4131575729743,49.8));
#3415=CARTESIAN_POINT('Origin',(55.0911654948817,-34.4131575729743,50.3));
#3416=CARTESIAN_POINT('',(56.0911654948817,-34.4131575729743,49.8));
#3417=CARTESIAN_POINT('Origin',(56.0911654948817,-34.4131575729743,50.3));
#3418=CARTESIAN_POINT('Origin',(55.0911654948817,-34.4131575729743,49.8));
#3419=CARTESIAN_POINT('Origin',(45.0911654948817,-35.4131575729743,50.3));
#3420=CARTESIAN_POINT('Origin',(45.0911654948817,-35.4131575729743,50.3));
#3421=CARTESIAN_POINT('Origin',(22.1062264425681,-16.7881575729735,71.92));
#3422=CARTESIAN_POINT('',(22.1062264425681,-35.8681575729454,71.42));
#3423=CARTESIAN_POINT('',(22.1062264425681,-16.7881575729735,71.42));
#3424=CARTESIAN_POINT('',(21.6062264425681,-35.8681575729454,71.92));
#3425=CARTESIAN_POINT('Origin',(22.1062264425681,-35.8681575729454,71.92));
#3426=CARTESIAN_POINT('',(21.6062264425681,-16.7881575729735,71.92));
#3427=CARTESIAN_POINT('Origin',(36.7311654948817,-34.9131575729739,71.42));
#3428=CARTESIAN_POINT('',(36.4311654948813,-35.8681575729458,71.42));
#3429=CARTESIAN_POINT('',(36.4311654948815,-16.7881575729737,71.42));
#3430=CARTESIAN_POINT('',(57.6611654948817,-35.8681575729459,71.42));
#3431=CARTESIAN_POINT('Origin',(36.4311654948815,-16.7881575729737,70.92));
#3432=CARTESIAN_POINT('',(36.9311654948813,-35.8681575729456,70.92));
#3433=CARTESIAN_POINT('',(36.9311654948815,-16.7881575729737,70.92));
#3434=CARTESIAN_POINT('Origin',(36.4311654948813,-35.8681575729458,70.92));
#3435=CARTESIAN_POINT('Origin',(36.9311654948817,1.33684242702653,86.1));
#3436=CARTESIAN_POINT('',(36.9311654948813,-35.8681575729456,59.29));
#3437=CARTESIAN_POINT('',(36.9311654948817,1.33684242702655,59.29));
#3438=CARTESIAN_POINT('',(36.9311654948813,-35.8681575729456,67.95));
#3439=CARTESIAN_POINT('Origin',(37.4311654948817,1.33684242702655,59.29));
#3440=CARTESIAN_POINT('',(37.4311654948813,-35.8681575729456,58.79));
#3441=CARTESIAN_POINT('',(37.4311654948817,1.33684242702655,58.79));
#3442=CARTESIAN_POINT('Origin',(37.4311654948813,-35.8681575729456,59.29));
#3443=CARTESIAN_POINT('Origin',(40.5611654948815,1.33684242702653,58.79));
#3444=CARTESIAN_POINT('',(44.0911654948817,-35.8681575729462,58.79));
#3445=CARTESIAN_POINT('',(44.0911654948817,-16.788157572974,58.79));
#3446=CARTESIAN_POINT('',(59.5761654948813,-35.868157572946,58.79));
#3447=CARTESIAN_POINT('Origin',(44.0911654948817,-16.788157572974,58.29));
#3448=CARTESIAN_POINT('',(44.5911654948817,-35.8681575729457,58.29));
#3449=CARTESIAN_POINT('',(44.5911654948817,-16.788157572974,58.29));
#3450=CARTESIAN_POINT('Origin',(44.0911654948817,-35.8681575729462,58.29));
#3451=CARTESIAN_POINT('Origin',(44.5911654948817,-34.9131575729745,49.8));
#3452=CARTESIAN_POINT('',(44.5911654948817,-35.8681575729457,50.3));
#3453=CARTESIAN_POINT('',(44.5911654948817,-36.8906575729602,50.3));
#3454=CARTESIAN_POINT('',(44.5911654948817,-35.8681575729457,49.8));
#3455=CARTESIAN_POINT('Origin',(45.0911654948817,-36.8906575729602,50.3));
#3456=CARTESIAN_POINT('',(45.0911654948817,-35.8681575729457,49.8));
#3457=CARTESIAN_POINT('',(45.0911654948817,-36.8906575729602,49.8));
#3458=CARTESIAN_POINT('Origin',(45.0911654948817,-35.8681575729457,50.3));
#3459=CARTESIAN_POINT('Origin',(56.0911654948817,-31.4406575729601,50.3));
#3460=CARTESIAN_POINT('',(56.0911654948817,-25.3451543375236,49.8));
#3461=CARTESIAN_POINT('Origin',(56.0911654948817,-25.3451543375236,50.3));
#3462=CARTESIAN_POINT('',(56.0911654948817,-31.4406575729601,49.8));
#3463=CARTESIAN_POINT('Origin',(56.0911654948817,-25.3451543375236,50.3));
#3464=CARTESIAN_POINT('Origin',(56.0911654948817,-25.3451543375236,50.3));
#3465=CARTESIAN_POINT('Origin',(49.9911654948817,-38.8681575729459,49.8));
#3466=CARTESIAN_POINT('',(73.3151877076154,-35.8681575729462,49.8));
#3467=CARTESIAN_POINT('Origin',(82.6280744366024,-1.2672333997198,49.8));
#3468=CARTESIAN_POINT('',(64.2911654948817,-35.868157572946,49.8));
#3469=CARTESIAN_POINT('',(61.0911654948817,-33.368157572946,49.8));
#3470=CARTESIAN_POINT('Origin',(59.5911654948817,-33.368157572946,49.8));
#3471=CARTESIAN_POINT('Origin',(82.6280744366024,-1.2672333997198,50.3));
#3472=CARTESIAN_POINT('Origin',(73.3151877076154,-35.8681575729462,50.3));
#3473=CARTESIAN_POINT('Origin',(61.7471552408637,-30.3866603585274,49.8));
#3474=CARTESIAN_POINT('',(62.1555075127344,-30.6751883849963,54.498));
#3475=CARTESIAN_POINT('Ctrl Pts',(62.0385252961955,-29.9803310698269,53.998));
#3476=CARTESIAN_POINT('Ctrl Pts',(62.0392388941884,-29.9808427757079,53.9988842944194));
#3477=CARTESIAN_POINT('Ctrl Pts',(62.0399511454982,-29.981356362365,53.9997685904606));
#3478=CARTESIAN_POINT('Ctrl Pts',(62.1126252019298,-30.0340513576155,54.0901681751469));
#3479=CARTESIAN_POINT('Ctrl Pts',(62.1694159241051,-30.1044792153662,54.1779621112545));
#3480=CARTESIAN_POINT('Ctrl Pts',(62.2328311331443,-30.2492546280638,54.3143907760327));
#3481=CARTESIAN_POINT('Ctrl Pts',(62.2470606728677,-30.3171819123775,54.3655792341028));
#3482=CARTESIAN_POINT('Ctrl Pts',(62.2472256232568,-30.4377733449555,54.4357105016997));
#3483=CARTESIAN_POINT('Ctrl Pts',(62.2392530789095,-30.4922016168394,54.4607130982632));
#3484=CARTESIAN_POINT('Ctrl Pts',(62.2058480759729,-30.5911296713795,54.490605528238));
#3485=CARTESIAN_POINT('Ctrl Pts',(62.1843230212984,-30.6341836535473,54.4978717310714));
#3486=CARTESIAN_POINT('Ctrl Pts',(62.1560057699755,-30.6744822334548,54.4979994399588));
#3487=CARTESIAN_POINT('Ctrl Pts',(62.1557568447179,-30.6748355066878,54.498));
#3488=CARTESIAN_POINT('Ctrl Pts',(62.1555075127344,-30.6751883849963,54.498));
#3489=CARTESIAN_POINT('',(62.0741090097875,-30.7649475946146,85.8979929072196));
#3490=CARTESIAN_POINT('Origin',(61.7471552408637,-30.3866603585274,85.8979929072196));
#3491=CARTESIAN_POINT('',(62.0741090097875,-30.7649475946146,54.498));
#3492=CARTESIAN_POINT('',(62.0741090097875,-30.7649475946146,49.8));
#3493=CARTESIAN_POINT('Origin',(61.7471552408637,-30.3866603585274,54.498));
#3494=CARTESIAN_POINT('Origin',(61.7471552408636,-30.3866603585274,85.8979929072196));
#3495=CARTESIAN_POINT('',(61.7471552408636,-30.3866603585274,86.3979929072196));
#3496=CARTESIAN_POINT('Origin',(61.7471552408636,-30.3866603585274,85.8979929072196));
#3497=CARTESIAN_POINT('Origin',(61.7471552408636,-30.3866603585274,85.8979929072196));
#3498=CARTESIAN_POINT('Origin',(63.135285529596,-29.1868989434903,85.8979929072196));
#3499=CARTESIAN_POINT('',(61.6075287064168,-30.5073396131366,86.3979929072196));
#3500=CARTESIAN_POINT('',(63.135285529596,-29.1868989434903,86.3979929072196));
#3501=CARTESIAN_POINT('',(61.9344824753407,-30.8856268492238,85.8979929072196));
#3502=CARTESIAN_POINT('Origin',(61.6075287064168,-30.5073396131366,85.8979929072196));
#3503=CARTESIAN_POINT('',(63.4622392985198,-29.5651861795775,85.8979929072196));
#3504=CARTESIAN_POINT('Origin',(82.6280744366024,-1.2672333997198,85.8979929072196));
#3505=CARTESIAN_POINT('',(53.0911654948817,-21.5533080085938,86.3979929072196));
#3506=CARTESIAN_POINT('Origin',(82.6280744366024,-1.2672333997198,86.3979929072196));
#3507=CARTESIAN_POINT('Ctrl Pts',(53.5911654948817,-21.3975446424343,85.8979929072195));
#3508=CARTESIAN_POINT('Ctrl Pts',(53.5911654948817,-21.3975446424343,85.9602944083296));
#3509=CARTESIAN_POINT('Ctrl Pts',(53.5795252582137,-21.4011858140239,86.0218424649868));
#3510=CARTESIAN_POINT('Ctrl Pts',(53.5340420572552,-21.4154023318085,86.1385619978628));
#3511=CARTESIAN_POINT('Ctrl Pts',(53.5002245886743,-21.4259690609105,86.1922122461869));
#3512=CARTESIAN_POINT('Ctrl Pts',(53.4133243662652,-21.4530894050233,86.2859240253959));
#3513=CARTESIAN_POINT('Ctrl Pts',(53.3602586798185,-21.4696357106823,86.3242955459731));
#3514=CARTESIAN_POINT('Ctrl Pts',(53.2693920940805,-21.4979257401125,86.3665204486333));
#3515=CARTESIAN_POINT('Ctrl Pts',(53.2354765770316,-21.5084771850329,86.3780375481286));
#3516=CARTESIAN_POINT('Ctrl Pts',(53.1658629970022,-21.5301167167159,86.3936712049814));
#3517=CARTESIAN_POINT('Ctrl Pts',(53.1302963227624,-21.5411638941283,86.397733344951));
#3518=CARTESIAN_POINT('Ctrl Pts',(53.0934791192612,-21.5525900103252,86.3979888925591));
#3519=CARTESIAN_POINT('Ctrl Pts',(53.0923223095499,-21.5529490134553,86.3979929072196));
#3520=CARTESIAN_POINT('Ctrl Pts',(53.0911654948817,-21.5533080085938,86.3979929072196));
#3521=CARTESIAN_POINT('Origin',(61.6075287064168,-30.5073396131366,85.8979929072196));
#3522=CARTESIAN_POINT('',(61.3194768190547,-30.9160278931094,85.8979929072196));
#3523=CARTESIAN_POINT('Origin',(61.6075287064168,-30.5073396131366,85.8979929072196));
#3524=CARTESIAN_POINT('Origin',(61.6075287064168,-30.5073396131366,85.8979929072196));
#3525=CARTESIAN_POINT('Origin',(61.6075287064168,-30.5073396131366,85.1));
#3526=CARTESIAN_POINT('',(61.3194768190547,-30.9160278931094,54.498));
#3527=CARTESIAN_POINT('',(61.3194768190547,-30.9160278931094,85.1));
#3528=CARTESIAN_POINT('',(61.9344824753407,-30.8856268492238,54.498));
#3529=CARTESIAN_POINT('Origin',(61.6075287064168,-30.5073396131366,54.498));
#3530=CARTESIAN_POINT('',(61.9344824753407,-30.8856268492238,85.1));
#3531=CARTESIAN_POINT('Origin',(59.5911654948817,-33.368157572946,85.1));
#3532=CARTESIAN_POINT('Origin',(59.5911654948817,-33.368157572946,54.498));
#3533=CARTESIAN_POINT('Origin',(59.5911654948817,-33.368157572946,85.8979929072196));
#3534=CARTESIAN_POINT('Origin',(59.5911654948817,-33.368157572946,85.8979929072196));
#3535=CARTESIAN_POINT('',(56.4685127028539,-34.9489926498724,86.3979929072196));
#3536=CARTESIAN_POINT('Origin',(59.5911654948817,-33.368157572946,86.3979929072196));
#3537=CARTESIAN_POINT('Origin',(56.4685127028539,-34.9489926498724,85.8979929072196));
#3538=CARTESIAN_POINT('Origin',(56.4685127028539,-34.9489926498724,85.8979929072196));
#3539=CARTESIAN_POINT('Origin',(56.4685127028539,-34.9489926498724,85.8979929072196));
#3540=CARTESIAN_POINT('Origin',(57.8037306344217,-33.7949634006269,85.8979929072196));
#3541=CARTESIAN_POINT('',(55.4050340361231,-35.8681575729459,86.3979929072196));
#3542=CARTESIAN_POINT('',(57.8037306344217,-33.7949634006269,86.3979929072196));
#3543=CARTESIAN_POINT('Origin',(55.4050340361231,-35.8681575729459,85.8979929072196));
#3544=CARTESIAN_POINT('Origin',(55.4050340361231,-35.8681575729459,49.8));
#3545=CARTESIAN_POINT('',(55.4050340361231,-36.3681575729459,53.998));
#3546=CARTESIAN_POINT('Origin',(55.4050340361231,-35.8681575729459,53.998));
#3547=CARTESIAN_POINT('',(55.4050340361231,-36.3681575729459,85.8979929072196));
#3548=CARTESIAN_POINT('Origin',(55.4050340361231,-35.8681575729459,85.8979929072196));
#3549=CARTESIAN_POINT('',(55.4050340361231,-36.3681575729459,49.8));
#3550=CARTESIAN_POINT('Origin',(55.4050340361231,-35.8681575729459,85.8979929072196));
#3551=CARTESIAN_POINT('Origin',(55.4050340361231,-35.8681575729459,85.8979929072196));
#3552=CARTESIAN_POINT('Origin',(60.2867857658989,-35.868157572946,85.8979929072196));
#3553=CARTESIAN_POINT('',(22.1062264425681,-35.8681575729454,86.3979929072196));
#3554=CARTESIAN_POINT('',(60.2867857658989,-35.868157572946,86.3979929072196));
#3555=CARTESIAN_POINT('',(22.1062264425681,-36.3681575729454,85.8979929072196));
#3556=CARTESIAN_POINT('Origin',(22.1062264425681,-35.8681575729454,85.8979929072196));
#3557=CARTESIAN_POINT('',(60.2867857658989,-36.368157572946,85.8979929072196));
#3558=CARTESIAN_POINT('Origin',(73.3151877076154,-35.8681575729462,50.3));
#3559=CARTESIAN_POINT('',(73.3151877076154,-36.3681575729462,50.3));
#3560=CARTESIAN_POINT('Origin',(73.3151877076154,-35.8681575729462,50.3));
#3561=CARTESIAN_POINT('Origin',(73.3151877076154,-35.8681575729462,50.3));
#3562=CARTESIAN_POINT('Origin',(64.2911654948817,-35.868157572946,50.3));
#3563=CARTESIAN_POINT('',(45.0911654948817,-36.3681575729457,50.3));
#3564=CARTESIAN_POINT('Origin',(45.0911654948817,-35.8681575729457,50.3));
#3565=CARTESIAN_POINT('',(64.2911654948817,-36.368157572946,50.3));
#3566=CARTESIAN_POINT('Origin',(73.3151877076154,-35.8681575729462,49.8));
#3567=CARTESIAN_POINT('',(73.3151877076154,-36.3681575729462,53.998));
#3568=CARTESIAN_POINT('Origin',(73.3151877076154,-35.8681575729462,53.998));
#3569=CARTESIAN_POINT('',(73.3151877076154,-36.3681575729462,49.8));
#3570=CARTESIAN_POINT('Origin',(73.3151877076154,-35.8681575729462,53.998));
#3571=CARTESIAN_POINT('',(73.3151877076154,-35.8681575729462,54.498));
#3572=CARTESIAN_POINT('Origin',(73.3151877076154,-35.8681575729462,53.998));
#3573=CARTESIAN_POINT('Origin',(73.3151877076154,-35.8681575729462,53.998));
#3574=CARTESIAN_POINT('Origin',(45.0911654948817,-35.8681575729457,49.8));
#3575=CARTESIAN_POINT('Origin',(45.0911654948817,-35.8681575729457,50.3));
#3576=CARTESIAN_POINT('',(45.0911654948817,-36.3681575729457,58.29));
#3577=CARTESIAN_POINT('',(45.0911654948817,-36.3681575729457,49.8));
#3578=CARTESIAN_POINT('Origin',(45.0911654948817,-35.8681575729457,58.29));
#3579=CARTESIAN_POINT('Origin',(44.0911654948817,-35.8681575729462,58.29));
#3580=CARTESIAN_POINT('',(44.0911654948817,-36.3681575729457,59.29));
#3581=CARTESIAN_POINT('Origin',(44.0911654948817,-35.8681575729462,59.29));
#3582=CARTESIAN_POINT('Origin',(44.0911654948817,-36.3681575729457,58.29));
#3583=CARTESIAN_POINT('Origin',(59.5761654948813,-35.868157572946,59.29));
#3584=CARTESIAN_POINT('',(37.4311654948813,-36.3681575729456,59.29));
#3585=CARTESIAN_POINT('Origin',(37.4311654948813,-35.8681575729456,59.29));
#3586=CARTESIAN_POINT('',(59.5761654948813,-36.368157572946,59.29));
#3587=CARTESIAN_POINT('Origin',(45.0911654948817,-35.8681575729457,50.3));
#3588=CARTESIAN_POINT('Origin',(37.4311654948813,-35.8681575729456,67.95));
#3589=CARTESIAN_POINT('Origin',(37.4311654948813,-35.8681575729456,59.29));
#3590=CARTESIAN_POINT('',(37.4311654948813,-36.3681575729456,70.92));
#3591=CARTESIAN_POINT('',(37.4311654948813,-36.3681575729456,67.95));
#3592=CARTESIAN_POINT('Origin',(37.4311654948813,-35.8681575729456,70.92));
#3593=CARTESIAN_POINT('Origin',(36.4311654948813,-35.8681575729458,70.92));
#3594=CARTESIAN_POINT('',(36.4311654948813,-36.3681575729456,71.92));
#3595=CARTESIAN_POINT('Origin',(36.4311654948813,-35.8681575729458,71.92));
#3596=CARTESIAN_POINT('Origin',(36.4311654948813,-36.3681575729456,70.92));
#3597=CARTESIAN_POINT('Origin',(57.6611654948817,-35.8681575729459,71.92));
#3598=CARTESIAN_POINT('',(22.106226442568,-36.3681575729454,71.92));
#3599=CARTESIAN_POINT('Origin',(22.1062264425681,-35.8681575729454,71.92));
#3600=CARTESIAN_POINT('',(57.6611654948817,-36.3681575729459,71.92));
#3601=CARTESIAN_POINT('Origin',(37.4311654948813,-35.8681575729456,59.29));
#3602=CARTESIAN_POINT('Origin',(22.1062264425681,-35.8681575729454,64.505));
#3603=CARTESIAN_POINT('Origin',(22.1062264425681,-35.8681575729454,71.92));
#3604=CARTESIAN_POINT('',(22.1062264425681,-36.3681575729454,64.505));
#3605=CARTESIAN_POINT('',(21.6062264425681,-35.8681575729454,85.8979929072196));
#3606=CARTESIAN_POINT('Origin',(22.1062264425681,-35.8681575729454,85.8979929072196));
#3607=CARTESIAN_POINT('',(21.6062264425681,-35.8681575729454,64.505));
#3608=CARTESIAN_POINT('Origin',(22.1062264425681,-35.8681575729454,71.92));
#3609=CARTESIAN_POINT('Origin',(22.1062264425681,-35.8681575729454,85.8979929072196));
#3610=CARTESIAN_POINT('Origin',(22.1062264425681,-35.8681575729454,85.8979929072196));
#3611=CARTESIAN_POINT('Origin',(69.0911654948817,-35.8681575729461,53.998));
#3612=CARTESIAN_POINT('',(69.0911654948817,-35.8681575729461,54.498));
#3613=CARTESIAN_POINT('',(69.0911654948817,-36.3681575729461,53.998));
#3614=CARTESIAN_POINT('Origin',(82.6280744366024,-1.2672333997198,53.998));
#3615=CARTESIAN_POINT('Origin',(82.6280744366024,-1.2672333997198,54.498));
#3616=CARTESIAN_POINT('Origin',(59.5911654948817,-33.368157572946,54.498));
#3617=CARTESIAN_POINT('',(71.2235836571265,-22.8570539776819,54.498));
#3618=CARTESIAN_POINT('',(61.0911654948817,-33.368157572946,54.498));
#3619=CARTESIAN_POINT('Origin',(59.5911654948817,-33.368157572946,54.498));
#3620=CARTESIAN_POINT('Origin',(60.4692488985905,-32.1520286586728,49.8));
#3621=CARTESIAN_POINT('Origin',(78.5911654948817,-36.3681575729462,49.8));
#3622=CARTESIAN_POINT('Origin',(59.5911654948817,-33.368157572946,49.8));
#3623=CARTESIAN_POINT('',(61.0911654948817,-33.368157572946,49.8));
#3624=CARTESIAN_POINT('Origin',(59.5911654948822,38.0418424269987,49.8));
#3625=CARTESIAN_POINT('',(61.0911654948822,38.0418424269987,54.498));
#3626=CARTESIAN_POINT('Origin',(59.5911654948822,38.0418424269987,54.498));
#3627=CARTESIAN_POINT('',(61.0911654948822,38.0418424269987,49.8));
#3628=CARTESIAN_POINT('',(61.0911654948822,38.0418424269987,49.8));
#3629=CARTESIAN_POINT('Origin',(59.5911654948822,38.0418424269987,49.8));
#3630=CARTESIAN_POINT('Origin',(59.5911654948822,38.0418424269987,54.498));
#3631=CARTESIAN_POINT('',(56.1696681335466,40.5418424269983,54.498));
#3632=CARTESIAN_POINT('',(73.3151877076135,40.5418424269981,54.498));
#3633=CARTESIAN_POINT('',(40.4986959687251,40.5418424269985,54.498));
#3634=CARTESIAN_POINT('',(56.7954664717783,40.0009647400123,54.498));
#3635=CARTESIAN_POINT('',(68.9689982636647,29.4793776475133,54.498));
#3636=CARTESIAN_POINT('',(56.9146059588584,39.3968439215071,54.498));
#3637=CARTESIAN_POINT('Origin',(56.4685127028544,39.6226775039251,54.498));
#3638=CARTESIAN_POINT('',(61.3194768190551,35.5897127471621,54.498));
#3639=CARTESIAN_POINT('Origin',(59.5911654948822,38.0418424269987,54.498));
#3640=CARTESIAN_POINT('',(61.9344824753411,35.5593117032765,54.498));
#3641=CARTESIAN_POINT('Origin',(61.6075287064172,35.1810244671893,54.498));
#3642=CARTESIAN_POINT('',(62.0741090097879,35.4386324486673,54.498));
#3643=CARTESIAN_POINT('',(71.6930965392487,27.1249387102292,54.498));
#3644=CARTESIAN_POINT('',(62.1555075127348,35.348873239049,54.498));
#3645=CARTESIAN_POINT('Origin',(61.7471552408641,35.0603452125801,54.498));
#3646=CARTESIAN_POINT('Origin',(82.6280744366024,5.94091825377222,54.498));
#3647=CARTESIAN_POINT('Origin',(49.8061391082425,46.0418424269988,49.8));
#3648=CARTESIAN_POINT('',(56.7954664717783,40.0009647400123,85.8979929072196));
#3649=CARTESIAN_POINT('',(56.7954664717783,40.0009647400123,85.1));
#3650=CARTESIAN_POINT('',(55.7319878050479,40.9201296630855,54.3249537689239));
#3651=CARTESIAN_POINT('Origin',(56.1696681335466,40.5418424269983,53.998));
#3652=CARTESIAN_POINT('',(55.7319878050479,40.9201296630855,85.8979929072196));
#3653=CARTESIAN_POINT('',(55.7319878050479,40.9201296630855,49.8));
#3654=CARTESIAN_POINT('',(58.1306844033459,38.8469354907669,85.8979929072196));
#3655=CARTESIAN_POINT('Origin',(82.6280744366024,5.94091825377222,85.8979929072196));
#3656=CARTESIAN_POINT('',(53.5911654948817,26.0712294964867,85.8979929072196));
#3657=CARTESIAN_POINT('',(62.0385252961959,34.6540159238795,85.8979929072196));
#3658=CARTESIAN_POINT('Origin',(82.6280744366024,5.94091825377222,85.8979929072196));
#3659=CARTESIAN_POINT('',(61.7471552408641,35.0603452125801,86.3979929072196));
#3660=CARTESIAN_POINT('Origin',(61.7471552408641,35.0603452125801,85.8979929072196));
#3661=CARTESIAN_POINT('',(53.0911654948817,26.2269928626462,86.3979929072196));
#3662=CARTESIAN_POINT('Origin',(82.6280744366024,5.94091825377222,86.3979929072196));
#3663=CARTESIAN_POINT('Ctrl Pts',(53.0911654948817,26.2269928626462,86.3979929072196));
#3664=CARTESIAN_POINT('Ctrl Pts',(53.0923223093664,26.2266338675646,86.3979929072196));
#3665=CARTESIAN_POINT('Ctrl Pts',(53.0934791188975,26.2262748644906,86.3979888925603));
#3666=CARTESIAN_POINT('Ctrl Pts',(53.1302961029604,26.2148488163951,86.3977333465157));
#3667=CARTESIAN_POINT('Ctrl Pts',(53.1658625595249,26.203801706652,86.3936712550115));
#3668=CARTESIAN_POINT('Ctrl Pts',(53.2354757317094,26.1821623019619,86.3780377860317));
#3669=CARTESIAN_POINT('Ctrl Pts',(53.2693910610102,26.1716109156105,86.366520824634));
#3670=CARTESIAN_POINT('Ctrl Pts',(53.3602575715858,26.1433209101016,86.3242962480086));
#3671=CARTESIAN_POINT('Ctrl Pts',(53.4133233702794,26.1267745697234,86.2859248550352));
#3672=CARTESIAN_POINT('Ctrl Pts',(53.5002238471779,26.0996541465505,86.1922132790289));
#3673=CARTESIAN_POINT('Ctrl Pts',(53.534041456433,26.0890873736074,86.1385631069592));
#3674=CARTESIAN_POINT('Ctrl Pts',(53.5795249500427,26.0748707644493,86.021843678781));
#3675=CARTESIAN_POINT('Ctrl Pts',(53.5911654948817,26.0712294964867,85.9602944104221));
#3676=CARTESIAN_POINT('Ctrl Pts',(53.5911654948817,26.0712294964867,85.8979929072196));
#3677=CARTESIAN_POINT('Origin',(57.8037306344221,38.4686482546798,85.8979929072196));
#3678=CARTESIAN_POINT('',(55.4050340361241,40.5418424269983,86.3979929072196));
#3679=CARTESIAN_POINT('Origin',(55.4050340361241,40.5418424269983,85.8979929072196));
#3680=CARTESIAN_POINT('',(56.4685127028544,39.6226775039251,86.3979929072196));
#3681=CARTESIAN_POINT('',(57.8037306344221,38.4686482546798,86.3979929072196));
#3682=CARTESIAN_POINT('Origin',(56.4685127028544,39.6226775039251,85.8979929072196));
#3683=CARTESIAN_POINT('Origin',(82.6280744366024,5.94091825377222,53.998));
#3684=CARTESIAN_POINT('',(73.4451387071883,40.059024927616,53.998));
#3685=CARTESIAN_POINT('Origin',(73.3151877076136,40.5418424269981,53.998));
#3686=CARTESIAN_POINT('',(62.0385252961959,34.6540159238795,53.998));
#3687=CARTESIAN_POINT('Ctrl Pts',(62.1555075127348,35.348873239049,54.498));
#3688=CARTESIAN_POINT('Ctrl Pts',(62.1557568447184,35.3485203607404,54.498));
#3689=CARTESIAN_POINT('Ctrl Pts',(62.156005769976,35.3481670875074,54.4979994399588));
#3690=CARTESIAN_POINT('Ctrl Pts',(62.1843230212989,35.3078685075997,54.4978717310713));
#3691=CARTESIAN_POINT('Ctrl Pts',(62.2058480759734,35.2648145254319,54.4906055282379));
#3692=CARTESIAN_POINT('Ctrl Pts',(62.23925307891,35.1658864708918,54.4607130982631));
#3693=CARTESIAN_POINT('Ctrl Pts',(62.2472256232572,35.111458199008,54.4357105016995));
#3694=CARTESIAN_POINT('Ctrl Pts',(62.247060672868,34.9908667664298,54.3655792341025));
#3695=CARTESIAN_POINT('Ctrl Pts',(62.2328311331446,34.9229394821161,54.3143907760324));
#3696=CARTESIAN_POINT('Ctrl Pts',(62.169415924105,34.778164069418,54.1779621112537));
#3697=CARTESIAN_POINT('Ctrl Pts',(62.1126252019297,34.7077362116679,54.090168175146));
#3698=CARTESIAN_POINT('Ctrl Pts',(62.0399511454987,34.6550412164177,53.9997685904607));
#3699=CARTESIAN_POINT('Ctrl Pts',(62.0392388941889,34.6545276297607,53.9988842944195));
#3700=CARTESIAN_POINT('Ctrl Pts',(62.0385252961959,34.6540159238795,53.998));
#3701=CARTESIAN_POINT('Origin',(82.6280744366024,5.94091825377222,53.998));
#3702=CARTESIAN_POINT('Origin',(40.4986959687251,40.5418424269985,53.998));
#3703=CARTESIAN_POINT('Origin',(73.3151877076136,40.5418424269981,53.998));
#3704=CARTESIAN_POINT('Origin',(55.405034036124,40.5418424269983,53.998));
#3705=CARTESIAN_POINT('Origin',(45.0911654948822,40.5418424269984,50.3));
#3706=CARTESIAN_POINT('',(45.0911654948822,40.5418424269984,49.8));
#3707=CARTESIAN_POINT('Origin',(45.0911654948822,40.5418424269984,50.3));
#3708=CARTESIAN_POINT('',(44.5911654948822,40.5418424269984,50.3));
#3709=CARTESIAN_POINT('Origin',(45.0911654948822,40.5418424269984,50.3));
#3710=CARTESIAN_POINT('Origin',(45.0911654948822,40.5418424269984,50.3));
#3711=CARTESIAN_POINT('Origin',(35.6986959687251,40.5418424269985,50.3));
#3712=CARTESIAN_POINT('',(73.3151877076136,40.5418424269981,49.8));
#3713=CARTESIAN_POINT('Origin',(73.3151877076136,40.5418424269981,50.3));
#3714=CARTESIAN_POINT('',(35.6986959687251,40.5418424269985,49.8));
#3715=CARTESIAN_POINT('Origin',(73.3151877076136,40.5418424269981,53.998));
#3716=CARTESIAN_POINT('Origin',(73.3151877076136,40.5418424269981,53.998));
#3717=CARTESIAN_POINT('Origin',(73.3151877076136,40.5418424269981,49.8));
#3718=CARTESIAN_POINT('',(73.4451387071883,40.059024927616,50.3));
#3719=CARTESIAN_POINT('',(73.4451387071883,40.059024927616,49.8));
#3720=CARTESIAN_POINT('Origin',(73.3151877076136,40.5418424269981,50.3));
#3721=CARTESIAN_POINT('Origin',(73.3151877076136,40.5418424269981,50.3));
#3722=CARTESIAN_POINT('Origin',(73.3151877076136,40.5418424269981,50.3));
#3723=CARTESIAN_POINT('Origin',(37.4311654948821,40.5418424269985,59.29));
#3724=CARTESIAN_POINT('',(37.4311654948821,40.5418424269985,58.79));
#3725=CARTESIAN_POINT('Origin',(37.4311654948821,40.5418424269985,59.29));
#3726=CARTESIAN_POINT('',(36.9311654948821,40.5418424269985,59.29));
#3727=CARTESIAN_POINT('Origin',(37.4311654948821,40.5418424269985,59.29));
#3728=CARTESIAN_POINT('Origin',(37.4311654948821,40.5418424269985,59.29));
#3729=CARTESIAN_POINT('Origin',(45.0911654948822,40.5418424269984,49.8));
#3730=CARTESIAN_POINT('',(44.5911654948822,40.5418424269984,58.29));
#3731=CARTESIAN_POINT('',(44.5911654948822,40.5418424269984,49.8));
#3732=CARTESIAN_POINT('Origin',(45.0911654948822,40.5418424269984,58.29));
#3733=CARTESIAN_POINT('Origin',(44.0911654948822,40.5418424269984,58.29));
#3734=CARTESIAN_POINT('',(44.0911654948822,40.5418424269984,58.79));
#3735=CARTESIAN_POINT('Origin',(44.0911654948822,40.5418424269984,58.29));
#3736=CARTESIAN_POINT('Origin',(44.0911654948822,40.5418424269984,59.29));
#3737=CARTESIAN_POINT('Origin',(30.983695968725,40.5418424269986,59.29));
#3738=CARTESIAN_POINT('',(30.983695968725,40.5418424269986,58.79));
#3739=CARTESIAN_POINT('Origin',(22.1062264425681,40.5418424269987,71.92));
#3740=CARTESIAN_POINT('',(22.1062264425681,40.5418424269987,71.42));
#3741=CARTESIAN_POINT('Origin',(22.1062264425681,40.5418424269987,71.92));
#3742=CARTESIAN_POINT('',(21.6062264425681,40.5418424269987,71.92));
#3743=CARTESIAN_POINT('Origin',(22.1062264425681,40.5418424269987,71.92));
#3744=CARTESIAN_POINT('Origin',(22.1062264425681,40.5418424269987,71.92));
#3745=CARTESIAN_POINT('Origin',(37.4311654948821,40.5418424269985,67.95));
#3746=CARTESIAN_POINT('',(36.9311654948821,40.5418424269985,70.92));
#3747=CARTESIAN_POINT('',(36.9311654948821,40.5418424269985,67.95));
#3748=CARTESIAN_POINT('Origin',(37.4311654948821,40.5418424269985,70.92));
#3749=CARTESIAN_POINT('Origin',(36.4311654948821,40.5418424269985,70.92));
#3750=CARTESIAN_POINT('',(36.4311654948821,40.5418424269985,71.42));
#3751=CARTESIAN_POINT('Origin',(36.4311654948821,40.5418424269985,70.92));
#3752=CARTESIAN_POINT('Origin',(36.4311654948821,40.5418424269985,71.92));
#3753=CARTESIAN_POINT('Origin',(29.0686959687249,40.5418424269986,71.92));
#3754=CARTESIAN_POINT('',(29.0686959687249,40.5418424269986,71.42));
#3755=CARTESIAN_POINT('Origin',(22.1062264425681,40.5418424269987,85.8979929072196));
#3756=CARTESIAN_POINT('',(22.1062264425681,40.5418424269987,86.3979929072196));
#3757=CARTESIAN_POINT('',(21.6062264425681,40.5418424269987,85.8979929072196));
#3758=CARTESIAN_POINT('Origin',(22.1062264425681,40.5418424269987,85.8979929072196));
#3759=CARTESIAN_POINT('Origin',(22.1062264425681,40.5418424269987,85.8979929072196));
#3760=CARTESIAN_POINT('Origin',(22.1062264425681,40.5418424269987,85.8979929072196));
#3761=CARTESIAN_POINT('Origin',(22.1062264425681,40.5418424269987,64.505));
#3762=CARTESIAN_POINT('',(21.6062264425681,40.5418424269987,64.505));
#3763=CARTESIAN_POINT('Origin',(61.7471552408641,35.0603452125801,85.8979929072196));
#3764=CARTESIAN_POINT('',(62.0741090097879,35.4386324486673,85.8979929072196));
#3765=CARTESIAN_POINT('Origin',(61.7471552408641,35.0603452125801,85.8979929072196));
#3766=CARTESIAN_POINT('Origin',(61.7471552408641,35.0603452125801,85.8979929072196));
#3767=CARTESIAN_POINT('Origin',(61.7471552408641,35.0603452125801,49.8));
#3768=CARTESIAN_POINT('',(62.0741090097879,35.4386324486673,49.8));
#3769=CARTESIAN_POINT('',(62.0385252961959,34.6540159238795,49.8));
#3770=CARTESIAN_POINT('Origin',(63.1352855295962,33.8605837975431,85.8979929072196));
#3771=CARTESIAN_POINT('',(61.6075287064172,35.1810244671893,86.3979929072196));
#3772=CARTESIAN_POINT('',(61.9344824753411,35.5593117032765,85.8979929072196));
#3773=CARTESIAN_POINT('Origin',(61.6075287064172,35.1810244671893,85.8979929072196));
#3774=CARTESIAN_POINT('',(63.1352855295962,33.8605837975431,86.3979929072196));
#3775=CARTESIAN_POINT('',(63.4622392985201,34.2388710336303,85.8979929072196));
#3776=CARTESIAN_POINT('Origin',(60.469248898591,36.8257135127255,49.8));
#3777=CARTESIAN_POINT('',(61.9344824753411,35.5593117032765,85.1));
#3778=CARTESIAN_POINT('Origin',(61.6075287064172,35.1810244671893,85.1));
#3779=CARTESIAN_POINT('',(61.3194768190551,35.5897127471621,85.8979929072196));
#3780=CARTESIAN_POINT('Origin',(61.6075287064172,35.1810244671893,85.8979929072196));
#3781=CARTESIAN_POINT('',(61.3194768190551,35.5897127471621,85.1));
#3782=CARTESIAN_POINT('Origin',(61.6075287064172,35.1810244671893,85.8979929072196));
#3783=CARTESIAN_POINT('Origin',(61.6075287064172,35.1810244671893,85.8979929072196));
#3784=CARTESIAN_POINT('Origin',(59.5911654948822,38.0418424269987,85.8979929072196));
#3785=CARTESIAN_POINT('',(56.9146059588584,39.3968439215071,85.8979929072196));
#3786=CARTESIAN_POINT('Origin',(56.4685127028544,39.6226775039251,85.8979929072196));
#3787=CARTESIAN_POINT('Origin',(59.5911654948822,38.0418424269987,86.3979929072196));
#3788=CARTESIAN_POINT('Origin',(59.5911654948822,38.0418424269987,85.8979929072196));
#3789=CARTESIAN_POINT('Origin',(56.4685127028544,39.6226775039251,85.8979929072196));
#3790=CARTESIAN_POINT('Origin',(56.4685127028544,39.6226775039251,85.8979929072196));
#3791=CARTESIAN_POINT('Origin',(31.6943162397426,40.5418424269986,85.8979929072196));
#3792=CARTESIAN_POINT('Origin',(55.4050340361241,40.5418424269983,85.8979929072196));
#3793=CARTESIAN_POINT('',(31.6943162397426,40.5418424269986,86.3979929072196));
#3794=CARTESIAN_POINT('Origin',(55.4050340361241,40.5418424269983,85.8979929072196));
#3795=CARTESIAN_POINT('Origin',(55.405034036124,40.5418424269983,85.8979929072196));
#3796=CARTESIAN_POINT('Origin',(55.405034036124,40.5418424269983,49.8));
#3797=CARTESIAN_POINT('Origin',(55.591165494882,28.686842427027,49.8));
#3798=CARTESIAN_POINT('',(55.5911654948822,39.086842427027,50.3));
#3799=CARTESIAN_POINT('',(55.5911654948822,39.086842427027,85.3979929072196));
#3800=CARTESIAN_POINT('',(55.5911654948822,39.086842427027,49.8));
#3801=CARTESIAN_POINT('',(55.591165494882,30.0188391915763,50.3));
#3802=CARTESIAN_POINT('',(55.5911654948821,36.1143424270129,50.3));
#3803=CARTESIAN_POINT('',(55.591165494882,30.0188391915763,85.3979929072196));
#3804=CARTESIAN_POINT('',(55.591165494882,30.0188391915763,49.8));
#3805=CARTESIAN_POINT('',(55.5911654948822,39.5868424270271,85.3979929072196));
#3806=CARTESIAN_POINT('Origin',(82.6280744366024,5.94091825377222,50.3));
#3807=CARTESIAN_POINT('',(56.091165494882,30.0188391915763,49.8));
#3808=CARTESIAN_POINT('',(56.4614586105349,29.6828585247216,50.3));
#3809=CARTESIAN_POINT('Origin',(56.091165494882,30.0188391915763,50.3));
#3810=CARTESIAN_POINT('Origin',(82.6280744366024,5.94091825377222,49.8));
#3811=CARTESIAN_POINT('Origin',(82.6280744366024,5.94091825377222,50.3));
#3812=CARTESIAN_POINT('Origin',(56.091165494882,30.0188391915763,50.3));
#3813=CARTESIAN_POINT('Origin',(56.091165494882,30.0188391915763,50.3));
#3814=CARTESIAN_POINT('Origin',(56.091165494882,30.0188391915763,50.3));
#3815=CARTESIAN_POINT('Origin',(56.0911654948821,36.1143424270129,50.3));
#3816=CARTESIAN_POINT('',(56.0911654948822,39.086842427027,49.8));
#3817=CARTESIAN_POINT('Origin',(56.0911654948822,39.086842427027,50.3));
#3818=CARTESIAN_POINT('',(56.0911654948821,36.1143424270129,49.8));
#3819=CARTESIAN_POINT('Origin',(56.091165494882,30.0188391915763,49.8));
#3820=CARTESIAN_POINT('',(56.4614586105349,29.6828585247216,85.3979929072196));
#3821=CARTESIAN_POINT('',(56.4614586105349,29.6828585247216,49.8));
#3822=CARTESIAN_POINT('Origin',(56.091165494882,30.0188391915763,85.3979929072196));
#3823=CARTESIAN_POINT('Origin',(55.0911654948822,39.086842427027,49.8));
#3824=CARTESIAN_POINT('',(55.0911654948822,39.586842427027,85.3979929072196));
#3825=CARTESIAN_POINT('',(55.0911654948822,39.586842427027,50.3));
#3826=CARTESIAN_POINT('',(55.0911654948822,39.586842427027,49.8));
#3827=CARTESIAN_POINT('Origin',(55.0911654948822,39.086842427027,50.3));
#3828=CARTESIAN_POINT('Origin',(55.0911654948822,39.086842427027,85.3979929072196));
#3829=CARTESIAN_POINT('Origin',(55.5911654948822,39.586842427027,49.8));
#3830=CARTESIAN_POINT('',(22.106226442568,39.5868424270275,71.92));
#3831=CARTESIAN_POINT('',(22.106226442568,39.5868424270275,85.3979929072196));
#3832=CARTESIAN_POINT('',(22.106226442568,39.5868424270275,64.505));
#3833=CARTESIAN_POINT('',(36.4311654948821,39.5868424270273,71.92));
#3834=CARTESIAN_POINT('',(46.1611654948819,39.5868424270272,71.92));
#3835=CARTESIAN_POINT('',(37.4311654948821,39.5868424270273,70.92));
#3836=CARTESIAN_POINT('Origin',(36.4311654948821,39.5868424270273,70.92));
#3837=CARTESIAN_POINT('',(37.4311654948821,39.5868424270273,59.29));
#3838=CARTESIAN_POINT('',(37.4311654948821,39.5868424270273,67.95));
#3839=CARTESIAN_POINT('',(44.0911654948822,39.5868424270272,59.29));
#3840=CARTESIAN_POINT('',(48.0761654948821,39.5868424270271,59.29));
#3841=CARTESIAN_POINT('',(45.0911654948822,39.5868424270272,58.29));
#3842=CARTESIAN_POINT('Origin',(44.0911654948822,39.5868424270272,58.29));
#3843=CARTESIAN_POINT('',(45.0911654948822,39.5868424270272,50.3));
#3844=CARTESIAN_POINT('',(45.0911654948821,39.5868424270272,49.8));
#3845=CARTESIAN_POINT('',(52.7911654948822,39.5868424270271,50.3));
#3846=CARTESIAN_POINT('',(21.856226442568,39.5868424270275,85.3979929072196));
#3847=CARTESIAN_POINT('Origin',(22.1062264425681,23.1893424270132,71.92));
#3848=CARTESIAN_POINT('',(21.6062264425681,40.0868424270275,71.92));
#3849=CARTESIAN_POINT('',(22.1062264425681,40.0868424270275,71.42));
#3850=CARTESIAN_POINT('Origin',(22.1062264425681,40.0868424270275,71.92));
#3851=CARTESIAN_POINT('',(21.6062264425681,23.1893424270132,71.92));
#3852=CARTESIAN_POINT('',(22.1062264425681,23.1893424270132,71.42));
#3853=CARTESIAN_POINT('Origin',(36.7311654948817,43.0418424269994,71.42));
#3854=CARTESIAN_POINT('',(36.4311654948821,40.0868424270273,71.42));
#3855=CARTESIAN_POINT('',(46.1611654948819,40.0868424270272,71.42));
#3856=CARTESIAN_POINT('',(36.4311654948819,23.189342427013,71.42));
#3857=CARTESIAN_POINT('Origin',(36.4311654948819,23.189342427013,70.92));
#3858=CARTESIAN_POINT('',(36.9311654948821,40.0868424270272,70.92));
#3859=CARTESIAN_POINT('Origin',(36.4311654948821,40.0868424270272,70.92));
#3860=CARTESIAN_POINT('',(36.9311654948819,23.189342427013,70.92));
#3861=CARTESIAN_POINT('Origin',(36.9311654948817,3.33684242702653,86.1));
#3862=CARTESIAN_POINT('',(36.9311654948821,40.0868424270273,59.29));
#3863=CARTESIAN_POINT('',(36.9311654948821,40.0868424270273,67.95));
#3864=CARTESIAN_POINT('',(36.9311654948817,3.33684242702655,59.29));
#3865=CARTESIAN_POINT('Origin',(37.4311654948817,3.33684242702655,59.29));
#3866=CARTESIAN_POINT('',(37.4311654948821,40.0868424270273,58.79));
#3867=CARTESIAN_POINT('Origin',(37.4311654948821,40.0868424270273,59.29));
#3868=CARTESIAN_POINT('',(37.4311654948817,3.33684242702655,58.79));
#3869=CARTESIAN_POINT('Origin',(40.5611654948815,3.33684242702653,58.79));
#3870=CARTESIAN_POINT('',(44.0911654948822,40.0868424270272,58.79));
#3871=CARTESIAN_POINT('',(48.0761654948821,40.0868424270271,58.79));
#3872=CARTESIAN_POINT('',(44.0911654948819,21.461842427027,58.79));
#3873=CARTESIAN_POINT('Origin',(44.0911654948819,21.461842427027,58.29));
#3874=CARTESIAN_POINT('',(44.5911654948822,40.0868424270272,58.29));
#3875=CARTESIAN_POINT('Origin',(44.0911654948822,40.0868424270272,58.29));
#3876=CARTESIAN_POINT('',(44.5911654948819,21.4618424270269,58.29));
#3877=CARTESIAN_POINT('Origin',(44.5911654948822,39.5868424270274,49.8));
#3878=CARTESIAN_POINT('',(44.5911654948822,40.0868424270272,50.3));
#3879=CARTESIAN_POINT('',(44.5911654948822,40.0868424270272,49.8));
#3880=CARTESIAN_POINT('',(44.5911654948822,41.5643424270131,50.3));
#3881=CARTESIAN_POINT('Origin',(45.0911654948822,41.5643424270131,50.3));
#3882=CARTESIAN_POINT('',(45.0911654948822,40.0868424270272,49.8));
#3883=CARTESIAN_POINT('Origin',(45.0911654948822,40.0868424270272,50.3));
#3884=CARTESIAN_POINT('',(45.0911654948822,41.5643424270131,49.8));
#3885=CARTESIAN_POINT('Origin',(49.9911654948822,43.5418424269988,49.8));
#3886=CARTESIAN_POINT('',(55.0911654948822,40.086842427027,49.8));
#3887=CARTESIAN_POINT('Origin',(55.0911654948822,39.086842427027,49.8));
#3888=CARTESIAN_POINT('',(52.7911654948822,40.0868424270271,49.8));
#3889=CARTESIAN_POINT('Origin',(45.0911654948822,40.0868424270272,50.3));
#3890=CARTESIAN_POINT('Origin',(45.0911654948822,40.0868424270272,50.3));
#3891=CARTESIAN_POINT('Origin',(45.0911654948822,40.0868424270272,50.3));
#3892=CARTESIAN_POINT('Origin',(37.4311654948821,40.0868424270273,59.29));
#3893=CARTESIAN_POINT('Origin',(37.4311654948821,40.0868424270273,59.29));
#3894=CARTESIAN_POINT('Origin',(37.4311654948821,40.0868424270273,59.29));
#3895=CARTESIAN_POINT('Origin',(22.1062264425681,40.0868424270275,71.92));
#3896=CARTESIAN_POINT('Origin',(22.1062264425681,40.0868424270275,71.92));
#3897=CARTESIAN_POINT('Origin',(22.1062264425681,40.0868424270275,71.92));
#3898=CARTESIAN_POINT('Origin',(22.1062264425681,40.0868424270275,64.505));
#3899=CARTESIAN_POINT('',(21.6062264425681,40.0868424270275,85.3979929072196));
#3900=CARTESIAN_POINT('Origin',(22.1062264425681,40.0868424270275,85.3979929072196));
#3901=CARTESIAN_POINT('',(21.6062264425681,40.0868424270275,80.3039964536096));
#3902=CARTESIAN_POINT('Origin',(37.4311654948821,40.0868424270273,67.95));
#3903=CARTESIAN_POINT('Origin',(37.4311654948821,40.0868424270272,70.92));
#3904=CARTESIAN_POINT('Origin',(36.4311654948821,40.0868424270272,70.92));
#3905=CARTESIAN_POINT('Origin',(36.4311654948821,40.0868424270273,71.92));
#3906=CARTESIAN_POINT('Origin',(46.1611654948819,40.0868424270272,71.92));
#3907=CARTESIAN_POINT('Origin',(45.0911654948822,40.0868424270272,49.8));
#3908=CARTESIAN_POINT('Origin',(45.0911654948822,40.0868424270272,58.29));
#3909=CARTESIAN_POINT('Origin',(44.0911654948822,40.0868424270272,58.29));
#3910=CARTESIAN_POINT('Origin',(44.0911654948822,40.0868424270272,59.29));
#3911=CARTESIAN_POINT('Origin',(48.0761654948821,40.0868424270271,59.29));
#3912=CARTESIAN_POINT('Origin',(55.0911654948822,39.086842427027,50.3));
#3913=CARTESIAN_POINT('Origin',(55.0911654948822,40.086842427027,50.3));
#3914=CARTESIAN_POINT('Origin',(52.7911654948822,40.0868424270271,50.3));
#3915=CARTESIAN_POINT('Origin',(82.6280744366024,5.94091825377222,49.8));
#3916=CARTESIAN_POINT('',(53.5911654948817,26.0712294964867,85.3979929072196));
#3917=CARTESIAN_POINT('',(53.5911654948817,26.0712294964867,49.8));
#3918=CARTESIAN_POINT('Origin',(82.6280744366024,5.94091825377222,85.3979929072196));
#3919=CARTESIAN_POINT('Origin',(53.5911654948817,-22.0131575729743,87.1));
#3920=CARTESIAN_POINT('',(53.5911654948817,7.03684242702663,85.3979929072196));
#3921=CARTESIAN_POINT('',(53.5911654948817,-11.3381575729738,85.8979929072196));
#3922=CARTESIAN_POINT('Origin',(56.4685127028544,39.6226775039251,85.1));
#3923=CARTESIAN_POINT('',(56.9146059588584,39.3968439215071,85.1));
#3924=CARTESIAN_POINT('Origin',(59.5911654948822,38.0418424269987,85.1));
#3925=CARTESIAN_POINT('Origin',(21.6062264425681,3.33684242702694,79.21));
#3926=CARTESIAN_POINT('',(21.6062264425681,3.33684242702684,85.8979929072196));
#3927=CARTESIAN_POINT('',(21.6062264425681,19.7118424270272,85.3979929072196));
#3928=CARTESIAN_POINT('Origin',(21.6062264425681,40.0868424270275,85.3979929072196));
#3929=CARTESIAN_POINT('Origin',(53.0911654948817,-9.33815757297376,85.8979929072196));
#3930=CARTESIAN_POINT('',(53.0911654948817,-11.3381575729738,86.3979929072196));
#3931=CARTESIAN_POINT('Origin',(41.9824060369166,3.33684242702673,86.3979929072196));
#3932=CARTESIAN_POINT('',(22.1062264425681,1.33684242702684,86.3979929072196));
#3933=CARTESIAN_POINT('Origin',(22.1062264425681,3.33684242702684,85.8979929072196));
#3934=UNCERTAINTY_MEASURE_WITH_UNIT(LENGTH_MEASURE(0.01),#3938,
'DISTANCE_ACCURACY_VALUE',
'Maximum model space distance between geometric entities at asserted c
onnectivities');
#3935=UNCERTAINTY_MEASURE_WITH_UNIT(LENGTH_MEASURE(0.01),#3938,
'DISTANCE_ACCURACY_VALUE',
'Maximum model space distance between geometric entities at asserted c
onnectivities');
#3936=(
GEOMETRIC_REPRESENTATION_CONTEXT(3)
GLOBAL_UNCERTAINTY_ASSIGNED_CONTEXT((#3934))
GLOBAL_UNIT_ASSIGNED_CONTEXT((#3938,#3940,#3941))
REPRESENTATION_CONTEXT('','3D')
);
#3937=(
GEOMETRIC_REPRESENTATION_CONTEXT(3)
GLOBAL_UNCERTAINTY_ASSIGNED_CONTEXT((#3935))
GLOBAL_UNIT_ASSIGNED_CONTEXT((#3938,#3940,#3941))
REPRESENTATION_CONTEXT('','3D')
);
#3938=(
LENGTH_UNIT()
NAMED_UNIT(*)
SI_UNIT(.MILLI.,.METRE.)
);
#3939=(
LENGTH_UNIT()
NAMED_UNIT(*)
SI_UNIT($,.METRE.)
);
#3940=(
NAMED_UNIT(*)
PLANE_ANGLE_UNIT()
SI_UNIT($,.RADIAN.)
);
#3941=(
NAMED_UNIT(*)
SI_UNIT($,.STERADIAN.)
SOLID_ANGLE_UNIT()
);
#3942=SHAPE_DEFINITION_REPRESENTATION(#3943,#3944);
#3943=PRODUCT_DEFINITION_SHAPE('',$,#3946);
#3944=SHAPE_REPRESENTATION('',(#2184),#3936);
#3945=PRODUCT_DEFINITION_CONTEXT('part definition',#3950,'design');
#3946=PRODUCT_DEFINITION('2026-08-11-12-53-54-270',
'\X2\656370ED98CE624756FA5B9A652F67B6\X0\1',#3947,#3945);
#3947=PRODUCT_DEFINITION_FORMATION('',$,#3952);
#3948=PRODUCT_RELATED_PRODUCT_CATEGORY('\X2\656370ED98CE624756FA5B9A652F67B6\X0\1',
'\X2\656370ED98CE624756FA5B9A652F67B6\X0\1',(#3952));
#3949=APPLICATION_PROTOCOL_DEFINITION('international standard',
'automotive_design',2009,#3950);
#3950=APPLICATION_CONTEXT(
'Core Data for Automotive Mechanical Design Process');
#3951=PRODUCT_CONTEXT('part definition',#3950,'mechanical');
#3952=PRODUCT('2026-08-11-12-53-54-270','\X2\656370ED98CE624756FA5B9A652F67B6\X0\1',
$,(#3951));
#3953=PRESENTATION_STYLE_ASSIGNMENT((#3954));
#3954=SURFACE_STYLE_USAGE(.BOTH.,#3955);
#3955=SURFACE_SIDE_STYLE('',(#3956));
#3956=SURFACE_STYLE_FILL_AREA(#3957);
#3957=FILL_AREA_STYLE('\X2\94A2\X0\ - \X2\7F0E5149\X0\',(#3958));
#3958=FILL_AREA_STYLE_COLOUR('\X2\94A2\X0\ - \X2\7F0E5149\X0\',#3959);
#3959=COLOUR_RGB('\X2\94A2\X0\ - \X2\7F0E5149\X0\',0.627450980392157,0.627450980392157,
0.627450980392157);
ENDSEC;
END-ISO-10303-21;
