ISO-10303-21;
HEADER;
/* Generated by software containing ST-Developer
 * from STEP Tools, Inc. (www.steptools.com) 
 */

FILE_DESCRIPTION(
/* description */ (''),
/* implementation_level */ '2;1');

FILE_NAME(
/* name */ '',
/* time_stamp */ '2026-08-11T12:52:57+09:00',
/* author */ (''),
/* organization */ (''),
/* preprocessor_version */ 'ST-DEVELOPER v20.1',
/* originating_system */ 'Autodesk Translation Framework v15.8.0.0',
/* authorisation */ '');

FILE_SCHEMA (('AUTOMOTIVE_DESIGN { 1 0 10303 214 3 1 1 }'));
ENDSEC;

DATA;
#10=MECHANICAL_DESIGN_GEOMETRIC_PRESENTATION_REPRESENTATION('',(#13),#2660);
#11=SHAPE_REPRESENTATION_RELATIONSHIP('SRR','None',#2667,#12);
#12=ADVANCED_BREP_SHAPE_REPRESENTATION('',(#14),#2659);
#13=STYLED_ITEM('',(#2676),#14);
#14=MANIFOLD_SOLID_BREP('\X2\9A6C8FBE652F67B6\X0\',#1543);
#15=TOROIDAL_SURFACE('',#1698,30.1,3.6);
#16=ELLIPSE('',#1617,1.09687478717973,1.);
#17=ELLIPSE('',#1620,1.09687478717973,1.);
#18=ELLIPSE('',#1630,1.09687478717973,1.);
#19=ELLIPSE('',#1631,1.09687478717973,1.);
#20=B_SPLINE_CURVE_WITH_KNOTS('',3,(#2298,#2299,#2300,#2301,#2302,#2303,
#2304,#2305,#2306,#2307,#2308,#2309,#2310,#2311,#2312,#2313,#2314,#2315),
 .UNSPECIFIED.,.F.,.F.,(4,2,2,2,2,2,2,2,4),(0.572189526670582,0.654261798368816,
0.736334070067049,0.813866773150202,0.891399476233355,0.961174096487325,
1.0309487167413,1.09366047764383,1.15637223854636),.UNSPECIFIED.);
#21=B_SPLINE_CURVE_WITH_KNOTS('',3,(#2438,#2439,#2440,#2441,#2442,#2443,
#2444,#2445,#2446,#2447),.UNSPECIFIED.,.F.,.F.,(4,2,2,2,4),(0.150684637811421,
0.188381272730258,0.226077907649094,0.263754372809003,0.301430837968912),
 .UNSPECIFIED.);
#22=B_SPLINE_CURVE_WITH_KNOTS('',3,(#2450,#2451,#2452,#2453,#2454,#2455),
 .UNSPECIFIED.,.F.,.F.,(4,2,4),(0.301430838719989,0.339107303879898,0.362893886975158),
 .UNSPECIFIED.);
#23=B_SPLINE_CURVE_WITH_KNOTS('',3,(#2612,#2613,#2614,#2615,#2616,#2617,
#2618,#2619,#2620,#2621,#2622,#2623,#2624,#2625,#2626,#2627,#2628,#2629),
 .UNSPECIFIED.,.F.,.F.,(4,2,2,2,2,2,2,2,4),(1.22642682914169,1.28645071938259,
1.3464746096235,1.41890977771006,1.49134494579662,1.57777724696822,1.66420954813981,
1.75831383999899,1.85241813185817),.UNSPECIFIED.);
#24=FACE_BOUND('',#169,.T.);
#25=FACE_BOUND('',#170,.T.);
#26=FACE_BOUND('',#171,.T.);
#27=FACE_BOUND('',#185,.T.);
#28=FACE_BOUND('',#186,.T.);
#29=FACE_BOUND('',#187,.T.);
#30=FACE_BOUND('',#188,.T.);
#31=FACE_BOUND('',#209,.T.);
#32=FACE_BOUND('',#210,.T.);
#33=FACE_BOUND('',#214,.T.);
#34=FACE_BOUND('',#215,.T.);
#35=FACE_BOUND('',#218,.T.);
#36=FACE_BOUND('',#221,.T.);
#37=FACE_BOUND('',#224,.T.);
#38=FACE_BOUND('',#227,.T.);
#39=FACE_BOUND('',#233,.T.);
#40=FACE_BOUND('',#234,.T.);
#41=FACE_BOUND('',#235,.T.);
#42=FACE_BOUND('',#239,.T.);
#43=FACE_BOUND('',#242,.T.);
#44=FACE_BOUND('',#245,.T.);
#45=FACE_BOUND('',#255,.T.);
#46=FACE_BOUND('',#256,.T.);
#47=FACE_BOUND('',#257,.T.);
#48=FACE_BOUND('',#258,.T.);
#49=PLANE('',#1560);
#50=PLANE('',#1561);
#51=PLANE('',#1570);
#52=PLANE('',#1573);
#53=PLANE('',#1584);
#54=PLANE('',#1588);
#55=PLANE('',#1591);
#56=PLANE('',#1597);
#57=PLANE('',#1602);
#58=PLANE('',#1608);
#59=PLANE('',#1616);
#60=PLANE('',#1624);
#61=PLANE('',#1627);
#62=PLANE('',#1628);
#63=PLANE('',#1633);
#64=PLANE('',#1635);
#65=PLANE('',#1637);
#66=PLANE('',#1641);
#67=PLANE('',#1644);
#68=PLANE('',#1647);
#69=PLANE('',#1652);
#70=PLANE('',#1656);
#71=PLANE('',#1660);
#72=PLANE('',#1664);
#73=PLANE('',#1674);
#74=PLANE('',#1678);
#75=PLANE('',#1681);
#76=PLANE('',#1685);
#77=PLANE('',#1689);
#78=PLANE('',#1694);
#79=PLANE('',#1695);
#80=PLANE('',#1696);
#81=PLANE('',#1700);
#82=PLANE('',#1701);
#83=PLANE('',#1702);
#84=PLANE('',#1705);
#85=PLANE('',#1706);
#86=PLANE('',#1707);
#87=PLANE('',#1708);
#88=PLANE('',#1709);
#89=FACE_OUTER_BOUND('',#166,.T.);
#90=FACE_OUTER_BOUND('',#167,.T.);
#91=FACE_OUTER_BOUND('',#168,.T.);
#92=FACE_OUTER_BOUND('',#172,.T.);
#93=FACE_OUTER_BOUND('',#173,.T.);
#94=FACE_OUTER_BOUND('',#174,.T.);
#95=FACE_OUTER_BOUND('',#175,.T.);
#96=FACE_OUTER_BOUND('',#176,.T.);
#97=FACE_OUTER_BOUND('',#177,.T.);
#98=FACE_OUTER_BOUND('',#178,.T.);
#99=FACE_OUTER_BOUND('',#179,.T.);
#100=FACE_OUTER_BOUND('',#180,.T.);
#101=FACE_OUTER_BOUND('',#181,.T.);
#102=FACE_OUTER_BOUND('',#182,.T.);
#103=FACE_OUTER_BOUND('',#183,.T.);
#104=FACE_OUTER_BOUND('',#184,.T.);
#105=FACE_OUTER_BOUND('',#189,.T.);
#106=FACE_OUTER_BOUND('',#190,.T.);
#107=FACE_OUTER_BOUND('',#191,.T.);
#108=FACE_OUTER_BOUND('',#192,.T.);
#109=FACE_OUTER_BOUND('',#193,.T.);
#110=FACE_OUTER_BOUND('',#194,.T.);
#111=FACE_OUTER_BOUND('',#195,.T.);
#112=FACE_OUTER_BOUND('',#196,.T.);
#113=FACE_OUTER_BOUND('',#197,.T.);
#114=FACE_OUTER_BOUND('',#198,.T.);
#115=FACE_OUTER_BOUND('',#199,.T.);
#116=FACE_OUTER_BOUND('',#200,.T.);
#117=FACE_OUTER_BOUND('',#201,.T.);
#118=FACE_OUTER_BOUND('',#202,.T.);
#119=FACE_OUTER_BOUND('',#203,.T.);
#120=FACE_OUTER_BOUND('',#204,.T.);
#121=FACE_OUTER_BOUND('',#205,.T.);
#122=FACE_OUTER_BOUND('',#206,.T.);
#123=FACE_OUTER_BOUND('',#207,.T.);
#124=FACE_OUTER_BOUND('',#208,.T.);
#125=FACE_OUTER_BOUND('',#211,.T.);
#126=FACE_OUTER_BOUND('',#212,.T.);
#127=FACE_OUTER_BOUND('',#213,.T.);
#128=FACE_OUTER_BOUND('',#216,.T.);
#129=FACE_OUTER_BOUND('',#217,.T.);
#130=FACE_OUTER_BOUND('',#219,.T.);
#131=FACE_OUTER_BOUND('',#220,.T.);
#132=FACE_OUTER_BOUND('',#222,.T.);
#133=FACE_OUTER_BOUND('',#223,.T.);
#134=FACE_OUTER_BOUND('',#225,.T.);
#135=FACE_OUTER_BOUND('',#226,.T.);
#136=FACE_OUTER_BOUND('',#228,.T.);
#137=FACE_OUTER_BOUND('',#229,.T.);
#138=FACE_OUTER_BOUND('',#230,.T.);
#139=FACE_OUTER_BOUND('',#231,.T.);
#140=FACE_OUTER_BOUND('',#232,.T.);
#141=FACE_OUTER_BOUND('',#236,.T.);
#142=FACE_OUTER_BOUND('',#237,.T.);
#143=FACE_OUTER_BOUND('',#238,.T.);
#144=FACE_OUTER_BOUND('',#240,.T.);
#145=FACE_OUTER_BOUND('',#241,.T.);
#146=FACE_OUTER_BOUND('',#243,.T.);
#147=FACE_OUTER_BOUND('',#244,.T.);
#148=FACE_OUTER_BOUND('',#246,.T.);
#149=FACE_OUTER_BOUND('',#247,.T.);
#150=FACE_OUTER_BOUND('',#248,.T.);
#151=FACE_OUTER_BOUND('',#249,.T.);
#152=FACE_OUTER_BOUND('',#250,.T.);
#153=FACE_OUTER_BOUND('',#251,.T.);
#154=FACE_OUTER_BOUND('',#252,.T.);
#155=FACE_OUTER_BOUND('',#253,.T.);
#156=FACE_OUTER_BOUND('',#254,.T.);
#157=FACE_OUTER_BOUND('',#259,.T.);
#158=FACE_OUTER_BOUND('',#260,.T.);
#159=FACE_OUTER_BOUND('',#261,.T.);
#160=FACE_OUTER_BOUND('',#262,.T.);
#161=FACE_OUTER_BOUND('',#263,.T.);
#162=FACE_OUTER_BOUND('',#264,.T.);
#163=FACE_OUTER_BOUND('',#265,.T.);
#164=FACE_OUTER_BOUND('',#266,.T.);
#165=FACE_OUTER_BOUND('',#267,.T.);
#166=EDGE_LOOP('',(#988,#989,#990,#991));
#167=EDGE_LOOP('',(#992,#993,#994,#995));
#168=EDGE_LOOP('',(#996,#997,#998,#999,#1000,#1001,#1002,#1003,#1004,#1005,
#1006,#1007));
#169=EDGE_LOOP('',(#1008));
#170=EDGE_LOOP('',(#1009));
#171=EDGE_LOOP('',(#1010));
#172=EDGE_LOOP('',(#1011,#1012,#1013,#1014));
#173=EDGE_LOOP('',(#1015,#1016,#1017,#1018,#1019));
#174=EDGE_LOOP('',(#1020,#1021,#1022,#1023,#1024,#1025,#1026,#1027,#1028,
#1029,#1030,#1031,#1032,#1033,#1034,#1035,#1036,#1037,#1038,#1039,#1040,
#1041,#1042,#1043,#1044));
#175=EDGE_LOOP('',(#1045,#1046,#1047,#1048));
#176=EDGE_LOOP('',(#1049,#1050,#1051,#1052,#1053,#1054,#1055,#1056,#1057,
#1058));
#177=EDGE_LOOP('',(#1059,#1060,#1061,#1062,#1063,#1064,#1065,#1066,#1067,
#1068));
#178=EDGE_LOOP('',(#1069,#1070,#1071,#1072));
#179=EDGE_LOOP('',(#1073,#1074,#1075,#1076,#1077,#1078,#1079,#1080));
#180=EDGE_LOOP('',(#1081,#1082,#1083,#1084));
#181=EDGE_LOOP('',(#1085,#1086,#1087,#1088));
#182=EDGE_LOOP('',(#1089,#1090,#1091,#1092));
#183=EDGE_LOOP('',(#1093,#1094,#1095,#1096));
#184=EDGE_LOOP('',(#1097,#1098,#1099,#1100,#1101,#1102,#1103,#1104,#1105,
#1106));
#185=EDGE_LOOP('',(#1107));
#186=EDGE_LOOP('',(#1108));
#187=EDGE_LOOP('',(#1109));
#188=EDGE_LOOP('',(#1110));
#189=EDGE_LOOP('',(#1111,#1112,#1113,#1114));
#190=EDGE_LOOP('',(#1115,#1116,#1117,#1118,#1119));
#191=EDGE_LOOP('',(#1120,#1121,#1122,#1123));
#192=EDGE_LOOP('',(#1124,#1125,#1126,#1127,#1128,#1129,#1130,#1131,#1132,
#1133,#1134,#1135,#1136));
#193=EDGE_LOOP('',(#1137,#1138,#1139,#1140));
#194=EDGE_LOOP('',(#1141,#1142,#1143,#1144,#1145,#1146,#1147,#1148,#1149,
#1150,#1151,#1152,#1153,#1154,#1155,#1156));
#195=EDGE_LOOP('',(#1157,#1158,#1159,#1160,#1161,#1162));
#196=EDGE_LOOP('',(#1163,#1164,#1165,#1166,#1167,#1168));
#197=EDGE_LOOP('',(#1169,#1170,#1171,#1172,#1173,#1174,#1175,#1176));
#198=EDGE_LOOP('',(#1177,#1178,#1179,#1180));
#199=EDGE_LOOP('',(#1181,#1182,#1183,#1184,#1185,#1186,#1187,#1188,#1189,
#1190,#1191,#1192,#1193,#1194,#1195,#1196));
#200=EDGE_LOOP('',(#1197,#1198,#1199,#1200));
#201=EDGE_LOOP('',(#1201,#1202,#1203,#1204,#1205));
#202=EDGE_LOOP('',(#1206,#1207,#1208,#1209,#1210,#1211));
#203=EDGE_LOOP('',(#1212,#1213,#1214,#1215));
#204=EDGE_LOOP('',(#1216,#1217,#1218,#1219));
#205=EDGE_LOOP('',(#1220,#1221,#1222,#1223,#1224,#1225,#1226,#1227));
#206=EDGE_LOOP('',(#1228,#1229,#1230,#1231));
#207=EDGE_LOOP('',(#1232,#1233,#1234,#1235));
#208=EDGE_LOOP('',(#1236,#1237,#1238,#1239));
#209=EDGE_LOOP('',(#1240));
#210=EDGE_LOOP('',(#1241));
#211=EDGE_LOOP('',(#1242,#1243,#1244,#1245,#1246,#1247,#1248,#1249,#1250,
#1251,#1252));
#212=EDGE_LOOP('',(#1253,#1254,#1255,#1256));
#213=EDGE_LOOP('',(#1257,#1258,#1259,#1260));
#214=EDGE_LOOP('',(#1261));
#215=EDGE_LOOP('',(#1262));
#216=EDGE_LOOP('',(#1263,#1264,#1265,#1266));
#217=EDGE_LOOP('',(#1267));
#218=EDGE_LOOP('',(#1268));
#219=EDGE_LOOP('',(#1269,#1270,#1271,#1272));
#220=EDGE_LOOP('',(#1273));
#221=EDGE_LOOP('',(#1274));
#222=EDGE_LOOP('',(#1275,#1276,#1277,#1278));
#223=EDGE_LOOP('',(#1279));
#224=EDGE_LOOP('',(#1280));
#225=EDGE_LOOP('',(#1281,#1282,#1283,#1284));
#226=EDGE_LOOP('',(#1285));
#227=EDGE_LOOP('',(#1286));
#228=EDGE_LOOP('',(#1287,#1288,#1289,#1290));
#229=EDGE_LOOP('',(#1291,#1292,#1293,#1294));
#230=EDGE_LOOP('',(#1295,#1296,#1297,#1298));
#231=EDGE_LOOP('',(#1299,#1300,#1301,#1302));
#232=EDGE_LOOP('',(#1303,#1304,#1305,#1306,#1307,#1308,#1309,#1310,#1311,
#1312,#1313,#1314));
#233=EDGE_LOOP('',(#1315));
#234=EDGE_LOOP('',(#1316));
#235=EDGE_LOOP('',(#1317));
#236=EDGE_LOOP('',(#1318,#1319,#1320,#1321,#1322,#1323,#1324));
#237=EDGE_LOOP('',(#1325,#1326,#1327,#1328));
#238=EDGE_LOOP('',(#1329));
#239=EDGE_LOOP('',(#1330));
#240=EDGE_LOOP('',(#1331,#1332,#1333,#1334));
#241=EDGE_LOOP('',(#1335));
#242=EDGE_LOOP('',(#1336));
#243=EDGE_LOOP('',(#1337,#1338,#1339,#1340));
#244=EDGE_LOOP('',(#1341));
#245=EDGE_LOOP('',(#1342));
#246=EDGE_LOOP('',(#1343,#1344,#1345,#1346));
#247=EDGE_LOOP('',(#1347,#1348,#1349,#1350));
#248=EDGE_LOOP('',(#1351,#1352,#1353,#1354));
#249=EDGE_LOOP('',(#1355,#1356,#1357,#1358,#1359,#1360,#1361,#1362,#1363,
#1364,#1365));
#250=EDGE_LOOP('',(#1366,#1367,#1368,#1369));
#251=EDGE_LOOP('',(#1370,#1371,#1372,#1373));
#252=EDGE_LOOP('',(#1374,#1375,#1376,#1377));
#253=EDGE_LOOP('',(#1378,#1379,#1380,#1381));
#254=EDGE_LOOP('',(#1382,#1383,#1384,#1385));
#255=EDGE_LOOP('',(#1386));
#256=EDGE_LOOP('',(#1387));
#257=EDGE_LOOP('',(#1388));
#258=EDGE_LOOP('',(#1389));
#259=EDGE_LOOP('',(#1390,#1391,#1392,#1393,#1394,#1395,#1396));
#260=EDGE_LOOP('',(#1397,#1398,#1399,#1400,#1401));
#261=EDGE_LOOP('',(#1402,#1403,#1404,#1405));
#262=EDGE_LOOP('',(#1406,#1407,#1408,#1409));
#263=EDGE_LOOP('',(#1410,#1411,#1412,#1413));
#264=EDGE_LOOP('',(#1414,#1415,#1416,#1417));
#265=EDGE_LOOP('',(#1418,#1419,#1420,#1421));
#266=EDGE_LOOP('',(#1422,#1423,#1424,#1425));
#267=EDGE_LOOP('',(#1426,#1427,#1428,#1429));
#268=LINE('',#2169,#407);
#269=LINE('',#2172,#408);
#270=LINE('',#2175,#409);
#271=LINE('',#2177,#410);
#272=LINE('',#2178,#411);
#273=LINE('',#2181,#412);
#274=LINE('',#2183,#413);
#275=LINE('',#2185,#414);
#276=LINE('',#2189,#415);
#277=LINE('',#2193,#416);
#278=LINE('',#2195,#417);
#279=LINE('',#2197,#418);
#280=LINE('',#2208,#419);
#281=LINE('',#2214,#420);
#282=LINE('',#2217,#421);
#283=LINE('',#2221,#422);
#284=LINE('',#2223,#423);
#285=LINE('',#2225,#424);
#286=LINE('',#2227,#425);
#287=LINE('',#2231,#426);
#288=LINE('',#2233,#427);
#289=LINE('',#2235,#428);
#290=LINE('',#2239,#429);
#291=LINE('',#2243,#430);
#292=LINE('',#2247,#431);
#293=LINE('',#2249,#432);
#294=LINE('',#2251,#433);
#295=LINE('',#2253,#434);
#296=LINE('',#2255,#435);
#297=LINE('',#2259,#436);
#298=LINE('',#2266,#437);
#299=LINE('',#2269,#438);
#300=LINE('',#2272,#439);
#301=LINE('',#2274,#440);
#302=LINE('',#2278,#441);
#303=LINE('',#2282,#442);
#304=LINE('',#2286,#443);
#305=LINE('',#2287,#444);
#306=LINE('',#2290,#445);
#307=LINE('',#2292,#446);
#308=LINE('',#2294,#447);
#309=LINE('',#2296,#448);
#310=LINE('',#2317,#449);
#311=LINE('',#2319,#450);
#312=LINE('',#2320,#451);
#313=LINE('',#2325,#452);
#314=LINE('',#2326,#453);
#315=LINE('',#2329,#454);
#316=LINE('',#2335,#455);
#317=LINE('',#2337,#456);
#318=LINE('',#2343,#457);
#319=LINE('',#2344,#458);
#320=LINE('',#2346,#459);
#321=LINE('',#2352,#460);
#322=LINE('',#2354,#461);
#323=LINE('',#2355,#462);
#324=LINE('',#2358,#463);
#325=LINE('',#2359,#464);
#326=LINE('',#2360,#465);
#327=LINE('',#2362,#466);
#328=LINE('',#2363,#467);
#329=LINE('',#2373,#468);
#330=LINE('',#2376,#469);
#331=LINE('',#2377,#470);
#332=LINE('',#2379,#471);
#333=LINE('',#2380,#472);
#334=LINE('',#2383,#473);
#335=LINE('',#2386,#474);
#336=LINE('',#2390,#475);
#337=LINE('',#2393,#476);
#338=LINE('',#2398,#477);
#339=LINE('',#2399,#478);
#340=LINE('',#2402,#479);
#341=LINE('',#2403,#480);
#342=LINE('',#2405,#481);
#343=LINE('',#2407,#482);
#344=LINE('',#2411,#483);
#345=LINE('',#2415,#484);
#346=LINE('',#2419,#485);
#347=LINE('',#2422,#486);
#348=LINE('',#2428,#487);
#349=LINE('',#2430,#488);
#350=LINE('',#2432,#489);
#351=LINE('',#2434,#490);
#352=LINE('',#2449,#491);
#353=LINE('',#2461,#492);
#354=LINE('',#2465,#493);
#355=LINE('',#2468,#494);
#356=LINE('',#2470,#495);
#357=LINE('',#2471,#496);
#358=LINE('',#2473,#497);
#359=LINE('',#2475,#498);
#360=LINE('',#2476,#499);
#361=LINE('',#2478,#500);
#362=LINE('',#2479,#501);
#363=LINE('',#2481,#502);
#364=LINE('',#2483,#503);
#365=LINE('',#2484,#504);
#366=LINE('',#2487,#505);
#367=LINE('',#2488,#506);
#368=LINE('',#2491,#507);
#369=LINE('',#2492,#508);
#370=LINE('',#2493,#509);
#371=LINE('',#2499,#510);
#372=LINE('',#2500,#511);
#373=LINE('',#2503,#512);
#374=LINE('',#2504,#513);
#375=LINE('',#2511,#514);
#376=LINE('',#2512,#515);
#377=LINE('',#2516,#516);
#378=LINE('',#2517,#517);
#379=LINE('',#2519,#518);
#380=LINE('',#2521,#519);
#381=LINE('',#2528,#520);
#382=LINE('',#2535,#521);
#383=LINE('',#2542,#522);
#384=LINE('',#2549,#523);
#385=LINE('',#2556,#524);
#386=LINE('',#2560,#525);
#387=LINE('',#2564,#526);
#388=LINE('',#2568,#527);
#389=LINE('',#2571,#528);
#390=LINE('',#2579,#529);
#391=LINE('',#2582,#530);
#392=LINE('',#2589,#531);
#393=LINE('',#2596,#532);
#394=LINE('',#2602,#533);
#395=LINE('',#2604,#534);
#396=LINE('',#2606,#535);
#397=LINE('',#2609,#536);
#398=LINE('',#2611,#537);
#399=LINE('',#2632,#538);
#400=LINE('',#2633,#539);
#401=LINE('',#2641,#540);
#402=LINE('',#2642,#541);
#403=LINE('',#2644,#542);
#404=LINE('',#2650,#543);
#405=LINE('',#2654,#544);
#406=LINE('',#2656,#545);
#407=VECTOR('',#1718,10.);
#408=VECTOR('',#1721,10.);
#409=VECTOR('',#1724,10.);
#410=VECTOR('',#1725,10.);
#411=VECTOR('',#1726,10.);
#412=VECTOR('',#1729,10.);
#413=VECTOR('',#1730,10.);
#414=VECTOR('',#1731,1.);
#415=VECTOR('',#1734,10.);
#416=VECTOR('',#1737,1.);
#417=VECTOR('',#1738,1.);
#418=VECTOR('',#1739,1.);
#419=VECTOR('',#1752,10.);
#420=VECTOR('',#1759,1.);
#421=VECTOR('',#1762,1.);
#422=VECTOR('',#1765,10.);
#423=VECTOR('',#1766,1.);
#424=VECTOR('',#1767,10.);
#425=VECTOR('',#1768,10.);
#426=VECTOR('',#1771,1.);
#427=VECTOR('',#1772,1.);
#428=VECTOR('',#1773,1.);
#429=VECTOR('',#1776,10.);
#430=VECTOR('',#1779,10.);
#431=VECTOR('',#1782,1.);
#432=VECTOR('',#1783,1.);
#433=VECTOR('',#1784,1.);
#434=VECTOR('',#1785,1.);
#435=VECTOR('',#1786,1.);
#436=VECTOR('',#1789,10.);
#437=VECTOR('',#1796,10.);
#438=VECTOR('',#1799,10.);
#439=VECTOR('',#1802,10.);
#440=VECTOR('',#1803,10.);
#441=VECTOR('',#1806,10.);
#442=VECTOR('',#1809,10.);
#443=VECTOR('',#1812,10.);
#444=VECTOR('',#1813,10.);
#445=VECTOR('',#1816,10.);
#446=VECTOR('',#1817,10.);
#447=VECTOR('',#1818,1.);
#448=VECTOR('',#1819,10.);
#449=VECTOR('',#1820,10.);
#450=VECTOR('',#1821,10.);
#451=VECTOR('',#1822,10.);
#452=VECTOR('',#1827,10.);
#453=VECTOR('',#1828,10.);
#454=VECTOR('',#1831,1.);
#455=VECTOR('',#1836,10.);
#456=VECTOR('',#1837,1.);
#457=VECTOR('',#1844,10.);
#458=VECTOR('',#1845,10.);
#459=VECTOR('',#1848,10.);
#460=VECTOR('',#1855,10.);
#461=VECTOR('',#1858,10.);
#462=VECTOR('',#1859,10.);
#463=VECTOR('',#1862,1.);
#464=VECTOR('',#1863,1.);
#465=VECTOR('',#1864,10.);
#466=VECTOR('',#1865,1.);
#467=VECTOR('',#1866,1.);
#468=VECTOR('',#1877,10.);
#469=VECTOR('',#1880,10.);
#470=VECTOR('',#1881,10.);
#471=VECTOR('',#1884,10.);
#472=VECTOR('',#1885,10.);
#473=VECTOR('',#1888,1.);
#474=VECTOR('',#1891,10.);
#475=VECTOR('',#1894,10.);
#476=VECTOR('',#1897,10.);
#477=VECTOR('',#1902,10.);
#478=VECTOR('',#1903,10.);
#479=VECTOR('',#1906,10.);
#480=VECTOR('',#1907,10.);
#481=VECTOR('',#1908,10.);
#482=VECTOR('',#1909,10.);
#483=VECTOR('',#1912,10.);
#484=VECTOR('',#1915,10.);
#485=VECTOR('',#1918,10.);
#486=VECTOR('',#1921,10.);
#487=VECTOR('',#1928,10.);
#488=VECTOR('',#1931,1.);
#489=VECTOR('',#1934,10.);
#490=VECTOR('',#1935,10.);
#491=VECTOR('',#1938,10.);
#492=VECTOR('',#1945,10.);
#493=VECTOR('',#1948,10.);
#494=VECTOR('',#1951,10.);
#495=VECTOR('',#1952,10.);
#496=VECTOR('',#1953,10.);
#497=VECTOR('',#1954,10.);
#498=VECTOR('',#1955,10.);
#499=VECTOR('',#1956,10.);
#500=VECTOR('',#1959,10.);
#501=VECTOR('',#1960,10.);
#502=VECTOR('',#1963,10.);
#503=VECTOR('',#1966,10.);
#504=VECTOR('',#1967,10.);
#505=VECTOR('',#1972,10.);
#506=VECTOR('',#1973,10.);
#507=VECTOR('',#1976,1.);
#508=VECTOR('',#1977,10.);
#509=VECTOR('',#1978,10.);
#510=VECTOR('',#1985,10.);
#511=VECTOR('',#1986,10.);
#512=VECTOR('',#1989,1.);
#513=VECTOR('',#1990,1.);
#514=VECTOR('',#1997,10.);
#515=VECTOR('',#1998,10.);
#516=VECTOR('',#2001,1.);
#517=VECTOR('',#2002,1.);
#518=VECTOR('',#2005,10.);
#519=VECTOR('',#2008,1.);
#520=VECTOR('',#2015,2.75);
#521=VECTOR('',#2024,2.75);
#522=VECTOR('',#2033,2.75);
#523=VECTOR('',#2042,2.75);
#524=VECTOR('',#2051,1.5);
#525=VECTOR('',#2056,1.5);
#526=VECTOR('',#2061,1.5);
#527=VECTOR('',#2066,1.5);
#528=VECTOR('',#2071,1.);
#529=VECTOR('',#2080,1.);
#530=VECTOR('',#2083,2.75);
#531=VECTOR('',#2092,2.75);
#532=VECTOR('',#2101,2.75);
#533=VECTOR('',#2110,1.5);
#534=VECTOR('',#2113,1.5);
#535=VECTOR('',#2116,1.5);
#536=VECTOR('',#2119,1.);
#537=VECTOR('',#2120,1.);
#538=VECTOR('',#2123,10.);
#539=VECTOR('',#2124,10.);
#540=VECTOR('',#2137,1.);
#541=VECTOR('',#2138,1.);
#542=VECTOR('',#2141,1.);
#543=VECTOR('',#2152,10.);
#544=VECTOR('',#2159,1.5);
#545=VECTOR('',#2162,1.5);
#546=CIRCLE('',#1558,4.);
#547=CIRCLE('',#1559,4.);
#548=CIRCLE('',#1562,1.);
#549=CIRCLE('',#1563,1.);
#550=CIRCLE('',#1564,4.);
#551=CIRCLE('',#1565,2.75);
#552=CIRCLE('',#1566,2.75);
#553=CIRCLE('',#1567,2.75);
#554=CIRCLE('',#1569,4.);
#555=CIRCLE('',#1571,26.5);
#556=CIRCLE('',#1572,0.5);
#557=CIRCLE('',#1574,0.5);
#558=CIRCLE('',#1575,2.);
#559=CIRCLE('',#1576,2.5);
#560=CIRCLE('',#1577,20.);
#561=CIRCLE('',#1578,0.5);
#562=CIRCLE('',#1579,0.4);
#563=CIRCLE('',#1580,5.);
#564=CIRCLE('',#1582,20.);
#565=CIRCLE('',#1583,20.);
#566=CIRCLE('',#1585,0.4);
#567=CIRCLE('',#1586,0.5);
#568=CIRCLE('',#1587,20.);
#569=CIRCLE('',#1590,1.);
#570=CIRCLE('',#1592,0.5);
#571=CIRCLE('',#1593,26.5);
#572=CIRCLE('',#1594,26.5);
#573=CIRCLE('',#1596,1.);
#574=CIRCLE('',#1599,0.5);
#575=CIRCLE('',#1600,0.5);
#576=CIRCLE('',#1603,2.75);
#577=CIRCLE('',#1604,2.75);
#578=CIRCLE('',#1605,2.75);
#579=CIRCLE('',#1606,2.75);
#580=CIRCLE('',#1611,26.5);
#581=CIRCLE('',#1612,26.499999999999);
#582=CIRCLE('',#1613,26.499999999999);
#583=CIRCLE('',#1615,0.5);
#584=CIRCLE('',#1618,1.);
#585=CIRCLE('',#1619,1.);
#586=CIRCLE('',#1622,5.);
#587=CIRCLE('',#1623,5.);
#588=CIRCLE('',#1626,20.);
#589=CIRCLE('',#1629,1.);
#590=CIRCLE('',#1640,2.);
#591=CIRCLE('',#1642,1.5);
#592=CIRCLE('',#1643,1.5);
#593=CIRCLE('',#1645,2.5);
#594=CIRCLE('',#1648,1.5);
#595=CIRCLE('',#1649,1.5);
#596=CIRCLE('',#1651,2.75);
#597=CIRCLE('',#1653,1.5);
#598=CIRCLE('',#1655,2.75);
#599=CIRCLE('',#1657,1.5);
#600=CIRCLE('',#1659,2.75);
#601=CIRCLE('',#1661,1.5);
#602=CIRCLE('',#1663,2.75);
#603=CIRCLE('',#1665,1.5);
#604=CIRCLE('',#1667,1.5);
#605=CIRCLE('',#1669,1.5);
#606=CIRCLE('',#1671,1.5);
#607=CIRCLE('',#1673,1.5);
#608=CIRCLE('',#1675,1.5);
#609=CIRCLE('',#1676,1.5);
#610=CIRCLE('',#1677,1.5);
#611=CIRCLE('',#1680,2.75);
#612=CIRCLE('',#1682,1.5);
#613=CIRCLE('',#1684,2.75);
#614=CIRCLE('',#1686,1.5);
#615=CIRCLE('',#1688,2.75);
#616=CIRCLE('',#1690,1.5);
#617=CIRCLE('',#1697,25.);
#618=CIRCLE('',#1699,30.1);
#619=CIRCLE('',#1704,25.);
#620=VERTEX_POINT('',#2165);
#621=VERTEX_POINT('',#2166);
#622=VERTEX_POINT('',#2168);
#623=VERTEX_POINT('',#2170);
#624=VERTEX_POINT('',#2174);
#625=VERTEX_POINT('',#2176);
#626=VERTEX_POINT('',#2180);
#627=VERTEX_POINT('',#2182);
#628=VERTEX_POINT('',#2184);
#629=VERTEX_POINT('',#2186);
#630=VERTEX_POINT('',#2188);
#631=VERTEX_POINT('',#2190);
#632=VERTEX_POINT('',#2192);
#633=VERTEX_POINT('',#2194);
#634=VERTEX_POINT('',#2196);
#635=VERTEX_POINT('',#2199);
#636=VERTEX_POINT('',#2201);
#637=VERTEX_POINT('',#2203);
#638=VERTEX_POINT('',#2206);
#639=VERTEX_POINT('',#2210);
#640=VERTEX_POINT('',#2212);
#641=VERTEX_POINT('',#2216);
#642=VERTEX_POINT('',#2218);
#643=VERTEX_POINT('',#2220);
#644=VERTEX_POINT('',#2222);
#645=VERTEX_POINT('',#2224);
#646=VERTEX_POINT('',#2226);
#647=VERTEX_POINT('',#2228);
#648=VERTEX_POINT('',#2230);
#649=VERTEX_POINT('',#2232);
#650=VERTEX_POINT('',#2234);
#651=VERTEX_POINT('',#2236);
#652=VERTEX_POINT('',#2238);
#653=VERTEX_POINT('',#2240);
#654=VERTEX_POINT('',#2242);
#655=VERTEX_POINT('',#2244);
#656=VERTEX_POINT('',#2246);
#657=VERTEX_POINT('',#2248);
#658=VERTEX_POINT('',#2250);
#659=VERTEX_POINT('',#2252);
#660=VERTEX_POINT('',#2254);
#661=VERTEX_POINT('',#2256);
#662=VERTEX_POINT('',#2258);
#663=VERTEX_POINT('',#2262);
#664=VERTEX_POINT('',#2263);
#665=VERTEX_POINT('',#2265);
#666=VERTEX_POINT('',#2267);
#667=VERTEX_POINT('',#2271);
#668=VERTEX_POINT('',#2273);
#669=VERTEX_POINT('',#2275);
#670=VERTEX_POINT('',#2277);
#671=VERTEX_POINT('',#2279);
#672=VERTEX_POINT('',#2281);
#673=VERTEX_POINT('',#2283);
#674=VERTEX_POINT('',#2285);
#675=VERTEX_POINT('',#2289);
#676=VERTEX_POINT('',#2291);
#677=VERTEX_POINT('',#2293);
#678=VERTEX_POINT('',#2295);
#679=VERTEX_POINT('',#2297);
#680=VERTEX_POINT('',#2316);
#681=VERTEX_POINT('',#2318);
#682=VERTEX_POINT('',#2322);
#683=VERTEX_POINT('',#2323);
#684=VERTEX_POINT('',#2328);
#685=VERTEX_POINT('',#2330);
#686=VERTEX_POINT('',#2332);
#687=VERTEX_POINT('',#2334);
#688=VERTEX_POINT('',#2336);
#689=VERTEX_POINT('',#2340);
#690=VERTEX_POINT('',#2341);
#691=VERTEX_POINT('',#2348);
#692=VERTEX_POINT('',#2350);
#693=VERTEX_POINT('',#2357);
#694=VERTEX_POINT('',#2361);
#695=VERTEX_POINT('',#2364);
#696=VERTEX_POINT('',#2366);
#697=VERTEX_POINT('',#2368);
#698=VERTEX_POINT('',#2370);
#699=VERTEX_POINT('',#2375);
#700=VERTEX_POINT('',#2382);
#701=VERTEX_POINT('',#2385);
#702=VERTEX_POINT('',#2387);
#703=VERTEX_POINT('',#2389);
#704=VERTEX_POINT('',#2391);
#705=VERTEX_POINT('',#2395);
#706=VERTEX_POINT('',#2396);
#707=VERTEX_POINT('',#2401);
#708=VERTEX_POINT('',#2404);
#709=VERTEX_POINT('',#2406);
#710=VERTEX_POINT('',#2408);
#711=VERTEX_POINT('',#2410);
#712=VERTEX_POINT('',#2412);
#713=VERTEX_POINT('',#2414);
#714=VERTEX_POINT('',#2416);
#715=VERTEX_POINT('',#2418);
#716=VERTEX_POINT('',#2420);
#717=VERTEX_POINT('',#2424);
#718=VERTEX_POINT('',#2426);
#719=VERTEX_POINT('',#2433);
#720=VERTEX_POINT('',#2435);
#721=VERTEX_POINT('',#2437);
#722=VERTEX_POINT('',#2448);
#723=VERTEX_POINT('',#2458);
#724=VERTEX_POINT('',#2460);
#725=VERTEX_POINT('',#2462);
#726=VERTEX_POINT('',#2464);
#727=VERTEX_POINT('',#2466);
#728=VERTEX_POINT('',#2469);
#729=VERTEX_POINT('',#2472);
#730=VERTEX_POINT('',#2474);
#731=VERTEX_POINT('',#2490);
#732=VERTEX_POINT('',#2496);
#733=VERTEX_POINT('',#2497);
#734=VERTEX_POINT('',#2502);
#735=VERTEX_POINT('',#2505);
#736=VERTEX_POINT('',#2507);
#737=VERTEX_POINT('',#2510);
#738=VERTEX_POINT('',#2513);
#739=VERTEX_POINT('',#2515);
#740=VERTEX_POINT('',#2522);
#741=VERTEX_POINT('',#2524);
#742=VERTEX_POINT('',#2527);
#743=VERTEX_POINT('',#2531);
#744=VERTEX_POINT('',#2534);
#745=VERTEX_POINT('',#2538);
#746=VERTEX_POINT('',#2541);
#747=VERTEX_POINT('',#2545);
#748=VERTEX_POINT('',#2548);
#749=VERTEX_POINT('',#2552);
#750=VERTEX_POINT('',#2555);
#751=VERTEX_POINT('',#2559);
#752=VERTEX_POINT('',#2563);
#753=VERTEX_POINT('',#2567);
#754=VERTEX_POINT('',#2572);
#755=VERTEX_POINT('',#2574);
#756=VERTEX_POINT('',#2576);
#757=VERTEX_POINT('',#2581);
#758=VERTEX_POINT('',#2585);
#759=VERTEX_POINT('',#2588);
#760=VERTEX_POINT('',#2592);
#761=VERTEX_POINT('',#2595);
#762=VERTEX_POINT('',#2599);
#763=VERTEX_POINT('',#2608);
#764=VERTEX_POINT('',#2610);
#765=VERTEX_POINT('',#2631);
#766=VERTEX_POINT('',#2640);
#767=EDGE_CURVE('',#620,#621,#546,.T.);
#768=EDGE_CURVE('',#621,#622,#268,.T.);
#769=EDGE_CURVE('',#622,#623,#547,.T.);
#770=EDGE_CURVE('',#623,#620,#269,.T.);
#771=EDGE_CURVE('',#621,#624,#270,.T.);
#772=EDGE_CURVE('',#625,#624,#271,.T.);
#773=EDGE_CURVE('',#625,#622,#272,.F.);
#774=EDGE_CURVE('',#626,#620,#273,.T.);
#775=EDGE_CURVE('',#627,#626,#274,.T.);
#776=EDGE_CURVE('',#628,#627,#275,.T.);
#777=EDGE_CURVE('',#629,#628,#548,.T.);
#778=EDGE_CURVE('',#630,#629,#276,.T.);
#779=EDGE_CURVE('',#631,#630,#549,.T.);
#780=EDGE_CURVE('',#631,#632,#277,.T.);
#781=EDGE_CURVE('',#632,#633,#278,.T.);
#782=EDGE_CURVE('',#634,#633,#279,.T.);
#783=EDGE_CURVE('',#624,#634,#550,.T.);
#784=EDGE_CURVE('',#635,#635,#551,.T.);
#785=EDGE_CURVE('',#636,#636,#552,.T.);
#786=EDGE_CURVE('',#637,#637,#553,.T.);
#787=EDGE_CURVE('',#638,#625,#554,.T.);
#788=EDGE_CURVE('',#634,#638,#280,.T.);
#789=EDGE_CURVE('',#639,#633,#555,.T.);
#790=EDGE_CURVE('',#640,#639,#556,.T.);
#791=EDGE_CURVE('',#640,#638,#281,.T.);
#792=EDGE_CURVE('',#623,#641,#282,.T.);
#793=EDGE_CURVE('',#642,#641,#557,.T.);
#794=EDGE_CURVE('',#643,#642,#283,.T.);
#795=EDGE_CURVE('',#644,#643,#284,.T.);
#796=EDGE_CURVE('',#645,#644,#285,.F.);
#797=EDGE_CURVE('',#645,#646,#286,.F.);
#798=EDGE_CURVE('',#647,#646,#558,.T.);
#799=EDGE_CURVE('',#647,#648,#287,.T.);
#800=EDGE_CURVE('',#648,#649,#288,.T.);
#801=EDGE_CURVE('',#649,#650,#289,.T.);
#802=EDGE_CURVE('',#651,#650,#559,.T.);
#803=EDGE_CURVE('',#651,#652,#290,.F.);
#804=EDGE_CURVE('',#653,#652,#560,.T.);
#805=EDGE_CURVE('',#654,#653,#291,.T.);
#806=EDGE_CURVE('',#655,#654,#561,.T.);
#807=EDGE_CURVE('',#656,#655,#292,.T.);
#808=EDGE_CURVE('',#657,#656,#293,.T.);
#809=EDGE_CURVE('',#658,#657,#294,.T.);
#810=EDGE_CURVE('',#659,#658,#295,.T.);
#811=EDGE_CURVE('',#660,#659,#296,.T.);
#812=EDGE_CURVE('',#661,#660,#562,.T.);
#813=EDGE_CURVE('',#662,#661,#297,.T.);
#814=EDGE_CURVE('',#626,#662,#563,.T.);
#815=EDGE_CURVE('',#663,#664,#564,.T.);
#816=EDGE_CURVE('',#663,#665,#298,.T.);
#817=EDGE_CURVE('',#665,#666,#565,.T.);
#818=EDGE_CURVE('',#666,#664,#299,.T.);
#819=EDGE_CURVE('',#667,#664,#300,.T.);
#820=EDGE_CURVE('',#668,#667,#301,.T.);
#821=EDGE_CURVE('',#669,#668,#566,.T.);
#822=EDGE_CURVE('',#670,#669,#302,.T.);
#823=EDGE_CURVE('',#671,#670,#567,.T.);
#824=EDGE_CURVE('',#671,#672,#303,.T.);
#825=EDGE_CURVE('',#672,#673,#568,.F.);
#826=EDGE_CURVE('',#674,#673,#304,.F.);
#827=EDGE_CURVE('',#663,#674,#305,.T.);
#828=EDGE_CURVE('',#666,#675,#306,.T.);
#829=EDGE_CURVE('',#675,#676,#307,.F.);
#830=EDGE_CURVE('',#676,#677,#308,.T.);
#831=EDGE_CURVE('',#677,#678,#309,.T.);
#832=EDGE_CURVE('',#679,#678,#20,.T.);
#833=EDGE_CURVE('',#679,#680,#310,.T.);
#834=EDGE_CURVE('',#681,#680,#311,.T.);
#835=EDGE_CURVE('',#681,#667,#312,.T.);
#836=EDGE_CURVE('',#682,#683,#569,.T.);
#837=EDGE_CURVE('',#683,#631,#313,.T.);
#838=EDGE_CURVE('',#630,#682,#314,.T.);
#839=EDGE_CURVE('',#683,#684,#315,.T.);
#840=EDGE_CURVE('',#685,#684,#570,.T.);
#841=EDGE_CURVE('',#685,#686,#571,.T.);
#842=EDGE_CURVE('',#687,#686,#316,.T.);
#843=EDGE_CURVE('',#688,#687,#317,.T.);
#844=EDGE_CURVE('',#688,#632,#572,.T.);
#845=EDGE_CURVE('',#689,#690,#573,.T.);
#846=EDGE_CURVE('',#690,#629,#318,.T.);
#847=EDGE_CURVE('',#628,#689,#319,.T.);
#848=EDGE_CURVE('',#690,#682,#320,.T.);
#849=EDGE_CURVE('',#691,#681,#574,.T.);
#850=EDGE_CURVE('',#680,#692,#575,.T.);
#851=EDGE_CURVE('',#692,#691,#321,.T.);
#852=EDGE_CURVE('',#670,#655,#322,.T.);
#853=EDGE_CURVE('',#654,#671,#323,.T.);
#854=EDGE_CURVE('',#692,#693,#324,.T.);
#855=EDGE_CURVE('',#656,#693,#325,.T.);
#856=EDGE_CURVE('',#660,#669,#326,.T.);
#857=EDGE_CURVE('',#659,#694,#327,.T.);
#858=EDGE_CURVE('',#694,#691,#328,.T.);
#859=EDGE_CURVE('',#695,#695,#576,.T.);
#860=EDGE_CURVE('',#696,#696,#577,.T.);
#861=EDGE_CURVE('',#697,#697,#578,.T.);
#862=EDGE_CURVE('',#698,#698,#579,.T.);
#863=EDGE_CURVE('',#668,#661,#329,.T.);
#864=EDGE_CURVE('',#699,#667,#330,.T.);
#865=EDGE_CURVE('',#662,#699,#331,.T.);
#866=EDGE_CURVE('',#639,#685,#332,.T.);
#867=EDGE_CURVE('',#684,#640,#333,.T.);
#868=EDGE_CURVE('',#700,#688,#334,.T.);
#869=EDGE_CURVE('',#678,#700,#580,.T.);
#870=EDGE_CURVE('',#677,#701,#335,.F.);
#871=EDGE_CURVE('',#702,#701,#581,.T.);
#872=EDGE_CURVE('',#703,#702,#336,.T.);
#873=EDGE_CURVE('',#703,#704,#582,.T.);
#874=EDGE_CURVE('',#686,#704,#337,.T.);
#875=EDGE_CURVE('',#705,#706,#583,.T.);
#876=EDGE_CURVE('',#706,#642,#338,.T.);
#877=EDGE_CURVE('',#641,#705,#339,.T.);
#878=EDGE_CURVE('',#706,#707,#340,.T.);
#879=EDGE_CURVE('',#707,#687,#341,.T.);
#880=EDGE_CURVE('',#704,#708,#342,.T.);
#881=EDGE_CURVE('',#709,#708,#343,.T.);
#882=EDGE_CURVE('',#710,#709,#16,.T.);
#883=EDGE_CURVE('',#710,#711,#344,.F.);
#884=EDGE_CURVE('',#712,#711,#584,.T.);
#885=EDGE_CURVE('',#713,#712,#345,.F.);
#886=EDGE_CURVE('',#714,#713,#585,.T.);
#887=EDGE_CURVE('',#715,#714,#346,.F.);
#888=EDGE_CURVE('',#716,#715,#17,.T.);
#889=EDGE_CURVE('',#643,#716,#347,.T.);
#890=EDGE_CURVE('',#717,#627,#586,.T.);
#891=EDGE_CURVE('',#718,#699,#587,.T.);
#892=EDGE_CURVE('',#717,#718,#348,.F.);
#893=EDGE_CURVE('',#694,#718,#349,.T.);
#894=EDGE_CURVE('',#672,#653,#350,.T.);
#895=EDGE_CURVE('',#652,#719,#351,.T.);
#896=EDGE_CURVE('',#719,#720,#588,.T.);
#897=EDGE_CURVE('',#721,#720,#21,.F.);
#898=EDGE_CURVE('',#722,#721,#352,.F.);
#899=EDGE_CURVE('',#673,#722,#22,.F.);
#900=EDGE_CURVE('',#723,#674,#589,.T.);
#901=EDGE_CURVE('',#723,#724,#353,.F.);
#902=EDGE_CURVE('',#725,#724,#18,.T.);
#903=EDGE_CURVE('',#725,#726,#354,.T.);
#904=EDGE_CURVE('',#727,#726,#19,.T.);
#905=EDGE_CURVE('',#719,#727,#355,.F.);
#906=EDGE_CURVE('',#728,#651,#356,.T.);
#907=EDGE_CURVE('',#728,#703,#357,.T.);
#908=EDGE_CURVE('',#729,#702,#358,.F.);
#909=EDGE_CURVE('',#730,#729,#359,.T.);
#910=EDGE_CURVE('',#730,#665,#360,.T.);
#911=EDGE_CURVE('',#720,#714,#361,.F.);
#912=EDGE_CURVE('',#713,#721,#362,.T.);
#913=EDGE_CURVE('',#715,#727,#363,.T.);
#914=EDGE_CURVE('',#722,#712,#364,.T.);
#915=EDGE_CURVE('',#711,#723,#365,.T.);
#916=EDGE_CURVE('',#709,#725,#366,.T.);
#917=EDGE_CURVE('',#724,#710,#367,.T.);
#918=EDGE_CURVE('',#708,#731,#368,.T.);
#919=EDGE_CURVE('',#731,#644,#369,.T.);
#920=EDGE_CURVE('',#726,#716,#370,.T.);
#921=EDGE_CURVE('',#732,#733,#590,.T.);
#922=EDGE_CURVE('',#733,#647,#371,.T.);
#923=EDGE_CURVE('',#646,#732,#372,.T.);
#924=EDGE_CURVE('',#733,#734,#373,.T.);
#925=EDGE_CURVE('',#648,#734,#374,.T.);
#926=EDGE_CURVE('',#735,#735,#591,.T.);
#927=EDGE_CURVE('',#736,#736,#592,.T.);
#928=EDGE_CURVE('',#737,#732,#375,.T.);
#929=EDGE_CURVE('',#731,#737,#376,.F.);
#930=EDGE_CURVE('',#738,#728,#593,.T.);
#931=EDGE_CURVE('',#739,#738,#377,.T.);
#932=EDGE_CURVE('',#734,#739,#378,.T.);
#933=EDGE_CURVE('',#650,#738,#379,.T.);
#934=EDGE_CURVE('',#649,#739,#380,.T.);
#935=EDGE_CURVE('',#740,#740,#594,.T.);
#936=EDGE_CURVE('',#741,#741,#595,.T.);
#937=EDGE_CURVE('',#695,#742,#381,.T.);
#938=EDGE_CURVE('',#742,#742,#596,.T.);
#939=EDGE_CURVE('',#743,#743,#597,.T.);
#940=EDGE_CURVE('',#696,#744,#382,.T.);
#941=EDGE_CURVE('',#744,#744,#598,.T.);
#942=EDGE_CURVE('',#745,#745,#599,.T.);
#943=EDGE_CURVE('',#697,#746,#383,.T.);
#944=EDGE_CURVE('',#746,#746,#600,.T.);
#945=EDGE_CURVE('',#747,#747,#601,.T.);
#946=EDGE_CURVE('',#698,#748,#384,.T.);
#947=EDGE_CURVE('',#748,#748,#602,.T.);
#948=EDGE_CURVE('',#749,#749,#603,.T.);
#949=EDGE_CURVE('',#743,#750,#385,.T.);
#950=EDGE_CURVE('',#750,#750,#604,.T.);
#951=EDGE_CURVE('',#745,#751,#386,.T.);
#952=EDGE_CURVE('',#751,#751,#605,.T.);
#953=EDGE_CURVE('',#747,#752,#387,.T.);
#954=EDGE_CURVE('',#752,#752,#606,.T.);
#955=EDGE_CURVE('',#749,#753,#388,.T.);
#956=EDGE_CURVE('',#753,#753,#607,.T.);
#957=EDGE_CURVE('',#705,#689,#389,.T.);
#958=EDGE_CURVE('',#754,#754,#608,.T.);
#959=EDGE_CURVE('',#755,#755,#609,.T.);
#960=EDGE_CURVE('',#756,#756,#610,.T.);
#961=EDGE_CURVE('',#707,#717,#390,.T.);
#962=EDGE_CURVE('',#636,#757,#391,.T.);
#963=EDGE_CURVE('',#757,#757,#611,.T.);
#964=EDGE_CURVE('',#758,#758,#612,.T.);
#965=EDGE_CURVE('',#637,#759,#392,.T.);
#966=EDGE_CURVE('',#759,#759,#613,.T.);
#967=EDGE_CURVE('',#760,#760,#614,.T.);
#968=EDGE_CURVE('',#635,#761,#393,.T.);
#969=EDGE_CURVE('',#761,#761,#615,.T.);
#970=EDGE_CURVE('',#762,#762,#616,.T.);
#971=EDGE_CURVE('',#762,#754,#394,.T.);
#972=EDGE_CURVE('',#760,#755,#395,.T.);
#973=EDGE_CURVE('',#758,#756,#396,.T.);
#974=EDGE_CURVE('',#658,#763,#397,.T.);
#975=EDGE_CURVE('',#763,#764,#398,.T.);
#976=EDGE_CURVE('',#700,#764,#23,.T.);
#977=EDGE_CURVE('',#676,#765,#399,.F.);
#978=EDGE_CURVE('',#765,#701,#400,.T.);
#979=EDGE_CURVE('',#765,#729,#617,.T.);
#980=EDGE_CURVE('',#764,#679,#618,.T.);
#981=EDGE_CURVE('',#657,#766,#401,.T.);
#982=EDGE_CURVE('',#766,#763,#402,.T.);
#983=EDGE_CURVE('',#693,#766,#403,.T.);
#984=EDGE_CURVE('',#730,#675,#619,.T.);
#985=EDGE_CURVE('',#645,#737,#404,.F.);
#986=EDGE_CURVE('',#736,#741,#405,.T.);
#987=EDGE_CURVE('',#735,#740,#406,.T.);
#988=ORIENTED_EDGE('',*,*,#767,.T.);
#989=ORIENTED_EDGE('',*,*,#768,.T.);
#990=ORIENTED_EDGE('',*,*,#769,.T.);
#991=ORIENTED_EDGE('',*,*,#770,.T.);
#992=ORIENTED_EDGE('',*,*,#768,.F.);
#993=ORIENTED_EDGE('',*,*,#771,.T.);
#994=ORIENTED_EDGE('',*,*,#772,.F.);
#995=ORIENTED_EDGE('',*,*,#773,.T.);
#996=ORIENTED_EDGE('',*,*,#767,.F.);
#997=ORIENTED_EDGE('',*,*,#774,.F.);
#998=ORIENTED_EDGE('',*,*,#775,.F.);
#999=ORIENTED_EDGE('',*,*,#776,.F.);
#1000=ORIENTED_EDGE('',*,*,#777,.F.);
#1001=ORIENTED_EDGE('',*,*,#778,.F.);
#1002=ORIENTED_EDGE('',*,*,#779,.F.);
#1003=ORIENTED_EDGE('',*,*,#780,.T.);
#1004=ORIENTED_EDGE('',*,*,#781,.T.);
#1005=ORIENTED_EDGE('',*,*,#782,.F.);
#1006=ORIENTED_EDGE('',*,*,#783,.F.);
#1007=ORIENTED_EDGE('',*,*,#771,.F.);
#1008=ORIENTED_EDGE('',*,*,#784,.T.);
#1009=ORIENTED_EDGE('',*,*,#785,.T.);
#1010=ORIENTED_EDGE('',*,*,#786,.T.);
#1011=ORIENTED_EDGE('',*,*,#787,.T.);
#1012=ORIENTED_EDGE('',*,*,#772,.T.);
#1013=ORIENTED_EDGE('',*,*,#783,.T.);
#1014=ORIENTED_EDGE('',*,*,#788,.T.);
#1015=ORIENTED_EDGE('',*,*,#788,.F.);
#1016=ORIENTED_EDGE('',*,*,#782,.T.);
#1017=ORIENTED_EDGE('',*,*,#789,.F.);
#1018=ORIENTED_EDGE('',*,*,#790,.F.);
#1019=ORIENTED_EDGE('',*,*,#791,.T.);
#1020=ORIENTED_EDGE('',*,*,#770,.F.);
#1021=ORIENTED_EDGE('',*,*,#792,.T.);
#1022=ORIENTED_EDGE('',*,*,#793,.F.);
#1023=ORIENTED_EDGE('',*,*,#794,.F.);
#1024=ORIENTED_EDGE('',*,*,#795,.F.);
#1025=ORIENTED_EDGE('',*,*,#796,.F.);
#1026=ORIENTED_EDGE('',*,*,#797,.T.);
#1027=ORIENTED_EDGE('',*,*,#798,.F.);
#1028=ORIENTED_EDGE('',*,*,#799,.T.);
#1029=ORIENTED_EDGE('',*,*,#800,.T.);
#1030=ORIENTED_EDGE('',*,*,#801,.T.);
#1031=ORIENTED_EDGE('',*,*,#802,.F.);
#1032=ORIENTED_EDGE('',*,*,#803,.T.);
#1033=ORIENTED_EDGE('',*,*,#804,.F.);
#1034=ORIENTED_EDGE('',*,*,#805,.F.);
#1035=ORIENTED_EDGE('',*,*,#806,.F.);
#1036=ORIENTED_EDGE('',*,*,#807,.F.);
#1037=ORIENTED_EDGE('',*,*,#808,.F.);
#1038=ORIENTED_EDGE('',*,*,#809,.F.);
#1039=ORIENTED_EDGE('',*,*,#810,.F.);
#1040=ORIENTED_EDGE('',*,*,#811,.F.);
#1041=ORIENTED_EDGE('',*,*,#812,.F.);
#1042=ORIENTED_EDGE('',*,*,#813,.F.);
#1043=ORIENTED_EDGE('',*,*,#814,.F.);
#1044=ORIENTED_EDGE('',*,*,#774,.T.);
#1045=ORIENTED_EDGE('',*,*,#815,.F.);
#1046=ORIENTED_EDGE('',*,*,#816,.T.);
#1047=ORIENTED_EDGE('',*,*,#817,.T.);
#1048=ORIENTED_EDGE('',*,*,#818,.T.);
#1049=ORIENTED_EDGE('',*,*,#815,.T.);
#1050=ORIENTED_EDGE('',*,*,#819,.F.);
#1051=ORIENTED_EDGE('',*,*,#820,.F.);
#1052=ORIENTED_EDGE('',*,*,#821,.F.);
#1053=ORIENTED_EDGE('',*,*,#822,.F.);
#1054=ORIENTED_EDGE('',*,*,#823,.F.);
#1055=ORIENTED_EDGE('',*,*,#824,.T.);
#1056=ORIENTED_EDGE('',*,*,#825,.T.);
#1057=ORIENTED_EDGE('',*,*,#826,.F.);
#1058=ORIENTED_EDGE('',*,*,#827,.F.);
#1059=ORIENTED_EDGE('',*,*,#818,.F.);
#1060=ORIENTED_EDGE('',*,*,#828,.T.);
#1061=ORIENTED_EDGE('',*,*,#829,.T.);
#1062=ORIENTED_EDGE('',*,*,#830,.T.);
#1063=ORIENTED_EDGE('',*,*,#831,.T.);
#1064=ORIENTED_EDGE('',*,*,#832,.F.);
#1065=ORIENTED_EDGE('',*,*,#833,.T.);
#1066=ORIENTED_EDGE('',*,*,#834,.F.);
#1067=ORIENTED_EDGE('',*,*,#835,.T.);
#1068=ORIENTED_EDGE('',*,*,#819,.T.);
#1069=ORIENTED_EDGE('',*,*,#836,.T.);
#1070=ORIENTED_EDGE('',*,*,#837,.T.);
#1071=ORIENTED_EDGE('',*,*,#779,.T.);
#1072=ORIENTED_EDGE('',*,*,#838,.T.);
#1073=ORIENTED_EDGE('',*,*,#837,.F.);
#1074=ORIENTED_EDGE('',*,*,#839,.T.);
#1075=ORIENTED_EDGE('',*,*,#840,.F.);
#1076=ORIENTED_EDGE('',*,*,#841,.T.);
#1077=ORIENTED_EDGE('',*,*,#842,.F.);
#1078=ORIENTED_EDGE('',*,*,#843,.F.);
#1079=ORIENTED_EDGE('',*,*,#844,.T.);
#1080=ORIENTED_EDGE('',*,*,#780,.F.);
#1081=ORIENTED_EDGE('',*,*,#845,.T.);
#1082=ORIENTED_EDGE('',*,*,#846,.T.);
#1083=ORIENTED_EDGE('',*,*,#777,.T.);
#1084=ORIENTED_EDGE('',*,*,#847,.T.);
#1085=ORIENTED_EDGE('',*,*,#838,.F.);
#1086=ORIENTED_EDGE('',*,*,#778,.T.);
#1087=ORIENTED_EDGE('',*,*,#846,.F.);
#1088=ORIENTED_EDGE('',*,*,#848,.T.);
#1089=ORIENTED_EDGE('',*,*,#849,.T.);
#1090=ORIENTED_EDGE('',*,*,#834,.T.);
#1091=ORIENTED_EDGE('',*,*,#850,.T.);
#1092=ORIENTED_EDGE('',*,*,#851,.T.);
#1093=ORIENTED_EDGE('',*,*,#823,.T.);
#1094=ORIENTED_EDGE('',*,*,#852,.T.);
#1095=ORIENTED_EDGE('',*,*,#806,.T.);
#1096=ORIENTED_EDGE('',*,*,#853,.T.);
#1097=ORIENTED_EDGE('',*,*,#851,.F.);
#1098=ORIENTED_EDGE('',*,*,#854,.T.);
#1099=ORIENTED_EDGE('',*,*,#855,.F.);
#1100=ORIENTED_EDGE('',*,*,#807,.T.);
#1101=ORIENTED_EDGE('',*,*,#852,.F.);
#1102=ORIENTED_EDGE('',*,*,#822,.T.);
#1103=ORIENTED_EDGE('',*,*,#856,.F.);
#1104=ORIENTED_EDGE('',*,*,#811,.T.);
#1105=ORIENTED_EDGE('',*,*,#857,.T.);
#1106=ORIENTED_EDGE('',*,*,#858,.T.);
#1107=ORIENTED_EDGE('',*,*,#859,.T.);
#1108=ORIENTED_EDGE('',*,*,#860,.T.);
#1109=ORIENTED_EDGE('',*,*,#861,.T.);
#1110=ORIENTED_EDGE('',*,*,#862,.T.);
#1111=ORIENTED_EDGE('',*,*,#821,.T.);
#1112=ORIENTED_EDGE('',*,*,#863,.T.);
#1113=ORIENTED_EDGE('',*,*,#812,.T.);
#1114=ORIENTED_EDGE('',*,*,#856,.T.);
#1115=ORIENTED_EDGE('',*,*,#863,.F.);
#1116=ORIENTED_EDGE('',*,*,#820,.T.);
#1117=ORIENTED_EDGE('',*,*,#864,.F.);
#1118=ORIENTED_EDGE('',*,*,#865,.F.);
#1119=ORIENTED_EDGE('',*,*,#813,.T.);
#1120=ORIENTED_EDGE('',*,*,#790,.T.);
#1121=ORIENTED_EDGE('',*,*,#866,.T.);
#1122=ORIENTED_EDGE('',*,*,#840,.T.);
#1123=ORIENTED_EDGE('',*,*,#867,.T.);
#1124=ORIENTED_EDGE('',*,*,#866,.F.);
#1125=ORIENTED_EDGE('',*,*,#789,.T.);
#1126=ORIENTED_EDGE('',*,*,#781,.F.);
#1127=ORIENTED_EDGE('',*,*,#844,.F.);
#1128=ORIENTED_EDGE('',*,*,#868,.F.);
#1129=ORIENTED_EDGE('',*,*,#869,.F.);
#1130=ORIENTED_EDGE('',*,*,#831,.F.);
#1131=ORIENTED_EDGE('',*,*,#870,.T.);
#1132=ORIENTED_EDGE('',*,*,#871,.F.);
#1133=ORIENTED_EDGE('',*,*,#872,.F.);
#1134=ORIENTED_EDGE('',*,*,#873,.T.);
#1135=ORIENTED_EDGE('',*,*,#874,.F.);
#1136=ORIENTED_EDGE('',*,*,#841,.F.);
#1137=ORIENTED_EDGE('',*,*,#875,.T.);
#1138=ORIENTED_EDGE('',*,*,#876,.T.);
#1139=ORIENTED_EDGE('',*,*,#793,.T.);
#1140=ORIENTED_EDGE('',*,*,#877,.T.);
#1141=ORIENTED_EDGE('',*,*,#876,.F.);
#1142=ORIENTED_EDGE('',*,*,#878,.T.);
#1143=ORIENTED_EDGE('',*,*,#879,.T.);
#1144=ORIENTED_EDGE('',*,*,#842,.T.);
#1145=ORIENTED_EDGE('',*,*,#874,.T.);
#1146=ORIENTED_EDGE('',*,*,#880,.T.);
#1147=ORIENTED_EDGE('',*,*,#881,.F.);
#1148=ORIENTED_EDGE('',*,*,#882,.F.);
#1149=ORIENTED_EDGE('',*,*,#883,.T.);
#1150=ORIENTED_EDGE('',*,*,#884,.F.);
#1151=ORIENTED_EDGE('',*,*,#885,.F.);
#1152=ORIENTED_EDGE('',*,*,#886,.F.);
#1153=ORIENTED_EDGE('',*,*,#887,.F.);
#1154=ORIENTED_EDGE('',*,*,#888,.F.);
#1155=ORIENTED_EDGE('',*,*,#889,.F.);
#1156=ORIENTED_EDGE('',*,*,#794,.T.);
#1157=ORIENTED_EDGE('',*,*,#890,.T.);
#1158=ORIENTED_EDGE('',*,*,#775,.T.);
#1159=ORIENTED_EDGE('',*,*,#814,.T.);
#1160=ORIENTED_EDGE('',*,*,#865,.T.);
#1161=ORIENTED_EDGE('',*,*,#891,.F.);
#1162=ORIENTED_EDGE('',*,*,#892,.F.);
#1163=ORIENTED_EDGE('',*,*,#891,.T.);
#1164=ORIENTED_EDGE('',*,*,#864,.T.);
#1165=ORIENTED_EDGE('',*,*,#835,.F.);
#1166=ORIENTED_EDGE('',*,*,#849,.F.);
#1167=ORIENTED_EDGE('',*,*,#858,.F.);
#1168=ORIENTED_EDGE('',*,*,#893,.T.);
#1169=ORIENTED_EDGE('',*,*,#825,.F.);
#1170=ORIENTED_EDGE('',*,*,#894,.T.);
#1171=ORIENTED_EDGE('',*,*,#804,.T.);
#1172=ORIENTED_EDGE('',*,*,#895,.T.);
#1173=ORIENTED_EDGE('',*,*,#896,.T.);
#1174=ORIENTED_EDGE('',*,*,#897,.F.);
#1175=ORIENTED_EDGE('',*,*,#898,.F.);
#1176=ORIENTED_EDGE('',*,*,#899,.F.);
#1177=ORIENTED_EDGE('',*,*,#853,.F.);
#1178=ORIENTED_EDGE('',*,*,#805,.T.);
#1179=ORIENTED_EDGE('',*,*,#894,.F.);
#1180=ORIENTED_EDGE('',*,*,#824,.F.);
#1181=ORIENTED_EDGE('',*,*,#816,.F.);
#1182=ORIENTED_EDGE('',*,*,#827,.T.);
#1183=ORIENTED_EDGE('',*,*,#900,.F.);
#1184=ORIENTED_EDGE('',*,*,#901,.T.);
#1185=ORIENTED_EDGE('',*,*,#902,.F.);
#1186=ORIENTED_EDGE('',*,*,#903,.T.);
#1187=ORIENTED_EDGE('',*,*,#904,.F.);
#1188=ORIENTED_EDGE('',*,*,#905,.F.);
#1189=ORIENTED_EDGE('',*,*,#895,.F.);
#1190=ORIENTED_EDGE('',*,*,#803,.F.);
#1191=ORIENTED_EDGE('',*,*,#906,.F.);
#1192=ORIENTED_EDGE('',*,*,#907,.T.);
#1193=ORIENTED_EDGE('',*,*,#872,.T.);
#1194=ORIENTED_EDGE('',*,*,#908,.F.);
#1195=ORIENTED_EDGE('',*,*,#909,.F.);
#1196=ORIENTED_EDGE('',*,*,#910,.T.);
#1197=ORIENTED_EDGE('',*,*,#911,.T.);
#1198=ORIENTED_EDGE('',*,*,#886,.T.);
#1199=ORIENTED_EDGE('',*,*,#912,.T.);
#1200=ORIENTED_EDGE('',*,*,#897,.T.);
#1201=ORIENTED_EDGE('',*,*,#911,.F.);
#1202=ORIENTED_EDGE('',*,*,#896,.F.);
#1203=ORIENTED_EDGE('',*,*,#905,.T.);
#1204=ORIENTED_EDGE('',*,*,#913,.F.);
#1205=ORIENTED_EDGE('',*,*,#887,.T.);
#1206=ORIENTED_EDGE('',*,*,#900,.T.);
#1207=ORIENTED_EDGE('',*,*,#826,.T.);
#1208=ORIENTED_EDGE('',*,*,#899,.T.);
#1209=ORIENTED_EDGE('',*,*,#914,.T.);
#1210=ORIENTED_EDGE('',*,*,#884,.T.);
#1211=ORIENTED_EDGE('',*,*,#915,.T.);
#1212=ORIENTED_EDGE('',*,*,#912,.F.);
#1213=ORIENTED_EDGE('',*,*,#885,.T.);
#1214=ORIENTED_EDGE('',*,*,#914,.F.);
#1215=ORIENTED_EDGE('',*,*,#898,.T.);
#1216=ORIENTED_EDGE('',*,*,#882,.T.);
#1217=ORIENTED_EDGE('',*,*,#916,.T.);
#1218=ORIENTED_EDGE('',*,*,#902,.T.);
#1219=ORIENTED_EDGE('',*,*,#917,.T.);
#1220=ORIENTED_EDGE('',*,*,#916,.F.);
#1221=ORIENTED_EDGE('',*,*,#881,.T.);
#1222=ORIENTED_EDGE('',*,*,#918,.T.);
#1223=ORIENTED_EDGE('',*,*,#919,.T.);
#1224=ORIENTED_EDGE('',*,*,#795,.T.);
#1225=ORIENTED_EDGE('',*,*,#889,.T.);
#1226=ORIENTED_EDGE('',*,*,#920,.F.);
#1227=ORIENTED_EDGE('',*,*,#903,.F.);
#1228=ORIENTED_EDGE('',*,*,#888,.T.);
#1229=ORIENTED_EDGE('',*,*,#913,.T.);
#1230=ORIENTED_EDGE('',*,*,#904,.T.);
#1231=ORIENTED_EDGE('',*,*,#920,.T.);
#1232=ORIENTED_EDGE('',*,*,#921,.T.);
#1233=ORIENTED_EDGE('',*,*,#922,.T.);
#1234=ORIENTED_EDGE('',*,*,#798,.T.);
#1235=ORIENTED_EDGE('',*,*,#923,.T.);
#1236=ORIENTED_EDGE('',*,*,#922,.F.);
#1237=ORIENTED_EDGE('',*,*,#924,.T.);
#1238=ORIENTED_EDGE('',*,*,#925,.F.);
#1239=ORIENTED_EDGE('',*,*,#799,.F.);
#1240=ORIENTED_EDGE('',*,*,#926,.T.);
#1241=ORIENTED_EDGE('',*,*,#927,.T.);
#1242=ORIENTED_EDGE('',*,*,#921,.F.);
#1243=ORIENTED_EDGE('',*,*,#928,.F.);
#1244=ORIENTED_EDGE('',*,*,#929,.F.);
#1245=ORIENTED_EDGE('',*,*,#918,.F.);
#1246=ORIENTED_EDGE('',*,*,#880,.F.);
#1247=ORIENTED_EDGE('',*,*,#873,.F.);
#1248=ORIENTED_EDGE('',*,*,#907,.F.);
#1249=ORIENTED_EDGE('',*,*,#930,.F.);
#1250=ORIENTED_EDGE('',*,*,#931,.F.);
#1251=ORIENTED_EDGE('',*,*,#932,.F.);
#1252=ORIENTED_EDGE('',*,*,#924,.F.);
#1253=ORIENTED_EDGE('',*,*,#802,.T.);
#1254=ORIENTED_EDGE('',*,*,#933,.T.);
#1255=ORIENTED_EDGE('',*,*,#930,.T.);
#1256=ORIENTED_EDGE('',*,*,#906,.T.);
#1257=ORIENTED_EDGE('',*,*,#933,.F.);
#1258=ORIENTED_EDGE('',*,*,#801,.F.);
#1259=ORIENTED_EDGE('',*,*,#934,.T.);
#1260=ORIENTED_EDGE('',*,*,#931,.T.);
#1261=ORIENTED_EDGE('',*,*,#935,.T.);
#1262=ORIENTED_EDGE('',*,*,#936,.T.);
#1263=ORIENTED_EDGE('',*,*,#859,.F.);
#1264=ORIENTED_EDGE('',*,*,#937,.T.);
#1265=ORIENTED_EDGE('',*,*,#938,.T.);
#1266=ORIENTED_EDGE('',*,*,#937,.F.);
#1267=ORIENTED_EDGE('',*,*,#938,.F.);
#1268=ORIENTED_EDGE('',*,*,#939,.F.);
#1269=ORIENTED_EDGE('',*,*,#860,.F.);
#1270=ORIENTED_EDGE('',*,*,#940,.T.);
#1271=ORIENTED_EDGE('',*,*,#941,.T.);
#1272=ORIENTED_EDGE('',*,*,#940,.F.);
#1273=ORIENTED_EDGE('',*,*,#941,.F.);
#1274=ORIENTED_EDGE('',*,*,#942,.F.);
#1275=ORIENTED_EDGE('',*,*,#861,.F.);
#1276=ORIENTED_EDGE('',*,*,#943,.T.);
#1277=ORIENTED_EDGE('',*,*,#944,.T.);
#1278=ORIENTED_EDGE('',*,*,#943,.F.);
#1279=ORIENTED_EDGE('',*,*,#944,.F.);
#1280=ORIENTED_EDGE('',*,*,#945,.F.);
#1281=ORIENTED_EDGE('',*,*,#862,.F.);
#1282=ORIENTED_EDGE('',*,*,#946,.T.);
#1283=ORIENTED_EDGE('',*,*,#947,.T.);
#1284=ORIENTED_EDGE('',*,*,#946,.F.);
#1285=ORIENTED_EDGE('',*,*,#947,.F.);
#1286=ORIENTED_EDGE('',*,*,#948,.F.);
#1287=ORIENTED_EDGE('',*,*,#939,.T.);
#1288=ORIENTED_EDGE('',*,*,#949,.T.);
#1289=ORIENTED_EDGE('',*,*,#950,.F.);
#1290=ORIENTED_EDGE('',*,*,#949,.F.);
#1291=ORIENTED_EDGE('',*,*,#942,.T.);
#1292=ORIENTED_EDGE('',*,*,#951,.T.);
#1293=ORIENTED_EDGE('',*,*,#952,.F.);
#1294=ORIENTED_EDGE('',*,*,#951,.F.);
#1295=ORIENTED_EDGE('',*,*,#945,.T.);
#1296=ORIENTED_EDGE('',*,*,#953,.T.);
#1297=ORIENTED_EDGE('',*,*,#954,.F.);
#1298=ORIENTED_EDGE('',*,*,#953,.F.);
#1299=ORIENTED_EDGE('',*,*,#948,.T.);
#1300=ORIENTED_EDGE('',*,*,#955,.T.);
#1301=ORIENTED_EDGE('',*,*,#956,.F.);
#1302=ORIENTED_EDGE('',*,*,#955,.F.);
#1303=ORIENTED_EDGE('',*,*,#769,.F.);
#1304=ORIENTED_EDGE('',*,*,#773,.F.);
#1305=ORIENTED_EDGE('',*,*,#787,.F.);
#1306=ORIENTED_EDGE('',*,*,#791,.F.);
#1307=ORIENTED_EDGE('',*,*,#867,.F.);
#1308=ORIENTED_EDGE('',*,*,#839,.F.);
#1309=ORIENTED_EDGE('',*,*,#836,.F.);
#1310=ORIENTED_EDGE('',*,*,#848,.F.);
#1311=ORIENTED_EDGE('',*,*,#845,.F.);
#1312=ORIENTED_EDGE('',*,*,#957,.F.);
#1313=ORIENTED_EDGE('',*,*,#877,.F.);
#1314=ORIENTED_EDGE('',*,*,#792,.F.);
#1315=ORIENTED_EDGE('',*,*,#958,.T.);
#1316=ORIENTED_EDGE('',*,*,#959,.T.);
#1317=ORIENTED_EDGE('',*,*,#960,.T.);
#1318=ORIENTED_EDGE('',*,*,#847,.F.);
#1319=ORIENTED_EDGE('',*,*,#776,.T.);
#1320=ORIENTED_EDGE('',*,*,#890,.F.);
#1321=ORIENTED_EDGE('',*,*,#961,.F.);
#1322=ORIENTED_EDGE('',*,*,#878,.F.);
#1323=ORIENTED_EDGE('',*,*,#875,.F.);
#1324=ORIENTED_EDGE('',*,*,#957,.T.);
#1325=ORIENTED_EDGE('',*,*,#785,.F.);
#1326=ORIENTED_EDGE('',*,*,#962,.T.);
#1327=ORIENTED_EDGE('',*,*,#963,.T.);
#1328=ORIENTED_EDGE('',*,*,#962,.F.);
#1329=ORIENTED_EDGE('',*,*,#963,.F.);
#1330=ORIENTED_EDGE('',*,*,#964,.F.);
#1331=ORIENTED_EDGE('',*,*,#786,.F.);
#1332=ORIENTED_EDGE('',*,*,#965,.T.);
#1333=ORIENTED_EDGE('',*,*,#966,.T.);
#1334=ORIENTED_EDGE('',*,*,#965,.F.);
#1335=ORIENTED_EDGE('',*,*,#966,.F.);
#1336=ORIENTED_EDGE('',*,*,#967,.F.);
#1337=ORIENTED_EDGE('',*,*,#784,.F.);
#1338=ORIENTED_EDGE('',*,*,#968,.T.);
#1339=ORIENTED_EDGE('',*,*,#969,.T.);
#1340=ORIENTED_EDGE('',*,*,#968,.F.);
#1341=ORIENTED_EDGE('',*,*,#969,.F.);
#1342=ORIENTED_EDGE('',*,*,#970,.F.);
#1343=ORIENTED_EDGE('',*,*,#970,.T.);
#1344=ORIENTED_EDGE('',*,*,#971,.T.);
#1345=ORIENTED_EDGE('',*,*,#958,.F.);
#1346=ORIENTED_EDGE('',*,*,#971,.F.);
#1347=ORIENTED_EDGE('',*,*,#967,.T.);
#1348=ORIENTED_EDGE('',*,*,#972,.T.);
#1349=ORIENTED_EDGE('',*,*,#959,.F.);
#1350=ORIENTED_EDGE('',*,*,#972,.F.);
#1351=ORIENTED_EDGE('',*,*,#964,.T.);
#1352=ORIENTED_EDGE('',*,*,#973,.T.);
#1353=ORIENTED_EDGE('',*,*,#960,.F.);
#1354=ORIENTED_EDGE('',*,*,#973,.F.);
#1355=ORIENTED_EDGE('',*,*,#879,.F.);
#1356=ORIENTED_EDGE('',*,*,#961,.T.);
#1357=ORIENTED_EDGE('',*,*,#892,.T.);
#1358=ORIENTED_EDGE('',*,*,#893,.F.);
#1359=ORIENTED_EDGE('',*,*,#857,.F.);
#1360=ORIENTED_EDGE('',*,*,#810,.T.);
#1361=ORIENTED_EDGE('',*,*,#974,.T.);
#1362=ORIENTED_EDGE('',*,*,#975,.T.);
#1363=ORIENTED_EDGE('',*,*,#976,.F.);
#1364=ORIENTED_EDGE('',*,*,#868,.T.);
#1365=ORIENTED_EDGE('',*,*,#843,.T.);
#1366=ORIENTED_EDGE('',*,*,#977,.T.);
#1367=ORIENTED_EDGE('',*,*,#978,.T.);
#1368=ORIENTED_EDGE('',*,*,#870,.F.);
#1369=ORIENTED_EDGE('',*,*,#830,.F.);
#1370=ORIENTED_EDGE('',*,*,#871,.T.);
#1371=ORIENTED_EDGE('',*,*,#978,.F.);
#1372=ORIENTED_EDGE('',*,*,#979,.T.);
#1373=ORIENTED_EDGE('',*,*,#908,.T.);
#1374=ORIENTED_EDGE('',*,*,#869,.T.);
#1375=ORIENTED_EDGE('',*,*,#976,.T.);
#1376=ORIENTED_EDGE('',*,*,#980,.T.);
#1377=ORIENTED_EDGE('',*,*,#832,.T.);
#1378=ORIENTED_EDGE('',*,*,#915,.F.);
#1379=ORIENTED_EDGE('',*,*,#883,.F.);
#1380=ORIENTED_EDGE('',*,*,#917,.F.);
#1381=ORIENTED_EDGE('',*,*,#901,.F.);
#1382=ORIENTED_EDGE('',*,*,#809,.T.);
#1383=ORIENTED_EDGE('',*,*,#981,.T.);
#1384=ORIENTED_EDGE('',*,*,#982,.T.);
#1385=ORIENTED_EDGE('',*,*,#974,.F.);
#1386=ORIENTED_EDGE('',*,*,#950,.T.);
#1387=ORIENTED_EDGE('',*,*,#952,.T.);
#1388=ORIENTED_EDGE('',*,*,#954,.T.);
#1389=ORIENTED_EDGE('',*,*,#956,.T.);
#1390=ORIENTED_EDGE('',*,*,#980,.F.);
#1391=ORIENTED_EDGE('',*,*,#975,.F.);
#1392=ORIENTED_EDGE('',*,*,#982,.F.);
#1393=ORIENTED_EDGE('',*,*,#983,.F.);
#1394=ORIENTED_EDGE('',*,*,#854,.F.);
#1395=ORIENTED_EDGE('',*,*,#850,.F.);
#1396=ORIENTED_EDGE('',*,*,#833,.F.);
#1397=ORIENTED_EDGE('',*,*,#977,.F.);
#1398=ORIENTED_EDGE('',*,*,#829,.F.);
#1399=ORIENTED_EDGE('',*,*,#984,.F.);
#1400=ORIENTED_EDGE('',*,*,#909,.T.);
#1401=ORIENTED_EDGE('',*,*,#979,.F.);
#1402=ORIENTED_EDGE('',*,*,#984,.T.);
#1403=ORIENTED_EDGE('',*,*,#828,.F.);
#1404=ORIENTED_EDGE('',*,*,#817,.F.);
#1405=ORIENTED_EDGE('',*,*,#910,.F.);
#1406=ORIENTED_EDGE('',*,*,#932,.T.);
#1407=ORIENTED_EDGE('',*,*,#934,.F.);
#1408=ORIENTED_EDGE('',*,*,#800,.F.);
#1409=ORIENTED_EDGE('',*,*,#925,.T.);
#1410=ORIENTED_EDGE('',*,*,#923,.F.);
#1411=ORIENTED_EDGE('',*,*,#797,.F.);
#1412=ORIENTED_EDGE('',*,*,#985,.T.);
#1413=ORIENTED_EDGE('',*,*,#928,.T.);
#1414=ORIENTED_EDGE('',*,*,#929,.T.);
#1415=ORIENTED_EDGE('',*,*,#985,.F.);
#1416=ORIENTED_EDGE('',*,*,#796,.T.);
#1417=ORIENTED_EDGE('',*,*,#919,.F.);
#1418=ORIENTED_EDGE('',*,*,#808,.T.);
#1419=ORIENTED_EDGE('',*,*,#855,.T.);
#1420=ORIENTED_EDGE('',*,*,#983,.T.);
#1421=ORIENTED_EDGE('',*,*,#981,.F.);
#1422=ORIENTED_EDGE('',*,*,#927,.F.);
#1423=ORIENTED_EDGE('',*,*,#986,.T.);
#1424=ORIENTED_EDGE('',*,*,#936,.F.);
#1425=ORIENTED_EDGE('',*,*,#986,.F.);
#1426=ORIENTED_EDGE('',*,*,#926,.F.);
#1427=ORIENTED_EDGE('',*,*,#987,.T.);
#1428=ORIENTED_EDGE('',*,*,#935,.F.);
#1429=ORIENTED_EDGE('',*,*,#987,.F.);
#1430=CYLINDRICAL_SURFACE('',#1557,4.);
#1431=CYLINDRICAL_SURFACE('',#1568,4.);
#1432=CYLINDRICAL_SURFACE('',#1581,20.);
#1433=CYLINDRICAL_SURFACE('',#1589,1.);
#1434=CYLINDRICAL_SURFACE('',#1595,1.);
#1435=CYLINDRICAL_SURFACE('',#1598,0.5);
#1436=CYLINDRICAL_SURFACE('',#1601,0.5);
#1437=CYLINDRICAL_SURFACE('',#1607,0.4);
#1438=CYLINDRICAL_SURFACE('',#1609,0.5);
#1439=CYLINDRICAL_SURFACE('',#1610,26.5);
#1440=CYLINDRICAL_SURFACE('',#1614,0.5);
#1441=CYLINDRICAL_SURFACE('',#1621,5.);
#1442=CYLINDRICAL_SURFACE('',#1625,20.);
#1443=CYLINDRICAL_SURFACE('',#1632,1.);
#1444=CYLINDRICAL_SURFACE('',#1634,1.);
#1445=CYLINDRICAL_SURFACE('',#1636,1.);
#1446=CYLINDRICAL_SURFACE('',#1638,1.);
#1447=CYLINDRICAL_SURFACE('',#1639,2.);
#1448=CYLINDRICAL_SURFACE('',#1646,2.5);
#1449=CYLINDRICAL_SURFACE('',#1650,2.75);
#1450=CYLINDRICAL_SURFACE('',#1654,2.75);
#1451=CYLINDRICAL_SURFACE('',#1658,2.75);
#1452=CYLINDRICAL_SURFACE('',#1662,2.75);
#1453=CYLINDRICAL_SURFACE('',#1666,1.5);
#1454=CYLINDRICAL_SURFACE('',#1668,1.5);
#1455=CYLINDRICAL_SURFACE('',#1670,1.5);
#1456=CYLINDRICAL_SURFACE('',#1672,1.5);
#1457=CYLINDRICAL_SURFACE('',#1679,2.75);
#1458=CYLINDRICAL_SURFACE('',#1683,2.75);
#1459=CYLINDRICAL_SURFACE('',#1687,2.75);
#1460=CYLINDRICAL_SURFACE('',#1691,1.5);
#1461=CYLINDRICAL_SURFACE('',#1692,1.5);
#1462=CYLINDRICAL_SURFACE('',#1693,1.5);
#1463=CYLINDRICAL_SURFACE('',#1703,25.);
#1464=CYLINDRICAL_SURFACE('',#1710,1.5);
#1465=CYLINDRICAL_SURFACE('',#1711,1.5);
#1466=ADVANCED_FACE('',(#89),#1430,.T.);
#1467=ADVANCED_FACE('',(#90),#49,.T.);
#1468=ADVANCED_FACE('',(#91,#24,#25,#26),#50,.T.);
#1469=ADVANCED_FACE('',(#92),#1431,.T.);
#1470=ADVANCED_FACE('',(#93),#51,.T.);
#1471=ADVANCED_FACE('',(#94),#52,.T.);
#1472=ADVANCED_FACE('',(#95),#1432,.F.);
#1473=ADVANCED_FACE('',(#96),#53,.F.);
#1474=ADVANCED_FACE('',(#97),#54,.T.);
#1475=ADVANCED_FACE('',(#98),#1433,.F.);
#1476=ADVANCED_FACE('',(#99),#55,.F.);
#1477=ADVANCED_FACE('',(#100),#1434,.F.);
#1478=ADVANCED_FACE('',(#101),#56,.T.);
#1479=ADVANCED_FACE('',(#102),#1435,.F.);
#1480=ADVANCED_FACE('',(#103),#1436,.F.);
#1481=ADVANCED_FACE('',(#104,#27,#28,#29,#30),#57,.F.);
#1482=ADVANCED_FACE('',(#105),#1437,.F.);
#1483=ADVANCED_FACE('',(#106),#58,.T.);
#1484=ADVANCED_FACE('',(#107),#1438,.F.);
#1485=ADVANCED_FACE('',(#108),#1439,.T.);
#1486=ADVANCED_FACE('',(#109),#1440,.F.);
#1487=ADVANCED_FACE('',(#110),#59,.T.);
#1488=ADVANCED_FACE('',(#111),#1441,.F.);
#1489=ADVANCED_FACE('',(#112),#60,.T.);
#1490=ADVANCED_FACE('',(#113),#1442,.F.);
#1491=ADVANCED_FACE('',(#114),#61,.T.);
#1492=ADVANCED_FACE('',(#115),#62,.T.);
#1493=ADVANCED_FACE('',(#116),#1443,.F.);
#1494=ADVANCED_FACE('',(#117),#63,.T.);
#1495=ADVANCED_FACE('',(#118),#1444,.F.);
#1496=ADVANCED_FACE('',(#119),#64,.T.);
#1497=ADVANCED_FACE('',(#120),#1445,.F.);
#1498=ADVANCED_FACE('',(#121),#65,.T.);
#1499=ADVANCED_FACE('',(#122),#1446,.F.);
#1500=ADVANCED_FACE('',(#123),#1447,.T.);
#1501=ADVANCED_FACE('',(#124,#31,#32),#66,.T.);
#1502=ADVANCED_FACE('',(#125),#67,.T.);
#1503=ADVANCED_FACE('',(#126),#1448,.F.);
#1504=ADVANCED_FACE('',(#127,#33,#34),#68,.F.);
#1505=ADVANCED_FACE('',(#128),#1449,.F.);
#1506=ADVANCED_FACE('',(#129,#35),#69,.T.);
#1507=ADVANCED_FACE('',(#130),#1450,.F.);
#1508=ADVANCED_FACE('',(#131,#36),#70,.T.);
#1509=ADVANCED_FACE('',(#132),#1451,.F.);
#1510=ADVANCED_FACE('',(#133,#37),#71,.T.);
#1511=ADVANCED_FACE('',(#134),#1452,.F.);
#1512=ADVANCED_FACE('',(#135,#38),#72,.T.);
#1513=ADVANCED_FACE('',(#136),#1453,.F.);
#1514=ADVANCED_FACE('',(#137),#1454,.F.);
#1515=ADVANCED_FACE('',(#138),#1455,.F.);
#1516=ADVANCED_FACE('',(#139),#1456,.F.);
#1517=ADVANCED_FACE('',(#140,#39,#40,#41),#73,.F.);
#1518=ADVANCED_FACE('',(#141),#74,.T.);
#1519=ADVANCED_FACE('',(#142),#1457,.F.);
#1520=ADVANCED_FACE('',(#143,#42),#75,.T.);
#1521=ADVANCED_FACE('',(#144),#1458,.F.);
#1522=ADVANCED_FACE('',(#145,#43),#76,.T.);
#1523=ADVANCED_FACE('',(#146),#1459,.F.);
#1524=ADVANCED_FACE('',(#147,#44),#77,.T.);
#1525=ADVANCED_FACE('',(#148),#1460,.F.);
#1526=ADVANCED_FACE('',(#149),#1461,.F.);
#1527=ADVANCED_FACE('',(#150),#1462,.F.);
#1528=ADVANCED_FACE('',(#151),#78,.T.);
#1529=ADVANCED_FACE('',(#152),#79,.T.);
#1530=ADVANCED_FACE('',(#153),#80,.T.);
#1531=ADVANCED_FACE('',(#154),#15,.F.);
#1532=ADVANCED_FACE('',(#155),#81,.F.);
#1533=ADVANCED_FACE('',(#156,#45,#46,#47,#48),#82,.T.);
#1534=ADVANCED_FACE('',(#157),#83,.T.);
#1535=ADVANCED_FACE('',(#158),#1463,.F.);
#1536=ADVANCED_FACE('',(#159),#84,.T.);
#1537=ADVANCED_FACE('',(#160),#85,.F.);
#1538=ADVANCED_FACE('',(#161),#86,.T.);
#1539=ADVANCED_FACE('',(#162),#87,.F.);
#1540=ADVANCED_FACE('',(#163),#88,.T.);
#1541=ADVANCED_FACE('',(#164),#1464,.F.);
#1542=ADVANCED_FACE('',(#165),#1465,.F.);
#1543=CLOSED_SHELL('',(#1466,#1467,#1468,#1469,#1470,#1471,#1472,#1473,
#1474,#1475,#1476,#1477,#1478,#1479,#1480,#1481,#1482,#1483,#1484,#1485,
#1486,#1487,#1488,#1489,#1490,#1491,#1492,#1493,#1494,#1495,#1496,#1497,
#1498,#1499,#1500,#1501,#1502,#1503,#1504,#1505,#1506,#1507,#1508,#1509,
#1510,#1511,#1512,#1513,#1514,#1515,#1516,#1517,#1518,#1519,#1520,#1521,
#1522,#1523,#1524,#1525,#1526,#1527,#1528,#1529,#1530,#1531,#1532,#1533,
#1534,#1535,#1536,#1537,#1538,#1539,#1540,#1541,#1542));
#1544=DERIVED_UNIT_ELEMENT(#1546,1.);
#1545=DERIVED_UNIT_ELEMENT(#2662,-3.);
#1546=(
MASS_UNIT()
NAMED_UNIT(*)
SI_UNIT(.KILO.,.GRAM.)
);
#1547=DERIVED_UNIT((#1544,#1545));
#1548=MEASURE_REPRESENTATION_ITEM('density measure',
POSITIVE_RATIO_MEASURE(7850.),#1547);
#1549=PROPERTY_DEFINITION_REPRESENTATION(#1554,#1551);
#1550=PROPERTY_DEFINITION_REPRESENTATION(#1555,#1552);
#1551=REPRESENTATION('material name',(#1553),#2659);
#1552=REPRESENTATION('density',(#1548),#2659);
#1553=DESCRIPTIVE_REPRESENTATION_ITEM('\X2\94A2\X0\','\X2\94A2\X0\');
#1554=PROPERTY_DEFINITION('material property','material name',#2669);
#1555=PROPERTY_DEFINITION('material property','density of part',#2669);
#1556=AXIS2_PLACEMENT_3D('',#2163,#1712,#1713);
#1557=AXIS2_PLACEMENT_3D('',#2164,#1714,#1715);
#1558=AXIS2_PLACEMENT_3D('',#2167,#1716,#1717);
#1559=AXIS2_PLACEMENT_3D('',#2171,#1719,#1720);
#1560=AXIS2_PLACEMENT_3D('',#2173,#1722,#1723);
#1561=AXIS2_PLACEMENT_3D('',#2179,#1727,#1728);
#1562=AXIS2_PLACEMENT_3D('',#2187,#1732,#1733);
#1563=AXIS2_PLACEMENT_3D('',#2191,#1735,#1736);
#1564=AXIS2_PLACEMENT_3D('',#2198,#1740,#1741);
#1565=AXIS2_PLACEMENT_3D('',#2200,#1742,#1743);
#1566=AXIS2_PLACEMENT_3D('',#2202,#1744,#1745);
#1567=AXIS2_PLACEMENT_3D('',#2204,#1746,#1747);
#1568=AXIS2_PLACEMENT_3D('',#2205,#1748,#1749);
#1569=AXIS2_PLACEMENT_3D('',#2207,#1750,#1751);
#1570=AXIS2_PLACEMENT_3D('',#2209,#1753,#1754);
#1571=AXIS2_PLACEMENT_3D('',#2211,#1755,#1756);
#1572=AXIS2_PLACEMENT_3D('',#2213,#1757,#1758);
#1573=AXIS2_PLACEMENT_3D('',#2215,#1760,#1761);
#1574=AXIS2_PLACEMENT_3D('',#2219,#1763,#1764);
#1575=AXIS2_PLACEMENT_3D('',#2229,#1769,#1770);
#1576=AXIS2_PLACEMENT_3D('',#2237,#1774,#1775);
#1577=AXIS2_PLACEMENT_3D('',#2241,#1777,#1778);
#1578=AXIS2_PLACEMENT_3D('',#2245,#1780,#1781);
#1579=AXIS2_PLACEMENT_3D('',#2257,#1787,#1788);
#1580=AXIS2_PLACEMENT_3D('',#2260,#1790,#1791);
#1581=AXIS2_PLACEMENT_3D('',#2261,#1792,#1793);
#1582=AXIS2_PLACEMENT_3D('',#2264,#1794,#1795);
#1583=AXIS2_PLACEMENT_3D('',#2268,#1797,#1798);
#1584=AXIS2_PLACEMENT_3D('',#2270,#1800,#1801);
#1585=AXIS2_PLACEMENT_3D('',#2276,#1804,#1805);
#1586=AXIS2_PLACEMENT_3D('',#2280,#1807,#1808);
#1587=AXIS2_PLACEMENT_3D('',#2284,#1810,#1811);
#1588=AXIS2_PLACEMENT_3D('',#2288,#1814,#1815);
#1589=AXIS2_PLACEMENT_3D('',#2321,#1823,#1824);
#1590=AXIS2_PLACEMENT_3D('',#2324,#1825,#1826);
#1591=AXIS2_PLACEMENT_3D('',#2327,#1829,#1830);
#1592=AXIS2_PLACEMENT_3D('',#2331,#1832,#1833);
#1593=AXIS2_PLACEMENT_3D('',#2333,#1834,#1835);
#1594=AXIS2_PLACEMENT_3D('',#2338,#1838,#1839);
#1595=AXIS2_PLACEMENT_3D('',#2339,#1840,#1841);
#1596=AXIS2_PLACEMENT_3D('',#2342,#1842,#1843);
#1597=AXIS2_PLACEMENT_3D('',#2345,#1846,#1847);
#1598=AXIS2_PLACEMENT_3D('',#2347,#1849,#1850);
#1599=AXIS2_PLACEMENT_3D('',#2349,#1851,#1852);
#1600=AXIS2_PLACEMENT_3D('',#2351,#1853,#1854);
#1601=AXIS2_PLACEMENT_3D('',#2353,#1856,#1857);
#1602=AXIS2_PLACEMENT_3D('',#2356,#1860,#1861);
#1603=AXIS2_PLACEMENT_3D('',#2365,#1867,#1868);
#1604=AXIS2_PLACEMENT_3D('',#2367,#1869,#1870);
#1605=AXIS2_PLACEMENT_3D('',#2369,#1871,#1872);
#1606=AXIS2_PLACEMENT_3D('',#2371,#1873,#1874);
#1607=AXIS2_PLACEMENT_3D('',#2372,#1875,#1876);
#1608=AXIS2_PLACEMENT_3D('',#2374,#1878,#1879);
#1609=AXIS2_PLACEMENT_3D('',#2378,#1882,#1883);
#1610=AXIS2_PLACEMENT_3D('',#2381,#1886,#1887);
#1611=AXIS2_PLACEMENT_3D('',#2384,#1889,#1890);
#1612=AXIS2_PLACEMENT_3D('',#2388,#1892,#1893);
#1613=AXIS2_PLACEMENT_3D('',#2392,#1895,#1896);
#1614=AXIS2_PLACEMENT_3D('',#2394,#1898,#1899);
#1615=AXIS2_PLACEMENT_3D('',#2397,#1900,#1901);
#1616=AXIS2_PLACEMENT_3D('',#2400,#1904,#1905);
#1617=AXIS2_PLACEMENT_3D('',#2409,#1910,#1911);
#1618=AXIS2_PLACEMENT_3D('',#2413,#1913,#1914);
#1619=AXIS2_PLACEMENT_3D('',#2417,#1916,#1917);
#1620=AXIS2_PLACEMENT_3D('',#2421,#1919,#1920);
#1621=AXIS2_PLACEMENT_3D('',#2423,#1922,#1923);
#1622=AXIS2_PLACEMENT_3D('',#2425,#1924,#1925);
#1623=AXIS2_PLACEMENT_3D('',#2427,#1926,#1927);
#1624=AXIS2_PLACEMENT_3D('',#2429,#1929,#1930);
#1625=AXIS2_PLACEMENT_3D('',#2431,#1932,#1933);
#1626=AXIS2_PLACEMENT_3D('',#2436,#1936,#1937);
#1627=AXIS2_PLACEMENT_3D('',#2456,#1939,#1940);
#1628=AXIS2_PLACEMENT_3D('',#2457,#1941,#1942);
#1629=AXIS2_PLACEMENT_3D('',#2459,#1943,#1944);
#1630=AXIS2_PLACEMENT_3D('',#2463,#1946,#1947);
#1631=AXIS2_PLACEMENT_3D('',#2467,#1949,#1950);
#1632=AXIS2_PLACEMENT_3D('',#2477,#1957,#1958);
#1633=AXIS2_PLACEMENT_3D('',#2480,#1961,#1962);
#1634=AXIS2_PLACEMENT_3D('',#2482,#1964,#1965);
#1635=AXIS2_PLACEMENT_3D('',#2485,#1968,#1969);
#1636=AXIS2_PLACEMENT_3D('',#2486,#1970,#1971);
#1637=AXIS2_PLACEMENT_3D('',#2489,#1974,#1975);
#1638=AXIS2_PLACEMENT_3D('',#2494,#1979,#1980);
#1639=AXIS2_PLACEMENT_3D('',#2495,#1981,#1982);
#1640=AXIS2_PLACEMENT_3D('',#2498,#1983,#1984);
#1641=AXIS2_PLACEMENT_3D('',#2501,#1987,#1988);
#1642=AXIS2_PLACEMENT_3D('',#2506,#1991,#1992);
#1643=AXIS2_PLACEMENT_3D('',#2508,#1993,#1994);
#1644=AXIS2_PLACEMENT_3D('',#2509,#1995,#1996);
#1645=AXIS2_PLACEMENT_3D('',#2514,#1999,#2000);
#1646=AXIS2_PLACEMENT_3D('',#2518,#2003,#2004);
#1647=AXIS2_PLACEMENT_3D('',#2520,#2006,#2007);
#1648=AXIS2_PLACEMENT_3D('',#2523,#2009,#2010);
#1649=AXIS2_PLACEMENT_3D('',#2525,#2011,#2012);
#1650=AXIS2_PLACEMENT_3D('',#2526,#2013,#2014);
#1651=AXIS2_PLACEMENT_3D('',#2529,#2016,#2017);
#1652=AXIS2_PLACEMENT_3D('',#2530,#2018,#2019);
#1653=AXIS2_PLACEMENT_3D('',#2532,#2020,#2021);
#1654=AXIS2_PLACEMENT_3D('',#2533,#2022,#2023);
#1655=AXIS2_PLACEMENT_3D('',#2536,#2025,#2026);
#1656=AXIS2_PLACEMENT_3D('',#2537,#2027,#2028);
#1657=AXIS2_PLACEMENT_3D('',#2539,#2029,#2030);
#1658=AXIS2_PLACEMENT_3D('',#2540,#2031,#2032);
#1659=AXIS2_PLACEMENT_3D('',#2543,#2034,#2035);
#1660=AXIS2_PLACEMENT_3D('',#2544,#2036,#2037);
#1661=AXIS2_PLACEMENT_3D('',#2546,#2038,#2039);
#1662=AXIS2_PLACEMENT_3D('',#2547,#2040,#2041);
#1663=AXIS2_PLACEMENT_3D('',#2550,#2043,#2044);
#1664=AXIS2_PLACEMENT_3D('',#2551,#2045,#2046);
#1665=AXIS2_PLACEMENT_3D('',#2553,#2047,#2048);
#1666=AXIS2_PLACEMENT_3D('',#2554,#2049,#2050);
#1667=AXIS2_PLACEMENT_3D('',#2557,#2052,#2053);
#1668=AXIS2_PLACEMENT_3D('',#2558,#2054,#2055);
#1669=AXIS2_PLACEMENT_3D('',#2561,#2057,#2058);
#1670=AXIS2_PLACEMENT_3D('',#2562,#2059,#2060);
#1671=AXIS2_PLACEMENT_3D('',#2565,#2062,#2063);
#1672=AXIS2_PLACEMENT_3D('',#2566,#2064,#2065);
#1673=AXIS2_PLACEMENT_3D('',#2569,#2067,#2068);
#1674=AXIS2_PLACEMENT_3D('',#2570,#2069,#2070);
#1675=AXIS2_PLACEMENT_3D('',#2573,#2072,#2073);
#1676=AXIS2_PLACEMENT_3D('',#2575,#2074,#2075);
#1677=AXIS2_PLACEMENT_3D('',#2577,#2076,#2077);
#1678=AXIS2_PLACEMENT_3D('',#2578,#2078,#2079);
#1679=AXIS2_PLACEMENT_3D('',#2580,#2081,#2082);
#1680=AXIS2_PLACEMENT_3D('',#2583,#2084,#2085);
#1681=AXIS2_PLACEMENT_3D('',#2584,#2086,#2087);
#1682=AXIS2_PLACEMENT_3D('',#2586,#2088,#2089);
#1683=AXIS2_PLACEMENT_3D('',#2587,#2090,#2091);
#1684=AXIS2_PLACEMENT_3D('',#2590,#2093,#2094);
#1685=AXIS2_PLACEMENT_3D('',#2591,#2095,#2096);
#1686=AXIS2_PLACEMENT_3D('',#2593,#2097,#2098);
#1687=AXIS2_PLACEMENT_3D('',#2594,#2099,#2100);
#1688=AXIS2_PLACEMENT_3D('',#2597,#2102,#2103);
#1689=AXIS2_PLACEMENT_3D('',#2598,#2104,#2105);
#1690=AXIS2_PLACEMENT_3D('',#2600,#2106,#2107);
#1691=AXIS2_PLACEMENT_3D('',#2601,#2108,#2109);
#1692=AXIS2_PLACEMENT_3D('',#2603,#2111,#2112);
#1693=AXIS2_PLACEMENT_3D('',#2605,#2114,#2115);
#1694=AXIS2_PLACEMENT_3D('',#2607,#2117,#2118);
#1695=AXIS2_PLACEMENT_3D('',#2630,#2121,#2122);
#1696=AXIS2_PLACEMENT_3D('',#2634,#2125,#2126);
#1697=AXIS2_PLACEMENT_3D('',#2635,#2127,#2128);
#1698=AXIS2_PLACEMENT_3D('',#2636,#2129,#2130);
#1699=AXIS2_PLACEMENT_3D('',#2637,#2131,#2132);
#1700=AXIS2_PLACEMENT_3D('',#2638,#2133,#2134);
#1701=AXIS2_PLACEMENT_3D('',#2639,#2135,#2136);
#1702=AXIS2_PLACEMENT_3D('',#2643,#2139,#2140);
#1703=AXIS2_PLACEMENT_3D('',#2645,#2142,#2143);
#1704=AXIS2_PLACEMENT_3D('',#2646,#2144,#2145);
#1705=AXIS2_PLACEMENT_3D('',#2647,#2146,#2147);
#1706=AXIS2_PLACEMENT_3D('',#2648,#2148,#2149);
#1707=AXIS2_PLACEMENT_3D('',#2649,#2150,#2151);
#1708=AXIS2_PLACEMENT_3D('',#2651,#2153,#2154);
#1709=AXIS2_PLACEMENT_3D('',#2652,#2155,#2156);
#1710=AXIS2_PLACEMENT_3D('',#2653,#2157,#2158);
#1711=AXIS2_PLACEMENT_3D('',#2655,#2160,#2161);
#1712=DIRECTION('axis',(0.,0.,1.));
#1713=DIRECTION('refdir',(1.,0.,0.));
#1714=DIRECTION('center_axis',(0.,0.,-1.));
#1715=DIRECTION('ref_axis',(0.707106781186548,-0.707106781186548,0.));
#1716=DIRECTION('center_axis',(0.,0.,1.));
#1717=DIRECTION('ref_axis',(0.707106781186548,-0.707106781186548,0.));
#1718=DIRECTION('',(0.,0.,1.));
#1719=DIRECTION('center_axis',(0.,0.,-1.));
#1720=DIRECTION('ref_axis',(0.707106781186548,-0.707106781186548,0.));
#1721=DIRECTION('',(0.,0.,-1.));
#1722=DIRECTION('center_axis',(1.,0.,0.));
#1723=DIRECTION('ref_axis',(0.,-1.,0.));
#1724=DIRECTION('',(0.,1.,0.));
#1725=DIRECTION('',(0.,0.,-1.));
#1726=DIRECTION('',(0.,1.,0.));
#1727=DIRECTION('center_axis',(0.,0.,-1.));
#1728=DIRECTION('ref_axis',(-1.,0.,0.));
#1729=DIRECTION('',(1.,0.,0.));
#1730=DIRECTION('',(0.,-1.,0.));
#1731=DIRECTION('',(-1.,1.268826313857E-16,-1.93510742801E-15));
#1732=DIRECTION('center_axis',(0.,0.,-1.));
#1733=DIRECTION('ref_axis',(0.707106781186547,-0.707106781186548,0.));
#1734=DIRECTION('',(0.,-1.,0.));
#1735=DIRECTION('center_axis',(0.,0.,-1.));
#1736=DIRECTION('ref_axis',(0.707106781186546,0.707106781186549,0.));
#1737=DIRECTION('',(-1.,0.,0.));
#1738=DIRECTION('',(0.,1.,0.));
#1739=DIRECTION('',(-1.,0.,0.));
#1740=DIRECTION('center_axis',(0.,0.,1.));
#1741=DIRECTION('ref_axis',(0.707106781186547,0.707106781186548,0.));
#1742=DIRECTION('center_axis',(0.,0.,1.));
#1743=DIRECTION('ref_axis',(1.,0.,0.));
#1744=DIRECTION('center_axis',(0.,0.,1.));
#1745=DIRECTION('ref_axis',(1.,0.,0.));
#1746=DIRECTION('center_axis',(0.,0.,1.));
#1747=DIRECTION('ref_axis',(1.,0.,0.));
#1748=DIRECTION('center_axis',(0.,0.,1.));
#1749=DIRECTION('ref_axis',(0.707106781186547,0.707106781186548,0.));
#1750=DIRECTION('center_axis',(0.,0.,-1.));
#1751=DIRECTION('ref_axis',(0.707106781186547,0.707106781186548,0.));
#1752=DIRECTION('',(0.,0.,1.));
#1753=DIRECTION('center_axis',(0.,1.,0.));
#1754=DIRECTION('ref_axis',(1.,0.,0.));
#1755=DIRECTION('center_axis',(0.,1.,0.));
#1756=DIRECTION('ref_axis',(-1.,0.,0.));
#1757=DIRECTION('center_axis',(0.,1.,0.));
#1758=DIRECTION('ref_axis',(-0.687184270936281,0.,-0.726483157256775));
#1759=DIRECTION('',(1.,0.,0.));
#1760=DIRECTION('center_axis',(0.,-1.,0.));
#1761=DIRECTION('ref_axis',(0.,0.,-1.));
#1762=DIRECTION('',(-1.,0.,0.));
#1763=DIRECTION('center_axis',(0.,-1.,0.));
#1764=DIRECTION('ref_axis',(-0.542725290182783,0.,-0.839910268657322));
#1765=DIRECTION('',(0.410898518792038,0.,-0.911681088569084));
#1766=DIRECTION('',(-1.,0.,0.));
#1767=DIRECTION('',(-0.410892041980815,0.,0.911684007667589));
#1768=DIRECTION('',(0.379658406395103,0.,-0.925126745075252));
#1769=DIRECTION('center_axis',(0.,1.,0.));
#1770=DIRECTION('ref_axis',(0.556929795218793,0.,0.830559572335153));
#1771=DIRECTION('',(-1.,0.,1.925926889914E-15));
#1772=DIRECTION('',(-1.7763568394E-15,0.,-1.));
#1773=DIRECTION('',(1.,0.,0.));
#1774=DIRECTION('center_axis',(0.,-1.,0.));
#1775=DIRECTION('ref_axis',(0.542725290182778,0.,0.839910268657325));
#1776=DIRECTION('',(-0.410898518792038,0.,0.911681088569084));
#1777=DIRECTION('center_axis',(0.,-1.,0.));
#1778=DIRECTION('ref_axis',(0.996978776177814,0.,0.0776744478640688));
#1779=DIRECTION('',(0.264739595898653,0.,0.964319939835021));
#1780=DIRECTION('center_axis',(0.,-1.,0.));
#1781=DIRECTION('ref_axis',(0.6063251619805,0.,-0.795216824488341));
#1782=DIRECTION('',(1.,0.,0.));
#1783=DIRECTION('',(8.881784197001E-16,0.,1.));
#1784=DIRECTION('',(-1.,0.,0.));
#1785=DIRECTION('',(-1.899927346977E-16,0.,-1.));
#1786=DIRECTION('',(1.,0.,0.));
#1787=DIRECTION('center_axis',(0.,-1.,0.));
#1788=DIRECTION('ref_axis',(-0.795216824488349,0.,-0.606325161980489));
#1789=DIRECTION('',(-0.264739595898653,0.,-0.964319939835021));
#1790=DIRECTION('center_axis',(0.,-1.,0.));
#1791=DIRECTION('ref_axis',(-0.606325161980495,0.,0.795216824488345));
#1792=DIRECTION('center_axis',(0.,1.,0.));
#1793=DIRECTION('ref_axis',(0.977670979565488,0.,0.21014151354613));
#1794=DIRECTION('center_axis',(0.,1.,0.));
#1795=DIRECTION('ref_axis',(0.977670979565488,0.,0.21014151354613));
#1796=DIRECTION('',(0.,1.,0.));
#1797=DIRECTION('center_axis',(0.,1.,0.));
#1798=DIRECTION('ref_axis',(0.977670979565488,0.,0.21014151354613));
#1799=DIRECTION('',(0.,-1.,0.));
#1800=DIRECTION('center_axis',(0.,-1.,0.));
#1801=DIRECTION('ref_axis',(1.,0.,0.));
#1802=DIRECTION('',(0.,0.,1.));
#1803=DIRECTION('',(0.264739595898653,0.,0.964319939835021));
#1804=DIRECTION('center_axis',(0.,1.,0.));
#1805=DIRECTION('ref_axis',(-0.795216824488349,0.,-0.606325161980489));
#1806=DIRECTION('',(1.,0.,0.));
#1807=DIRECTION('center_axis',(0.,1.,0.));
#1808=DIRECTION('ref_axis',(0.6063251619805,0.,-0.795216824488341));
#1809=DIRECTION('',(0.264739595898653,0.,0.964319939835021));
#1810=DIRECTION('center_axis',(0.,1.,0.));
#1811=DIRECTION('ref_axis',(0.996978776177814,0.,0.0776744478640688));
#1812=DIRECTION('',(0.911681088569084,0.,0.410898518792038));
#1813=DIRECTION('',(-0.410898518792038,0.,0.911681088569084));
#1814=DIRECTION('center_axis',(-1.,0.,0.));
#1815=DIRECTION('ref_axis',(0.,0.,1.));
#1816=DIRECTION('',(0.,0.,-1.));
#1817=DIRECTION('',(0.,-1.,0.));
#1818=DIRECTION('',(-3.848916713946E-13,0.,-1.));
#1819=DIRECTION('',(0.,-1.,0.));
#1820=DIRECTION('',(0.,0.,-1.));
#1821=DIRECTION('',(0.,1.,0.));
#1822=DIRECTION('',(0.,0.,1.));
#1823=DIRECTION('center_axis',(0.,0.,-1.));
#1824=DIRECTION('ref_axis',(0.707106781186546,0.707106781186549,0.));
#1825=DIRECTION('center_axis',(0.,0.,1.));
#1826=DIRECTION('ref_axis',(0.707106781186546,0.707106781186549,0.));
#1827=DIRECTION('',(0.,0.,-1.));
#1828=DIRECTION('',(0.,0.,1.));
#1829=DIRECTION('center_axis',(0.,1.,0.));
#1830=DIRECTION('ref_axis',(-1.,0.,0.));
#1831=DIRECTION('',(-1.,0.,0.));
#1832=DIRECTION('center_axis',(0.,-1.,0.));
#1833=DIRECTION('ref_axis',(-0.687184270936281,0.,-0.726483157256775));
#1834=DIRECTION('center_axis',(0.,-1.,0.));
#1835=DIRECTION('ref_axis',(-1.,0.,0.));
#1836=DIRECTION('',(-0.410898518792038,0.,0.911681088569084));
#1837=DIRECTION('',(0.,0.,1.));
#1838=DIRECTION('center_axis',(0.,-1.,0.));
#1839=DIRECTION('ref_axis',(-1.,0.,0.));
#1840=DIRECTION('center_axis',(0.,0.,-1.));
#1841=DIRECTION('ref_axis',(0.707106781186547,-0.707106781186548,0.));
#1842=DIRECTION('center_axis',(0.,0.,1.));
#1843=DIRECTION('ref_axis',(0.707106781186547,-0.707106781186548,0.));
#1844=DIRECTION('',(0.,0.,-1.));
#1845=DIRECTION('',(0.,0.,1.));
#1846=DIRECTION('center_axis',(-1.,0.,0.));
#1847=DIRECTION('ref_axis',(0.,1.,0.));
#1848=DIRECTION('',(0.,1.,0.));
#1849=DIRECTION('center_axis',(0.,-1.,0.));
#1850=DIRECTION('ref_axis',(0.707106781186544,0.,-0.707106781186551));
#1851=DIRECTION('center_axis',(0.,-1.,0.));
#1852=DIRECTION('ref_axis',(0.707106781186544,0.,-0.707106781186551));
#1853=DIRECTION('center_axis',(-1.603210140707E-16,1.,0.));
#1854=DIRECTION('ref_axis',(0.707106781186544,0.,-0.707106781186551));
#1855=DIRECTION('',(0.,-1.,0.));
#1856=DIRECTION('center_axis',(0.,1.,0.));
#1857=DIRECTION('ref_axis',(0.6063251619805,0.,-0.795216824488341));
#1858=DIRECTION('',(0.,-1.,0.));
#1859=DIRECTION('',(0.,1.,0.));
#1860=DIRECTION('center_axis',(0.,0.,-1.));
#1861=DIRECTION('ref_axis',(1.,0.,0.));
#1862=DIRECTION('',(-1.,-1.603210140707E-16,0.));
#1863=DIRECTION('',(0.,1.,0.));
#1864=DIRECTION('',(0.,1.,0.));
#1865=DIRECTION('',(0.,1.,0.));
#1866=DIRECTION('',(-1.,0.,0.));
#1867=DIRECTION('center_axis',(0.,0.,-1.));
#1868=DIRECTION('ref_axis',(-1.,0.,0.));
#1869=DIRECTION('center_axis',(0.,0.,-1.));
#1870=DIRECTION('ref_axis',(-1.,0.,0.));
#1871=DIRECTION('center_axis',(0.,0.,-1.));
#1872=DIRECTION('ref_axis',(-1.,0.,0.));
#1873=DIRECTION('center_axis',(0.,0.,-1.));
#1874=DIRECTION('ref_axis',(-1.,0.,0.));
#1875=DIRECTION('center_axis',(0.,-1.,0.));
#1876=DIRECTION('ref_axis',(-0.795216824488349,0.,-0.606325161980489));
#1877=DIRECTION('',(0.,-1.,0.));
#1878=DIRECTION('center_axis',(0.964319939835021,0.,-0.264739595898653));
#1879=DIRECTION('ref_axis',(0.264739595898653,0.,0.964319939835021));
#1880=DIRECTION('',(-0.264739595898653,0.,-0.964319939835021));
#1881=DIRECTION('',(0.,1.,0.));
#1882=DIRECTION('center_axis',(0.,-1.,0.));
#1883=DIRECTION('ref_axis',(-0.687184270936281,0.,-0.726483157256775));
#1884=DIRECTION('',(0.,-1.,0.));
#1885=DIRECTION('',(0.,1.,0.));
#1886=DIRECTION('center_axis',(0.,1.,0.));
#1887=DIRECTION('ref_axis',(0.973990827287375,0.,0.226587440870087));
#1888=DIRECTION('',(0.,1.,0.));
#1889=DIRECTION('center_axis',(1.603210140707E-16,-1.,0.));
#1890=DIRECTION('ref_axis',(0.621503916086987,9.9640138075977E-17,-0.783411055760984));
#1891=DIRECTION('',(0.,-1.,0.));
#1892=DIRECTION('center_axis',(5.210392559526E-15,1.,0.));
#1893=DIRECTION('ref_axis',(-1.,5.210392559526E-15,0.));
#1894=DIRECTION('',(0.,1.,0.));
#1895=DIRECTION('center_axis',(-1.603210140707E-16,1.,0.));
#1896=DIRECTION('ref_axis',(-1.,-1.603210140707E-16,0.));
#1897=DIRECTION('',(0.,-1.,0.));
#1898=DIRECTION('center_axis',(0.,-1.,0.));
#1899=DIRECTION('ref_axis',(-0.542725290182783,0.,-0.839910268657322));
#1900=DIRECTION('center_axis',(1.268826313857E-16,1.,0.));
#1901=DIRECTION('ref_axis',(-0.542725290182783,0.,-0.839910268657322));
#1902=DIRECTION('',(0.,-1.,0.));
#1903=DIRECTION('',(0.,1.,0.));
#1904=DIRECTION('center_axis',(0.911681088569084,0.,0.410898518792038));
#1905=DIRECTION('ref_axis',(0.410898518792038,0.,-0.911681088569084));
#1906=DIRECTION('',(0.410898518792038,-5.21358852968203E-17,-0.911681088569084));
#1907=DIRECTION('',(0.,1.,0.));
#1908=DIRECTION('',(-0.410898518792038,-6.58756672128881E-17,0.911681088569084));
#1909=DIRECTION('',(0.,1.,0.));
#1910=DIRECTION('center_axis',(0.911681088569084,0.,0.410898518792038));
#1911=DIRECTION('ref_axis',(-0.410898518792038,2.53042333911181E-16,0.911681088569084));
#1912=DIRECTION('',(-0.410898518792038,0.,0.911681088569084));
#1913=DIRECTION('center_axis',(0.911681088569084,0.,0.410898518792038));
#1914=DIRECTION('ref_axis',(0.290549129017357,0.707106781186546,-0.644655880006735));
#1915=DIRECTION('',(0.,-1.,0.));
#1916=DIRECTION('center_axis',(0.911681088569084,0.,0.410898518792038));
#1917=DIRECTION('ref_axis',(0.290549129017356,-0.707106781186545,-0.644655880006736));
#1918=DIRECTION('',(-0.410898518792038,0.,0.911681088569084));
#1919=DIRECTION('center_axis',(0.911681088569084,0.,0.410898518792038));
#1920=DIRECTION('ref_axis',(-0.410898518792038,-2.53042333911181E-16,0.911681088569084));
#1921=DIRECTION('',(0.,1.,0.));
#1922=DIRECTION('center_axis',(0.,1.,0.));
#1923=DIRECTION('ref_axis',(-0.606325161980495,0.,0.795216824488345));
#1924=DIRECTION('center_axis',(1.268826313857E-16,1.,0.));
#1925=DIRECTION('ref_axis',(-0.606325161980495,0.,0.795216824488345));
#1926=DIRECTION('center_axis',(0.,-1.,0.));
#1927=DIRECTION('ref_axis',(-0.606325161980495,0.,0.795216824488345));
#1928=DIRECTION('',(0.,-1.,0.));
#1929=DIRECTION('center_axis',(0.,-1.,0.));
#1930=DIRECTION('ref_axis',(0.,0.,-1.));
#1931=DIRECTION('',(0.,0.,1.));
#1932=DIRECTION('center_axis',(0.,-1.,0.));
#1933=DIRECTION('ref_axis',(0.996978776177814,0.,0.0776744478640688));
#1934=DIRECTION('',(0.,-1.,0.));
#1935=DIRECTION('',(0.,1.,0.));
#1936=DIRECTION('center_axis',(0.,1.,0.));
#1937=DIRECTION('ref_axis',(0.996978776177814,0.,0.0776744478640688));
#1938=DIRECTION('',(0.,1.,0.));
#1939=DIRECTION('center_axis',(-0.964319939835021,0.,0.264739595898653));
#1940=DIRECTION('ref_axis',(-0.264739595898653,0.,-0.964319939835021));
#1941=DIRECTION('center_axis',(-0.911681088569084,0.,-0.410898518792038));
#1942=DIRECTION('ref_axis',(-0.410898518792038,0.,0.911681088569084));
#1943=DIRECTION('center_axis',(-0.911681088569084,0.,-0.410898518792038));
#1944=DIRECTION('ref_axis',(0.290549129017357,0.707106781186546,-0.644655880006735));
#1945=DIRECTION('',(0.410898518792038,0.,-0.911681088569084));
#1946=DIRECTION('center_axis',(-0.911681088569084,0.,-0.410898518792038));
#1947=DIRECTION('ref_axis',(-0.410898518792038,2.53042333911181E-16,0.911681088569084));
#1948=DIRECTION('',(0.,-1.,0.));
#1949=DIRECTION('center_axis',(-0.911681088569084,0.,-0.410898518792038));
#1950=DIRECTION('ref_axis',(-0.410898518792038,-2.53042333911181E-16,0.911681088569084));
#1951=DIRECTION('',(0.410898518792038,0.,-0.911681088569084));
#1952=DIRECTION('',(0.,-1.,0.));
#1953=DIRECTION('',(0.410898518792038,6.58756672128881E-17,-0.911681088569084));
#1954=DIRECTION('',(0.410898518792038,-2.14094258503429E-15,-0.911681088569084));
#1955=DIRECTION('',(0.,1.,0.));
#1956=DIRECTION('',(0.410898518792038,0.,-0.911681088569084));
#1957=DIRECTION('center_axis',(0.911681088569084,0.,0.410898518792038));
#1958=DIRECTION('ref_axis',(0.290549129017356,-0.707106781186545,-0.644655880006736));
#1959=DIRECTION('',(-0.911681088569084,0.,-0.410898518792038));
#1960=DIRECTION('',(-0.911681088569084,0.,-0.410898518792038));
#1961=DIRECTION('center_axis',(0.,1.,0.));
#1962=DIRECTION('ref_axis',(0.,0.,1.));
#1963=DIRECTION('',(-1.,0.,0.));
#1964=DIRECTION('center_axis',(0.911681088569084,0.,0.410898518792038));
#1965=DIRECTION('ref_axis',(0.290549129017357,0.707106781186546,-0.644655880006735));
#1966=DIRECTION('',(0.911681088569084,0.,0.410898518792038));
#1967=DIRECTION('',(-0.911681088569084,0.,-0.410898518792038));
#1968=DIRECTION('center_axis',(-0.410898518792038,0.,0.911681088569084));
#1969=DIRECTION('ref_axis',(0.911681088569084,0.,0.410898518792038));
#1970=DIRECTION('center_axis',(1.,0.,0.));
#1971=DIRECTION('ref_axis',(0.,0.707106781186543,0.707106781186552));
#1972=DIRECTION('',(-1.,0.,0.));
#1973=DIRECTION('',(1.,0.,0.));
#1974=DIRECTION('center_axis',(0.,0.,-1.));
#1975=DIRECTION('ref_axis',(-1.,0.,0.));
#1976=DIRECTION('',(1.,1.603210140707E-16,0.));
#1977=DIRECTION('',(0.,-1.,0.));
#1978=DIRECTION('',(1.,0.,0.));
#1979=DIRECTION('center_axis',(-1.,0.,0.));
#1980=DIRECTION('ref_axis',(0.,-0.707106781186543,0.707106781186552));
#1981=DIRECTION('center_axis',(0.,1.,0.));
#1982=DIRECTION('ref_axis',(0.556929795218793,0.,0.830559572335153));
#1983=DIRECTION('center_axis',(1.603210140707E-16,-1.,0.));
#1984=DIRECTION('ref_axis',(0.556929795218793,0.,0.830559572335153));
#1985=DIRECTION('',(0.,-1.,0.));
#1986=DIRECTION('',(0.,1.,0.));
#1987=DIRECTION('center_axis',(1.925926889914E-15,0.,1.));
#1988=DIRECTION('ref_axis',(1.,0.,-1.925926889914E-15));
#1989=DIRECTION('',(-1.,-1.603210140707E-16,1.925926889914E-15));
#1990=DIRECTION('',(0.,1.,0.));
#1991=DIRECTION('center_axis',(-1.925926889914E-15,0.,-1.));
#1992=DIRECTION('ref_axis',(-1.,0.,1.925926889914E-15));
#1993=DIRECTION('center_axis',(-1.925926889914E-15,0.,-1.));
#1994=DIRECTION('ref_axis',(-1.,0.,1.925926889914E-15));
#1995=DIRECTION('center_axis',(-1.603210140707E-16,1.,0.));
#1996=DIRECTION('ref_axis',(0.,0.,1.));
#1997=DIRECTION('',(-0.379658406395103,-6.08672207137289E-17,0.925126745075252));
#1998=DIRECTION('',(0.410892041980815,6.58746288439449E-17,-0.911684007667589));
#1999=DIRECTION('center_axis',(-1.603210140707E-16,1.,0.));
#2000=DIRECTION('ref_axis',(0.542725290182778,0.,0.839910268657325));
#2001=DIRECTION('',(1.,1.603210140707E-16,0.));
#2002=DIRECTION('',(-1.7763568394E-15,-2.84787329844E-31,-1.));
#2003=DIRECTION('center_axis',(0.,1.,0.));
#2004=DIRECTION('ref_axis',(0.542725290182778,0.,0.839910268657325));
#2005=DIRECTION('',(0.,1.,0.));
#2006=DIRECTION('center_axis',(0.,0.,1.));
#2007=DIRECTION('ref_axis',(1.,0.,0.));
#2008=DIRECTION('',(0.,1.,0.));
#2009=DIRECTION('center_axis',(0.,0.,1.));
#2010=DIRECTION('ref_axis',(-1.,0.,0.));
#2011=DIRECTION('center_axis',(0.,0.,1.));
#2012=DIRECTION('ref_axis',(-1.,0.,0.));
#2013=DIRECTION('center_axis',(0.,0.,-1.));
#2014=DIRECTION('ref_axis',(-1.,0.,0.));
#2015=DIRECTION('',(0.,0.,-1.));
#2016=DIRECTION('center_axis',(0.,0.,-1.));
#2017=DIRECTION('ref_axis',(-1.,0.,0.));
#2018=DIRECTION('center_axis',(0.,0.,1.));
#2019=DIRECTION('ref_axis',(-1.,0.,0.));
#2020=DIRECTION('center_axis',(0.,0.,1.));
#2021=DIRECTION('ref_axis',(-1.,0.,0.));
#2022=DIRECTION('center_axis',(0.,0.,-1.));
#2023=DIRECTION('ref_axis',(-1.,0.,0.));
#2024=DIRECTION('',(0.,0.,-1.));
#2025=DIRECTION('center_axis',(0.,0.,-1.));
#2026=DIRECTION('ref_axis',(-1.,0.,0.));
#2027=DIRECTION('center_axis',(0.,0.,1.));
#2028=DIRECTION('ref_axis',(-1.,0.,0.));
#2029=DIRECTION('center_axis',(0.,0.,1.));
#2030=DIRECTION('ref_axis',(-1.,0.,0.));
#2031=DIRECTION('center_axis',(0.,0.,-1.));
#2032=DIRECTION('ref_axis',(-1.,0.,0.));
#2033=DIRECTION('',(0.,0.,-1.));
#2034=DIRECTION('center_axis',(0.,0.,-1.));
#2035=DIRECTION('ref_axis',(-1.,0.,0.));
#2036=DIRECTION('center_axis',(0.,0.,1.));
#2037=DIRECTION('ref_axis',(-1.,0.,0.));
#2038=DIRECTION('center_axis',(0.,0.,1.));
#2039=DIRECTION('ref_axis',(-1.,0.,0.));
#2040=DIRECTION('center_axis',(0.,0.,-1.));
#2041=DIRECTION('ref_axis',(-1.,0.,0.));
#2042=DIRECTION('',(0.,0.,-1.));
#2043=DIRECTION('center_axis',(0.,0.,-1.));
#2044=DIRECTION('ref_axis',(-1.,0.,0.));
#2045=DIRECTION('center_axis',(0.,0.,1.));
#2046=DIRECTION('ref_axis',(-1.,0.,0.));
#2047=DIRECTION('center_axis',(0.,0.,1.));
#2048=DIRECTION('ref_axis',(-1.,0.,0.));
#2049=DIRECTION('center_axis',(0.,0.,-1.));
#2050=DIRECTION('ref_axis',(-1.,0.,0.));
#2051=DIRECTION('',(0.,0.,-1.));
#2052=DIRECTION('center_axis',(0.,0.,1.));
#2053=DIRECTION('ref_axis',(-1.,0.,0.));
#2054=DIRECTION('center_axis',(0.,0.,-1.));
#2055=DIRECTION('ref_axis',(-1.,0.,0.));
#2056=DIRECTION('',(0.,0.,-1.));
#2057=DIRECTION('center_axis',(0.,0.,1.));
#2058=DIRECTION('ref_axis',(-1.,0.,0.));
#2059=DIRECTION('center_axis',(0.,0.,-1.));
#2060=DIRECTION('ref_axis',(-1.,0.,0.));
#2061=DIRECTION('',(0.,0.,-1.));
#2062=DIRECTION('center_axis',(0.,0.,1.));
#2063=DIRECTION('ref_axis',(-1.,0.,0.));
#2064=DIRECTION('center_axis',(0.,0.,-1.));
#2065=DIRECTION('ref_axis',(-1.,0.,0.));
#2066=DIRECTION('',(0.,0.,-1.));
#2067=DIRECTION('center_axis',(0.,0.,1.));
#2068=DIRECTION('ref_axis',(-1.,0.,0.));
#2069=DIRECTION('center_axis',(0.,0.,-1.));
#2070=DIRECTION('ref_axis',(-1.,0.,0.));
#2071=DIRECTION('',(1.,-1.268826313857E-16,0.));
#2072=DIRECTION('center_axis',(0.,0.,-1.));
#2073=DIRECTION('ref_axis',(1.,0.,0.));
#2074=DIRECTION('center_axis',(0.,0.,-1.));
#2075=DIRECTION('ref_axis',(1.,0.,0.));
#2076=DIRECTION('center_axis',(0.,0.,-1.));
#2077=DIRECTION('ref_axis',(1.,0.,0.));
#2078=DIRECTION('center_axis',(1.268826313857E-16,1.,0.));
#2079=DIRECTION('ref_axis',(1.,-1.268826313857E-16,0.));
#2080=DIRECTION('',(0.,0.,-1.));
#2081=DIRECTION('center_axis',(0.,0.,1.));
#2082=DIRECTION('ref_axis',(1.,0.,0.));
#2083=DIRECTION('',(0.,0.,1.));
#2084=DIRECTION('center_axis',(0.,0.,1.));
#2085=DIRECTION('ref_axis',(1.,0.,0.));
#2086=DIRECTION('center_axis',(0.,0.,-1.));
#2087=DIRECTION('ref_axis',(1.,0.,0.));
#2088=DIRECTION('center_axis',(0.,0.,-1.));
#2089=DIRECTION('ref_axis',(1.,0.,0.));
#2090=DIRECTION('center_axis',(0.,0.,1.));
#2091=DIRECTION('ref_axis',(1.,0.,0.));
#2092=DIRECTION('',(0.,0.,1.));
#2093=DIRECTION('center_axis',(0.,0.,1.));
#2094=DIRECTION('ref_axis',(1.,0.,0.));
#2095=DIRECTION('center_axis',(0.,0.,-1.));
#2096=DIRECTION('ref_axis',(1.,0.,0.));
#2097=DIRECTION('center_axis',(0.,0.,-1.));
#2098=DIRECTION('ref_axis',(1.,0.,0.));
#2099=DIRECTION('center_axis',(0.,0.,1.));
#2100=DIRECTION('ref_axis',(1.,0.,0.));
#2101=DIRECTION('',(0.,0.,1.));
#2102=DIRECTION('center_axis',(0.,0.,1.));
#2103=DIRECTION('ref_axis',(1.,0.,0.));
#2104=DIRECTION('center_axis',(0.,0.,-1.));
#2105=DIRECTION('ref_axis',(1.,0.,0.));
#2106=DIRECTION('center_axis',(0.,0.,-1.));
#2107=DIRECTION('ref_axis',(1.,0.,0.));
#2108=DIRECTION('center_axis',(0.,0.,1.));
#2109=DIRECTION('ref_axis',(1.,0.,0.));
#2110=DIRECTION('',(0.,0.,1.));
#2111=DIRECTION('center_axis',(0.,0.,1.));
#2112=DIRECTION('ref_axis',(1.,0.,0.));
#2113=DIRECTION('',(0.,0.,1.));
#2114=DIRECTION('center_axis',(0.,0.,1.));
#2115=DIRECTION('ref_axis',(1.,0.,0.));
#2116=DIRECTION('',(0.,0.,1.));
#2117=DIRECTION('center_axis',(1.,0.,-1.899927346977E-16));
#2118=DIRECTION('ref_axis',(-1.899927346977E-16,0.,-1.));
#2119=DIRECTION('',(0.,1.,0.));
#2120=DIRECTION('',(1.899927346977E-16,3.04598278928E-32,1.));
#2121=DIRECTION('center_axis',(-1.,0.,3.848916713946E-13));
#2122=DIRECTION('ref_axis',(3.848916713946E-13,0.,1.));
#2123=DIRECTION('',(0.,-1.,0.));
#2124=DIRECTION('',(-3.848916713946E-13,2.00543670085795E-27,-1.));
#2125=DIRECTION('center_axis',(5.210392559526E-15,1.,0.));
#2126=DIRECTION('ref_axis',(0.,0.,1.));
#2127=DIRECTION('center_axis',(-6.626045487747E-15,-1.,-4.40945077627E-15));
#2128=DIRECTION('ref_axis',(0.55401172142518,-3.36370289986349E-27,-0.832508866333271));
#2129=DIRECTION('center_axis',(-1.603210140707E-16,1.,0.));
#2130=DIRECTION('ref_axis',(0.,0.,1.));
#2131=DIRECTION('center_axis',(-1.603210140707E-16,1.,0.));
#2132=DIRECTION('ref_axis',(0.621503916086987,9.9640138075977E-17,-0.783411055760984));
#2133=DIRECTION('center_axis',(0.,1.,0.));
#2134=DIRECTION('ref_axis',(0.410898518792038,0.,-0.911681088569084));
#2135=DIRECTION('center_axis',(0.,0.,-1.));
#2136=DIRECTION('ref_axis',(-1.,0.,0.));
#2137=DIRECTION('',(0.,1.,0.));
#2138=DIRECTION('',(1.,1.603210140707E-16,0.));
#2139=DIRECTION('center_axis',(-1.603210140707E-16,1.,0.));
#2140=DIRECTION('ref_axis',(0.,0.,1.));
#2141=DIRECTION('',(-8.881784197001E-16,-1.42393664922E-31,-1.));
#2142=DIRECTION('center_axis',(0.,1.,0.));
#2143=DIRECTION('ref_axis',(0.976669725990239,0.,0.214746935564053));
#2144=DIRECTION('center_axis',(0.,1.,0.));
#2145=DIRECTION('ref_axis',(-1.,0.,0.));
#2146=DIRECTION('center_axis',(0.,1.,0.));
#2147=DIRECTION('ref_axis',(-1.,0.,0.));
#2148=DIRECTION('center_axis',(1.,0.,-1.7763568394E-15));
#2149=DIRECTION('ref_axis',(-1.7763568394E-15,0.,-1.));
#2150=DIRECTION('center_axis',(0.925126745075252,0.,0.379658406395103));
#2151=DIRECTION('ref_axis',(0.379658406395104,0.,-0.925126745075252));
#2152=DIRECTION('',(0.,-1.,0.));
#2153=DIRECTION('center_axis',(-0.911684007667589,0.,-0.410892041980815));
#2154=DIRECTION('ref_axis',(-0.410892041980815,0.,0.911684007667589));
#2155=DIRECTION('center_axis',(-1.,0.,8.881784197001E-16));
#2156=DIRECTION('ref_axis',(8.881784197001E-16,0.,1.));
#2157=DIRECTION('center_axis',(0.,0.,-1.));
#2158=DIRECTION('ref_axis',(-1.,0.,0.));
#2159=DIRECTION('',(0.,0.,-1.));
#2160=DIRECTION('center_axis',(0.,0.,-1.));
#2161=DIRECTION('ref_axis',(-1.,0.,0.));
#2162=DIRECTION('',(0.,0.,-1.));
#2163=CARTESIAN_POINT('',(0.,0.,0.));
#2164=CARTESIAN_POINT('Origin',(10.4055333717202,-14.9216575729696,37.9244982268051));
#2165=CARTESIAN_POINT('',(10.4055333717202,-18.9216575729696,43.6979929072226));
#2166=CARTESIAN_POINT('',(14.4055333717202,-14.9216575729696,43.6979929072226));
#2167=CARTESIAN_POINT('Origin',(10.4055333717202,-14.9216575729696,43.6979929072226));
#2168=CARTESIAN_POINT('',(14.4055333717202,-14.9216575729696,46.7999999999996));
#2169=CARTESIAN_POINT('',(14.4055333717202,-14.9216575729696,37.9244982268051));
#2170=CARTESIAN_POINT('',(10.4055333717202,-18.9216575729696,46.7999999999996));
#2171=CARTESIAN_POINT('Origin',(10.4055333717202,-14.9216575729696,46.7999999999996));
#2172=CARTESIAN_POINT('',(10.4055333717202,-18.9216575729696,37.9244982268051));
#2173=CARTESIAN_POINT('Origin',(14.4055333717202,37.8868424270244,46.7999999999996));
#2174=CARTESIAN_POINT('',(14.4055333717202,33.8868424270244,43.6979929072226));
#2175=CARTESIAN_POINT('',(14.4055333717202,19.9825924270259,43.6979929072226));
#2176=CARTESIAN_POINT('',(14.4055333717202,33.8868424270244,46.7999999999996));
#2177=CARTESIAN_POINT('',(14.4055333717202,33.8868424270244,47.1489964536111));
#2178=CARTESIAN_POINT('',(14.4055333717202,9.48259242702742,46.7999999999996));
#2179=CARTESIAN_POINT('Origin',(-34.4774284870127,2.07834242702742,43.6979929072226));
#2180=CARTESIAN_POINT('',(-4.7989272994803,-18.9216575729696,43.6979929072226));
#2181=CARTESIAN_POINT('',(17.9496500287894,-18.9216575729696,43.6979929072226));
#2182=CARTESIAN_POINT('',(-4.7989272994803,7.68684242702642,43.6979929072226));
#2183=CARTESIAN_POINT('',(-4.7989272994803,6.73259242702692,43.6979929072226));
#2184=CARTESIAN_POINT('',(9.9059999999973,7.68684242702642,43.6979929072226));
#2185=CARTESIAN_POINT('',(-4.3179107589967,7.68684242702642,43.6979929072226));
#2186=CARTESIAN_POINT('',(10.9059999999973,8.68684242702642,43.6979929072226));
#2187=CARTESIAN_POINT('Origin',(9.9059999999973,8.68684242702642,43.6979929072226));
#2188=CARTESIAN_POINT('',(10.9059999999973,25.6868424270254,43.6979929072226));
#2189=CARTESIAN_POINT('',(10.9059999999973,-4.71953257297108,43.6979929072226));
#2190=CARTESIAN_POINT('',(9.9059999999973,26.6868424270254,43.6979929072226));
#2191=CARTESIAN_POINT('Origin',(9.9059999999973,25.6868424270254,43.6979929072226));
#2192=CARTESIAN_POINT('',(0.972667272749299,26.6868424270254,43.6979929072226));
#2193=CARTESIAN_POINT('',(-29.9606314960827,26.6868424270254,43.6979929072226));
#2194=CARTESIAN_POINT('',(0.972667272749299,37.8868424270254,43.6979929072226));
#2195=CARTESIAN_POINT('',(0.9726672727543,31.8868424270254,43.6979929072226));
#2196=CARTESIAN_POINT('',(10.4055333717202,37.8868424270254,43.6979929072226));
#2197=CARTESIAN_POINT('',(-2.2188345051537,37.8868424270254,43.6979929072226));
#2198=CARTESIAN_POINT('Origin',(10.4055333717202,33.8868424270244,43.6979929072226));
#2199=CARTESIAN_POINT('',(3.18933363637331,32.2868424270254,43.6979929072226));
#2200=CARTESIAN_POINT('Origin',(5.93933363637331,32.2868424270254,43.6979929072226));
#2201=CARTESIAN_POINT('',(-0.593917252578328,-12.2695325729706,43.6979929072226));
#2202=CARTESIAN_POINT('Origin',(2.15608274742167,-12.2695325729706,43.6979929072226));
#2203=CARTESIAN_POINT('',(-0.593917252578328,1.03471742702742,43.6979929072226));
#2204=CARTESIAN_POINT('Origin',(2.15608274742167,1.03471742702742,43.6979929072226));
#2205=CARTESIAN_POINT('Origin',(10.4055333717202,33.8868424270244,47.1489964536111));
#2206=CARTESIAN_POINT('',(10.4055333717202,37.8868424270244,46.7999999999996));
#2207=CARTESIAN_POINT('Origin',(10.4055333717202,33.8868424270244,46.7999999999996));
#2208=CARTESIAN_POINT('',(10.4055333717202,37.8868424270244,47.1489964536111));
#2209=CARTESIAN_POINT('Origin',(10.9061654948453,37.8868424270244,47.4979929072226));
#2210=CARTESIAN_POINT('',(1.01523882950746,37.8868424270244,47.2722222222218));
#2211=CARTESIAN_POINT('Origin',(-25.4438345051427,37.8868424270254,45.7999999999996));
#2212=CARTESIAN_POINT('',(1.51446662827444,37.8868424270244,46.7999999999996));
#2213=CARTESIAN_POINT('Origin',(1.51446662827444,37.8868424270244,47.2999999999996));
#2214=CARTESIAN_POINT('',(5.9717281717143,37.8868424270244,46.7999999999996));
#2215=CARTESIAN_POINT('Origin',(-18.5938345051427,-18.9216575729696,29.0489964536106));
#2216=CARTESIAN_POINT('',(-6.27127236029,-18.9216575729696,46.7999999999996));
#2217=CARTESIAN_POINT('',(-3.3563345051357,-18.9216575729696,46.7999999999996));
#2218=CARTESIAN_POINT('',(-6.72711290457454,-18.9216575729696,47.0945507406036));
#2219=CARTESIAN_POINT('Origin',(-6.27127236029,-18.9216575729696,47.2999999999996));
#2220=CARTESIAN_POINT('',(-22.6385234585554,-18.9216575729696,82.3979929072196));
#2221=CARTESIAN_POINT('',(-12.247544687185,-18.9216575729696,59.3430087582604));
#2222=CARTESIAN_POINT('',(-22.6382229934387,-18.9216575729696,82.3979929072196));
#2223=CARTESIAN_POINT('',(-35.7274284870127,-18.9216575729696,82.3979929072196));
#2224=CARTESIAN_POINT('',(-23.8805386144092,-18.9216575729696,85.1544329654265));
#2225=CARTESIAN_POINT('',(-12.2474078439654,-18.9216575729696,59.3429345694207));
#2226=CARTESIAN_POINT('',(-23.8817191921694,-18.9216575729696,85.1573097200098));
#2227=CARTESIAN_POINT('',(-13.853689121479,-18.9216575729696,60.7216626684864));
#2228=CARTESIAN_POINT('',(-25.7319726823199,-18.9216575729696,86.3979929072196));
#2229=CARTESIAN_POINT('Origin',(-25.7319726823199,-18.9216575729696,84.3979929072196));
#2230=CARTESIAN_POINT('',(-38.7250226107827,-18.9216575729696,86.3979929072196));
#2231=CARTESIAN_POINT('',(-29.5016359458827,-18.9216575729696,86.3979929072196));
#2232=CARTESIAN_POINT('',(-38.7250226107827,-18.9216575729696,83.8979929072196));
#2233=CARTESIAN_POINT('',(-38.7250226107827,-18.9216575729696,57.2234946804146));
#2234=CARTESIAN_POINT('',(-28.3449896063097,-18.9216575729696,83.8979929072196));
#2235=CARTESIAN_POINT('',(-28.6594285579627,-18.9216575729696,83.8979929072196));
#2236=CARTESIAN_POINT('',(-26.065786884887,-18.9216575729696,82.4252392041997));
#2237=CARTESIAN_POINT('Origin',(-28.3449896063097,-18.9216575729696,81.3979929072196));
#2238=CARTESIAN_POINT('',(-13.4353071262991,-18.9216575729696,54.4013622398559));
#2239=CARTESIAN_POINT('',(-6.84904747620633,-18.9216575729696,39.7880986412245));
#2240=CARTESIAN_POINT('',(-12.3825301009804,-18.9216575729696,40.8885999460421));
#2241=CARTESIAN_POINT('Origin',(-31.6689288976808,-18.9216575729696,46.1833918640151));
#2242=CARTESIAN_POINT('',(-19.9929071395374,-18.9216575729696,13.1676302020503));
#2243=CARTESIAN_POINT('',(-12.8475074474727,-18.9216575729696,39.1949094904376));
#2244=CARTESIAN_POINT('',(-20.4750671094549,-18.9216575729696,12.7999999999996));
#2245=CARTESIAN_POINT('Origin',(-20.4750671094549,-18.9216575729696,13.2999999999996));
#2246=CARTESIAN_POINT('',(-30.5938345051427,-18.9216575729696,12.7999999999996));
#2247=CARTESIAN_POINT('',(-24.5938345051427,-18.9216575729696,12.7999999999996));
#2248=CARTESIAN_POINT('',(-30.5938345051427,-18.9216575729696,9.79999999999959));
#2249=CARTESIAN_POINT('',(-30.5938345051427,-18.9216575729696,19.4244982268046));
#2250=CARTESIAN_POINT('',(-6.5938345051537,-18.9216575729696,9.79999999999959));
#2251=CARTESIAN_POINT('',(-12.5938345051527,-18.9216575729696,9.79999999999959));
#2252=CARTESIAN_POINT('',(-6.5938345051537,-18.9216575729696,12.7999999999996));
#2253=CARTESIAN_POINT('',(-6.5938345051537,-18.9216575729696,28.1115032735146));
#2254=CARTESIAN_POINT('',(-16.5692204040974,-18.9216575729696,12.7999999999996));
#2255=CARTESIAN_POINT('',(-24.5938345051427,-18.9216575729696,12.7999999999996));
#2256=CARTESIAN_POINT('',(-16.9549483800314,-18.9216575729696,13.3058958383591));
#2257=CARTESIAN_POINT('Origin',(-16.5692204040974,-18.9216575729696,13.1999999999996));
#2258=CARTESIAN_POINT('',(-9.62052699865541,-18.9216575729696,40.0216908867159));
#2259=CARTESIAN_POINT('',(-14.7617447257634,-18.9216575729696,21.2946895386386));
#2260=CARTESIAN_POINT('Origin',(-4.7989272994803,-18.9216575729696,38.6979929072226));
#2261=CARTESIAN_POINT('Origin',(-30.0938345051427,-2.14665757297208,42.6886511805741));
#2262=CARTESIAN_POINT('',(-11.860212733761,11.3868424270264,50.9066215564149));
#2263=CARTESIAN_POINT('',(-10.0938345051427,11.3868424270264,42.6886511805741));
#2264=CARTESIAN_POINT('Origin',(-30.0938345051427,11.3868424270264,42.6886511805741));
#2265=CARTESIAN_POINT('',(-11.860212733761,30.3868424270254,50.9066215564149));
#2266=CARTESIAN_POINT('',(-11.860212733761,-2.14665757297208,50.9066215564149));
#2267=CARTESIAN_POINT('',(-10.0938345051427,30.3868424270254,42.6886511805741));
#2268=CARTESIAN_POINT('Origin',(-30.0938345051427,30.3868424270254,42.6886511805741));
#2269=CARTESIAN_POINT('',(-10.0938345051427,-2.14665757297208,42.6886511805741));
#2270=CARTESIAN_POINT('Origin',(-14.3525439238594,11.3868424270264,30.3172794450152));
#2271=CARTESIAN_POINT('',(-10.0938345051427,11.3868424270264,38.2976576357396));
#2272=CARTESIAN_POINT('',(-10.0938345051427,11.3868424270264,28.1994982268046));
#2273=CARTESIAN_POINT('',(-16.9549483800314,11.3868424270264,13.3058958383591));
#2274=CARTESIAN_POINT('',(-17.0938345051457,11.3868424270264,12.7999999999996));
#2275=CARTESIAN_POINT('',(-16.5692204040974,11.3868424270264,12.7999999999996));
#2276=CARTESIAN_POINT('Origin',(-16.5692204040974,11.3868424270264,13.1999999999996));
#2277=CARTESIAN_POINT('',(-20.4750671094549,11.3868424270264,12.7999999999996));
#2278=CARTESIAN_POINT('',(-22.473189214501,11.3868424270264,12.7999999999996));
#2279=CARTESIAN_POINT('',(-19.9929071395374,11.3868424270264,13.1676302020503));
#2280=CARTESIAN_POINT('Origin',(-20.4750671094549,11.3868424270264,13.2999999999996));
#2281=CARTESIAN_POINT('',(-12.3825301009804,11.3868424270264,40.8885999460421));
#2282=CARTESIAN_POINT('',(-20.0938345051457,11.3868424270264,12.7999999999996));
#2283=CARTESIAN_POINT('',(-12.9815212669832,11.3868424270264,53.3094564191636));
#2284=CARTESIAN_POINT('Origin',(-31.6689288976808,11.3868424270264,46.1833918640151));
#2285=CARTESIAN_POINT('',(-12.949653912028,11.3868424270264,53.3238191706927));
#2286=CARTESIAN_POINT('',(-9.54965253371087,11.3868424270264,54.8562141581045));
#2287=CARTESIAN_POINT('',(-6.72855756699221,11.3868424270264,39.5207616551559));
#2288=CARTESIAN_POINT('Origin',(-10.0938345051427,31.8868424270254,8.79999999999959));
#2289=CARTESIAN_POINT('',(-10.09383450515,30.3868424270254,26.0673493924198));
#2290=CARTESIAN_POINT('',(-10.0938345051427,30.3868424270254,28.2725207568281));
#2291=CARTESIAN_POINT('',(-10.0935414695296,31.8868424270254,26.0675773478921));
#2292=CARTESIAN_POINT('',(-10.0938345051427,31.8868424270254,26.0673493924405));
#2293=CARTESIAN_POINT('',(-10.0935414695252,31.8868424270254,24.1986457896526));
#2294=CARTESIAN_POINT('',(-10.0935414695227,31.8868424270254,24.9872783416626));
#2295=CARTESIAN_POINT('',(-10.0938345051449,26.6783424270264,24.1984375565033));
#2296=CARTESIAN_POINT('',(-10.0938345051427,31.8868424270254,24.1984375565095));
#2297=CARTESIAN_POINT('',(-10.0938345051429,23.0783424270264,19.9081576553531));
#2298=CARTESIAN_POINT('Ctrl Pts',(-10.0938345051427,23.0783424270264,19.9081576553537));
#2299=CARTESIAN_POINT('Ctrl Pts',(-10.0938345051427,23.0783424270264,20.1817318943478));
#2300=CARTESIAN_POINT('Ctrl Pts',(-10.0938345051427,23.1028796340655,20.4808833204168));
#2301=CARTESIAN_POINT('Ctrl Pts',(-10.0938345051427,23.2085132995063,21.068990460975));
#2302=CARTESIAN_POINT('Ctrl Pts',(-10.0938345051427,23.2896190979579,21.3579444978));
#2303=CARTESIAN_POINT('Ctrl Pts',(-10.0938345051427,23.4754952789029,21.8564339054343));
#2304=CARTESIAN_POINT('Ctrl Pts',(-10.0938345051427,23.5951294324876,22.1136114869133));
#2305=CARTESIAN_POINT('Ctrl Pts',(-10.0938345051427,23.882328257663,22.5992024080215));
#2306=CARTESIAN_POINT('Ctrl Pts',(-10.0938345051427,24.0500587524433,22.8275176537548));
#2307=CARTESIAN_POINT('Ctrl Pts',(-10.0938345051427,24.3761608138506,23.1946176644676));
#2308=CARTESIAN_POINT('Ctrl Pts',(-10.0938345051427,24.5609232608114,23.3706719979866));
#2309=CARTESIAN_POINT('Ctrl Pts',(-10.0938345051427,24.9637789334621,23.6782346353169));
#2310=CARTESIAN_POINT('Ctrl Pts',(-10.0938345051427,25.1820521052997,23.8095071682324));
#2311=CARTESIAN_POINT('Ctrl Pts',(-10.0938345051427,25.5822035815794,23.9963443770759));
#2312=CARTESIAN_POINT('Ctrl Pts',(-10.0938345051427,25.79806192378,24.0734063723039));
#2313=CARTESIAN_POINT('Ctrl Pts',(-10.0938345051427,26.2415949185688,24.1745267942313));
#2314=CARTESIAN_POINT('Ctrl Pts',(-10.0938345051427,26.469303224018,24.1984375565095));
#2315=CARTESIAN_POINT('Ctrl Pts',(-10.0938345051427,26.6783424270264,24.1984375565095));
#2316=CARTESIAN_POINT('',(-10.0938345051427,23.0783424270264,13.2999999999996));
#2317=CARTESIAN_POINT('',(-10.0938345051427,23.0783424270264,13.6435025233536));
#2318=CARTESIAN_POINT('',(-10.0938345051427,11.3868424270264,13.2999999999996));
#2319=CARTESIAN_POINT('',(-10.0938345051427,36.1118424270254,13.2999999999996));
#2320=CARTESIAN_POINT('',(-10.0938345051427,11.3868424270264,28.1994982268046));
#2321=CARTESIAN_POINT('Origin',(9.9059999999973,25.6868424270254,49.6427587379346));
#2322=CARTESIAN_POINT('',(10.9059999999973,25.6868424270254,46.7999999999996));
#2323=CARTESIAN_POINT('',(9.9059999999973,26.6868424270254,46.7999999999996));
#2324=CARTESIAN_POINT('Origin',(9.9059999999973,25.6868424270254,46.7999999999996));
#2325=CARTESIAN_POINT('',(9.9059999999973,26.6868424270254,49.6427587379346));
#2326=CARTESIAN_POINT('',(10.9059999999973,25.6868424270254,49.6427587379346));
#2327=CARTESIAN_POINT('Origin',(-25.4438345051427,26.6868424270254,52.4855174758696));
#2328=CARTESIAN_POINT('',(1.51446662827444,26.6868424270254,46.7999999999996));
#2329=CARTESIAN_POINT('',(-12.2032718282827,26.6868424270254,46.7999999999996));
#2330=CARTESIAN_POINT('',(1.01523882950746,26.6868424270254,47.2722222222218));
#2331=CARTESIAN_POINT('Origin',(1.51446662827444,26.6868424270254,47.2999999999996));
#2332=CARTESIAN_POINT('',(-17.5443102668498,26.6868424270254,71.095207388132));
#2333=CARTESIAN_POINT('Origin',(-25.4438345051427,26.6868424270254,45.7999999999996));
#2334=CARTESIAN_POINT('',(-6.5938345051537,26.6868424270254,46.7988392918888));
#2335=CARTESIAN_POINT('',(-17.2155723675322,26.6868424270254,70.3658201740216));
#2336=CARTESIAN_POINT('',(-6.5938345051537,26.6868424270254,27.1740100934196));
#2337=CARTESIAN_POINT('',(-6.5938345051537,26.6868424270254,28.1427587379346));
#2338=CARTESIAN_POINT('Origin',(-25.4438345051427,26.6868424270254,45.7999999999996));
#2339=CARTESIAN_POINT('Origin',(9.9059999999973,8.68684242702642,47.5489964536111));
#2340=CARTESIAN_POINT('',(9.9059999999973,7.68684242702642,46.7999999999996));
#2341=CARTESIAN_POINT('',(10.9059999999973,8.68684242702642,46.7999999999996));
#2342=CARTESIAN_POINT('Origin',(9.9059999999973,8.68684242702642,46.7999999999996));
#2343=CARTESIAN_POINT('',(10.9059999999973,8.68684242702642,47.5489964536111));
#2344=CARTESIAN_POINT('',(9.9059999999973,7.68684242702642,47.5489964536111));
#2345=CARTESIAN_POINT('Origin',(10.9059999999973,-18.9216575729696,46.7999999999996));
#2346=CARTESIAN_POINT('',(10.9059999999973,-18.9216575729696,46.7999999999996));
#2347=CARTESIAN_POINT('Origin',(-10.5938345051427,36.1118424270254,13.2999999999996));
#2348=CARTESIAN_POINT('',(-10.5938345051427,11.3868424270264,12.7999999999996));
#2349=CARTESIAN_POINT('Origin',(-10.5938345051427,11.3868424270264,13.2999999999996));
#2350=CARTESIAN_POINT('',(-10.5938345051427,23.0783424270264,12.7999999999996));
#2351=CARTESIAN_POINT('Origin',(-10.5938345051427,23.0783424270264,13.2999999999996));
#2352=CARTESIAN_POINT('',(-10.5938345051427,36.1118424270254,12.7999999999996));
#2353=CARTESIAN_POINT('Origin',(-20.4750671094549,25.8618424270259,13.2999999999996));
#2354=CARTESIAN_POINT('',(-20.4750671094549,25.8618424270259,12.7999999999996));
#2355=CARTESIAN_POINT('',(-19.9929071395374,25.8618424270259,13.1676302020503));
#2356=CARTESIAN_POINT('Origin',(-30.5938345051427,40.3368424270254,12.7999999999996));
#2357=CARTESIAN_POINT('',(-30.5938345051427,23.0783424270264,12.7999999999996));
#2358=CARTESIAN_POINT('',(-24.5938345051427,23.0783424270264,12.7999999999996));
#2359=CARTESIAN_POINT('',(-30.5938345051427,36.1118424270244,12.7999999999996));
#2360=CARTESIAN_POINT('',(-16.5692204040974,25.8618424270259,12.7999999999996));
#2361=CARTESIAN_POINT('',(-6.5938345051537,11.3868424270264,12.7999999999996));
#2362=CARTESIAN_POINT('',(-6.5938345051537,-36.1801575729696,12.7999999999996));
#2363=CARTESIAN_POINT('',(-32.5356314960827,11.3868424270264,12.7999999999996));
#2364=CARTESIAN_POINT('',(-20.7002313719864,-13.4216575729735,12.7999999999996));
#2365=CARTESIAN_POINT('Origin',(-23.4502313719864,-13.4216575729735,12.7999999999996));
#2366=CARTESIAN_POINT('',(-10.9874376383049,-13.4216575729735,12.7999999999996));
#2367=CARTESIAN_POINT('Origin',(-13.7374376383049,-13.4216575729735,12.7999999999996));
#2368=CARTESIAN_POINT('',(-20.7002313719864,17.5783424270265,12.7999999999996));
#2369=CARTESIAN_POINT('Origin',(-23.4502313719864,17.5783424270265,12.7999999999996));
#2370=CARTESIAN_POINT('',(-10.9874376383049,17.5783424270265,12.7999999999996));
#2371=CARTESIAN_POINT('Origin',(-13.7374376383049,17.5783424270265,12.7999999999996));
#2372=CARTESIAN_POINT('Origin',(-16.5692204040974,25.8618424270259,13.1999999999996));
#2373=CARTESIAN_POINT('',(-16.9549483800314,25.8618424270259,13.3058958383591));
#2374=CARTESIAN_POINT('Origin',(-17.0938345051457,11.3868424270264,12.7999999999996));
#2375=CARTESIAN_POINT('',(-9.6205269986554,11.3868424270264,40.0216908867159));
#2376=CARTESIAN_POINT('',(-13.2610351678811,11.3868424270264,26.7610578982885));
#2377=CARTESIAN_POINT('',(-9.6205269986554,6.73259242702692,40.0216908867159));
#2378=CARTESIAN_POINT('Origin',(1.51446662827444,31.8868424270254,47.2999999999996));
#2379=CARTESIAN_POINT('',(1.01523882950746,31.8868424270254,47.2722222222218));
#2380=CARTESIAN_POINT('',(1.51446662827444,31.8868424270254,46.7999999999996));
#2381=CARTESIAN_POINT('Origin',(-25.4438345051427,31.8868424270254,45.7999999999996));
#2382=CARTESIAN_POINT('',(-6.5938345051537,26.6783424270264,27.1740100934136));
#2383=CARTESIAN_POINT('',(-6.5938345051537,40.3368424270244,27.1740100934136));
#2384=CARTESIAN_POINT('Origin',(-25.4438345051427,26.6783424270264,45.7999999999996));
#2385=CARTESIAN_POINT('',(-10.0935414695245,40.3368424270253,24.1986457896543));
#2386=CARTESIAN_POINT('',(-10.0935414695223,31.8868424270254,24.1986457896593));
#2387=CARTESIAN_POINT('',(-21.3595932505337,40.3368424270254,71.9833720779845));
#2388=CARTESIAN_POINT('Origin',(-25.4438345051427,40.3368424270254,45.7999999999996));
#2389=CARTESIAN_POINT('',(-21.3595932505337,23.0783424270264,71.9833720779845));
#2390=CARTESIAN_POINT('',(-21.3595932505321,31.8868424270254,71.9833720779833));
#2391=CARTESIAN_POINT('',(-17.5443102668493,23.0783424270264,71.0952073881307));
#2392=CARTESIAN_POINT('Origin',(-25.4438345051427,23.0783424270264,45.7999999999996));
#2393=CARTESIAN_POINT('',(-17.5443102668497,31.8868424270254,71.0952073881319));
#2394=CARTESIAN_POINT('Origin',(-6.27127236029,6.48259242702792,47.2999999999996));
#2395=CARTESIAN_POINT('',(-6.27127236029,7.68684242702642,46.7999999999996));
#2396=CARTESIAN_POINT('',(-6.72711290457454,7.68684242702642,47.0945507406036));
#2397=CARTESIAN_POINT('Origin',(-6.27127236029,7.68684242702642,47.2999999999996));
#2398=CARTESIAN_POINT('',(-6.72711290457454,6.48259242702792,47.0945507406036));
#2399=CARTESIAN_POINT('',(-6.27127236029,6.48259242702792,46.7999999999996));
#2400=CARTESIAN_POINT('Origin',(-22.5244441402113,31.8868424270254,82.1448794196437));
#2401=CARTESIAN_POINT('',(-6.5938345051537,7.68684242702642,46.7988392918888));
#2402=CARTESIAN_POINT('',(-14.1464722673865,7.68684242702643,63.556254326829));
#2403=CARTESIAN_POINT('',(-6.5938345051537,31.8868424270254,46.7988392918888));
#2404=CARTESIAN_POINT('',(-22.6385234585554,23.0783424270264,82.3979929072196));
#2405=CARTESIAN_POINT('',(-22.3035403519586,23.0783424270264,81.6547491394585));
#2406=CARTESIAN_POINT('',(-22.6385234585554,10.7868424270254,82.3979929072196));
#2407=CARTESIAN_POINT('',(-22.6385234585554,16.9825924270264,82.3979929072196));
#2408=CARTESIAN_POINT('',(-22.1878192332029,11.7868424270254,81.3979929072196));
#2409=CARTESIAN_POINT('Origin',(-22.1878192332029,10.7868424270254,81.3979929072196));
#2410=CARTESIAN_POINT('',(-10.4399668992964,11.7868424270254,55.332445541386));
#2411=CARTESIAN_POINT('',(-23.2620310798219,11.7868424270254,83.7814004419034));
#2412=CARTESIAN_POINT('',(-10.0290683805044,10.7868424270254,54.4207644528169));
#2413=CARTESIAN_POINT('Origin',(-10.4399668992964,10.7868424270254,55.332445541386));
#2414=CARTESIAN_POINT('',(-10.0290683805044,-13.4216575729696,54.4207644528169));
#2415=CARTESIAN_POINT('',(-10.0290683805044,19.3368424270259,54.4207644528169));
#2416=CARTESIAN_POINT('',(-10.4399668992964,-14.4216575729696,55.332445541386));
#2417=CARTESIAN_POINT('Origin',(-10.4399668992964,-13.4216575729696,55.332445541386));
#2418=CARTESIAN_POINT('',(-22.1878192332029,-14.4216575729696,81.3979929072196));
#2419=CARTESIAN_POINT('',(-19.4362328661895,-14.4216575729696,75.2929106554136));
#2420=CARTESIAN_POINT('',(-22.6385234585554,-13.4216575729696,82.3979929072196));
#2421=CARTESIAN_POINT('Origin',(-22.1878192332029,-13.4216575729696,81.3979929072196));
#2422=CARTESIAN_POINT('',(-22.6385234585554,16.9825924270264,82.3979929072196));
#2423=CARTESIAN_POINT('Origin',(-4.7989272994803,6.73259242702692,38.6979929072226));
#2424=CARTESIAN_POINT('',(-6.5938345051537,7.68684242702642,43.364716396248));
#2425=CARTESIAN_POINT('Origin',(-4.7989272994803,7.68684242702642,38.6979929072226));
#2426=CARTESIAN_POINT('',(-6.5938345051537,11.3868424270264,43.364716396248));
#2427=CARTESIAN_POINT('Origin',(-4.7989272994803,11.3868424270264,38.6979929072226));
#2428=CARTESIAN_POINT('',(-6.5938345051537,6.73259242702692,43.364716396248));
#2429=CARTESIAN_POINT('Origin',(-34.4774284870127,11.3868424270264,47.5989964536096));
#2430=CARTESIAN_POINT('',(-6.5938345051537,11.3868424270264,6.79999999999959));
#2431=CARTESIAN_POINT('Origin',(-31.6689288976808,-12.3966575729716,46.1833918640151));
#2432=CARTESIAN_POINT('',(-12.3825301009804,-12.3966575729716,40.8885999460421));
#2433=CARTESIAN_POINT('',(-13.4353071262991,-14.4216575729696,54.4013622398559));
#2434=CARTESIAN_POINT('',(-13.4353071262991,-12.3966575729716,54.4013622398559));
#2435=CARTESIAN_POINT('',(-13.2816977121452,-14.4216575729696,54.0516654567207));
#2436=CARTESIAN_POINT('Origin',(-31.6689288976808,-14.4216575729696,46.1833918640151));
#2437=CARTESIAN_POINT('',(-12.9110529042676,-13.4216575729696,53.1218418505564));
#2438=CARTESIAN_POINT('Ctrl Pts',(-13.2816977121452,-14.4216575729696,54.0516654567207));
#2439=CARTESIAN_POINT('Ctrl Pts',(-13.2322631393009,-14.4216575729696,53.9361426665258));
#2440=CARTESIAN_POINT('Ctrl Pts',(-13.1807402614342,-14.3965381416073,53.8124206809256));
#2441=CARTESIAN_POINT('Ctrl Pts',(-13.0880926842849,-14.2944434053305,53.5839138287012));
#2442=CARTESIAN_POINT('Ctrl Pts',(-13.0469052278194,-14.2174700013904,53.4791535624697));
#2443=CARTESIAN_POINT('Ctrl Pts',(-12.98279574067,-14.0399227997279,53.3133514363938));
#2444=CARTESIAN_POINT('Ctrl Pts',(-12.9555784423414,-13.9275166694072,53.2412335196377));
#2445=CARTESIAN_POINT('Ctrl Pts',(-12.9197377309809,-13.6811795240472,53.1454637322689));
#2446=CARTESIAN_POINT('Ctrl Pts',(-12.9110529042676,-13.5472457901693,53.1218418505564));
#2447=CARTESIAN_POINT('Ctrl Pts',(-12.9110529042676,-13.4216575729696,53.1218418505564));
#2448=CARTESIAN_POINT('',(-12.9110529042676,10.7868424270254,53.1218418505564));
#2449=CARTESIAN_POINT('',(-12.9110529042676,-12.3966575729716,53.1218418505564));
#2450=CARTESIAN_POINT('Ctrl Pts',(-12.9110529042676,10.7868424270254,53.1218418505564));
#2451=CARTESIAN_POINT('Ctrl Pts',(-12.9110529042676,10.9124306442251,53.1218418505564));
#2452=CARTESIAN_POINT('Ctrl Pts',(-12.9197377309809,11.046364378103,53.1454637322689));
#2453=CARTESIAN_POINT('Ctrl Pts',(-12.9489718876686,11.2472939476372,53.2235801776075));
#2454=CARTESIAN_POINT('Ctrl Pts',(-12.963888028799,11.3209718659868,53.2632149759033));
#2455=CARTESIAN_POINT('Ctrl Pts',(-12.9815212669832,11.3868424270264,53.3094564191636));
#2456=CARTESIAN_POINT('Origin',(-10.4756211094741,11.3868424270264,47.8345588900308));
#2457=CARTESIAN_POINT('Origin',(-8.88904389048908,-36.1801575729696,44.3143406854106));
#2458=CARTESIAN_POINT('',(-13.2783727270613,11.7868424270254,54.0531640415473));
#2459=CARTESIAN_POINT('Origin',(-13.2783727270613,10.7868424270254,54.0531640415473));
#2460=CARTESIAN_POINT('',(-25.6028026383604,11.7868424270254,81.3979929072196));
#2461=CARTESIAN_POINT('',(-17.8635338688432,11.7868424270254,64.2264903248675));
#2462=CARTESIAN_POINT('',(-26.0535068637129,10.7868424270254,82.3979929072196));
#2463=CARTESIAN_POINT('Origin',(-25.6028026383604,10.7868424270254,81.3979929072196));
#2464=CARTESIAN_POINT('',(-26.0535068637129,-13.4216575729696,82.3979929072196));
#2465=CARTESIAN_POINT('',(-26.0535068637129,-17.0509075729711,82.3979929072196));
#2466=CARTESIAN_POINT('',(-25.6028026383604,-14.4216575729696,81.3979929072196));
#2467=CARTESIAN_POINT('Origin',(-25.6028026383604,-13.4216575729696,81.3979929072196));
#2468=CARTESIAN_POINT('',(-14.0377356552109,-14.4216575729696,55.7380005383777));
#2469=CARTESIAN_POINT('',(-26.065786884887,23.0783424270264,82.4252392041997));
#2470=CARTESIAN_POINT('',(-26.065786884887,-27.5509075729696,82.4252392041997));
#2471=CARTESIAN_POINT('',(-16.9050431409799,23.0783424270264,62.0998390224226));
#2472=CARTESIAN_POINT('',(-20.6139655903965,40.3368424270253,70.3290107070511));
#2473=CARTESIAN_POINT('',(-9.99716049937987,40.3368424270254,46.7729744113851));
#2474=CARTESIAN_POINT('',(-20.6139655903965,30.3868424270254,70.329010707051));
#2475=CARTESIAN_POINT('',(-20.6139655903899,31.8868424270254,70.3290107070441));
#2476=CARTESIAN_POINT('',(-9.7117559882795,30.3868424270254,46.1397331523817));
#2477=CARTESIAN_POINT('Origin',(-11.2456664265665,-13.4216575729696,54.9693133600809));
#2478=CARTESIAN_POINT('',(-11.2456664265665,-14.4216575729696,54.9693133600809));
#2479=CARTESIAN_POINT('',(-10.8347679077745,-13.4216575729696,54.0576322715118));
#2480=CARTESIAN_POINT('Origin',(-18.5210161972527,-14.4216575729696,67.4615640410036));
#2481=CARTESIAN_POINT('',(-26.4992223421327,-14.4216575729696,81.3979929072196));
#2482=CARTESIAN_POINT('Origin',(-9.87837134874419,10.7868424270254,55.5855590289591));
#2483=CARTESIAN_POINT('',(-9.46747282995215,10.7868424270254,54.67387794039));
#2484=CARTESIAN_POINT('',(-9.87837134874419,11.7868424270254,55.5855590289591));
#2485=CARTESIAN_POINT('Origin',(-9.4674728299597,6.78684242702642,54.6738779403866));
#2486=CARTESIAN_POINT('Origin',(-28.9577254779427,10.7868424270254,81.3979929072196));
#2487=CARTESIAN_POINT('',(-28.9577254779427,10.7868424270254,82.3979929072196));
#2488=CARTESIAN_POINT('',(-28.9577254779427,11.7868424270254,81.3979929072196));
#2489=CARTESIAN_POINT('Origin',(-34.4774284870127,2.07834242702742,82.3979929072196));
#2490=CARTESIAN_POINT('',(-22.6382229934387,23.0783424270264,82.3979929072196));
#2491=CARTESIAN_POINT('',(-31.1076485687327,23.0783424270264,82.3979929072196));
#2492=CARTESIAN_POINT('',(-22.6382229934387,-17.0509075729711,82.3979929072196));
#2493=CARTESIAN_POINT('',(-26.4992223421327,-13.4216575729696,82.3979929072196));
#2494=CARTESIAN_POINT('Origin',(-26.4992223421327,-13.4216575729696,81.3979929072196));
#2495=CARTESIAN_POINT('Origin',(-25.7319726823199,-18.9216575729696,84.3979929072196));
#2496=CARTESIAN_POINT('',(-23.8817191921694,23.0783424270264,85.1573097200098));
#2497=CARTESIAN_POINT('',(-25.7319726823199,23.0783424270264,86.3979929072196));
#2498=CARTESIAN_POINT('Origin',(-25.7319726823199,23.0783424270264,84.3979929072196));
#2499=CARTESIAN_POINT('',(-25.7319726823199,-18.9216575729696,86.3979929072196));
#2500=CARTESIAN_POINT('',(-23.8817191921694,-18.9216575729696,85.1573097200098));
#2501=CARTESIAN_POINT('Origin',(-38.7250226107827,-18.9216575729696,86.3979929072196));
#2502=CARTESIAN_POINT('',(-38.7250226107827,23.0783424270264,86.3979929072196));
#2503=CARTESIAN_POINT('',(-33.2314456306127,23.0783424270264,86.3979929072196));
#2504=CARTESIAN_POINT('',(-38.7250226107827,-18.9216575729696,86.3979929072196));
#2505=CARTESIAN_POINT('',(-32.0499489966427,-3.92165757297358,86.3979929072196));
#2506=CARTESIAN_POINT('Origin',(-33.5499489966427,-3.92165757297358,86.3979929072196));
#2507=CARTESIAN_POINT('',(-32.0499489966427,8.07834242702742,86.3979929072196));
#2508=CARTESIAN_POINT('Origin',(-33.5499489966427,8.07834242702742,86.3979929072196));
#2509=CARTESIAN_POINT('Origin',(-27.7378686504527,23.0783424270264,78.6157818624276));
#2510=CARTESIAN_POINT('',(-23.8805386144092,23.0783424270264,85.1544329654265));
#2511=CARTESIAN_POINT('',(-23.2174261722022,23.0783424270264,83.5386039861534));
#2512=CARTESIAN_POINT('',(-22.3032625592162,23.0783424270264,81.6547853493173));
#2513=CARTESIAN_POINT('',(-28.3449896063097,23.0783424270264,83.8979929072196));
#2514=CARTESIAN_POINT('Origin',(-28.3449896063097,23.0783424270264,81.3979929072196));
#2515=CARTESIAN_POINT('',(-38.7250226107827,23.0783424270264,83.8979929072196));
#2516=CARTESIAN_POINT('',(-33.2314456306127,23.0783424270264,83.8979929072196));
#2517=CARTESIAN_POINT('',(-38.7250226107827,23.0783424270264,82.0068873848236));
#2518=CARTESIAN_POINT('Origin',(-28.3449896063097,-27.5509075729696,81.3979929072196));
#2519=CARTESIAN_POINT('',(-28.3449896063097,-27.5509075729696,83.8979929072196));
#2520=CARTESIAN_POINT('Origin',(-38.7250226107827,-18.9216575729696,83.8979929072196));
#2521=CARTESIAN_POINT('',(-38.7250226107827,-18.9216575729696,83.8979929072196));
#2522=CARTESIAN_POINT('',(-32.0499489966427,-3.92165757297358,83.8979929072196));
#2523=CARTESIAN_POINT('Origin',(-33.5499489966427,-3.92165757297358,83.8979929072196));
#2524=CARTESIAN_POINT('',(-32.0499489966427,8.07834242702742,83.8979929072196));
#2525=CARTESIAN_POINT('Origin',(-33.5499489966427,8.07834242702742,83.8979929072196));
#2526=CARTESIAN_POINT('Origin',(-23.4502313719864,-13.4216575729735,12.7999999999996));
#2527=CARTESIAN_POINT('',(-20.7002313719864,-13.4216575729735,11.2999999999996));
#2528=CARTESIAN_POINT('',(-20.7002313719864,-13.4216575729735,12.7999999999996));
#2529=CARTESIAN_POINT('Origin',(-23.4502313719864,-13.4216575729735,11.2999999999996));
#2530=CARTESIAN_POINT('Origin',(-23.4502313719864,-13.4216575729735,11.2999999999996));
#2531=CARTESIAN_POINT('',(-21.9502313719864,-13.4216575729735,11.2999999999996));
#2532=CARTESIAN_POINT('Origin',(-23.4502313719864,-13.4216575729735,11.2999999999996));
#2533=CARTESIAN_POINT('Origin',(-13.7374376383049,-13.4216575729735,12.7999999999996));
#2534=CARTESIAN_POINT('',(-10.9874376383049,-13.4216575729735,11.2999999999996));
#2535=CARTESIAN_POINT('',(-10.9874376383049,-13.4216575729735,12.7999999999996));
#2536=CARTESIAN_POINT('Origin',(-13.7374376383049,-13.4216575729735,11.2999999999996));
#2537=CARTESIAN_POINT('Origin',(-13.7374376383049,-13.4216575729735,11.2999999999996));
#2538=CARTESIAN_POINT('',(-12.2374376383049,-13.4216575729735,11.2999999999996));
#2539=CARTESIAN_POINT('Origin',(-13.7374376383049,-13.4216575729735,11.2999999999996));
#2540=CARTESIAN_POINT('Origin',(-23.4502313719864,17.5783424270265,12.7999999999996));
#2541=CARTESIAN_POINT('',(-20.7002313719864,17.5783424270265,11.2999999999996));
#2542=CARTESIAN_POINT('',(-20.7002313719864,17.5783424270265,12.7999999999996));
#2543=CARTESIAN_POINT('Origin',(-23.4502313719864,17.5783424270265,11.2999999999996));
#2544=CARTESIAN_POINT('Origin',(-23.4502313719864,17.5783424270265,11.2999999999996));
#2545=CARTESIAN_POINT('',(-21.9502313719864,17.5783424270265,11.2999999999996));
#2546=CARTESIAN_POINT('Origin',(-23.4502313719864,17.5783424270265,11.2999999999996));
#2547=CARTESIAN_POINT('Origin',(-13.7374376383049,17.5783424270265,12.7999999999996));
#2548=CARTESIAN_POINT('',(-10.9874376383049,17.5783424270265,11.2999999999996));
#2549=CARTESIAN_POINT('',(-10.9874376383049,17.5783424270265,12.7999999999996));
#2550=CARTESIAN_POINT('Origin',(-13.7374376383049,17.5783424270265,11.2999999999996));
#2551=CARTESIAN_POINT('Origin',(-13.7374376383049,17.5783424270265,11.2999999999996));
#2552=CARTESIAN_POINT('',(-12.2374376383049,17.5783424270265,11.2999999999996));
#2553=CARTESIAN_POINT('Origin',(-13.7374376383049,17.5783424270265,11.2999999999996));
#2554=CARTESIAN_POINT('Origin',(-23.4502313719864,-13.4216575729735,12.7999999999996));
#2555=CARTESIAN_POINT('',(-21.9502313719864,-13.4216575729735,9.79999999999959));
#2556=CARTESIAN_POINT('',(-21.9502313719864,-13.4216575729735,12.7999999999996));
#2557=CARTESIAN_POINT('Origin',(-23.4502313719864,-13.4216575729735,9.79999999999959));
#2558=CARTESIAN_POINT('Origin',(-13.7374376383049,-13.4216575729735,12.7999999999996));
#2559=CARTESIAN_POINT('',(-12.2374376383049,-13.4216575729735,9.79999999999959));
#2560=CARTESIAN_POINT('',(-12.2374376383049,-13.4216575729735,12.7999999999996));
#2561=CARTESIAN_POINT('Origin',(-13.7374376383049,-13.4216575729735,9.79999999999959));
#2562=CARTESIAN_POINT('Origin',(-23.4502313719864,17.5783424270265,12.7999999999996));
#2563=CARTESIAN_POINT('',(-21.9502313719864,17.5783424270265,9.79999999999959));
#2564=CARTESIAN_POINT('',(-21.9502313719864,17.5783424270265,12.7999999999996));
#2565=CARTESIAN_POINT('Origin',(-23.4502313719864,17.5783424270265,9.79999999999959));
#2566=CARTESIAN_POINT('Origin',(-13.7374376383049,17.5783424270265,12.7999999999996));
#2567=CARTESIAN_POINT('',(-12.2374376383049,17.5783424270265,9.79999999999959));
#2568=CARTESIAN_POINT('',(-12.2374376383049,17.5783424270265,12.7999999999996));
#2569=CARTESIAN_POINT('Origin',(-13.7374376383049,17.5783424270265,9.79999999999959));
#2570=CARTESIAN_POINT('Origin',(11.8811654948793,-18.9216575729696,46.7999999999996));
#2571=CARTESIAN_POINT('',(6.7509547501213,7.68684242702642,46.7999999999996));
#2572=CARTESIAN_POINT('',(4.43933363637331,32.2868424270254,46.7999999999996));
#2573=CARTESIAN_POINT('Origin',(5.93933363637331,32.2868424270254,46.7999999999996));
#2574=CARTESIAN_POINT('',(0.656082747421671,1.03471742702742,46.7999999999996));
#2575=CARTESIAN_POINT('Origin',(2.15608274742167,1.03471742702742,46.7999999999996));
#2576=CARTESIAN_POINT('',(0.656082747421671,-12.2695325729706,46.7999999999996));
#2577=CARTESIAN_POINT('Origin',(2.15608274742167,-12.2695325729706,46.7999999999996));
#2578=CARTESIAN_POINT('Origin',(1.6207440053633,7.68684242702642,48.2979929072226));
#2579=CARTESIAN_POINT('',(-6.5938345051537,7.68684242702642,26.0489964536106));
#2580=CARTESIAN_POINT('Origin',(2.15608274742167,-12.2695325729706,43.6979929072226));
#2581=CARTESIAN_POINT('',(-0.593917252578328,-12.2695325729706,45.1979929072226));
#2582=CARTESIAN_POINT('',(-0.593917252578328,-12.2695325729706,43.6979929072226));
#2583=CARTESIAN_POINT('Origin',(2.15608274742167,-12.2695325729706,45.1979929072226));
#2584=CARTESIAN_POINT('Origin',(2.15608274742167,-12.2695325729706,45.1979929072226));
#2585=CARTESIAN_POINT('',(0.656082747421671,-12.2695325729706,45.1979929072226));
#2586=CARTESIAN_POINT('Origin',(2.15608274742167,-12.2695325729706,45.1979929072226));
#2587=CARTESIAN_POINT('Origin',(2.15608274742167,1.03471742702742,43.6979929072226));
#2588=CARTESIAN_POINT('',(-0.593917252578328,1.03471742702742,45.1979929072226));
#2589=CARTESIAN_POINT('',(-0.593917252578328,1.03471742702742,43.6979929072226));
#2590=CARTESIAN_POINT('Origin',(2.15608274742167,1.03471742702742,45.1979929072226));
#2591=CARTESIAN_POINT('Origin',(2.15608274742167,1.03471742702742,45.1979929072226));
#2592=CARTESIAN_POINT('',(0.656082747421671,1.03471742702742,45.1979929072226));
#2593=CARTESIAN_POINT('Origin',(2.15608274742167,1.03471742702742,45.1979929072226));
#2594=CARTESIAN_POINT('Origin',(5.93933363637331,32.2868424270254,43.6979929072226));
#2595=CARTESIAN_POINT('',(3.18933363637331,32.2868424270254,45.1979929072226));
#2596=CARTESIAN_POINT('',(3.18933363637331,32.2868424270254,43.6979929072226));
#2597=CARTESIAN_POINT('Origin',(5.93933363637331,32.2868424270254,45.1979929072226));
#2598=CARTESIAN_POINT('Origin',(5.93933363637331,32.2868424270254,45.1979929072226));
#2599=CARTESIAN_POINT('',(4.43933363637331,32.2868424270254,45.1979929072226));
#2600=CARTESIAN_POINT('Origin',(5.93933363637331,32.2868424270254,45.1979929072226));
#2601=CARTESIAN_POINT('Origin',(5.93933363637331,32.2868424270254,43.6979929072226));
#2602=CARTESIAN_POINT('',(4.43933363637331,32.2868424270254,43.6979929072226));
#2603=CARTESIAN_POINT('Origin',(2.15608274742167,1.03471742702742,43.6979929072226));
#2604=CARTESIAN_POINT('',(0.656082747421671,1.03471742702742,43.6979929072226));
#2605=CARTESIAN_POINT('Origin',(2.15608274742167,-12.2695325729706,43.6979929072226));
#2606=CARTESIAN_POINT('',(0.656082747421671,-12.2695325729706,43.6979929072226));
#2607=CARTESIAN_POINT('Origin',(-6.5938345051537,31.8868424270254,27.1740100934196));
#2608=CARTESIAN_POINT('',(-6.5938345051547,23.0783424270264,9.79999999999959));
#2609=CARTESIAN_POINT('',(-6.5938345051537,31.8868424270254,9.79999999999959));
#2610=CARTESIAN_POINT('',(-6.5938345051537,23.0783424270264,22.3332682292516));
#2611=CARTESIAN_POINT('',(-6.5938345051537,23.0783424270264,22.8305075700636));
#2612=CARTESIAN_POINT('Ctrl Pts',(-6.5938345051537,26.6783424270264,27.174010093409));
#2613=CARTESIAN_POINT('Ctrl Pts',(-6.5938345051537,26.4782627928901,27.174010093409));
#2614=CARTESIAN_POINT('Ctrl Pts',(-6.5938345051537,26.2608507253841,27.1485277802887));
#2615=CARTESIAN_POINT('Ctrl Pts',(-6.5938345051537,25.8393531184647,27.0424709874131));
#2616=CARTESIAN_POINT('Ctrl Pts',(-6.5938345051537,25.6351956302554,26.9621826563229));
#2617=CARTESIAN_POINT('Ctrl Pts',(-6.5938345051537,25.2417110172765,26.7618859465703));
#2618=CARTESIAN_POINT('Ctrl Pts',(-6.5938345051537,25.0218060528052,26.615622141225));
#2619=CARTESIAN_POINT('Ctrl Pts',(-6.5938345051537,24.6193210954425,26.2771296272966));
#2620=CARTESIAN_POINT('Ctrl Pts',(-6.5938345051537,24.4364081220824,26.0852970473506));
#2621=CARTESIAN_POINT('Ctrl Pts',(-6.5938345051537,24.1018320381802,25.6748207825645));
#2622=CARTESIAN_POINT('Ctrl Pts',(-6.5938345051537,23.9259759109389,25.4125321776041));
#2623=CARTESIAN_POINT('Ctrl Pts',(-6.5938345051537,23.6260038226276,24.859238846132));
#2624=CARTESIAN_POINT('Ctrl Pts',(-6.5938345051537,23.5016284735141,24.5683747881157));
#2625=CARTESIAN_POINT('Ctrl Pts',(-6.5938345051537,23.3049883963162,23.9996197868998));
#2626=CARTESIAN_POINT('Ctrl Pts',(-6.5938345051537,23.2181374189726,23.6665221563645));
#2627=CARTESIAN_POINT('Ctrl Pts',(-6.5938345051537,23.1048085425834,22.9901878511848));
#2628=CARTESIAN_POINT('Ctrl Pts',(-6.5938345051537,23.0783424270266,22.6469492021155));
#2629=CARTESIAN_POINT('Ctrl Pts',(-6.5938345051537,23.0783424270264,22.3332682292516));
#2630=CARTESIAN_POINT('Origin',(-10.0935414695227,31.8868424270254,23.207537034943));
#2631=CARTESIAN_POINT('',(-10.0935414695289,40.3368424270254,26.0675773478927));
#2632=CARTESIAN_POINT('',(-10.0935414695216,31.8868424270254,26.0675773479134));
#2633=CARTESIAN_POINT('',(-10.0935414695186,40.3368424270254,33.9032667442741));
#2634=CARTESIAN_POINT('Origin',(-21.3838842815827,40.3368424270254,44.5989964536096));
#2635=CARTESIAN_POINT('Origin',(-25.4438345051427,40.3368424270254,45.7999999999996));
#2636=CARTESIAN_POINT('Origin',(-25.4438345051427,26.6783424270264,45.7999999999996));
#2637=CARTESIAN_POINT('Origin',(-25.4438345051427,23.0783424270264,45.7999999999996));
#2638=CARTESIAN_POINT('Origin',(-23.4380224688727,11.7868424270254,85.6710349517396));
#2639=CARTESIAN_POINT('Origin',(-6.5938345051537,31.8868424270254,9.79999999999959));
#2640=CARTESIAN_POINT('',(-30.5938345051427,23.0783424270264,9.79999999999959));
#2641=CARTESIAN_POINT('',(-30.5938345051427,31.8868424270254,9.79999999999959));
#2642=CARTESIAN_POINT('',(-12.5938345051427,23.0783424270264,9.79999999999959));
#2643=CARTESIAN_POINT('Origin',(-18.5938345051427,23.0783424270264,18.4870050467076));
#2644=CARTESIAN_POINT('',(-30.5938345051427,23.0783424270264,14.1435025233536));
#2645=CARTESIAN_POINT('Origin',(-25.4438345051427,31.8868424270254,45.7999999999996));
#2646=CARTESIAN_POINT('Origin',(-25.4438345051427,30.3868424270254,45.7999999999996));
#2647=CARTESIAN_POINT('Origin',(-11.0227796955827,30.3868424270254,47.7450415136566));
#2648=CARTESIAN_POINT('Origin',(-38.7250226107827,-18.9216575729696,85.3979929072196));
#2649=CARTESIAN_POINT('Origin',(-24.2949006857491,-18.9216575729696,86.1641233288802));
#2650=CARTESIAN_POINT('',(-23.8805386144091,-27.5509075729696,85.1544329654264));
#2651=CARTESIAN_POINT('Origin',(-22.5241476366859,-36.1801575729696,82.1448834093594));
#2652=CARTESIAN_POINT('Origin',(-30.5938345051427,31.8868424270254,9.79999999999959));
#2653=CARTESIAN_POINT('Origin',(-33.5499489966427,8.07834242702742,89.3979929072196));
#2654=CARTESIAN_POINT('',(-32.0499489966427,8.07834242702742,89.3979929072196));
#2655=CARTESIAN_POINT('Origin',(-33.5499489966427,-3.92165757297358,89.3979929072196));
#2656=CARTESIAN_POINT('',(-32.0499489966427,-3.92165757297358,89.3979929072196));
#2657=UNCERTAINTY_MEASURE_WITH_UNIT(LENGTH_MEASURE(0.01),#2661,
'DISTANCE_ACCURACY_VALUE',
'Maximum model space distance between geometric entities at asserted c
onnectivities');
#2658=UNCERTAINTY_MEASURE_WITH_UNIT(LENGTH_MEASURE(0.01),#2661,
'DISTANCE_ACCURACY_VALUE',
'Maximum model space distance between geometric entities at asserted c
onnectivities');
#2659=(
GEOMETRIC_REPRESENTATION_CONTEXT(3)
GLOBAL_UNCERTAINTY_ASSIGNED_CONTEXT((#2657))
GLOBAL_UNIT_ASSIGNED_CONTEXT((#2661,#2663,#2664))
REPRESENTATION_CONTEXT('','3D')
);
#2660=(
GEOMETRIC_REPRESENTATION_CONTEXT(3)
GLOBAL_UNCERTAINTY_ASSIGNED_CONTEXT((#2658))
GLOBAL_UNIT_ASSIGNED_CONTEXT((#2661,#2663,#2664))
REPRESENTATION_CONTEXT('','3D')
);
#2661=(
LENGTH_UNIT()
NAMED_UNIT(*)
SI_UNIT(.MILLI.,.METRE.)
);
#2662=(
LENGTH_UNIT()
NAMED_UNIT(*)
SI_UNIT($,.METRE.)
);
#2663=(
NAMED_UNIT(*)
PLANE_ANGLE_UNIT()
SI_UNIT($,.RADIAN.)
);
#2664=(
NAMED_UNIT(*)
SI_UNIT($,.STERADIAN.)
SOLID_ANGLE_UNIT()
);
#2665=SHAPE_DEFINITION_REPRESENTATION(#2666,#2667);
#2666=PRODUCT_DEFINITION_SHAPE('',$,#2669);
#2667=SHAPE_REPRESENTATION('',(#1556),#2659);
#2668=PRODUCT_DEFINITION_CONTEXT('part definition',#2673,'design');
#2669=PRODUCT_DEFINITION('2026-08-11-12-52-56-919','\X2\9A6C8FBE652F67B6\X0\',
#2670,#2668);
#2670=PRODUCT_DEFINITION_FORMATION('',$,#2675);
#2671=PRODUCT_RELATED_PRODUCT_CATEGORY('\X2\9A6C8FBE652F67B6\X0\',
'\X2\9A6C8FBE652F67B6\X0\',(#2675));
#2672=APPLICATION_PROTOCOL_DEFINITION('international standard',
'automotive_design',2009,#2673);
#2673=APPLICATION_CONTEXT(
'Core Data for Automotive Mechanical Design Process');
#2674=PRODUCT_CONTEXT('part definition',#2673,'mechanical');
#2675=PRODUCT('2026-08-11-12-52-56-919','\X2\9A6C8FBE652F67B6\X0\',$,(#2674));
#2676=PRESENTATION_STYLE_ASSIGNMENT((#2677));
#2677=SURFACE_STYLE_USAGE(.BOTH.,#2678);
#2678=SURFACE_SIDE_STYLE('',(#2679));
#2679=SURFACE_STYLE_FILL_AREA(#2680);
#2680=FILL_AREA_STYLE('\X2\94A2\X0\ - \X2\7F0E5149\X0\',(#2681));
#2681=FILL_AREA_STYLE_COLOUR('\X2\94A2\X0\ - \X2\7F0E5149\X0\',#2682);
#2682=COLOUR_RGB('\X2\94A2\X0\ - \X2\7F0E5149\X0\',0.627450980392157,0.627450980392157,
0.627450980392157);
ENDSEC;
END-ISO-10303-21;
