ISO-10303-21;
HEADER;
/* Generated by software containing ST-Developer
 * from STEP Tools, Inc. (www.steptools.com) 
 */

FILE_DESCRIPTION(
/* description */ (''),
/* implementation_level */ '2;1');

FILE_NAME(
/* name */ '',
/* time_stamp */ '2026-08-14T12:24:46+09:00',
/* author */ (''),
/* organization */ (''),
/* preprocessor_version */ 'ST-DEVELOPER v20.1',
/* originating_system */ 'Autodesk Translation Framework v15.8.0.0',
/* authorisation */ '');

FILE_SCHEMA (('AUTOMOTIVE_DESIGN { 1 0 10303 214 3 1 1 }'));
ENDSEC;

DATA;
#10=MECHANICAL_DESIGN_GEOMETRIC_PRESENTATION_REPRESENTATION('',(#13),#3127);
#11=SHAPE_REPRESENTATION_RELATIONSHIP('SRR','None',#3134,#12);
#12=ADVANCED_BREP_SHAPE_REPRESENTATION('',(#14),#3126);
#13=STYLED_ITEM('',(#3143),#14);
#14=MANIFOLD_SOLID_BREP('\X2\644450CF5934652F67B6FF0865B0FF09\X0\ (2)',
#1795);
#15=B_SPLINE_CURVE_WITH_KNOTS('',3,(#2710,#2711,#2712,#2713,#2714,#2715,
#2716,#2717,#2718,#2719),.UNSPECIFIED.,.F.,.F.,(4,2,2,2,4),(0.634740822878115,
0.71013960143483,0.785538379991546,0.862960414049513,0.94038244810748),
 .UNSPECIFIED.);
#16=B_SPLINE_CURVE_WITH_KNOTS('',3,(#2720,#2721,#2722,#2723,#2724,#2725,
#2726,#2727,#2728,#2729),.UNSPECIFIED.,.F.,.F.,(4,2,2,2,4),(-0.305641625229365,
-0.228219591171398,-0.15079755711343,-0.0753987785567152,0.),
 .UNSPECIFIED.);
#17=B_SPLINE_CURVE_WITH_KNOTS('',3,(#2734,#2735,#2736,#2737),
 .UNSPECIFIED.,.F.,.F.,(4,4),(0.,0.00956924875023097),.UNSPECIFIED.);
#18=B_SPLINE_CURVE_WITH_KNOTS('',3,(#2748,#2749,#2750,#2751),
 .UNSPECIFIED.,.F.,.F.,(4,4),(0.62489157865374,0.634460827403918),
 .UNSPECIFIED.);
#19=B_SPLINE_CURVE_WITH_KNOTS('',3,(#2758,#2759,#2760,#2761,#2762,#2763,
#2764,#2765,#2766,#2767),.UNSPECIFIED.,.F.,.F.,(4,2,2,2,4),(0.634604315081758,
0.71000454847082,0.785404781859882,0.86282535712824,0.940245932396599),
 .UNSPECIFIED.);
#20=B_SPLINE_CURVE_WITH_KNOTS('',3,(#2768,#2769,#2770,#2771,#2772,#2773,
#2774,#2775,#2776,#2777),.UNSPECIFIED.,.F.,.F.,(4,2,2,2,4),(-0.305641617314839,
-0.228221042046481,-0.150800466778123,-0.0754002333890618,0.),
 .UNSPECIFIED.);
#21=B_SPLINE_CURVE_WITH_KNOTS('',3,(#2788,#2789,#2790,#2791),
 .UNSPECIFIED.,.F.,.F.,(4,4),(0.,0.0095692487502805),.UNSPECIFIED.);
#22=B_SPLINE_CURVE_WITH_KNOTS('',3,(#2801,#2802,#2803,#2804),
 .UNSPECIFIED.,.F.,.F.,(4,4),(0.625026738398868,0.634595987149203),
 .UNSPECIFIED.);
#23=FACE_BOUND('',#319,.T.);
#24=FACE_BOUND('',#322,.T.);
#25=FACE_BOUND('',#325,.T.);
#26=FACE_BOUND('',#328,.T.);
#27=FACE_BOUND('',#360,.T.);
#28=FACE_BOUND('',#365,.T.);
#29=FACE_BOUND('',#368,.T.);
#30=FACE_BOUND('',#372,.T.);
#31=FACE_BOUND('',#374,.T.);
#32=FACE_BOUND('',#383,.T.);
#33=FACE_BOUND('',#384,.T.);
#34=FACE_BOUND('',#388,.T.);
#35=FACE_BOUND('',#389,.T.);
#36=FACE_BOUND('',#393,.T.);
#37=FACE_BOUND('',#396,.T.);
#38=FACE_BOUND('',#402,.T.);
#39=FACE_BOUND('',#404,.T.);
#40=FACE_BOUND('',#413,.T.);
#41=FACE_BOUND('',#414,.T.);
#42=FACE_BOUND('',#418,.T.);
#43=FACE_BOUND('',#419,.T.);
#44=FACE_BOUND('',#422,.T.);
#45=FACE_BOUND('',#427,.T.);
#46=FACE_BOUND('',#430,.T.);
#47=FACE_BOUND('',#436,.T.);
#48=FACE_BOUND('',#437,.T.);
#49=FACE_BOUND('',#438,.T.);
#50=FACE_BOUND('',#439,.T.);
#51=FACE_BOUND('',#440,.T.);
#52=FACE_BOUND('',#441,.T.);
#53=FACE_BOUND('',#443,.T.);
#54=FACE_BOUND('',#444,.T.);
#55=FACE_BOUND('',#445,.T.);
#56=FACE_BOUND('',#446,.T.);
#57=FACE_BOUND('',#447,.T.);
#58=FACE_BOUND('',#448,.T.);
#59=CIRCLE('',#1812,2.75);
#60=CIRCLE('',#1813,2.75);
#61=CIRCLE('',#1815,1.25);
#62=CIRCLE('',#1817,2.75);
#63=CIRCLE('',#1818,2.75);
#64=CIRCLE('',#1820,1.25);
#65=CIRCLE('',#1822,2.75);
#66=CIRCLE('',#1823,2.75);
#67=CIRCLE('',#1825,1.25);
#68=CIRCLE('',#1827,2.75);
#69=CIRCLE('',#1828,2.75);
#70=CIRCLE('',#1830,1.25);
#71=CIRCLE('',#1835,5.7);
#72=CIRCLE('',#1836,5.7);
#73=CIRCLE('',#1837,14.6);
#74=CIRCLE('',#1839,14.6);
#75=CIRCLE('',#1841,2.);
#76=CIRCLE('',#1842,2.);
#77=CIRCLE('',#1844,10.);
#78=CIRCLE('',#1845,10.);
#79=CIRCLE('',#1847,10.);
#80=CIRCLE('',#1848,10.);
#81=CIRCLE('',#1850,10.);
#82=CIRCLE('',#1851,10.);
#83=CIRCLE('',#1853,2.);
#84=CIRCLE('',#1854,2.);
#85=CIRCLE('',#1856,5.7);
#86=CIRCLE('',#1857,5.7);
#87=CIRCLE('',#1858,14.6);
#88=CIRCLE('',#1860,14.6);
#89=CIRCLE('',#1862,10.);
#90=CIRCLE('',#1863,10.);
#91=CIRCLE('',#1868,5.7);
#92=CIRCLE('',#1870,2.);
#93=CIRCLE('',#1872,2.);
#94=CIRCLE('',#1874,5.7);
#95=CIRCLE('',#1877,2.);
#96=CIRCLE('',#1879,5.7);
#97=CIRCLE('',#1881,2.);
#98=CIRCLE('',#1884,5.7);
#99=CIRCLE('',#1886,20.);
#100=CIRCLE('',#1887,20.);
#101=CIRCLE('',#1890,20.);
#102=CIRCLE('',#1891,20.);
#103=CIRCLE('',#1893,2.75);
#104=CIRCLE('',#1894,2.75);
#105=CIRCLE('',#1896,1.25);
#106=CIRCLE('',#1898,4.);
#107=CIRCLE('',#1899,4.);
#108=CIRCLE('',#1902,2.75);
#109=CIRCLE('',#1903,2.75);
#110=CIRCLE('',#1905,1.25);
#111=CIRCLE('',#1908,5.);
#112=CIRCLE('',#1909,5.);
#113=CIRCLE('',#1910,40.);
#114=CIRCLE('',#1911,4.5);
#115=CIRCLE('',#1912,4.99999999999999);
#116=CIRCLE('',#1913,5.);
#117=CIRCLE('',#1915,3.3);
#118=CIRCLE('',#1916,3.3);
#119=CIRCLE('',#1918,3.3);
#120=CIRCLE('',#1919,3.3);
#121=CIRCLE('',#1921,1.5);
#122=CIRCLE('',#1923,1.5);
#123=CIRCLE('',#1925,1.5);
#124=CIRCLE('',#1927,1.5);
#125=CIRCLE('',#1929,4.99999999999999);
#126=CIRCLE('',#1931,5.);
#127=CIRCLE('',#1934,4.5);
#128=CIRCLE('',#1938,5.);
#129=CIRCLE('',#1940,5.);
#130=CIRCLE('',#1945,40.);
#131=CIRCLE('',#1948,40.);
#132=CIRCLE('',#1949,5.);
#133=CIRCLE('',#1950,5.);
#134=CIRCLE('',#1951,5.);
#135=CIRCLE('',#1952,4.99999999999999);
#136=CIRCLE('',#1953,4.5);
#137=CIRCLE('',#1955,40.);
#138=CIRCLE('',#1958,3.3);
#139=CIRCLE('',#1959,3.3);
#140=CIRCLE('',#1961,3.3);
#141=CIRCLE('',#1962,3.3);
#142=CIRCLE('',#1964,1.5);
#143=CIRCLE('',#1966,1.5);
#144=CIRCLE('',#1968,1.5);
#145=CIRCLE('',#1970,1.5);
#146=CIRCLE('',#1972,4.99999999999999);
#147=CIRCLE('',#1974,5.);
#148=CIRCLE('',#1977,4.5);
#149=CIRCLE('',#1981,5.);
#150=CIRCLE('',#1983,5.);
#151=CIRCLE('',#1988,4.);
#152=CIRCLE('',#1989,4.);
#153=CIRCLE('',#1992,2.75);
#154=CIRCLE('',#1993,2.75);
#155=CIRCLE('',#1995,1.25);
#156=CIRCLE('',#1997,1.25);
#157=CIRCLE('',#1999,2.75);
#158=CIRCLE('',#2001,2.75);
#159=CIRCLE('',#2004,20.);
#160=CIRCLE('',#2005,20.);
#161=CIRCLE('',#2007,20.);
#162=CIRCLE('',#2008,20.);
#163=CYLINDRICAL_SURFACE('',#1811,2.75);
#164=CYLINDRICAL_SURFACE('',#1816,2.75);
#165=CYLINDRICAL_SURFACE('',#1821,2.75);
#166=CYLINDRICAL_SURFACE('',#1826,2.75);
#167=CYLINDRICAL_SURFACE('',#1831,1.25);
#168=CYLINDRICAL_SURFACE('',#1832,1.25);
#169=CYLINDRICAL_SURFACE('',#1838,14.6);
#170=CYLINDRICAL_SURFACE('',#1840,2.);
#171=CYLINDRICAL_SURFACE('',#1843,10.);
#172=CYLINDRICAL_SURFACE('',#1846,10.);
#173=CYLINDRICAL_SURFACE('',#1849,10.);
#174=CYLINDRICAL_SURFACE('',#1852,2.);
#175=CYLINDRICAL_SURFACE('',#1859,14.6);
#176=CYLINDRICAL_SURFACE('',#1861,10.);
#177=CYLINDRICAL_SURFACE('',#1866,2.);
#178=CYLINDRICAL_SURFACE('',#1867,5.7);
#179=CYLINDRICAL_SURFACE('',#1871,2.);
#180=CYLINDRICAL_SURFACE('',#1873,5.7);
#181=CYLINDRICAL_SURFACE('',#1875,2.);
#182=CYLINDRICAL_SURFACE('',#1878,5.7);
#183=CYLINDRICAL_SURFACE('',#1882,2.);
#184=CYLINDRICAL_SURFACE('',#1883,5.7);
#185=CYLINDRICAL_SURFACE('',#1885,20.);
#186=CYLINDRICAL_SURFACE('',#1889,20.);
#187=CYLINDRICAL_SURFACE('',#1892,2.75);
#188=CYLINDRICAL_SURFACE('',#1897,4.);
#189=CYLINDRICAL_SURFACE('',#1901,2.75);
#190=CYLINDRICAL_SURFACE('',#1906,1.25);
#191=CYLINDRICAL_SURFACE('',#1914,3.3);
#192=CYLINDRICAL_SURFACE('',#1917,3.3);
#193=CYLINDRICAL_SURFACE('',#1924,1.5);
#194=CYLINDRICAL_SURFACE('',#1926,1.5);
#195=CYLINDRICAL_SURFACE('',#1928,4.99999999999999);
#196=CYLINDRICAL_SURFACE('',#1930,5.);
#197=CYLINDRICAL_SURFACE('',#1933,4.5);
#198=CYLINDRICAL_SURFACE('',#1937,5.);
#199=CYLINDRICAL_SURFACE('',#1939,5.);
#200=CYLINDRICAL_SURFACE('',#1946,40.);
#201=CYLINDRICAL_SURFACE('',#1954,40.);
#202=CYLINDRICAL_SURFACE('',#1957,3.3);
#203=CYLINDRICAL_SURFACE('',#1960,3.3);
#204=CYLINDRICAL_SURFACE('',#1967,1.5);
#205=CYLINDRICAL_SURFACE('',#1969,1.5);
#206=CYLINDRICAL_SURFACE('',#1971,4.99999999999999);
#207=CYLINDRICAL_SURFACE('',#1973,5.);
#208=CYLINDRICAL_SURFACE('',#1976,4.5);
#209=CYLINDRICAL_SURFACE('',#1980,5.);
#210=CYLINDRICAL_SURFACE('',#1982,5.);
#211=CYLINDRICAL_SURFACE('',#1987,4.);
#212=CYLINDRICAL_SURFACE('',#1991,2.75);
#213=CYLINDRICAL_SURFACE('',#1996,1.25);
#214=CYLINDRICAL_SURFACE('',#2000,2.75);
#215=CYLINDRICAL_SURFACE('',#2003,20.);
#216=CYLINDRICAL_SURFACE('',#2006,20.);
#217=FACE_OUTER_BOUND('',#315,.T.);
#218=FACE_OUTER_BOUND('',#316,.T.);
#219=FACE_OUTER_BOUND('',#317,.T.);
#220=FACE_OUTER_BOUND('',#318,.T.);
#221=FACE_OUTER_BOUND('',#320,.T.);
#222=FACE_OUTER_BOUND('',#321,.T.);
#223=FACE_OUTER_BOUND('',#323,.T.);
#224=FACE_OUTER_BOUND('',#324,.T.);
#225=FACE_OUTER_BOUND('',#326,.T.);
#226=FACE_OUTER_BOUND('',#327,.T.);
#227=FACE_OUTER_BOUND('',#329,.T.);
#228=FACE_OUTER_BOUND('',#330,.T.);
#229=FACE_OUTER_BOUND('',#331,.T.);
#230=FACE_OUTER_BOUND('',#332,.T.);
#231=FACE_OUTER_BOUND('',#333,.T.);
#232=FACE_OUTER_BOUND('',#334,.T.);
#233=FACE_OUTER_BOUND('',#335,.T.);
#234=FACE_OUTER_BOUND('',#336,.T.);
#235=FACE_OUTER_BOUND('',#337,.T.);
#236=FACE_OUTER_BOUND('',#338,.T.);
#237=FACE_OUTER_BOUND('',#339,.T.);
#238=FACE_OUTER_BOUND('',#340,.T.);
#239=FACE_OUTER_BOUND('',#341,.T.);
#240=FACE_OUTER_BOUND('',#342,.T.);
#241=FACE_OUTER_BOUND('',#343,.T.);
#242=FACE_OUTER_BOUND('',#344,.T.);
#243=FACE_OUTER_BOUND('',#345,.T.);
#244=FACE_OUTER_BOUND('',#346,.T.);
#245=FACE_OUTER_BOUND('',#347,.T.);
#246=FACE_OUTER_BOUND('',#348,.T.);
#247=FACE_OUTER_BOUND('',#349,.T.);
#248=FACE_OUTER_BOUND('',#350,.T.);
#249=FACE_OUTER_BOUND('',#351,.T.);
#250=FACE_OUTER_BOUND('',#352,.T.);
#251=FACE_OUTER_BOUND('',#353,.T.);
#252=FACE_OUTER_BOUND('',#354,.T.);
#253=FACE_OUTER_BOUND('',#355,.T.);
#254=FACE_OUTER_BOUND('',#356,.T.);
#255=FACE_OUTER_BOUND('',#357,.T.);
#256=FACE_OUTER_BOUND('',#358,.T.);
#257=FACE_OUTER_BOUND('',#359,.T.);
#258=FACE_OUTER_BOUND('',#361,.T.);
#259=FACE_OUTER_BOUND('',#362,.T.);
#260=FACE_OUTER_BOUND('',#363,.T.);
#261=FACE_OUTER_BOUND('',#364,.T.);
#262=FACE_OUTER_BOUND('',#366,.T.);
#263=FACE_OUTER_BOUND('',#367,.T.);
#264=FACE_OUTER_BOUND('',#369,.T.);
#265=FACE_OUTER_BOUND('',#370,.T.);
#266=FACE_OUTER_BOUND('',#371,.T.);
#267=FACE_OUTER_BOUND('',#373,.T.);
#268=FACE_OUTER_BOUND('',#375,.T.);
#269=FACE_OUTER_BOUND('',#376,.T.);
#270=FACE_OUTER_BOUND('',#377,.T.);
#271=FACE_OUTER_BOUND('',#378,.T.);
#272=FACE_OUTER_BOUND('',#379,.T.);
#273=FACE_OUTER_BOUND('',#380,.T.);
#274=FACE_OUTER_BOUND('',#381,.T.);
#275=FACE_OUTER_BOUND('',#382,.T.);
#276=FACE_OUTER_BOUND('',#385,.T.);
#277=FACE_OUTER_BOUND('',#386,.T.);
#278=FACE_OUTER_BOUND('',#387,.T.);
#279=FACE_OUTER_BOUND('',#390,.T.);
#280=FACE_OUTER_BOUND('',#391,.T.);
#281=FACE_OUTER_BOUND('',#392,.T.);
#282=FACE_OUTER_BOUND('',#394,.T.);
#283=FACE_OUTER_BOUND('',#395,.T.);
#284=FACE_OUTER_BOUND('',#397,.T.);
#285=FACE_OUTER_BOUND('',#398,.T.);
#286=FACE_OUTER_BOUND('',#399,.T.);
#287=FACE_OUTER_BOUND('',#400,.T.);
#288=FACE_OUTER_BOUND('',#401,.T.);
#289=FACE_OUTER_BOUND('',#403,.T.);
#290=FACE_OUTER_BOUND('',#405,.T.);
#291=FACE_OUTER_BOUND('',#406,.T.);
#292=FACE_OUTER_BOUND('',#407,.T.);
#293=FACE_OUTER_BOUND('',#408,.T.);
#294=FACE_OUTER_BOUND('',#409,.T.);
#295=FACE_OUTER_BOUND('',#410,.T.);
#296=FACE_OUTER_BOUND('',#411,.T.);
#297=FACE_OUTER_BOUND('',#412,.T.);
#298=FACE_OUTER_BOUND('',#415,.T.);
#299=FACE_OUTER_BOUND('',#416,.T.);
#300=FACE_OUTER_BOUND('',#417,.T.);
#301=FACE_OUTER_BOUND('',#420,.T.);
#302=FACE_OUTER_BOUND('',#421,.T.);
#303=FACE_OUTER_BOUND('',#423,.T.);
#304=FACE_OUTER_BOUND('',#424,.T.);
#305=FACE_OUTER_BOUND('',#425,.T.);
#306=FACE_OUTER_BOUND('',#426,.T.);
#307=FACE_OUTER_BOUND('',#428,.T.);
#308=FACE_OUTER_BOUND('',#429,.T.);
#309=FACE_OUTER_BOUND('',#431,.T.);
#310=FACE_OUTER_BOUND('',#432,.T.);
#311=FACE_OUTER_BOUND('',#433,.T.);
#312=FACE_OUTER_BOUND('',#434,.T.);
#313=FACE_OUTER_BOUND('',#435,.T.);
#314=FACE_OUTER_BOUND('',#442,.T.);
#315=EDGE_LOOP('',(#1149,#1150,#1151,#1152));
#316=EDGE_LOOP('',(#1153,#1154,#1155,#1156));
#317=EDGE_LOOP('',(#1157,#1158,#1159,#1160));
#318=EDGE_LOOP('',(#1161));
#319=EDGE_LOOP('',(#1162));
#320=EDGE_LOOP('',(#1163,#1164,#1165,#1166));
#321=EDGE_LOOP('',(#1167));
#322=EDGE_LOOP('',(#1168));
#323=EDGE_LOOP('',(#1169,#1170,#1171,#1172));
#324=EDGE_LOOP('',(#1173));
#325=EDGE_LOOP('',(#1174));
#326=EDGE_LOOP('',(#1175,#1176,#1177,#1178));
#327=EDGE_LOOP('',(#1179));
#328=EDGE_LOOP('',(#1180));
#329=EDGE_LOOP('',(#1181,#1182,#1183,#1184));
#330=EDGE_LOOP('',(#1185,#1186,#1187,#1188));
#331=EDGE_LOOP('',(#1189,#1190,#1191,#1192));
#332=EDGE_LOOP('',(#1193,#1194,#1195,#1196));
#333=EDGE_LOOP('',(#1197,#1198,#1199,#1200));
#334=EDGE_LOOP('',(#1201,#1202,#1203,#1204));
#335=EDGE_LOOP('',(#1205,#1206,#1207,#1208));
#336=EDGE_LOOP('',(#1209,#1210,#1211,#1212));
#337=EDGE_LOOP('',(#1213,#1214,#1215,#1216));
#338=EDGE_LOOP('',(#1217,#1218,#1219,#1220));
#339=EDGE_LOOP('',(#1221,#1222,#1223,#1224));
#340=EDGE_LOOP('',(#1225,#1226,#1227,#1228));
#341=EDGE_LOOP('',(#1229,#1230,#1231,#1232));
#342=EDGE_LOOP('',(#1233,#1234,#1235,#1236));
#343=EDGE_LOOP('',(#1237,#1238,#1239,#1240));
#344=EDGE_LOOP('',(#1241,#1242,#1243,#1244));
#345=EDGE_LOOP('',(#1245,#1246,#1247,#1248,#1249,#1250,#1251));
#346=EDGE_LOOP('',(#1252,#1253,#1254,#1255,#1256));
#347=EDGE_LOOP('',(#1257,#1258,#1259,#1260,#1261,#1262));
#348=EDGE_LOOP('',(#1263,#1264,#1265,#1266,#1267,#1268,#1269));
#349=EDGE_LOOP('',(#1270,#1271,#1272,#1273));
#350=EDGE_LOOP('',(#1274,#1275,#1276,#1277,#1278));
#351=EDGE_LOOP('',(#1279,#1280,#1281,#1282,#1283,#1284,#1285));
#352=EDGE_LOOP('',(#1286,#1287,#1288,#1289,#1290,#1291));
#353=EDGE_LOOP('',(#1292,#1293,#1294,#1295,#1296,#1297));
#354=EDGE_LOOP('',(#1298,#1299,#1300,#1301,#1302,#1303,#1304));
#355=EDGE_LOOP('',(#1305,#1306,#1307,#1308));
#356=EDGE_LOOP('',(#1309,#1310,#1311,#1312));
#357=EDGE_LOOP('',(#1313,#1314,#1315,#1316));
#358=EDGE_LOOP('',(#1317,#1318,#1319,#1320));
#359=EDGE_LOOP('',(#1321));
#360=EDGE_LOOP('',(#1322));
#361=EDGE_LOOP('',(#1323,#1324,#1325,#1326));
#362=EDGE_LOOP('',(#1327,#1328,#1329,#1330));
#363=EDGE_LOOP('',(#1331,#1332,#1333,#1334));
#364=EDGE_LOOP('',(#1335));
#365=EDGE_LOOP('',(#1336));
#366=EDGE_LOOP('',(#1337,#1338,#1339,#1340));
#367=EDGE_LOOP('',(#1341,#1342,#1343,#1344,#1345,#1346,#1347,#1348,#1349));
#368=EDGE_LOOP('',(#1350,#1351,#1352,#1353,#1354,#1355));
#369=EDGE_LOOP('',(#1356,#1357,#1358,#1359));
#370=EDGE_LOOP('',(#1360,#1361,#1362,#1363));
#371=EDGE_LOOP('',(#1364));
#372=EDGE_LOOP('',(#1365));
#373=EDGE_LOOP('',(#1366));
#374=EDGE_LOOP('',(#1367));
#375=EDGE_LOOP('',(#1368,#1369,#1370,#1371));
#376=EDGE_LOOP('',(#1372,#1373,#1374,#1375));
#377=EDGE_LOOP('',(#1376,#1377,#1378,#1379));
#378=EDGE_LOOP('',(#1380,#1381,#1382,#1383));
#379=EDGE_LOOP('',(#1384,#1385,#1386,#1387));
#380=EDGE_LOOP('',(#1388,#1389,#1390,#1391));
#381=EDGE_LOOP('',(#1392,#1393,#1394,#1395));
#382=EDGE_LOOP('',(#1396,#1397,#1398,#1399));
#383=EDGE_LOOP('',(#1400));
#384=EDGE_LOOP('',(#1401));
#385=EDGE_LOOP('',(#1402,#1403,#1404,#1405));
#386=EDGE_LOOP('',(#1406,#1407,#1408,#1409));
#387=EDGE_LOOP('',(#1410,#1411,#1412,#1413));
#388=EDGE_LOOP('',(#1414));
#389=EDGE_LOOP('',(#1415));
#390=EDGE_LOOP('',(#1416,#1417,#1418,#1419));
#391=EDGE_LOOP('',(#1420,#1421,#1422,#1423));
#392=EDGE_LOOP('',(#1424,#1425,#1426,#1427,#1428,#1429,#1430,#1431,#1432));
#393=EDGE_LOOP('',(#1433,#1434,#1435,#1436,#1437,#1438));
#394=EDGE_LOOP('',(#1439,#1440,#1441,#1442));
#395=EDGE_LOOP('',(#1443,#1444,#1445,#1446,#1447,#1448,#1449,#1450,#1451));
#396=EDGE_LOOP('',(#1452,#1453,#1454,#1455,#1456,#1457));
#397=EDGE_LOOP('',(#1458,#1459,#1460,#1461));
#398=EDGE_LOOP('',(#1462,#1463,#1464,#1465));
#399=EDGE_LOOP('',(#1466,#1467,#1468,#1469));
#400=EDGE_LOOP('',(#1470,#1471,#1472,#1473));
#401=EDGE_LOOP('',(#1474));
#402=EDGE_LOOP('',(#1475));
#403=EDGE_LOOP('',(#1476));
#404=EDGE_LOOP('',(#1477));
#405=EDGE_LOOP('',(#1478,#1479,#1480,#1481));
#406=EDGE_LOOP('',(#1482,#1483,#1484,#1485));
#407=EDGE_LOOP('',(#1486,#1487,#1488,#1489));
#408=EDGE_LOOP('',(#1490,#1491,#1492,#1493));
#409=EDGE_LOOP('',(#1494,#1495,#1496,#1497));
#410=EDGE_LOOP('',(#1498,#1499,#1500,#1501));
#411=EDGE_LOOP('',(#1502,#1503,#1504,#1505));
#412=EDGE_LOOP('',(#1506,#1507,#1508,#1509));
#413=EDGE_LOOP('',(#1510));
#414=EDGE_LOOP('',(#1511));
#415=EDGE_LOOP('',(#1512,#1513,#1514,#1515));
#416=EDGE_LOOP('',(#1516,#1517,#1518,#1519));
#417=EDGE_LOOP('',(#1520,#1521,#1522,#1523));
#418=EDGE_LOOP('',(#1524));
#419=EDGE_LOOP('',(#1525));
#420=EDGE_LOOP('',(#1526,#1527,#1528,#1529));
#421=EDGE_LOOP('',(#1530,#1531,#1532,#1533,#1534,#1535,#1536,#1537,#1538));
#422=EDGE_LOOP('',(#1539,#1540,#1541,#1542,#1543,#1544));
#423=EDGE_LOOP('',(#1545,#1546,#1547,#1548));
#424=EDGE_LOOP('',(#1549,#1550,#1551,#1552));
#425=EDGE_LOOP('',(#1553,#1554,#1555,#1556));
#426=EDGE_LOOP('',(#1557));
#427=EDGE_LOOP('',(#1558));
#428=EDGE_LOOP('',(#1559,#1560,#1561,#1562));
#429=EDGE_LOOP('',(#1563));
#430=EDGE_LOOP('',(#1564));
#431=EDGE_LOOP('',(#1565,#1566,#1567,#1568));
#432=EDGE_LOOP('',(#1569,#1570,#1571,#1572));
#433=EDGE_LOOP('',(#1573,#1574,#1575,#1576));
#434=EDGE_LOOP('',(#1577,#1578,#1579,#1580));
#435=EDGE_LOOP('',(#1581,#1582,#1583,#1584,#1585,#1586,#1587,#1588,#1589,
#1590,#1591,#1592,#1593,#1594,#1595,#1596,#1597,#1598,#1599,#1600,#1601,
#1602,#1603,#1604,#1605,#1606,#1607,#1608,#1609,#1610,#1611,#1612));
#436=EDGE_LOOP('',(#1613));
#437=EDGE_LOOP('',(#1614));
#438=EDGE_LOOP('',(#1615));
#439=EDGE_LOOP('',(#1616));
#440=EDGE_LOOP('',(#1617));
#441=EDGE_LOOP('',(#1618));
#442=EDGE_LOOP('',(#1619,#1620,#1621,#1622,#1623,#1624,#1625,#1626,#1627,
#1628,#1629,#1630,#1631,#1632,#1633,#1634,#1635,#1636,#1637,#1638,#1639,
#1640,#1641,#1642,#1643,#1644,#1645,#1646));
#443=EDGE_LOOP('',(#1647));
#444=EDGE_LOOP('',(#1648));
#445=EDGE_LOOP('',(#1649));
#446=EDGE_LOOP('',(#1650));
#447=EDGE_LOOP('',(#1651));
#448=EDGE_LOOP('',(#1652));
#449=LINE('',#2561,#589);
#450=LINE('',#2563,#590);
#451=LINE('',#2565,#591);
#452=LINE('',#2566,#592);
#453=LINE('',#2570,#593);
#454=LINE('',#2572,#594);
#455=LINE('',#2574,#595);
#456=LINE('',#2575,#596);
#457=LINE('',#2580,#597);
#458=LINE('',#2589,#598);
#459=LINE('',#2598,#599);
#460=LINE('',#2607,#600);
#461=LINE('',#2613,#601);
#462=LINE('',#2615,#602);
#463=LINE('',#2619,#603);
#464=LINE('',#2621,#604);
#465=LINE('',#2623,#605);
#466=LINE('',#2624,#606);
#467=LINE('',#2630,#607);
#468=LINE('',#2636,#608);
#469=LINE('',#2638,#609);
#470=LINE('',#2644,#610);
#471=LINE('',#2651,#611);
#472=LINE('',#2654,#612);
#473=LINE('',#2665,#613);
#474=LINE('',#2672,#614);
#475=LINE('',#2678,#615);
#476=LINE('',#2680,#616);
#477=LINE('',#2687,#617);
#478=LINE('',#2690,#618);
#479=LINE('',#2694,#619);
#480=LINE('',#2696,#620);
#481=LINE('',#2698,#621);
#482=LINE('',#2699,#622);
#483=LINE('',#2703,#623);
#484=LINE('',#2705,#624);
#485=LINE('',#2707,#625);
#486=LINE('',#2708,#626);
#487=LINE('',#2738,#627);
#488=LINE('',#2742,#628);
#489=LINE('',#2743,#629);
#490=LINE('',#2745,#630);
#491=LINE('',#2753,#631);
#492=LINE('',#2781,#632);
#493=LINE('',#2784,#633);
#494=LINE('',#2785,#634);
#495=LINE('',#2795,#635);
#496=LINE('',#2796,#636);
#497=LINE('',#2798,#637);
#498=LINE('',#2805,#638);
#499=LINE('',#2813,#639);
#500=LINE('',#2816,#640);
#501=LINE('',#2819,#641);
#502=LINE('',#2821,#642);
#503=LINE('',#2822,#643);
#504=LINE('',#2828,#644);
#505=LINE('',#2833,#645);
#506=LINE('',#2842,#646);
#507=LINE('',#2845,#647);
#508=LINE('',#2846,#648);
#509=LINE('',#2851,#649);
#510=LINE('',#2857,#650);
#511=LINE('',#2860,#651);
#512=LINE('',#2862,#652);
#513=LINE('',#2866,#653);
#514=LINE('',#2868,#654);
#515=LINE('',#2872,#655);
#516=LINE('',#2878,#656);
#517=LINE('',#2882,#657);
#518=LINE('',#2885,#658);
#519=LINE('',#2890,#659);
#520=LINE('',#2896,#660);
#521=LINE('',#2907,#661);
#522=LINE('',#2911,#662);
#523=LINE('',#2914,#663);
#524=LINE('',#2917,#664);
#525=LINE('',#2920,#665);
#526=LINE('',#2923,#666);
#527=LINE('',#2926,#667);
#528=LINE('',#2927,#668);
#529=LINE('',#2930,#669);
#530=LINE('',#2933,#670);
#531=LINE('',#2935,#671);
#532=LINE('',#2938,#672);
#533=LINE('',#2939,#673);
#534=LINE('',#2943,#674);
#535=LINE('',#2948,#675);
#536=LINE('',#2949,#676);
#537=LINE('',#2952,#677);
#538=LINE('',#2953,#678);
#539=LINE('',#2955,#679);
#540=LINE('',#2957,#680);
#541=LINE('',#2959,#681);
#542=LINE('',#2961,#682);
#543=LINE('',#2964,#683);
#544=LINE('',#2968,#684);
#545=LINE('',#2972,#685);
#546=LINE('',#2976,#686);
#547=LINE('',#2978,#687);
#548=LINE('',#2982,#688);
#549=LINE('',#2983,#689);
#550=LINE('',#2986,#690);
#551=LINE('',#2990,#691);
#552=LINE('',#2994,#692);
#553=LINE('',#3000,#693);
#554=LINE('',#3001,#694);
#555=LINE('',#3004,#695);
#556=LINE('',#3006,#696);
#557=LINE('',#3007,#697);
#558=LINE('',#3012,#698);
#559=LINE('',#3018,#699);
#560=LINE('',#3029,#700);
#561=LINE('',#3033,#701);
#562=LINE('',#3036,#702);
#563=LINE('',#3039,#703);
#564=LINE('',#3042,#704);
#565=LINE('',#3045,#705);
#566=LINE('',#3047,#706);
#567=LINE('',#3050,#707);
#568=LINE('',#3053,#708);
#569=LINE('',#3056,#709);
#570=LINE('',#3057,#710);
#571=LINE('',#3064,#711);
#572=LINE('',#3065,#712);
#573=LINE('',#3068,#713);
#574=LINE('',#3069,#714);
#575=LINE('',#3071,#715);
#576=LINE('',#3073,#716);
#577=LINE('',#3074,#717);
#578=LINE('',#3080,#718);
#579=LINE('',#3083,#719);
#580=LINE('',#3087,#720);
#581=LINE('',#3088,#721);
#582=LINE('',#3089,#722);
#583=LINE('',#3094,#723);
#584=LINE('',#3101,#724);
#585=LINE('',#3108,#725);
#586=LINE('',#3113,#726);
#587=LINE('',#3114,#727);
#588=LINE('',#3115,#728);
#589=VECTOR('',#2015,10.);
#590=VECTOR('',#2016,10.);
#591=VECTOR('',#2017,10.);
#592=VECTOR('',#2018,10.);
#593=VECTOR('',#2021,10.);
#594=VECTOR('',#2022,10.);
#595=VECTOR('',#2023,10.);
#596=VECTOR('',#2024,10.);
#597=VECTOR('',#2029,2.75);
#598=VECTOR('',#2040,2.75);
#599=VECTOR('',#2051,2.75);
#600=VECTOR('',#2062,2.75);
#601=VECTOR('',#2071,1.25);
#602=VECTOR('',#2074,1.25);
#603=VECTOR('',#2077,10.);
#604=VECTOR('',#2078,10.);
#605=VECTOR('',#2079,10.);
#606=VECTOR('',#2080,10.);
#607=VECTOR('',#2085,10.);
#608=VECTOR('',#2092,10.);
#609=VECTOR('',#2093,10.);
#610=VECTOR('',#2100,2.);
#611=VECTOR('',#2107,10.);
#612=VECTOR('',#2110,10.);
#613=VECTOR('',#2127,2.);
#614=VECTOR('',#2134,10.);
#615=VECTOR('',#2141,10.);
#616=VECTOR('',#2142,10.);
#617=VECTOR('',#2149,10.);
#618=VECTOR('',#2152,10.);
#619=VECTOR('',#2155,10.);
#620=VECTOR('',#2156,10.);
#621=VECTOR('',#2157,10.);
#622=VECTOR('',#2158,10.);
#623=VECTOR('',#2161,10.);
#624=VECTOR('',#2162,10.);
#625=VECTOR('',#2163,10.);
#626=VECTOR('',#2164,10.);
#627=VECTOR('',#2171,10.);
#628=VECTOR('',#2174,10.);
#629=VECTOR('',#2175,10.);
#630=VECTOR('',#2176,10.);
#631=VECTOR('',#2181,10.);
#632=VECTOR('',#2192,10.);
#633=VECTOR('',#2195,10.);
#634=VECTOR('',#2196,10.);
#635=VECTOR('',#2203,10.);
#636=VECTOR('',#2204,10.);
#637=VECTOR('',#2205,10.);
#638=VECTOR('',#2210,10.);
#639=VECTOR('',#2219,10.);
#640=VECTOR('',#2222,10.);
#641=VECTOR('',#2225,10.);
#642=VECTOR('',#2226,10.);
#643=VECTOR('',#2227,10.);
#644=VECTOR('',#2234,10.);
#645=VECTOR('',#2239,2.75);
#646=VECTOR('',#2250,10.);
#647=VECTOR('',#2255,10.);
#648=VECTOR('',#2256,10.);
#649=VECTOR('',#2261,2.75);
#650=VECTOR('',#2270,1.25);
#651=VECTOR('',#2273,10.);
#652=VECTOR('',#2274,10.);
#653=VECTOR('',#2277,10.);
#654=VECTOR('',#2278,10.);
#655=VECTOR('',#2281,10.);
#656=VECTOR('',#2286,10.);
#657=VECTOR('',#2289,10.);
#658=VECTOR('',#2292,10.);
#659=VECTOR('',#2297,3.3);
#660=VECTOR('',#2304,3.3);
#661=VECTOR('',#2319,1.5);
#662=VECTOR('',#2324,1.5);
#663=VECTOR('',#2327,10.);
#664=VECTOR('',#2330,10.);
#665=VECTOR('',#2333,10.);
#666=VECTOR('',#2336,10.);
#667=VECTOR('',#2339,40.);
#668=VECTOR('',#2340,10.);
#669=VECTOR('',#2343,10.);
#670=VECTOR('',#2346,10.);
#671=VECTOR('',#2349,10.);
#672=VECTOR('',#2352,10.);
#673=VECTOR('',#2353,10.);
#674=VECTOR('',#2358,10.);
#675=VECTOR('',#2363,10.);
#676=VECTOR('',#2364,10.);
#677=VECTOR('',#2367,10.);
#678=VECTOR('',#2368,10.);
#679=VECTOR('',#2371,10.);
#680=VECTOR('',#2374,10.);
#681=VECTOR('',#2377,10.);
#682=VECTOR('',#2378,10.);
#683=VECTOR('',#2383,10.);
#684=VECTOR('',#2386,10.);
#685=VECTOR('',#2389,10.);
#686=VECTOR('',#2392,10.);
#687=VECTOR('',#2393,10.);
#688=VECTOR('',#2396,10.);
#689=VECTOR('',#2397,10.);
#690=VECTOR('',#2398,10.);
#691=VECTOR('',#2401,10.);
#692=VECTOR('',#2404,10.);
#693=VECTOR('',#2411,40.);
#694=VECTOR('',#2412,10.);
#695=VECTOR('',#2415,10.);
#696=VECTOR('',#2416,10.);
#697=VECTOR('',#2417,10.);
#698=VECTOR('',#2422,3.3);
#699=VECTOR('',#2429,3.3);
#700=VECTOR('',#2444,1.5);
#701=VECTOR('',#2449,1.5);
#702=VECTOR('',#2452,10.);
#703=VECTOR('',#2455,10.);
#704=VECTOR('',#2458,10.);
#705=VECTOR('',#2461,10.);
#706=VECTOR('',#2464,10.);
#707=VECTOR('',#2467,10.);
#708=VECTOR('',#2472,10.);
#709=VECTOR('',#2475,10.);
#710=VECTOR('',#2476,10.);
#711=VECTOR('',#2485,10.);
#712=VECTOR('',#2486,10.);
#713=VECTOR('',#2489,10.);
#714=VECTOR('',#2490,10.);
#715=VECTOR('',#2493,10.);
#716=VECTOR('',#2496,10.);
#717=VECTOR('',#2497,10.);
#718=VECTOR('',#2502,10.);
#719=VECTOR('',#2505,10.);
#720=VECTOR('',#2508,10.);
#721=VECTOR('',#2509,10.);
#722=VECTOR('',#2510,10.);
#723=VECTOR('',#2515,2.75);
#724=VECTOR('',#2524,1.25);
#725=VECTOR('',#2533,2.75);
#726=VECTOR('',#2538,10.);
#727=VECTOR('',#2539,10.);
#728=VECTOR('',#2540,10.);
#729=VERTEX_POINT('',#2559);
#730=VERTEX_POINT('',#2560);
#731=VERTEX_POINT('',#2562);
#732=VERTEX_POINT('',#2564);
#733=VERTEX_POINT('',#2568);
#734=VERTEX_POINT('',#2569);
#735=VERTEX_POINT('',#2571);
#736=VERTEX_POINT('',#2573);
#737=VERTEX_POINT('',#2577);
#738=VERTEX_POINT('',#2579);
#739=VERTEX_POINT('',#2583);
#740=VERTEX_POINT('',#2586);
#741=VERTEX_POINT('',#2588);
#742=VERTEX_POINT('',#2592);
#743=VERTEX_POINT('',#2595);
#744=VERTEX_POINT('',#2597);
#745=VERTEX_POINT('',#2601);
#746=VERTEX_POINT('',#2604);
#747=VERTEX_POINT('',#2606);
#748=VERTEX_POINT('',#2610);
#749=VERTEX_POINT('',#2617);
#750=VERTEX_POINT('',#2618);
#751=VERTEX_POINT('',#2620);
#752=VERTEX_POINT('',#2622);
#753=VERTEX_POINT('',#2626);
#754=VERTEX_POINT('',#2627);
#755=VERTEX_POINT('',#2629);
#756=VERTEX_POINT('',#2631);
#757=VERTEX_POINT('',#2635);
#758=VERTEX_POINT('',#2637);
#759=VERTEX_POINT('',#2641);
#760=VERTEX_POINT('',#2643);
#761=VERTEX_POINT('',#2647);
#762=VERTEX_POINT('',#2648);
#763=VERTEX_POINT('',#2650);
#764=VERTEX_POINT('',#2652);
#765=VERTEX_POINT('',#2662);
#766=VERTEX_POINT('',#2664);
#767=VERTEX_POINT('',#2668);
#768=VERTEX_POINT('',#2669);
#769=VERTEX_POINT('',#2671);
#770=VERTEX_POINT('',#2673);
#771=VERTEX_POINT('',#2677);
#772=VERTEX_POINT('',#2679);
#773=VERTEX_POINT('',#2683);
#774=VERTEX_POINT('',#2684);
#775=VERTEX_POINT('',#2686);
#776=VERTEX_POINT('',#2688);
#777=VERTEX_POINT('',#2692);
#778=VERTEX_POINT('',#2693);
#779=VERTEX_POINT('',#2695);
#780=VERTEX_POINT('',#2697);
#781=VERTEX_POINT('',#2701);
#782=VERTEX_POINT('',#2702);
#783=VERTEX_POINT('',#2704);
#784=VERTEX_POINT('',#2706);
#785=VERTEX_POINT('',#2731);
#786=VERTEX_POINT('',#2733);
#787=VERTEX_POINT('',#2740);
#788=VERTEX_POINT('',#2741);
#789=VERTEX_POINT('',#2744);
#790=VERTEX_POINT('',#2752);
#791=VERTEX_POINT('',#2779);
#792=VERTEX_POINT('',#2780);
#793=VERTEX_POINT('',#2782);
#794=VERTEX_POINT('',#2793);
#795=VERTEX_POINT('',#2794);
#796=VERTEX_POINT('',#2797);
#797=VERTEX_POINT('',#2809);
#798=VERTEX_POINT('',#2810);
#799=VERTEX_POINT('',#2812);
#800=VERTEX_POINT('',#2814);
#801=VERTEX_POINT('',#2818);
#802=VERTEX_POINT('',#2820);
#803=VERTEX_POINT('',#2824);
#804=VERTEX_POINT('',#2826);
#805=VERTEX_POINT('',#2830);
#806=VERTEX_POINT('',#2832);
#807=VERTEX_POINT('',#2836);
#808=VERTEX_POINT('',#2839);
#809=VERTEX_POINT('',#2841);
#810=VERTEX_POINT('',#2848);
#811=VERTEX_POINT('',#2850);
#812=VERTEX_POINT('',#2854);
#813=VERTEX_POINT('',#2859);
#814=VERTEX_POINT('',#2861);
#815=VERTEX_POINT('',#2863);
#816=VERTEX_POINT('',#2865);
#817=VERTEX_POINT('',#2867);
#818=VERTEX_POINT('',#2869);
#819=VERTEX_POINT('',#2871);
#820=VERTEX_POINT('',#2874);
#821=VERTEX_POINT('',#2875);
#822=VERTEX_POINT('',#2877);
#823=VERTEX_POINT('',#2879);
#824=VERTEX_POINT('',#2881);
#825=VERTEX_POINT('',#2883);
#826=VERTEX_POINT('',#2887);
#827=VERTEX_POINT('',#2889);
#828=VERTEX_POINT('',#2893);
#829=VERTEX_POINT('',#2895);
#830=VERTEX_POINT('',#2899);
#831=VERTEX_POINT('',#2902);
#832=VERTEX_POINT('',#2905);
#833=VERTEX_POINT('',#2909);
#834=VERTEX_POINT('',#2913);
#835=VERTEX_POINT('',#2915);
#836=VERTEX_POINT('',#2919);
#837=VERTEX_POINT('',#2921);
#838=VERTEX_POINT('',#2925);
#839=VERTEX_POINT('',#2929);
#840=VERTEX_POINT('',#2931);
#841=VERTEX_POINT('',#2937);
#842=VERTEX_POINT('',#2941);
#843=VERTEX_POINT('',#2945);
#844=VERTEX_POINT('',#2946);
#845=VERTEX_POINT('',#2951);
#846=VERTEX_POINT('',#2960);
#847=VERTEX_POINT('',#2966);
#848=VERTEX_POINT('',#2967);
#849=VERTEX_POINT('',#2969);
#850=VERTEX_POINT('',#2971);
#851=VERTEX_POINT('',#2973);
#852=VERTEX_POINT('',#2975);
#853=VERTEX_POINT('',#2977);
#854=VERTEX_POINT('',#2979);
#855=VERTEX_POINT('',#2981);
#856=VERTEX_POINT('',#2984);
#857=VERTEX_POINT('',#2985);
#858=VERTEX_POINT('',#2987);
#859=VERTEX_POINT('',#2989);
#860=VERTEX_POINT('',#2991);
#861=VERTEX_POINT('',#2993);
#862=VERTEX_POINT('',#2997);
#863=VERTEX_POINT('',#2998);
#864=VERTEX_POINT('',#3003);
#865=VERTEX_POINT('',#3005);
#866=VERTEX_POINT('',#3009);
#867=VERTEX_POINT('',#3011);
#868=VERTEX_POINT('',#3015);
#869=VERTEX_POINT('',#3017);
#870=VERTEX_POINT('',#3021);
#871=VERTEX_POINT('',#3024);
#872=VERTEX_POINT('',#3027);
#873=VERTEX_POINT('',#3031);
#874=VERTEX_POINT('',#3035);
#875=VERTEX_POINT('',#3037);
#876=VERTEX_POINT('',#3041);
#877=VERTEX_POINT('',#3043);
#878=VERTEX_POINT('',#3049);
#879=VERTEX_POINT('',#3055);
#880=VERTEX_POINT('',#3061);
#881=VERTEX_POINT('',#3062);
#882=VERTEX_POINT('',#3067);
#883=VERTEX_POINT('',#3076);
#884=VERTEX_POINT('',#3077);
#885=VERTEX_POINT('',#3079);
#886=VERTEX_POINT('',#3081);
#887=VERTEX_POINT('',#3085);
#888=VERTEX_POINT('',#3086);
#889=VERTEX_POINT('',#3091);
#890=VERTEX_POINT('',#3093);
#891=VERTEX_POINT('',#3097);
#892=VERTEX_POINT('',#3100);
#893=VERTEX_POINT('',#3104);
#894=VERTEX_POINT('',#3107);
#895=VERTEX_POINT('',#3111);
#896=VERTEX_POINT('',#3112);
#897=EDGE_CURVE('',#729,#730,#449,.T.);
#898=EDGE_CURVE('',#729,#731,#450,.T.);
#899=EDGE_CURVE('',#731,#732,#451,.T.);
#900=EDGE_CURVE('',#730,#732,#452,.T.);
#901=EDGE_CURVE('',#733,#734,#453,.T.);
#902=EDGE_CURVE('',#733,#735,#454,.T.);
#903=EDGE_CURVE('',#736,#735,#455,.T.);
#904=EDGE_CURVE('',#734,#736,#456,.T.);
#905=EDGE_CURVE('',#737,#737,#59,.T.);
#906=EDGE_CURVE('',#737,#738,#457,.T.);
#907=EDGE_CURVE('',#738,#738,#60,.T.);
#908=EDGE_CURVE('',#739,#739,#61,.T.);
#909=EDGE_CURVE('',#740,#740,#62,.T.);
#910=EDGE_CURVE('',#740,#741,#458,.T.);
#911=EDGE_CURVE('',#741,#741,#63,.T.);
#912=EDGE_CURVE('',#742,#742,#64,.T.);
#913=EDGE_CURVE('',#743,#743,#65,.T.);
#914=EDGE_CURVE('',#743,#744,#459,.T.);
#915=EDGE_CURVE('',#744,#744,#66,.T.);
#916=EDGE_CURVE('',#745,#745,#67,.T.);
#917=EDGE_CURVE('',#746,#746,#68,.T.);
#918=EDGE_CURVE('',#746,#747,#460,.T.);
#919=EDGE_CURVE('',#747,#747,#69,.T.);
#920=EDGE_CURVE('',#748,#748,#70,.T.);
#921=EDGE_CURVE('',#742,#748,#461,.T.);
#922=EDGE_CURVE('',#739,#745,#462,.T.);
#923=EDGE_CURVE('',#749,#750,#463,.T.);
#924=EDGE_CURVE('',#749,#751,#464,.T.);
#925=EDGE_CURVE('',#752,#751,#465,.T.);
#926=EDGE_CURVE('',#750,#752,#466,.T.);
#927=EDGE_CURVE('',#753,#754,#71,.T.);
#928=EDGE_CURVE('',#755,#753,#467,.T.);
#929=EDGE_CURVE('',#756,#755,#72,.T.);
#930=EDGE_CURVE('',#756,#754,#73,.T.);
#931=EDGE_CURVE('',#754,#757,#468,.T.);
#932=EDGE_CURVE('',#758,#756,#469,.T.);
#933=EDGE_CURVE('',#757,#758,#74,.T.);
#934=EDGE_CURVE('',#759,#759,#75,.T.);
#935=EDGE_CURVE('',#759,#760,#470,.T.);
#936=EDGE_CURVE('',#760,#760,#76,.T.);
#937=EDGE_CURVE('',#761,#762,#77,.T.);
#938=EDGE_CURVE('',#761,#763,#471,.T.);
#939=EDGE_CURVE('',#764,#763,#78,.T.);
#940=EDGE_CURVE('',#764,#762,#472,.T.);
#941=EDGE_CURVE('',#751,#735,#79,.T.);
#942=EDGE_CURVE('',#736,#749,#80,.T.);
#943=EDGE_CURVE('',#732,#752,#81,.T.);
#944=EDGE_CURVE('',#750,#731,#82,.T.);
#945=EDGE_CURVE('',#765,#765,#83,.T.);
#946=EDGE_CURVE('',#765,#766,#473,.T.);
#947=EDGE_CURVE('',#766,#766,#84,.T.);
#948=EDGE_CURVE('',#767,#768,#85,.T.);
#949=EDGE_CURVE('',#769,#767,#474,.T.);
#950=EDGE_CURVE('',#770,#769,#86,.T.);
#951=EDGE_CURVE('',#770,#768,#87,.T.);
#952=EDGE_CURVE('',#768,#771,#475,.T.);
#953=EDGE_CURVE('',#772,#770,#476,.T.);
#954=EDGE_CURVE('',#771,#772,#88,.T.);
#955=EDGE_CURVE('',#773,#774,#89,.T.);
#956=EDGE_CURVE('',#775,#773,#477,.T.);
#957=EDGE_CURVE('',#776,#775,#90,.T.);
#958=EDGE_CURVE('',#776,#774,#478,.T.);
#959=EDGE_CURVE('',#777,#778,#479,.T.);
#960=EDGE_CURVE('',#777,#779,#480,.T.);
#961=EDGE_CURVE('',#780,#779,#481,.T.);
#962=EDGE_CURVE('',#780,#778,#482,.T.);
#963=EDGE_CURVE('',#781,#782,#483,.T.);
#964=EDGE_CURVE('',#781,#783,#484,.T.);
#965=EDGE_CURVE('',#784,#783,#485,.T.);
#966=EDGE_CURVE('',#784,#782,#486,.T.);
#967=EDGE_CURVE('',#777,#767,#15,.T.);
#968=EDGE_CURVE('',#769,#778,#16,.T.);
#969=EDGE_CURVE('',#785,#772,#91,.T.);
#970=EDGE_CURVE('',#780,#786,#17,.T.);
#971=EDGE_CURVE('',#786,#785,#487,.T.);
#972=EDGE_CURVE('',#787,#788,#488,.T.);
#973=EDGE_CURVE('',#775,#787,#489,.T.);
#974=EDGE_CURVE('',#789,#773,#490,.T.);
#975=EDGE_CURVE('',#788,#789,#92,.T.);
#976=EDGE_CURVE('',#788,#779,#18,.T.);
#977=EDGE_CURVE('',#789,#790,#491,.T.);
#978=EDGE_CURVE('',#790,#786,#93,.T.);
#979=EDGE_CURVE('',#771,#787,#94,.T.);
#980=EDGE_CURVE('',#781,#753,#19,.T.);
#981=EDGE_CURVE('',#755,#782,#20,.T.);
#982=EDGE_CURVE('',#791,#792,#492,.T.);
#983=EDGE_CURVE('',#793,#791,#95,.T.);
#984=EDGE_CURVE('',#762,#793,#493,.T.);
#985=EDGE_CURVE('',#792,#764,#494,.T.);
#986=EDGE_CURVE('',#792,#758,#96,.T.);
#987=EDGE_CURVE('',#784,#791,#21,.T.);
#988=EDGE_CURVE('',#794,#795,#495,.T.);
#989=EDGE_CURVE('',#785,#794,#496,.T.);
#990=EDGE_CURVE('',#796,#790,#497,.T.);
#991=EDGE_CURVE('',#795,#796,#97,.T.);
#992=EDGE_CURVE('',#795,#783,#22,.T.);
#993=EDGE_CURVE('',#796,#793,#498,.T.);
#994=EDGE_CURVE('',#757,#794,#98,.T.);
#995=EDGE_CURVE('',#797,#798,#99,.T.);
#996=EDGE_CURVE('',#798,#799,#499,.T.);
#997=EDGE_CURVE('',#799,#800,#100,.T.);
#998=EDGE_CURVE('',#800,#797,#500,.T.);
#999=EDGE_CURVE('',#798,#801,#501,.T.);
#1000=EDGE_CURVE('',#802,#801,#502,.T.);
#1001=EDGE_CURVE('',#799,#802,#503,.T.);
#1002=EDGE_CURVE('',#803,#733,#101,.T.);
#1003=EDGE_CURVE('',#734,#804,#102,.T.);
#1004=EDGE_CURVE('',#804,#803,#504,.T.);
#1005=EDGE_CURVE('',#805,#805,#103,.T.);
#1006=EDGE_CURVE('',#805,#806,#505,.T.);
#1007=EDGE_CURVE('',#806,#806,#104,.T.);
#1008=EDGE_CURVE('',#807,#807,#105,.T.);
#1009=EDGE_CURVE('',#801,#808,#106,.T.);
#1010=EDGE_CURVE('',#809,#808,#506,.T.);
#1011=EDGE_CURVE('',#802,#809,#107,.T.);
#1012=EDGE_CURVE('',#804,#809,#507,.T.);
#1013=EDGE_CURVE('',#808,#803,#508,.T.);
#1014=EDGE_CURVE('',#810,#810,#108,.T.);
#1015=EDGE_CURVE('',#810,#811,#509,.T.);
#1016=EDGE_CURVE('',#811,#811,#109,.T.);
#1017=EDGE_CURVE('',#812,#812,#110,.T.);
#1018=EDGE_CURVE('',#812,#807,#510,.T.);
#1019=EDGE_CURVE('',#813,#797,#511,.T.);
#1020=EDGE_CURVE('',#800,#814,#512,.T.);
#1021=EDGE_CURVE('',#815,#814,#111,.T.);
#1022=EDGE_CURVE('',#816,#815,#513,.T.);
#1023=EDGE_CURVE('',#817,#816,#514,.T.);
#1024=EDGE_CURVE('',#817,#818,#112,.T.);
#1025=EDGE_CURVE('',#818,#819,#515,.T.);
#1026=EDGE_CURVE('',#819,#813,#113,.F.);
#1027=EDGE_CURVE('',#820,#821,#114,.T.);
#1028=EDGE_CURVE('',#821,#822,#516,.T.);
#1029=EDGE_CURVE('',#822,#823,#115,.T.);
#1030=EDGE_CURVE('',#824,#823,#517,.T.);
#1031=EDGE_CURVE('',#825,#824,#116,.T.);
#1032=EDGE_CURVE('',#825,#820,#518,.T.);
#1033=EDGE_CURVE('',#826,#826,#117,.T.);
#1034=EDGE_CURVE('',#826,#827,#519,.T.);
#1035=EDGE_CURVE('',#827,#827,#118,.T.);
#1036=EDGE_CURVE('',#828,#828,#119,.T.);
#1037=EDGE_CURVE('',#828,#829,#520,.T.);
#1038=EDGE_CURVE('',#829,#829,#120,.T.);
#1039=EDGE_CURVE('',#830,#830,#121,.T.);
#1040=EDGE_CURVE('',#831,#831,#122,.T.);
#1041=EDGE_CURVE('',#832,#832,#123,.T.);
#1042=EDGE_CURVE('',#832,#831,#521,.T.);
#1043=EDGE_CURVE('',#833,#833,#124,.T.);
#1044=EDGE_CURVE('',#833,#830,#522,.T.);
#1045=EDGE_CURVE('',#834,#822,#523,.T.);
#1046=EDGE_CURVE('',#835,#834,#125,.T.);
#1047=EDGE_CURVE('',#835,#823,#524,.T.);
#1048=EDGE_CURVE('',#836,#817,#525,.T.);
#1049=EDGE_CURVE('',#836,#837,#126,.T.);
#1050=EDGE_CURVE('',#837,#818,#526,.T.);
#1051=EDGE_CURVE('',#819,#838,#527,.T.);
#1052=EDGE_CURVE('',#838,#837,#528,.T.);
#1053=EDGE_CURVE('',#839,#820,#529,.T.);
#1054=EDGE_CURVE('',#840,#839,#127,.T.);
#1055=EDGE_CURVE('',#840,#821,#530,.T.);
#1056=EDGE_CURVE('',#834,#840,#531,.T.);
#1057=EDGE_CURVE('',#835,#841,#532,.T.);
#1058=EDGE_CURVE('',#824,#841,#533,.T.);
#1059=EDGE_CURVE('',#841,#842,#128,.T.);
#1060=EDGE_CURVE('',#842,#825,#534,.T.);
#1061=EDGE_CURVE('',#843,#844,#129,.T.);
#1062=EDGE_CURVE('',#844,#815,#535,.T.);
#1063=EDGE_CURVE('',#814,#843,#536,.T.);
#1064=EDGE_CURVE('',#844,#845,#537,.T.);
#1065=EDGE_CURVE('',#816,#845,#538,.T.);
#1066=EDGE_CURVE('',#842,#839,#539,.T.);
#1067=EDGE_CURVE('',#845,#836,#540,.T.);
#1068=EDGE_CURVE('',#843,#763,#541,.T.);
#1069=EDGE_CURVE('',#846,#761,#542,.T.);
#1070=EDGE_CURVE('',#838,#846,#130,.T.);
#1071=EDGE_CURVE('',#846,#813,#543,.T.);
#1072=EDGE_CURVE('',#847,#848,#544,.T.);
#1073=EDGE_CURVE('',#849,#848,#131,.T.);
#1074=EDGE_CURVE('',#850,#849,#545,.T.);
#1075=EDGE_CURVE('',#851,#850,#132,.T.);
#1076=EDGE_CURVE('',#851,#852,#546,.T.);
#1077=EDGE_CURVE('',#852,#853,#547,.T.);
#1078=EDGE_CURVE('',#853,#854,#133,.T.);
#1079=EDGE_CURVE('',#855,#854,#548,.T.);
#1080=EDGE_CURVE('',#847,#855,#549,.T.);
#1081=EDGE_CURVE('',#856,#857,#550,.T.);
#1082=EDGE_CURVE('',#857,#858,#134,.T.);
#1083=EDGE_CURVE('',#858,#859,#551,.T.);
#1084=EDGE_CURVE('',#860,#859,#135,.T.);
#1085=EDGE_CURVE('',#861,#860,#552,.T.);
#1086=EDGE_CURVE('',#856,#861,#136,.T.);
#1087=EDGE_CURVE('',#862,#863,#137,.F.);
#1088=EDGE_CURVE('',#862,#849,#553,.T.);
#1089=EDGE_CURVE('',#848,#863,#554,.T.);
#1090=EDGE_CURVE('',#856,#864,#555,.T.);
#1091=EDGE_CURVE('',#865,#864,#556,.T.);
#1092=EDGE_CURVE('',#865,#857,#557,.T.);
#1093=EDGE_CURVE('',#866,#866,#138,.T.);
#1094=EDGE_CURVE('',#866,#867,#558,.T.);
#1095=EDGE_CURVE('',#867,#867,#139,.T.);
#1096=EDGE_CURVE('',#868,#868,#140,.T.);
#1097=EDGE_CURVE('',#868,#869,#559,.T.);
#1098=EDGE_CURVE('',#869,#869,#141,.T.);
#1099=EDGE_CURVE('',#870,#870,#142,.T.);
#1100=EDGE_CURVE('',#871,#871,#143,.T.);
#1101=EDGE_CURVE('',#872,#872,#144,.T.);
#1102=EDGE_CURVE('',#872,#870,#560,.T.);
#1103=EDGE_CURVE('',#873,#873,#145,.T.);
#1104=EDGE_CURVE('',#873,#871,#561,.T.);
#1105=EDGE_CURVE('',#859,#874,#562,.T.);
#1106=EDGE_CURVE('',#874,#875,#146,.T.);
#1107=EDGE_CURVE('',#875,#860,#563,.T.);
#1108=EDGE_CURVE('',#876,#850,#564,.T.);
#1109=EDGE_CURVE('',#877,#876,#147,.T.);
#1110=EDGE_CURVE('',#851,#877,#565,.T.);
#1111=EDGE_CURVE('',#862,#876,#566,.T.);
#1112=EDGE_CURVE('',#878,#861,#567,.T.);
#1113=EDGE_CURVE('',#878,#864,#148,.T.);
#1114=EDGE_CURVE('',#875,#878,#568,.T.);
#1115=EDGE_CURVE('',#858,#879,#569,.T.);
#1116=EDGE_CURVE('',#874,#879,#570,.T.);
#1117=EDGE_CURVE('',#879,#865,#149,.T.);
#1118=EDGE_CURVE('',#880,#881,#150,.T.);
#1119=EDGE_CURVE('',#854,#880,#571,.T.);
#1120=EDGE_CURVE('',#881,#853,#572,.T.);
#1121=EDGE_CURVE('',#852,#882,#573,.T.);
#1122=EDGE_CURVE('',#881,#882,#574,.T.);
#1123=EDGE_CURVE('',#882,#877,#575,.T.);
#1124=EDGE_CURVE('',#880,#776,#576,.T.);
#1125=EDGE_CURVE('',#863,#774,#577,.T.);
#1126=EDGE_CURVE('',#883,#884,#151,.T.);
#1127=EDGE_CURVE('',#885,#884,#578,.T.);
#1128=EDGE_CURVE('',#886,#885,#152,.T.);
#1129=EDGE_CURVE('',#886,#883,#579,.T.);
#1130=EDGE_CURVE('',#887,#888,#580,.T.);
#1131=EDGE_CURVE('',#887,#885,#581,.T.);
#1132=EDGE_CURVE('',#884,#888,#582,.T.);
#1133=EDGE_CURVE('',#889,#889,#153,.T.);
#1134=EDGE_CURVE('',#889,#890,#583,.T.);
#1135=EDGE_CURVE('',#890,#890,#154,.T.);
#1136=EDGE_CURVE('',#891,#891,#155,.T.);
#1137=EDGE_CURVE('',#891,#892,#584,.T.);
#1138=EDGE_CURVE('',#892,#892,#156,.T.);
#1139=EDGE_CURVE('',#893,#893,#157,.T.);
#1140=EDGE_CURVE('',#893,#894,#585,.T.);
#1141=EDGE_CURVE('',#894,#894,#158,.T.);
#1142=EDGE_CURVE('',#895,#896,#586,.T.);
#1143=EDGE_CURVE('',#895,#883,#587,.T.);
#1144=EDGE_CURVE('',#896,#886,#588,.T.);
#1145=EDGE_CURVE('',#730,#895,#159,.T.);
#1146=EDGE_CURVE('',#896,#729,#160,.T.);
#1147=EDGE_CURVE('',#888,#847,#161,.T.);
#1148=EDGE_CURVE('',#855,#887,#162,.T.);
#1149=ORIENTED_EDGE('',*,*,#897,.F.);
#1150=ORIENTED_EDGE('',*,*,#898,.T.);
#1151=ORIENTED_EDGE('',*,*,#899,.T.);
#1152=ORIENTED_EDGE('',*,*,#900,.F.);
#1153=ORIENTED_EDGE('',*,*,#901,.F.);
#1154=ORIENTED_EDGE('',*,*,#902,.T.);
#1155=ORIENTED_EDGE('',*,*,#903,.F.);
#1156=ORIENTED_EDGE('',*,*,#904,.F.);
#1157=ORIENTED_EDGE('',*,*,#905,.F.);
#1158=ORIENTED_EDGE('',*,*,#906,.T.);
#1159=ORIENTED_EDGE('',*,*,#907,.F.);
#1160=ORIENTED_EDGE('',*,*,#906,.F.);
#1161=ORIENTED_EDGE('',*,*,#905,.T.);
#1162=ORIENTED_EDGE('',*,*,#908,.T.);
#1163=ORIENTED_EDGE('',*,*,#909,.F.);
#1164=ORIENTED_EDGE('',*,*,#910,.T.);
#1165=ORIENTED_EDGE('',*,*,#911,.F.);
#1166=ORIENTED_EDGE('',*,*,#910,.F.);
#1167=ORIENTED_EDGE('',*,*,#909,.T.);
#1168=ORIENTED_EDGE('',*,*,#912,.T.);
#1169=ORIENTED_EDGE('',*,*,#913,.F.);
#1170=ORIENTED_EDGE('',*,*,#914,.T.);
#1171=ORIENTED_EDGE('',*,*,#915,.T.);
#1172=ORIENTED_EDGE('',*,*,#914,.F.);
#1173=ORIENTED_EDGE('',*,*,#915,.F.);
#1174=ORIENTED_EDGE('',*,*,#916,.F.);
#1175=ORIENTED_EDGE('',*,*,#917,.F.);
#1176=ORIENTED_EDGE('',*,*,#918,.T.);
#1177=ORIENTED_EDGE('',*,*,#919,.T.);
#1178=ORIENTED_EDGE('',*,*,#918,.F.);
#1179=ORIENTED_EDGE('',*,*,#919,.F.);
#1180=ORIENTED_EDGE('',*,*,#920,.F.);
#1181=ORIENTED_EDGE('',*,*,#912,.F.);
#1182=ORIENTED_EDGE('',*,*,#921,.T.);
#1183=ORIENTED_EDGE('',*,*,#920,.T.);
#1184=ORIENTED_EDGE('',*,*,#921,.F.);
#1185=ORIENTED_EDGE('',*,*,#908,.F.);
#1186=ORIENTED_EDGE('',*,*,#922,.T.);
#1187=ORIENTED_EDGE('',*,*,#916,.T.);
#1188=ORIENTED_EDGE('',*,*,#922,.F.);
#1189=ORIENTED_EDGE('',*,*,#923,.F.);
#1190=ORIENTED_EDGE('',*,*,#924,.T.);
#1191=ORIENTED_EDGE('',*,*,#925,.F.);
#1192=ORIENTED_EDGE('',*,*,#926,.F.);
#1193=ORIENTED_EDGE('',*,*,#927,.F.);
#1194=ORIENTED_EDGE('',*,*,#928,.F.);
#1195=ORIENTED_EDGE('',*,*,#929,.F.);
#1196=ORIENTED_EDGE('',*,*,#930,.T.);
#1197=ORIENTED_EDGE('',*,*,#931,.F.);
#1198=ORIENTED_EDGE('',*,*,#930,.F.);
#1199=ORIENTED_EDGE('',*,*,#932,.F.);
#1200=ORIENTED_EDGE('',*,*,#933,.F.);
#1201=ORIENTED_EDGE('',*,*,#934,.F.);
#1202=ORIENTED_EDGE('',*,*,#935,.T.);
#1203=ORIENTED_EDGE('',*,*,#936,.T.);
#1204=ORIENTED_EDGE('',*,*,#935,.F.);
#1205=ORIENTED_EDGE('',*,*,#937,.F.);
#1206=ORIENTED_EDGE('',*,*,#938,.T.);
#1207=ORIENTED_EDGE('',*,*,#939,.F.);
#1208=ORIENTED_EDGE('',*,*,#940,.T.);
#1209=ORIENTED_EDGE('',*,*,#941,.F.);
#1210=ORIENTED_EDGE('',*,*,#924,.F.);
#1211=ORIENTED_EDGE('',*,*,#942,.F.);
#1212=ORIENTED_EDGE('',*,*,#903,.T.);
#1213=ORIENTED_EDGE('',*,*,#943,.F.);
#1214=ORIENTED_EDGE('',*,*,#899,.F.);
#1215=ORIENTED_EDGE('',*,*,#944,.F.);
#1216=ORIENTED_EDGE('',*,*,#926,.T.);
#1217=ORIENTED_EDGE('',*,*,#945,.F.);
#1218=ORIENTED_EDGE('',*,*,#946,.T.);
#1219=ORIENTED_EDGE('',*,*,#947,.T.);
#1220=ORIENTED_EDGE('',*,*,#946,.F.);
#1221=ORIENTED_EDGE('',*,*,#948,.F.);
#1222=ORIENTED_EDGE('',*,*,#949,.F.);
#1223=ORIENTED_EDGE('',*,*,#950,.F.);
#1224=ORIENTED_EDGE('',*,*,#951,.T.);
#1225=ORIENTED_EDGE('',*,*,#952,.F.);
#1226=ORIENTED_EDGE('',*,*,#951,.F.);
#1227=ORIENTED_EDGE('',*,*,#953,.F.);
#1228=ORIENTED_EDGE('',*,*,#954,.F.);
#1229=ORIENTED_EDGE('',*,*,#955,.F.);
#1230=ORIENTED_EDGE('',*,*,#956,.F.);
#1231=ORIENTED_EDGE('',*,*,#957,.F.);
#1232=ORIENTED_EDGE('',*,*,#958,.T.);
#1233=ORIENTED_EDGE('',*,*,#959,.F.);
#1234=ORIENTED_EDGE('',*,*,#960,.T.);
#1235=ORIENTED_EDGE('',*,*,#961,.F.);
#1236=ORIENTED_EDGE('',*,*,#962,.T.);
#1237=ORIENTED_EDGE('',*,*,#963,.F.);
#1238=ORIENTED_EDGE('',*,*,#964,.T.);
#1239=ORIENTED_EDGE('',*,*,#965,.F.);
#1240=ORIENTED_EDGE('',*,*,#966,.T.);
#1241=ORIENTED_EDGE('',*,*,#967,.F.);
#1242=ORIENTED_EDGE('',*,*,#959,.T.);
#1243=ORIENTED_EDGE('',*,*,#968,.F.);
#1244=ORIENTED_EDGE('',*,*,#949,.T.);
#1245=ORIENTED_EDGE('',*,*,#969,.T.);
#1246=ORIENTED_EDGE('',*,*,#953,.T.);
#1247=ORIENTED_EDGE('',*,*,#950,.T.);
#1248=ORIENTED_EDGE('',*,*,#968,.T.);
#1249=ORIENTED_EDGE('',*,*,#962,.F.);
#1250=ORIENTED_EDGE('',*,*,#970,.T.);
#1251=ORIENTED_EDGE('',*,*,#971,.T.);
#1252=ORIENTED_EDGE('',*,*,#972,.F.);
#1253=ORIENTED_EDGE('',*,*,#973,.F.);
#1254=ORIENTED_EDGE('',*,*,#956,.T.);
#1255=ORIENTED_EDGE('',*,*,#974,.F.);
#1256=ORIENTED_EDGE('',*,*,#975,.F.);
#1257=ORIENTED_EDGE('',*,*,#976,.F.);
#1258=ORIENTED_EDGE('',*,*,#975,.T.);
#1259=ORIENTED_EDGE('',*,*,#977,.T.);
#1260=ORIENTED_EDGE('',*,*,#978,.T.);
#1261=ORIENTED_EDGE('',*,*,#970,.F.);
#1262=ORIENTED_EDGE('',*,*,#961,.T.);
#1263=ORIENTED_EDGE('',*,*,#948,.T.);
#1264=ORIENTED_EDGE('',*,*,#952,.T.);
#1265=ORIENTED_EDGE('',*,*,#979,.T.);
#1266=ORIENTED_EDGE('',*,*,#972,.T.);
#1267=ORIENTED_EDGE('',*,*,#976,.T.);
#1268=ORIENTED_EDGE('',*,*,#960,.F.);
#1269=ORIENTED_EDGE('',*,*,#967,.T.);
#1270=ORIENTED_EDGE('',*,*,#980,.F.);
#1271=ORIENTED_EDGE('',*,*,#963,.T.);
#1272=ORIENTED_EDGE('',*,*,#981,.F.);
#1273=ORIENTED_EDGE('',*,*,#928,.T.);
#1274=ORIENTED_EDGE('',*,*,#982,.F.);
#1275=ORIENTED_EDGE('',*,*,#983,.F.);
#1276=ORIENTED_EDGE('',*,*,#984,.F.);
#1277=ORIENTED_EDGE('',*,*,#940,.F.);
#1278=ORIENTED_EDGE('',*,*,#985,.F.);
#1279=ORIENTED_EDGE('',*,*,#986,.T.);
#1280=ORIENTED_EDGE('',*,*,#932,.T.);
#1281=ORIENTED_EDGE('',*,*,#929,.T.);
#1282=ORIENTED_EDGE('',*,*,#981,.T.);
#1283=ORIENTED_EDGE('',*,*,#966,.F.);
#1284=ORIENTED_EDGE('',*,*,#987,.T.);
#1285=ORIENTED_EDGE('',*,*,#982,.T.);
#1286=ORIENTED_EDGE('',*,*,#988,.F.);
#1287=ORIENTED_EDGE('',*,*,#989,.F.);
#1288=ORIENTED_EDGE('',*,*,#971,.F.);
#1289=ORIENTED_EDGE('',*,*,#978,.F.);
#1290=ORIENTED_EDGE('',*,*,#990,.F.);
#1291=ORIENTED_EDGE('',*,*,#991,.F.);
#1292=ORIENTED_EDGE('',*,*,#992,.F.);
#1293=ORIENTED_EDGE('',*,*,#991,.T.);
#1294=ORIENTED_EDGE('',*,*,#993,.T.);
#1295=ORIENTED_EDGE('',*,*,#983,.T.);
#1296=ORIENTED_EDGE('',*,*,#987,.F.);
#1297=ORIENTED_EDGE('',*,*,#965,.T.);
#1298=ORIENTED_EDGE('',*,*,#927,.T.);
#1299=ORIENTED_EDGE('',*,*,#931,.T.);
#1300=ORIENTED_EDGE('',*,*,#994,.T.);
#1301=ORIENTED_EDGE('',*,*,#988,.T.);
#1302=ORIENTED_EDGE('',*,*,#992,.T.);
#1303=ORIENTED_EDGE('',*,*,#964,.F.);
#1304=ORIENTED_EDGE('',*,*,#980,.T.);
#1305=ORIENTED_EDGE('',*,*,#995,.T.);
#1306=ORIENTED_EDGE('',*,*,#996,.T.);
#1307=ORIENTED_EDGE('',*,*,#997,.T.);
#1308=ORIENTED_EDGE('',*,*,#998,.T.);
#1309=ORIENTED_EDGE('',*,*,#996,.F.);
#1310=ORIENTED_EDGE('',*,*,#999,.T.);
#1311=ORIENTED_EDGE('',*,*,#1000,.F.);
#1312=ORIENTED_EDGE('',*,*,#1001,.F.);
#1313=ORIENTED_EDGE('',*,*,#1002,.T.);
#1314=ORIENTED_EDGE('',*,*,#901,.T.);
#1315=ORIENTED_EDGE('',*,*,#1003,.T.);
#1316=ORIENTED_EDGE('',*,*,#1004,.T.);
#1317=ORIENTED_EDGE('',*,*,#1005,.F.);
#1318=ORIENTED_EDGE('',*,*,#1006,.T.);
#1319=ORIENTED_EDGE('',*,*,#1007,.F.);
#1320=ORIENTED_EDGE('',*,*,#1006,.F.);
#1321=ORIENTED_EDGE('',*,*,#1005,.T.);
#1322=ORIENTED_EDGE('',*,*,#1008,.T.);
#1323=ORIENTED_EDGE('',*,*,#1009,.T.);
#1324=ORIENTED_EDGE('',*,*,#1010,.F.);
#1325=ORIENTED_EDGE('',*,*,#1011,.F.);
#1326=ORIENTED_EDGE('',*,*,#1000,.T.);
#1327=ORIENTED_EDGE('',*,*,#1004,.F.);
#1328=ORIENTED_EDGE('',*,*,#1012,.T.);
#1329=ORIENTED_EDGE('',*,*,#1010,.T.);
#1330=ORIENTED_EDGE('',*,*,#1013,.T.);
#1331=ORIENTED_EDGE('',*,*,#1014,.F.);
#1332=ORIENTED_EDGE('',*,*,#1015,.T.);
#1333=ORIENTED_EDGE('',*,*,#1016,.T.);
#1334=ORIENTED_EDGE('',*,*,#1015,.F.);
#1335=ORIENTED_EDGE('',*,*,#1016,.F.);
#1336=ORIENTED_EDGE('',*,*,#1017,.F.);
#1337=ORIENTED_EDGE('',*,*,#1017,.T.);
#1338=ORIENTED_EDGE('',*,*,#1018,.T.);
#1339=ORIENTED_EDGE('',*,*,#1008,.F.);
#1340=ORIENTED_EDGE('',*,*,#1018,.F.);
#1341=ORIENTED_EDGE('',*,*,#1019,.T.);
#1342=ORIENTED_EDGE('',*,*,#998,.F.);
#1343=ORIENTED_EDGE('',*,*,#1020,.T.);
#1344=ORIENTED_EDGE('',*,*,#1021,.F.);
#1345=ORIENTED_EDGE('',*,*,#1022,.F.);
#1346=ORIENTED_EDGE('',*,*,#1023,.F.);
#1347=ORIENTED_EDGE('',*,*,#1024,.T.);
#1348=ORIENTED_EDGE('',*,*,#1025,.T.);
#1349=ORIENTED_EDGE('',*,*,#1026,.T.);
#1350=ORIENTED_EDGE('',*,*,#1027,.T.);
#1351=ORIENTED_EDGE('',*,*,#1028,.T.);
#1352=ORIENTED_EDGE('',*,*,#1029,.T.);
#1353=ORIENTED_EDGE('',*,*,#1030,.F.);
#1354=ORIENTED_EDGE('',*,*,#1031,.F.);
#1355=ORIENTED_EDGE('',*,*,#1032,.T.);
#1356=ORIENTED_EDGE('',*,*,#1033,.F.);
#1357=ORIENTED_EDGE('',*,*,#1034,.T.);
#1358=ORIENTED_EDGE('',*,*,#1035,.T.);
#1359=ORIENTED_EDGE('',*,*,#1034,.F.);
#1360=ORIENTED_EDGE('',*,*,#1036,.F.);
#1361=ORIENTED_EDGE('',*,*,#1037,.T.);
#1362=ORIENTED_EDGE('',*,*,#1038,.T.);
#1363=ORIENTED_EDGE('',*,*,#1037,.F.);
#1364=ORIENTED_EDGE('',*,*,#1038,.F.);
#1365=ORIENTED_EDGE('',*,*,#1039,.F.);
#1366=ORIENTED_EDGE('',*,*,#1035,.F.);
#1367=ORIENTED_EDGE('',*,*,#1040,.F.);
#1368=ORIENTED_EDGE('',*,*,#1041,.F.);
#1369=ORIENTED_EDGE('',*,*,#1042,.T.);
#1370=ORIENTED_EDGE('',*,*,#1040,.T.);
#1371=ORIENTED_EDGE('',*,*,#1042,.F.);
#1372=ORIENTED_EDGE('',*,*,#1043,.F.);
#1373=ORIENTED_EDGE('',*,*,#1044,.T.);
#1374=ORIENTED_EDGE('',*,*,#1039,.T.);
#1375=ORIENTED_EDGE('',*,*,#1044,.F.);
#1376=ORIENTED_EDGE('',*,*,#1029,.F.);
#1377=ORIENTED_EDGE('',*,*,#1045,.F.);
#1378=ORIENTED_EDGE('',*,*,#1046,.F.);
#1379=ORIENTED_EDGE('',*,*,#1047,.T.);
#1380=ORIENTED_EDGE('',*,*,#1024,.F.);
#1381=ORIENTED_EDGE('',*,*,#1048,.F.);
#1382=ORIENTED_EDGE('',*,*,#1049,.T.);
#1383=ORIENTED_EDGE('',*,*,#1050,.T.);
#1384=ORIENTED_EDGE('',*,*,#1051,.F.);
#1385=ORIENTED_EDGE('',*,*,#1025,.F.);
#1386=ORIENTED_EDGE('',*,*,#1050,.F.);
#1387=ORIENTED_EDGE('',*,*,#1052,.F.);
#1388=ORIENTED_EDGE('',*,*,#1027,.F.);
#1389=ORIENTED_EDGE('',*,*,#1053,.F.);
#1390=ORIENTED_EDGE('',*,*,#1054,.F.);
#1391=ORIENTED_EDGE('',*,*,#1055,.T.);
#1392=ORIENTED_EDGE('',*,*,#1028,.F.);
#1393=ORIENTED_EDGE('',*,*,#1055,.F.);
#1394=ORIENTED_EDGE('',*,*,#1056,.F.);
#1395=ORIENTED_EDGE('',*,*,#1045,.T.);
#1396=ORIENTED_EDGE('',*,*,#1047,.F.);
#1397=ORIENTED_EDGE('',*,*,#1057,.T.);
#1398=ORIENTED_EDGE('',*,*,#1058,.F.);
#1399=ORIENTED_EDGE('',*,*,#1030,.T.);
#1400=ORIENTED_EDGE('',*,*,#1033,.T.);
#1401=ORIENTED_EDGE('',*,*,#1036,.T.);
#1402=ORIENTED_EDGE('',*,*,#1031,.T.);
#1403=ORIENTED_EDGE('',*,*,#1058,.T.);
#1404=ORIENTED_EDGE('',*,*,#1059,.T.);
#1405=ORIENTED_EDGE('',*,*,#1060,.T.);
#1406=ORIENTED_EDGE('',*,*,#1061,.T.);
#1407=ORIENTED_EDGE('',*,*,#1062,.T.);
#1408=ORIENTED_EDGE('',*,*,#1021,.T.);
#1409=ORIENTED_EDGE('',*,*,#1063,.T.);
#1410=ORIENTED_EDGE('',*,*,#1062,.F.);
#1411=ORIENTED_EDGE('',*,*,#1064,.T.);
#1412=ORIENTED_EDGE('',*,*,#1065,.F.);
#1413=ORIENTED_EDGE('',*,*,#1022,.T.);
#1414=ORIENTED_EDGE('',*,*,#1041,.T.);
#1415=ORIENTED_EDGE('',*,*,#1043,.T.);
#1416=ORIENTED_EDGE('',*,*,#1032,.F.);
#1417=ORIENTED_EDGE('',*,*,#1060,.F.);
#1418=ORIENTED_EDGE('',*,*,#1066,.T.);
#1419=ORIENTED_EDGE('',*,*,#1053,.T.);
#1420=ORIENTED_EDGE('',*,*,#1048,.T.);
#1421=ORIENTED_EDGE('',*,*,#1023,.T.);
#1422=ORIENTED_EDGE('',*,*,#1065,.T.);
#1423=ORIENTED_EDGE('',*,*,#1067,.T.);
#1424=ORIENTED_EDGE('',*,*,#1052,.T.);
#1425=ORIENTED_EDGE('',*,*,#1049,.F.);
#1426=ORIENTED_EDGE('',*,*,#1067,.F.);
#1427=ORIENTED_EDGE('',*,*,#1064,.F.);
#1428=ORIENTED_EDGE('',*,*,#1061,.F.);
#1429=ORIENTED_EDGE('',*,*,#1068,.T.);
#1430=ORIENTED_EDGE('',*,*,#938,.F.);
#1431=ORIENTED_EDGE('',*,*,#1069,.F.);
#1432=ORIENTED_EDGE('',*,*,#1070,.F.);
#1433=ORIENTED_EDGE('',*,*,#1046,.T.);
#1434=ORIENTED_EDGE('',*,*,#1056,.T.);
#1435=ORIENTED_EDGE('',*,*,#1054,.T.);
#1436=ORIENTED_EDGE('',*,*,#1066,.F.);
#1437=ORIENTED_EDGE('',*,*,#1059,.F.);
#1438=ORIENTED_EDGE('',*,*,#1057,.F.);
#1439=ORIENTED_EDGE('',*,*,#1026,.F.);
#1440=ORIENTED_EDGE('',*,*,#1051,.T.);
#1441=ORIENTED_EDGE('',*,*,#1070,.T.);
#1442=ORIENTED_EDGE('',*,*,#1071,.T.);
#1443=ORIENTED_EDGE('',*,*,#1072,.T.);
#1444=ORIENTED_EDGE('',*,*,#1073,.F.);
#1445=ORIENTED_EDGE('',*,*,#1074,.F.);
#1446=ORIENTED_EDGE('',*,*,#1075,.F.);
#1447=ORIENTED_EDGE('',*,*,#1076,.T.);
#1448=ORIENTED_EDGE('',*,*,#1077,.T.);
#1449=ORIENTED_EDGE('',*,*,#1078,.T.);
#1450=ORIENTED_EDGE('',*,*,#1079,.F.);
#1451=ORIENTED_EDGE('',*,*,#1080,.F.);
#1452=ORIENTED_EDGE('',*,*,#1081,.T.);
#1453=ORIENTED_EDGE('',*,*,#1082,.T.);
#1454=ORIENTED_EDGE('',*,*,#1083,.T.);
#1455=ORIENTED_EDGE('',*,*,#1084,.F.);
#1456=ORIENTED_EDGE('',*,*,#1085,.F.);
#1457=ORIENTED_EDGE('',*,*,#1086,.F.);
#1458=ORIENTED_EDGE('',*,*,#1087,.F.);
#1459=ORIENTED_EDGE('',*,*,#1088,.T.);
#1460=ORIENTED_EDGE('',*,*,#1073,.T.);
#1461=ORIENTED_EDGE('',*,*,#1089,.T.);
#1462=ORIENTED_EDGE('',*,*,#1081,.F.);
#1463=ORIENTED_EDGE('',*,*,#1090,.T.);
#1464=ORIENTED_EDGE('',*,*,#1091,.F.);
#1465=ORIENTED_EDGE('',*,*,#1092,.T.);
#1466=ORIENTED_EDGE('',*,*,#1093,.F.);
#1467=ORIENTED_EDGE('',*,*,#1094,.T.);
#1468=ORIENTED_EDGE('',*,*,#1095,.T.);
#1469=ORIENTED_EDGE('',*,*,#1094,.F.);
#1470=ORIENTED_EDGE('',*,*,#1096,.F.);
#1471=ORIENTED_EDGE('',*,*,#1097,.T.);
#1472=ORIENTED_EDGE('',*,*,#1098,.T.);
#1473=ORIENTED_EDGE('',*,*,#1097,.F.);
#1474=ORIENTED_EDGE('',*,*,#1098,.F.);
#1475=ORIENTED_EDGE('',*,*,#1099,.F.);
#1476=ORIENTED_EDGE('',*,*,#1095,.F.);
#1477=ORIENTED_EDGE('',*,*,#1100,.F.);
#1478=ORIENTED_EDGE('',*,*,#1101,.F.);
#1479=ORIENTED_EDGE('',*,*,#1102,.T.);
#1480=ORIENTED_EDGE('',*,*,#1099,.T.);
#1481=ORIENTED_EDGE('',*,*,#1102,.F.);
#1482=ORIENTED_EDGE('',*,*,#1103,.F.);
#1483=ORIENTED_EDGE('',*,*,#1104,.T.);
#1484=ORIENTED_EDGE('',*,*,#1100,.T.);
#1485=ORIENTED_EDGE('',*,*,#1104,.F.);
#1486=ORIENTED_EDGE('',*,*,#1084,.T.);
#1487=ORIENTED_EDGE('',*,*,#1105,.T.);
#1488=ORIENTED_EDGE('',*,*,#1106,.T.);
#1489=ORIENTED_EDGE('',*,*,#1107,.T.);
#1490=ORIENTED_EDGE('',*,*,#1075,.T.);
#1491=ORIENTED_EDGE('',*,*,#1108,.F.);
#1492=ORIENTED_EDGE('',*,*,#1109,.F.);
#1493=ORIENTED_EDGE('',*,*,#1110,.F.);
#1494=ORIENTED_EDGE('',*,*,#1088,.F.);
#1495=ORIENTED_EDGE('',*,*,#1111,.T.);
#1496=ORIENTED_EDGE('',*,*,#1108,.T.);
#1497=ORIENTED_EDGE('',*,*,#1074,.T.);
#1498=ORIENTED_EDGE('',*,*,#1086,.T.);
#1499=ORIENTED_EDGE('',*,*,#1112,.F.);
#1500=ORIENTED_EDGE('',*,*,#1113,.T.);
#1501=ORIENTED_EDGE('',*,*,#1090,.F.);
#1502=ORIENTED_EDGE('',*,*,#1085,.T.);
#1503=ORIENTED_EDGE('',*,*,#1107,.F.);
#1504=ORIENTED_EDGE('',*,*,#1114,.T.);
#1505=ORIENTED_EDGE('',*,*,#1112,.T.);
#1506=ORIENTED_EDGE('',*,*,#1105,.F.);
#1507=ORIENTED_EDGE('',*,*,#1083,.F.);
#1508=ORIENTED_EDGE('',*,*,#1115,.T.);
#1509=ORIENTED_EDGE('',*,*,#1116,.F.);
#1510=ORIENTED_EDGE('',*,*,#1093,.T.);
#1511=ORIENTED_EDGE('',*,*,#1096,.T.);
#1512=ORIENTED_EDGE('',*,*,#1082,.F.);
#1513=ORIENTED_EDGE('',*,*,#1092,.F.);
#1514=ORIENTED_EDGE('',*,*,#1117,.F.);
#1515=ORIENTED_EDGE('',*,*,#1115,.F.);
#1516=ORIENTED_EDGE('',*,*,#1118,.F.);
#1517=ORIENTED_EDGE('',*,*,#1119,.F.);
#1518=ORIENTED_EDGE('',*,*,#1078,.F.);
#1519=ORIENTED_EDGE('',*,*,#1120,.F.);
#1520=ORIENTED_EDGE('',*,*,#1120,.T.);
#1521=ORIENTED_EDGE('',*,*,#1077,.F.);
#1522=ORIENTED_EDGE('',*,*,#1121,.T.);
#1523=ORIENTED_EDGE('',*,*,#1122,.F.);
#1524=ORIENTED_EDGE('',*,*,#1101,.T.);
#1525=ORIENTED_EDGE('',*,*,#1103,.T.);
#1526=ORIENTED_EDGE('',*,*,#1110,.T.);
#1527=ORIENTED_EDGE('',*,*,#1123,.F.);
#1528=ORIENTED_EDGE('',*,*,#1121,.F.);
#1529=ORIENTED_EDGE('',*,*,#1076,.F.);
#1530=ORIENTED_EDGE('',*,*,#1124,.F.);
#1531=ORIENTED_EDGE('',*,*,#1118,.T.);
#1532=ORIENTED_EDGE('',*,*,#1122,.T.);
#1533=ORIENTED_EDGE('',*,*,#1123,.T.);
#1534=ORIENTED_EDGE('',*,*,#1109,.T.);
#1535=ORIENTED_EDGE('',*,*,#1111,.F.);
#1536=ORIENTED_EDGE('',*,*,#1087,.T.);
#1537=ORIENTED_EDGE('',*,*,#1125,.T.);
#1538=ORIENTED_EDGE('',*,*,#958,.F.);
#1539=ORIENTED_EDGE('',*,*,#1116,.T.);
#1540=ORIENTED_EDGE('',*,*,#1117,.T.);
#1541=ORIENTED_EDGE('',*,*,#1091,.T.);
#1542=ORIENTED_EDGE('',*,*,#1113,.F.);
#1543=ORIENTED_EDGE('',*,*,#1114,.F.);
#1544=ORIENTED_EDGE('',*,*,#1106,.F.);
#1545=ORIENTED_EDGE('',*,*,#1126,.T.);
#1546=ORIENTED_EDGE('',*,*,#1127,.F.);
#1547=ORIENTED_EDGE('',*,*,#1128,.F.);
#1548=ORIENTED_EDGE('',*,*,#1129,.T.);
#1549=ORIENTED_EDGE('',*,*,#1130,.F.);
#1550=ORIENTED_EDGE('',*,*,#1131,.T.);
#1551=ORIENTED_EDGE('',*,*,#1127,.T.);
#1552=ORIENTED_EDGE('',*,*,#1132,.T.);
#1553=ORIENTED_EDGE('',*,*,#1133,.F.);
#1554=ORIENTED_EDGE('',*,*,#1134,.T.);
#1555=ORIENTED_EDGE('',*,*,#1135,.T.);
#1556=ORIENTED_EDGE('',*,*,#1134,.F.);
#1557=ORIENTED_EDGE('',*,*,#1135,.F.);
#1558=ORIENTED_EDGE('',*,*,#1136,.F.);
#1559=ORIENTED_EDGE('',*,*,#1136,.T.);
#1560=ORIENTED_EDGE('',*,*,#1137,.T.);
#1561=ORIENTED_EDGE('',*,*,#1138,.F.);
#1562=ORIENTED_EDGE('',*,*,#1137,.F.);
#1563=ORIENTED_EDGE('',*,*,#1139,.T.);
#1564=ORIENTED_EDGE('',*,*,#1138,.T.);
#1565=ORIENTED_EDGE('',*,*,#1139,.F.);
#1566=ORIENTED_EDGE('',*,*,#1140,.T.);
#1567=ORIENTED_EDGE('',*,*,#1141,.F.);
#1568=ORIENTED_EDGE('',*,*,#1140,.F.);
#1569=ORIENTED_EDGE('',*,*,#1142,.F.);
#1570=ORIENTED_EDGE('',*,*,#1143,.T.);
#1571=ORIENTED_EDGE('',*,*,#1129,.F.);
#1572=ORIENTED_EDGE('',*,*,#1144,.F.);
#1573=ORIENTED_EDGE('',*,*,#1145,.T.);
#1574=ORIENTED_EDGE('',*,*,#1142,.T.);
#1575=ORIENTED_EDGE('',*,*,#1146,.T.);
#1576=ORIENTED_EDGE('',*,*,#897,.T.);
#1577=ORIENTED_EDGE('',*,*,#1147,.T.);
#1578=ORIENTED_EDGE('',*,*,#1080,.T.);
#1579=ORIENTED_EDGE('',*,*,#1148,.T.);
#1580=ORIENTED_EDGE('',*,*,#1130,.T.);
#1581=ORIENTED_EDGE('',*,*,#1146,.F.);
#1582=ORIENTED_EDGE('',*,*,#1144,.T.);
#1583=ORIENTED_EDGE('',*,*,#1128,.T.);
#1584=ORIENTED_EDGE('',*,*,#1131,.F.);
#1585=ORIENTED_EDGE('',*,*,#1148,.F.);
#1586=ORIENTED_EDGE('',*,*,#1079,.T.);
#1587=ORIENTED_EDGE('',*,*,#1119,.T.);
#1588=ORIENTED_EDGE('',*,*,#1124,.T.);
#1589=ORIENTED_EDGE('',*,*,#957,.T.);
#1590=ORIENTED_EDGE('',*,*,#973,.T.);
#1591=ORIENTED_EDGE('',*,*,#979,.F.);
#1592=ORIENTED_EDGE('',*,*,#954,.T.);
#1593=ORIENTED_EDGE('',*,*,#969,.F.);
#1594=ORIENTED_EDGE('',*,*,#989,.T.);
#1595=ORIENTED_EDGE('',*,*,#994,.F.);
#1596=ORIENTED_EDGE('',*,*,#933,.T.);
#1597=ORIENTED_EDGE('',*,*,#986,.F.);
#1598=ORIENTED_EDGE('',*,*,#985,.T.);
#1599=ORIENTED_EDGE('',*,*,#939,.T.);
#1600=ORIENTED_EDGE('',*,*,#1068,.F.);
#1601=ORIENTED_EDGE('',*,*,#1063,.F.);
#1602=ORIENTED_EDGE('',*,*,#1020,.F.);
#1603=ORIENTED_EDGE('',*,*,#997,.F.);
#1604=ORIENTED_EDGE('',*,*,#1001,.T.);
#1605=ORIENTED_EDGE('',*,*,#1011,.T.);
#1606=ORIENTED_EDGE('',*,*,#1012,.F.);
#1607=ORIENTED_EDGE('',*,*,#1003,.F.);
#1608=ORIENTED_EDGE('',*,*,#904,.T.);
#1609=ORIENTED_EDGE('',*,*,#942,.T.);
#1610=ORIENTED_EDGE('',*,*,#923,.T.);
#1611=ORIENTED_EDGE('',*,*,#944,.T.);
#1612=ORIENTED_EDGE('',*,*,#898,.F.);
#1613=ORIENTED_EDGE('',*,*,#1007,.T.);
#1614=ORIENTED_EDGE('',*,*,#945,.T.);
#1615=ORIENTED_EDGE('',*,*,#934,.T.);
#1616=ORIENTED_EDGE('',*,*,#911,.T.);
#1617=ORIENTED_EDGE('',*,*,#907,.T.);
#1618=ORIENTED_EDGE('',*,*,#1141,.T.);
#1619=ORIENTED_EDGE('',*,*,#1072,.F.);
#1620=ORIENTED_EDGE('',*,*,#1147,.F.);
#1621=ORIENTED_EDGE('',*,*,#1132,.F.);
#1622=ORIENTED_EDGE('',*,*,#1126,.F.);
#1623=ORIENTED_EDGE('',*,*,#1143,.F.);
#1624=ORIENTED_EDGE('',*,*,#1145,.F.);
#1625=ORIENTED_EDGE('',*,*,#900,.T.);
#1626=ORIENTED_EDGE('',*,*,#943,.T.);
#1627=ORIENTED_EDGE('',*,*,#925,.T.);
#1628=ORIENTED_EDGE('',*,*,#941,.T.);
#1629=ORIENTED_EDGE('',*,*,#902,.F.);
#1630=ORIENTED_EDGE('',*,*,#1002,.F.);
#1631=ORIENTED_EDGE('',*,*,#1013,.F.);
#1632=ORIENTED_EDGE('',*,*,#1009,.F.);
#1633=ORIENTED_EDGE('',*,*,#999,.F.);
#1634=ORIENTED_EDGE('',*,*,#995,.F.);
#1635=ORIENTED_EDGE('',*,*,#1019,.F.);
#1636=ORIENTED_EDGE('',*,*,#1071,.F.);
#1637=ORIENTED_EDGE('',*,*,#1069,.T.);
#1638=ORIENTED_EDGE('',*,*,#937,.T.);
#1639=ORIENTED_EDGE('',*,*,#984,.T.);
#1640=ORIENTED_EDGE('',*,*,#993,.F.);
#1641=ORIENTED_EDGE('',*,*,#990,.T.);
#1642=ORIENTED_EDGE('',*,*,#977,.F.);
#1643=ORIENTED_EDGE('',*,*,#974,.T.);
#1644=ORIENTED_EDGE('',*,*,#955,.T.);
#1645=ORIENTED_EDGE('',*,*,#1125,.F.);
#1646=ORIENTED_EDGE('',*,*,#1089,.F.);
#1647=ORIENTED_EDGE('',*,*,#1014,.T.);
#1648=ORIENTED_EDGE('',*,*,#936,.F.);
#1649=ORIENTED_EDGE('',*,*,#947,.F.);
#1650=ORIENTED_EDGE('',*,*,#917,.T.);
#1651=ORIENTED_EDGE('',*,*,#913,.T.);
#1652=ORIENTED_EDGE('',*,*,#1133,.T.);
#1653=PLANE('',#1809);
#1654=PLANE('',#1810);
#1655=PLANE('',#1814);
#1656=PLANE('',#1819);
#1657=PLANE('',#1824);
#1658=PLANE('',#1829);
#1659=PLANE('',#1833);
#1660=PLANE('',#1834);
#1661=PLANE('',#1855);
#1662=PLANE('',#1864);
#1663=PLANE('',#1865);
#1664=PLANE('',#1869);
#1665=PLANE('',#1876);
#1666=PLANE('',#1880);
#1667=PLANE('',#1888);
#1668=PLANE('',#1895);
#1669=PLANE('',#1900);
#1670=PLANE('',#1904);
#1671=PLANE('',#1907);
#1672=PLANE('',#1920);
#1673=PLANE('',#1922);
#1674=PLANE('',#1932);
#1675=PLANE('',#1935);
#1676=PLANE('',#1936);
#1677=PLANE('',#1941);
#1678=PLANE('',#1942);
#1679=PLANE('',#1943);
#1680=PLANE('',#1944);
#1681=PLANE('',#1947);
#1682=PLANE('',#1956);
#1683=PLANE('',#1963);
#1684=PLANE('',#1965);
#1685=PLANE('',#1975);
#1686=PLANE('',#1978);
#1687=PLANE('',#1979);
#1688=PLANE('',#1984);
#1689=PLANE('',#1985);
#1690=PLANE('',#1986);
#1691=PLANE('',#1990);
#1692=PLANE('',#1994);
#1693=PLANE('',#1998);
#1694=PLANE('',#2002);
#1695=PLANE('',#2009);
#1696=PLANE('',#2010);
#1697=ADVANCED_FACE('',(#217),#1653,.T.);
#1698=ADVANCED_FACE('',(#218),#1654,.T.);
#1699=ADVANCED_FACE('',(#219),#163,.T.);
#1700=ADVANCED_FACE('',(#220,#23),#1655,.T.);
#1701=ADVANCED_FACE('',(#221),#164,.T.);
#1702=ADVANCED_FACE('',(#222,#24),#1656,.T.);
#1703=ADVANCED_FACE('',(#223),#165,.F.);
#1704=ADVANCED_FACE('',(#224,#25),#1657,.T.);
#1705=ADVANCED_FACE('',(#225),#166,.F.);
#1706=ADVANCED_FACE('',(#226,#26),#1658,.T.);
#1707=ADVANCED_FACE('',(#227),#167,.F.);
#1708=ADVANCED_FACE('',(#228),#168,.F.);
#1709=ADVANCED_FACE('',(#229),#1659,.F.);
#1710=ADVANCED_FACE('',(#230),#1660,.T.);
#1711=ADVANCED_FACE('',(#231),#169,.T.);
#1712=ADVANCED_FACE('',(#232),#170,.F.);
#1713=ADVANCED_FACE('',(#233),#171,.F.);
#1714=ADVANCED_FACE('',(#234),#172,.F.);
#1715=ADVANCED_FACE('',(#235),#173,.F.);
#1716=ADVANCED_FACE('',(#236),#174,.F.);
#1717=ADVANCED_FACE('',(#237),#1661,.T.);
#1718=ADVANCED_FACE('',(#238),#175,.T.);
#1719=ADVANCED_FACE('',(#239),#176,.F.);
#1720=ADVANCED_FACE('',(#240),#1662,.T.);
#1721=ADVANCED_FACE('',(#241),#1663,.T.);
#1722=ADVANCED_FACE('',(#242),#177,.T.);
#1723=ADVANCED_FACE('',(#243),#178,.T.);
#1724=ADVANCED_FACE('',(#244),#1664,.F.);
#1725=ADVANCED_FACE('',(#245),#179,.F.);
#1726=ADVANCED_FACE('',(#246),#180,.T.);
#1727=ADVANCED_FACE('',(#247),#181,.T.);
#1728=ADVANCED_FACE('',(#248),#1665,.F.);
#1729=ADVANCED_FACE('',(#249),#182,.T.);
#1730=ADVANCED_FACE('',(#250),#1666,.F.);
#1731=ADVANCED_FACE('',(#251),#183,.F.);
#1732=ADVANCED_FACE('',(#252),#184,.T.);
#1733=ADVANCED_FACE('',(#253),#185,.F.);
#1734=ADVANCED_FACE('',(#254),#1667,.T.);
#1735=ADVANCED_FACE('',(#255),#186,.F.);
#1736=ADVANCED_FACE('',(#256),#187,.T.);
#1737=ADVANCED_FACE('',(#257,#27),#1668,.T.);
#1738=ADVANCED_FACE('',(#258),#188,.T.);
#1739=ADVANCED_FACE('',(#259),#1669,.T.);
#1740=ADVANCED_FACE('',(#260),#189,.F.);
#1741=ADVANCED_FACE('',(#261,#28),#1670,.T.);
#1742=ADVANCED_FACE('',(#262),#190,.F.);
#1743=ADVANCED_FACE('',(#263,#29),#1671,.T.);
#1744=ADVANCED_FACE('',(#264),#191,.F.);
#1745=ADVANCED_FACE('',(#265),#192,.F.);
#1746=ADVANCED_FACE('',(#266,#30),#1672,.T.);
#1747=ADVANCED_FACE('',(#267,#31),#1673,.T.);
#1748=ADVANCED_FACE('',(#268),#193,.F.);
#1749=ADVANCED_FACE('',(#269),#194,.F.);
#1750=ADVANCED_FACE('',(#270),#195,.F.);
#1751=ADVANCED_FACE('',(#271),#196,.T.);
#1752=ADVANCED_FACE('',(#272),#1674,.F.);
#1753=ADVANCED_FACE('',(#273),#197,.F.);
#1754=ADVANCED_FACE('',(#274),#1675,.F.);
#1755=ADVANCED_FACE('',(#275,#32,#33),#1676,.T.);
#1756=ADVANCED_FACE('',(#276),#198,.F.);
#1757=ADVANCED_FACE('',(#277),#199,.T.);
#1758=ADVANCED_FACE('',(#278,#34,#35),#1677,.T.);
#1759=ADVANCED_FACE('',(#279),#1678,.F.);
#1760=ADVANCED_FACE('',(#280),#1679,.T.);
#1761=ADVANCED_FACE('',(#281,#36),#1680,.T.);
#1762=ADVANCED_FACE('',(#282),#200,.F.);
#1763=ADVANCED_FACE('',(#283,#37),#1681,.T.);
#1764=ADVANCED_FACE('',(#284),#201,.F.);
#1765=ADVANCED_FACE('',(#285),#1682,.T.);
#1766=ADVANCED_FACE('',(#286),#202,.F.);
#1767=ADVANCED_FACE('',(#287),#203,.F.);
#1768=ADVANCED_FACE('',(#288,#38),#1683,.T.);
#1769=ADVANCED_FACE('',(#289,#39),#1684,.T.);
#1770=ADVANCED_FACE('',(#290),#204,.F.);
#1771=ADVANCED_FACE('',(#291),#205,.F.);
#1772=ADVANCED_FACE('',(#292),#206,.F.);
#1773=ADVANCED_FACE('',(#293),#207,.T.);
#1774=ADVANCED_FACE('',(#294),#1685,.T.);
#1775=ADVANCED_FACE('',(#295),#208,.F.);
#1776=ADVANCED_FACE('',(#296),#1686,.T.);
#1777=ADVANCED_FACE('',(#297,#40,#41),#1687,.F.);
#1778=ADVANCED_FACE('',(#298),#209,.F.);
#1779=ADVANCED_FACE('',(#299),#210,.T.);
#1780=ADVANCED_FACE('',(#300,#42,#43),#1688,.F.);
#1781=ADVANCED_FACE('',(#301),#1689,.F.);
#1782=ADVANCED_FACE('',(#302,#44),#1690,.F.);
#1783=ADVANCED_FACE('',(#303),#211,.T.);
#1784=ADVANCED_FACE('',(#304),#1691,.T.);
#1785=ADVANCED_FACE('',(#305),#212,.F.);
#1786=ADVANCED_FACE('',(#306,#45),#1692,.T.);
#1787=ADVANCED_FACE('',(#307),#213,.F.);
#1788=ADVANCED_FACE('',(#308,#46),#1693,.T.);
#1789=ADVANCED_FACE('',(#309),#214,.T.);
#1790=ADVANCED_FACE('',(#310),#1694,.T.);
#1791=ADVANCED_FACE('',(#311),#215,.F.);
#1792=ADVANCED_FACE('',(#312),#216,.F.);
#1793=ADVANCED_FACE('',(#313,#47,#48,#49,#50,#51,#52),#1695,.T.);
#1794=ADVANCED_FACE('',(#314,#53,#54,#55,#56,#57,#58),#1696,.T.);
#1795=CLOSED_SHELL('',(#1697,#1698,#1699,#1700,#1701,#1702,#1703,#1704,
#1705,#1706,#1707,#1708,#1709,#1710,#1711,#1712,#1713,#1714,#1715,#1716,
#1717,#1718,#1719,#1720,#1721,#1722,#1723,#1724,#1725,#1726,#1727,#1728,
#1729,#1730,#1731,#1732,#1733,#1734,#1735,#1736,#1737,#1738,#1739,#1740,
#1741,#1742,#1743,#1744,#1745,#1746,#1747,#1748,#1749,#1750,#1751,#1752,
#1753,#1754,#1755,#1756,#1757,#1758,#1759,#1760,#1761,#1762,#1763,#1764,
#1765,#1766,#1767,#1768,#1769,#1770,#1771,#1772,#1773,#1774,#1775,#1776,
#1777,#1778,#1779,#1780,#1781,#1782,#1783,#1784,#1785,#1786,#1787,#1788,
#1789,#1790,#1791,#1792,#1793,#1794));
#1796=DERIVED_UNIT_ELEMENT(#1798,1.);
#1797=DERIVED_UNIT_ELEMENT(#3129,-3.);
#1798=(
MASS_UNIT()
NAMED_UNIT(*)
SI_UNIT(.KILO.,.GRAM.)
);
#1799=DERIVED_UNIT((#1796,#1797));
#1800=MEASURE_REPRESENTATION_ITEM('density measure',
POSITIVE_RATIO_MEASURE(7850.),#1799);
#1801=PROPERTY_DEFINITION_REPRESENTATION(#1806,#1803);
#1802=PROPERTY_DEFINITION_REPRESENTATION(#1807,#1804);
#1803=REPRESENTATION('material name',(#1805),#3126);
#1804=REPRESENTATION('density',(#1800),#3126);
#1805=DESCRIPTIVE_REPRESENTATION_ITEM('\X2\94A2\X0\','\X2\94A2\X0\');
#1806=PROPERTY_DEFINITION('material property','material name',#3136);
#1807=PROPERTY_DEFINITION('material property','density of part',#3136);
#1808=AXIS2_PLACEMENT_3D('',#2557,#2011,#2012);
#1809=AXIS2_PLACEMENT_3D('',#2558,#2013,#2014);
#1810=AXIS2_PLACEMENT_3D('',#2567,#2019,#2020);
#1811=AXIS2_PLACEMENT_3D('',#2576,#2025,#2026);
#1812=AXIS2_PLACEMENT_3D('',#2578,#2027,#2028);
#1813=AXIS2_PLACEMENT_3D('',#2581,#2030,#2031);
#1814=AXIS2_PLACEMENT_3D('',#2582,#2032,#2033);
#1815=AXIS2_PLACEMENT_3D('',#2584,#2034,#2035);
#1816=AXIS2_PLACEMENT_3D('',#2585,#2036,#2037);
#1817=AXIS2_PLACEMENT_3D('',#2587,#2038,#2039);
#1818=AXIS2_PLACEMENT_3D('',#2590,#2041,#2042);
#1819=AXIS2_PLACEMENT_3D('',#2591,#2043,#2044);
#1820=AXIS2_PLACEMENT_3D('',#2593,#2045,#2046);
#1821=AXIS2_PLACEMENT_3D('',#2594,#2047,#2048);
#1822=AXIS2_PLACEMENT_3D('',#2596,#2049,#2050);
#1823=AXIS2_PLACEMENT_3D('',#2599,#2052,#2053);
#1824=AXIS2_PLACEMENT_3D('',#2600,#2054,#2055);
#1825=AXIS2_PLACEMENT_3D('',#2602,#2056,#2057);
#1826=AXIS2_PLACEMENT_3D('',#2603,#2058,#2059);
#1827=AXIS2_PLACEMENT_3D('',#2605,#2060,#2061);
#1828=AXIS2_PLACEMENT_3D('',#2608,#2063,#2064);
#1829=AXIS2_PLACEMENT_3D('',#2609,#2065,#2066);
#1830=AXIS2_PLACEMENT_3D('',#2611,#2067,#2068);
#1831=AXIS2_PLACEMENT_3D('',#2612,#2069,#2070);
#1832=AXIS2_PLACEMENT_3D('',#2614,#2072,#2073);
#1833=AXIS2_PLACEMENT_3D('',#2616,#2075,#2076);
#1834=AXIS2_PLACEMENT_3D('',#2625,#2081,#2082);
#1835=AXIS2_PLACEMENT_3D('',#2628,#2083,#2084);
#1836=AXIS2_PLACEMENT_3D('',#2632,#2086,#2087);
#1837=AXIS2_PLACEMENT_3D('',#2633,#2088,#2089);
#1838=AXIS2_PLACEMENT_3D('',#2634,#2090,#2091);
#1839=AXIS2_PLACEMENT_3D('',#2639,#2094,#2095);
#1840=AXIS2_PLACEMENT_3D('',#2640,#2096,#2097);
#1841=AXIS2_PLACEMENT_3D('',#2642,#2098,#2099);
#1842=AXIS2_PLACEMENT_3D('',#2645,#2101,#2102);
#1843=AXIS2_PLACEMENT_3D('',#2646,#2103,#2104);
#1844=AXIS2_PLACEMENT_3D('',#2649,#2105,#2106);
#1845=AXIS2_PLACEMENT_3D('',#2653,#2108,#2109);
#1846=AXIS2_PLACEMENT_3D('',#2655,#2111,#2112);
#1847=AXIS2_PLACEMENT_3D('',#2656,#2113,#2114);
#1848=AXIS2_PLACEMENT_3D('',#2657,#2115,#2116);
#1849=AXIS2_PLACEMENT_3D('',#2658,#2117,#2118);
#1850=AXIS2_PLACEMENT_3D('',#2659,#2119,#2120);
#1851=AXIS2_PLACEMENT_3D('',#2660,#2121,#2122);
#1852=AXIS2_PLACEMENT_3D('',#2661,#2123,#2124);
#1853=AXIS2_PLACEMENT_3D('',#2663,#2125,#2126);
#1854=AXIS2_PLACEMENT_3D('',#2666,#2128,#2129);
#1855=AXIS2_PLACEMENT_3D('',#2667,#2130,#2131);
#1856=AXIS2_PLACEMENT_3D('',#2670,#2132,#2133);
#1857=AXIS2_PLACEMENT_3D('',#2674,#2135,#2136);
#1858=AXIS2_PLACEMENT_3D('',#2675,#2137,#2138);
#1859=AXIS2_PLACEMENT_3D('',#2676,#2139,#2140);
#1860=AXIS2_PLACEMENT_3D('',#2681,#2143,#2144);
#1861=AXIS2_PLACEMENT_3D('',#2682,#2145,#2146);
#1862=AXIS2_PLACEMENT_3D('',#2685,#2147,#2148);
#1863=AXIS2_PLACEMENT_3D('',#2689,#2150,#2151);
#1864=AXIS2_PLACEMENT_3D('',#2691,#2153,#2154);
#1865=AXIS2_PLACEMENT_3D('',#2700,#2159,#2160);
#1866=AXIS2_PLACEMENT_3D('',#2709,#2165,#2166);
#1867=AXIS2_PLACEMENT_3D('',#2730,#2167,#2168);
#1868=AXIS2_PLACEMENT_3D('',#2732,#2169,#2170);
#1869=AXIS2_PLACEMENT_3D('',#2739,#2172,#2173);
#1870=AXIS2_PLACEMENT_3D('',#2746,#2177,#2178);
#1871=AXIS2_PLACEMENT_3D('',#2747,#2179,#2180);
#1872=AXIS2_PLACEMENT_3D('',#2754,#2182,#2183);
#1873=AXIS2_PLACEMENT_3D('',#2755,#2184,#2185);
#1874=AXIS2_PLACEMENT_3D('',#2756,#2186,#2187);
#1875=AXIS2_PLACEMENT_3D('',#2757,#2188,#2189);
#1876=AXIS2_PLACEMENT_3D('',#2778,#2190,#2191);
#1877=AXIS2_PLACEMENT_3D('',#2783,#2193,#2194);
#1878=AXIS2_PLACEMENT_3D('',#2786,#2197,#2198);
#1879=AXIS2_PLACEMENT_3D('',#2787,#2199,#2200);
#1880=AXIS2_PLACEMENT_3D('',#2792,#2201,#2202);
#1881=AXIS2_PLACEMENT_3D('',#2799,#2206,#2207);
#1882=AXIS2_PLACEMENT_3D('',#2800,#2208,#2209);
#1883=AXIS2_PLACEMENT_3D('',#2806,#2211,#2212);
#1884=AXIS2_PLACEMENT_3D('',#2807,#2213,#2214);
#1885=AXIS2_PLACEMENT_3D('',#2808,#2215,#2216);
#1886=AXIS2_PLACEMENT_3D('',#2811,#2217,#2218);
#1887=AXIS2_PLACEMENT_3D('',#2815,#2220,#2221);
#1888=AXIS2_PLACEMENT_3D('',#2817,#2223,#2224);
#1889=AXIS2_PLACEMENT_3D('',#2823,#2228,#2229);
#1890=AXIS2_PLACEMENT_3D('',#2825,#2230,#2231);
#1891=AXIS2_PLACEMENT_3D('',#2827,#2232,#2233);
#1892=AXIS2_PLACEMENT_3D('',#2829,#2235,#2236);
#1893=AXIS2_PLACEMENT_3D('',#2831,#2237,#2238);
#1894=AXIS2_PLACEMENT_3D('',#2834,#2240,#2241);
#1895=AXIS2_PLACEMENT_3D('',#2835,#2242,#2243);
#1896=AXIS2_PLACEMENT_3D('',#2837,#2244,#2245);
#1897=AXIS2_PLACEMENT_3D('',#2838,#2246,#2247);
#1898=AXIS2_PLACEMENT_3D('',#2840,#2248,#2249);
#1899=AXIS2_PLACEMENT_3D('',#2843,#2251,#2252);
#1900=AXIS2_PLACEMENT_3D('',#2844,#2253,#2254);
#1901=AXIS2_PLACEMENT_3D('',#2847,#2257,#2258);
#1902=AXIS2_PLACEMENT_3D('',#2849,#2259,#2260);
#1903=AXIS2_PLACEMENT_3D('',#2852,#2262,#2263);
#1904=AXIS2_PLACEMENT_3D('',#2853,#2264,#2265);
#1905=AXIS2_PLACEMENT_3D('',#2855,#2266,#2267);
#1906=AXIS2_PLACEMENT_3D('',#2856,#2268,#2269);
#1907=AXIS2_PLACEMENT_3D('',#2858,#2271,#2272);
#1908=AXIS2_PLACEMENT_3D('',#2864,#2275,#2276);
#1909=AXIS2_PLACEMENT_3D('',#2870,#2279,#2280);
#1910=AXIS2_PLACEMENT_3D('',#2873,#2282,#2283);
#1911=AXIS2_PLACEMENT_3D('',#2876,#2284,#2285);
#1912=AXIS2_PLACEMENT_3D('',#2880,#2287,#2288);
#1913=AXIS2_PLACEMENT_3D('',#2884,#2290,#2291);
#1914=AXIS2_PLACEMENT_3D('',#2886,#2293,#2294);
#1915=AXIS2_PLACEMENT_3D('',#2888,#2295,#2296);
#1916=AXIS2_PLACEMENT_3D('',#2891,#2298,#2299);
#1917=AXIS2_PLACEMENT_3D('',#2892,#2300,#2301);
#1918=AXIS2_PLACEMENT_3D('',#2894,#2302,#2303);
#1919=AXIS2_PLACEMENT_3D('',#2897,#2305,#2306);
#1920=AXIS2_PLACEMENT_3D('',#2898,#2307,#2308);
#1921=AXIS2_PLACEMENT_3D('',#2900,#2309,#2310);
#1922=AXIS2_PLACEMENT_3D('',#2901,#2311,#2312);
#1923=AXIS2_PLACEMENT_3D('',#2903,#2313,#2314);
#1924=AXIS2_PLACEMENT_3D('',#2904,#2315,#2316);
#1925=AXIS2_PLACEMENT_3D('',#2906,#2317,#2318);
#1926=AXIS2_PLACEMENT_3D('',#2908,#2320,#2321);
#1927=AXIS2_PLACEMENT_3D('',#2910,#2322,#2323);
#1928=AXIS2_PLACEMENT_3D('',#2912,#2325,#2326);
#1929=AXIS2_PLACEMENT_3D('',#2916,#2328,#2329);
#1930=AXIS2_PLACEMENT_3D('',#2918,#2331,#2332);
#1931=AXIS2_PLACEMENT_3D('',#2922,#2334,#2335);
#1932=AXIS2_PLACEMENT_3D('',#2924,#2337,#2338);
#1933=AXIS2_PLACEMENT_3D('',#2928,#2341,#2342);
#1934=AXIS2_PLACEMENT_3D('',#2932,#2344,#2345);
#1935=AXIS2_PLACEMENT_3D('',#2934,#2347,#2348);
#1936=AXIS2_PLACEMENT_3D('',#2936,#2350,#2351);
#1937=AXIS2_PLACEMENT_3D('',#2940,#2354,#2355);
#1938=AXIS2_PLACEMENT_3D('',#2942,#2356,#2357);
#1939=AXIS2_PLACEMENT_3D('',#2944,#2359,#2360);
#1940=AXIS2_PLACEMENT_3D('',#2947,#2361,#2362);
#1941=AXIS2_PLACEMENT_3D('',#2950,#2365,#2366);
#1942=AXIS2_PLACEMENT_3D('',#2954,#2369,#2370);
#1943=AXIS2_PLACEMENT_3D('',#2956,#2372,#2373);
#1944=AXIS2_PLACEMENT_3D('',#2958,#2375,#2376);
#1945=AXIS2_PLACEMENT_3D('',#2962,#2379,#2380);
#1946=AXIS2_PLACEMENT_3D('',#2963,#2381,#2382);
#1947=AXIS2_PLACEMENT_3D('',#2965,#2384,#2385);
#1948=AXIS2_PLACEMENT_3D('',#2970,#2387,#2388);
#1949=AXIS2_PLACEMENT_3D('',#2974,#2390,#2391);
#1950=AXIS2_PLACEMENT_3D('',#2980,#2394,#2395);
#1951=AXIS2_PLACEMENT_3D('',#2988,#2399,#2400);
#1952=AXIS2_PLACEMENT_3D('',#2992,#2402,#2403);
#1953=AXIS2_PLACEMENT_3D('',#2995,#2405,#2406);
#1954=AXIS2_PLACEMENT_3D('',#2996,#2407,#2408);
#1955=AXIS2_PLACEMENT_3D('',#2999,#2409,#2410);
#1956=AXIS2_PLACEMENT_3D('',#3002,#2413,#2414);
#1957=AXIS2_PLACEMENT_3D('',#3008,#2418,#2419);
#1958=AXIS2_PLACEMENT_3D('',#3010,#2420,#2421);
#1959=AXIS2_PLACEMENT_3D('',#3013,#2423,#2424);
#1960=AXIS2_PLACEMENT_3D('',#3014,#2425,#2426);
#1961=AXIS2_PLACEMENT_3D('',#3016,#2427,#2428);
#1962=AXIS2_PLACEMENT_3D('',#3019,#2430,#2431);
#1963=AXIS2_PLACEMENT_3D('',#3020,#2432,#2433);
#1964=AXIS2_PLACEMENT_3D('',#3022,#2434,#2435);
#1965=AXIS2_PLACEMENT_3D('',#3023,#2436,#2437);
#1966=AXIS2_PLACEMENT_3D('',#3025,#2438,#2439);
#1967=AXIS2_PLACEMENT_3D('',#3026,#2440,#2441);
#1968=AXIS2_PLACEMENT_3D('',#3028,#2442,#2443);
#1969=AXIS2_PLACEMENT_3D('',#3030,#2445,#2446);
#1970=AXIS2_PLACEMENT_3D('',#3032,#2447,#2448);
#1971=AXIS2_PLACEMENT_3D('',#3034,#2450,#2451);
#1972=AXIS2_PLACEMENT_3D('',#3038,#2453,#2454);
#1973=AXIS2_PLACEMENT_3D('',#3040,#2456,#2457);
#1974=AXIS2_PLACEMENT_3D('',#3044,#2459,#2460);
#1975=AXIS2_PLACEMENT_3D('',#3046,#2462,#2463);
#1976=AXIS2_PLACEMENT_3D('',#3048,#2465,#2466);
#1977=AXIS2_PLACEMENT_3D('',#3051,#2468,#2469);
#1978=AXIS2_PLACEMENT_3D('',#3052,#2470,#2471);
#1979=AXIS2_PLACEMENT_3D('',#3054,#2473,#2474);
#1980=AXIS2_PLACEMENT_3D('',#3058,#2477,#2478);
#1981=AXIS2_PLACEMENT_3D('',#3059,#2479,#2480);
#1982=AXIS2_PLACEMENT_3D('',#3060,#2481,#2482);
#1983=AXIS2_PLACEMENT_3D('',#3063,#2483,#2484);
#1984=AXIS2_PLACEMENT_3D('',#3066,#2487,#2488);
#1985=AXIS2_PLACEMENT_3D('',#3070,#2491,#2492);
#1986=AXIS2_PLACEMENT_3D('',#3072,#2494,#2495);
#1987=AXIS2_PLACEMENT_3D('',#3075,#2498,#2499);
#1988=AXIS2_PLACEMENT_3D('',#3078,#2500,#2501);
#1989=AXIS2_PLACEMENT_3D('',#3082,#2503,#2504);
#1990=AXIS2_PLACEMENT_3D('',#3084,#2506,#2507);
#1991=AXIS2_PLACEMENT_3D('',#3090,#2511,#2512);
#1992=AXIS2_PLACEMENT_3D('',#3092,#2513,#2514);
#1993=AXIS2_PLACEMENT_3D('',#3095,#2516,#2517);
#1994=AXIS2_PLACEMENT_3D('',#3096,#2518,#2519);
#1995=AXIS2_PLACEMENT_3D('',#3098,#2520,#2521);
#1996=AXIS2_PLACEMENT_3D('',#3099,#2522,#2523);
#1997=AXIS2_PLACEMENT_3D('',#3102,#2525,#2526);
#1998=AXIS2_PLACEMENT_3D('',#3103,#2527,#2528);
#1999=AXIS2_PLACEMENT_3D('',#3105,#2529,#2530);
#2000=AXIS2_PLACEMENT_3D('',#3106,#2531,#2532);
#2001=AXIS2_PLACEMENT_3D('',#3109,#2534,#2535);
#2002=AXIS2_PLACEMENT_3D('',#3110,#2536,#2537);
#2003=AXIS2_PLACEMENT_3D('',#3116,#2541,#2542);
#2004=AXIS2_PLACEMENT_3D('',#3117,#2543,#2544);
#2005=AXIS2_PLACEMENT_3D('',#3118,#2545,#2546);
#2006=AXIS2_PLACEMENT_3D('',#3119,#2547,#2548);
#2007=AXIS2_PLACEMENT_3D('',#3120,#2549,#2550);
#2008=AXIS2_PLACEMENT_3D('',#3121,#2551,#2552);
#2009=AXIS2_PLACEMENT_3D('',#3122,#2553,#2554);
#2010=AXIS2_PLACEMENT_3D('',#3123,#2555,#2556);
#2011=DIRECTION('axis',(0.,0.,1.));
#2012=DIRECTION('refdir',(1.,0.,0.));
#2013=DIRECTION('center_axis',(-1.16344606335296E-14,1.,-2.96196037545134E-15));
#2014=DIRECTION('ref_axis',(-0.965925826289069,-1.04714142448639E-14,0.258819045102518));
#2015=DIRECTION('',(0.965925826289065,1.04714142448639E-14,-0.258819045102533));
#2016=DIRECTION('',(0.25881904510252,5.8722540145463E-15,0.965925826289068));
#2017=DIRECTION('',(0.965925826289069,1.04714142448639E-14,-0.258819045102518));
#2018=DIRECTION('',(0.25881904510252,5.8722540145463E-15,0.965925826289068));
#2019=DIRECTION('center_axis',(1.16344606335296E-14,-1.,2.96196037545134E-15));
#2020=DIRECTION('ref_axis',(0.965925826289069,1.04714142448639E-14,-0.258819045102518));
#2021=DIRECTION('',(-0.965925826289072,-1.0471414244864E-14,0.258819045102507));
#2022=DIRECTION('',(0.25881904510252,5.8722540145463E-15,0.965925826289068));
#2023=DIRECTION('',(0.965925826289069,1.04714142448639E-14,-0.258819045102518));
#2024=DIRECTION('',(0.25881904510252,5.8722540145463E-15,0.965925826289068));
#2025=DIRECTION('center_axis',(-0.965925826289068,-9.57057310350063E-33,
0.258819045102522));
#2026=DIRECTION('ref_axis',(-1.27390769484074E-45,-1.,-3.69778549322397E-32));
#2027=DIRECTION('center_axis',(-0.965925826289069,1.94185086488472E-30,
0.25881904510252));
#2028=DIRECTION('ref_axis',(-2.07813033191659E-30,-1.,5.19855489271434E-31));
#2029=DIRECTION('',(0.965925826289068,9.57057310350063E-33,-0.258819045102522));
#2030=DIRECTION('center_axis',(0.965925826289069,1.04714142448639E-14,-0.25881904510252));
#2031=DIRECTION('ref_axis',(-1.27390769484074E-45,-1.,-3.69778549322397E-32));
#2032=DIRECTION('center_axis',(-0.965925826289069,1.96258168994903E-30,
0.25881904510252));
#2033=DIRECTION('ref_axis',(-1.90495280425687E-30,-1.,4.73452710587795E-31));
#2034=DIRECTION('center_axis',(0.965925826289069,-1.94185086488472E-30,
-0.25881904510252));
#2035=DIRECTION('ref_axis',(-1.5239622434055E-30,-1.,3.71366597483789E-31));
#2036=DIRECTION('center_axis',(-0.965925826289068,-9.57057310350063E-33,
0.258819045102522));
#2037=DIRECTION('ref_axis',(-9.55430771130557E-46,-1.,-3.69778549322392E-32));
#2038=DIRECTION('center_axis',(-0.965925826289069,1.94185086488472E-30,
0.25881904510252));
#2039=DIRECTION('ref_axis',(-1.88492836492698E-30,-1.,4.68087178240464E-31));
#2040=DIRECTION('',(0.965925826289068,9.57057310350063E-33,-0.258819045102522));
#2041=DIRECTION('center_axis',(0.965925826289069,1.04714142448639E-14,-0.25881904510252));
#2042=DIRECTION('ref_axis',(-9.55430771130557E-46,-1.,-3.69778549322392E-32));
#2043=DIRECTION('center_axis',(-0.965925826289069,1.94185086488472E-30,
0.25881904510252));
#2044=DIRECTION('ref_axis',(-1.88492836492698E-30,-1.,4.68087178240464E-31));
#2045=DIRECTION('center_axis',(0.965925826289069,-1.94185086488472E-30,
-0.25881904510252));
#2046=DIRECTION('ref_axis',(-1.88492836492698E-30,-1.,4.68087178240464E-31));
#2047=DIRECTION('center_axis',(-0.965925826289069,-9.57057310350042E-33,
0.258819045102516));
#2048=DIRECTION('ref_axis',(0.,1.,3.69778549322349E-32));
#2049=DIRECTION('center_axis',(-0.965925826289069,3.5845474684531E-16,0.25881904510252));
#2050=DIRECTION('ref_axis',(0.,1.,3.69778549322349E-32));
#2051=DIRECTION('',(-0.96592582628907,-9.57057310350042E-33,0.258819045102516));
#2052=DIRECTION('center_axis',(-0.965925826289069,-9.57057310350055E-33,
0.25881904510252));
#2053=DIRECTION('ref_axis',(0.,1.,3.69778549322349E-32));
#2054=DIRECTION('center_axis',(0.965925826289069,9.57057310350055E-33,-0.25881904510252));
#2055=DIRECTION('ref_axis',(0.,1.,3.69778549322349E-32));
#2056=DIRECTION('center_axis',(0.965925826289069,9.57057310350055E-33,-0.25881904510252));
#2057=DIRECTION('ref_axis',(0.,-1.,-3.69778549322349E-32));
#2058=DIRECTION('center_axis',(-0.965925826289069,-9.57057310350042E-33,
0.258819045102516));
#2059=DIRECTION('ref_axis',(0.,1.,3.69778549322349E-32));
#2060=DIRECTION('center_axis',(-0.965925826289069,3.5845474684531E-16,0.25881904510252));
#2061=DIRECTION('ref_axis',(0.,1.,3.69778549322349E-32));
#2062=DIRECTION('',(-0.96592582628907,-9.57057310350042E-33,0.258819045102516));
#2063=DIRECTION('center_axis',(-0.965925826289069,-9.57057310350055E-33,
0.25881904510252));
#2064=DIRECTION('ref_axis',(0.,1.,3.69778549322349E-32));
#2065=DIRECTION('center_axis',(0.965925826289069,9.57057310350055E-33,-0.25881904510252));
#2066=DIRECTION('ref_axis',(0.,1.,3.69778549322349E-32));
#2067=DIRECTION('center_axis',(0.965925826289069,9.57057310350055E-33,-0.25881904510252));
#2068=DIRECTION('ref_axis',(0.,-1.,-3.69778549322349E-32));
#2069=DIRECTION('center_axis',(0.965925826289068,9.5705731035006E-33,-0.258819045102521));
#2070=DIRECTION('ref_axis',(0.,-1.,-3.69778549322349E-32));
#2071=DIRECTION('',(0.965925826289068,9.5705731035006E-33,-0.258819045102521));
#2072=DIRECTION('center_axis',(0.965925826289068,9.5705731035006E-33,-0.258819045102521));
#2073=DIRECTION('ref_axis',(0.,-1.,-3.69778549322349E-32));
#2074=DIRECTION('',(0.965925826289068,9.5705731035006E-33,-0.258819045102521));
#2075=DIRECTION('center_axis',(0.258819045102518,3.31920492098551E-15,0.965925826289069));
#2076=DIRECTION('ref_axis',(1.09736829050344E-14,-1.,4.95904320197089E-16));
#2077=DIRECTION('',(1.09736829050344E-14,-1.,4.95904320197089E-16));
#2078=DIRECTION('',(0.965925826289069,1.04714142448639E-14,-0.258819045102518));
#2079=DIRECTION('',(-1.09736829050344E-14,1.,-4.95904320197089E-16));
#2080=DIRECTION('',(0.965925826289069,1.04714142448639E-14,-0.258819045102518));
#2081=DIRECTION('center_axis',(0.965925826289069,1.04714142448639E-14,-0.25881904510252));
#2082=DIRECTION('ref_axis',(-1.08408057429144E-14,1.,-1.10933564796705E-30));
#2083=DIRECTION('center_axis',(-0.965925826289069,-1.04714142448639E-14,
0.25881904510252));
#2084=DIRECTION('ref_axis',(0.205302974086928,0.608922422689407,0.766201130237437));
#2085=DIRECTION('',(0.25881904510252,2.80580699052303E-15,0.965925826289068));
#2086=DIRECTION('center_axis',(-0.965925826289069,-1.04714142448639E-14,
0.25881904510252));
#2087=DIRECTION('ref_axis',(-0.205302974086939,0.608922422689406,-0.766201130237434));
#2088=DIRECTION('center_axis',(0.965925826289069,1.04714142448639E-14,-0.25881904510252));
#2089=DIRECTION('ref_axis',(-0.25881904510252,-2.80580699052303E-15,-0.965925826289069));
#2090=DIRECTION('center_axis',(-0.965925826289069,-1.04714142448639E-14,
0.25881904510252));
#2091=DIRECTION('ref_axis',(0.209152467421399,0.589041095890414,0.780567634945083));
#2092=DIRECTION('',(-0.965925826289068,-1.04714142448639E-14,0.25881904510252));
#2093=DIRECTION('',(0.965925826289068,1.04714142448639E-14,-0.25881904510252));
#2094=DIRECTION('center_axis',(-0.965925826289069,-1.04714142448639E-14,
0.25881904510252));
#2095=DIRECTION('ref_axis',(0.209152467421399,0.589041095890414,0.780567634945083));
#2096=DIRECTION('center_axis',(-0.965925826289069,-1.04714142448639E-14,
0.25881904510252));
#2097=DIRECTION('ref_axis',(1.08408057429144E-14,-1.,1.11858011170011E-30));
#2098=DIRECTION('center_axis',(0.965925826289069,1.04714142448639E-14,-0.25881904510252));
#2099=DIRECTION('ref_axis',(1.08408057429144E-14,-1.,1.11858011170011E-30));
#2100=DIRECTION('',(0.965925826289069,1.04714142448639E-14,-0.25881904510252));
#2101=DIRECTION('center_axis',(0.965925826289069,1.04714142448639E-14,-0.25881904510252));
#2102=DIRECTION('ref_axis',(1.08408057429144E-14,-1.,1.11858011170011E-30));
#2103=DIRECTION('center_axis',(0.965925826289068,1.04714142448639E-14,-0.25881904510252));
#2104=DIRECTION('ref_axis',(1.22200706857192E-14,-1.,5.14748684364577E-15));
#2105=DIRECTION('center_axis',(-0.965925826289069,-1.04714142448639E-14,
0.25881904510252));
#2106=DIRECTION('ref_axis',(1.22200706857192E-14,-1.,5.14748684364577E-15));
#2107=DIRECTION('',(-0.965925826289068,-1.04714142448639E-14,0.25881904510252));
#2108=DIRECTION('center_axis',(0.965925826289069,1.04714142448639E-14,-0.25881904510252));
#2109=DIRECTION('ref_axis',(1.22200706857192E-14,-1.,5.14748684364577E-15));
#2110=DIRECTION('',(0.965925826289068,1.04714142448639E-14,-0.25881904510252));
#2111=DIRECTION('center_axis',(0.965925826289069,1.04714142448639E-14,-0.258819045102518));
#2112=DIRECTION('ref_axis',(1.08408057429144E-14,-1.,1.12166159961113E-30));
#2113=DIRECTION('center_axis',(-0.965925826289069,-1.04714142448639E-14,
0.25881904510252));
#2114=DIRECTION('ref_axis',(1.08408057429144E-14,-1.,1.12166159961113E-30));
#2115=DIRECTION('center_axis',(0.965925826289069,1.04714142448639E-14,-0.25881904510252));
#2116=DIRECTION('ref_axis',(1.08408057429144E-14,-1.,1.12166159961113E-30));
#2117=DIRECTION('center_axis',(0.965925826289069,1.04714142448639E-14,-0.258819045102518));
#2118=DIRECTION('ref_axis',(1.08408057429144E-14,-1.,1.12166159961113E-30));
#2119=DIRECTION('center_axis',(-0.965925826289069,-1.04714142448639E-14,
0.25881904510252));
#2120=DIRECTION('ref_axis',(1.08408057429144E-14,-1.,1.12166159961113E-30));
#2121=DIRECTION('center_axis',(0.965925826289069,1.04714142448639E-14,-0.25881904510252));
#2122=DIRECTION('ref_axis',(1.08408057429144E-14,-1.,1.12166159961113E-30));
#2123=DIRECTION('center_axis',(-0.965925826289069,-1.04714142448639E-14,
0.25881904510252));
#2124=DIRECTION('ref_axis',(1.08408057429144E-14,-1.,1.11858011170011E-30));
#2125=DIRECTION('center_axis',(0.965925826289069,1.04714142448639E-14,-0.25881904510252));
#2126=DIRECTION('ref_axis',(1.08408057429144E-14,-1.,1.11858011170011E-30));
#2127=DIRECTION('',(0.965925826289069,1.04714142448639E-14,-0.25881904510252));
#2128=DIRECTION('center_axis',(0.965925826289069,1.04714142448639E-14,-0.25881904510252));
#2129=DIRECTION('ref_axis',(1.08408057429144E-14,-1.,1.11858011170011E-30));
#2130=DIRECTION('center_axis',(0.965925826289069,1.04714142448639E-14,-0.25881904510252));
#2131=DIRECTION('ref_axis',(-1.08408057429144E-14,1.,-1.10933564796705E-30));
#2132=DIRECTION('center_axis',(-0.965925826289069,-1.04714142448639E-14,
0.25881904510252));
#2133=DIRECTION('ref_axis',(-0.205302974086928,-0.608922422689409,-0.766201130237435));
#2134=DIRECTION('',(-0.25881904510252,-2.80580699052303E-15,-0.965925826289068));
#2135=DIRECTION('center_axis',(-0.965925826289069,-1.04714142448639E-14,
0.25881904510252));
#2136=DIRECTION('ref_axis',(0.20530297408694,-0.6089224226894,0.766201130237439));
#2137=DIRECTION('center_axis',(0.965925826289069,1.04714142448639E-14,-0.25881904510252));
#2138=DIRECTION('ref_axis',(0.209152467421412,-0.589041095890411,0.780567634945082));
#2139=DIRECTION('center_axis',(0.965925826289069,1.04714142448639E-14,-0.25881904510252));
#2140=DIRECTION('ref_axis',(0.209152467421412,-0.589041095890411,0.780567634945082));
#2141=DIRECTION('',(-0.965925826289068,-1.04714142448639E-14,0.25881904510252));
#2142=DIRECTION('',(0.965925826289068,1.04714142448639E-14,-0.25881904510252));
#2143=DIRECTION('center_axis',(-0.965925826289069,-1.04714142448639E-14,
0.25881904510252));
#2144=DIRECTION('ref_axis',(-0.25881904510252,-2.80580699052303E-15,-0.965925826289069));
#2145=DIRECTION('center_axis',(0.965925826289068,1.04714142448639E-14,-0.25881904510252));
#2146=DIRECTION('ref_axis',(0.25881904510252,5.47034224962341E-15,0.965925826289068));
#2147=DIRECTION('center_axis',(-0.965925826289069,-1.04714142448639E-14,
0.25881904510252));
#2148=DIRECTION('ref_axis',(0.25881904510252,5.47034224962341E-15,0.965925826289068));
#2149=DIRECTION('',(0.965925826289068,1.04714142448639E-14,-0.25881904510252));
#2150=DIRECTION('center_axis',(0.965925826289069,1.04714142448639E-14,-0.25881904510252));
#2151=DIRECTION('ref_axis',(0.25881904510252,5.47034224962341E-15,0.965925826289068));
#2152=DIRECTION('',(0.965925826289068,1.04714142448639E-14,-0.25881904510252));
#2153=DIRECTION('center_axis',(-1.08408057429144E-14,1.,-1.10933564796705E-30));
#2154=DIRECTION('ref_axis',(0.25881904510252,2.80580699052303E-15,0.965925826289068));
#2155=DIRECTION('',(0.25881904510252,2.80580699052303E-15,0.965925826289068));
#2156=DIRECTION('',(-0.965925826289068,-1.04714142448639E-14,0.25881904510252));
#2157=DIRECTION('',(-0.25881904510252,-2.80580699052303E-15,-0.965925826289068));
#2158=DIRECTION('',(0.965925826289068,1.04714142448639E-14,-0.25881904510252));
#2159=DIRECTION('center_axis',(1.08408057429144E-14,-1.,1.10933564796705E-30));
#2160=DIRECTION('ref_axis',(-0.25881904510252,-2.80580699052303E-15,-0.965925826289068));
#2161=DIRECTION('',(-0.25881904510252,-2.80580699052303E-15,-0.965925826289068));
#2162=DIRECTION('',(-0.965925826289068,-1.04714142448639E-14,0.25881904510252));
#2163=DIRECTION('',(0.25881904510252,2.80580699052303E-15,0.965925826289068));
#2164=DIRECTION('',(0.965925826289068,1.04714142448639E-14,-0.25881904510252));
#2165=DIRECTION('center_axis',(0.25881904510252,2.80580699052303E-15,0.965925826289069));
#2166=DIRECTION('ref_axis',(0.683012701892213,0.707106781186554,-0.183012701892217));
#2167=DIRECTION('center_axis',(-0.965925826289068,-1.03002656609143E-14,
0.25881904510252));
#2168=DIRECTION('ref_axis',(0.20530297408694,-0.6089224226894,0.766201130237439));
#2169=DIRECTION('center_axis',(0.965925826289069,1.04714142448639E-14,-0.25881904510252));
#2170=DIRECTION('ref_axis',(0.20530297408694,-0.6089224226894,0.766201130237439));
#2171=DIRECTION('',(-0.965925826289068,-1.03002656609143E-14,0.25881904510252));
#2172=DIRECTION('center_axis',(0.25881904510252,2.80580699052304E-15,0.965925826289068));
#2173=DIRECTION('ref_axis',(1.08408057429144E-14,-1.,1.10933564796705E-30));
#2174=DIRECTION('',(0.965925826289068,1.05588497360836E-14,-0.25881904510252));
#2175=DIRECTION('',(1.08408057429144E-14,-1.,1.10933564796705E-30));
#2176=DIRECTION('',(-1.08408057429144E-14,1.,-1.10933564796705E-30));
#2177=DIRECTION('center_axis',(-0.25881904510252,-2.80580699052304E-15,
-0.965925826289068));
#2178=DIRECTION('ref_axis',(-0.683012701892217,-0.70710678118655,0.183012701892218));
#2179=DIRECTION('center_axis',(-0.25881904510252,-2.80580699052303E-15,
-0.965925826289069));
#2180=DIRECTION('ref_axis',(-0.683012701892217,-0.70710678118655,0.183012701892218));
#2181=DIRECTION('',(0.25881904510252,2.80580699052303E-15,0.965925826289068));
#2182=DIRECTION('center_axis',(0.258819045102521,2.80580699052304E-15,0.965925826289068));
#2183=DIRECTION('ref_axis',(-0.683012701892217,-0.70710678118655,0.183012701892218));
#2184=DIRECTION('center_axis',(0.965925826289068,1.05588497360836E-14,-0.25881904510252));
#2185=DIRECTION('ref_axis',(-0.205302974086928,-0.608922422689409,-0.766201130237435));
#2186=DIRECTION('center_axis',(0.965925826289069,1.04714142448639E-14,-0.25881904510252));
#2187=DIRECTION('ref_axis',(-0.205302974086928,-0.608922422689409,-0.766201130237435));
#2188=DIRECTION('center_axis',(-0.25881904510252,-2.80580699052303E-15,
-0.965925826289069));
#2189=DIRECTION('ref_axis',(0.683012701892228,-0.70710678118654,-0.183012701892217));
#2190=DIRECTION('center_axis',(0.25881904510252,2.80580699052304E-15,0.965925826289068));
#2191=DIRECTION('ref_axis',(1.08408057429144E-14,-1.,1.10933564796705E-30));
#2192=DIRECTION('',(-0.965925826289068,-1.03577287887297E-14,0.25881904510252));
#2193=DIRECTION('center_axis',(-0.25881904510252,-2.80580699052304E-15,
-0.965925826289068));
#2194=DIRECTION('ref_axis',(-0.683012701892225,0.707106781186543,0.183012701892216));
#2195=DIRECTION('',(-1.08408057429144E-14,1.,-1.10933564796705E-30));
#2196=DIRECTION('',(1.08408057429144E-14,-1.,1.10933564796705E-30));
#2197=DIRECTION('center_axis',(-0.965925826289068,-1.03577287887297E-14,
0.25881904510252));
#2198=DIRECTION('ref_axis',(-0.205302974086939,0.608922422689406,-0.766201130237434));
#2199=DIRECTION('center_axis',(0.965925826289069,1.04714142448639E-14,-0.25881904510252));
#2200=DIRECTION('ref_axis',(-0.205302974086939,0.608922422689406,-0.766201130237434));
#2201=DIRECTION('center_axis',(-0.258819045102521,-2.80580699052304E-15,
-0.965925826289068));
#2202=DIRECTION('ref_axis',(-1.08408057429144E-14,1.,-1.10933564796705E-30));
#2203=DIRECTION('',(0.965925826289068,1.0630678645853E-14,-0.258819045102521));
#2204=DIRECTION('',(-1.08408057429144E-14,1.,-1.10933564796705E-30));
#2205=DIRECTION('',(1.08408057429144E-14,-1.,1.10933564796705E-30));
#2206=DIRECTION('center_axis',(0.258819045102521,2.80580699052304E-15,0.965925826289068));
#2207=DIRECTION('ref_axis',(-0.683012701892225,0.707106781186543,0.183012701892216));
#2208=DIRECTION('center_axis',(0.25881904510252,2.80580699052303E-15,0.965925826289069));
#2209=DIRECTION('ref_axis',(-0.683012701892225,0.707106781186543,0.183012701892216));
#2210=DIRECTION('',(-0.25881904510252,-2.80580699052303E-15,-0.965925826289068));
#2211=DIRECTION('center_axis',(0.965925826289068,1.0630678645853E-14,-0.258819045102521));
#2212=DIRECTION('ref_axis',(0.205302974086928,0.608922422689407,0.766201130237437));
#2213=DIRECTION('center_axis',(0.965925826289069,1.04714142448639E-14,-0.25881904510252));
#2214=DIRECTION('ref_axis',(0.205302974086928,0.608922422689407,0.766201130237437));
#2215=DIRECTION('center_axis',(-0.965925826289065,-1.04714142448639E-14,
0.258819045102532));
#2216=DIRECTION('ref_axis',(0.0871224771952886,0.941642219954389,0.325145511374101));
#2217=DIRECTION('center_axis',(0.965925826289069,1.04714142448639E-14,-0.25881904510252));
#2218=DIRECTION('ref_axis',(0.0871224771952886,0.941642219954389,0.325145511374101));
#2219=DIRECTION('',(-0.965925826289065,-1.04714142448639E-14,0.258819045102532));
#2220=DIRECTION('center_axis',(-0.965925826289069,-1.04714142448639E-14,
0.25881904510252));
#2221=DIRECTION('ref_axis',(0.0871224771952886,0.941642219954389,0.325145511374101));
#2222=DIRECTION('',(0.965925826289065,1.04714142448639E-14,-0.258819045102532));
#2223=DIRECTION('center_axis',(-0.164076405668205,-0.77338014080126,-0.612341482277026));
#2224=DIRECTION('ref_axis',(-0.200165509543435,0.633942550878408,-0.747027851539013));
#2225=DIRECTION('',(0.200165509543441,-0.633942550878408,0.747027851539011));
#2226=DIRECTION('',(0.965925826289068,0.,-0.25881904510252));
#2227=DIRECTION('',(0.200165509543435,-0.633942550878408,0.747027851539013));
#2228=DIRECTION('center_axis',(0.965925826289072,1.0471414244864E-14,-0.258819045102507));
#2229=DIRECTION('ref_axis',(-0.0871224771952998,0.941642219954389,-0.3251455113741));
#2230=DIRECTION('center_axis',(0.965925826289069,1.04714142448639E-14,-0.25881904510252));
#2231=DIRECTION('ref_axis',(-0.0871224771952998,0.941642219954389,-0.3251455113741));
#2232=DIRECTION('center_axis',(-0.965925826289069,-1.04714142448639E-14,
0.25881904510252));
#2233=DIRECTION('ref_axis',(-0.0871224771952998,0.941642219954389,-0.3251455113741));
#2234=DIRECTION('',(0.965925826289072,1.0471414244864E-14,-0.258819045102507));
#2235=DIRECTION('center_axis',(-0.965925826289069,0.,0.258819045102519));
#2236=DIRECTION('ref_axis',(0.,-1.,0.));
#2237=DIRECTION('center_axis',(-0.965925826289069,0.,0.25881904510252));
#2238=DIRECTION('ref_axis',(0.,-1.,0.));
#2239=DIRECTION('',(0.965925826289069,0.,-0.258819045102519));
#2240=DIRECTION('center_axis',(0.965925826289069,1.04714142448639E-14,-0.25881904510252));
#2241=DIRECTION('ref_axis',(0.,-1.,0.));
#2242=DIRECTION('center_axis',(-0.965925826289069,0.,0.25881904510252));
#2243=DIRECTION('ref_axis',(0.,-1.,0.));
#2244=DIRECTION('center_axis',(0.965925826289069,-2.33045278171078E-30,
-0.25881904510252));
#2245=DIRECTION('ref_axis',(-2.25104452880165E-30,-1.,6.03165563618896E-31));
#2246=DIRECTION('center_axis',(0.965925826289069,0.,-0.25881904510252));
#2247=DIRECTION('ref_axis',(0.,-1.,0.));
#2248=DIRECTION('center_axis',(-0.965925826289069,-1.04714142448639E-14,
0.25881904510252));
#2249=DIRECTION('ref_axis',(0.,-1.,0.));
#2250=DIRECTION('',(0.965925826289068,0.,-0.25881904510252));
#2251=DIRECTION('center_axis',(-0.965925826289069,0.,0.25881904510252));
#2252=DIRECTION('ref_axis',(0.,-1.,0.));
#2253=DIRECTION('center_axis',(0.164076405668205,-0.773380140801261,0.612341482277025));
#2254=DIRECTION('ref_axis',(-0.200165509543435,-0.633942550878406,-0.747027851539015));
#2255=DIRECTION('',(-0.200165509543435,-0.633942550878406,-0.747027851539015));
#2256=DIRECTION('',(0.200165509543428,0.633942550878406,0.747027851539016));
#2257=DIRECTION('center_axis',(-0.965925826289065,3.58454746845304E-16,
0.258819045102535));
#2258=DIRECTION('ref_axis',(3.71099661163871E-16,1.,-1.0654193315041E-30));
#2259=DIRECTION('center_axis',(-0.965925826289069,-1.04714142448639E-14,
0.25881904510252));
#2260=DIRECTION('ref_axis',(3.71099661163871E-16,1.,-1.0654193315041E-30));
#2261=DIRECTION('',(-0.965925826289065,3.58454746845304E-16,0.258819045102535));
#2262=DIRECTION('center_axis',(-0.965925826289069,3.58454746845306E-16,
0.25881904510252));
#2263=DIRECTION('ref_axis',(3.71099661163871E-16,1.,-1.0654193315041E-30));
#2264=DIRECTION('center_axis',(0.965925826289069,-3.58454746845306E-16,
-0.25881904510252));
#2265=DIRECTION('ref_axis',(3.71099661163871E-16,1.,-1.17299127312515E-30));
#2266=DIRECTION('center_axis',(0.965925826289069,-3.58454746845306E-16,
-0.25881904510252));
#2267=DIRECTION('ref_axis',(-3.71099661163871E-16,-1.,1.17299127312515E-30));
#2268=DIRECTION('center_axis',(0.965925826289068,-3.58454746845306E-16,
-0.25881904510252));
#2269=DIRECTION('ref_axis',(-3.71099661163871E-16,-1.,1.17299127312515E-30));
#2270=DIRECTION('',(-0.965925826289068,3.58454746845306E-16,0.25881904510252));
#2271=DIRECTION('center_axis',(1.08408057429144E-14,-1.,1.14631350289928E-30));
#2272=DIRECTION('ref_axis',(0.965925826289068,1.04714142448639E-14,-0.25881904510252));
#2273=DIRECTION('',(-0.25881904510252,-2.80580699052303E-15,-0.965925826289068));
#2274=DIRECTION('',(-0.25881904510252,1.10092875797945E-14,-0.965925826289068));
#2275=DIRECTION('center_axis',(-1.08408057429144E-14,1.,-1.14631350289928E-30));
#2276=DIRECTION('ref_axis',(-0.793353340291236,-8.60058944758959E-15,-0.608761429008719));
#2277=DIRECTION('',(-1.,-1.08408057429144E-14,0.));
#2278=DIRECTION('',(1.66533453693773E-15,1.61716485570307E-29,-1.));
#2279=DIRECTION('center_axis',(1.08408057429144E-14,-1.,1.14631350289928E-30));
#2280=DIRECTION('ref_axis',(8.88178419700125E-16,8.67746995743113E-30,-1.));
#2281=DIRECTION('',(-0.25881904510252,-2.80580699052303E-15,0.965925826289069));
#2282=DIRECTION('center_axis',(1.08408057429144E-14,-1.,1.14631350289928E-30));
#2283=DIRECTION('ref_axis',(-0.993719475001182,-9.61623557228702E-15,0.111899977673706));
#2284=DIRECTION('center_axis',(-1.08408057429144E-14,1.,-1.14631350289928E-30));
#2285=DIRECTION('ref_axis',(1.,1.08408057429144E-14,-6.16790569236198E-17));
#2286=DIRECTION('',(0.25881904510252,2.80580699052303E-15,-0.965925826289069));
#2287=DIRECTION('center_axis',(-1.08408057429144E-14,1.,-1.14631350289928E-30));
#2288=DIRECTION('ref_axis',(-2.66453525910038E-15,-3.0371144851009E-29,
-1.));
#2289=DIRECTION('',(1.,1.08408057429144E-14,8.88178419700125E-16));
#2290=DIRECTION('center_axis',(1.08408057429144E-14,-1.,1.14631350289928E-30));
#2291=DIRECTION('ref_axis',(-0.793353340291235,-8.60058944758958E-15,-0.608761429008721));
#2292=DIRECTION('',(0.25881904510252,-1.10092875797945E-14,0.965925826289068));
#2293=DIRECTION('center_axis',(0.,-1.18329135783152E-30,-1.));
#2294=DIRECTION('ref_axis',(-1.,3.71099661163871E-16,0.));
#2295=DIRECTION('center_axis',(8.88178419700125E-16,8.67746995743113E-30,
-1.));
#2296=DIRECTION('ref_axis',(-1.,3.71099661163871E-16,0.));
#2297=DIRECTION('',(0.,-1.18329135783152E-30,-1.));
#2298=DIRECTION('center_axis',(0.,-1.18329135783152E-30,-1.));
#2299=DIRECTION('ref_axis',(-1.,3.71099661163871E-16,0.));
#2300=DIRECTION('center_axis',(0.,-1.18329135783152E-30,-1.));
#2301=DIRECTION('ref_axis',(-1.,3.71099661163871E-16,0.));
#2302=DIRECTION('center_axis',(8.88178419700125E-16,8.67746995743113E-30,
-1.));
#2303=DIRECTION('ref_axis',(-1.,3.71099661163871E-16,0.));
#2304=DIRECTION('',(0.,-1.18329135783152E-30,-1.));
#2305=DIRECTION('center_axis',(0.,-1.18329135783152E-30,-1.));
#2306=DIRECTION('ref_axis',(-1.,3.71099661163871E-16,0.));
#2307=DIRECTION('center_axis',(0.,1.18329135783152E-30,1.));
#2308=DIRECTION('ref_axis',(1.08408057429144E-14,-1.,1.14631350289928E-30));
#2309=DIRECTION('center_axis',(0.,1.18329135783152E-30,1.));
#2310=DIRECTION('ref_axis',(-1.08408057429144E-14,1.,-1.14015052707724E-30));
#2311=DIRECTION('center_axis',(0.,1.18329135783152E-30,1.));
#2312=DIRECTION('ref_axis',(1.08408057429144E-14,-1.,1.14631350289928E-30));
#2313=DIRECTION('center_axis',(0.,1.18329135783152E-30,1.));
#2314=DIRECTION('ref_axis',(-1.08408057429144E-14,1.,-1.14015052707724E-30));
#2315=DIRECTION('center_axis',(0.,1.18329135783152E-30,1.));
#2316=DIRECTION('ref_axis',(-1.08408057429144E-14,1.,-1.14015052707724E-30));
#2317=DIRECTION('center_axis',(0.,1.18329135783152E-30,1.));
#2318=DIRECTION('ref_axis',(-1.08408057429144E-14,1.,-1.14015052707724E-30));
#2319=DIRECTION('',(0.,1.18329135783152E-30,1.));
#2320=DIRECTION('center_axis',(0.,1.18329135783152E-30,1.));
#2321=DIRECTION('ref_axis',(-1.08408057429144E-14,1.,-1.14015052707724E-30));
#2322=DIRECTION('center_axis',(0.,1.18329135783152E-30,1.));
#2323=DIRECTION('ref_axis',(-1.08408057429144E-14,1.,-1.14015052707724E-30));
#2324=DIRECTION('',(0.,1.18329135783152E-30,1.));
#2325=DIRECTION('center_axis',(-1.08408057429144E-14,1.,-1.14631350289928E-30));
#2326=DIRECTION('ref_axis',(-2.66453525910038E-15,-3.0371144851009E-29,
-1.));
#2327=DIRECTION('',(1.08408057429144E-14,-1.,1.14631350289928E-30));
#2328=DIRECTION('center_axis',(1.08408057429144E-14,-1.,1.14631350289928E-30));
#2329=DIRECTION('ref_axis',(-2.66453525910038E-15,-3.0371144851009E-29,
-1.));
#2330=DIRECTION('',(1.08408057429144E-14,-1.,1.14631350289928E-30));
#2331=DIRECTION('center_axis',(-1.08408057429144E-14,1.,-1.14631350289928E-30));
#2332=DIRECTION('ref_axis',(8.88178419700125E-16,8.67746995743113E-30,-1.));
#2333=DIRECTION('',(1.08408057429144E-14,-1.,1.14631350289928E-30));
#2334=DIRECTION('center_axis',(1.08408057429144E-14,-1.,1.14631350289928E-30));
#2335=DIRECTION('ref_axis',(8.88178419700125E-16,8.67746995743113E-30,-1.));
#2336=DIRECTION('',(1.08408057429144E-14,-1.,1.14631350289928E-30));
#2337=DIRECTION('center_axis',(-0.965925826289069,-1.04714142448639E-14,
-0.25881904510252));
#2338=DIRECTION('ref_axis',(0.25881904510252,2.80580699052303E-15,-0.965925826289069));
#2339=DIRECTION('',(-1.00213805175224E-14,1.,-3.05813657416673E-15));
#2340=DIRECTION('',(0.25881904510252,2.80580699052303E-15,-0.965925826289069));
#2341=DIRECTION('center_axis',(-1.08408057429144E-14,1.,-1.14631350289928E-30));
#2342=DIRECTION('ref_axis',(1.,1.08408057429144E-14,-6.16790569236198E-17));
#2343=DIRECTION('',(1.08408057429144E-14,-1.,1.14631350289928E-30));
#2344=DIRECTION('center_axis',(1.08408057429144E-14,-1.,1.14631350289928E-30));
#2345=DIRECTION('ref_axis',(1.,1.08408057429144E-14,-6.16790569236198E-17));
#2346=DIRECTION('',(1.08408057429144E-14,-1.,1.14631350289928E-30));
#2347=DIRECTION('center_axis',(0.965925826289069,1.04714142448639E-14,0.25881904510252));
#2348=DIRECTION('ref_axis',(-0.25881904510252,-2.80580699052303E-15,0.965925826289069));
#2349=DIRECTION('',(-0.25881904510252,-2.80580699052303E-15,0.965925826289069));
#2350=DIRECTION('center_axis',(-8.88178419700125E-16,-8.67746995743113E-30,
1.));
#2351=DIRECTION('ref_axis',(1.,1.08408057429144E-14,8.88178419700125E-16));
#2352=DIRECTION('',(-1.,-1.08408057429144E-14,-8.88178419700125E-16));
#2353=DIRECTION('',(-1.08408057429144E-14,1.,-1.14631350289928E-30));
#2354=DIRECTION('center_axis',(-1.08408057429144E-14,1.,-1.14631350289928E-30));
#2355=DIRECTION('ref_axis',(-0.793353340291235,-8.60058944758958E-15,-0.608761429008721));
#2356=DIRECTION('center_axis',(-1.08408057429144E-14,1.,-1.14631350289928E-30));
#2357=DIRECTION('ref_axis',(-0.793353340291235,-8.60058944758958E-15,-0.608761429008721));
#2358=DIRECTION('',(1.08408057429144E-14,-1.,1.14631350289928E-30));
#2359=DIRECTION('center_axis',(-1.08408057429144E-14,1.,-1.14631350289928E-30));
#2360=DIRECTION('ref_axis',(-0.793353340291236,-8.60058944758959E-15,-0.608761429008719));
#2361=DIRECTION('center_axis',(1.08408057429144E-14,-1.,1.14631350289928E-30));
#2362=DIRECTION('ref_axis',(-0.793353340291236,-8.60058944758959E-15,-0.608761429008719));
#2363=DIRECTION('',(1.08408057429144E-14,-1.,1.14631350289928E-30));
#2364=DIRECTION('',(-1.08408057429144E-14,1.,-1.14631350289928E-30));
#2365=DIRECTION('center_axis',(0.,-1.18329135783152E-30,-1.));
#2366=DIRECTION('ref_axis',(-1.,-1.08408057429144E-14,0.));
#2367=DIRECTION('',(1.,1.08408057429144E-14,0.));
#2368=DIRECTION('',(-1.08408057429144E-14,1.,-1.14631350289928E-30));
#2369=DIRECTION('center_axis',(-0.965925826289069,-1.04714142448639E-14,
0.25881904510252));
#2370=DIRECTION('ref_axis',(1.08408057429144E-14,-1.,1.14631350289928E-30));
#2371=DIRECTION('',(0.25881904510252,2.80580699052303E-15,0.965925826289068));
#2372=DIRECTION('center_axis',(1.,1.08408057429144E-14,1.66533453693773E-15));
#2373=DIRECTION('ref_axis',(1.66533453693773E-15,1.61716485570307E-29,-1.));
#2374=DIRECTION('',(-1.66533453693773E-15,-1.61716485570307E-29,1.));
#2375=DIRECTION('center_axis',(-1.08408057429144E-14,1.,-1.14631350289928E-30));
#2376=DIRECTION('ref_axis',(0.,1.18329135783152E-30,1.));
#2377=DIRECTION('',(0.25881904510252,3.49888468366715E-15,0.965925826289068));
#2378=DIRECTION('',(0.25881904510252,5.8722540145463E-15,0.965925826289068));
#2379=DIRECTION('center_axis',(-1.08408057429144E-14,1.,-1.14631350289928E-30));
#2380=DIRECTION('ref_axis',(-0.993719475001182,-9.61623557228702E-15,0.111899977673706));
#2381=DIRECTION('center_axis',(1.00213805175224E-14,-1.,3.05813657416673E-15));
#2382=DIRECTION('ref_axis',(-0.993719475001182,-9.61623557228702E-15,0.111899977673706));
#2383=DIRECTION('',(-2.92152813376204E-16,-1.,2.94633647040997E-16));
#2384=DIRECTION('center_axis',(-1.08408057429144E-14,1.,-1.14631350289928E-30));
#2385=DIRECTION('ref_axis',(0.,1.18329135783152E-30,1.));
#2386=DIRECTION('',(0.25881904510252,2.80580699052303E-15,0.965925826289068));
#2387=DIRECTION('center_axis',(-1.08408057429144E-14,1.,-1.14631350289928E-30));
#2388=DIRECTION('ref_axis',(-0.993719475001182,-9.61623557228704E-15,0.111899977673701));
#2389=DIRECTION('',(-0.25881904510252,-2.80580699052303E-15,0.965925826289069));
#2390=DIRECTION('center_axis',(1.08408057429144E-14,-1.,1.14631350289928E-30));
#2391=DIRECTION('ref_axis',(8.88178419700125E-16,8.67746995743113E-30,-1.));
#2392=DIRECTION('',(1.66533453693773E-15,1.61716485570307E-29,-1.));
#2393=DIRECTION('',(-1.,-1.08408057429144E-14,0.));
#2394=DIRECTION('center_axis',(-1.08408057429144E-14,1.,-1.14631350289928E-30));
#2395=DIRECTION('ref_axis',(-0.793353340291236,-8.60058944758959E-15,-0.608761429008719));
#2396=DIRECTION('',(-0.25881904510252,2.59042060701034E-16,-0.965925826289068));
#2397=DIRECTION('',(-0.965925826289072,-1.0471414244864E-14,0.258819045102508));
#2398=DIRECTION('',(-0.25881904510252,-2.80580699052303E-15,-0.965925826289068));
#2399=DIRECTION('center_axis',(1.08408057429144E-14,-1.,1.14631350289928E-30));
#2400=DIRECTION('ref_axis',(-0.793353340291235,-8.60058944758958E-15,-0.608761429008721));
#2401=DIRECTION('',(1.,1.08408057429144E-14,8.88178419700125E-16));
#2402=DIRECTION('center_axis',(-1.08408057429144E-14,1.,-1.14631350289928E-30));
#2403=DIRECTION('ref_axis',(-2.66453525910038E-15,-3.0371144851009E-29,
-1.));
#2404=DIRECTION('',(0.25881904510252,2.80580699052303E-15,-0.965925826289069));
#2405=DIRECTION('center_axis',(-1.08408057429144E-14,1.,-1.14631350289928E-30));
#2406=DIRECTION('ref_axis',(1.,1.08408057429144E-14,-6.16790569236198E-17));
#2407=DIRECTION('center_axis',(1.00213805175224E-14,-1.,3.05813657416673E-15));
#2408=DIRECTION('ref_axis',(-0.993719475001182,-9.61623557228704E-15,0.111899977673701));
#2409=DIRECTION('center_axis',(1.08408057429144E-14,-1.,1.14631350289928E-30));
#2410=DIRECTION('ref_axis',(-0.993719475001182,-9.61623557228704E-15,0.111899977673701));
#2411=DIRECTION('',(-1.00213805175224E-14,1.,-3.05813657416673E-15));
#2412=DIRECTION('',(-2.92152813376204E-16,-1.,2.94633647040997E-16));
#2413=DIRECTION('center_axis',(0.965925826289069,1.04714142448639E-14,-0.25881904510252));
#2414=DIRECTION('ref_axis',(-1.08408057429144E-14,1.,-1.14631350289928E-30));
#2415=DIRECTION('',(1.08408057429144E-14,-1.,1.14631350289928E-30));
#2416=DIRECTION('',(0.25881904510252,2.80580699052303E-15,0.965925826289068));
#2417=DIRECTION('',(-1.08408057429144E-14,1.,-1.14631350289928E-30));
#2418=DIRECTION('center_axis',(0.,-1.18329135783152E-30,-1.));
#2419=DIRECTION('ref_axis',(-1.,3.71099661163871E-16,0.));
#2420=DIRECTION('center_axis',(8.88178419700125E-16,8.67746995743113E-30,
-1.));
#2421=DIRECTION('ref_axis',(-1.,3.71099661163871E-16,0.));
#2422=DIRECTION('',(0.,-1.18329135783152E-30,-1.));
#2423=DIRECTION('center_axis',(0.,-1.18329135783152E-30,-1.));
#2424=DIRECTION('ref_axis',(-1.,3.71099661163871E-16,0.));
#2425=DIRECTION('center_axis',(0.,-1.18329135783152E-30,-1.));
#2426=DIRECTION('ref_axis',(-1.,3.71099661163871E-16,0.));
#2427=DIRECTION('center_axis',(8.88178419700125E-16,8.67746995743113E-30,
-1.));
#2428=DIRECTION('ref_axis',(-1.,3.71099661163871E-16,0.));
#2429=DIRECTION('',(0.,-1.18329135783152E-30,-1.));
#2430=DIRECTION('center_axis',(0.,-1.18329135783152E-30,-1.));
#2431=DIRECTION('ref_axis',(-1.,3.71099661163871E-16,0.));
#2432=DIRECTION('center_axis',(0.,1.18329135783152E-30,1.));
#2433=DIRECTION('ref_axis',(1.08408057429144E-14,-1.,1.14631350289928E-30));
#2434=DIRECTION('center_axis',(0.,1.18329135783152E-30,1.));
#2435=DIRECTION('ref_axis',(-1.08408057429144E-14,1.,-1.14015052707724E-30));
#2436=DIRECTION('center_axis',(0.,1.18329135783152E-30,1.));
#2437=DIRECTION('ref_axis',(1.08408057429144E-14,-1.,1.14631350289928E-30));
#2438=DIRECTION('center_axis',(0.,1.18329135783152E-30,1.));
#2439=DIRECTION('ref_axis',(-1.08408057429144E-14,1.,-1.14015052707724E-30));
#2440=DIRECTION('center_axis',(0.,1.18329135783152E-30,1.));
#2441=DIRECTION('ref_axis',(-1.08408057429144E-14,1.,-1.14015052707724E-30));
#2442=DIRECTION('center_axis',(0.,1.18329135783152E-30,1.));
#2443=DIRECTION('ref_axis',(-1.08408057429144E-14,1.,-1.14015052707724E-30));
#2444=DIRECTION('',(0.,1.18329135783152E-30,1.));
#2445=DIRECTION('center_axis',(0.,1.18329135783152E-30,1.));
#2446=DIRECTION('ref_axis',(-1.08408057429144E-14,1.,-1.14015052707724E-30));
#2447=DIRECTION('center_axis',(0.,1.18329135783152E-30,1.));
#2448=DIRECTION('ref_axis',(-1.08408057429144E-14,1.,-1.14015052707724E-30));
#2449=DIRECTION('',(0.,1.18329135783152E-30,1.));
#2450=DIRECTION('center_axis',(-1.08408057429144E-14,1.,-1.14631350289928E-30));
#2451=DIRECTION('ref_axis',(-2.66453525910038E-15,-3.0371144851009E-29,
-1.));
#2452=DIRECTION('',(1.08408057429144E-14,-1.,1.14631350289928E-30));
#2453=DIRECTION('center_axis',(1.08408057429144E-14,-1.,1.14631350289928E-30));
#2454=DIRECTION('ref_axis',(-2.66453525910038E-15,-3.0371144851009E-29,
-1.));
#2455=DIRECTION('',(-1.08408057429144E-14,1.,-1.14631350289928E-30));
#2456=DIRECTION('center_axis',(-1.08408057429144E-14,1.,-1.14631350289928E-30));
#2457=DIRECTION('ref_axis',(8.88178419700125E-16,8.67746995743113E-30,-1.));
#2458=DIRECTION('',(-1.08408057429144E-14,1.,-1.14631350289928E-30));
#2459=DIRECTION('center_axis',(1.08408057429144E-14,-1.,1.14631350289928E-30));
#2460=DIRECTION('ref_axis',(8.88178419700125E-16,8.67746995743113E-30,-1.));
#2461=DIRECTION('',(1.08408057429144E-14,-1.,1.14631350289928E-30));
#2462=DIRECTION('center_axis',(0.965925826289069,1.04714142448639E-14,0.25881904510252));
#2463=DIRECTION('ref_axis',(0.25881904510252,2.80580699052303E-15,-0.965925826289069));
#2464=DIRECTION('',(0.25881904510252,2.80580699052303E-15,-0.965925826289069));
#2465=DIRECTION('center_axis',(-1.08408057429144E-14,1.,-1.14631350289928E-30));
#2466=DIRECTION('ref_axis',(1.,1.08408057429144E-14,-6.16790569236198E-17));
#2467=DIRECTION('',(-1.08408057429144E-14,1.,-1.14631350289928E-30));
#2468=DIRECTION('center_axis',(1.08408057429144E-14,-1.,1.14631350289928E-30));
#2469=DIRECTION('ref_axis',(1.,1.08408057429144E-14,-6.16790569236198E-17));
#2470=DIRECTION('center_axis',(-0.965925826289069,-1.04714142448639E-14,
-0.25881904510252));
#2471=DIRECTION('ref_axis',(-0.25881904510252,-2.80580699052303E-15,0.965925826289069));
#2472=DIRECTION('',(-0.25881904510252,-2.80580699052303E-15,0.965925826289069));
#2473=DIRECTION('center_axis',(8.88178419700125E-16,8.67746995743113E-30,
-1.));
#2474=DIRECTION('ref_axis',(1.,1.08408057429144E-14,8.88178419700125E-16));
#2475=DIRECTION('',(1.08408057429144E-14,-1.,1.14631350289928E-30));
#2476=DIRECTION('',(-1.,-1.08408057429144E-14,-8.88178419700125E-16));
#2477=DIRECTION('center_axis',(-1.08408057429144E-14,1.,-1.14631350289928E-30));
#2478=DIRECTION('ref_axis',(-0.793353340291235,-8.60058944758958E-15,-0.608761429008721));
#2479=DIRECTION('center_axis',(-1.08408057429144E-14,1.,-1.14631350289928E-30));
#2480=DIRECTION('ref_axis',(-0.793353340291235,-8.60058944758958E-15,-0.608761429008721));
#2481=DIRECTION('center_axis',(-1.08408057429144E-14,1.,-1.14631350289928E-30));
#2482=DIRECTION('ref_axis',(-0.793353340291236,-8.60058944758959E-15,-0.608761429008719));
#2483=DIRECTION('center_axis',(1.08408057429144E-14,-1.,1.14631350289928E-30));
#2484=DIRECTION('ref_axis',(-0.793353340291236,-8.60058944758959E-15,-0.608761429008719));
#2485=DIRECTION('',(1.08408057429144E-14,-1.,1.14631350289928E-30));
#2486=DIRECTION('',(-1.08408057429144E-14,1.,-1.14631350289928E-30));
#2487=DIRECTION('center_axis',(0.,1.18329135783152E-30,1.));
#2488=DIRECTION('ref_axis',(-1.,-1.08408057429144E-14,0.));
#2489=DIRECTION('',(1.08408057429144E-14,-1.,1.14631350289928E-30));
#2490=DIRECTION('',(1.,1.08408057429144E-14,0.));
#2491=DIRECTION('center_axis',(-1.,-1.08408057429144E-14,-1.66533453693773E-15));
#2492=DIRECTION('ref_axis',(1.66533453693773E-15,1.61716485570307E-29,-1.));
#2493=DIRECTION('',(-1.66533453693773E-15,-1.61716485570307E-29,1.));
#2494=DIRECTION('center_axis',(-1.08408057429144E-14,1.,-1.14631350289928E-30));
#2495=DIRECTION('ref_axis',(-0.25881904510252,-2.80580699052303E-15,-0.965925826289068));
#2496=DIRECTION('',(0.25881904510252,5.8722540145463E-15,0.965925826289068));
#2497=DIRECTION('',(0.25881904510252,5.8722540145463E-15,0.965925826289068));
#2498=DIRECTION('center_axis',(0.965925826289068,0.,-0.258819045102521));
#2499=DIRECTION('ref_axis',(2.03720122269275E-15,1.,7.60293846833079E-15));
#2500=DIRECTION('center_axis',(-0.965925826289069,-1.04714142448639E-14,
0.25881904510252));
#2501=DIRECTION('ref_axis',(0.,-1.,0.));
#2502=DIRECTION('',(0.965925826289068,0.,-0.258819045102521));
#2503=DIRECTION('center_axis',(-0.965925826289069,0.,0.25881904510252));
#2504=DIRECTION('ref_axis',(0.,-1.,0.));
#2505=DIRECTION('',(0.965925826289068,0.,-0.258819045102521));
#2506=DIRECTION('center_axis',(-0.164076405668204,0.773380140801267,-0.612341482277019));
#2507=DIRECTION('ref_axis',(0.200165509543436,0.6339425508784,0.74702785153902));
#2508=DIRECTION('',(0.965925826289072,1.0471414244864E-14,-0.258819045102508));
#2509=DIRECTION('',(0.200165509543436,0.6339425508784,0.747027851539019));
#2510=DIRECTION('',(-0.20016550954343,-0.6339425508784,-0.747027851539021));
#2511=DIRECTION('center_axis',(-0.965925826289065,3.58454746845304E-16,
0.258819045102535));
#2512=DIRECTION('ref_axis',(3.71099661163871E-16,1.,-1.07571941621047E-30));
#2513=DIRECTION('center_axis',(-0.965925826289069,-1.04714142448639E-14,
0.25881904510252));
#2514=DIRECTION('ref_axis',(3.71099661163871E-16,1.,-1.07571941621047E-30));
#2515=DIRECTION('',(-0.965925826289065,3.58454746845304E-16,0.258819045102535));
#2516=DIRECTION('center_axis',(-0.965925826289069,3.58454746845306E-16,
0.25881904510252));
#2517=DIRECTION('ref_axis',(3.71099661163871E-16,1.,-1.07571941621047E-30));
#2518=DIRECTION('center_axis',(0.965925826289069,-3.58454746845306E-16,
-0.25881904510252));
#2519=DIRECTION('ref_axis',(3.71099661163871E-16,1.,-1.18329135783152E-30));
#2520=DIRECTION('center_axis',(0.965925826289069,-3.58454746845306E-16,
-0.25881904510252));
#2521=DIRECTION('ref_axis',(-3.71099661163871E-16,-1.,1.18329135783152E-30));
#2522=DIRECTION('center_axis',(0.965925826289068,-3.58454746845306E-16,
-0.25881904510252));
#2523=DIRECTION('ref_axis',(-3.71099661163871E-16,-1.,1.18329135783152E-30));
#2524=DIRECTION('',(-0.965925826289068,3.58454746845306E-16,0.25881904510252));
#2525=DIRECTION('center_axis',(0.965925826289069,-2.33045278171078E-30,
-0.25881904510252));
#2526=DIRECTION('ref_axis',(-2.25104452880165E-30,-1.,6.03165563618896E-31));
#2527=DIRECTION('center_axis',(-0.965925826289069,0.,0.25881904510252));
#2528=DIRECTION('ref_axis',(0.,-1.,0.));
#2529=DIRECTION('center_axis',(-0.965925826289069,0.,0.25881904510252));
#2530=DIRECTION('ref_axis',(0.,-1.,0.));
#2531=DIRECTION('center_axis',(-0.965925826289069,0.,0.258819045102519));
#2532=DIRECTION('ref_axis',(0.,-1.,0.));
#2533=DIRECTION('',(0.965925826289069,0.,-0.258819045102519));
#2534=DIRECTION('center_axis',(0.965925826289069,1.04714142448639E-14,-0.25881904510252));
#2535=DIRECTION('ref_axis',(0.,-1.,0.));
#2536=DIRECTION('center_axis',(0.164076405668207,0.773380140801257,0.61234148227703));
#2537=DIRECTION('ref_axis',(0.200165509543434,-0.633942550878412,0.74702785153901));
#2538=DIRECTION('',(-0.965925826289065,-1.04714142448639E-14,0.258819045102533));
#2539=DIRECTION('',(-0.20016550954344,0.633942550878412,-0.747027851539008));
#2540=DIRECTION('',(-0.200165509543434,0.633942550878412,-0.74702785153901));
#2541=DIRECTION('center_axis',(-0.965925826289065,-1.04714142448639E-14,
0.258819045102533));
#2542=DIRECTION('ref_axis',(-0.0871224771952896,-0.941642219954389,-0.325145511374103));
#2543=DIRECTION('center_axis',(0.965925826289069,1.04714142448639E-14,-0.25881904510252));
#2544=DIRECTION('ref_axis',(-0.0871224771952896,-0.941642219954389,-0.325145511374103));
#2545=DIRECTION('center_axis',(-0.965925826289069,-1.04714142448639E-14,
0.25881904510252));
#2546=DIRECTION('ref_axis',(-0.0871224771952896,-0.941642219954389,-0.325145511374103));
#2547=DIRECTION('center_axis',(0.965925826289072,1.0471414244864E-14,-0.258819045102508));
#2548=DIRECTION('ref_axis',(0.0871224771952989,-0.94164221995439,0.325145511374096));
#2549=DIRECTION('center_axis',(0.965925826289069,1.04714142448639E-14,-0.25881904510252));
#2550=DIRECTION('ref_axis',(0.0871224771952989,-0.94164221995439,0.325145511374096));
#2551=DIRECTION('center_axis',(-0.965925826289069,-1.04714142448639E-14,
0.25881904510252));
#2552=DIRECTION('ref_axis',(0.0871224771952989,-0.94164221995439,0.325145511374096));
#2553=DIRECTION('center_axis',(-0.965925826289069,-1.04714142448639E-14,
0.25881904510252));
#2554=DIRECTION('ref_axis',(0.25881904510252,2.80580699052303E-15,0.965925826289068));
#2555=DIRECTION('center_axis',(0.965925826289069,1.04714142448639E-14,-0.25881904510252));
#2556=DIRECTION('ref_axis',(-1.08408057429144E-14,1.,-1.14631350289928E-30));
#2557=CARTESIAN_POINT('',(0.,0.,0.));
#2558=CARTESIAN_POINT('Origin',(-26.9508082636272,-27.5599999999997,75.0438445235611));
#2559=CARTESIAN_POINT('',(-26.817435118771,-27.5599999999996,90.9964130971547));
#2560=CARTESIAN_POINT('',(-22.9537318136148,-27.5599999999997,89.9611369167445));
#2561=CARTESIAN_POINT('',(-23.5348252519812,-27.5599999999997,90.1168404342818));
#2562=CARTESIAN_POINT('',(-20.8499783323364,-27.5599999999997,113.2672650161));
#2563=CARTESIAN_POINT('',(-30.8145115687835,-27.5599999999997,76.0791207039712));
#2564=CARTESIAN_POINT('',(-16.9862750271802,-27.5599999999997,112.23198883569));
#2565=CARTESIAN_POINT('',(-20.8499783323364,-27.5599999999997,113.2672650161));
#2566=CARTESIAN_POINT('',(-26.9508082636272,-27.5599999999997,75.043844523561));
#2567=CARTESIAN_POINT('Origin',(-30.8145115687841,27.5600000000004,76.0791207039712));
#2568=CARTESIAN_POINT('',(-22.9537318136155,27.5600000000002,89.961136916744));
#2569=CARTESIAN_POINT('',(-26.8174351187718,27.5600000000002,90.996413097154));
#2570=CARTESIAN_POINT('',(-18.6039140282911,27.5600000000003,88.7956067539439));
#2571=CARTESIAN_POINT('',(-16.9862750271808,27.5600000000004,112.23198883569));
#2572=CARTESIAN_POINT('',(-26.9508082636278,27.5600000000004,75.043844523561));
#2573=CARTESIAN_POINT('',(-20.8499783323371,27.5600000000004,113.2672650161));
#2574=CARTESIAN_POINT('',(-20.8499783323371,27.5600000000004,113.2672650161));
#2575=CARTESIAN_POINT('',(-30.8145115687841,27.5600000000004,76.0791207039712));
#2576=CARTESIAN_POINT('Origin',(-16.1912355204912,-24.5399999999988,130.653929889303));
#2577=CARTESIAN_POINT('',(-19.0890129993584,-21.7899999999988,131.430387024611));
#2578=CARTESIAN_POINT('Origin',(-19.0890129993584,-24.5399999999988,131.430387024611));
#2579=CARTESIAN_POINT('',(-16.1912355204912,-21.7899999999988,130.653929889303));
#2580=CARTESIAN_POINT('',(-16.1912355204912,-21.7899999999988,130.653929889303));
#2581=CARTESIAN_POINT('Origin',(-16.1912355204915,-24.5399999999988,130.653929889303));
#2582=CARTESIAN_POINT('Origin',(-19.0890129993584,-24.5399999999988,131.430387024611));
#2583=CARTESIAN_POINT('',(-19.0890129993584,-23.2899999999988,131.430387024611));
#2584=CARTESIAN_POINT('Origin',(-19.0890129993584,-24.5399999999988,131.430387024611));
#2585=CARTESIAN_POINT('Origin',(-16.1912355204911,24.5400000000012,130.653929889303));
#2586=CARTESIAN_POINT('',(-19.0890129993583,27.2900000000012,131.430387024611));
#2587=CARTESIAN_POINT('Origin',(-19.0890129993583,24.5400000000012,131.430387024611));
#2588=CARTESIAN_POINT('',(-16.1912355204911,27.2900000000012,130.653929889303));
#2589=CARTESIAN_POINT('',(-16.1912355204911,27.2900000000012,130.653929889303));
#2590=CARTESIAN_POINT('Origin',(-16.1912355204914,24.5400000000012,130.653929889303));
#2591=CARTESIAN_POINT('Origin',(-19.0890129993583,24.5400000000012,131.430387024611));
#2592=CARTESIAN_POINT('',(-19.0890129993583,25.7900000000012,131.430387024611));
#2593=CARTESIAN_POINT('Origin',(-19.0890129993583,24.5400000000012,131.430387024611));
#2594=CARTESIAN_POINT('Origin',(-12.3275322153352,-24.5399999999989,129.618653708893));
#2595=CARTESIAN_POINT('',(-12.3275322153352,-27.2899999999989,129.618653708893));
#2596=CARTESIAN_POINT('Origin',(-12.3275322153351,-24.5399999999989,129.618653708893));
#2597=CARTESIAN_POINT('',(-13.2934580416242,-27.2899999999989,129.877472753996));
#2598=CARTESIAN_POINT('',(-12.3275322153352,-27.2899999999989,129.618653708893));
#2599=CARTESIAN_POINT('Origin',(-13.2934580416242,-24.5399999999989,129.877472753996));
#2600=CARTESIAN_POINT('Origin',(-13.2934580416242,-24.5399999999989,129.877472753996));
#2601=CARTESIAN_POINT('',(-13.2934580416242,-23.2899999999989,129.877472753996));
#2602=CARTESIAN_POINT('Origin',(-13.2934580416242,-24.5399999999989,129.877472753996));
#2603=CARTESIAN_POINT('Origin',(-12.3275322153352,24.5400000000011,129.618653708893));
#2604=CARTESIAN_POINT('',(-12.3275322153352,21.7900000000011,129.618653708893));
#2605=CARTESIAN_POINT('Origin',(-12.3275322153351,24.5400000000011,129.618653708893));
#2606=CARTESIAN_POINT('',(-13.2934580416242,21.7900000000011,129.877472753996));
#2607=CARTESIAN_POINT('',(-12.3275322153352,21.7900000000011,129.618653708893));
#2608=CARTESIAN_POINT('Origin',(-13.2934580416242,24.5400000000011,129.877472753996));
#2609=CARTESIAN_POINT('Origin',(-13.2934580416242,24.5400000000011,129.877472753996));
#2610=CARTESIAN_POINT('',(-13.2934580416242,25.7900000000011,129.877472753996));
#2611=CARTESIAN_POINT('Origin',(-13.2934580416242,24.5400000000011,129.877472753996));
#2612=CARTESIAN_POINT('Origin',(-16.1912355204911,24.5400000000011,130.653929889303));
#2613=CARTESIAN_POINT('',(-16.1912355204911,25.7900000000011,130.653929889303));
#2614=CARTESIAN_POINT('Origin',(-16.1912355204911,-24.5399999999989,130.653929889303));
#2615=CARTESIAN_POINT('',(-16.1912355204911,-23.2899999999989,130.653929889303));
#2616=CARTESIAN_POINT('Origin',(-18.2617878813117,17.5600000000004,122.926523278991));
#2617=CARTESIAN_POINT('',(-18.2617878813117,17.5600000000004,122.926523278991));
#2618=CARTESIAN_POINT('',(-18.2617878813113,-17.5599999999997,122.926523278991));
#2619=CARTESIAN_POINT('',(-18.2617878813118,21.6400000000004,122.926523278991));
#2620=CARTESIAN_POINT('',(-14.3980845761555,17.5600000000004,121.891247098581));
#2621=CARTESIAN_POINT('',(-18.2617878813117,17.5600000000004,122.926523278991));
#2622=CARTESIAN_POINT('',(-14.3980845761551,-17.5599999999997,121.891247098581));
#2623=CARTESIAN_POINT('',(-14.3980845761558,50.3100000000004,121.891247098581));
#2624=CARTESIAN_POINT('',(-18.2617878813113,-17.5599999999997,122.926523278991));
#2625=CARTESIAN_POINT('Origin',(-3.63419977873417,59.3600000000005,127.289282302971));
#2626=CARTESIAN_POINT('',(-1.65766851752726,58.3600000000005,134.665797392543));
#2627=CARTESIAN_POINT('',(-2.65766679732489,61.8640496538876,130.933753004857));
#2628=CARTESIAN_POINT('Origin',(-3.03891597499834,56.3576741040824,129.510911703436));
#2629=CARTESIAN_POINT('',(-5.61073103994103,58.3600000000005,119.912767213398));
#2630=CARTESIAN_POINT('',(-2.1073867665579,58.3600000000005,132.98742603807));
#2631=CARTESIAN_POINT('',(-4.61073276014342,61.8640496538877,123.644811601085));
#2632=CARTESIAN_POINT('Origin',(-4.2294835824699,56.3576741040824,125.067652902506));
#2633=CARTESIAN_POINT('Origin',(-3.63419977873403,47.7600000000005,127.289282302971));
#2634=CARTESIAN_POINT('Origin',(-12.3275322153356,47.7600000000004,129.618653708893));
#2635=CARTESIAN_POINT('',(-15.2147025390828,61.8640496538875,134.29840059119));
#2636=CARTESIAN_POINT('',(-11.3509992339265,61.8640496538875,133.26312441078));
#2637=CARTESIAN_POINT('',(-17.1677685019013,61.8640496538875,127.009459187417));
#2638=CARTESIAN_POINT('',(-13.304065196745,61.8640496538875,125.974183007007));
#2639=CARTESIAN_POINT('Origin',(-16.1912355204919,47.7600000000004,130.653929889303));
#2640=CARTESIAN_POINT('Origin',(-12.3275322153356,47.7600000000004,129.618653708893));
#2641=CARTESIAN_POINT('',(-16.1912355204919,49.7600000000004,130.653929889303));
#2642=CARTESIAN_POINT('Origin',(-16.1912355204919,47.7600000000004,130.653929889303));
#2643=CARTESIAN_POINT('',(-12.3275322153357,49.7600000000004,129.618653708893));
#2644=CARTESIAN_POINT('',(-12.3275322153357,49.7600000000004,129.618653708893));
#2645=CARTESIAN_POINT('Origin',(-12.3275322153356,47.7600000000004,129.618653708893));
#2646=CARTESIAN_POINT('Origin',(-20.8499783323373,48.5600000000003,113.2672650161));
#2647=CARTESIAN_POINT('',(-16.9862750271809,38.5600000000004,112.23198883569));
#2648=CARTESIAN_POINT('',(-14.3980845761558,48.5600000000004,121.891247098581));
#2649=CARTESIAN_POINT('Origin',(-16.986275027181,48.5600000000004,112.23198883569));
#2650=CARTESIAN_POINT('',(-20.8499783323372,38.5600000000003,113.2672650161));
#2651=CARTESIAN_POINT('',(-20.8499783323372,38.5600000000003,113.2672650161));
#2652=CARTESIAN_POINT('',(-18.261787881312,48.5600000000004,122.926523278991));
#2653=CARTESIAN_POINT('Origin',(-20.8499783323372,48.5600000000003,113.2672650161));
#2654=CARTESIAN_POINT('',(-18.261787881312,48.5600000000004,122.926523278991));
#2655=CARTESIAN_POINT('Origin',(-20.8499783323369,17.5600000000004,113.2672650161));
#2656=CARTESIAN_POINT('Origin',(-16.9862750271806,17.5600000000004,112.23198883569));
#2657=CARTESIAN_POINT('Origin',(-20.8499783323371,17.5600000000004,113.2672650161));
#2658=CARTESIAN_POINT('Origin',(-20.8499783323365,-17.5599999999997,113.2672650161));
#2659=CARTESIAN_POINT('Origin',(-16.9862750271802,-17.5599999999997,112.23198883569));
#2660=CARTESIAN_POINT('Origin',(-20.8499783323367,-17.5599999999997,113.2672650161));
#2661=CARTESIAN_POINT('Origin',(-12.3275322153346,-47.7599999999996,129.618653708893));
#2662=CARTESIAN_POINT('',(-16.1912355204909,-45.7599999999996,130.653929889303));
#2663=CARTESIAN_POINT('Origin',(-16.1912355204909,-47.7599999999996,130.653929889303));
#2664=CARTESIAN_POINT('',(-12.3275322153346,-45.7599999999996,129.618653708893));
#2665=CARTESIAN_POINT('',(-12.3275322153346,-45.7599999999996,129.618653708893));
#2666=CARTESIAN_POINT('Origin',(-12.3275322153346,-47.7599999999996,129.618653708893));
#2667=CARTESIAN_POINT('Origin',(-3.63419977873288,-59.3599999999995,127.289282302971));
#2668=CARTESIAN_POINT('',(-5.61073103993976,-58.3599999999995,119.912767213398));
#2669=CARTESIAN_POINT('',(-4.61073276014211,-61.8640496538867,123.644811601085));
#2670=CARTESIAN_POINT('Origin',(-4.22948358246868,-56.3576741040814,125.067652902506));
#2671=CARTESIAN_POINT('',(-1.65766851752599,-58.3599999999995,134.665797392543));
#2672=CARTESIAN_POINT('',(-5.16101279090915,-58.3599999999995,121.591138567872));
#2673=CARTESIAN_POINT('',(-2.65766679732358,-61.8640496538866,130.933753004857));
#2674=CARTESIAN_POINT('Origin',(-3.03891597499711,-56.3576741040814,129.510911703436));
#2675=CARTESIAN_POINT('Origin',(-3.63419977873302,-47.7599999999995,127.289282302971));
#2676=CARTESIAN_POINT('Origin',(-12.3275322153346,-47.7599999999996,129.618653708893));
#2677=CARTESIAN_POINT('',(-17.1677685019,-61.8640496538868,127.009459187417));
#2678=CARTESIAN_POINT('',(-13.3040651967437,-61.8640496538868,125.974183007007));
#2679=CARTESIAN_POINT('',(-15.2147025390814,-61.8640496538867,134.29840059119));
#2680=CARTESIAN_POINT('',(-11.3509992339252,-61.8640496538867,133.26312441078));
#2681=CARTESIAN_POINT('Origin',(-16.1912355204909,-47.7599999999996,130.653929889303));
#2682=CARTESIAN_POINT('Origin',(-20.8499783323362,-48.5599999999997,113.2672650161));
#2683=CARTESIAN_POINT('',(-14.3980845761548,-48.5599999999996,121.891247098581));
#2684=CARTESIAN_POINT('',(-16.98627502718,-38.5599999999996,112.23198883569));
#2685=CARTESIAN_POINT('Origin',(-16.98627502718,-48.5599999999997,112.23198883569));
#2686=CARTESIAN_POINT('',(-18.261787881311,-48.5599999999996,122.926523278991));
#2687=CARTESIAN_POINT('',(-18.261787881311,-48.5599999999996,122.926523278991));
#2688=CARTESIAN_POINT('',(-20.8499783323363,-38.5599999999997,113.2672650161));
#2689=CARTESIAN_POINT('Origin',(-20.8499783323362,-48.5599999999997,113.2672650161));
#2690=CARTESIAN_POINT('',(-20.8499783323363,-38.5599999999997,113.2672650161));
#2691=CARTESIAN_POINT('Origin',(-15.3811582396871,-56.3599999999996,118.222366238695));
#2692=CARTESIAN_POINT('',(-7.63660379213118,-56.3599999999995,120.079513782863));
#2693=CARTESIAN_POINT('',(-3.49549907049088,-56.3599999999995,135.534327003488));
#2694=CARTESIAN_POINT('',(-7.09286444348731,-56.3599999999995,122.108776658077));
#2695=CARTESIAN_POINT('',(-12.4662329235771,-56.3599999999996,121.373609008376));
#2696=CARTESIAN_POINT('',(-16.3299362287328,-56.3599999999996,122.408885188786));
#2697=CARTESIAN_POINT('',(-8.32512820193681,-56.3599999999995,136.828422229001));
#2698=CARTESIAN_POINT('',(-11.2754459621769,-56.3599999999996,125.817686449312));
#2699=CARTESIAN_POINT('',(-12.1888315070925,-56.3599999999996,137.863698409411));
#2700=CARTESIAN_POINT('Origin',(-9.27390619098323,56.3600000000005,141.014941179092));
#2701=CARTESIAN_POINT('',(-3.49549907049211,56.3600000000005,135.534327003488));
#2702=CARTESIAN_POINT('',(-7.6366037921324,56.3600000000005,120.079513782863));
#2703=CARTESIAN_POINT('',(-4.03923841913602,56.3600000000005,133.505064128275));
#2704=CARTESIAN_POINT('',(-8.3251282019369,56.3600000000005,136.828422229001));
#2705=CARTESIAN_POINT('',(-12.1888315070937,56.3600000000004,137.863698409411));
#2706=CARTESIAN_POINT('',(-12.4662329235772,56.3600000000004,121.373609008376));
#2707=CARTESIAN_POINT('',(-8.22181993782449,56.3600000000005,137.21397391951));
#2708=CARTESIAN_POINT('',(-16.329936228734,56.3600000000004,122.408885188786));
#2709=CARTESIAN_POINT('Origin',(-7.09286444348728,-58.3599999999995,122.108776658077));
#2710=CARTESIAN_POINT('Ctrl Pts',(-7.63660366931037,-56.3599999999995,120.079514241237));
#2711=CARTESIAN_POINT('Ctrl Pts',(-7.39383824438177,-56.3599999999995,120.014465441677));
#2712=CARTESIAN_POINT('Ctrl Pts',(-7.13510426388749,-56.4102816015459,119.944440824098));
#2713=CARTESIAN_POINT('Ctrl Pts',(-6.65764355799317,-56.6145421964127,119.822248392845));
#2714=CARTESIAN_POINT('Ctrl Pts',(-6.43868696868286,-56.7685280762055,119.770992080385));
#2715=CARTESIAN_POINT('Ctrl Pts',(-6.08204135250076,-57.127760035363,119.714005909916));
#2716=CARTESIAN_POINT('Ctrl Pts',(-5.92346840921162,-57.3579382106325,119.70610944073));
#2717=CARTESIAN_POINT('Ctrl Pts',(-5.69979435066096,-57.8534057177354,119.761276781263));
#2718=CARTESIAN_POINT('Ctrl Pts',(-5.63419490008162,-58.118373964791,119.825198895207));
#2719=CARTESIAN_POINT('Ctrl Pts',(-5.61073103993976,-58.3599999999995,119.912767213398));
#2720=CARTESIAN_POINT('Ctrl Pts',(-1.65766851752598,-58.3599999999995,134.665797392543));
#2721=CARTESIAN_POINT('Ctrl Pts',(-1.63420465738412,-58.118373964791,134.753365710734));
#2722=CARTESIAN_POINT('Ctrl Pts',(-1.65905439108795,-57.8534057177354,134.841523610563));
#2723=CARTESIAN_POINT('Ctrl Pts',(-1.82517813769412,-57.3579382106324,135.001136958199));
#2724=CARTESIAN_POINT('Ctrl Pts',(-1.96645456952841,-57.127760035363,135.073584886928));
#2725=CARTESIAN_POINT('Ctrl Pts',(-2.30381181852488,-56.7685280762054,135.202556223729));
#2726=CARTESIAN_POINT('Ctrl Pts',(-2.51906194342342,-56.6145421964126,135.26764524969));
#2727=CARTESIAN_POINT('Ctrl Pts',(-2.99365125966354,-56.4102816015458,135.400553853021));
#2728=CARTESIAN_POINT('Ctrl Pts',(-3.25273376838307,-56.3599999999995,135.469277745555));
#2729=CARTESIAN_POINT('Ctrl Pts',(-3.49549919331168,-56.3599999999995,135.534326545115));
#2730=CARTESIAN_POINT('Origin',(-11.7322484115987,-56.3576741040815,131.840283109358));
#2731=CARTESIAN_POINT('',(-14.1206831596707,-56.3576741040815,138.381336499616));
#2732=CARTESIAN_POINT('Origin',(-15.5959517167549,-56.3576741040815,132.875559289768));
#2733=CARTESIAN_POINT('',(-8.41826956941138,-56.3576741040814,136.853379383198));
#2734=CARTESIAN_POINT('Ctrl Pts',(-8.32512832475762,-56.3599999999995,136.828421770628));
#2735=CARTESIAN_POINT('Ctrl Pts',(-8.35593893977772,-56.3599999999995,136.83667745004));
#2736=CARTESIAN_POINT('Ctrl Pts',(-8.38701173905111,-56.3592361336248,136.845003872796));
#2737=CARTESIAN_POINT('Ctrl Pts',(-8.41826956941137,-56.3576741040814,136.853379383198));
#2738=CARTESIAN_POINT('',(-10.2569798545144,-56.3576741040814,137.346060319206));
#2739=CARTESIAN_POINT('Origin',(-18.261787881311,-48.5599999999996,122.926523278991));
#2740=CARTESIAN_POINT('',(-18.2617878813109,-56.3576741040816,122.926523278991));
#2741=CARTESIAN_POINT('',(-12.5593742910512,-56.3576741040815,121.398566162573));
#2742=CARTESIAN_POINT('',(-14.3980845761547,-56.3576741040815,121.891247098581));
#2743=CARTESIAN_POINT('',(-18.2617878813114,-11.1599999999996,122.926523278991));
#2744=CARTESIAN_POINT('',(-14.3980845761547,-54.3599999999996,121.891247098581));
#2745=CARTESIAN_POINT('',(-14.3980845761555,16.9900000000004,121.891247098581));
#2746=CARTESIAN_POINT('Origin',(-12.4662329235771,-54.3599999999996,121.373609008376));
#2747=CARTESIAN_POINT('Origin',(-11.2754459621769,-54.3599999999996,125.817686449312));
#2748=CARTESIAN_POINT('Ctrl Pts',(-12.5593742910512,-56.3576741040815,121.398566162573));
#2749=CARTESIAN_POINT('Ctrl Pts',(-12.5281164606911,-56.3592361336249,121.39019065217));
#2750=CARTESIAN_POINT('Ctrl Pts',(-12.4970434157762,-56.3599999999996,121.381865146162));
#2751=CARTESIAN_POINT('Ctrl Pts',(-12.4662328007563,-56.3599999999996,121.373609466749));
#2752=CARTESIAN_POINT('',(-10.2569798545144,-54.3599999999995,137.346060319206));
#2753=CARTESIAN_POINT('',(-13.2072976147551,-54.3599999999996,126.335324539517));
#2754=CARTESIAN_POINT('Origin',(-8.32512820193683,-54.3599999999995,136.828422229001));
#2755=CARTESIAN_POINT('Origin',(-12.9228160190703,-56.3576741040815,127.397024308429));
#2756=CARTESIAN_POINT('Origin',(-16.7865193242265,-56.3576741040815,128.432300488839));
#2757=CARTESIAN_POINT('Origin',(-4.03923841913604,58.3600000000005,133.505064128275));
#2758=CARTESIAN_POINT('Ctrl Pts',(-3.49549919331292,56.3600000000005,135.534326545115));
#2759=CARTESIAN_POINT('Ctrl Pts',(-3.25272908418386,56.3600000000005,135.469276490427));
#2760=CARTESIAN_POINT('Ctrl Pts',(-2.99364189090276,56.4102835273355,135.400551391417));
#2761=CARTESIAN_POINT('Ctrl Pts',(-2.51904556556336,56.6145513519416,135.26764050095));
#2762=CARTESIAN_POINT('Ctrl Pts',(-2.30379313503805,56.7685425370672,135.20255033156));
#2763=CARTESIAN_POINT('Ctrl Pts',(-1.96644146384611,57.1277795711681,135.073578592476));
#2764=CARTESIAN_POINT('Ctrl Pts',(-1.82517034458425,57.3579550844317,135.001131585815));
#2765=CARTESIAN_POINT('Ctrl Pts',(-1.65905338331031,57.853415093103,134.841520526854));
#2766=CARTESIAN_POINT('Ctrl Pts',(-1.63420509949256,58.1183785175212,134.753364060768));
#2767=CARTESIAN_POINT('Ctrl Pts',(-1.65766851752727,58.3600000000006,134.665797392543));
#2768=CARTESIAN_POINT('Ctrl Pts',(-5.61073103994103,58.3600000000005,119.912767213398));
#2769=CARTESIAN_POINT('Ctrl Pts',(-5.63419445797573,58.1183785175211,119.825200545174));
#2770=CARTESIAN_POINT('Ctrl Pts',(-5.69979193604557,57.8534150931029,119.761278947944));
#2771=CARTESIAN_POINT('Ctrl Pts',(-5.92345897398855,57.3579550844316,119.706110196796));
#2772=CARTESIAN_POINT('Ctrl Pts',(-6.08202685542103,57.1277795711681,119.71400480823));
#2773=CARTESIAN_POINT('Ctrl Pts',(-6.43866784222419,56.7685425370672,119.770987841409));
#2774=CARTESIAN_POINT('Ctrl Pts',(-6.65762699998072,56.6145513519415,119.822244316443));
#2775=CARTESIAN_POINT('Ctrl Pts',(-7.13509491950076,56.4102835273355,119.944438271529));
#2776=CARTESIAN_POINT('Ctrl Pts',(-7.39383356018254,56.3600000000005,120.014464186549));
#2777=CARTESIAN_POINT('Ctrl Pts',(-7.6366036693116,56.3600000000005,120.079514241237));
#2778=CARTESIAN_POINT('Origin',(-18.2617878813122,59.973107712618,122.926523278991));
#2779=CARTESIAN_POINT('',(-12.5593742910522,56.3576741040823,121.398566162573));
#2780=CARTESIAN_POINT('',(-18.2617878813122,56.3576741040822,122.926523278991));
#2781=CARTESIAN_POINT('',(-14.3980845761559,56.3576741040823,121.891247098581));
#2782=CARTESIAN_POINT('',(-14.3980845761558,54.3600000000004,121.891247098581));
#2783=CARTESIAN_POINT('Origin',(-12.4662329235772,54.3600000000004,121.373609008376));
#2784=CARTESIAN_POINT('',(-14.398084576156,71.5165538563092,121.891247098581));
#2785=CARTESIAN_POINT('',(-18.261787881312,43.3665538563092,122.926523278991));
#2786=CARTESIAN_POINT('Origin',(-12.9228160190715,56.3576741040823,127.397024308429));
#2787=CARTESIAN_POINT('Origin',(-16.7865193242277,56.3576741040822,128.432300488839));
#2788=CARTESIAN_POINT('Ctrl Pts',(-12.4662328007564,56.3600000000004,121.373609466749));
#2789=CARTESIAN_POINT('Ctrl Pts',(-12.4970434157767,56.3600000000004,121.381865146162));
#2790=CARTESIAN_POINT('Ctrl Pts',(-12.5281164606918,56.3592361336257,121.39019065217));
#2791=CARTESIAN_POINT('Ctrl Pts',(-12.5593742910522,56.3576741040823,121.398566162573));
#2792=CARTESIAN_POINT('Origin',(-14.1206831596706,-59.4531077126172,138.381336499616));
#2793=CARTESIAN_POINT('',(-14.1206831596719,56.3576741040822,138.381336499616));
#2794=CARTESIAN_POINT('',(-8.41826956941247,56.3576741040823,136.853379383198));
#2795=CARTESIAN_POINT('',(-10.2569798545156,56.3576741040823,137.346060319206));
#2796=CARTESIAN_POINT('',(-14.1206831596709,-32.8665538563084,138.381336499616));
#2797=CARTESIAN_POINT('',(-10.2569798545155,54.3600000000005,137.346060319206));
#2798=CARTESIAN_POINT('',(-10.2569798545149,-4.71655385630837,137.346060319206));
#2799=CARTESIAN_POINT('Origin',(-8.32512820193688,54.3600000000005,136.828422229001));
#2800=CARTESIAN_POINT('Origin',(-8.22181993782446,54.3600000000005,137.21397391951));
#2801=CARTESIAN_POINT('Ctrl Pts',(-8.41826956941247,56.3576741040823,136.853379383198));
#2802=CARTESIAN_POINT('Ctrl Pts',(-8.38701173905187,56.3592361336257,136.845003872795));
#2803=CARTESIAN_POINT('Ctrl Pts',(-8.35593893977815,56.3600000000005,136.83667745004));
#2804=CARTESIAN_POINT('Ctrl Pts',(-8.3251283247577,56.3600000000005,136.828421770627));
#2805=CARTESIAN_POINT('',(-10.1536715904026,54.3600000000005,137.731612009715));
#2806=CARTESIAN_POINT('Origin',(-11.7322484115999,56.3576741040823,131.840283109358));
#2807=CARTESIAN_POINT('Origin',(-15.5959517167562,56.3576741040822,132.875559289768));
#2808=CARTESIAN_POINT('Origin',(-27.4780516816637,7.56000000000017,55.6768741581951));
#2809=CARTESIAN_POINT('',(-31.8278694669886,27.5600000000005,56.8424043209955));
#2810=CARTESIAN_POINT('',(-28.5463413536244,23.0276028160253,69.0892339665361));
#2811=CARTESIAN_POINT('Origin',(-31.8278694669894,7.56000000000013,56.8424043209957));
#2812=CARTESIAN_POINT('',(-32.4100446587802,23.0276028160253,70.1245101469461));
#2813=CARTESIAN_POINT('',(-24.1965235682996,23.0276028160254,67.9237038037357));
#2814=CARTESIAN_POINT('',(-35.6915727721449,27.5600000000001,57.8776805014056));
#2815=CARTESIAN_POINT('Origin',(-35.6915727721443,7.56000000000008,57.8776805014055));
#2816=CARTESIAN_POINT('',(-27.4780516816639,27.5600000000003,55.6768741581951));
#2817=CARTESIAN_POINT('Origin',(-31.9108095681306,21.4464794367963,71.9876808701716));
#2818=CARTESIAN_POINT('',(-28.0471062629748,21.4464794367963,70.9524046897616));
#2819=CARTESIAN_POINT('',(-26.4901238312568,16.5153730904156,76.7631422314251));
#2820=CARTESIAN_POINT('',(-31.9108095681306,21.4464794367963,71.9876808701715));
#2821=CARTESIAN_POINT('',(-31.9108095681306,21.4464794367963,71.9876808701715));
#2822=CARTESIAN_POINT('',(-33.8411358365637,27.5600000000006,64.7836051611944));
#2823=CARTESIAN_POINT('Origin',(-18.6039140282909,7.56000000000027,88.7956067539439));
#2824=CARTESIAN_POINT('',(-26.2352599269796,23.0276028160255,77.7143072712035));
#2825=CARTESIAN_POINT('Origin',(-22.9537318136147,7.56000000000022,89.9611369167438));
#2826=CARTESIAN_POINT('',(-30.0989632321353,23.0276028160254,78.7495834516134));
#2827=CARTESIAN_POINT('Origin',(-26.8174351187724,7.56000000000018,90.9964130971542));
#2828=CARTESIAN_POINT('',(-21.885442141655,23.0276028160255,76.5487771084034));
#2829=CARTESIAN_POINT('Origin',(-31.2545039454578,24.5400000000017,74.4370467992797));
#2830=CARTESIAN_POINT('',(-34.152281424325,27.2900000000017,75.2135039345873));
#2831=CARTESIAN_POINT('Origin',(-34.152281424325,24.5400000000017,75.2135039345873));
#2832=CARTESIAN_POINT('',(-31.2545039454578,27.2900000000017,74.4370467992797));
#2833=CARTESIAN_POINT('',(-31.2545039454578,27.2900000000017,74.4370467992797));
#2834=CARTESIAN_POINT('Origin',(-31.2545039454583,24.5400000000017,74.4370467992799));
#2835=CARTESIAN_POINT('Origin',(-34.152281424325,24.5400000000017,75.2135039345873));
#2836=CARTESIAN_POINT('',(-34.152281424325,25.7900000000013,75.2135039345872));
#2837=CARTESIAN_POINT('Origin',(-34.152281424325,24.5400000000013,75.2135039345872));
#2838=CARTESIAN_POINT('Origin',(-31.2545039454578,24.5400000000013,74.4370467992797));
#2839=CARTESIAN_POINT('',(-26.7344950176292,21.4464794367963,75.8511365479778));
#2840=CARTESIAN_POINT('Origin',(-27.3908006403018,24.5400000000013,73.4017706188696));
#2841=CARTESIAN_POINT('',(-30.598198322785,21.4464794367963,76.8864127283878));
#2842=CARTESIAN_POINT('',(-30.598198322785,21.4464794367963,76.8864127283878));
#2843=CARTESIAN_POINT('Origin',(-31.2545039454578,24.5400000000013,74.4370467992797));
#2844=CARTESIAN_POINT('Origin',(-28.6678720543519,27.5600000000006,84.0904884373649));
#2845=CARTESIAN_POINT('',(-28.6678720543519,27.5600000000006,84.0904884373649));
#2846=CARTESIAN_POINT('',(-27.3263143151306,19.5721333720178,73.6424368608028));
#2847=CARTESIAN_POINT('Origin',(-27.3908006403015,24.5400000000009,73.4017706188695));
#2848=CARTESIAN_POINT('',(-27.3908006403015,21.7900000000009,73.4017706188695));
#2849=CARTESIAN_POINT('Origin',(-27.3908006403034,24.5400000000009,73.40177061887));
#2850=CARTESIAN_POINT('',(-27.873763553446,21.7900000000009,73.5311801414208));
#2851=CARTESIAN_POINT('',(-27.3908006403015,21.7900000000009,73.4017706188695));
#2852=CARTESIAN_POINT('Origin',(-27.873763553446,24.5400000000009,73.5311801414208));
#2853=CARTESIAN_POINT('Origin',(-27.873763553446,24.5400000000009,73.5311801414208));
#2854=CARTESIAN_POINT('',(-27.873763553446,25.7900000000009,73.5311801414207));
#2855=CARTESIAN_POINT('Origin',(-27.873763553446,24.5400000000009,73.5311801414208));
#2856=CARTESIAN_POINT('Origin',(-31.2545039454578,24.5400000000009,74.4370467992796));
#2857=CARTESIAN_POINT('',(-31.2545039454578,25.7900000000009,74.4370467992796));
#2858=CARTESIAN_POINT('Origin',(-33.0933997766006,27.5600000000002,1.86602540378447));
#2859=CARTESIAN_POINT('',(-26.9508082636278,27.5600000000004,75.043844523561));
#2860=CARTESIAN_POINT('',(-28.1381422619966,27.5600000000003,70.6126537160949));
#2861=CARTESIAN_POINT('',(-49.5133527895223,27.56,6.29409522551257));
#2862=CARTESIAN_POINT('',(-46.7852659579706,27.560000000001,16.4754538883231));
#2863=CARTESIAN_POINT('',(-44.683723658077,27.5600000000001,-5.32907051820075E-14));
#2864=CARTESIAN_POINT('Origin',(-44.683723658077,27.5600000000001,4.99999999999996));
#2865=CARTESIAN_POINT('',(-15.9869490309182,27.5600000000004,-3.5527136788005E-14));
#2866=CARTESIAN_POINT('',(-15.9869490309182,27.5600000000004,-3.5527136788005E-14));
#2867=CARTESIAN_POINT('',(-15.9869490309182,27.5600000000004,0.00546254902362264));
#2868=CARTESIAN_POINT('',(-15.9869490309182,27.5600000000004,3.99999999999999));
#2869=CARTESIAN_POINT('',(-11.3909770217589,27.5600000000005,6.2940952255126));
#2870=CARTESIAN_POINT('Origin',(-16.2206061532042,27.5600000000004,4.99999999999996));
#2871=CARTESIAN_POINT('',(-25.8390623151432,27.5600000000003,60.215083612512));
#2872=CARTESIAN_POINT('',(-23.845528985597,27.5600000000003,52.7751159400636));
#2873=CARTESIAN_POINT('Origin',(12.7979707364195,27.5600000000009,70.5678454166128));
#2874=CARTESIAN_POINT('',(-34.7988312055775,27.5600000000002,45.7546241652384));
#2875=CARTESIAN_POINT('',(-26.1054915885034,27.5600000000003,45.7545979763675));
#2876=CARTESIAN_POINT('Origin',(-30.4521649056405,27.5600000000002,44.5899387669473));
#2877=CARTESIAN_POINT('',(-16.6038785131237,27.5600000000004,10.2940952255126));
#2878=CARTESIAN_POINT('',(-19.8885136223268,27.5600000000004,22.5525203373832));
#2879=CARTESIAN_POINT('',(-21.433507644569,27.5600000000004,4.00000000000003));
#2880=CARTESIAN_POINT('Origin',(-21.433507644569,27.5600000000004,9.00000000000002));
#2881=CARTESIAN_POINT('',(-39.4708221667121,27.5600000000001,4.));
#2882=CARTESIAN_POINT('',(-45.9869490309181,27.5600000000001,3.99999999999997));
#2883=CARTESIAN_POINT('',(-44.3004512981575,27.5600000000001,10.2940952255126));
#2884=CARTESIAN_POINT('Origin',(-39.4708221667121,27.5600000000001,9.00000000000001));
#2885=CARTESIAN_POINT('',(-28.5102524178582,27.5600000000004,69.2239197084068));
#2886=CARTESIAN_POINT('Origin',(-34.9030792556048,33.0600000000002,4.00000000000002));
#2887=CARTESIAN_POINT('',(-31.6030792556048,33.0600000000002,4.00000000000001));
#2888=CARTESIAN_POINT('Origin',(-34.9030792556048,33.0600000000002,3.99999999999998));
#2889=CARTESIAN_POINT('',(-31.6030792556048,33.0600000000002,2.50000000000003));
#2890=CARTESIAN_POINT('',(-31.6030792556048,33.0600000000002,4.00000000000002));
#2891=CARTESIAN_POINT('Origin',(-34.9030792556048,33.0600000000002,2.50000000000004));
#2892=CARTESIAN_POINT('Origin',(-25.7675934333903,33.0600000000003,4.00000000000001));
#2893=CARTESIAN_POINT('',(-22.4675934333903,33.0600000000003,4.00000000000001));
#2894=CARTESIAN_POINT('Origin',(-25.7675934333903,33.0600000000003,3.99999999999998));
#2895=CARTESIAN_POINT('',(-22.4675934333903,33.0600000000003,2.50000000000003));
#2896=CARTESIAN_POINT('',(-22.4675934333903,33.0600000000003,4.00000000000001));
#2897=CARTESIAN_POINT('Origin',(-25.7675934333903,33.0600000000003,2.50000000000003));
#2898=CARTESIAN_POINT('Origin',(-25.7675934333903,33.0600000000003,2.50000000000004));
#2899=CARTESIAN_POINT('',(-25.7675934333903,31.5600000000003,2.50000000000004));
#2900=CARTESIAN_POINT('Origin',(-25.7675934333903,33.0600000000003,2.50000000000004));
#2901=CARTESIAN_POINT('Origin',(-34.9030792556049,33.0600000000002,2.50000000000004));
#2902=CARTESIAN_POINT('',(-34.9030792556049,31.5600000000002,2.50000000000004));
#2903=CARTESIAN_POINT('Origin',(-34.9030792556049,33.0600000000002,2.50000000000004));
#2904=CARTESIAN_POINT('Origin',(-34.903079255605,33.0600000000002,-1.77635683940025E-14));
#2905=CARTESIAN_POINT('',(-34.9030792556049,31.5600000000002,-3.5527136788005E-14));
#2906=CARTESIAN_POINT('Origin',(-34.903079255605,33.0600000000002,-3.5527136788005E-14));
#2907=CARTESIAN_POINT('',(-34.9030792556049,31.5600000000002,-1.77635683940025E-14));
#2908=CARTESIAN_POINT('Origin',(-25.7675934333903,33.0600000000003,0.));
#2909=CARTESIAN_POINT('',(-25.7675934333903,31.5600000000003,0.));
#2910=CARTESIAN_POINT('Origin',(-25.7675934333903,33.0600000000003,-3.5527136788005E-14));
#2911=CARTESIAN_POINT('',(-25.7675934333903,31.5600000000003,1.71022579061587E-30));
#2912=CARTESIAN_POINT('Origin',(-21.4335076445691,38.5600000000003,9.00000000000005));
#2913=CARTESIAN_POINT('',(-16.6038785131238,38.5600000000004,10.2940952255126));
#2914=CARTESIAN_POINT('',(-16.6038785131238,38.5600000000004,10.2940952255126));
#2915=CARTESIAN_POINT('',(-21.4335076445692,38.5600000000003,4.00000000000006));
#2916=CARTESIAN_POINT('Origin',(-21.4335076445691,38.5600000000003,9.00000000000005));
#2917=CARTESIAN_POINT('',(-21.4335076445691,38.5600000000003,3.99999999999999));
#2918=CARTESIAN_POINT('Origin',(-16.2206061532043,38.5600000000004,4.99999999999997));
#2919=CARTESIAN_POINT('',(-15.9869490309183,38.5600000000004,0.00546254902365817));
#2920=CARTESIAN_POINT('',(-15.9869490309183,38.5600000000004,0.00546254902365817));
#2921=CARTESIAN_POINT('',(-11.390977021759,38.5600000000004,6.2940952255126));
#2922=CARTESIAN_POINT('Origin',(-16.2206061532043,38.5600000000004,4.99999999999997));
#2923=CARTESIAN_POINT('',(-11.390977021759,38.5600000000004,6.2940952255126));
#2924=CARTESIAN_POINT('Origin',(-28.3816125448206,38.5600000000002,69.7040102504632));
#2925=CARTESIAN_POINT('',(-25.8390623151434,38.5600000000003,60.215083612512));
#2926=CARTESIAN_POINT('',(-25.839062315143,7.33216457461229E-13,60.2150836125121));
#2927=CARTESIAN_POINT('',(-30.4521649056407,38.5600000000002,77.4314168607758));
#2928=CARTESIAN_POINT('Origin',(-30.4521649056407,38.5600000000002,44.5899387669473));
#2929=CARTESIAN_POINT('',(-34.7988312055776,38.5600000000002,45.7546241652384));
#2930=CARTESIAN_POINT('',(-34.7988311239415,38.5600000000002,45.7546244699086));
#2931=CARTESIAN_POINT('',(-26.1054915885035,38.5600000000003,45.7545979763675));
#2932=CARTESIAN_POINT('Origin',(-30.4521649056407,38.5600000000002,44.5899387669473));
#2933=CARTESIAN_POINT('',(-26.1054915885035,38.5600000000003,45.7545979763675));
#2934=CARTESIAN_POINT('Origin',(-16.6038785131238,38.5600000000004,10.2940952255126));
#2935=CARTESIAN_POINT('',(-16.6038785131238,38.5600000000004,10.2940952255126));
#2936=CARTESIAN_POINT('Origin',(-45.9869490309181,27.5600000000001,3.99999999999997));
#2937=CARTESIAN_POINT('',(-39.4708221667122,38.5600000000001,3.99999999999999));
#2938=CARTESIAN_POINT('',(-39.5401744037595,38.5600000000001,3.99999999999999));
#2939=CARTESIAN_POINT('',(-39.4708221667124,55.7100000000001,4.));
#2940=CARTESIAN_POINT('Origin',(-39.4708221667124,55.7100000000001,9.00000000000003));
#2941=CARTESIAN_POINT('',(-44.3004512981577,38.5600000000001,10.2940952255126));
#2942=CARTESIAN_POINT('Origin',(-39.4708221667122,38.5600000000001,9.));
#2943=CARTESIAN_POINT('',(-44.3004512981578,55.7100000000001,10.2940952255126));
#2944=CARTESIAN_POINT('Origin',(-44.683723658077,27.5600000000001,4.99999999999996));
#2945=CARTESIAN_POINT('',(-49.5133527895224,38.56,6.29409522551257));
#2946=CARTESIAN_POINT('',(-44.6837236580771,38.5600000000001,-5.32907051820075E-14));
#2947=CARTESIAN_POINT('Origin',(-44.6837236580771,38.5600000000001,4.99999999999997));
#2948=CARTESIAN_POINT('',(-44.683723658077,27.5600000000001,-3.5527136788005E-14));
#2949=CARTESIAN_POINT('',(-49.5133527895223,27.56,6.29409522551257));
#2950=CARTESIAN_POINT('Origin',(-15.9869490309182,27.5600000000004,-3.5527136788005E-14));
#2951=CARTESIAN_POINT('',(-15.9869490309183,38.5600000000004,-1.77635683940025E-14));
#2952=CARTESIAN_POINT('',(-24.5401744037595,38.5600000000003,-1.77635683940025E-14));
#2953=CARTESIAN_POINT('',(-15.9869490309182,27.5600000000004,-3.5527136788005E-14));
#2954=CARTESIAN_POINT('Origin',(-20.5840791080351,83.8600000000003,98.8048012102656));
#2955=CARTESIAN_POINT('',(-38.7821835398412,38.5600000000001,30.8885508693187));
#2956=CARTESIAN_POINT('Origin',(-15.9869490309182,27.5600000000004,3.99999999999999));
#2957=CARTESIAN_POINT('',(-15.9869490309183,38.5600000000004,2.93301270189222));
#2958=CARTESIAN_POINT('Origin',(-29.5706759758088,38.5600000000002,54.4602993988997));
#2959=CARTESIAN_POINT('',(-28.7439592079641,38.5600000000002,83.8065273142837));
#2960=CARTESIAN_POINT('',(-26.9508082636279,38.5600000000004,75.043844523561));
#2961=CARTESIAN_POINT('',(-26.9508082636279,38.5600000000004,75.043844523561));
#2962=CARTESIAN_POINT('Origin',(12.7979707364194,38.5600000000007,70.5678454166128));
#2963=CARTESIAN_POINT('Origin',(12.7979707364198,1.15207302725579E-12,70.5678454166129));
#2964=CARTESIAN_POINT('',(-26.9508082636275,7.67423604364305E-13,75.0438445235611));
#2965=CARTESIAN_POINT('Origin',(-29.570675975808,-27.5599999999998,54.4602993988997));
#2966=CARTESIAN_POINT('',(-31.8278694669883,-27.5599999999998,56.8424043209944));
#2967=CARTESIAN_POINT('',(-26.9508082636272,-27.5599999999997,75.043844523561));
#2968=CARTESIAN_POINT('',(-18.145926312852,-27.5599999999997,107.904111318501));
#2969=CARTESIAN_POINT('',(-25.8390623151427,-27.5599999999998,60.2150836125123));
#2970=CARTESIAN_POINT('Origin',(12.7979707364201,-27.5599999999993,70.5678454166131));
#2971=CARTESIAN_POINT('',(-11.3909770217582,-27.5599999999996,6.29409522551261));
#2972=CARTESIAN_POINT('',(-23.8455289855964,-27.5599999999997,52.7751159400636));
#2973=CARTESIAN_POINT('',(-15.9869490309176,-27.5599999999997,0.00546254902362264));
#2974=CARTESIAN_POINT('Origin',(-16.2206061532036,-27.5599999999997,4.99999999999996));
#2975=CARTESIAN_POINT('',(-15.9869490309176,-27.5599999999997,0.));
#2976=CARTESIAN_POINT('',(-15.9869490309176,-27.5599999999997,4.00000000000002));
#2977=CARTESIAN_POINT('',(-44.6837236580764,-27.56,-3.5527136788005E-14));
#2978=CARTESIAN_POINT('',(-15.9869490309176,-27.5599999999997,0.));
#2979=CARTESIAN_POINT('',(-49.5133527895217,-27.56,6.29409522551258));
#2980=CARTESIAN_POINT('Origin',(-44.6837236580764,-27.56,4.99999999999998));
#2981=CARTESIAN_POINT('',(-35.6915727721446,-27.5599999999993,57.8776805014044));
#2982=CARTESIAN_POINT('',(-46.78526595797,-27.5599999999995,16.475453888323));
#2983=CARTESIAN_POINT('',(-32.4089629053545,-27.5599999999998,56.9981078385316));
#2984=CARTESIAN_POINT('',(-34.7988312055769,-27.5599999999999,45.7546241652384));
#2985=CARTESIAN_POINT('',(-44.3004512981569,-27.56,10.2940952255126));
#2986=CARTESIAN_POINT('',(-27.788844599111,-27.5599999999998,71.9162503409469));
#2987=CARTESIAN_POINT('',(-39.4708221667115,-27.5599999999999,4.00000000000002));
#2988=CARTESIAN_POINT('Origin',(-39.4708221667115,-27.5599999999999,9.));
#2989=CARTESIAN_POINT('',(-21.4335076445684,-27.5599999999997,4.00000000000003));
#2990=CARTESIAN_POINT('',(-45.9869490309176,-27.56,4.));
#2991=CARTESIAN_POINT('',(-16.6038785131231,-27.5599999999997,10.2940952255126));
#2992=CARTESIAN_POINT('Origin',(-21.4335076445684,-27.5599999999997,9.00000000000002));
#2993=CARTESIAN_POINT('',(-26.1054915885027,-27.5599999999998,45.7545979763675));
#2994=CARTESIAN_POINT('',(-19.8885136223262,-27.5599999999997,22.5525203373832));
#2995=CARTESIAN_POINT('Origin',(-30.45216490564,-27.5599999999998,44.5899387669473));
#2996=CARTESIAN_POINT('Origin',(12.7979707364198,1.15207302725579E-12,70.5678454166131));
#2997=CARTESIAN_POINT('',(-25.8390623151426,-38.5599999999997,60.2150836125124));
#2998=CARTESIAN_POINT('',(-26.950808263627,-38.5599999999996,75.043844523561));
#2999=CARTESIAN_POINT('Origin',(12.7979707364202,-38.5599999999991,70.5678454166132));
#3000=CARTESIAN_POINT('',(-25.839062315143,7.3321645746123E-13,60.2150836125123));
#3001=CARTESIAN_POINT('',(-26.9508082636275,7.67423604364305E-13,75.0438445235611));
#3002=CARTESIAN_POINT('Origin',(-20.5840791080332,-83.8599999999997,98.8048012102656));
#3003=CARTESIAN_POINT('',(-34.7988312055768,-38.5599999999998,45.7546241652384));
#3004=CARTESIAN_POINT('',(-34.7988311239407,-38.5599999999998,45.7546244699086));
#3005=CARTESIAN_POINT('',(-44.3004512981567,-38.5599999999999,10.2940952255126));
#3006=CARTESIAN_POINT('',(-38.7821835398404,-38.5599999999999,30.8885508693187));
#3007=CARTESIAN_POINT('',(-44.3004512981566,-55.7099999999999,10.2940952255126));
#3008=CARTESIAN_POINT('Origin',(-34.9030792556041,-33.0599999999998,4.00000000000002));
#3009=CARTESIAN_POINT('',(-31.6030792556041,-33.0599999999998,4.00000000000002));
#3010=CARTESIAN_POINT('Origin',(-34.9030792556041,-33.0599999999998,4.));
#3011=CARTESIAN_POINT('',(-31.6030792556041,-33.0599999999998,2.50000000000004));
#3012=CARTESIAN_POINT('',(-31.6030792556041,-33.0599999999998,4.00000000000002));
#3013=CARTESIAN_POINT('Origin',(-34.9030792556041,-33.0599999999998,2.50000000000004));
#3014=CARTESIAN_POINT('Origin',(-25.7675934333895,-33.0599999999997,4.00000000000003));
#3015=CARTESIAN_POINT('',(-22.4675934333895,-33.0599999999997,4.00000000000003));
#3016=CARTESIAN_POINT('Origin',(-25.7675934333895,-33.0599999999997,3.99999999999999));
#3017=CARTESIAN_POINT('',(-22.4675934333895,-33.0599999999997,2.50000000000004));
#3018=CARTESIAN_POINT('',(-22.4675934333895,-33.0599999999997,4.00000000000003));
#3019=CARTESIAN_POINT('Origin',(-25.7675934333895,-33.0599999999997,2.50000000000004));
#3020=CARTESIAN_POINT('Origin',(-25.7675934333896,-33.0599999999997,2.50000000000003));
#3021=CARTESIAN_POINT('',(-25.7675934333896,-34.5599999999997,2.50000000000004));
#3022=CARTESIAN_POINT('Origin',(-25.7675934333897,-33.0599999999997,2.50000000000004));
#3023=CARTESIAN_POINT('Origin',(-34.9030792556042,-33.0599999999998,2.50000000000004));
#3024=CARTESIAN_POINT('',(-34.9030792556042,-34.5599999999998,2.50000000000004));
#3025=CARTESIAN_POINT('Origin',(-34.9030792556042,-33.0599999999998,2.50000000000004));
#3026=CARTESIAN_POINT('Origin',(-25.7675934333897,-33.0599999999997,-1.77635683940025E-14));
#3027=CARTESIAN_POINT('',(-25.7675934333896,-34.5599999999997,0.));
#3028=CARTESIAN_POINT('Origin',(-25.7675934333897,-33.0599999999997,-1.77635683940025E-14));
#3029=CARTESIAN_POINT('',(-25.7675934333896,-34.5599999999997,-1.77635683940025E-14));
#3030=CARTESIAN_POINT('Origin',(-34.9030792556042,-33.0599999999998,-1.77635683940025E-14));
#3031=CARTESIAN_POINT('',(-34.9030792556042,-34.5599999999998,-3.5527136788005E-14));
#3032=CARTESIAN_POINT('Origin',(-34.9030792556042,-33.0599999999998,-1.77635683940025E-14));
#3033=CARTESIAN_POINT('',(-34.9030792556042,-34.5599999999998,-1.77635683940025E-14));
#3034=CARTESIAN_POINT('Origin',(-21.4335076445683,-38.5599999999997,9.00000000000001));
#3035=CARTESIAN_POINT('',(-21.4335076445683,-38.5599999999997,4.00000000000001));
#3036=CARTESIAN_POINT('',(-21.4335076445683,-38.5599999999997,4.00000000000002));
#3037=CARTESIAN_POINT('',(-16.603878513123,-38.5599999999996,10.2940952255126));
#3038=CARTESIAN_POINT('Origin',(-21.4335076445683,-38.5599999999997,9.00000000000001));
#3039=CARTESIAN_POINT('',(-16.603878513123,-38.5599999999996,10.2940952255126));
#3040=CARTESIAN_POINT('Origin',(-16.2206061532035,-38.5599999999996,4.99999999999996));
#3041=CARTESIAN_POINT('',(-11.3909770217581,-38.5599999999996,6.2940952255126));
#3042=CARTESIAN_POINT('',(-11.3909770217581,-38.5599999999996,6.2940952255126));
#3043=CARTESIAN_POINT('',(-15.9869490309175,-38.5599999999996,0.00546254902362264));
#3044=CARTESIAN_POINT('Origin',(-16.2206061532035,-38.5599999999996,4.99999999999996));
#3045=CARTESIAN_POINT('',(-15.9869490309175,-38.5599999999996,0.00546254902362264));
#3046=CARTESIAN_POINT('Origin',(-28.3816125448197,-38.5599999999997,69.7040102504632));
#3047=CARTESIAN_POINT('',(-30.4521649056399,-38.5599999999998,77.4314168607758));
#3048=CARTESIAN_POINT('Origin',(-30.4521649056399,-38.5599999999998,44.5899387669473));
#3049=CARTESIAN_POINT('',(-26.1054915885026,-38.5599999999997,45.7545979763675));
#3050=CARTESIAN_POINT('',(-26.1054915885026,-38.5599999999997,45.7545979763675));
#3051=CARTESIAN_POINT('Origin',(-30.4521649056399,-38.5599999999998,44.5899387669473));
#3052=CARTESIAN_POINT('Origin',(-16.603878513123,-38.5599999999996,10.2940952255126));
#3053=CARTESIAN_POINT('',(-16.603878513123,-38.5599999999996,10.2940952255126));
#3054=CARTESIAN_POINT('Origin',(-45.9869490309176,-27.56,4.));
#3055=CARTESIAN_POINT('',(-39.4708221667114,-38.5599999999999,3.99999999999999));
#3056=CARTESIAN_POINT('',(-39.4708221667112,-55.7099999999999,4.00000000000002));
#3057=CARTESIAN_POINT('',(-39.5401744037587,-38.5599999999999,3.99999999999999));
#3058=CARTESIAN_POINT('Origin',(-39.4708221667112,-55.7099999999999,9.));
#3059=CARTESIAN_POINT('Origin',(-39.4708221667114,-38.5599999999999,9.));
#3060=CARTESIAN_POINT('Origin',(-44.6837236580764,-27.56,4.99999999999998));
#3061=CARTESIAN_POINT('',(-49.5133527895216,-38.56,6.29409522551259));
#3062=CARTESIAN_POINT('',(-44.6837236580763,-38.5599999999999,-3.5527136788005E-14));
#3063=CARTESIAN_POINT('Origin',(-44.6837236580762,-38.5599999999999,4.99999999999998));
#3064=CARTESIAN_POINT('',(-49.5133527895217,-27.56,6.29409522551258));
#3065=CARTESIAN_POINT('',(-44.6837236580764,-27.56,-3.5527136788005E-14));
#3066=CARTESIAN_POINT('Origin',(-15.9869490309176,-27.5599999999997,0.));
#3067=CARTESIAN_POINT('',(-15.9869490309175,-38.5599999999996,0.));
#3068=CARTESIAN_POINT('',(-15.9869490309176,-27.5599999999997,0.));
#3069=CARTESIAN_POINT('',(-24.5401744037587,-38.5599999999997,-3.5527136788005E-14));
#3070=CARTESIAN_POINT('Origin',(-15.9869490309176,-27.5599999999997,4.00000000000002));
#3071=CARTESIAN_POINT('',(-15.9869490309175,-38.5599999999996,2.93301270189223));
#3072=CARTESIAN_POINT('Origin',(-33.0933997765999,-38.5599999999998,1.86602540378441));
#3073=CARTESIAN_POINT('',(-30.8145115687834,-38.5599999999997,76.0791207039712));
#3074=CARTESIAN_POINT('',(-26.950808263627,-38.5599999999996,75.043844523561));
#3075=CARTESIAN_POINT('Origin',(-31.2545039454578,-24.5400000000002,74.4370467992795));
#3076=CARTESIAN_POINT('',(-26.7344950176288,-21.4464794367952,75.8511365479776));
#3077=CARTESIAN_POINT('',(-28.0471062629744,-21.4464794367952,70.9524046897614));
#3078=CARTESIAN_POINT('Origin',(-27.3908006403018,-24.5400000000002,73.4017706188695));
#3079=CARTESIAN_POINT('',(-31.9108095681306,-21.4464794367952,71.9876808701715));
#3080=CARTESIAN_POINT('',(-31.9108095681306,-21.4464794367952,71.9876808701715));
#3081=CARTESIAN_POINT('',(-30.598198322785,-21.4464794367952,76.8864127283877));
#3082=CARTESIAN_POINT('Origin',(-31.2545039454578,-24.5400000000002,74.4370467992795));
#3083=CARTESIAN_POINT('',(-30.598198322785,-21.4464794367952,76.8864127283877));
#3084=CARTESIAN_POINT('Origin',(-33.8411358365637,-27.5599999999995,64.7836051611943));
#3085=CARTESIAN_POINT('',(-32.4100446587805,-23.0276028160252,70.1245101469447));
#3086=CARTESIAN_POINT('',(-28.5463413536243,-23.0276028160252,69.0892339665347));
#3087=CARTESIAN_POINT('',(-29.1274347919907,-23.0276028160252,69.244937484072));
#3088=CARTESIAN_POINT('',(-33.8411358365637,-27.5599999999995,64.7836051611943));
#3089=CARTESIAN_POINT('',(-27.455286965473,-19.5721333720168,73.1611043769364));
#3090=CARTESIAN_POINT('Origin',(-27.3908006403015,-24.5400000000001,73.4017706188695));
#3091=CARTESIAN_POINT('',(-27.3908006403015,-27.2900000000001,73.4017706188695));
#3092=CARTESIAN_POINT('Origin',(-27.3908006403017,-24.5400000000001,73.4017706188695));
#3093=CARTESIAN_POINT('',(-27.873763553446,-27.2900000000001,73.5311801414207));
#3094=CARTESIAN_POINT('',(-27.3908006403015,-27.2900000000001,73.4017706188695));
#3095=CARTESIAN_POINT('Origin',(-27.873763553446,-24.5400000000001,73.5311801414208));
#3096=CARTESIAN_POINT('Origin',(-27.873763553446,-24.5400000000001,73.5311801414208));
#3097=CARTESIAN_POINT('',(-27.873763553446,-23.2900000000006,73.5311801414208));
#3098=CARTESIAN_POINT('Origin',(-27.873763553446,-24.5400000000006,73.5311801414208));
#3099=CARTESIAN_POINT('Origin',(-31.2545039454578,-24.5400000000006,74.4370467992796));
#3100=CARTESIAN_POINT('',(-34.152281424325,-23.2900000000003,75.2135039345871));
#3101=CARTESIAN_POINT('',(-31.2545039454578,-23.2900000000006,74.4370467992796));
#3102=CARTESIAN_POINT('Origin',(-34.152281424325,-24.5400000000003,75.2135039345871));
#3103=CARTESIAN_POINT('Origin',(-34.152281424325,-24.5400000000003,75.2135039345871));
#3104=CARTESIAN_POINT('',(-34.152281424325,-21.7900000000003,75.2135039345871));
#3105=CARTESIAN_POINT('Origin',(-34.152281424325,-24.5400000000003,75.2135039345871));
#3106=CARTESIAN_POINT('Origin',(-31.2545039454578,-24.5400000000003,74.4370467992796));
#3107=CARTESIAN_POINT('',(-31.2545039454578,-21.7900000000003,74.4370467992796));
#3108=CARTESIAN_POINT('',(-31.2545039454578,-21.7900000000003,74.4370467992796));
#3109=CARTESIAN_POINT('Origin',(-31.2545039454584,-24.5400000000003,74.4370467992797));
#3110=CARTESIAN_POINT('Origin',(-30.598198322785,-21.4464794367952,76.8864127283877));
#3111=CARTESIAN_POINT('',(-26.235259926979,-23.0276028160249,77.7143072712039));
#3112=CARTESIAN_POINT('',(-30.0989632321352,-23.0276028160249,78.749583451614));
#3113=CARTESIAN_POINT('',(-26.8163533653455,-23.0276028160249,77.8700107887412));
#3114=CARTESIAN_POINT('',(-28.2914774493468,-16.5153730904145,70.040399006314));
#3115=CARTESIAN_POINT('',(-28.6678720543519,-27.5599999999996,84.0904884373648));
#3116=CARTESIAN_POINT('Origin',(-23.5348252519814,-7.55999999999973,90.1168404342818));
#3117=CARTESIAN_POINT('Origin',(-22.9537318136156,-7.55999999999973,89.9611369167447));
#3118=CARTESIAN_POINT('Origin',(-26.8174351187704,-7.55999999999977,90.9964130971544));
#3119=CARTESIAN_POINT('Origin',(-32.4089629053548,-7.55999999999983,56.9981078385316));
#3120=CARTESIAN_POINT('Origin',(-31.8278694669876,-7.55999999999982,56.8424043209941));
#3121=CARTESIAN_POINT('Origin',(-35.6915727721451,-7.55999999999987,57.8776805014045));
#3122=CARTESIAN_POINT('Origin',(-43.3058696466561,26.7600000000002,29.4607377018165));
#3123=CARTESIAN_POINT('Origin',(-10.6195458715862,-83.8599999999996,135.992945522395));
#3124=UNCERTAINTY_MEASURE_WITH_UNIT(LENGTH_MEASURE(0.01),#3128,
'DISTANCE_ACCURACY_VALUE',
'Maximum model space distance between geometric entities at asserted c
onnectivities');
#3125=UNCERTAINTY_MEASURE_WITH_UNIT(LENGTH_MEASURE(0.01),#3128,
'DISTANCE_ACCURACY_VALUE',
'Maximum model space distance between geometric entities at asserted c
onnectivities');
#3126=(
GEOMETRIC_REPRESENTATION_CONTEXT(3)
GLOBAL_UNCERTAINTY_ASSIGNED_CONTEXT((#3124))
GLOBAL_UNIT_ASSIGNED_CONTEXT((#3128,#3130,#3131))
REPRESENTATION_CONTEXT('','3D')
);
#3127=(
GEOMETRIC_REPRESENTATION_CONTEXT(3)
GLOBAL_UNCERTAINTY_ASSIGNED_CONTEXT((#3125))
GLOBAL_UNIT_ASSIGNED_CONTEXT((#3128,#3130,#3131))
REPRESENTATION_CONTEXT('','3D')
);
#3128=(
LENGTH_UNIT()
NAMED_UNIT(*)
SI_UNIT(.MILLI.,.METRE.)
);
#3129=(
LENGTH_UNIT()
NAMED_UNIT(*)
SI_UNIT($,.METRE.)
);
#3130=(
NAMED_UNIT(*)
PLANE_ANGLE_UNIT()
SI_UNIT($,.RADIAN.)
);
#3131=(
NAMED_UNIT(*)
SI_UNIT($,.STERADIAN.)
SOLID_ANGLE_UNIT()
);
#3132=SHAPE_DEFINITION_REPRESENTATION(#3133,#3134);
#3133=PRODUCT_DEFINITION_SHAPE('',$,#3136);
#3134=SHAPE_REPRESENTATION('',(#1808),#3126);
#3135=PRODUCT_DEFINITION_CONTEXT('part definition',#3140,'design');
#3136=PRODUCT_DEFINITION('2026-08-05-13-12-16-478',
'beta1\X2\644450CF5934652F67B6FF084E0A79FB\X0\38.5mm\X2\FF09\X0\',#3137,
#3135);
#3137=PRODUCT_DEFINITION_FORMATION('',$,#3142);
#3138=PRODUCT_RELATED_PRODUCT_CATEGORY(
'beta1\X2\644450CF5934652F67B6FF084E0A79FB\X0\38.5mm\X2\FF09\X0\',
'beta1\X2\644450CF5934652F67B6FF084E0A79FB\X0\38.5mm\X2\FF09\X0\',(#3142));
#3139=APPLICATION_PROTOCOL_DEFINITION('international standard',
'automotive_design',2009,#3140);
#3140=APPLICATION_CONTEXT(
'Core Data for Automotive Mechanical Design Process');
#3141=PRODUCT_CONTEXT('part definition',#3140,'mechanical');
#3142=PRODUCT('2026-08-05-13-12-16-478',
'beta1\X2\644450CF5934652F67B6FF084E0A79FB\X0\38.5mm\X2\FF09\X0\',$,(#3141));
#3143=PRESENTATION_STYLE_ASSIGNMENT((#3144));
#3144=SURFACE_STYLE_USAGE(.BOTH.,#3145);
#3145=SURFACE_SIDE_STYLE('',(#3146));
#3146=SURFACE_STYLE_FILL_AREA(#3147);
#3147=FILL_AREA_STYLE('\X2\94A2\X0\ - \X2\7F0E5149\X0\',(#3148));
#3148=FILL_AREA_STYLE_COLOUR('\X2\94A2\X0\ - \X2\7F0E5149\X0\',#3149);
#3149=COLOUR_RGB('\X2\94A2\X0\ - \X2\7F0E5149\X0\',0.627450980392157,0.627450980392157,
0.627450980392157);
ENDSEC;
END-ISO-10303-21;
