ISO-10303-21;
HEADER;
/* Generated by software containing ST-Developer
 * from STEP Tools, Inc. (www.steptools.com) 
 */

FILE_DESCRIPTION(
/* description */ (''),
/* implementation_level */ '2;1');

FILE_NAME(
/* name */ '',
/* time_stamp */ '2026-08-11T12:51:27+09:00',
/* author */ (''),
/* organization */ (''),
/* preprocessor_version */ 'ST-DEVELOPER v20.1',
/* originating_system */ 'Autodesk Translation Framework v15.8.0.0',
/* authorisation */ '');

FILE_SCHEMA (('AUTOMOTIVE_DESIGN { 1 0 10303 214 3 1 1 }'));
ENDSEC;

DATA;
#10=MECHANICAL_DESIGN_GEOMETRIC_PRESENTATION_REPRESENTATION('',(#13),#3764);
#11=SHAPE_REPRESENTATION_RELATIONSHIP('SRR','None',#3771,#12);
#12=ADVANCED_BREP_SHAPE_REPRESENTATION('',(#14),#3763);
#13=STYLED_ITEM('',(#3780),#14);
#14=MANIFOLD_SOLID_BREP('3\X2\5C42\X0\',#2188);
#15=FACE_BOUND('',#249,.T.);
#16=FACE_BOUND('',#250,.T.);
#17=FACE_BOUND('',#251,.T.);
#18=FACE_BOUND('',#252,.T.);
#19=FACE_BOUND('',#253,.T.);
#20=FACE_BOUND('',#254,.T.);
#21=FACE_BOUND('',#255,.T.);
#22=FACE_BOUND('',#256,.T.);
#23=FACE_BOUND('',#257,.T.);
#24=FACE_BOUND('',#258,.T.);
#25=FACE_BOUND('',#259,.T.);
#26=FACE_BOUND('',#260,.T.);
#27=FACE_BOUND('',#261,.T.);
#28=FACE_BOUND('',#262,.T.);
#29=FACE_BOUND('',#263,.T.);
#30=FACE_BOUND('',#264,.T.);
#31=FACE_BOUND('',#265,.T.);
#32=FACE_BOUND('',#266,.T.);
#33=FACE_BOUND('',#267,.T.);
#34=FACE_BOUND('',#268,.T.);
#35=FACE_BOUND('',#269,.T.);
#36=FACE_BOUND('',#270,.T.);
#37=FACE_BOUND('',#271,.T.);
#38=FACE_BOUND('',#280,.T.);
#39=FACE_BOUND('',#281,.T.);
#40=FACE_BOUND('',#282,.T.);
#41=FACE_BOUND('',#283,.T.);
#42=FACE_BOUND('',#284,.T.);
#43=FACE_BOUND('',#285,.T.);
#44=FACE_BOUND('',#286,.T.);
#45=FACE_BOUND('',#287,.T.);
#46=FACE_BOUND('',#288,.T.);
#47=FACE_BOUND('',#289,.T.);
#48=FACE_BOUND('',#290,.T.);
#49=FACE_BOUND('',#291,.T.);
#50=FACE_BOUND('',#292,.T.);
#51=FACE_BOUND('',#293,.T.);
#52=FACE_BOUND('',#294,.T.);
#53=FACE_BOUND('',#295,.T.);
#54=FACE_BOUND('',#296,.T.);
#55=FACE_BOUND('',#297,.T.);
#56=FACE_BOUND('',#298,.T.);
#57=FACE_BOUND('',#299,.T.);
#58=FACE_BOUND('',#300,.T.);
#59=FACE_BOUND('',#301,.T.);
#60=FACE_BOUND('',#302,.T.);
#61=FACE_BOUND('',#331,.T.);
#62=FACE_BOUND('',#334,.T.);
#63=FACE_BOUND('',#337,.T.);
#64=FACE_BOUND('',#340,.T.);
#65=FACE_BOUND('',#345,.T.);
#66=FACE_BOUND('',#348,.T.);
#67=FACE_BOUND('',#351,.T.);
#68=FACE_BOUND('',#354,.T.);
#69=FACE_BOUND('',#371,.T.);
#70=FACE_BOUND('',#374,.T.);
#71=FACE_BOUND('',#377,.T.);
#72=FACE_BOUND('',#380,.T.);
#73=FACE_BOUND('',#398,.T.);
#74=FACE_BOUND('',#400,.T.);
#75=FACE_BOUND('',#402,.T.);
#76=PLANE('',#2211);
#77=PLANE('',#2215);
#78=PLANE('',#2266);
#79=PLANE('',#2269);
#80=PLANE('',#2272);
#81=PLANE('',#2275);
#82=PLANE('',#2276);
#83=PLANE('',#2325);
#84=PLANE('',#2326);
#85=PLANE('',#2329);
#86=PLANE('',#2331);
#87=PLANE('',#2333);
#88=PLANE('',#2334);
#89=PLANE('',#2336);
#90=PLANE('',#2338);
#91=PLANE('',#2341);
#92=PLANE('',#2343);
#93=PLANE('',#2345);
#94=PLANE('',#2347);
#95=PLANE('',#2354);
#96=PLANE('',#2357);
#97=PLANE('',#2360);
#98=PLANE('',#2364);
#99=PLANE('',#2370);
#100=PLANE('',#2374);
#101=PLANE('',#2378);
#102=PLANE('',#2382);
#103=PLANE('',#2389);
#104=PLANE('',#2391);
#105=PLANE('',#2394);
#106=PLANE('',#2403);
#107=PLANE('',#2407);
#108=PLANE('',#2411);
#109=PLANE('',#2415);
#110=PLANE('',#2422);
#111=PLANE('',#2436);
#112=PLANE('',#2437);
#113=PLANE('',#2438);
#114=PLANE('',#2439);
#115=PLANE('',#2442);
#116=PLANE('',#2444);
#117=PLANE('',#2445);
#118=PLANE('',#2447);
#119=PLANE('',#2449);
#120=PLANE('',#2450);
#121=PLANE('',#2451);
#122=PLANE('',#2453);
#123=PLANE('',#2454);
#124=PLANE('',#2456);
#125=FACE_OUTER_BOUND('',#243,.T.);
#126=FACE_OUTER_BOUND('',#244,.T.);
#127=FACE_OUTER_BOUND('',#245,.T.);
#128=FACE_OUTER_BOUND('',#246,.T.);
#129=FACE_OUTER_BOUND('',#247,.T.);
#130=FACE_OUTER_BOUND('',#248,.T.);
#131=FACE_OUTER_BOUND('',#272,.T.);
#132=FACE_OUTER_BOUND('',#273,.T.);
#133=FACE_OUTER_BOUND('',#274,.T.);
#134=FACE_OUTER_BOUND('',#275,.T.);
#135=FACE_OUTER_BOUND('',#276,.T.);
#136=FACE_OUTER_BOUND('',#277,.T.);
#137=FACE_OUTER_BOUND('',#278,.T.);
#138=FACE_OUTER_BOUND('',#279,.T.);
#139=FACE_OUTER_BOUND('',#303,.T.);
#140=FACE_OUTER_BOUND('',#304,.T.);
#141=FACE_OUTER_BOUND('',#305,.T.);
#142=FACE_OUTER_BOUND('',#306,.T.);
#143=FACE_OUTER_BOUND('',#307,.T.);
#144=FACE_OUTER_BOUND('',#308,.T.);
#145=FACE_OUTER_BOUND('',#309,.T.);
#146=FACE_OUTER_BOUND('',#310,.T.);
#147=FACE_OUTER_BOUND('',#311,.T.);
#148=FACE_OUTER_BOUND('',#312,.T.);
#149=FACE_OUTER_BOUND('',#313,.T.);
#150=FACE_OUTER_BOUND('',#314,.T.);
#151=FACE_OUTER_BOUND('',#315,.T.);
#152=FACE_OUTER_BOUND('',#316,.T.);
#153=FACE_OUTER_BOUND('',#317,.T.);
#154=FACE_OUTER_BOUND('',#318,.T.);
#155=FACE_OUTER_BOUND('',#319,.T.);
#156=FACE_OUTER_BOUND('',#320,.T.);
#157=FACE_OUTER_BOUND('',#321,.T.);
#158=FACE_OUTER_BOUND('',#322,.T.);
#159=FACE_OUTER_BOUND('',#323,.T.);
#160=FACE_OUTER_BOUND('',#324,.T.);
#161=FACE_OUTER_BOUND('',#325,.T.);
#162=FACE_OUTER_BOUND('',#326,.T.);
#163=FACE_OUTER_BOUND('',#327,.T.);
#164=FACE_OUTER_BOUND('',#328,.T.);
#165=FACE_OUTER_BOUND('',#329,.T.);
#166=FACE_OUTER_BOUND('',#330,.T.);
#167=FACE_OUTER_BOUND('',#332,.T.);
#168=FACE_OUTER_BOUND('',#333,.T.);
#169=FACE_OUTER_BOUND('',#335,.T.);
#170=FACE_OUTER_BOUND('',#336,.T.);
#171=FACE_OUTER_BOUND('',#338,.T.);
#172=FACE_OUTER_BOUND('',#339,.T.);
#173=FACE_OUTER_BOUND('',#341,.T.);
#174=FACE_OUTER_BOUND('',#342,.T.);
#175=FACE_OUTER_BOUND('',#343,.T.);
#176=FACE_OUTER_BOUND('',#344,.T.);
#177=FACE_OUTER_BOUND('',#346,.T.);
#178=FACE_OUTER_BOUND('',#347,.T.);
#179=FACE_OUTER_BOUND('',#349,.T.);
#180=FACE_OUTER_BOUND('',#350,.T.);
#181=FACE_OUTER_BOUND('',#352,.T.);
#182=FACE_OUTER_BOUND('',#353,.T.);
#183=FACE_OUTER_BOUND('',#355,.T.);
#184=FACE_OUTER_BOUND('',#356,.T.);
#185=FACE_OUTER_BOUND('',#357,.T.);
#186=FACE_OUTER_BOUND('',#358,.T.);
#187=FACE_OUTER_BOUND('',#359,.T.);
#188=FACE_OUTER_BOUND('',#360,.T.);
#189=FACE_OUTER_BOUND('',#361,.T.);
#190=FACE_OUTER_BOUND('',#362,.T.);
#191=FACE_OUTER_BOUND('',#363,.T.);
#192=FACE_OUTER_BOUND('',#364,.T.);
#193=FACE_OUTER_BOUND('',#365,.T.);
#194=FACE_OUTER_BOUND('',#366,.T.);
#195=FACE_OUTER_BOUND('',#367,.T.);
#196=FACE_OUTER_BOUND('',#368,.T.);
#197=FACE_OUTER_BOUND('',#369,.T.);
#198=FACE_OUTER_BOUND('',#370,.T.);
#199=FACE_OUTER_BOUND('',#372,.T.);
#200=FACE_OUTER_BOUND('',#373,.T.);
#201=FACE_OUTER_BOUND('',#375,.T.);
#202=FACE_OUTER_BOUND('',#376,.T.);
#203=FACE_OUTER_BOUND('',#378,.T.);
#204=FACE_OUTER_BOUND('',#379,.T.);
#205=FACE_OUTER_BOUND('',#381,.T.);
#206=FACE_OUTER_BOUND('',#382,.T.);
#207=FACE_OUTER_BOUND('',#383,.T.);
#208=FACE_OUTER_BOUND('',#384,.T.);
#209=FACE_OUTER_BOUND('',#385,.T.);
#210=FACE_OUTER_BOUND('',#386,.T.);
#211=FACE_OUTER_BOUND('',#387,.T.);
#212=FACE_OUTER_BOUND('',#388,.T.);
#213=FACE_OUTER_BOUND('',#389,.T.);
#214=FACE_OUTER_BOUND('',#390,.T.);
#215=FACE_OUTER_BOUND('',#391,.T.);
#216=FACE_OUTER_BOUND('',#392,.T.);
#217=FACE_OUTER_BOUND('',#393,.T.);
#218=FACE_OUTER_BOUND('',#394,.T.);
#219=FACE_OUTER_BOUND('',#395,.T.);
#220=FACE_OUTER_BOUND('',#396,.T.);
#221=FACE_OUTER_BOUND('',#397,.T.);
#222=FACE_OUTER_BOUND('',#399,.T.);
#223=FACE_OUTER_BOUND('',#401,.T.);
#224=FACE_OUTER_BOUND('',#403,.T.);
#225=FACE_OUTER_BOUND('',#404,.T.);
#226=FACE_OUTER_BOUND('',#405,.T.);
#227=FACE_OUTER_BOUND('',#406,.T.);
#228=FACE_OUTER_BOUND('',#407,.T.);
#229=FACE_OUTER_BOUND('',#408,.T.);
#230=FACE_OUTER_BOUND('',#409,.T.);
#231=FACE_OUTER_BOUND('',#410,.T.);
#232=FACE_OUTER_BOUND('',#411,.T.);
#233=FACE_OUTER_BOUND('',#412,.T.);
#234=FACE_OUTER_BOUND('',#413,.T.);
#235=FACE_OUTER_BOUND('',#414,.T.);
#236=FACE_OUTER_BOUND('',#415,.T.);
#237=FACE_OUTER_BOUND('',#416,.T.);
#238=FACE_OUTER_BOUND('',#417,.T.);
#239=FACE_OUTER_BOUND('',#418,.T.);
#240=FACE_OUTER_BOUND('',#419,.T.);
#241=FACE_OUTER_BOUND('',#420,.T.);
#242=FACE_OUTER_BOUND('',#421,.T.);
#243=EDGE_LOOP('',(#1395,#1396,#1397,#1398));
#244=EDGE_LOOP('',(#1399,#1400,#1401,#1402));
#245=EDGE_LOOP('',(#1403,#1404,#1405,#1406));
#246=EDGE_LOOP('',(#1407,#1408,#1409,#1410));
#247=EDGE_LOOP('',(#1411,#1412,#1413,#1414));
#248=EDGE_LOOP('',(#1415,#1416,#1417,#1418,#1419,#1420,#1421,#1422,#1423,
#1424,#1425,#1426,#1427,#1428,#1429,#1430,#1431,#1432,#1433,#1434,#1435,
#1436,#1437,#1438,#1439,#1440,#1441,#1442,#1443,#1444));
#249=EDGE_LOOP('',(#1445));
#250=EDGE_LOOP('',(#1446));
#251=EDGE_LOOP('',(#1447));
#252=EDGE_LOOP('',(#1448));
#253=EDGE_LOOP('',(#1449));
#254=EDGE_LOOP('',(#1450));
#255=EDGE_LOOP('',(#1451));
#256=EDGE_LOOP('',(#1452));
#257=EDGE_LOOP('',(#1453,#1454,#1455,#1456,#1457,#1458,#1459,#1460));
#258=EDGE_LOOP('',(#1461));
#259=EDGE_LOOP('',(#1462));
#260=EDGE_LOOP('',(#1463,#1464,#1465,#1466,#1467,#1468,#1469,#1470,#1471,
#1472,#1473,#1474,#1475,#1476,#1477,#1478,#1479,#1480));
#261=EDGE_LOOP('',(#1481));
#262=EDGE_LOOP('',(#1482));
#263=EDGE_LOOP('',(#1483));
#264=EDGE_LOOP('',(#1484));
#265=EDGE_LOOP('',(#1485,#1486,#1487,#1488,#1489,#1490,#1491,#1492,#1493,
#1494));
#266=EDGE_LOOP('',(#1495));
#267=EDGE_LOOP('',(#1496));
#268=EDGE_LOOP('',(#1497));
#269=EDGE_LOOP('',(#1498));
#270=EDGE_LOOP('',(#1499));
#271=EDGE_LOOP('',(#1500));
#272=EDGE_LOOP('',(#1501,#1502,#1503,#1504));
#273=EDGE_LOOP('',(#1505,#1506,#1507,#1508));
#274=EDGE_LOOP('',(#1509,#1510,#1511,#1512));
#275=EDGE_LOOP('',(#1513,#1514,#1515,#1516));
#276=EDGE_LOOP('',(#1517,#1518,#1519,#1520));
#277=EDGE_LOOP('',(#1521,#1522,#1523,#1524));
#278=EDGE_LOOP('',(#1525,#1526,#1527,#1528));
#279=EDGE_LOOP('',(#1529,#1530,#1531,#1532,#1533,#1534,#1535,#1536,#1537,
#1538,#1539,#1540,#1541,#1542,#1543,#1544,#1545,#1546,#1547,#1548,#1549,
#1550,#1551,#1552,#1553,#1554,#1555,#1556,#1557,#1558));
#280=EDGE_LOOP('',(#1559));
#281=EDGE_LOOP('',(#1560));
#282=EDGE_LOOP('',(#1561));
#283=EDGE_LOOP('',(#1562));
#284=EDGE_LOOP('',(#1563));
#285=EDGE_LOOP('',(#1564));
#286=EDGE_LOOP('',(#1565));
#287=EDGE_LOOP('',(#1566));
#288=EDGE_LOOP('',(#1567));
#289=EDGE_LOOP('',(#1568));
#290=EDGE_LOOP('',(#1569));
#291=EDGE_LOOP('',(#1570));
#292=EDGE_LOOP('',(#1571));
#293=EDGE_LOOP('',(#1572));
#294=EDGE_LOOP('',(#1573,#1574,#1575,#1576,#1577,#1578,#1579,#1580,#1581,
#1582));
#295=EDGE_LOOP('',(#1583));
#296=EDGE_LOOP('',(#1584));
#297=EDGE_LOOP('',(#1585));
#298=EDGE_LOOP('',(#1586));
#299=EDGE_LOOP('',(#1587));
#300=EDGE_LOOP('',(#1588));
#301=EDGE_LOOP('',(#1589,#1590,#1591,#1592,#1593,#1594,#1595,#1596,#1597,
#1598,#1599,#1600,#1601,#1602,#1603,#1604,#1605,#1606));
#302=EDGE_LOOP('',(#1607,#1608,#1609,#1610,#1611,#1612,#1613,#1614));
#303=EDGE_LOOP('',(#1615,#1616,#1617,#1618));
#304=EDGE_LOOP('',(#1619,#1620,#1621,#1622));
#305=EDGE_LOOP('',(#1623,#1624,#1625,#1626));
#306=EDGE_LOOP('',(#1627,#1628,#1629,#1630));
#307=EDGE_LOOP('',(#1631,#1632,#1633,#1634));
#308=EDGE_LOOP('',(#1635,#1636,#1637,#1638));
#309=EDGE_LOOP('',(#1639,#1640,#1641,#1642));
#310=EDGE_LOOP('',(#1643,#1644,#1645,#1646));
#311=EDGE_LOOP('',(#1647,#1648,#1649,#1650));
#312=EDGE_LOOP('',(#1651,#1652,#1653,#1654));
#313=EDGE_LOOP('',(#1655,#1656,#1657,#1658));
#314=EDGE_LOOP('',(#1659,#1660,#1661,#1662));
#315=EDGE_LOOP('',(#1663,#1664,#1665,#1666));
#316=EDGE_LOOP('',(#1667,#1668,#1669,#1670));
#317=EDGE_LOOP('',(#1671,#1672,#1673,#1674));
#318=EDGE_LOOP('',(#1675,#1676,#1677,#1678));
#319=EDGE_LOOP('',(#1679,#1680,#1681,#1682));
#320=EDGE_LOOP('',(#1683,#1684,#1685,#1686));
#321=EDGE_LOOP('',(#1687,#1688,#1689,#1690));
#322=EDGE_LOOP('',(#1691,#1692,#1693,#1694));
#323=EDGE_LOOP('',(#1695,#1696,#1697,#1698));
#324=EDGE_LOOP('',(#1699,#1700,#1701,#1702));
#325=EDGE_LOOP('',(#1703,#1704,#1705,#1706));
#326=EDGE_LOOP('',(#1707,#1708,#1709,#1710));
#327=EDGE_LOOP('',(#1711,#1712,#1713,#1714));
#328=EDGE_LOOP('',(#1715,#1716,#1717,#1718));
#329=EDGE_LOOP('',(#1719,#1720,#1721,#1722));
#330=EDGE_LOOP('',(#1723));
#331=EDGE_LOOP('',(#1724));
#332=EDGE_LOOP('',(#1725,#1726,#1727,#1728));
#333=EDGE_LOOP('',(#1729));
#334=EDGE_LOOP('',(#1730));
#335=EDGE_LOOP('',(#1731,#1732,#1733,#1734));
#336=EDGE_LOOP('',(#1735));
#337=EDGE_LOOP('',(#1736));
#338=EDGE_LOOP('',(#1737,#1738,#1739,#1740));
#339=EDGE_LOOP('',(#1741));
#340=EDGE_LOOP('',(#1742));
#341=EDGE_LOOP('',(#1743,#1744,#1745,#1746));
#342=EDGE_LOOP('',(#1747,#1748,#1749,#1750));
#343=EDGE_LOOP('',(#1751,#1752,#1753,#1754));
#344=EDGE_LOOP('',(#1755));
#345=EDGE_LOOP('',(#1756));
#346=EDGE_LOOP('',(#1757,#1758,#1759,#1760));
#347=EDGE_LOOP('',(#1761));
#348=EDGE_LOOP('',(#1762));
#349=EDGE_LOOP('',(#1763,#1764,#1765,#1766));
#350=EDGE_LOOP('',(#1767));
#351=EDGE_LOOP('',(#1768));
#352=EDGE_LOOP('',(#1769,#1770,#1771,#1772));
#353=EDGE_LOOP('',(#1773));
#354=EDGE_LOOP('',(#1774));
#355=EDGE_LOOP('',(#1775,#1776,#1777,#1778));
#356=EDGE_LOOP('',(#1779,#1780,#1781,#1782));
#357=EDGE_LOOP('',(#1783,#1784,#1785,#1786));
#358=EDGE_LOOP('',(#1787,#1788,#1789,#1790));
#359=EDGE_LOOP('',(#1791,#1792,#1793,#1794));
#360=EDGE_LOOP('',(#1795,#1796,#1797,#1798));
#361=EDGE_LOOP('',(#1799,#1800,#1801,#1802));
#362=EDGE_LOOP('',(#1803,#1804,#1805,#1806));
#363=EDGE_LOOP('',(#1807,#1808,#1809,#1810));
#364=EDGE_LOOP('',(#1811,#1812,#1813,#1814));
#365=EDGE_LOOP('',(#1815,#1816,#1817,#1818));
#366=EDGE_LOOP('',(#1819,#1820,#1821,#1822));
#367=EDGE_LOOP('',(#1823,#1824,#1825,#1826));
#368=EDGE_LOOP('',(#1827,#1828,#1829,#1830));
#369=EDGE_LOOP('',(#1831,#1832,#1833,#1834));
#370=EDGE_LOOP('',(#1835));
#371=EDGE_LOOP('',(#1836));
#372=EDGE_LOOP('',(#1837,#1838,#1839,#1840));
#373=EDGE_LOOP('',(#1841));
#374=EDGE_LOOP('',(#1842));
#375=EDGE_LOOP('',(#1843,#1844,#1845,#1846));
#376=EDGE_LOOP('',(#1847));
#377=EDGE_LOOP('',(#1848));
#378=EDGE_LOOP('',(#1849,#1850,#1851,#1852));
#379=EDGE_LOOP('',(#1853));
#380=EDGE_LOOP('',(#1854));
#381=EDGE_LOOP('',(#1855,#1856,#1857,#1858));
#382=EDGE_LOOP('',(#1859,#1860,#1861,#1862));
#383=EDGE_LOOP('',(#1863,#1864,#1865,#1866));
#384=EDGE_LOOP('',(#1867,#1868,#1869,#1870));
#385=EDGE_LOOP('',(#1871,#1872,#1873,#1874));
#386=EDGE_LOOP('',(#1875,#1876,#1877,#1878));
#387=EDGE_LOOP('',(#1879,#1880,#1881,#1882));
#388=EDGE_LOOP('',(#1883,#1884,#1885,#1886));
#389=EDGE_LOOP('',(#1887,#1888,#1889,#1890));
#390=EDGE_LOOP('',(#1891,#1892,#1893,#1894));
#391=EDGE_LOOP('',(#1895,#1896,#1897,#1898));
#392=EDGE_LOOP('',(#1899,#1900,#1901,#1902));
#393=EDGE_LOOP('',(#1903,#1904,#1905,#1906));
#394=EDGE_LOOP('',(#1907,#1908,#1909,#1910));
#395=EDGE_LOOP('',(#1911,#1912,#1913,#1914));
#396=EDGE_LOOP('',(#1915,#1916,#1917,#1918));
#397=EDGE_LOOP('',(#1919));
#398=EDGE_LOOP('',(#1920));
#399=EDGE_LOOP('',(#1921));
#400=EDGE_LOOP('',(#1922));
#401=EDGE_LOOP('',(#1923));
#402=EDGE_LOOP('',(#1924));
#403=EDGE_LOOP('',(#1925,#1926,#1927,#1928));
#404=EDGE_LOOP('',(#1929,#1930,#1931,#1932));
#405=EDGE_LOOP('',(#1933,#1934,#1935,#1936));
#406=EDGE_LOOP('',(#1937,#1938,#1939,#1940));
#407=EDGE_LOOP('',(#1941,#1942,#1943,#1944));
#408=EDGE_LOOP('',(#1945,#1946,#1947,#1948));
#409=EDGE_LOOP('',(#1949,#1950,#1951,#1952));
#410=EDGE_LOOP('',(#1953,#1954,#1955,#1956));
#411=EDGE_LOOP('',(#1957,#1958,#1959,#1960));
#412=EDGE_LOOP('',(#1961,#1962,#1963,#1964));
#413=EDGE_LOOP('',(#1965,#1966,#1967,#1968));
#414=EDGE_LOOP('',(#1969,#1970,#1971,#1972));
#415=EDGE_LOOP('',(#1973,#1974,#1975,#1976));
#416=EDGE_LOOP('',(#1977,#1978,#1979,#1980));
#417=EDGE_LOOP('',(#1981,#1982,#1983,#1984));
#418=EDGE_LOOP('',(#1985,#1986,#1987,#1988));
#419=EDGE_LOOP('',(#1989,#1990,#1991,#1992));
#420=EDGE_LOOP('',(#1993,#1994,#1995,#1996));
#421=EDGE_LOOP('',(#1997,#1998,#1999,#2000));
#422=LINE('',#3143,#587);
#423=LINE('',#3146,#588);
#424=LINE('',#3151,#589);
#425=LINE('',#3158,#590);
#426=LINE('',#3161,#591);
#427=LINE('',#3163,#592);
#428=LINE('',#3164,#593);
#429=LINE('',#3169,#594);
#430=LINE('',#3173,#595);
#431=LINE('',#3177,#596);
#432=LINE('',#3183,#597);
#433=LINE('',#3189,#598);
#434=LINE('',#3193,#599);
#435=LINE('',#3197,#600);
#436=LINE('',#3201,#601);
#437=LINE('',#3205,#602);
#438=LINE('',#3211,#603);
#439=LINE('',#3217,#604);
#440=LINE('',#3220,#605);
#441=LINE('',#3241,#606);
#442=LINE('',#3245,#607);
#443=LINE('',#3249,#608);
#444=LINE('',#3252,#609);
#445=LINE('',#3259,#610);
#446=LINE('',#3263,#611);
#447=LINE('',#3267,#612);
#448=LINE('',#3269,#613);
#449=LINE('',#3273,#614);
#450=LINE('',#3277,#615);
#451=LINE('',#3281,#616);
#452=LINE('',#3285,#617);
#453=LINE('',#3287,#618);
#454=LINE('',#3291,#619);
#455=LINE('',#3303,#620);
#456=LINE('',#3307,#621);
#457=LINE('',#3309,#622);
#458=LINE('',#3313,#623);
#459=LINE('',#3317,#624);
#460=LINE('',#3319,#625);
#461=LINE('',#3335,#626);
#462=LINE('',#3336,#627);
#463=LINE('',#3341,#628);
#464=LINE('',#3342,#629);
#465=LINE('',#3345,#630);
#466=LINE('',#3346,#631);
#467=LINE('',#3349,#632);
#468=LINE('',#3352,#633);
#469=LINE('',#3355,#634);
#470=LINE('',#3356,#635);
#471=LINE('',#3360,#636);
#472=LINE('',#3363,#637);
#473=LINE('',#3364,#638);
#474=LINE('',#3367,#639);
#475=LINE('',#3371,#640);
#476=LINE('',#3378,#641);
#477=LINE('',#3382,#642);
#478=LINE('',#3386,#643);
#479=LINE('',#3390,#644);
#480=LINE('',#3394,#645);
#481=LINE('',#3429,#646);
#482=LINE('',#3433,#647);
#483=LINE('',#3437,#648);
#484=LINE('',#3439,#649);
#485=LINE('',#3443,#650);
#486=LINE('',#3446,#651);
#487=LINE('',#3461,#652);
#488=LINE('',#3465,#653);
#489=LINE('',#3469,#654);
#490=LINE('',#3471,#655);
#491=LINE('',#3475,#656);
#492=LINE('',#3479,#657);
#493=LINE('',#3483,#658);
#494=LINE('',#3487,#659);
#495=LINE('',#3489,#660);
#496=LINE('',#3493,#661);
#497=LINE('',#3499,#662);
#498=LINE('',#3503,#663);
#499=LINE('',#3507,#664);
#500=LINE('',#3510,#665);
#501=LINE('',#3512,#666);
#502=LINE('',#3513,#667);
#503=LINE('',#3515,#668);
#504=LINE('',#3520,#669);
#505=LINE('',#3521,#670);
#506=LINE('',#3523,#671);
#507=LINE('',#3525,#672);
#508=LINE('',#3527,#673);
#509=LINE('',#3529,#674);
#510=LINE('',#3531,#675);
#511=LINE('',#3533,#676);
#512=LINE('',#3535,#677);
#513=LINE('',#3537,#678);
#514=LINE('',#3539,#679);
#515=LINE('',#3541,#680);
#516=LINE('',#3543,#681);
#517=LINE('',#3544,#682);
#518=LINE('',#3546,#683);
#519=LINE('',#3548,#684);
#520=LINE('',#3550,#685);
#521=LINE('',#3552,#686);
#522=LINE('',#3554,#687);
#523=LINE('',#3556,#688);
#524=LINE('',#3561,#689);
#525=LINE('',#3565,#690);
#526=LINE('',#3568,#691);
#527=LINE('',#3573,#692);
#528=LINE('',#3578,#693);
#529=LINE('',#3585,#694);
#530=LINE('',#3591,#695);
#531=LINE('',#3593,#696);
#532=LINE('',#3596,#697);
#533=LINE('',#3603,#698);
#534=LINE('',#3610,#699);
#535=LINE('',#3617,#700);
#536=LINE('',#3623,#701);
#537=LINE('',#3625,#702);
#538=LINE('',#3627,#703);
#539=LINE('',#3629,#704);
#540=LINE('',#3631,#705);
#541=LINE('',#3632,#706);
#542=LINE('',#3634,#707);
#543=LINE('',#3636,#708);
#544=LINE('',#3637,#709);
#545=LINE('',#3639,#710);
#546=LINE('',#3641,#711);
#547=LINE('',#3643,#712);
#548=LINE('',#3648,#713);
#549=LINE('',#3652,#714);
#550=LINE('',#3656,#715);
#551=LINE('',#3659,#716);
#552=LINE('',#3666,#717);
#553=LINE('',#3673,#718);
#554=LINE('',#3680,#719);
#555=LINE('',#3686,#720);
#556=LINE('',#3688,#721);
#557=LINE('',#3690,#722);
#558=LINE('',#3692,#723);
#559=LINE('',#3694,#724);
#560=LINE('',#3695,#725);
#561=LINE('',#3698,#726);
#562=LINE('',#3699,#727);
#563=LINE('',#3703,#728);
#564=LINE('',#3705,#729);
#565=LINE('',#3707,#730);
#566=LINE('',#3709,#731);
#567=LINE('',#3713,#732);
#568=LINE('',#3717,#733);
#569=LINE('',#3721,#734);
#570=LINE('',#3727,#735);
#571=LINE('',#3729,#736);
#572=LINE('',#3730,#737);
#573=LINE('',#3732,#738);
#574=LINE('',#3734,#739);
#575=LINE('',#3736,#740);
#576=LINE('',#3738,#741);
#577=LINE('',#3740,#742);
#578=LINE('',#3742,#743);
#579=LINE('',#3744,#744);
#580=LINE('',#3746,#745);
#581=LINE('',#3749,#746);
#582=LINE('',#3751,#747);
#583=LINE('',#3753,#748);
#584=LINE('',#3755,#749);
#585=LINE('',#3757,#750);
#586=LINE('',#3759,#751);
#587=VECTOR('',#2464,10.);
#588=VECTOR('',#2467,10.);
#589=VECTOR('',#2472,10.);
#590=VECTOR('',#2479,10.);
#591=VECTOR('',#2482,10.);
#592=VECTOR('',#2485,10.);
#593=VECTOR('',#2486,10.);
#594=VECTOR('',#2491,10.);
#595=VECTOR('',#2496,10.);
#596=VECTOR('',#2499,10.);
#597=VECTOR('',#2504,10.);
#598=VECTOR('',#2509,10.);
#599=VECTOR('',#2512,10.);
#600=VECTOR('',#2515,10.);
#601=VECTOR('',#2518,10.);
#602=VECTOR('',#2521,10.);
#603=VECTOR('',#2526,10.);
#604=VECTOR('',#2531,10.);
#605=VECTOR('',#2534,10.);
#606=VECTOR('',#2553,10.);
#607=VECTOR('',#2556,10.);
#608=VECTOR('',#2559,10.);
#609=VECTOR('',#2562,10.);
#610=VECTOR('',#2567,10.);
#611=VECTOR('',#2570,10.);
#612=VECTOR('',#2573,10.);
#613=VECTOR('',#2574,10.);
#614=VECTOR('',#2577,10.);
#615=VECTOR('',#2580,10.);
#616=VECTOR('',#2583,10.);
#617=VECTOR('',#2586,10.);
#618=VECTOR('',#2587,10.);
#619=VECTOR('',#2590,10.);
#620=VECTOR('',#2601,10.);
#621=VECTOR('',#2604,10.);
#622=VECTOR('',#2605,10.);
#623=VECTOR('',#2608,10.);
#624=VECTOR('',#2611,10.);
#625=VECTOR('',#2612,10.);
#626=VECTOR('',#2629,10.);
#627=VECTOR('',#2630,10.);
#628=VECTOR('',#2635,5.);
#629=VECTOR('',#2636,5.);
#630=VECTOR('',#2639,10.);
#631=VECTOR('',#2640,10.);
#632=VECTOR('',#2643,5.);
#633=VECTOR('',#2646,5.);
#634=VECTOR('',#2649,10.);
#635=VECTOR('',#2650,10.);
#636=VECTOR('',#2655,10.);
#637=VECTOR('',#2658,10.);
#638=VECTOR('',#2659,10.);
#639=VECTOR('',#2662,10.);
#640=VECTOR('',#2665,10.);
#641=VECTOR('',#2672,10.);
#642=VECTOR('',#2675,10.);
#643=VECTOR('',#2678,10.);
#644=VECTOR('',#2681,10.);
#645=VECTOR('',#2684,10.);
#646=VECTOR('',#2719,10.);
#647=VECTOR('',#2722,10.);
#648=VECTOR('',#2725,10.);
#649=VECTOR('',#2726,10.);
#650=VECTOR('',#2729,10.);
#651=VECTOR('',#2732,10.);
#652=VECTOR('',#2745,10.);
#653=VECTOR('',#2748,10.);
#654=VECTOR('',#2751,10.);
#655=VECTOR('',#2752,10.);
#656=VECTOR('',#2755,10.);
#657=VECTOR('',#2758,10.);
#658=VECTOR('',#2761,10.);
#659=VECTOR('',#2764,10.);
#660=VECTOR('',#2765,10.);
#661=VECTOR('',#2768,10.);
#662=VECTOR('',#2773,10.);
#663=VECTOR('',#2776,10.);
#664=VECTOR('',#2779,10.);
#665=VECTOR('',#2782,10.);
#666=VECTOR('',#2785,10.);
#667=VECTOR('',#2786,10.);
#668=VECTOR('',#2789,10.);
#669=VECTOR('',#2798,10.);
#670=VECTOR('',#2799,10.);
#671=VECTOR('',#2802,10.);
#672=VECTOR('',#2805,10.);
#673=VECTOR('',#2808,10.);
#674=VECTOR('',#2811,10.);
#675=VECTOR('',#2814,10.);
#676=VECTOR('',#2817,10.);
#677=VECTOR('',#2820,10.);
#678=VECTOR('',#2823,10.);
#679=VECTOR('',#2826,10.);
#680=VECTOR('',#2829,10.);
#681=VECTOR('',#2832,10.);
#682=VECTOR('',#2833,10.);
#683=VECTOR('',#2836,10.);
#684=VECTOR('',#2839,10.);
#685=VECTOR('',#2842,10.);
#686=VECTOR('',#2845,10.);
#687=VECTOR('',#2848,10.);
#688=VECTOR('',#2851,10.);
#689=VECTOR('',#2858,1.5);
#690=VECTOR('',#2863,1.5);
#691=VECTOR('',#2866,2.75);
#692=VECTOR('',#2873,2.75);
#693=VECTOR('',#2880,2.75);
#694=VECTOR('',#2889,2.75);
#695=VECTOR('',#2898,1.5);
#696=VECTOR('',#2901,1.5);
#697=VECTOR('',#2904,2.75);
#698=VECTOR('',#2913,2.75);
#699=VECTOR('',#2922,2.75);
#700=VECTOR('',#2931,2.74999999999999);
#701=VECTOR('',#2940,1.5);
#702=VECTOR('',#2943,1.5);
#703=VECTOR('',#2946,1.5);
#704=VECTOR('',#2949,1.5);
#705=VECTOR('',#2952,10.);
#706=VECTOR('',#2953,10.);
#707=VECTOR('',#2956,10.);
#708=VECTOR('',#2959,10.);
#709=VECTOR('',#2960,10.);
#710=VECTOR('',#2963,10.);
#711=VECTOR('',#2966,10.);
#712=VECTOR('',#2969,10.);
#713=VECTOR('',#2976,3.1);
#714=VECTOR('',#2981,3.1);
#715=VECTOR('',#2986,3.1);
#716=VECTOR('',#2989,2.15);
#717=VECTOR('',#2998,2.15);
#718=VECTOR('',#3007,2.15);
#719=VECTOR('',#3016,2.15);
#720=VECTOR('',#3025,1.15);
#721=VECTOR('',#3028,1.15);
#722=VECTOR('',#3031,1.15);
#723=VECTOR('',#3034,1.15);
#724=VECTOR('',#3037,5.);
#725=VECTOR('',#3038,5.);
#726=VECTOR('',#3043,10.);
#727=VECTOR('',#3044,10.);
#728=VECTOR('',#3051,1.25);
#729=VECTOR('',#3054,1.25);
#730=VECTOR('',#3057,1.25);
#731=VECTOR('',#3060,1.25);
#732=VECTOR('',#3065,1.5);
#733=VECTOR('',#3070,1.5);
#734=VECTOR('',#3075,1.5);
#735=VECTOR('',#3086,10.);
#736=VECTOR('',#3089,10.);
#737=VECTOR('',#3090,10.);
#738=VECTOR('',#3093,10.);
#739=VECTOR('',#3096,10.);
#740=VECTOR('',#3099,10.);
#741=VECTOR('',#3102,10.);
#742=VECTOR('',#3105,10.);
#743=VECTOR('',#3108,10.);
#744=VECTOR('',#3111,10.);
#745=VECTOR('',#3114,10.);
#746=VECTOR('',#3119,10.);
#747=VECTOR('',#3122,10.);
#748=VECTOR('',#3125,10.);
#749=VECTOR('',#3128,10.);
#750=VECTOR('',#3131,10.);
#751=VECTOR('',#3134,10.);
#752=CIRCLE('',#2203,4.);
#753=CIRCLE('',#2204,4.);
#754=CIRCLE('',#2206,4.99999999999998);
#755=CIRCLE('',#2207,4.99999999999998);
#756=CIRCLE('',#2209,4.);
#757=CIRCLE('',#2210,4.);
#758=CIRCLE('',#2213,4.99999999999999);
#759=CIRCLE('',#2214,4.99999999999999);
#760=CIRCLE('',#2216,5.);
#761=CIRCLE('',#2217,5.);
#762=CIRCLE('',#2218,5.);
#763=CIRCLE('',#2219,5.40000000000006);
#764=CIRCLE('',#2220,5.);
#765=CIRCLE('',#2221,4.);
#766=CIRCLE('',#2222,3.23936883153596);
#767=CIRCLE('',#2223,4.);
#768=CIRCLE('',#2224,4.);
#769=CIRCLE('',#2225,5.);
#770=CIRCLE('',#2226,5.40000000000006);
#771=CIRCLE('',#2227,5.);
#772=CIRCLE('',#2228,5.);
#773=CIRCLE('',#2229,5.);
#774=CIRCLE('',#2230,2.75);
#775=CIRCLE('',#2231,2.75);
#776=CIRCLE('',#2232,2.75);
#777=CIRCLE('',#2233,2.74999999999999);
#778=CIRCLE('',#2234,1.25);
#779=CIRCLE('',#2235,1.25);
#780=CIRCLE('',#2236,1.5);
#781=CIRCLE('',#2237,1.5);
#782=CIRCLE('',#2238,5.);
#783=CIRCLE('',#2239,5.);
#784=CIRCLE('',#2240,5.);
#785=CIRCLE('',#2241,5.);
#786=CIRCLE('',#2242,1.25);
#787=CIRCLE('',#2243,1.25);
#788=CIRCLE('',#2244,5.24991674950871);
#789=CIRCLE('',#2245,3.99999687241095);
#790=CIRCLE('',#2246,4.00000030595334);
#791=CIRCLE('',#2247,5.24991662823723);
#792=CIRCLE('',#2248,5.24991662823723);
#793=CIRCLE('',#2249,4.00000030595334);
#794=CIRCLE('',#2250,4.00000081185769);
#795=CIRCLE('',#2251,5.24991662823723);
#796=CIRCLE('',#2252,1.5);
#797=CIRCLE('',#2253,1.5);
#798=CIRCLE('',#2254,1.5);
#799=CIRCLE('',#2255,10.);
#800=CIRCLE('',#2256,6.00000065336375);
#801=CIRCLE('',#2257,6.00000065336375);
#802=CIRCLE('',#2258,6.0000006533638);
#803=CIRCLE('',#2259,6.00000065336377);
#804=CIRCLE('',#2260,2.15);
#805=CIRCLE('',#2261,2.15);
#806=CIRCLE('',#2262,2.15);
#807=CIRCLE('',#2263,2.15);
#808=CIRCLE('',#2264,1.5);
#809=CIRCLE('',#2265,1.5);
#810=CIRCLE('',#2268,5.);
#811=CIRCLE('',#2271,5.);
#812=CIRCLE('',#2274,5.);
#813=CIRCLE('',#2277,5.);
#814=CIRCLE('',#2278,5.);
#815=CIRCLE('',#2279,5.40000000000006);
#816=CIRCLE('',#2280,5.);
#817=CIRCLE('',#2281,4.);
#818=CIRCLE('',#2282,4.);
#819=CIRCLE('',#2283,3.23936883153596);
#820=CIRCLE('',#2284,4.);
#821=CIRCLE('',#2285,5.);
#822=CIRCLE('',#2286,5.40000000000006);
#823=CIRCLE('',#2287,5.);
#824=CIRCLE('',#2288,2.75);
#825=CIRCLE('',#2289,2.75);
#826=CIRCLE('',#2290,1.25);
#827=CIRCLE('',#2291,1.25);
#828=CIRCLE('',#2292,1.5);
#829=CIRCLE('',#2293,1.5);
#830=CIRCLE('',#2294,1.5);
#831=CIRCLE('',#2295,1.5);
#832=CIRCLE('',#2296,3.1);
#833=CIRCLE('',#2297,3.1);
#834=CIRCLE('',#2298,3.1);
#835=CIRCLE('',#2299,1.25);
#836=CIRCLE('',#2300,1.25);
#837=CIRCLE('',#2301,10.);
#838=CIRCLE('',#2302,6.00000065336375);
#839=CIRCLE('',#2303,6.00000065336377);
#840=CIRCLE('',#2304,6.0000006533638);
#841=CIRCLE('',#2305,6.00000065336375);
#842=CIRCLE('',#2306,1.15);
#843=CIRCLE('',#2307,1.15);
#844=CIRCLE('',#2308,1.15);
#845=CIRCLE('',#2309,1.15);
#846=CIRCLE('',#2310,2.75);
#847=CIRCLE('',#2311,2.75);
#848=CIRCLE('',#2312,5.24991662823723);
#849=CIRCLE('',#2313,4.00000081185769);
#850=CIRCLE('',#2314,4.00000030595334);
#851=CIRCLE('',#2315,5.24991662823723);
#852=CIRCLE('',#2316,5.24991662823723);
#853=CIRCLE('',#2317,4.00000030595334);
#854=CIRCLE('',#2318,3.99999687241095);
#855=CIRCLE('',#2319,5.24991674950871);
#856=CIRCLE('',#2320,5.);
#857=CIRCLE('',#2321,5.);
#858=CIRCLE('',#2322,5.);
#859=CIRCLE('',#2323,5.);
#860=CIRCLE('',#2349,1.5);
#861=CIRCLE('',#2351,1.5);
#862=CIRCLE('',#2353,2.75);
#863=CIRCLE('',#2356,2.75);
#864=CIRCLE('',#2359,2.75);
#865=CIRCLE('',#2361,1.5);
#866=CIRCLE('',#2363,2.75);
#867=CIRCLE('',#2365,1.5);
#868=CIRCLE('',#2369,2.75);
#869=CIRCLE('',#2371,1.5);
#870=CIRCLE('',#2373,2.75);
#871=CIRCLE('',#2375,1.5);
#872=CIRCLE('',#2377,2.75);
#873=CIRCLE('',#2379,1.5);
#874=CIRCLE('',#2381,2.74999999999999);
#875=CIRCLE('',#2383,1.5);
#876=CIRCLE('',#2396,3.1);
#877=CIRCLE('',#2398,3.1);
#878=CIRCLE('',#2400,3.1);
#879=CIRCLE('',#2402,2.15);
#880=CIRCLE('',#2404,1.15);
#881=CIRCLE('',#2406,2.15);
#882=CIRCLE('',#2408,1.15);
#883=CIRCLE('',#2410,2.15);
#884=CIRCLE('',#2412,1.15);
#885=CIRCLE('',#2414,2.15);
#886=CIRCLE('',#2416,1.15);
#887=CIRCLE('',#2431,1.5);
#888=CIRCLE('',#2433,1.5);
#889=CIRCLE('',#2435,1.5);
#890=VERTEX_POINT('',#3139);
#891=VERTEX_POINT('',#3140);
#892=VERTEX_POINT('',#3142);
#893=VERTEX_POINT('',#3144);
#894=VERTEX_POINT('',#3148);
#895=VERTEX_POINT('',#3150);
#896=VERTEX_POINT('',#3154);
#897=VERTEX_POINT('',#3155);
#898=VERTEX_POINT('',#3157);
#899=VERTEX_POINT('',#3159);
#900=VERTEX_POINT('',#3166);
#901=VERTEX_POINT('',#3168);
#902=VERTEX_POINT('',#3172);
#903=VERTEX_POINT('',#3174);
#904=VERTEX_POINT('',#3176);
#905=VERTEX_POINT('',#3178);
#906=VERTEX_POINT('',#3180);
#907=VERTEX_POINT('',#3182);
#908=VERTEX_POINT('',#3184);
#909=VERTEX_POINT('',#3186);
#910=VERTEX_POINT('',#3188);
#911=VERTEX_POINT('',#3190);
#912=VERTEX_POINT('',#3192);
#913=VERTEX_POINT('',#3194);
#914=VERTEX_POINT('',#3196);
#915=VERTEX_POINT('',#3198);
#916=VERTEX_POINT('',#3200);
#917=VERTEX_POINT('',#3202);
#918=VERTEX_POINT('',#3204);
#919=VERTEX_POINT('',#3206);
#920=VERTEX_POINT('',#3208);
#921=VERTEX_POINT('',#3210);
#922=VERTEX_POINT('',#3212);
#923=VERTEX_POINT('',#3214);
#924=VERTEX_POINT('',#3216);
#925=VERTEX_POINT('',#3218);
#926=VERTEX_POINT('',#3221);
#927=VERTEX_POINT('',#3223);
#928=VERTEX_POINT('',#3225);
#929=VERTEX_POINT('',#3227);
#930=VERTEX_POINT('',#3229);
#931=VERTEX_POINT('',#3231);
#932=VERTEX_POINT('',#3233);
#933=VERTEX_POINT('',#3235);
#934=VERTEX_POINT('',#3237);
#935=VERTEX_POINT('',#3238);
#936=VERTEX_POINT('',#3240);
#937=VERTEX_POINT('',#3242);
#938=VERTEX_POINT('',#3244);
#939=VERTEX_POINT('',#3246);
#940=VERTEX_POINT('',#3248);
#941=VERTEX_POINT('',#3250);
#942=VERTEX_POINT('',#3253);
#943=VERTEX_POINT('',#3255);
#944=VERTEX_POINT('',#3257);
#945=VERTEX_POINT('',#3258);
#946=VERTEX_POINT('',#3260);
#947=VERTEX_POINT('',#3262);
#948=VERTEX_POINT('',#3264);
#949=VERTEX_POINT('',#3266);
#950=VERTEX_POINT('',#3268);
#951=VERTEX_POINT('',#3270);
#952=VERTEX_POINT('',#3272);
#953=VERTEX_POINT('',#3274);
#954=VERTEX_POINT('',#3276);
#955=VERTEX_POINT('',#3278);
#956=VERTEX_POINT('',#3280);
#957=VERTEX_POINT('',#3282);
#958=VERTEX_POINT('',#3284);
#959=VERTEX_POINT('',#3286);
#960=VERTEX_POINT('',#3288);
#961=VERTEX_POINT('',#3290);
#962=VERTEX_POINT('',#3293);
#963=VERTEX_POINT('',#3295);
#964=VERTEX_POINT('',#3297);
#965=VERTEX_POINT('',#3299);
#966=VERTEX_POINT('',#3301);
#967=VERTEX_POINT('',#3302);
#968=VERTEX_POINT('',#3304);
#969=VERTEX_POINT('',#3306);
#970=VERTEX_POINT('',#3308);
#971=VERTEX_POINT('',#3310);
#972=VERTEX_POINT('',#3312);
#973=VERTEX_POINT('',#3314);
#974=VERTEX_POINT('',#3316);
#975=VERTEX_POINT('',#3318);
#976=VERTEX_POINT('',#3321);
#977=VERTEX_POINT('',#3323);
#978=VERTEX_POINT('',#3325);
#979=VERTEX_POINT('',#3327);
#980=VERTEX_POINT('',#3329);
#981=VERTEX_POINT('',#3331);
#982=VERTEX_POINT('',#3334);
#983=VERTEX_POINT('',#3338);
#984=VERTEX_POINT('',#3339);
#985=VERTEX_POINT('',#3344);
#986=VERTEX_POINT('',#3348);
#987=VERTEX_POINT('',#3350);
#988=VERTEX_POINT('',#3354);
#989=VERTEX_POINT('',#3358);
#990=VERTEX_POINT('',#3362);
#991=VERTEX_POINT('',#3366);
#992=VERTEX_POINT('',#3368);
#993=VERTEX_POINT('',#3370);
#994=VERTEX_POINT('',#3373);
#995=VERTEX_POINT('',#3375);
#996=VERTEX_POINT('',#3377);
#997=VERTEX_POINT('',#3379);
#998=VERTEX_POINT('',#3381);
#999=VERTEX_POINT('',#3383);
#1000=VERTEX_POINT('',#3385);
#1001=VERTEX_POINT('',#3387);
#1002=VERTEX_POINT('',#3389);
#1003=VERTEX_POINT('',#3391);
#1004=VERTEX_POINT('',#3393);
#1005=VERTEX_POINT('',#3395);
#1006=VERTEX_POINT('',#3399);
#1007=VERTEX_POINT('',#3401);
#1008=VERTEX_POINT('',#3403);
#1009=VERTEX_POINT('',#3405);
#1010=VERTEX_POINT('',#3407);
#1011=VERTEX_POINT('',#3409);
#1012=VERTEX_POINT('',#3411);
#1013=VERTEX_POINT('',#3413);
#1014=VERTEX_POINT('',#3415);
#1015=VERTEX_POINT('',#3417);
#1016=VERTEX_POINT('',#3419);
#1017=VERTEX_POINT('',#3421);
#1018=VERTEX_POINT('',#3423);
#1019=VERTEX_POINT('',#3425);
#1020=VERTEX_POINT('',#3427);
#1021=VERTEX_POINT('',#3428);
#1022=VERTEX_POINT('',#3430);
#1023=VERTEX_POINT('',#3432);
#1024=VERTEX_POINT('',#3434);
#1025=VERTEX_POINT('',#3436);
#1026=VERTEX_POINT('',#3438);
#1027=VERTEX_POINT('',#3440);
#1028=VERTEX_POINT('',#3442);
#1029=VERTEX_POINT('',#3444);
#1030=VERTEX_POINT('',#3447);
#1031=VERTEX_POINT('',#3449);
#1032=VERTEX_POINT('',#3451);
#1033=VERTEX_POINT('',#3453);
#1034=VERTEX_POINT('',#3455);
#1035=VERTEX_POINT('',#3457);
#1036=VERTEX_POINT('',#3459);
#1037=VERTEX_POINT('',#3460);
#1038=VERTEX_POINT('',#3462);
#1039=VERTEX_POINT('',#3464);
#1040=VERTEX_POINT('',#3466);
#1041=VERTEX_POINT('',#3468);
#1042=VERTEX_POINT('',#3470);
#1043=VERTEX_POINT('',#3472);
#1044=VERTEX_POINT('',#3474);
#1045=VERTEX_POINT('',#3476);
#1046=VERTEX_POINT('',#3478);
#1047=VERTEX_POINT('',#3480);
#1048=VERTEX_POINT('',#3482);
#1049=VERTEX_POINT('',#3484);
#1050=VERTEX_POINT('',#3486);
#1051=VERTEX_POINT('',#3488);
#1052=VERTEX_POINT('',#3490);
#1053=VERTEX_POINT('',#3492);
#1054=VERTEX_POINT('',#3495);
#1055=VERTEX_POINT('',#3496);
#1056=VERTEX_POINT('',#3498);
#1057=VERTEX_POINT('',#3500);
#1058=VERTEX_POINT('',#3502);
#1059=VERTEX_POINT('',#3504);
#1060=VERTEX_POINT('',#3506);
#1061=VERTEX_POINT('',#3508);
#1062=VERTEX_POINT('',#3559);
#1063=VERTEX_POINT('',#3563);
#1064=VERTEX_POINT('',#3567);
#1065=VERTEX_POINT('',#3572);
#1066=VERTEX_POINT('',#3577);
#1067=VERTEX_POINT('',#3581);
#1068=VERTEX_POINT('',#3584);
#1069=VERTEX_POINT('',#3588);
#1070=VERTEX_POINT('',#3595);
#1071=VERTEX_POINT('',#3599);
#1072=VERTEX_POINT('',#3602);
#1073=VERTEX_POINT('',#3606);
#1074=VERTEX_POINT('',#3609);
#1075=VERTEX_POINT('',#3613);
#1076=VERTEX_POINT('',#3616);
#1077=VERTEX_POINT('',#3620);
#1078=VERTEX_POINT('',#3646);
#1079=VERTEX_POINT('',#3650);
#1080=VERTEX_POINT('',#3654);
#1081=VERTEX_POINT('',#3658);
#1082=VERTEX_POINT('',#3662);
#1083=VERTEX_POINT('',#3665);
#1084=VERTEX_POINT('',#3669);
#1085=VERTEX_POINT('',#3672);
#1086=VERTEX_POINT('',#3676);
#1087=VERTEX_POINT('',#3679);
#1088=VERTEX_POINT('',#3683);
#1089=VERTEX_POINT('',#3711);
#1090=VERTEX_POINT('',#3715);
#1091=VERTEX_POINT('',#3719);
#1092=EDGE_CURVE('',#890,#891,#752,.T.);
#1093=EDGE_CURVE('',#891,#892,#422,.T.);
#1094=EDGE_CURVE('',#892,#893,#753,.T.);
#1095=EDGE_CURVE('',#893,#890,#423,.T.);
#1096=EDGE_CURVE('',#894,#891,#754,.T.);
#1097=EDGE_CURVE('',#895,#894,#424,.T.);
#1098=EDGE_CURVE('',#892,#895,#755,.T.);
#1099=EDGE_CURVE('',#896,#897,#756,.T.);
#1100=EDGE_CURVE('',#897,#898,#425,.T.);
#1101=EDGE_CURVE('',#898,#899,#757,.T.);
#1102=EDGE_CURVE('',#899,#896,#426,.T.);
#1103=EDGE_CURVE('',#898,#893,#427,.T.);
#1104=EDGE_CURVE('',#890,#897,#428,.T.);
#1105=EDGE_CURVE('',#900,#899,#758,.T.);
#1106=EDGE_CURVE('',#900,#901,#429,.T.);
#1107=EDGE_CURVE('',#896,#901,#759,.T.);
#1108=EDGE_CURVE('',#902,#895,#430,.F.);
#1109=EDGE_CURVE('',#903,#902,#760,.T.);
#1110=EDGE_CURVE('',#904,#903,#431,.T.);
#1111=EDGE_CURVE('',#905,#904,#761,.T.);
#1112=EDGE_CURVE('',#905,#906,#762,.F.);
#1113=EDGE_CURVE('',#907,#906,#432,.T.);
#1114=EDGE_CURVE('',#908,#907,#763,.T.);
#1115=EDGE_CURVE('',#908,#909,#764,.F.);
#1116=EDGE_CURVE('',#910,#909,#433,.T.);
#1117=EDGE_CURVE('',#911,#910,#765,.T.);
#1118=EDGE_CURVE('',#911,#912,#434,.T.);
#1119=EDGE_CURVE('',#912,#913,#766,.T.);
#1120=EDGE_CURVE('',#913,#914,#435,.T.);
#1121=EDGE_CURVE('',#915,#914,#767,.T.);
#1122=EDGE_CURVE('',#915,#916,#436,.T.);
#1123=EDGE_CURVE('',#917,#916,#768,.T.);
#1124=EDGE_CURVE('',#917,#918,#437,.T.);
#1125=EDGE_CURVE('',#919,#918,#769,.T.);
#1126=EDGE_CURVE('',#920,#919,#770,.T.);
#1127=EDGE_CURVE('',#921,#920,#438,.T.);
#1128=EDGE_CURVE('',#922,#921,#771,.T.);
#1129=EDGE_CURVE('',#923,#922,#772,.T.);
#1130=EDGE_CURVE('',#924,#923,#439,.T.);
#1131=EDGE_CURVE('',#925,#924,#773,.T.);
#1132=EDGE_CURVE('',#900,#925,#440,.F.);
#1133=EDGE_CURVE('',#926,#926,#774,.T.);
#1134=EDGE_CURVE('',#927,#927,#775,.T.);
#1135=EDGE_CURVE('',#928,#928,#776,.T.);
#1136=EDGE_CURVE('',#929,#929,#777,.T.);
#1137=EDGE_CURVE('',#930,#930,#778,.T.);
#1138=EDGE_CURVE('',#931,#931,#779,.T.);
#1139=EDGE_CURVE('',#932,#932,#780,.T.);
#1140=EDGE_CURVE('',#933,#933,#781,.T.);
#1141=EDGE_CURVE('',#934,#935,#782,.T.);
#1142=EDGE_CURVE('',#934,#936,#441,.T.);
#1143=EDGE_CURVE('',#937,#936,#783,.T.);
#1144=EDGE_CURVE('',#937,#938,#442,.T.);
#1145=EDGE_CURVE('',#939,#938,#784,.T.);
#1146=EDGE_CURVE('',#939,#940,#443,.T.);
#1147=EDGE_CURVE('',#941,#940,#785,.T.);
#1148=EDGE_CURVE('',#941,#935,#444,.T.);
#1149=EDGE_CURVE('',#942,#942,#786,.T.);
#1150=EDGE_CURVE('',#943,#943,#787,.T.);
#1151=EDGE_CURVE('',#944,#945,#445,.T.);
#1152=EDGE_CURVE('',#945,#946,#788,.T.);
#1153=EDGE_CURVE('',#946,#947,#446,.T.);
#1154=EDGE_CURVE('',#947,#948,#789,.T.);
#1155=EDGE_CURVE('',#948,#949,#447,.T.);
#1156=EDGE_CURVE('',#949,#950,#448,.T.);
#1157=EDGE_CURVE('',#950,#951,#790,.T.);
#1158=EDGE_CURVE('',#951,#952,#449,.T.);
#1159=EDGE_CURVE('',#952,#953,#791,.T.);
#1160=EDGE_CURVE('',#953,#954,#450,.T.);
#1161=EDGE_CURVE('',#954,#955,#792,.T.);
#1162=EDGE_CURVE('',#955,#956,#451,.T.);
#1163=EDGE_CURVE('',#956,#957,#793,.T.);
#1164=EDGE_CURVE('',#957,#958,#452,.T.);
#1165=EDGE_CURVE('',#958,#959,#453,.T.);
#1166=EDGE_CURVE('',#959,#960,#794,.T.);
#1167=EDGE_CURVE('',#960,#961,#454,.T.);
#1168=EDGE_CURVE('',#961,#944,#795,.T.);
#1169=EDGE_CURVE('',#962,#962,#796,.T.);
#1170=EDGE_CURVE('',#963,#963,#797,.T.);
#1171=EDGE_CURVE('',#964,#964,#798,.T.);
#1172=EDGE_CURVE('',#965,#965,#799,.T.);
#1173=EDGE_CURVE('',#966,#967,#455,.T.);
#1174=EDGE_CURVE('',#967,#968,#800,.T.);
#1175=EDGE_CURVE('',#968,#969,#456,.T.);
#1176=EDGE_CURVE('',#969,#970,#457,.T.);
#1177=EDGE_CURVE('',#970,#971,#801,.T.);
#1178=EDGE_CURVE('',#971,#972,#458,.T.);
#1179=EDGE_CURVE('',#972,#973,#802,.T.);
#1180=EDGE_CURVE('',#973,#974,#459,.T.);
#1181=EDGE_CURVE('',#974,#975,#460,.T.);
#1182=EDGE_CURVE('',#975,#966,#803,.T.);
#1183=EDGE_CURVE('',#976,#976,#804,.T.);
#1184=EDGE_CURVE('',#977,#977,#805,.T.);
#1185=EDGE_CURVE('',#978,#978,#806,.T.);
#1186=EDGE_CURVE('',#979,#979,#807,.T.);
#1187=EDGE_CURVE('',#980,#980,#808,.T.);
#1188=EDGE_CURVE('',#981,#981,#809,.T.);
#1189=EDGE_CURVE('',#982,#894,#461,.F.);
#1190=EDGE_CURVE('',#902,#982,#462,.T.);
#1191=EDGE_CURVE('',#983,#984,#810,.F.);
#1192=EDGE_CURVE('',#983,#922,#463,.T.);
#1193=EDGE_CURVE('',#921,#984,#464,.T.);
#1194=EDGE_CURVE('',#985,#920,#465,.T.);
#1195=EDGE_CURVE('',#985,#984,#466,.T.);
#1196=EDGE_CURVE('',#905,#986,#467,.T.);
#1197=EDGE_CURVE('',#986,#987,#811,.T.);
#1198=EDGE_CURVE('',#987,#906,#468,.T.);
#1199=EDGE_CURVE('',#988,#987,#469,.T.);
#1200=EDGE_CURVE('',#988,#907,#470,.T.);
#1201=EDGE_CURVE('',#982,#989,#812,.T.);
#1202=EDGE_CURVE('',#989,#903,#471,.T.);
#1203=EDGE_CURVE('',#989,#990,#472,.T.);
#1204=EDGE_CURVE('',#904,#990,#473,.T.);
#1205=EDGE_CURVE('',#901,#991,#474,.F.);
#1206=EDGE_CURVE('',#992,#991,#813,.T.);
#1207=EDGE_CURVE('',#992,#993,#475,.T.);
#1208=EDGE_CURVE('',#983,#993,#814,.T.);
#1209=EDGE_CURVE('',#985,#994,#815,.T.);
#1210=EDGE_CURVE('',#995,#994,#816,.T.);
#1211=EDGE_CURVE('',#996,#995,#476,.T.);
#1212=EDGE_CURVE('',#997,#996,#817,.T.);
#1213=EDGE_CURVE('',#997,#998,#477,.T.);
#1214=EDGE_CURVE('',#999,#998,#818,.T.);
#1215=EDGE_CURVE('',#999,#1000,#478,.T.);
#1216=EDGE_CURVE('',#1000,#1001,#819,.T.);
#1217=EDGE_CURVE('',#1001,#1002,#479,.T.);
#1218=EDGE_CURVE('',#1003,#1002,#820,.T.);
#1219=EDGE_CURVE('',#1004,#1003,#480,.T.);
#1220=EDGE_CURVE('',#1005,#1004,#821,.T.);
#1221=EDGE_CURVE('',#1005,#988,#822,.T.);
#1222=EDGE_CURVE('',#990,#986,#823,.T.);
#1223=EDGE_CURVE('',#1006,#1006,#824,.T.);
#1224=EDGE_CURVE('',#1007,#1007,#825,.T.);
#1225=EDGE_CURVE('',#1008,#1008,#826,.T.);
#1226=EDGE_CURVE('',#1009,#1009,#827,.T.);
#1227=EDGE_CURVE('',#1010,#1010,#828,.T.);
#1228=EDGE_CURVE('',#1011,#1011,#829,.T.);
#1229=EDGE_CURVE('',#1012,#1012,#830,.T.);
#1230=EDGE_CURVE('',#1013,#1013,#831,.T.);
#1231=EDGE_CURVE('',#1014,#1014,#832,.T.);
#1232=EDGE_CURVE('',#1015,#1015,#833,.T.);
#1233=EDGE_CURVE('',#1016,#1016,#834,.T.);
#1234=EDGE_CURVE('',#1017,#1017,#835,.T.);
#1235=EDGE_CURVE('',#1018,#1018,#836,.T.);
#1236=EDGE_CURVE('',#1019,#1019,#837,.T.);
#1237=EDGE_CURVE('',#1020,#1021,#481,.T.);
#1238=EDGE_CURVE('',#1021,#1022,#838,.T.);
#1239=EDGE_CURVE('',#1022,#1023,#482,.T.);
#1240=EDGE_CURVE('',#1023,#1024,#839,.T.);
#1241=EDGE_CURVE('',#1024,#1025,#483,.T.);
#1242=EDGE_CURVE('',#1025,#1026,#484,.T.);
#1243=EDGE_CURVE('',#1026,#1027,#840,.T.);
#1244=EDGE_CURVE('',#1027,#1028,#485,.T.);
#1245=EDGE_CURVE('',#1028,#1029,#841,.T.);
#1246=EDGE_CURVE('',#1029,#1020,#486,.T.);
#1247=EDGE_CURVE('',#1030,#1030,#842,.T.);
#1248=EDGE_CURVE('',#1031,#1031,#843,.T.);
#1249=EDGE_CURVE('',#1032,#1032,#844,.T.);
#1250=EDGE_CURVE('',#1033,#1033,#845,.T.);
#1251=EDGE_CURVE('',#1034,#1034,#846,.T.);
#1252=EDGE_CURVE('',#1035,#1035,#847,.T.);
#1253=EDGE_CURVE('',#1036,#1037,#487,.T.);
#1254=EDGE_CURVE('',#1037,#1038,#848,.T.);
#1255=EDGE_CURVE('',#1038,#1039,#488,.T.);
#1256=EDGE_CURVE('',#1039,#1040,#849,.T.);
#1257=EDGE_CURVE('',#1040,#1041,#489,.T.);
#1258=EDGE_CURVE('',#1041,#1042,#490,.T.);
#1259=EDGE_CURVE('',#1042,#1043,#850,.T.);
#1260=EDGE_CURVE('',#1043,#1044,#491,.T.);
#1261=EDGE_CURVE('',#1044,#1045,#851,.T.);
#1262=EDGE_CURVE('',#1045,#1046,#492,.T.);
#1263=EDGE_CURVE('',#1046,#1047,#852,.T.);
#1264=EDGE_CURVE('',#1047,#1048,#493,.T.);
#1265=EDGE_CURVE('',#1048,#1049,#853,.T.);
#1266=EDGE_CURVE('',#1049,#1050,#494,.T.);
#1267=EDGE_CURVE('',#1050,#1051,#495,.T.);
#1268=EDGE_CURVE('',#1051,#1052,#854,.T.);
#1269=EDGE_CURVE('',#1052,#1053,#496,.T.);
#1270=EDGE_CURVE('',#1053,#1036,#855,.T.);
#1271=EDGE_CURVE('',#1054,#1055,#856,.T.);
#1272=EDGE_CURVE('',#1054,#1056,#497,.T.);
#1273=EDGE_CURVE('',#1057,#1056,#857,.T.);
#1274=EDGE_CURVE('',#1057,#1058,#498,.T.);
#1275=EDGE_CURVE('',#1059,#1058,#858,.T.);
#1276=EDGE_CURVE('',#1059,#1060,#499,.T.);
#1277=EDGE_CURVE('',#1061,#1060,#859,.T.);
#1278=EDGE_CURVE('',#1061,#1055,#500,.T.);
#1279=EDGE_CURVE('',#924,#992,#501,.T.);
#1280=EDGE_CURVE('',#991,#925,#502,.T.);
#1281=EDGE_CURVE('',#993,#923,#503,.T.);
#1282=EDGE_CURVE('',#944,#1037,#504,.T.);
#1283=EDGE_CURVE('',#1036,#945,#505,.T.);
#1284=EDGE_CURVE('',#1053,#946,#506,.T.);
#1285=EDGE_CURVE('',#1052,#947,#507,.T.);
#1286=EDGE_CURVE('',#1051,#948,#508,.T.);
#1287=EDGE_CURVE('',#1050,#949,#509,.T.);
#1288=EDGE_CURVE('',#1049,#950,#510,.T.);
#1289=EDGE_CURVE('',#1048,#951,#511,.T.);
#1290=EDGE_CURVE('',#1047,#952,#512,.T.);
#1291=EDGE_CURVE('',#1046,#953,#513,.T.);
#1292=EDGE_CURVE('',#954,#1045,#514,.T.);
#1293=EDGE_CURVE('',#1038,#961,#515,.T.);
#1294=EDGE_CURVE('',#1060,#934,#516,.T.);
#1295=EDGE_CURVE('',#935,#1061,#517,.T.);
#1296=EDGE_CURVE('',#936,#1059,#518,.T.);
#1297=EDGE_CURVE('',#1058,#937,#519,.T.);
#1298=EDGE_CURVE('',#938,#1057,#520,.T.);
#1299=EDGE_CURVE('',#1056,#939,#521,.T.);
#1300=EDGE_CURVE('',#940,#1054,#522,.T.);
#1301=EDGE_CURVE('',#1055,#941,#523,.T.);
#1302=EDGE_CURVE('',#1062,#1062,#860,.T.);
#1303=EDGE_CURVE('',#1062,#981,#524,.T.);
#1304=EDGE_CURVE('',#1063,#1063,#861,.T.);
#1305=EDGE_CURVE('',#1063,#980,#525,.T.);
#1306=EDGE_CURVE('',#1035,#1064,#526,.T.);
#1307=EDGE_CURVE('',#1064,#1064,#862,.T.);
#1308=EDGE_CURVE('',#1034,#1065,#527,.T.);
#1309=EDGE_CURVE('',#1065,#1065,#863,.T.);
#1310=EDGE_CURVE('',#1006,#1066,#528,.T.);
#1311=EDGE_CURVE('',#1066,#1066,#864,.T.);
#1312=EDGE_CURVE('',#1067,#1067,#865,.T.);
#1313=EDGE_CURVE('',#1007,#1068,#529,.T.);
#1314=EDGE_CURVE('',#1068,#1068,#866,.T.);
#1315=EDGE_CURVE('',#1069,#1069,#867,.T.);
#1316=EDGE_CURVE('',#933,#1069,#530,.T.);
#1317=EDGE_CURVE('',#932,#1067,#531,.T.);
#1318=EDGE_CURVE('',#926,#1070,#532,.T.);
#1319=EDGE_CURVE('',#1070,#1070,#868,.T.);
#1320=EDGE_CURVE('',#1071,#1071,#869,.T.);
#1321=EDGE_CURVE('',#927,#1072,#533,.T.);
#1322=EDGE_CURVE('',#1072,#1072,#870,.T.);
#1323=EDGE_CURVE('',#1073,#1073,#871,.T.);
#1324=EDGE_CURVE('',#928,#1074,#534,.T.);
#1325=EDGE_CURVE('',#1074,#1074,#872,.T.);
#1326=EDGE_CURVE('',#1075,#1075,#873,.T.);
#1327=EDGE_CURVE('',#929,#1076,#535,.T.);
#1328=EDGE_CURVE('',#1076,#1076,#874,.T.);
#1329=EDGE_CURVE('',#1077,#1077,#875,.T.);
#1330=EDGE_CURVE('',#1073,#1013,#536,.T.);
#1331=EDGE_CURVE('',#1077,#1012,#537,.T.);
#1332=EDGE_CURVE('',#1071,#1011,#538,.T.);
#1333=EDGE_CURVE('',#1075,#1010,#539,.T.);
#1334=EDGE_CURVE('',#910,#1003,#540,.T.);
#1335=EDGE_CURVE('',#1002,#911,#541,.T.);
#1336=EDGE_CURVE('',#1001,#912,#542,.T.);
#1337=EDGE_CURVE('',#998,#915,#543,.T.);
#1338=EDGE_CURVE('',#914,#999,#544,.T.);
#1339=EDGE_CURVE('',#916,#997,#545,.T.);
#1340=EDGE_CURVE('',#996,#917,#546,.T.);
#1341=EDGE_CURVE('',#1000,#913,#547,.T.);
#1342=EDGE_CURVE('',#1078,#1078,#876,.T.);
#1343=EDGE_CURVE('',#1078,#1014,#548,.T.);
#1344=EDGE_CURVE('',#1079,#1079,#877,.T.);
#1345=EDGE_CURVE('',#1079,#1015,#549,.T.);
#1346=EDGE_CURVE('',#1080,#1080,#878,.T.);
#1347=EDGE_CURVE('',#1080,#1016,#550,.T.);
#1348=EDGE_CURVE('',#979,#1081,#551,.T.);
#1349=EDGE_CURVE('',#1081,#1081,#879,.T.);
#1350=EDGE_CURVE('',#1082,#1082,#880,.T.);
#1351=EDGE_CURVE('',#978,#1083,#552,.T.);
#1352=EDGE_CURVE('',#1083,#1083,#881,.T.);
#1353=EDGE_CURVE('',#1084,#1084,#882,.T.);
#1354=EDGE_CURVE('',#977,#1085,#553,.T.);
#1355=EDGE_CURVE('',#1085,#1085,#883,.T.);
#1356=EDGE_CURVE('',#1086,#1086,#884,.T.);
#1357=EDGE_CURVE('',#976,#1087,#554,.T.);
#1358=EDGE_CURVE('',#1087,#1087,#885,.T.);
#1359=EDGE_CURVE('',#1088,#1088,#886,.T.);
#1360=EDGE_CURVE('',#1033,#1084,#555,.T.);
#1361=EDGE_CURVE('',#1032,#1082,#556,.T.);
#1362=EDGE_CURVE('',#1031,#1086,#557,.T.);
#1363=EDGE_CURVE('',#1088,#1030,#558,.T.);
#1364=EDGE_CURVE('',#908,#1005,#559,.T.);
#1365=EDGE_CURVE('',#1004,#909,#560,.T.);
#1366=EDGE_CURVE('',#994,#919,#561,.T.);
#1367=EDGE_CURVE('',#918,#995,#562,.T.);
#1368=EDGE_CURVE('',#1008,#931,#563,.T.);
#1369=EDGE_CURVE('',#1017,#942,#564,.T.);
#1370=EDGE_CURVE('',#1009,#930,#565,.T.);
#1371=EDGE_CURVE('',#1018,#943,#566,.T.);
#1372=EDGE_CURVE('',#1089,#1089,#887,.T.);
#1373=EDGE_CURVE('',#1089,#962,#567,.T.);
#1374=EDGE_CURVE('',#1090,#1090,#888,.T.);
#1375=EDGE_CURVE('',#1090,#963,#568,.T.);
#1376=EDGE_CURVE('',#1091,#1091,#889,.T.);
#1377=EDGE_CURVE('',#1091,#964,#569,.T.);
#1378=EDGE_CURVE('',#1019,#965,#570,.T.);
#1379=EDGE_CURVE('',#1022,#967,#571,.T.);
#1380=EDGE_CURVE('',#1021,#968,#572,.T.);
#1381=EDGE_CURVE('',#1023,#966,#573,.T.);
#1382=EDGE_CURVE('',#1024,#975,#574,.T.);
#1383=EDGE_CURVE('',#1025,#974,#575,.T.);
#1384=EDGE_CURVE('',#1026,#973,#576,.T.);
#1385=EDGE_CURVE('',#1027,#972,#577,.T.);
#1386=EDGE_CURVE('',#1028,#971,#578,.T.);
#1387=EDGE_CURVE('',#1029,#970,#579,.T.);
#1388=EDGE_CURVE('',#1020,#969,#580,.T.);
#1389=EDGE_CURVE('',#1039,#960,#581,.T.);
#1390=EDGE_CURVE('',#1040,#959,#582,.T.);
#1391=EDGE_CURVE('',#1041,#958,#583,.T.);
#1392=EDGE_CURVE('',#1042,#957,#584,.T.);
#1393=EDGE_CURVE('',#1043,#956,#585,.T.);
#1394=EDGE_CURVE('',#1044,#955,#586,.T.);
#1395=ORIENTED_EDGE('',*,*,#1092,.T.);
#1396=ORIENTED_EDGE('',*,*,#1093,.T.);
#1397=ORIENTED_EDGE('',*,*,#1094,.T.);
#1398=ORIENTED_EDGE('',*,*,#1095,.T.);
#1399=ORIENTED_EDGE('',*,*,#1093,.F.);
#1400=ORIENTED_EDGE('',*,*,#1096,.F.);
#1401=ORIENTED_EDGE('',*,*,#1097,.F.);
#1402=ORIENTED_EDGE('',*,*,#1098,.F.);
#1403=ORIENTED_EDGE('',*,*,#1099,.T.);
#1404=ORIENTED_EDGE('',*,*,#1100,.T.);
#1405=ORIENTED_EDGE('',*,*,#1101,.T.);
#1406=ORIENTED_EDGE('',*,*,#1102,.T.);
#1407=ORIENTED_EDGE('',*,*,#1095,.F.);
#1408=ORIENTED_EDGE('',*,*,#1103,.F.);
#1409=ORIENTED_EDGE('',*,*,#1100,.F.);
#1410=ORIENTED_EDGE('',*,*,#1104,.F.);
#1411=ORIENTED_EDGE('',*,*,#1102,.F.);
#1412=ORIENTED_EDGE('',*,*,#1105,.F.);
#1413=ORIENTED_EDGE('',*,*,#1106,.T.);
#1414=ORIENTED_EDGE('',*,*,#1107,.F.);
#1415=ORIENTED_EDGE('',*,*,#1105,.T.);
#1416=ORIENTED_EDGE('',*,*,#1101,.F.);
#1417=ORIENTED_EDGE('',*,*,#1103,.T.);
#1418=ORIENTED_EDGE('',*,*,#1094,.F.);
#1419=ORIENTED_EDGE('',*,*,#1098,.T.);
#1420=ORIENTED_EDGE('',*,*,#1108,.F.);
#1421=ORIENTED_EDGE('',*,*,#1109,.F.);
#1422=ORIENTED_EDGE('',*,*,#1110,.F.);
#1423=ORIENTED_EDGE('',*,*,#1111,.F.);
#1424=ORIENTED_EDGE('',*,*,#1112,.T.);
#1425=ORIENTED_EDGE('',*,*,#1113,.F.);
#1426=ORIENTED_EDGE('',*,*,#1114,.F.);
#1427=ORIENTED_EDGE('',*,*,#1115,.T.);
#1428=ORIENTED_EDGE('',*,*,#1116,.F.);
#1429=ORIENTED_EDGE('',*,*,#1117,.F.);
#1430=ORIENTED_EDGE('',*,*,#1118,.T.);
#1431=ORIENTED_EDGE('',*,*,#1119,.T.);
#1432=ORIENTED_EDGE('',*,*,#1120,.T.);
#1433=ORIENTED_EDGE('',*,*,#1121,.F.);
#1434=ORIENTED_EDGE('',*,*,#1122,.T.);
#1435=ORIENTED_EDGE('',*,*,#1123,.F.);
#1436=ORIENTED_EDGE('',*,*,#1124,.T.);
#1437=ORIENTED_EDGE('',*,*,#1125,.F.);
#1438=ORIENTED_EDGE('',*,*,#1126,.F.);
#1439=ORIENTED_EDGE('',*,*,#1127,.F.);
#1440=ORIENTED_EDGE('',*,*,#1128,.F.);
#1441=ORIENTED_EDGE('',*,*,#1129,.F.);
#1442=ORIENTED_EDGE('',*,*,#1130,.F.);
#1443=ORIENTED_EDGE('',*,*,#1131,.F.);
#1444=ORIENTED_EDGE('',*,*,#1132,.F.);
#1445=ORIENTED_EDGE('',*,*,#1133,.T.);
#1446=ORIENTED_EDGE('',*,*,#1134,.T.);
#1447=ORIENTED_EDGE('',*,*,#1135,.T.);
#1448=ORIENTED_EDGE('',*,*,#1136,.T.);
#1449=ORIENTED_EDGE('',*,*,#1137,.T.);
#1450=ORIENTED_EDGE('',*,*,#1138,.T.);
#1451=ORIENTED_EDGE('',*,*,#1139,.T.);
#1452=ORIENTED_EDGE('',*,*,#1140,.T.);
#1453=ORIENTED_EDGE('',*,*,#1141,.F.);
#1454=ORIENTED_EDGE('',*,*,#1142,.T.);
#1455=ORIENTED_EDGE('',*,*,#1143,.F.);
#1456=ORIENTED_EDGE('',*,*,#1144,.T.);
#1457=ORIENTED_EDGE('',*,*,#1145,.F.);
#1458=ORIENTED_EDGE('',*,*,#1146,.T.);
#1459=ORIENTED_EDGE('',*,*,#1147,.F.);
#1460=ORIENTED_EDGE('',*,*,#1148,.T.);
#1461=ORIENTED_EDGE('',*,*,#1149,.T.);
#1462=ORIENTED_EDGE('',*,*,#1150,.T.);
#1463=ORIENTED_EDGE('',*,*,#1151,.T.);
#1464=ORIENTED_EDGE('',*,*,#1152,.T.);
#1465=ORIENTED_EDGE('',*,*,#1153,.T.);
#1466=ORIENTED_EDGE('',*,*,#1154,.T.);
#1467=ORIENTED_EDGE('',*,*,#1155,.T.);
#1468=ORIENTED_EDGE('',*,*,#1156,.T.);
#1469=ORIENTED_EDGE('',*,*,#1157,.T.);
#1470=ORIENTED_EDGE('',*,*,#1158,.T.);
#1471=ORIENTED_EDGE('',*,*,#1159,.T.);
#1472=ORIENTED_EDGE('',*,*,#1160,.T.);
#1473=ORIENTED_EDGE('',*,*,#1161,.T.);
#1474=ORIENTED_EDGE('',*,*,#1162,.T.);
#1475=ORIENTED_EDGE('',*,*,#1163,.T.);
#1476=ORIENTED_EDGE('',*,*,#1164,.T.);
#1477=ORIENTED_EDGE('',*,*,#1165,.T.);
#1478=ORIENTED_EDGE('',*,*,#1166,.T.);
#1479=ORIENTED_EDGE('',*,*,#1167,.T.);
#1480=ORIENTED_EDGE('',*,*,#1168,.T.);
#1481=ORIENTED_EDGE('',*,*,#1169,.T.);
#1482=ORIENTED_EDGE('',*,*,#1170,.T.);
#1483=ORIENTED_EDGE('',*,*,#1171,.T.);
#1484=ORIENTED_EDGE('',*,*,#1172,.T.);
#1485=ORIENTED_EDGE('',*,*,#1173,.T.);
#1486=ORIENTED_EDGE('',*,*,#1174,.T.);
#1487=ORIENTED_EDGE('',*,*,#1175,.T.);
#1488=ORIENTED_EDGE('',*,*,#1176,.T.);
#1489=ORIENTED_EDGE('',*,*,#1177,.T.);
#1490=ORIENTED_EDGE('',*,*,#1178,.T.);
#1491=ORIENTED_EDGE('',*,*,#1179,.T.);
#1492=ORIENTED_EDGE('',*,*,#1180,.T.);
#1493=ORIENTED_EDGE('',*,*,#1181,.T.);
#1494=ORIENTED_EDGE('',*,*,#1182,.T.);
#1495=ORIENTED_EDGE('',*,*,#1183,.T.);
#1496=ORIENTED_EDGE('',*,*,#1184,.T.);
#1497=ORIENTED_EDGE('',*,*,#1185,.T.);
#1498=ORIENTED_EDGE('',*,*,#1186,.T.);
#1499=ORIENTED_EDGE('',*,*,#1187,.T.);
#1500=ORIENTED_EDGE('',*,*,#1188,.T.);
#1501=ORIENTED_EDGE('',*,*,#1097,.T.);
#1502=ORIENTED_EDGE('',*,*,#1189,.F.);
#1503=ORIENTED_EDGE('',*,*,#1190,.F.);
#1504=ORIENTED_EDGE('',*,*,#1108,.T.);
#1505=ORIENTED_EDGE('',*,*,#1191,.F.);
#1506=ORIENTED_EDGE('',*,*,#1192,.T.);
#1507=ORIENTED_EDGE('',*,*,#1128,.T.);
#1508=ORIENTED_EDGE('',*,*,#1193,.T.);
#1509=ORIENTED_EDGE('',*,*,#1193,.F.);
#1510=ORIENTED_EDGE('',*,*,#1127,.T.);
#1511=ORIENTED_EDGE('',*,*,#1194,.F.);
#1512=ORIENTED_EDGE('',*,*,#1195,.T.);
#1513=ORIENTED_EDGE('',*,*,#1112,.F.);
#1514=ORIENTED_EDGE('',*,*,#1196,.T.);
#1515=ORIENTED_EDGE('',*,*,#1197,.T.);
#1516=ORIENTED_EDGE('',*,*,#1198,.T.);
#1517=ORIENTED_EDGE('',*,*,#1198,.F.);
#1518=ORIENTED_EDGE('',*,*,#1199,.F.);
#1519=ORIENTED_EDGE('',*,*,#1200,.T.);
#1520=ORIENTED_EDGE('',*,*,#1113,.T.);
#1521=ORIENTED_EDGE('',*,*,#1109,.T.);
#1522=ORIENTED_EDGE('',*,*,#1190,.T.);
#1523=ORIENTED_EDGE('',*,*,#1201,.T.);
#1524=ORIENTED_EDGE('',*,*,#1202,.T.);
#1525=ORIENTED_EDGE('',*,*,#1202,.F.);
#1526=ORIENTED_EDGE('',*,*,#1203,.T.);
#1527=ORIENTED_EDGE('',*,*,#1204,.F.);
#1528=ORIENTED_EDGE('',*,*,#1110,.T.);
#1529=ORIENTED_EDGE('',*,*,#1107,.T.);
#1530=ORIENTED_EDGE('',*,*,#1205,.T.);
#1531=ORIENTED_EDGE('',*,*,#1206,.F.);
#1532=ORIENTED_EDGE('',*,*,#1207,.T.);
#1533=ORIENTED_EDGE('',*,*,#1208,.F.);
#1534=ORIENTED_EDGE('',*,*,#1191,.T.);
#1535=ORIENTED_EDGE('',*,*,#1195,.F.);
#1536=ORIENTED_EDGE('',*,*,#1209,.T.);
#1537=ORIENTED_EDGE('',*,*,#1210,.F.);
#1538=ORIENTED_EDGE('',*,*,#1211,.F.);
#1539=ORIENTED_EDGE('',*,*,#1212,.F.);
#1540=ORIENTED_EDGE('',*,*,#1213,.T.);
#1541=ORIENTED_EDGE('',*,*,#1214,.F.);
#1542=ORIENTED_EDGE('',*,*,#1215,.T.);
#1543=ORIENTED_EDGE('',*,*,#1216,.T.);
#1544=ORIENTED_EDGE('',*,*,#1217,.T.);
#1545=ORIENTED_EDGE('',*,*,#1218,.F.);
#1546=ORIENTED_EDGE('',*,*,#1219,.F.);
#1547=ORIENTED_EDGE('',*,*,#1220,.F.);
#1548=ORIENTED_EDGE('',*,*,#1221,.T.);
#1549=ORIENTED_EDGE('',*,*,#1199,.T.);
#1550=ORIENTED_EDGE('',*,*,#1197,.F.);
#1551=ORIENTED_EDGE('',*,*,#1222,.F.);
#1552=ORIENTED_EDGE('',*,*,#1203,.F.);
#1553=ORIENTED_EDGE('',*,*,#1201,.F.);
#1554=ORIENTED_EDGE('',*,*,#1189,.T.);
#1555=ORIENTED_EDGE('',*,*,#1096,.T.);
#1556=ORIENTED_EDGE('',*,*,#1092,.F.);
#1557=ORIENTED_EDGE('',*,*,#1104,.T.);
#1558=ORIENTED_EDGE('',*,*,#1099,.F.);
#1559=ORIENTED_EDGE('',*,*,#1223,.T.);
#1560=ORIENTED_EDGE('',*,*,#1224,.T.);
#1561=ORIENTED_EDGE('',*,*,#1225,.T.);
#1562=ORIENTED_EDGE('',*,*,#1226,.T.);
#1563=ORIENTED_EDGE('',*,*,#1227,.T.);
#1564=ORIENTED_EDGE('',*,*,#1228,.T.);
#1565=ORIENTED_EDGE('',*,*,#1229,.T.);
#1566=ORIENTED_EDGE('',*,*,#1230,.T.);
#1567=ORIENTED_EDGE('',*,*,#1231,.T.);
#1568=ORIENTED_EDGE('',*,*,#1232,.T.);
#1569=ORIENTED_EDGE('',*,*,#1233,.T.);
#1570=ORIENTED_EDGE('',*,*,#1234,.T.);
#1571=ORIENTED_EDGE('',*,*,#1235,.T.);
#1572=ORIENTED_EDGE('',*,*,#1236,.T.);
#1573=ORIENTED_EDGE('',*,*,#1237,.T.);
#1574=ORIENTED_EDGE('',*,*,#1238,.T.);
#1575=ORIENTED_EDGE('',*,*,#1239,.T.);
#1576=ORIENTED_EDGE('',*,*,#1240,.T.);
#1577=ORIENTED_EDGE('',*,*,#1241,.T.);
#1578=ORIENTED_EDGE('',*,*,#1242,.T.);
#1579=ORIENTED_EDGE('',*,*,#1243,.T.);
#1580=ORIENTED_EDGE('',*,*,#1244,.T.);
#1581=ORIENTED_EDGE('',*,*,#1245,.T.);
#1582=ORIENTED_EDGE('',*,*,#1246,.T.);
#1583=ORIENTED_EDGE('',*,*,#1247,.F.);
#1584=ORIENTED_EDGE('',*,*,#1248,.T.);
#1585=ORIENTED_EDGE('',*,*,#1249,.T.);
#1586=ORIENTED_EDGE('',*,*,#1250,.T.);
#1587=ORIENTED_EDGE('',*,*,#1251,.T.);
#1588=ORIENTED_EDGE('',*,*,#1252,.T.);
#1589=ORIENTED_EDGE('',*,*,#1253,.T.);
#1590=ORIENTED_EDGE('',*,*,#1254,.T.);
#1591=ORIENTED_EDGE('',*,*,#1255,.T.);
#1592=ORIENTED_EDGE('',*,*,#1256,.T.);
#1593=ORIENTED_EDGE('',*,*,#1257,.T.);
#1594=ORIENTED_EDGE('',*,*,#1258,.T.);
#1595=ORIENTED_EDGE('',*,*,#1259,.T.);
#1596=ORIENTED_EDGE('',*,*,#1260,.T.);
#1597=ORIENTED_EDGE('',*,*,#1261,.T.);
#1598=ORIENTED_EDGE('',*,*,#1262,.T.);
#1599=ORIENTED_EDGE('',*,*,#1263,.T.);
#1600=ORIENTED_EDGE('',*,*,#1264,.T.);
#1601=ORIENTED_EDGE('',*,*,#1265,.T.);
#1602=ORIENTED_EDGE('',*,*,#1266,.T.);
#1603=ORIENTED_EDGE('',*,*,#1267,.T.);
#1604=ORIENTED_EDGE('',*,*,#1268,.T.);
#1605=ORIENTED_EDGE('',*,*,#1269,.T.);
#1606=ORIENTED_EDGE('',*,*,#1270,.T.);
#1607=ORIENTED_EDGE('',*,*,#1271,.F.);
#1608=ORIENTED_EDGE('',*,*,#1272,.T.);
#1609=ORIENTED_EDGE('',*,*,#1273,.F.);
#1610=ORIENTED_EDGE('',*,*,#1274,.T.);
#1611=ORIENTED_EDGE('',*,*,#1275,.F.);
#1612=ORIENTED_EDGE('',*,*,#1276,.T.);
#1613=ORIENTED_EDGE('',*,*,#1277,.F.);
#1614=ORIENTED_EDGE('',*,*,#1278,.T.);
#1615=ORIENTED_EDGE('',*,*,#1131,.T.);
#1616=ORIENTED_EDGE('',*,*,#1279,.T.);
#1617=ORIENTED_EDGE('',*,*,#1206,.T.);
#1618=ORIENTED_EDGE('',*,*,#1280,.T.);
#1619=ORIENTED_EDGE('',*,*,#1279,.F.);
#1620=ORIENTED_EDGE('',*,*,#1130,.T.);
#1621=ORIENTED_EDGE('',*,*,#1281,.F.);
#1622=ORIENTED_EDGE('',*,*,#1207,.F.);
#1623=ORIENTED_EDGE('',*,*,#1106,.F.);
#1624=ORIENTED_EDGE('',*,*,#1132,.T.);
#1625=ORIENTED_EDGE('',*,*,#1280,.F.);
#1626=ORIENTED_EDGE('',*,*,#1205,.F.);
#1627=ORIENTED_EDGE('',*,*,#1196,.F.);
#1628=ORIENTED_EDGE('',*,*,#1111,.T.);
#1629=ORIENTED_EDGE('',*,*,#1204,.T.);
#1630=ORIENTED_EDGE('',*,*,#1222,.T.);
#1631=ORIENTED_EDGE('',*,*,#1192,.F.);
#1632=ORIENTED_EDGE('',*,*,#1208,.T.);
#1633=ORIENTED_EDGE('',*,*,#1281,.T.);
#1634=ORIENTED_EDGE('',*,*,#1129,.T.);
#1635=ORIENTED_EDGE('',*,*,#1151,.F.);
#1636=ORIENTED_EDGE('',*,*,#1282,.T.);
#1637=ORIENTED_EDGE('',*,*,#1253,.F.);
#1638=ORIENTED_EDGE('',*,*,#1283,.T.);
#1639=ORIENTED_EDGE('',*,*,#1152,.F.);
#1640=ORIENTED_EDGE('',*,*,#1283,.F.);
#1641=ORIENTED_EDGE('',*,*,#1270,.F.);
#1642=ORIENTED_EDGE('',*,*,#1284,.T.);
#1643=ORIENTED_EDGE('',*,*,#1153,.F.);
#1644=ORIENTED_EDGE('',*,*,#1284,.F.);
#1645=ORIENTED_EDGE('',*,*,#1269,.F.);
#1646=ORIENTED_EDGE('',*,*,#1285,.T.);
#1647=ORIENTED_EDGE('',*,*,#1154,.F.);
#1648=ORIENTED_EDGE('',*,*,#1285,.F.);
#1649=ORIENTED_EDGE('',*,*,#1268,.F.);
#1650=ORIENTED_EDGE('',*,*,#1286,.T.);
#1651=ORIENTED_EDGE('',*,*,#1155,.F.);
#1652=ORIENTED_EDGE('',*,*,#1286,.F.);
#1653=ORIENTED_EDGE('',*,*,#1267,.F.);
#1654=ORIENTED_EDGE('',*,*,#1287,.T.);
#1655=ORIENTED_EDGE('',*,*,#1156,.F.);
#1656=ORIENTED_EDGE('',*,*,#1287,.F.);
#1657=ORIENTED_EDGE('',*,*,#1266,.F.);
#1658=ORIENTED_EDGE('',*,*,#1288,.T.);
#1659=ORIENTED_EDGE('',*,*,#1157,.F.);
#1660=ORIENTED_EDGE('',*,*,#1288,.F.);
#1661=ORIENTED_EDGE('',*,*,#1265,.F.);
#1662=ORIENTED_EDGE('',*,*,#1289,.T.);
#1663=ORIENTED_EDGE('',*,*,#1158,.F.);
#1664=ORIENTED_EDGE('',*,*,#1289,.F.);
#1665=ORIENTED_EDGE('',*,*,#1264,.F.);
#1666=ORIENTED_EDGE('',*,*,#1290,.T.);
#1667=ORIENTED_EDGE('',*,*,#1159,.F.);
#1668=ORIENTED_EDGE('',*,*,#1290,.F.);
#1669=ORIENTED_EDGE('',*,*,#1263,.F.);
#1670=ORIENTED_EDGE('',*,*,#1291,.T.);
#1671=ORIENTED_EDGE('',*,*,#1160,.F.);
#1672=ORIENTED_EDGE('',*,*,#1291,.F.);
#1673=ORIENTED_EDGE('',*,*,#1262,.F.);
#1674=ORIENTED_EDGE('',*,*,#1292,.F.);
#1675=ORIENTED_EDGE('',*,*,#1282,.F.);
#1676=ORIENTED_EDGE('',*,*,#1168,.F.);
#1677=ORIENTED_EDGE('',*,*,#1293,.F.);
#1678=ORIENTED_EDGE('',*,*,#1254,.F.);
#1679=ORIENTED_EDGE('',*,*,#1277,.T.);
#1680=ORIENTED_EDGE('',*,*,#1294,.T.);
#1681=ORIENTED_EDGE('',*,*,#1141,.T.);
#1682=ORIENTED_EDGE('',*,*,#1295,.T.);
#1683=ORIENTED_EDGE('',*,*,#1294,.F.);
#1684=ORIENTED_EDGE('',*,*,#1276,.F.);
#1685=ORIENTED_EDGE('',*,*,#1296,.F.);
#1686=ORIENTED_EDGE('',*,*,#1142,.F.);
#1687=ORIENTED_EDGE('',*,*,#1275,.T.);
#1688=ORIENTED_EDGE('',*,*,#1297,.T.);
#1689=ORIENTED_EDGE('',*,*,#1143,.T.);
#1690=ORIENTED_EDGE('',*,*,#1296,.T.);
#1691=ORIENTED_EDGE('',*,*,#1297,.F.);
#1692=ORIENTED_EDGE('',*,*,#1274,.F.);
#1693=ORIENTED_EDGE('',*,*,#1298,.F.);
#1694=ORIENTED_EDGE('',*,*,#1144,.F.);
#1695=ORIENTED_EDGE('',*,*,#1273,.T.);
#1696=ORIENTED_EDGE('',*,*,#1299,.T.);
#1697=ORIENTED_EDGE('',*,*,#1145,.T.);
#1698=ORIENTED_EDGE('',*,*,#1298,.T.);
#1699=ORIENTED_EDGE('',*,*,#1299,.F.);
#1700=ORIENTED_EDGE('',*,*,#1272,.F.);
#1701=ORIENTED_EDGE('',*,*,#1300,.F.);
#1702=ORIENTED_EDGE('',*,*,#1146,.F.);
#1703=ORIENTED_EDGE('',*,*,#1271,.T.);
#1704=ORIENTED_EDGE('',*,*,#1301,.T.);
#1705=ORIENTED_EDGE('',*,*,#1147,.T.);
#1706=ORIENTED_EDGE('',*,*,#1300,.T.);
#1707=ORIENTED_EDGE('',*,*,#1295,.F.);
#1708=ORIENTED_EDGE('',*,*,#1148,.F.);
#1709=ORIENTED_EDGE('',*,*,#1301,.F.);
#1710=ORIENTED_EDGE('',*,*,#1278,.F.);
#1711=ORIENTED_EDGE('',*,*,#1302,.T.);
#1712=ORIENTED_EDGE('',*,*,#1303,.T.);
#1713=ORIENTED_EDGE('',*,*,#1188,.F.);
#1714=ORIENTED_EDGE('',*,*,#1303,.F.);
#1715=ORIENTED_EDGE('',*,*,#1304,.T.);
#1716=ORIENTED_EDGE('',*,*,#1305,.T.);
#1717=ORIENTED_EDGE('',*,*,#1187,.F.);
#1718=ORIENTED_EDGE('',*,*,#1305,.F.);
#1719=ORIENTED_EDGE('',*,*,#1252,.F.);
#1720=ORIENTED_EDGE('',*,*,#1306,.T.);
#1721=ORIENTED_EDGE('',*,*,#1307,.T.);
#1722=ORIENTED_EDGE('',*,*,#1306,.F.);
#1723=ORIENTED_EDGE('',*,*,#1307,.F.);
#1724=ORIENTED_EDGE('',*,*,#1302,.F.);
#1725=ORIENTED_EDGE('',*,*,#1251,.F.);
#1726=ORIENTED_EDGE('',*,*,#1308,.T.);
#1727=ORIENTED_EDGE('',*,*,#1309,.T.);
#1728=ORIENTED_EDGE('',*,*,#1308,.F.);
#1729=ORIENTED_EDGE('',*,*,#1309,.F.);
#1730=ORIENTED_EDGE('',*,*,#1304,.F.);
#1731=ORIENTED_EDGE('',*,*,#1223,.F.);
#1732=ORIENTED_EDGE('',*,*,#1310,.T.);
#1733=ORIENTED_EDGE('',*,*,#1311,.T.);
#1734=ORIENTED_EDGE('',*,*,#1310,.F.);
#1735=ORIENTED_EDGE('',*,*,#1311,.F.);
#1736=ORIENTED_EDGE('',*,*,#1312,.F.);
#1737=ORIENTED_EDGE('',*,*,#1224,.F.);
#1738=ORIENTED_EDGE('',*,*,#1313,.T.);
#1739=ORIENTED_EDGE('',*,*,#1314,.T.);
#1740=ORIENTED_EDGE('',*,*,#1313,.F.);
#1741=ORIENTED_EDGE('',*,*,#1314,.F.);
#1742=ORIENTED_EDGE('',*,*,#1315,.F.);
#1743=ORIENTED_EDGE('',*,*,#1140,.F.);
#1744=ORIENTED_EDGE('',*,*,#1316,.T.);
#1745=ORIENTED_EDGE('',*,*,#1315,.T.);
#1746=ORIENTED_EDGE('',*,*,#1316,.F.);
#1747=ORIENTED_EDGE('',*,*,#1139,.F.);
#1748=ORIENTED_EDGE('',*,*,#1317,.T.);
#1749=ORIENTED_EDGE('',*,*,#1312,.T.);
#1750=ORIENTED_EDGE('',*,*,#1317,.F.);
#1751=ORIENTED_EDGE('',*,*,#1133,.F.);
#1752=ORIENTED_EDGE('',*,*,#1318,.T.);
#1753=ORIENTED_EDGE('',*,*,#1319,.T.);
#1754=ORIENTED_EDGE('',*,*,#1318,.F.);
#1755=ORIENTED_EDGE('',*,*,#1319,.F.);
#1756=ORIENTED_EDGE('',*,*,#1320,.F.);
#1757=ORIENTED_EDGE('',*,*,#1134,.F.);
#1758=ORIENTED_EDGE('',*,*,#1321,.T.);
#1759=ORIENTED_EDGE('',*,*,#1322,.T.);
#1760=ORIENTED_EDGE('',*,*,#1321,.F.);
#1761=ORIENTED_EDGE('',*,*,#1322,.F.);
#1762=ORIENTED_EDGE('',*,*,#1323,.F.);
#1763=ORIENTED_EDGE('',*,*,#1135,.F.);
#1764=ORIENTED_EDGE('',*,*,#1324,.T.);
#1765=ORIENTED_EDGE('',*,*,#1325,.T.);
#1766=ORIENTED_EDGE('',*,*,#1324,.F.);
#1767=ORIENTED_EDGE('',*,*,#1325,.F.);
#1768=ORIENTED_EDGE('',*,*,#1326,.F.);
#1769=ORIENTED_EDGE('',*,*,#1136,.F.);
#1770=ORIENTED_EDGE('',*,*,#1327,.T.);
#1771=ORIENTED_EDGE('',*,*,#1328,.T.);
#1772=ORIENTED_EDGE('',*,*,#1327,.F.);
#1773=ORIENTED_EDGE('',*,*,#1328,.F.);
#1774=ORIENTED_EDGE('',*,*,#1329,.F.);
#1775=ORIENTED_EDGE('',*,*,#1323,.T.);
#1776=ORIENTED_EDGE('',*,*,#1330,.T.);
#1777=ORIENTED_EDGE('',*,*,#1230,.F.);
#1778=ORIENTED_EDGE('',*,*,#1330,.F.);
#1779=ORIENTED_EDGE('',*,*,#1329,.T.);
#1780=ORIENTED_EDGE('',*,*,#1331,.T.);
#1781=ORIENTED_EDGE('',*,*,#1229,.F.);
#1782=ORIENTED_EDGE('',*,*,#1331,.F.);
#1783=ORIENTED_EDGE('',*,*,#1320,.T.);
#1784=ORIENTED_EDGE('',*,*,#1332,.T.);
#1785=ORIENTED_EDGE('',*,*,#1228,.F.);
#1786=ORIENTED_EDGE('',*,*,#1332,.F.);
#1787=ORIENTED_EDGE('',*,*,#1326,.T.);
#1788=ORIENTED_EDGE('',*,*,#1333,.T.);
#1789=ORIENTED_EDGE('',*,*,#1227,.F.);
#1790=ORIENTED_EDGE('',*,*,#1333,.F.);
#1791=ORIENTED_EDGE('',*,*,#1117,.T.);
#1792=ORIENTED_EDGE('',*,*,#1334,.T.);
#1793=ORIENTED_EDGE('',*,*,#1218,.T.);
#1794=ORIENTED_EDGE('',*,*,#1335,.T.);
#1795=ORIENTED_EDGE('',*,*,#1335,.F.);
#1796=ORIENTED_EDGE('',*,*,#1217,.F.);
#1797=ORIENTED_EDGE('',*,*,#1336,.T.);
#1798=ORIENTED_EDGE('',*,*,#1118,.F.);
#1799=ORIENTED_EDGE('',*,*,#1214,.T.);
#1800=ORIENTED_EDGE('',*,*,#1337,.T.);
#1801=ORIENTED_EDGE('',*,*,#1121,.T.);
#1802=ORIENTED_EDGE('',*,*,#1338,.T.);
#1803=ORIENTED_EDGE('',*,*,#1337,.F.);
#1804=ORIENTED_EDGE('',*,*,#1213,.F.);
#1805=ORIENTED_EDGE('',*,*,#1339,.F.);
#1806=ORIENTED_EDGE('',*,*,#1122,.F.);
#1807=ORIENTED_EDGE('',*,*,#1212,.T.);
#1808=ORIENTED_EDGE('',*,*,#1340,.T.);
#1809=ORIENTED_EDGE('',*,*,#1123,.T.);
#1810=ORIENTED_EDGE('',*,*,#1339,.T.);
#1811=ORIENTED_EDGE('',*,*,#1119,.F.);
#1812=ORIENTED_EDGE('',*,*,#1336,.F.);
#1813=ORIENTED_EDGE('',*,*,#1216,.F.);
#1814=ORIENTED_EDGE('',*,*,#1341,.T.);
#1815=ORIENTED_EDGE('',*,*,#1338,.F.);
#1816=ORIENTED_EDGE('',*,*,#1120,.F.);
#1817=ORIENTED_EDGE('',*,*,#1341,.F.);
#1818=ORIENTED_EDGE('',*,*,#1215,.F.);
#1819=ORIENTED_EDGE('',*,*,#1342,.F.);
#1820=ORIENTED_EDGE('',*,*,#1343,.T.);
#1821=ORIENTED_EDGE('',*,*,#1231,.F.);
#1822=ORIENTED_EDGE('',*,*,#1343,.F.);
#1823=ORIENTED_EDGE('',*,*,#1344,.F.);
#1824=ORIENTED_EDGE('',*,*,#1345,.T.);
#1825=ORIENTED_EDGE('',*,*,#1232,.F.);
#1826=ORIENTED_EDGE('',*,*,#1345,.F.);
#1827=ORIENTED_EDGE('',*,*,#1346,.F.);
#1828=ORIENTED_EDGE('',*,*,#1347,.T.);
#1829=ORIENTED_EDGE('',*,*,#1233,.F.);
#1830=ORIENTED_EDGE('',*,*,#1347,.F.);
#1831=ORIENTED_EDGE('',*,*,#1186,.F.);
#1832=ORIENTED_EDGE('',*,*,#1348,.T.);
#1833=ORIENTED_EDGE('',*,*,#1349,.T.);
#1834=ORIENTED_EDGE('',*,*,#1348,.F.);
#1835=ORIENTED_EDGE('',*,*,#1349,.F.);
#1836=ORIENTED_EDGE('',*,*,#1350,.F.);
#1837=ORIENTED_EDGE('',*,*,#1185,.F.);
#1838=ORIENTED_EDGE('',*,*,#1351,.T.);
#1839=ORIENTED_EDGE('',*,*,#1352,.T.);
#1840=ORIENTED_EDGE('',*,*,#1351,.F.);
#1841=ORIENTED_EDGE('',*,*,#1352,.F.);
#1842=ORIENTED_EDGE('',*,*,#1353,.F.);
#1843=ORIENTED_EDGE('',*,*,#1184,.F.);
#1844=ORIENTED_EDGE('',*,*,#1354,.T.);
#1845=ORIENTED_EDGE('',*,*,#1355,.T.);
#1846=ORIENTED_EDGE('',*,*,#1354,.F.);
#1847=ORIENTED_EDGE('',*,*,#1355,.F.);
#1848=ORIENTED_EDGE('',*,*,#1356,.F.);
#1849=ORIENTED_EDGE('',*,*,#1183,.F.);
#1850=ORIENTED_EDGE('',*,*,#1357,.T.);
#1851=ORIENTED_EDGE('',*,*,#1358,.T.);
#1852=ORIENTED_EDGE('',*,*,#1357,.F.);
#1853=ORIENTED_EDGE('',*,*,#1358,.F.);
#1854=ORIENTED_EDGE('',*,*,#1359,.F.);
#1855=ORIENTED_EDGE('',*,*,#1250,.F.);
#1856=ORIENTED_EDGE('',*,*,#1360,.T.);
#1857=ORIENTED_EDGE('',*,*,#1353,.T.);
#1858=ORIENTED_EDGE('',*,*,#1360,.F.);
#1859=ORIENTED_EDGE('',*,*,#1249,.F.);
#1860=ORIENTED_EDGE('',*,*,#1361,.T.);
#1861=ORIENTED_EDGE('',*,*,#1350,.T.);
#1862=ORIENTED_EDGE('',*,*,#1361,.F.);
#1863=ORIENTED_EDGE('',*,*,#1248,.F.);
#1864=ORIENTED_EDGE('',*,*,#1362,.T.);
#1865=ORIENTED_EDGE('',*,*,#1356,.T.);
#1866=ORIENTED_EDGE('',*,*,#1362,.F.);
#1867=ORIENTED_EDGE('',*,*,#1359,.T.);
#1868=ORIENTED_EDGE('',*,*,#1363,.T.);
#1869=ORIENTED_EDGE('',*,*,#1247,.T.);
#1870=ORIENTED_EDGE('',*,*,#1363,.F.);
#1871=ORIENTED_EDGE('',*,*,#1115,.F.);
#1872=ORIENTED_EDGE('',*,*,#1364,.T.);
#1873=ORIENTED_EDGE('',*,*,#1220,.T.);
#1874=ORIENTED_EDGE('',*,*,#1365,.T.);
#1875=ORIENTED_EDGE('',*,*,#1334,.F.);
#1876=ORIENTED_EDGE('',*,*,#1116,.T.);
#1877=ORIENTED_EDGE('',*,*,#1365,.F.);
#1878=ORIENTED_EDGE('',*,*,#1219,.T.);
#1879=ORIENTED_EDGE('',*,*,#1210,.T.);
#1880=ORIENTED_EDGE('',*,*,#1366,.T.);
#1881=ORIENTED_EDGE('',*,*,#1125,.T.);
#1882=ORIENTED_EDGE('',*,*,#1367,.T.);
#1883=ORIENTED_EDGE('',*,*,#1366,.F.);
#1884=ORIENTED_EDGE('',*,*,#1209,.F.);
#1885=ORIENTED_EDGE('',*,*,#1194,.T.);
#1886=ORIENTED_EDGE('',*,*,#1126,.T.);
#1887=ORIENTED_EDGE('',*,*,#1364,.F.);
#1888=ORIENTED_EDGE('',*,*,#1114,.T.);
#1889=ORIENTED_EDGE('',*,*,#1200,.F.);
#1890=ORIENTED_EDGE('',*,*,#1221,.F.);
#1891=ORIENTED_EDGE('',*,*,#1225,.F.);
#1892=ORIENTED_EDGE('',*,*,#1368,.T.);
#1893=ORIENTED_EDGE('',*,*,#1138,.F.);
#1894=ORIENTED_EDGE('',*,*,#1368,.F.);
#1895=ORIENTED_EDGE('',*,*,#1234,.F.);
#1896=ORIENTED_EDGE('',*,*,#1369,.T.);
#1897=ORIENTED_EDGE('',*,*,#1149,.F.);
#1898=ORIENTED_EDGE('',*,*,#1369,.F.);
#1899=ORIENTED_EDGE('',*,*,#1226,.F.);
#1900=ORIENTED_EDGE('',*,*,#1370,.T.);
#1901=ORIENTED_EDGE('',*,*,#1137,.F.);
#1902=ORIENTED_EDGE('',*,*,#1370,.F.);
#1903=ORIENTED_EDGE('',*,*,#1235,.F.);
#1904=ORIENTED_EDGE('',*,*,#1371,.T.);
#1905=ORIENTED_EDGE('',*,*,#1150,.F.);
#1906=ORIENTED_EDGE('',*,*,#1371,.F.);
#1907=ORIENTED_EDGE('',*,*,#1372,.T.);
#1908=ORIENTED_EDGE('',*,*,#1373,.T.);
#1909=ORIENTED_EDGE('',*,*,#1169,.F.);
#1910=ORIENTED_EDGE('',*,*,#1373,.F.);
#1911=ORIENTED_EDGE('',*,*,#1374,.T.);
#1912=ORIENTED_EDGE('',*,*,#1375,.T.);
#1913=ORIENTED_EDGE('',*,*,#1170,.F.);
#1914=ORIENTED_EDGE('',*,*,#1375,.F.);
#1915=ORIENTED_EDGE('',*,*,#1376,.T.);
#1916=ORIENTED_EDGE('',*,*,#1377,.T.);
#1917=ORIENTED_EDGE('',*,*,#1171,.F.);
#1918=ORIENTED_EDGE('',*,*,#1377,.F.);
#1919=ORIENTED_EDGE('',*,*,#1342,.T.);
#1920=ORIENTED_EDGE('',*,*,#1374,.F.);
#1921=ORIENTED_EDGE('',*,*,#1344,.T.);
#1922=ORIENTED_EDGE('',*,*,#1372,.F.);
#1923=ORIENTED_EDGE('',*,*,#1346,.T.);
#1924=ORIENTED_EDGE('',*,*,#1376,.F.);
#1925=ORIENTED_EDGE('',*,*,#1340,.F.);
#1926=ORIENTED_EDGE('',*,*,#1211,.T.);
#1927=ORIENTED_EDGE('',*,*,#1367,.F.);
#1928=ORIENTED_EDGE('',*,*,#1124,.F.);
#1929=ORIENTED_EDGE('',*,*,#1236,.F.);
#1930=ORIENTED_EDGE('',*,*,#1378,.T.);
#1931=ORIENTED_EDGE('',*,*,#1172,.F.);
#1932=ORIENTED_EDGE('',*,*,#1378,.F.);
#1933=ORIENTED_EDGE('',*,*,#1174,.F.);
#1934=ORIENTED_EDGE('',*,*,#1379,.F.);
#1935=ORIENTED_EDGE('',*,*,#1238,.F.);
#1936=ORIENTED_EDGE('',*,*,#1380,.T.);
#1937=ORIENTED_EDGE('',*,*,#1173,.F.);
#1938=ORIENTED_EDGE('',*,*,#1381,.F.);
#1939=ORIENTED_EDGE('',*,*,#1239,.F.);
#1940=ORIENTED_EDGE('',*,*,#1379,.T.);
#1941=ORIENTED_EDGE('',*,*,#1182,.F.);
#1942=ORIENTED_EDGE('',*,*,#1382,.F.);
#1943=ORIENTED_EDGE('',*,*,#1240,.F.);
#1944=ORIENTED_EDGE('',*,*,#1381,.T.);
#1945=ORIENTED_EDGE('',*,*,#1181,.F.);
#1946=ORIENTED_EDGE('',*,*,#1383,.F.);
#1947=ORIENTED_EDGE('',*,*,#1241,.F.);
#1948=ORIENTED_EDGE('',*,*,#1382,.T.);
#1949=ORIENTED_EDGE('',*,*,#1180,.F.);
#1950=ORIENTED_EDGE('',*,*,#1384,.F.);
#1951=ORIENTED_EDGE('',*,*,#1242,.F.);
#1952=ORIENTED_EDGE('',*,*,#1383,.T.);
#1953=ORIENTED_EDGE('',*,*,#1179,.F.);
#1954=ORIENTED_EDGE('',*,*,#1385,.F.);
#1955=ORIENTED_EDGE('',*,*,#1243,.F.);
#1956=ORIENTED_EDGE('',*,*,#1384,.T.);
#1957=ORIENTED_EDGE('',*,*,#1178,.F.);
#1958=ORIENTED_EDGE('',*,*,#1386,.F.);
#1959=ORIENTED_EDGE('',*,*,#1244,.F.);
#1960=ORIENTED_EDGE('',*,*,#1385,.T.);
#1961=ORIENTED_EDGE('',*,*,#1177,.F.);
#1962=ORIENTED_EDGE('',*,*,#1387,.F.);
#1963=ORIENTED_EDGE('',*,*,#1245,.F.);
#1964=ORIENTED_EDGE('',*,*,#1386,.T.);
#1965=ORIENTED_EDGE('',*,*,#1176,.F.);
#1966=ORIENTED_EDGE('',*,*,#1388,.F.);
#1967=ORIENTED_EDGE('',*,*,#1246,.F.);
#1968=ORIENTED_EDGE('',*,*,#1387,.T.);
#1969=ORIENTED_EDGE('',*,*,#1175,.F.);
#1970=ORIENTED_EDGE('',*,*,#1380,.F.);
#1971=ORIENTED_EDGE('',*,*,#1237,.F.);
#1972=ORIENTED_EDGE('',*,*,#1388,.T.);
#1973=ORIENTED_EDGE('',*,*,#1167,.F.);
#1974=ORIENTED_EDGE('',*,*,#1389,.F.);
#1975=ORIENTED_EDGE('',*,*,#1255,.F.);
#1976=ORIENTED_EDGE('',*,*,#1293,.T.);
#1977=ORIENTED_EDGE('',*,*,#1166,.F.);
#1978=ORIENTED_EDGE('',*,*,#1390,.F.);
#1979=ORIENTED_EDGE('',*,*,#1256,.F.);
#1980=ORIENTED_EDGE('',*,*,#1389,.T.);
#1981=ORIENTED_EDGE('',*,*,#1165,.F.);
#1982=ORIENTED_EDGE('',*,*,#1391,.F.);
#1983=ORIENTED_EDGE('',*,*,#1257,.F.);
#1984=ORIENTED_EDGE('',*,*,#1390,.T.);
#1985=ORIENTED_EDGE('',*,*,#1164,.F.);
#1986=ORIENTED_EDGE('',*,*,#1392,.F.);
#1987=ORIENTED_EDGE('',*,*,#1258,.F.);
#1988=ORIENTED_EDGE('',*,*,#1391,.T.);
#1989=ORIENTED_EDGE('',*,*,#1163,.F.);
#1990=ORIENTED_EDGE('',*,*,#1393,.F.);
#1991=ORIENTED_EDGE('',*,*,#1259,.F.);
#1992=ORIENTED_EDGE('',*,*,#1392,.T.);
#1993=ORIENTED_EDGE('',*,*,#1162,.F.);
#1994=ORIENTED_EDGE('',*,*,#1394,.F.);
#1995=ORIENTED_EDGE('',*,*,#1260,.F.);
#1996=ORIENTED_EDGE('',*,*,#1393,.T.);
#1997=ORIENTED_EDGE('',*,*,#1292,.T.);
#1998=ORIENTED_EDGE('',*,*,#1261,.F.);
#1999=ORIENTED_EDGE('',*,*,#1394,.T.);
#2000=ORIENTED_EDGE('',*,*,#1161,.F.);
#2001=CYLINDRICAL_SURFACE('',#2202,4.);
#2002=CYLINDRICAL_SURFACE('',#2205,4.99999999999998);
#2003=CYLINDRICAL_SURFACE('',#2208,4.);
#2004=CYLINDRICAL_SURFACE('',#2212,4.99999999999999);
#2005=CYLINDRICAL_SURFACE('',#2267,5.);
#2006=CYLINDRICAL_SURFACE('',#2270,5.);
#2007=CYLINDRICAL_SURFACE('',#2273,5.);
#2008=CYLINDRICAL_SURFACE('',#2324,5.);
#2009=CYLINDRICAL_SURFACE('',#2327,5.);
#2010=CYLINDRICAL_SURFACE('',#2328,5.);
#2011=CYLINDRICAL_SURFACE('',#2330,5.24991674950871);
#2012=CYLINDRICAL_SURFACE('',#2332,3.99999687241095);
#2013=CYLINDRICAL_SURFACE('',#2335,4.00000030595334);
#2014=CYLINDRICAL_SURFACE('',#2337,5.24991662823723);
#2015=CYLINDRICAL_SURFACE('',#2339,5.24991662823723);
#2016=CYLINDRICAL_SURFACE('',#2340,5.);
#2017=CYLINDRICAL_SURFACE('',#2342,5.);
#2018=CYLINDRICAL_SURFACE('',#2344,5.);
#2019=CYLINDRICAL_SURFACE('',#2346,5.);
#2020=CYLINDRICAL_SURFACE('',#2348,1.5);
#2021=CYLINDRICAL_SURFACE('',#2350,1.5);
#2022=CYLINDRICAL_SURFACE('',#2352,2.75);
#2023=CYLINDRICAL_SURFACE('',#2355,2.75);
#2024=CYLINDRICAL_SURFACE('',#2358,2.75);
#2025=CYLINDRICAL_SURFACE('',#2362,2.75);
#2026=CYLINDRICAL_SURFACE('',#2366,1.5);
#2027=CYLINDRICAL_SURFACE('',#2367,1.5);
#2028=CYLINDRICAL_SURFACE('',#2368,2.75);
#2029=CYLINDRICAL_SURFACE('',#2372,2.75);
#2030=CYLINDRICAL_SURFACE('',#2376,2.75);
#2031=CYLINDRICAL_SURFACE('',#2380,2.74999999999999);
#2032=CYLINDRICAL_SURFACE('',#2384,1.5);
#2033=CYLINDRICAL_SURFACE('',#2385,1.5);
#2034=CYLINDRICAL_SURFACE('',#2386,1.5);
#2035=CYLINDRICAL_SURFACE('',#2387,1.5);
#2036=CYLINDRICAL_SURFACE('',#2388,4.);
#2037=CYLINDRICAL_SURFACE('',#2390,4.);
#2038=CYLINDRICAL_SURFACE('',#2392,4.);
#2039=CYLINDRICAL_SURFACE('',#2393,3.23936883153596);
#2040=CYLINDRICAL_SURFACE('',#2395,3.1);
#2041=CYLINDRICAL_SURFACE('',#2397,3.1);
#2042=CYLINDRICAL_SURFACE('',#2399,3.1);
#2043=CYLINDRICAL_SURFACE('',#2401,2.15);
#2044=CYLINDRICAL_SURFACE('',#2405,2.15);
#2045=CYLINDRICAL_SURFACE('',#2409,2.15);
#2046=CYLINDRICAL_SURFACE('',#2413,2.15);
#2047=CYLINDRICAL_SURFACE('',#2417,1.15);
#2048=CYLINDRICAL_SURFACE('',#2418,1.15);
#2049=CYLINDRICAL_SURFACE('',#2419,1.15);
#2050=CYLINDRICAL_SURFACE('',#2420,1.15);
#2051=CYLINDRICAL_SURFACE('',#2421,5.);
#2052=CYLINDRICAL_SURFACE('',#2423,5.);
#2053=CYLINDRICAL_SURFACE('',#2424,5.40000000000006);
#2054=CYLINDRICAL_SURFACE('',#2425,5.40000000000006);
#2055=CYLINDRICAL_SURFACE('',#2426,1.25);
#2056=CYLINDRICAL_SURFACE('',#2427,1.25);
#2057=CYLINDRICAL_SURFACE('',#2428,1.25);
#2058=CYLINDRICAL_SURFACE('',#2429,1.25);
#2059=CYLINDRICAL_SURFACE('',#2430,1.5);
#2060=CYLINDRICAL_SURFACE('',#2432,1.5);
#2061=CYLINDRICAL_SURFACE('',#2434,1.5);
#2062=CYLINDRICAL_SURFACE('',#2440,10.);
#2063=CYLINDRICAL_SURFACE('',#2441,6.00000065336375);
#2064=CYLINDRICAL_SURFACE('',#2443,6.00000065336377);
#2065=CYLINDRICAL_SURFACE('',#2446,6.0000006533638);
#2066=CYLINDRICAL_SURFACE('',#2448,6.00000065336375);
#2067=CYLINDRICAL_SURFACE('',#2452,4.00000081185769);
#2068=CYLINDRICAL_SURFACE('',#2455,4.00000030595334);
#2069=CYLINDRICAL_SURFACE('',#2457,5.24991662823723);
#2070=ADVANCED_FACE('',(#125),#2001,.F.);
#2071=ADVANCED_FACE('',(#126),#2002,.T.);
#2072=ADVANCED_FACE('',(#127),#2003,.F.);
#2073=ADVANCED_FACE('',(#128),#76,.F.);
#2074=ADVANCED_FACE('',(#129),#2004,.T.);
#2075=ADVANCED_FACE('',(#130,#15,#16,#17,#18,#19,#20,#21,#22,#23,#24,#25,
#26,#27,#28,#29,#30,#31,#32,#33,#34,#35,#36,#37),#77,.F.);
#2076=ADVANCED_FACE('',(#131),#78,.T.);
#2077=ADVANCED_FACE('',(#132),#2005,.F.);
#2078=ADVANCED_FACE('',(#133),#79,.T.);
#2079=ADVANCED_FACE('',(#134),#2006,.F.);
#2080=ADVANCED_FACE('',(#135),#80,.T.);
#2081=ADVANCED_FACE('',(#136),#2007,.T.);
#2082=ADVANCED_FACE('',(#137),#81,.T.);
#2083=ADVANCED_FACE('',(#138,#38,#39,#40,#41,#42,#43,#44,#45,#46,#47,#48,
#49,#50,#51,#52,#53,#54,#55,#56,#57,#58,#59,#60),#82,.T.);
#2084=ADVANCED_FACE('',(#139),#2008,.T.);
#2085=ADVANCED_FACE('',(#140),#83,.T.);
#2086=ADVANCED_FACE('',(#141),#84,.T.);
#2087=ADVANCED_FACE('',(#142),#2009,.T.);
#2088=ADVANCED_FACE('',(#143),#2010,.T.);
#2089=ADVANCED_FACE('',(#144),#85,.F.);
#2090=ADVANCED_FACE('',(#145),#2011,.F.);
#2091=ADVANCED_FACE('',(#146),#86,.F.);
#2092=ADVANCED_FACE('',(#147),#2012,.F.);
#2093=ADVANCED_FACE('',(#148),#87,.F.);
#2094=ADVANCED_FACE('',(#149),#88,.F.);
#2095=ADVANCED_FACE('',(#150),#2013,.F.);
#2096=ADVANCED_FACE('',(#151),#89,.F.);
#2097=ADVANCED_FACE('',(#152),#2014,.F.);
#2098=ADVANCED_FACE('',(#153),#90,.F.);
#2099=ADVANCED_FACE('',(#154),#2015,.F.);
#2100=ADVANCED_FACE('',(#155),#2016,.F.);
#2101=ADVANCED_FACE('',(#156),#91,.F.);
#2102=ADVANCED_FACE('',(#157),#2017,.F.);
#2103=ADVANCED_FACE('',(#158),#92,.F.);
#2104=ADVANCED_FACE('',(#159),#2018,.F.);
#2105=ADVANCED_FACE('',(#160),#93,.F.);
#2106=ADVANCED_FACE('',(#161),#2019,.F.);
#2107=ADVANCED_FACE('',(#162),#94,.F.);
#2108=ADVANCED_FACE('',(#163),#2020,.F.);
#2109=ADVANCED_FACE('',(#164),#2021,.F.);
#2110=ADVANCED_FACE('',(#165),#2022,.F.);
#2111=ADVANCED_FACE('',(#166,#61),#95,.T.);
#2112=ADVANCED_FACE('',(#167),#2023,.F.);
#2113=ADVANCED_FACE('',(#168,#62),#96,.T.);
#2114=ADVANCED_FACE('',(#169),#2024,.F.);
#2115=ADVANCED_FACE('',(#170,#63),#97,.T.);
#2116=ADVANCED_FACE('',(#171),#2025,.F.);
#2117=ADVANCED_FACE('',(#172,#64),#98,.T.);
#2118=ADVANCED_FACE('',(#173),#2026,.F.);
#2119=ADVANCED_FACE('',(#174),#2027,.F.);
#2120=ADVANCED_FACE('',(#175),#2028,.F.);
#2121=ADVANCED_FACE('',(#176,#65),#99,.T.);
#2122=ADVANCED_FACE('',(#177),#2029,.F.);
#2123=ADVANCED_FACE('',(#178,#66),#100,.T.);
#2124=ADVANCED_FACE('',(#179),#2030,.F.);
#2125=ADVANCED_FACE('',(#180,#67),#101,.T.);
#2126=ADVANCED_FACE('',(#181),#2031,.F.);
#2127=ADVANCED_FACE('',(#182,#68),#102,.T.);
#2128=ADVANCED_FACE('',(#183),#2032,.F.);
#2129=ADVANCED_FACE('',(#184),#2033,.F.);
#2130=ADVANCED_FACE('',(#185),#2034,.F.);
#2131=ADVANCED_FACE('',(#186),#2035,.F.);
#2132=ADVANCED_FACE('',(#187),#2036,.T.);
#2133=ADVANCED_FACE('',(#188),#103,.F.);
#2134=ADVANCED_FACE('',(#189),#2037,.F.);
#2135=ADVANCED_FACE('',(#190),#104,.F.);
#2136=ADVANCED_FACE('',(#191),#2038,.T.);
#2137=ADVANCED_FACE('',(#192),#2039,.T.);
#2138=ADVANCED_FACE('',(#193),#105,.F.);
#2139=ADVANCED_FACE('',(#194),#2040,.F.);
#2140=ADVANCED_FACE('',(#195),#2041,.F.);
#2141=ADVANCED_FACE('',(#196),#2042,.F.);
#2142=ADVANCED_FACE('',(#197),#2043,.F.);
#2143=ADVANCED_FACE('',(#198,#69),#106,.T.);
#2144=ADVANCED_FACE('',(#199),#2044,.F.);
#2145=ADVANCED_FACE('',(#200,#70),#107,.T.);
#2146=ADVANCED_FACE('',(#201),#2045,.F.);
#2147=ADVANCED_FACE('',(#202,#71),#108,.T.);
#2148=ADVANCED_FACE('',(#203),#2046,.F.);
#2149=ADVANCED_FACE('',(#204,#72),#109,.T.);
#2150=ADVANCED_FACE('',(#205),#2047,.F.);
#2151=ADVANCED_FACE('',(#206),#2048,.F.);
#2152=ADVANCED_FACE('',(#207),#2049,.F.);
#2153=ADVANCED_FACE('',(#208),#2050,.F.);
#2154=ADVANCED_FACE('',(#209),#2051,.F.);
#2155=ADVANCED_FACE('',(#210),#110,.T.);
#2156=ADVANCED_FACE('',(#211),#2052,.F.);
#2157=ADVANCED_FACE('',(#212),#2053,.T.);
#2158=ADVANCED_FACE('',(#213),#2054,.T.);
#2159=ADVANCED_FACE('',(#214),#2055,.F.);
#2160=ADVANCED_FACE('',(#215),#2056,.F.);
#2161=ADVANCED_FACE('',(#216),#2057,.F.);
#2162=ADVANCED_FACE('',(#217),#2058,.F.);
#2163=ADVANCED_FACE('',(#218),#2059,.F.);
#2164=ADVANCED_FACE('',(#219),#2060,.F.);
#2165=ADVANCED_FACE('',(#220),#2061,.F.);
#2166=ADVANCED_FACE('',(#221,#73),#111,.T.);
#2167=ADVANCED_FACE('',(#222,#74),#112,.T.);
#2168=ADVANCED_FACE('',(#223,#75),#113,.T.);
#2169=ADVANCED_FACE('',(#224),#114,.T.);
#2170=ADVANCED_FACE('',(#225),#2062,.F.);
#2171=ADVANCED_FACE('',(#226),#2063,.F.);
#2172=ADVANCED_FACE('',(#227),#115,.F.);
#2173=ADVANCED_FACE('',(#228),#2064,.F.);
#2174=ADVANCED_FACE('',(#229),#116,.F.);
#2175=ADVANCED_FACE('',(#230),#117,.F.);
#2176=ADVANCED_FACE('',(#231),#2065,.F.);
#2177=ADVANCED_FACE('',(#232),#118,.F.);
#2178=ADVANCED_FACE('',(#233),#2066,.F.);
#2179=ADVANCED_FACE('',(#234),#119,.F.);
#2180=ADVANCED_FACE('',(#235),#120,.F.);
#2181=ADVANCED_FACE('',(#236),#121,.F.);
#2182=ADVANCED_FACE('',(#237),#2067,.F.);
#2183=ADVANCED_FACE('',(#238),#122,.F.);
#2184=ADVANCED_FACE('',(#239),#123,.F.);
#2185=ADVANCED_FACE('',(#240),#2068,.F.);
#2186=ADVANCED_FACE('',(#241),#124,.F.);
#2187=ADVANCED_FACE('',(#242),#2069,.F.);
#2188=CLOSED_SHELL('',(#2070,#2071,#2072,#2073,#2074,#2075,#2076,#2077,
#2078,#2079,#2080,#2081,#2082,#2083,#2084,#2085,#2086,#2087,#2088,#2089,
#2090,#2091,#2092,#2093,#2094,#2095,#2096,#2097,#2098,#2099,#2100,#2101,
#2102,#2103,#2104,#2105,#2106,#2107,#2108,#2109,#2110,#2111,#2112,#2113,
#2114,#2115,#2116,#2117,#2118,#2119,#2120,#2121,#2122,#2123,#2124,#2125,
#2126,#2127,#2128,#2129,#2130,#2131,#2132,#2133,#2134,#2135,#2136,#2137,
#2138,#2139,#2140,#2141,#2142,#2143,#2144,#2145,#2146,#2147,#2148,#2149,
#2150,#2151,#2152,#2153,#2154,#2155,#2156,#2157,#2158,#2159,#2160,#2161,
#2162,#2163,#2164,#2165,#2166,#2167,#2168,#2169,#2170,#2171,#2172,#2173,
#2174,#2175,#2176,#2177,#2178,#2179,#2180,#2181,#2182,#2183,#2184,#2185,
#2186,#2187));
#2189=DERIVED_UNIT_ELEMENT(#2191,1.);
#2190=DERIVED_UNIT_ELEMENT(#3766,-3.);
#2191=(
MASS_UNIT()
NAMED_UNIT(*)
SI_UNIT(.KILO.,.GRAM.)
);
#2192=DERIVED_UNIT((#2189,#2190));
#2193=MEASURE_REPRESENTATION_ITEM('density measure',
POSITIVE_RATIO_MEASURE(7850.),#2192);
#2194=PROPERTY_DEFINITION_REPRESENTATION(#2199,#2196);
#2195=PROPERTY_DEFINITION_REPRESENTATION(#2200,#2197);
#2196=REPRESENTATION('material name',(#2198),#3763);
#2197=REPRESENTATION('density',(#2193),#3763);
#2198=DESCRIPTIVE_REPRESENTATION_ITEM('\X2\94A2\X0\','\X2\94A2\X0\');
#2199=PROPERTY_DEFINITION('material property','material name',#3773);
#2200=PROPERTY_DEFINITION('material property','density of part',#3773);
#2201=AXIS2_PLACEMENT_3D('',#3137,#2458,#2459);
#2202=AXIS2_PLACEMENT_3D('',#3138,#2460,#2461);
#2203=AXIS2_PLACEMENT_3D('',#3141,#2462,#2463);
#2204=AXIS2_PLACEMENT_3D('',#3145,#2465,#2466);
#2205=AXIS2_PLACEMENT_3D('',#3147,#2468,#2469);
#2206=AXIS2_PLACEMENT_3D('',#3149,#2470,#2471);
#2207=AXIS2_PLACEMENT_3D('',#3152,#2473,#2474);
#2208=AXIS2_PLACEMENT_3D('',#3153,#2475,#2476);
#2209=AXIS2_PLACEMENT_3D('',#3156,#2477,#2478);
#2210=AXIS2_PLACEMENT_3D('',#3160,#2480,#2481);
#2211=AXIS2_PLACEMENT_3D('',#3162,#2483,#2484);
#2212=AXIS2_PLACEMENT_3D('',#3165,#2487,#2488);
#2213=AXIS2_PLACEMENT_3D('',#3167,#2489,#2490);
#2214=AXIS2_PLACEMENT_3D('',#3170,#2492,#2493);
#2215=AXIS2_PLACEMENT_3D('',#3171,#2494,#2495);
#2216=AXIS2_PLACEMENT_3D('',#3175,#2497,#2498);
#2217=AXIS2_PLACEMENT_3D('',#3179,#2500,#2501);
#2218=AXIS2_PLACEMENT_3D('',#3181,#2502,#2503);
#2219=AXIS2_PLACEMENT_3D('',#3185,#2505,#2506);
#2220=AXIS2_PLACEMENT_3D('',#3187,#2507,#2508);
#2221=AXIS2_PLACEMENT_3D('',#3191,#2510,#2511);
#2222=AXIS2_PLACEMENT_3D('',#3195,#2513,#2514);
#2223=AXIS2_PLACEMENT_3D('',#3199,#2516,#2517);
#2224=AXIS2_PLACEMENT_3D('',#3203,#2519,#2520);
#2225=AXIS2_PLACEMENT_3D('',#3207,#2522,#2523);
#2226=AXIS2_PLACEMENT_3D('',#3209,#2524,#2525);
#2227=AXIS2_PLACEMENT_3D('',#3213,#2527,#2528);
#2228=AXIS2_PLACEMENT_3D('',#3215,#2529,#2530);
#2229=AXIS2_PLACEMENT_3D('',#3219,#2532,#2533);
#2230=AXIS2_PLACEMENT_3D('',#3222,#2535,#2536);
#2231=AXIS2_PLACEMENT_3D('',#3224,#2537,#2538);
#2232=AXIS2_PLACEMENT_3D('',#3226,#2539,#2540);
#2233=AXIS2_PLACEMENT_3D('',#3228,#2541,#2542);
#2234=AXIS2_PLACEMENT_3D('',#3230,#2543,#2544);
#2235=AXIS2_PLACEMENT_3D('',#3232,#2545,#2546);
#2236=AXIS2_PLACEMENT_3D('',#3234,#2547,#2548);
#2237=AXIS2_PLACEMENT_3D('',#3236,#2549,#2550);
#2238=AXIS2_PLACEMENT_3D('',#3239,#2551,#2552);
#2239=AXIS2_PLACEMENT_3D('',#3243,#2554,#2555);
#2240=AXIS2_PLACEMENT_3D('',#3247,#2557,#2558);
#2241=AXIS2_PLACEMENT_3D('',#3251,#2560,#2561);
#2242=AXIS2_PLACEMENT_3D('',#3254,#2563,#2564);
#2243=AXIS2_PLACEMENT_3D('',#3256,#2565,#2566);
#2244=AXIS2_PLACEMENT_3D('',#3261,#2568,#2569);
#2245=AXIS2_PLACEMENT_3D('',#3265,#2571,#2572);
#2246=AXIS2_PLACEMENT_3D('',#3271,#2575,#2576);
#2247=AXIS2_PLACEMENT_3D('',#3275,#2578,#2579);
#2248=AXIS2_PLACEMENT_3D('',#3279,#2581,#2582);
#2249=AXIS2_PLACEMENT_3D('',#3283,#2584,#2585);
#2250=AXIS2_PLACEMENT_3D('',#3289,#2588,#2589);
#2251=AXIS2_PLACEMENT_3D('',#3292,#2591,#2592);
#2252=AXIS2_PLACEMENT_3D('',#3294,#2593,#2594);
#2253=AXIS2_PLACEMENT_3D('',#3296,#2595,#2596);
#2254=AXIS2_PLACEMENT_3D('',#3298,#2597,#2598);
#2255=AXIS2_PLACEMENT_3D('',#3300,#2599,#2600);
#2256=AXIS2_PLACEMENT_3D('',#3305,#2602,#2603);
#2257=AXIS2_PLACEMENT_3D('',#3311,#2606,#2607);
#2258=AXIS2_PLACEMENT_3D('',#3315,#2609,#2610);
#2259=AXIS2_PLACEMENT_3D('',#3320,#2613,#2614);
#2260=AXIS2_PLACEMENT_3D('',#3322,#2615,#2616);
#2261=AXIS2_PLACEMENT_3D('',#3324,#2617,#2618);
#2262=AXIS2_PLACEMENT_3D('',#3326,#2619,#2620);
#2263=AXIS2_PLACEMENT_3D('',#3328,#2621,#2622);
#2264=AXIS2_PLACEMENT_3D('',#3330,#2623,#2624);
#2265=AXIS2_PLACEMENT_3D('',#3332,#2625,#2626);
#2266=AXIS2_PLACEMENT_3D('',#3333,#2627,#2628);
#2267=AXIS2_PLACEMENT_3D('',#3337,#2631,#2632);
#2268=AXIS2_PLACEMENT_3D('',#3340,#2633,#2634);
#2269=AXIS2_PLACEMENT_3D('',#3343,#2637,#2638);
#2270=AXIS2_PLACEMENT_3D('',#3347,#2641,#2642);
#2271=AXIS2_PLACEMENT_3D('',#3351,#2644,#2645);
#2272=AXIS2_PLACEMENT_3D('',#3353,#2647,#2648);
#2273=AXIS2_PLACEMENT_3D('',#3357,#2651,#2652);
#2274=AXIS2_PLACEMENT_3D('',#3359,#2653,#2654);
#2275=AXIS2_PLACEMENT_3D('',#3361,#2656,#2657);
#2276=AXIS2_PLACEMENT_3D('',#3365,#2660,#2661);
#2277=AXIS2_PLACEMENT_3D('',#3369,#2663,#2664);
#2278=AXIS2_PLACEMENT_3D('',#3372,#2666,#2667);
#2279=AXIS2_PLACEMENT_3D('',#3374,#2668,#2669);
#2280=AXIS2_PLACEMENT_3D('',#3376,#2670,#2671);
#2281=AXIS2_PLACEMENT_3D('',#3380,#2673,#2674);
#2282=AXIS2_PLACEMENT_3D('',#3384,#2676,#2677);
#2283=AXIS2_PLACEMENT_3D('',#3388,#2679,#2680);
#2284=AXIS2_PLACEMENT_3D('',#3392,#2682,#2683);
#2285=AXIS2_PLACEMENT_3D('',#3396,#2685,#2686);
#2286=AXIS2_PLACEMENT_3D('',#3397,#2687,#2688);
#2287=AXIS2_PLACEMENT_3D('',#3398,#2689,#2690);
#2288=AXIS2_PLACEMENT_3D('',#3400,#2691,#2692);
#2289=AXIS2_PLACEMENT_3D('',#3402,#2693,#2694);
#2290=AXIS2_PLACEMENT_3D('',#3404,#2695,#2696);
#2291=AXIS2_PLACEMENT_3D('',#3406,#2697,#2698);
#2292=AXIS2_PLACEMENT_3D('',#3408,#2699,#2700);
#2293=AXIS2_PLACEMENT_3D('',#3410,#2701,#2702);
#2294=AXIS2_PLACEMENT_3D('',#3412,#2703,#2704);
#2295=AXIS2_PLACEMENT_3D('',#3414,#2705,#2706);
#2296=AXIS2_PLACEMENT_3D('',#3416,#2707,#2708);
#2297=AXIS2_PLACEMENT_3D('',#3418,#2709,#2710);
#2298=AXIS2_PLACEMENT_3D('',#3420,#2711,#2712);
#2299=AXIS2_PLACEMENT_3D('',#3422,#2713,#2714);
#2300=AXIS2_PLACEMENT_3D('',#3424,#2715,#2716);
#2301=AXIS2_PLACEMENT_3D('',#3426,#2717,#2718);
#2302=AXIS2_PLACEMENT_3D('',#3431,#2720,#2721);
#2303=AXIS2_PLACEMENT_3D('',#3435,#2723,#2724);
#2304=AXIS2_PLACEMENT_3D('',#3441,#2727,#2728);
#2305=AXIS2_PLACEMENT_3D('',#3445,#2730,#2731);
#2306=AXIS2_PLACEMENT_3D('',#3448,#2733,#2734);
#2307=AXIS2_PLACEMENT_3D('',#3450,#2735,#2736);
#2308=AXIS2_PLACEMENT_3D('',#3452,#2737,#2738);
#2309=AXIS2_PLACEMENT_3D('',#3454,#2739,#2740);
#2310=AXIS2_PLACEMENT_3D('',#3456,#2741,#2742);
#2311=AXIS2_PLACEMENT_3D('',#3458,#2743,#2744);
#2312=AXIS2_PLACEMENT_3D('',#3463,#2746,#2747);
#2313=AXIS2_PLACEMENT_3D('',#3467,#2749,#2750);
#2314=AXIS2_PLACEMENT_3D('',#3473,#2753,#2754);
#2315=AXIS2_PLACEMENT_3D('',#3477,#2756,#2757);
#2316=AXIS2_PLACEMENT_3D('',#3481,#2759,#2760);
#2317=AXIS2_PLACEMENT_3D('',#3485,#2762,#2763);
#2318=AXIS2_PLACEMENT_3D('',#3491,#2766,#2767);
#2319=AXIS2_PLACEMENT_3D('',#3494,#2769,#2770);
#2320=AXIS2_PLACEMENT_3D('',#3497,#2771,#2772);
#2321=AXIS2_PLACEMENT_3D('',#3501,#2774,#2775);
#2322=AXIS2_PLACEMENT_3D('',#3505,#2777,#2778);
#2323=AXIS2_PLACEMENT_3D('',#3509,#2780,#2781);
#2324=AXIS2_PLACEMENT_3D('',#3511,#2783,#2784);
#2325=AXIS2_PLACEMENT_3D('',#3514,#2787,#2788);
#2326=AXIS2_PLACEMENT_3D('',#3516,#2790,#2791);
#2327=AXIS2_PLACEMENT_3D('',#3517,#2792,#2793);
#2328=AXIS2_PLACEMENT_3D('',#3518,#2794,#2795);
#2329=AXIS2_PLACEMENT_3D('',#3519,#2796,#2797);
#2330=AXIS2_PLACEMENT_3D('',#3522,#2800,#2801);
#2331=AXIS2_PLACEMENT_3D('',#3524,#2803,#2804);
#2332=AXIS2_PLACEMENT_3D('',#3526,#2806,#2807);
#2333=AXIS2_PLACEMENT_3D('',#3528,#2809,#2810);
#2334=AXIS2_PLACEMENT_3D('',#3530,#2812,#2813);
#2335=AXIS2_PLACEMENT_3D('',#3532,#2815,#2816);
#2336=AXIS2_PLACEMENT_3D('',#3534,#2818,#2819);
#2337=AXIS2_PLACEMENT_3D('',#3536,#2821,#2822);
#2338=AXIS2_PLACEMENT_3D('',#3538,#2824,#2825);
#2339=AXIS2_PLACEMENT_3D('',#3540,#2827,#2828);
#2340=AXIS2_PLACEMENT_3D('',#3542,#2830,#2831);
#2341=AXIS2_PLACEMENT_3D('',#3545,#2834,#2835);
#2342=AXIS2_PLACEMENT_3D('',#3547,#2837,#2838);
#2343=AXIS2_PLACEMENT_3D('',#3549,#2840,#2841);
#2344=AXIS2_PLACEMENT_3D('',#3551,#2843,#2844);
#2345=AXIS2_PLACEMENT_3D('',#3553,#2846,#2847);
#2346=AXIS2_PLACEMENT_3D('',#3555,#2849,#2850);
#2347=AXIS2_PLACEMENT_3D('',#3557,#2852,#2853);
#2348=AXIS2_PLACEMENT_3D('',#3558,#2854,#2855);
#2349=AXIS2_PLACEMENT_3D('',#3560,#2856,#2857);
#2350=AXIS2_PLACEMENT_3D('',#3562,#2859,#2860);
#2351=AXIS2_PLACEMENT_3D('',#3564,#2861,#2862);
#2352=AXIS2_PLACEMENT_3D('',#3566,#2864,#2865);
#2353=AXIS2_PLACEMENT_3D('',#3569,#2867,#2868);
#2354=AXIS2_PLACEMENT_3D('',#3570,#2869,#2870);
#2355=AXIS2_PLACEMENT_3D('',#3571,#2871,#2872);
#2356=AXIS2_PLACEMENT_3D('',#3574,#2874,#2875);
#2357=AXIS2_PLACEMENT_3D('',#3575,#2876,#2877);
#2358=AXIS2_PLACEMENT_3D('',#3576,#2878,#2879);
#2359=AXIS2_PLACEMENT_3D('',#3579,#2881,#2882);
#2360=AXIS2_PLACEMENT_3D('',#3580,#2883,#2884);
#2361=AXIS2_PLACEMENT_3D('',#3582,#2885,#2886);
#2362=AXIS2_PLACEMENT_3D('',#3583,#2887,#2888);
#2363=AXIS2_PLACEMENT_3D('',#3586,#2890,#2891);
#2364=AXIS2_PLACEMENT_3D('',#3587,#2892,#2893);
#2365=AXIS2_PLACEMENT_3D('',#3589,#2894,#2895);
#2366=AXIS2_PLACEMENT_3D('',#3590,#2896,#2897);
#2367=AXIS2_PLACEMENT_3D('',#3592,#2899,#2900);
#2368=AXIS2_PLACEMENT_3D('',#3594,#2902,#2903);
#2369=AXIS2_PLACEMENT_3D('',#3597,#2905,#2906);
#2370=AXIS2_PLACEMENT_3D('',#3598,#2907,#2908);
#2371=AXIS2_PLACEMENT_3D('',#3600,#2909,#2910);
#2372=AXIS2_PLACEMENT_3D('',#3601,#2911,#2912);
#2373=AXIS2_PLACEMENT_3D('',#3604,#2914,#2915);
#2374=AXIS2_PLACEMENT_3D('',#3605,#2916,#2917);
#2375=AXIS2_PLACEMENT_3D('',#3607,#2918,#2919);
#2376=AXIS2_PLACEMENT_3D('',#3608,#2920,#2921);
#2377=AXIS2_PLACEMENT_3D('',#3611,#2923,#2924);
#2378=AXIS2_PLACEMENT_3D('',#3612,#2925,#2926);
#2379=AXIS2_PLACEMENT_3D('',#3614,#2927,#2928);
#2380=AXIS2_PLACEMENT_3D('',#3615,#2929,#2930);
#2381=AXIS2_PLACEMENT_3D('',#3618,#2932,#2933);
#2382=AXIS2_PLACEMENT_3D('',#3619,#2934,#2935);
#2383=AXIS2_PLACEMENT_3D('',#3621,#2936,#2937);
#2384=AXIS2_PLACEMENT_3D('',#3622,#2938,#2939);
#2385=AXIS2_PLACEMENT_3D('',#3624,#2941,#2942);
#2386=AXIS2_PLACEMENT_3D('',#3626,#2944,#2945);
#2387=AXIS2_PLACEMENT_3D('',#3628,#2947,#2948);
#2388=AXIS2_PLACEMENT_3D('',#3630,#2950,#2951);
#2389=AXIS2_PLACEMENT_3D('',#3633,#2954,#2955);
#2390=AXIS2_PLACEMENT_3D('',#3635,#2957,#2958);
#2391=AXIS2_PLACEMENT_3D('',#3638,#2961,#2962);
#2392=AXIS2_PLACEMENT_3D('',#3640,#2964,#2965);
#2393=AXIS2_PLACEMENT_3D('',#3642,#2967,#2968);
#2394=AXIS2_PLACEMENT_3D('',#3644,#2970,#2971);
#2395=AXIS2_PLACEMENT_3D('',#3645,#2972,#2973);
#2396=AXIS2_PLACEMENT_3D('',#3647,#2974,#2975);
#2397=AXIS2_PLACEMENT_3D('',#3649,#2977,#2978);
#2398=AXIS2_PLACEMENT_3D('',#3651,#2979,#2980);
#2399=AXIS2_PLACEMENT_3D('',#3653,#2982,#2983);
#2400=AXIS2_PLACEMENT_3D('',#3655,#2984,#2985);
#2401=AXIS2_PLACEMENT_3D('',#3657,#2987,#2988);
#2402=AXIS2_PLACEMENT_3D('',#3660,#2990,#2991);
#2403=AXIS2_PLACEMENT_3D('',#3661,#2992,#2993);
#2404=AXIS2_PLACEMENT_3D('',#3663,#2994,#2995);
#2405=AXIS2_PLACEMENT_3D('',#3664,#2996,#2997);
#2406=AXIS2_PLACEMENT_3D('',#3667,#2999,#3000);
#2407=AXIS2_PLACEMENT_3D('',#3668,#3001,#3002);
#2408=AXIS2_PLACEMENT_3D('',#3670,#3003,#3004);
#2409=AXIS2_PLACEMENT_3D('',#3671,#3005,#3006);
#2410=AXIS2_PLACEMENT_3D('',#3674,#3008,#3009);
#2411=AXIS2_PLACEMENT_3D('',#3675,#3010,#3011);
#2412=AXIS2_PLACEMENT_3D('',#3677,#3012,#3013);
#2413=AXIS2_PLACEMENT_3D('',#3678,#3014,#3015);
#2414=AXIS2_PLACEMENT_3D('',#3681,#3017,#3018);
#2415=AXIS2_PLACEMENT_3D('',#3682,#3019,#3020);
#2416=AXIS2_PLACEMENT_3D('',#3684,#3021,#3022);
#2417=AXIS2_PLACEMENT_3D('',#3685,#3023,#3024);
#2418=AXIS2_PLACEMENT_3D('',#3687,#3026,#3027);
#2419=AXIS2_PLACEMENT_3D('',#3689,#3029,#3030);
#2420=AXIS2_PLACEMENT_3D('',#3691,#3032,#3033);
#2421=AXIS2_PLACEMENT_3D('',#3693,#3035,#3036);
#2422=AXIS2_PLACEMENT_3D('',#3696,#3039,#3040);
#2423=AXIS2_PLACEMENT_3D('',#3697,#3041,#3042);
#2424=AXIS2_PLACEMENT_3D('',#3700,#3045,#3046);
#2425=AXIS2_PLACEMENT_3D('',#3701,#3047,#3048);
#2426=AXIS2_PLACEMENT_3D('',#3702,#3049,#3050);
#2427=AXIS2_PLACEMENT_3D('',#3704,#3052,#3053);
#2428=AXIS2_PLACEMENT_3D('',#3706,#3055,#3056);
#2429=AXIS2_PLACEMENT_3D('',#3708,#3058,#3059);
#2430=AXIS2_PLACEMENT_3D('',#3710,#3061,#3062);
#2431=AXIS2_PLACEMENT_3D('',#3712,#3063,#3064);
#2432=AXIS2_PLACEMENT_3D('',#3714,#3066,#3067);
#2433=AXIS2_PLACEMENT_3D('',#3716,#3068,#3069);
#2434=AXIS2_PLACEMENT_3D('',#3718,#3071,#3072);
#2435=AXIS2_PLACEMENT_3D('',#3720,#3073,#3074);
#2436=AXIS2_PLACEMENT_3D('',#3722,#3076,#3077);
#2437=AXIS2_PLACEMENT_3D('',#3723,#3078,#3079);
#2438=AXIS2_PLACEMENT_3D('',#3724,#3080,#3081);
#2439=AXIS2_PLACEMENT_3D('',#3725,#3082,#3083);
#2440=AXIS2_PLACEMENT_3D('',#3726,#3084,#3085);
#2441=AXIS2_PLACEMENT_3D('',#3728,#3087,#3088);
#2442=AXIS2_PLACEMENT_3D('',#3731,#3091,#3092);
#2443=AXIS2_PLACEMENT_3D('',#3733,#3094,#3095);
#2444=AXIS2_PLACEMENT_3D('',#3735,#3097,#3098);
#2445=AXIS2_PLACEMENT_3D('',#3737,#3100,#3101);
#2446=AXIS2_PLACEMENT_3D('',#3739,#3103,#3104);
#2447=AXIS2_PLACEMENT_3D('',#3741,#3106,#3107);
#2448=AXIS2_PLACEMENT_3D('',#3743,#3109,#3110);
#2449=AXIS2_PLACEMENT_3D('',#3745,#3112,#3113);
#2450=AXIS2_PLACEMENT_3D('',#3747,#3115,#3116);
#2451=AXIS2_PLACEMENT_3D('',#3748,#3117,#3118);
#2452=AXIS2_PLACEMENT_3D('',#3750,#3120,#3121);
#2453=AXIS2_PLACEMENT_3D('',#3752,#3123,#3124);
#2454=AXIS2_PLACEMENT_3D('',#3754,#3126,#3127);
#2455=AXIS2_PLACEMENT_3D('',#3756,#3129,#3130);
#2456=AXIS2_PLACEMENT_3D('',#3758,#3132,#3133);
#2457=AXIS2_PLACEMENT_3D('',#3760,#3135,#3136);
#2458=DIRECTION('axis',(0.,0.,1.));
#2459=DIRECTION('refdir',(1.,0.,0.));
#2460=DIRECTION('center_axis',(0.,0.,-1.));
#2461=DIRECTION('ref_axis',(0.849836585598796,0.527046276694733,0.));
#2462=DIRECTION('center_axis',(0.,0.,1.));
#2463=DIRECTION('ref_axis',(0.849836585598796,0.527046276694733,0.));
#2464=DIRECTION('',(0.,0.,-1.));
#2465=DIRECTION('center_axis',(-3.13638004456607E-14,0.,-1.));
#2466=DIRECTION('ref_axis',(0.849836585598796,0.527046276694733,0.));
#2467=DIRECTION('',(0.,0.,1.));
#2468=DIRECTION('center_axis',(0.,0.,-1.));
#2469=DIRECTION('ref_axis',(-1.,3.55271367880051E-15,0.));
#2470=DIRECTION('center_axis',(0.,0.,1.));
#2471=DIRECTION('ref_axis',(-1.,3.55271367880051E-15,0.));
#2472=DIRECTION('',(0.,0.,1.));
#2473=DIRECTION('center_axis',(-3.13638004456607E-14,0.,-1.));
#2474=DIRECTION('ref_axis',(-1.,3.55271367880051E-15,0.));
#2475=DIRECTION('center_axis',(0.,0.,-1.));
#2476=DIRECTION('ref_axis',(0.849836585598795,-0.527046276694733,0.));
#2477=DIRECTION('center_axis',(0.,0.,1.));
#2478=DIRECTION('ref_axis',(0.849836585598795,-0.527046276694733,0.));
#2479=DIRECTION('',(0.,0.,-1.));
#2480=DIRECTION('center_axis',(-3.13638004456607E-14,0.,-1.));
#2481=DIRECTION('ref_axis',(0.849836585598795,-0.527046276694733,0.));
#2482=DIRECTION('',(0.,0.,1.));
#2483=DIRECTION('center_axis',(1.,-5.017957173447E-16,0.));
#2484=DIRECTION('ref_axis',(-5.017957173447E-16,-1.,0.));
#2485=DIRECTION('',(5.017957173447E-16,1.,-1.57382207432863E-29));
#2486=DIRECTION('',(-5.017957173447E-16,-1.,0.));
#2487=DIRECTION('center_axis',(0.,0.,-1.));
#2488=DIRECTION('ref_axis',(1.4210854715202E-14,1.,0.));
#2489=DIRECTION('center_axis',(-3.13638004456607E-14,0.,-1.));
#2490=DIRECTION('ref_axis',(1.4210854715202E-14,1.,0.));
#2491=DIRECTION('',(0.,0.,1.));
#2492=DIRECTION('center_axis',(0.,0.,1.));
#2493=DIRECTION('ref_axis',(1.4210854715202E-14,1.,0.));
#2494=DIRECTION('center_axis',(3.13638004456607E-14,0.,1.));
#2495=DIRECTION('ref_axis',(1.,0.,-3.13638004456607E-14));
#2496=DIRECTION('',(0.,1.,0.));
#2497=DIRECTION('center_axis',(3.13638004456607E-14,0.,1.));
#2498=DIRECTION('ref_axis',(-0.707106781186542,0.707106781186553,0.));
#2499=DIRECTION('',(-1.,1.16667479363652E-14,3.13638004456607E-14));
#2500=DIRECTION('center_axis',(3.13638004456607E-14,0.,1.));
#2501=DIRECTION('ref_axis',(0.707106781186553,0.707106781186542,0.));
#2502=DIRECTION('center_axis',(-3.13638004456607E-14,0.,-1.));
#2503=DIRECTION('ref_axis',(0.,1.,0.));
#2504=DIRECTION('',(-1.,0.,0.));
#2505=DIRECTION('center_axis',(0.,0.,1.));
#2506=DIRECTION('ref_axis',(-1.,0.,0.));
#2507=DIRECTION('center_axis',(0.,0.,-1.));
#2508=DIRECTION('ref_axis',(0.,1.,0.));
#2509=DIRECTION('',(-1.,-3.80196586429255E-16,0.));
#2510=DIRECTION('center_axis',(3.13638004456607E-14,0.,1.));
#2511=DIRECTION('ref_axis',(0.70710678118655,0.707106781186545,0.));
#2512=DIRECTION('',(0.,-1.,0.));
#2513=DIRECTION('center_axis',(-3.13638004456607E-14,0.,-1.));
#2514=DIRECTION('ref_axis',(-1.,0.,0.));
#2515=DIRECTION('',(-1.,0.,3.13638004456607E-14));
#2516=DIRECTION('center_axis',(-3.13638004456607E-14,0.,-1.));
#2517=DIRECTION('ref_axis',(-0.447213595499976,0.894427190999907,0.));
#2518=DIRECTION('',(-0.599999999999972,-0.800000000000021,1.88182802673955E-14));
#2519=DIRECTION('center_axis',(3.13638004456607E-14,0.,1.));
#2520=DIRECTION('ref_axis',(0.447213595499976,-0.894427190999907,0.));
#2521=DIRECTION('',(-1.,2.6369833887633E-17,3.13638004456607E-14));
#2522=DIRECTION('center_axis',(0.,0.,-1.));
#2523=DIRECTION('ref_axis',(-0.339945922438258,0.940444985003164,0.));
#2524=DIRECTION('center_axis',(0.,0.,1.));
#2525=DIRECTION('ref_axis',(-1.,0.,0.));
#2526=DIRECTION('',(1.,0.,0.));
#2527=DIRECTION('center_axis',(-3.13638004456607E-14,0.,-1.));
#2528=DIRECTION('ref_axis',(0.,-1.,0.));
#2529=DIRECTION('center_axis',(3.13638004456607E-14,0.,1.));
#2530=DIRECTION('ref_axis',(0.707106781186553,-0.707106781186542,0.));
#2531=DIRECTION('',(1.,1.16667479363652E-14,-3.13638004456607E-14));
#2532=DIRECTION('center_axis',(3.13638004456607E-14,0.,1.));
#2533=DIRECTION('ref_axis',(-0.707106781186543,-0.707106781186553,0.));
#2534=DIRECTION('',(0.,1.,0.));
#2535=DIRECTION('center_axis',(3.13638004456607E-14,0.,1.));
#2536=DIRECTION('ref_axis',(1.,0.,0.));
#2537=DIRECTION('center_axis',(3.13638004456607E-14,0.,1.));
#2538=DIRECTION('ref_axis',(1.,0.,0.));
#2539=DIRECTION('center_axis',(3.13638004456607E-14,0.,1.));
#2540=DIRECTION('ref_axis',(1.,0.,0.));
#2541=DIRECTION('center_axis',(3.13638004456607E-14,0.,1.));
#2542=DIRECTION('ref_axis',(1.,0.,0.));
#2543=DIRECTION('center_axis',(0.,0.,1.));
#2544=DIRECTION('ref_axis',(-1.,0.,0.));
#2545=DIRECTION('center_axis',(0.,0.,1.));
#2546=DIRECTION('ref_axis',(-1.,0.,0.));
#2547=DIRECTION('center_axis',(3.13638004456607E-14,0.,1.));
#2548=DIRECTION('ref_axis',(1.,0.,0.));
#2549=DIRECTION('center_axis',(3.13638004456607E-14,0.,1.));
#2550=DIRECTION('ref_axis',(1.,0.,0.));
#2551=DIRECTION('center_axis',(-3.13638004456607E-14,0.,-1.));
#2552=DIRECTION('ref_axis',(-0.707106781186547,-0.707106781186547,0.));
#2553=DIRECTION('',(1.,8.64240937500788E-17,-3.13638004456607E-14));
#2554=DIRECTION('center_axis',(-3.13638004456607E-14,0.,-1.));
#2555=DIRECTION('ref_axis',(0.707106781186547,-0.707106781186547,0.));
#2556=DIRECTION('',(0.,1.,0.));
#2557=DIRECTION('center_axis',(-3.13638004456607E-14,0.,-1.));
#2558=DIRECTION('ref_axis',(0.707106781186547,0.707106781186547,0.));
#2559=DIRECTION('',(-1.,0.,3.13638004456607E-14));
#2560=DIRECTION('center_axis',(-3.13638004456607E-14,0.,-1.));
#2561=DIRECTION('ref_axis',(-0.707106781186547,0.707106781186547,0.));
#2562=DIRECTION('',(0.,-1.,0.));
#2563=DIRECTION('center_axis',(0.,0.,1.));
#2564=DIRECTION('ref_axis',(-1.,0.,0.));
#2565=DIRECTION('center_axis',(0.,0.,1.));
#2566=DIRECTION('ref_axis',(-1.,0.,0.));
#2567=DIRECTION('',(-1.,0.,3.13638004456607E-14));
#2568=DIRECTION('center_axis',(3.13638004456607E-14,0.,1.));
#2569=DIRECTION('ref_axis',(0.591242533568189,0.806493810577532,0.));
#2570=DIRECTION('',(-0.806493541937355,-0.591242900010934,2.52947025100373E-14));
#2571=DIRECTION('center_axis',(3.13638004456607E-14,0.,1.));
#2572=DIRECTION('ref_axis',(-0.591243206897912,0.806493316957477,0.));
#2573=DIRECTION('',(0.,-1.,0.));
#2574=DIRECTION('',(7.26053333038414E-9,-1.,-2.27717918503236E-22));
#2575=DIRECTION('center_axis',(3.13638004456607E-14,0.,1.));
#2576=DIRECTION('ref_axis',(-1.,-3.62996910298601E-9,0.));
#2577=DIRECTION('',(0.806493793679644,-0.591242556618023,-2.52947104056322E-14));
#2578=DIRECTION('center_axis',(3.13638004456607E-14,0.,1.));
#2579=DIRECTION('ref_axis',(-0.591242547225706,-0.806493800565174,0.));
#2580=DIRECTION('',(1.,7.64605612398412E-17,-3.13638004456607E-14));
#2581=DIRECTION('center_axis',(0.,0.,1.));
#2582=DIRECTION('ref_axis',(-1.,0.,0.));
#2583=DIRECTION('',(0.806493793679644,0.591242556618023,0.));
#2584=DIRECTION('center_axis',(0.,0.,1.));
#2585=DIRECTION('ref_axis',(0.591242522103143,-0.806493818982585,0.));
#2586=DIRECTION('',(2.82320191259041E-8,0.999999999999999,0.));
#2587=DIRECTION('',(-2.09714842515503E-8,1.,0.));
#2588=DIRECTION('center_axis',(0.,0.,1.));
#2589=DIRECTION('ref_axis',(1.,-3.63056455596934E-9,0.));
#2590=DIRECTION('',(-0.806493533627915,0.591242911345548,0.));
#2591=DIRECTION('center_axis',(0.,0.,1.));
#2592=DIRECTION('ref_axis',(-1.,0.,0.));
#2593=DIRECTION('center_axis',(0.,0.,1.));
#2594=DIRECTION('ref_axis',(-1.,0.,0.));
#2595=DIRECTION('center_axis',(0.,0.,1.));
#2596=DIRECTION('ref_axis',(-1.,0.,0.));
#2597=DIRECTION('center_axis',(0.,0.,1.));
#2598=DIRECTION('ref_axis',(-1.,0.,0.));
#2599=DIRECTION('center_axis',(3.13638004456607E-14,0.,1.));
#2600=DIRECTION('ref_axis',(-1.,0.,0.));
#2601=DIRECTION('',(-1.,-5.02500818733154E-12,3.13638004456607E-14));
#2602=DIRECTION('center_axis',(0.,0.,1.));
#2603=DIRECTION('ref_axis',(5.2941349238599E-11,1.,0.));
#2604=DIRECTION('',(0.,-1.,0.));
#2605=DIRECTION('',(-7.26053291562797E-9,-1.,0.));
#2606=DIRECTION('center_axis',(0.,0.,1.));
#2607=DIRECTION('ref_axis',(-0.993813826730557,-0.111058893381692,0.));
#2608=DIRECTION('',(1.,-7.25530558610507E-9,-3.13638004456607E-14));
#2609=DIRECTION('center_axis',(3.13638004456607E-14,0.,1.));
#2610=DIRECTION('ref_axis',(-7.31326771292693E-9,-1.,0.));
#2611=DIRECTION('',(7.26033159518617E-9,1.,-2.27711591320744E-22));
#2612=DIRECTION('',(2.01320441798695E-13,1.,-6.31417416220652E-27));
#2613=DIRECTION('center_axis',(3.13638004456607E-14,0.,1.));
#2614=DIRECTION('ref_axis',(0.993813825924233,0.111058900597112,0.));
#2615=DIRECTION('center_axis',(3.13638004456607E-14,0.,1.));
#2616=DIRECTION('ref_axis',(1.,0.,0.));
#2617=DIRECTION('center_axis',(3.13638004456607E-14,0.,1.));
#2618=DIRECTION('ref_axis',(1.,0.,0.));
#2619=DIRECTION('center_axis',(3.13638004456607E-14,0.,1.));
#2620=DIRECTION('ref_axis',(1.,0.,0.));
#2621=DIRECTION('center_axis',(3.13638004456607E-14,0.,1.));
#2622=DIRECTION('ref_axis',(1.,0.,0.));
#2623=DIRECTION('center_axis',(3.13638004456607E-14,0.,1.));
#2624=DIRECTION('ref_axis',(-1.,0.,0.));
#2625=DIRECTION('center_axis',(3.13638004456607E-14,0.,1.));
#2626=DIRECTION('ref_axis',(-1.,0.,0.));
#2627=DIRECTION('center_axis',(-1.,0.,0.));
#2628=DIRECTION('ref_axis',(0.,1.,0.));
#2629=DIRECTION('',(0.,1.,0.));
#2630=DIRECTION('',(0.,0.,1.));
#2631=DIRECTION('center_axis',(0.,0.,1.));
#2632=DIRECTION('ref_axis',(0.,-1.,0.));
#2633=DIRECTION('center_axis',(0.,0.,1.));
#2634=DIRECTION('ref_axis',(0.,-1.,0.));
#2635=DIRECTION('',(0.,0.,-1.));
#2636=DIRECTION('',(0.,0.,1.));
#2637=DIRECTION('center_axis',(0.,-1.,0.));
#2638=DIRECTION('ref_axis',(-1.,0.,0.));
#2639=DIRECTION('',(0.,0.,-1.));
#2640=DIRECTION('',(-1.,0.,0.));
#2641=DIRECTION('center_axis',(0.,0.,-1.));
#2642=DIRECTION('ref_axis',(0.,1.,0.));
#2643=DIRECTION('',(0.,0.,1.));
#2644=DIRECTION('center_axis',(0.,0.,1.));
#2645=DIRECTION('ref_axis',(0.,1.,0.));
#2646=DIRECTION('',(0.,0.,-1.));
#2647=DIRECTION('center_axis',(0.,1.,0.));
#2648=DIRECTION('ref_axis',(1.,0.,0.));
#2649=DIRECTION('',(-1.,0.,0.));
#2650=DIRECTION('',(0.,0.,-1.));
#2651=DIRECTION('center_axis',(0.,0.,-1.));
#2652=DIRECTION('ref_axis',(-0.707106781186542,0.707106781186553,0.));
#2653=DIRECTION('center_axis',(0.,0.,-1.));
#2654=DIRECTION('ref_axis',(-0.707106781186542,0.707106781186553,0.));
#2655=DIRECTION('',(0.,0.,-1.));
#2656=DIRECTION('center_axis',(1.16667479363652E-14,1.,0.));
#2657=DIRECTION('ref_axis',(1.,-1.16667479363652E-14,0.));
#2658=DIRECTION('',(1.,-1.16667479363652E-14,0.));
#2659=DIRECTION('',(0.,0.,1.));
#2660=DIRECTION('center_axis',(0.,0.,1.));
#2661=DIRECTION('ref_axis',(-1.,0.,0.));
#2662=DIRECTION('',(0.,1.,0.));
#2663=DIRECTION('center_axis',(0.,0.,-1.));
#2664=DIRECTION('ref_axis',(-0.707106781186543,-0.707106781186553,0.));
#2665=DIRECTION('',(1.,1.16667479363652E-14,0.));
#2666=DIRECTION('center_axis',(0.,0.,-1.));
#2667=DIRECTION('ref_axis',(0.707106781186553,-0.707106781186542,0.));
#2668=DIRECTION('center_axis',(0.,0.,1.));
#2669=DIRECTION('ref_axis',(-1.,0.,0.));
#2670=DIRECTION('center_axis',(0.,0.,1.));
#2671=DIRECTION('ref_axis',(-0.339945922438258,0.940444985003164,0.));
#2672=DIRECTION('',(-1.,-3.31409858097095E-16,0.));
#2673=DIRECTION('center_axis',(0.,0.,-1.));
#2674=DIRECTION('ref_axis',(0.447213595499976,-0.894427190999907,0.));
#2675=DIRECTION('',(0.599999999999972,0.800000000000021,0.));
#2676=DIRECTION('center_axis',(0.,0.,1.));
#2677=DIRECTION('ref_axis',(-0.447213595499976,0.894427190999907,0.));
#2678=DIRECTION('',(1.,0.,0.));
#2679=DIRECTION('center_axis',(0.,0.,1.));
#2680=DIRECTION('ref_axis',(-1.,0.,0.));
#2681=DIRECTION('',(0.,1.,0.));
#2682=DIRECTION('center_axis',(0.,0.,-1.));
#2683=DIRECTION('ref_axis',(0.70710678118655,0.707106781186545,0.));
#2684=DIRECTION('',(1.,0.,0.));
#2685=DIRECTION('center_axis',(0.,0.,1.));
#2686=DIRECTION('ref_axis',(0.,1.,0.));
#2687=DIRECTION('center_axis',(0.,0.,1.));
#2688=DIRECTION('ref_axis',(-1.,0.,0.));
#2689=DIRECTION('center_axis',(0.,0.,-1.));
#2690=DIRECTION('ref_axis',(0.707106781186553,0.707106781186542,0.));
#2691=DIRECTION('center_axis',(0.,0.,-1.));
#2692=DIRECTION('ref_axis',(-1.,0.,0.));
#2693=DIRECTION('center_axis',(0.,0.,-1.));
#2694=DIRECTION('ref_axis',(-1.,0.,0.));
#2695=DIRECTION('center_axis',(0.,0.,-1.));
#2696=DIRECTION('ref_axis',(-1.,0.,0.));
#2697=DIRECTION('center_axis',(0.,0.,-1.));
#2698=DIRECTION('ref_axis',(-1.,0.,0.));
#2699=DIRECTION('center_axis',(0.,0.,-1.));
#2700=DIRECTION('ref_axis',(-1.,0.,0.));
#2701=DIRECTION('center_axis',(0.,0.,-1.));
#2702=DIRECTION('ref_axis',(-1.,0.,0.));
#2703=DIRECTION('center_axis',(0.,0.,-1.));
#2704=DIRECTION('ref_axis',(-1.,0.,0.));
#2705=DIRECTION('center_axis',(0.,0.,-1.));
#2706=DIRECTION('ref_axis',(-1.,0.,0.));
#2707=DIRECTION('center_axis',(0.,0.,-1.));
#2708=DIRECTION('ref_axis',(-1.,0.,0.));
#2709=DIRECTION('center_axis',(0.,0.,-1.));
#2710=DIRECTION('ref_axis',(-1.,0.,0.));
#2711=DIRECTION('center_axis',(0.,0.,-1.));
#2712=DIRECTION('ref_axis',(-1.,0.,0.));
#2713=DIRECTION('center_axis',(0.,0.,-1.));
#2714=DIRECTION('ref_axis',(-1.,0.,0.));
#2715=DIRECTION('center_axis',(0.,0.,-1.));
#2716=DIRECTION('ref_axis',(-1.,0.,0.));
#2717=DIRECTION('center_axis',(0.,0.,-1.));
#2718=DIRECTION('ref_axis',(-1.,0.,0.));
#2719=DIRECTION('',(0.,1.,0.));
#2720=DIRECTION('center_axis',(0.,0.,-1.));
#2721=DIRECTION('ref_axis',(5.2941349238599E-11,1.,0.));
#2722=DIRECTION('',(1.,5.02500818733154E-12,0.));
#2723=DIRECTION('center_axis',(0.,0.,-1.));
#2724=DIRECTION('ref_axis',(0.993813825924233,0.111058900597112,0.));
#2725=DIRECTION('',(-2.01320441798695E-13,-1.,0.));
#2726=DIRECTION('',(-7.26033159518617E-9,-1.,0.));
#2727=DIRECTION('center_axis',(0.,0.,-1.));
#2728=DIRECTION('ref_axis',(-7.31326771292693E-9,-1.,0.));
#2729=DIRECTION('',(-1.,7.25530558610507E-9,0.));
#2730=DIRECTION('center_axis',(0.,0.,-1.));
#2731=DIRECTION('ref_axis',(-0.993813826730557,-0.111058893381692,0.));
#2732=DIRECTION('',(7.26053291562797E-9,1.,0.));
#2733=DIRECTION('center_axis',(0.,0.,1.));
#2734=DIRECTION('ref_axis',(-1.,0.,0.));
#2735=DIRECTION('center_axis',(0.,0.,-1.));
#2736=DIRECTION('ref_axis',(-1.,0.,0.));
#2737=DIRECTION('center_axis',(0.,0.,-1.));
#2738=DIRECTION('ref_axis',(-1.,0.,0.));
#2739=DIRECTION('center_axis',(0.,0.,-1.));
#2740=DIRECTION('ref_axis',(-1.,0.,0.));
#2741=DIRECTION('center_axis',(0.,0.,-1.));
#2742=DIRECTION('ref_axis',(-1.,0.,0.));
#2743=DIRECTION('center_axis',(0.,0.,-1.));
#2744=DIRECTION('ref_axis',(-1.,0.,0.));
#2745=DIRECTION('',(1.,0.,0.));
#2746=DIRECTION('center_axis',(0.,0.,-1.));
#2747=DIRECTION('ref_axis',(-1.,0.,0.));
#2748=DIRECTION('',(0.806493533627915,-0.591242911345548,0.));
#2749=DIRECTION('center_axis',(0.,0.,-1.));
#2750=DIRECTION('ref_axis',(1.,-3.63056455596934E-9,0.));
#2751=DIRECTION('',(2.09714842515503E-8,-1.,0.));
#2752=DIRECTION('',(-2.82320191259041E-8,-0.999999999999999,0.));
#2753=DIRECTION('center_axis',(0.,0.,-1.));
#2754=DIRECTION('ref_axis',(0.591242522103143,-0.806493818982585,0.));
#2755=DIRECTION('',(-0.806493793679644,-0.591242556618023,0.));
#2756=DIRECTION('center_axis',(0.,0.,-1.));
#2757=DIRECTION('ref_axis',(-1.,0.,0.));
#2758=DIRECTION('',(-1.,-7.64605612398412E-17,0.));
#2759=DIRECTION('center_axis',(0.,0.,-1.));
#2760=DIRECTION('ref_axis',(-0.591242547225706,-0.806493800565174,0.));
#2761=DIRECTION('',(-0.806493793679644,0.591242556618023,0.));
#2762=DIRECTION('center_axis',(0.,0.,-1.));
#2763=DIRECTION('ref_axis',(-1.,-3.62996910298601E-9,0.));
#2764=DIRECTION('',(-7.26053333038414E-9,1.,0.));
#2765=DIRECTION('',(0.,1.,0.));
#2766=DIRECTION('center_axis',(0.,0.,-1.));
#2767=DIRECTION('ref_axis',(-0.591243206897912,0.806493316957477,0.));
#2768=DIRECTION('',(0.806493541937355,0.591242900010934,0.));
#2769=DIRECTION('center_axis',(0.,0.,-1.));
#2770=DIRECTION('ref_axis',(0.591242533568189,0.806493810577532,0.));
#2771=DIRECTION('center_axis',(0.,0.,1.));
#2772=DIRECTION('ref_axis',(-0.707106781186547,0.707106781186547,0.));
#2773=DIRECTION('',(1.,0.,0.));
#2774=DIRECTION('center_axis',(0.,0.,1.));
#2775=DIRECTION('ref_axis',(0.707106781186547,0.707106781186547,0.));
#2776=DIRECTION('',(0.,-1.,0.));
#2777=DIRECTION('center_axis',(0.,0.,1.));
#2778=DIRECTION('ref_axis',(0.707106781186547,-0.707106781186547,0.));
#2779=DIRECTION('',(-1.,-8.64240937500788E-17,0.));
#2780=DIRECTION('center_axis',(0.,0.,1.));
#2781=DIRECTION('ref_axis',(-0.707106781186547,-0.707106781186547,0.));
#2782=DIRECTION('',(0.,1.,0.));
#2783=DIRECTION('center_axis',(0.,0.,-1.));
#2784=DIRECTION('ref_axis',(-0.707106781186543,-0.707106781186553,0.));
#2785=DIRECTION('',(0.,0.,1.));
#2786=DIRECTION('',(0.,0.,-1.));
#2787=DIRECTION('center_axis',(1.16667479363652E-14,-1.,0.));
#2788=DIRECTION('ref_axis',(-1.,-1.16667479363652E-14,0.));
#2789=DIRECTION('',(0.,0.,-1.));
#2790=DIRECTION('center_axis',(-1.,0.,0.));
#2791=DIRECTION('ref_axis',(0.,1.,0.));
#2792=DIRECTION('center_axis',(0.,0.,1.));
#2793=DIRECTION('ref_axis',(0.707106781186553,0.707106781186542,0.));
#2794=DIRECTION('center_axis',(0.,0.,-1.));
#2795=DIRECTION('ref_axis',(0.707106781186553,-0.707106781186542,0.));
#2796=DIRECTION('center_axis',(0.,1.,0.));
#2797=DIRECTION('ref_axis',(1.,0.,0.));
#2798=DIRECTION('',(0.,0.,1.));
#2799=DIRECTION('',(0.,0.,-1.));
#2800=DIRECTION('center_axis',(0.,0.,-1.));
#2801=DIRECTION('ref_axis',(0.591242533568189,0.806493810577532,0.));
#2802=DIRECTION('',(0.,0.,-1.));
#2803=DIRECTION('center_axis',(-0.591242900010934,0.806493541937355,0.));
#2804=DIRECTION('ref_axis',(0.806493541937355,0.591242900010934,0.));
#2805=DIRECTION('',(0.,0.,-1.));
#2806=DIRECTION('center_axis',(0.,0.,-1.));
#2807=DIRECTION('ref_axis',(-0.591243206897912,0.806493316957477,0.));
#2808=DIRECTION('',(0.,0.,-1.));
#2809=DIRECTION('center_axis',(-1.,0.,0.));
#2810=DIRECTION('ref_axis',(0.,1.,0.));
#2811=DIRECTION('',(0.,0.,-1.));
#2812=DIRECTION('center_axis',(-1.,-7.26053333038414E-9,0.));
#2813=DIRECTION('ref_axis',(-7.26053333038414E-9,1.,0.));
#2814=DIRECTION('',(0.,0.,-1.));
#2815=DIRECTION('center_axis',(0.,0.,-1.));
#2816=DIRECTION('ref_axis',(-1.,-3.62996910298601E-9,0.));
#2817=DIRECTION('',(0.,0.,-1.));
#2818=DIRECTION('center_axis',(-0.591242556618023,-0.806493793679644,0.));
#2819=DIRECTION('ref_axis',(-0.806493793679644,0.591242556618023,0.));
#2820=DIRECTION('',(0.,0.,-1.));
#2821=DIRECTION('center_axis',(0.,0.,-1.));
#2822=DIRECTION('ref_axis',(-0.591242547225706,-0.806493800565174,0.));
#2823=DIRECTION('',(0.,0.,-1.));
#2824=DIRECTION('center_axis',(7.64605612398412E-17,-1.,0.));
#2825=DIRECTION('ref_axis',(-1.,-7.64605612398412E-17,0.));
#2826=DIRECTION('',(0.,0.,1.));
#2827=DIRECTION('center_axis',(0.,0.,-1.));
#2828=DIRECTION('ref_axis',(-1.,0.,0.));
#2829=DIRECTION('',(0.,0.,-1.));
#2830=DIRECTION('center_axis',(0.,0.,-1.));
#2831=DIRECTION('ref_axis',(-0.707106781186547,-0.707106781186547,0.));
#2832=DIRECTION('',(0.,0.,-1.));
#2833=DIRECTION('',(0.,0.,1.));
#2834=DIRECTION('center_axis',(8.64240937500788E-17,-1.,0.));
#2835=DIRECTION('ref_axis',(-1.,-8.64240937500788E-17,0.));
#2836=DIRECTION('',(0.,0.,1.));
#2837=DIRECTION('center_axis',(0.,0.,-1.));
#2838=DIRECTION('ref_axis',(0.707106781186547,-0.707106781186547,0.));
#2839=DIRECTION('',(0.,0.,-1.));
#2840=DIRECTION('center_axis',(1.,0.,0.));
#2841=DIRECTION('ref_axis',(0.,-1.,0.));
#2842=DIRECTION('',(0.,0.,1.));
#2843=DIRECTION('center_axis',(0.,0.,-1.));
#2844=DIRECTION('ref_axis',(0.707106781186547,0.707106781186547,0.));
#2845=DIRECTION('',(0.,0.,-1.));
#2846=DIRECTION('center_axis',(0.,1.,0.));
#2847=DIRECTION('ref_axis',(1.,0.,0.));
#2848=DIRECTION('',(0.,0.,1.));
#2849=DIRECTION('center_axis',(0.,0.,-1.));
#2850=DIRECTION('ref_axis',(-0.707106781186547,0.707106781186547,0.));
#2851=DIRECTION('',(0.,0.,-1.));
#2852=DIRECTION('center_axis',(-1.,0.,0.));
#2853=DIRECTION('ref_axis',(0.,1.,0.));
#2854=DIRECTION('center_axis',(0.,0.,-1.));
#2855=DIRECTION('ref_axis',(-1.,0.,0.));
#2856=DIRECTION('center_axis',(0.,0.,1.));
#2857=DIRECTION('ref_axis',(-1.,0.,0.));
#2858=DIRECTION('',(0.,0.,-1.));
#2859=DIRECTION('center_axis',(0.,0.,-1.));
#2860=DIRECTION('ref_axis',(-1.,0.,0.));
#2861=DIRECTION('center_axis',(0.,0.,1.));
#2862=DIRECTION('ref_axis',(-1.,0.,0.));
#2863=DIRECTION('',(0.,0.,-1.));
#2864=DIRECTION('center_axis',(0.,0.,-1.));
#2865=DIRECTION('ref_axis',(-1.,0.,0.));
#2866=DIRECTION('',(0.,0.,-1.));
#2867=DIRECTION('center_axis',(0.,0.,-1.));
#2868=DIRECTION('ref_axis',(-1.,0.,0.));
#2869=DIRECTION('center_axis',(0.,0.,1.));
#2870=DIRECTION('ref_axis',(-1.,0.,0.));
#2871=DIRECTION('center_axis',(0.,0.,-1.));
#2872=DIRECTION('ref_axis',(-1.,0.,0.));
#2873=DIRECTION('',(0.,0.,-1.));
#2874=DIRECTION('center_axis',(0.,0.,-1.));
#2875=DIRECTION('ref_axis',(-1.,0.,0.));
#2876=DIRECTION('center_axis',(0.,0.,1.));
#2877=DIRECTION('ref_axis',(-1.,0.,0.));
#2878=DIRECTION('center_axis',(0.,0.,-1.));
#2879=DIRECTION('ref_axis',(-1.,0.,0.));
#2880=DIRECTION('',(0.,0.,-1.));
#2881=DIRECTION('center_axis',(0.,0.,-1.));
#2882=DIRECTION('ref_axis',(-1.,0.,0.));
#2883=DIRECTION('center_axis',(0.,0.,1.));
#2884=DIRECTION('ref_axis',(-1.,0.,0.));
#2885=DIRECTION('center_axis',(0.,0.,1.));
#2886=DIRECTION('ref_axis',(1.,0.,0.));
#2887=DIRECTION('center_axis',(0.,0.,-1.));
#2888=DIRECTION('ref_axis',(-1.,0.,0.));
#2889=DIRECTION('',(0.,0.,-1.));
#2890=DIRECTION('center_axis',(0.,0.,-1.));
#2891=DIRECTION('ref_axis',(-1.,0.,0.));
#2892=DIRECTION('center_axis',(0.,0.,1.));
#2893=DIRECTION('ref_axis',(-1.,0.,0.));
#2894=DIRECTION('center_axis',(0.,0.,1.));
#2895=DIRECTION('ref_axis',(1.,0.,0.));
#2896=DIRECTION('center_axis',(0.,0.,1.));
#2897=DIRECTION('ref_axis',(1.,0.,0.));
#2898=DIRECTION('',(0.,0.,1.));
#2899=DIRECTION('center_axis',(0.,0.,1.));
#2900=DIRECTION('ref_axis',(1.,0.,0.));
#2901=DIRECTION('',(0.,0.,1.));
#2902=DIRECTION('center_axis',(0.,0.,1.));
#2903=DIRECTION('ref_axis',(1.,0.,0.));
#2904=DIRECTION('',(0.,0.,1.));
#2905=DIRECTION('center_axis',(0.,0.,1.));
#2906=DIRECTION('ref_axis',(1.,0.,0.));
#2907=DIRECTION('center_axis',(0.,0.,-1.));
#2908=DIRECTION('ref_axis',(1.,0.,0.));
#2909=DIRECTION('center_axis',(0.,0.,-1.));
#2910=DIRECTION('ref_axis',(-1.,0.,0.));
#2911=DIRECTION('center_axis',(0.,0.,1.));
#2912=DIRECTION('ref_axis',(1.,0.,0.));
#2913=DIRECTION('',(0.,0.,1.));
#2914=DIRECTION('center_axis',(0.,0.,1.));
#2915=DIRECTION('ref_axis',(1.,0.,0.));
#2916=DIRECTION('center_axis',(0.,0.,-1.));
#2917=DIRECTION('ref_axis',(1.,0.,0.));
#2918=DIRECTION('center_axis',(0.,0.,-1.));
#2919=DIRECTION('ref_axis',(-1.,0.,0.));
#2920=DIRECTION('center_axis',(0.,0.,1.));
#2921=DIRECTION('ref_axis',(1.,0.,0.));
#2922=DIRECTION('',(0.,0.,1.));
#2923=DIRECTION('center_axis',(0.,0.,1.));
#2924=DIRECTION('ref_axis',(1.,0.,0.));
#2925=DIRECTION('center_axis',(0.,0.,-1.));
#2926=DIRECTION('ref_axis',(1.,0.,0.));
#2927=DIRECTION('center_axis',(0.,0.,-1.));
#2928=DIRECTION('ref_axis',(-1.,0.,0.));
#2929=DIRECTION('center_axis',(0.,0.,1.));
#2930=DIRECTION('ref_axis',(1.,0.,0.));
#2931=DIRECTION('',(0.,0.,1.));
#2932=DIRECTION('center_axis',(0.,0.,1.));
#2933=DIRECTION('ref_axis',(1.,0.,0.));
#2934=DIRECTION('center_axis',(0.,0.,-1.));
#2935=DIRECTION('ref_axis',(1.,0.,0.));
#2936=DIRECTION('center_axis',(0.,0.,-1.));
#2937=DIRECTION('ref_axis',(-1.,0.,0.));
#2938=DIRECTION('center_axis',(0.,0.,-1.));
#2939=DIRECTION('ref_axis',(-1.,0.,0.));
#2940=DIRECTION('',(0.,0.,1.));
#2941=DIRECTION('center_axis',(0.,0.,-1.));
#2942=DIRECTION('ref_axis',(-1.,0.,0.));
#2943=DIRECTION('',(0.,0.,1.));
#2944=DIRECTION('center_axis',(0.,0.,-1.));
#2945=DIRECTION('ref_axis',(-1.,0.,0.));
#2946=DIRECTION('',(0.,0.,1.));
#2947=DIRECTION('center_axis',(0.,0.,-1.));
#2948=DIRECTION('ref_axis',(-1.,0.,0.));
#2949=DIRECTION('',(0.,0.,1.));
#2950=DIRECTION('center_axis',(0.,0.,-1.));
#2951=DIRECTION('ref_axis',(0.70710678118655,0.707106781186545,0.));
#2952=DIRECTION('',(0.,0.,1.));
#2953=DIRECTION('',(0.,0.,-1.));
#2954=DIRECTION('center_axis',(-1.,0.,0.));
#2955=DIRECTION('ref_axis',(0.,1.,0.));
#2956=DIRECTION('',(0.,0.,-1.));
#2957=DIRECTION('center_axis',(0.,0.,-1.));
#2958=DIRECTION('ref_axis',(-0.447213595499976,0.894427190999907,0.));
#2959=DIRECTION('',(0.,0.,-1.));
#2960=DIRECTION('',(0.,0.,1.));
#2961=DIRECTION('center_axis',(-0.800000000000021,0.599999999999972,0.));
#2962=DIRECTION('ref_axis',(0.599999999999972,0.800000000000021,0.));
#2963=DIRECTION('',(0.,0.,1.));
#2964=DIRECTION('center_axis',(0.,0.,1.));
#2965=DIRECTION('ref_axis',(0.447213595499976,-0.894427190999907,0.));
#2966=DIRECTION('',(0.,0.,-1.));
#2967=DIRECTION('center_axis',(0.,0.,-1.));
#2968=DIRECTION('ref_axis',(-1.,0.,0.));
#2969=DIRECTION('',(0.,0.,-1.));
#2970=DIRECTION('center_axis',(0.,1.,0.));
#2971=DIRECTION('ref_axis',(1.,0.,0.));
#2972=DIRECTION('center_axis',(0.,0.,-1.));
#2973=DIRECTION('ref_axis',(-1.,0.,0.));
#2974=DIRECTION('center_axis',(0.,0.,1.));
#2975=DIRECTION('ref_axis',(-1.,0.,0.));
#2976=DIRECTION('',(0.,0.,1.));
#2977=DIRECTION('center_axis',(0.,0.,-1.));
#2978=DIRECTION('ref_axis',(-1.,0.,0.));
#2979=DIRECTION('center_axis',(0.,0.,1.));
#2980=DIRECTION('ref_axis',(-1.,0.,0.));
#2981=DIRECTION('',(0.,0.,1.));
#2982=DIRECTION('center_axis',(0.,0.,-1.));
#2983=DIRECTION('ref_axis',(-1.,0.,0.));
#2984=DIRECTION('center_axis',(0.,0.,1.));
#2985=DIRECTION('ref_axis',(-1.,0.,0.));
#2986=DIRECTION('',(0.,0.,1.));
#2987=DIRECTION('center_axis',(0.,0.,1.));
#2988=DIRECTION('ref_axis',(1.,0.,0.));
#2989=DIRECTION('',(0.,0.,1.));
#2990=DIRECTION('center_axis',(0.,0.,1.));
#2991=DIRECTION('ref_axis',(1.,0.,0.));
#2992=DIRECTION('center_axis',(0.,0.,-1.));
#2993=DIRECTION('ref_axis',(1.,0.,0.));
#2994=DIRECTION('center_axis',(0.,0.,-1.));
#2995=DIRECTION('ref_axis',(-1.,0.,0.));
#2996=DIRECTION('center_axis',(0.,0.,1.));
#2997=DIRECTION('ref_axis',(1.,0.,0.));
#2998=DIRECTION('',(0.,0.,1.));
#2999=DIRECTION('center_axis',(0.,0.,1.));
#3000=DIRECTION('ref_axis',(1.,0.,0.));
#3001=DIRECTION('center_axis',(0.,0.,-1.));
#3002=DIRECTION('ref_axis',(1.,0.,0.));
#3003=DIRECTION('center_axis',(0.,0.,-1.));
#3004=DIRECTION('ref_axis',(-1.,0.,0.));
#3005=DIRECTION('center_axis',(0.,0.,1.));
#3006=DIRECTION('ref_axis',(1.,0.,0.));
#3007=DIRECTION('',(0.,0.,1.));
#3008=DIRECTION('center_axis',(0.,0.,1.));
#3009=DIRECTION('ref_axis',(1.,0.,0.));
#3010=DIRECTION('center_axis',(0.,0.,-1.));
#3011=DIRECTION('ref_axis',(1.,0.,0.));
#3012=DIRECTION('center_axis',(0.,0.,-1.));
#3013=DIRECTION('ref_axis',(-1.,0.,0.));
#3014=DIRECTION('center_axis',(0.,0.,1.));
#3015=DIRECTION('ref_axis',(1.,0.,0.));
#3016=DIRECTION('',(0.,0.,1.));
#3017=DIRECTION('center_axis',(0.,0.,1.));
#3018=DIRECTION('ref_axis',(1.,0.,0.));
#3019=DIRECTION('center_axis',(0.,0.,-1.));
#3020=DIRECTION('ref_axis',(1.,0.,0.));
#3021=DIRECTION('center_axis',(0.,0.,-1.));
#3022=DIRECTION('ref_axis',(-1.,0.,0.));
#3023=DIRECTION('center_axis',(0.,0.,-1.));
#3024=DIRECTION('ref_axis',(-1.,0.,0.));
#3025=DIRECTION('',(0.,0.,-1.));
#3026=DIRECTION('center_axis',(0.,0.,-1.));
#3027=DIRECTION('ref_axis',(-1.,0.,0.));
#3028=DIRECTION('',(0.,0.,-1.));
#3029=DIRECTION('center_axis',(0.,0.,-1.));
#3030=DIRECTION('ref_axis',(-1.,0.,0.));
#3031=DIRECTION('',(0.,0.,-1.));
#3032=DIRECTION('center_axis',(0.,0.,-1.));
#3033=DIRECTION('ref_axis',(-1.,0.,0.));
#3034=DIRECTION('',(0.,0.,1.));
#3035=DIRECTION('center_axis',(0.,0.,-1.));
#3036=DIRECTION('ref_axis',(0.,1.,0.));
#3037=DIRECTION('',(0.,0.,1.));
#3038=DIRECTION('',(0.,0.,-1.));
#3039=DIRECTION('center_axis',(0.,1.,0.));
#3040=DIRECTION('ref_axis',(1.,0.,0.));
#3041=DIRECTION('center_axis',(0.,0.,-1.));
#3042=DIRECTION('ref_axis',(-0.339945922438258,0.940444985003164,0.));
#3043=DIRECTION('',(0.,0.,-1.));
#3044=DIRECTION('',(0.,0.,1.));
#3045=DIRECTION('center_axis',(0.,0.,-1.));
#3046=DIRECTION('ref_axis',(-1.,0.,0.));
#3047=DIRECTION('center_axis',(0.,0.,-1.));
#3048=DIRECTION('ref_axis',(-1.,0.,0.));
#3049=DIRECTION('center_axis',(0.,0.,-1.));
#3050=DIRECTION('ref_axis',(-1.,0.,0.));
#3051=DIRECTION('',(0.,0.,-1.));
#3052=DIRECTION('center_axis',(0.,0.,-1.));
#3053=DIRECTION('ref_axis',(-1.,0.,0.));
#3054=DIRECTION('',(0.,0.,-1.));
#3055=DIRECTION('center_axis',(0.,0.,-1.));
#3056=DIRECTION('ref_axis',(-1.,0.,0.));
#3057=DIRECTION('',(0.,0.,-1.));
#3058=DIRECTION('center_axis',(0.,0.,-1.));
#3059=DIRECTION('ref_axis',(-1.,0.,0.));
#3060=DIRECTION('',(0.,0.,-1.));
#3061=DIRECTION('center_axis',(0.,0.,-1.));
#3062=DIRECTION('ref_axis',(-1.,0.,0.));
#3063=DIRECTION('center_axis',(0.,0.,1.));
#3064=DIRECTION('ref_axis',(-1.,0.,0.));
#3065=DIRECTION('',(0.,0.,-1.));
#3066=DIRECTION('center_axis',(0.,0.,-1.));
#3067=DIRECTION('ref_axis',(-1.,0.,0.));
#3068=DIRECTION('center_axis',(0.,0.,1.));
#3069=DIRECTION('ref_axis',(-1.,0.,0.));
#3070=DIRECTION('',(0.,0.,-1.));
#3071=DIRECTION('center_axis',(0.,0.,-1.));
#3072=DIRECTION('ref_axis',(-1.,0.,0.));
#3073=DIRECTION('center_axis',(0.,0.,1.));
#3074=DIRECTION('ref_axis',(-1.,0.,0.));
#3075=DIRECTION('',(0.,0.,-1.));
#3076=DIRECTION('center_axis',(0.,0.,1.));
#3077=DIRECTION('ref_axis',(-1.,0.,0.));
#3078=DIRECTION('center_axis',(0.,0.,1.));
#3079=DIRECTION('ref_axis',(-1.,0.,0.));
#3080=DIRECTION('center_axis',(0.,0.,1.));
#3081=DIRECTION('ref_axis',(-1.,0.,0.));
#3082=DIRECTION('center_axis',(-2.6369833887633E-17,-1.,0.));
#3083=DIRECTION('ref_axis',(1.,-2.6369833887633E-17,0.));
#3084=DIRECTION('center_axis',(0.,0.,-1.));
#3085=DIRECTION('ref_axis',(-1.,0.,0.));
#3086=DIRECTION('',(0.,0.,-1.));
#3087=DIRECTION('center_axis',(0.,0.,-1.));
#3088=DIRECTION('ref_axis',(5.2941349238599E-11,1.,0.));
#3089=DIRECTION('',(0.,0.,-1.));
#3090=DIRECTION('',(0.,0.,-1.));
#3091=DIRECTION('center_axis',(-5.02500818733154E-12,1.,0.));
#3092=DIRECTION('ref_axis',(1.,5.02500818733154E-12,0.));
#3093=DIRECTION('',(0.,0.,-1.));
#3094=DIRECTION('center_axis',(0.,0.,-1.));
#3095=DIRECTION('ref_axis',(0.993813825924233,0.111058900597112,0.));
#3096=DIRECTION('',(0.,0.,-1.));
#3097=DIRECTION('center_axis',(1.,-2.01320441798695E-13,0.));
#3098=DIRECTION('ref_axis',(-2.01320441798695E-13,-1.,0.));
#3099=DIRECTION('',(0.,0.,-1.));
#3100=DIRECTION('center_axis',(1.,-7.26033159518617E-9,0.));
#3101=DIRECTION('ref_axis',(-7.26033159518617E-9,-1.,0.));
#3102=DIRECTION('',(0.,0.,-1.));
#3103=DIRECTION('center_axis',(0.,0.,-1.));
#3104=DIRECTION('ref_axis',(-7.31326771292693E-9,-1.,0.));
#3105=DIRECTION('',(0.,0.,-1.));
#3106=DIRECTION('center_axis',(-7.25530558610507E-9,-1.,0.));
#3107=DIRECTION('ref_axis',(-1.,7.25530558610507E-9,0.));
#3108=DIRECTION('',(0.,0.,-1.));
#3109=DIRECTION('center_axis',(0.,0.,-1.));
#3110=DIRECTION('ref_axis',(-0.993813826730557,-0.111058893381692,0.));
#3111=DIRECTION('',(0.,0.,-1.));
#3112=DIRECTION('center_axis',(-1.,7.26053291562797E-9,0.));
#3113=DIRECTION('ref_axis',(7.26053291562797E-9,1.,0.));
#3114=DIRECTION('',(0.,0.,-1.));
#3115=DIRECTION('center_axis',(-1.,0.,0.));
#3116=DIRECTION('ref_axis',(0.,1.,0.));
#3117=DIRECTION('center_axis',(0.591242911345548,0.806493533627915,0.));
#3118=DIRECTION('ref_axis',(0.806493533627915,-0.591242911345548,0.));
#3119=DIRECTION('',(0.,0.,-1.));
#3120=DIRECTION('center_axis',(0.,0.,-1.));
#3121=DIRECTION('ref_axis',(1.,-3.63056455596934E-9,0.));
#3122=DIRECTION('',(0.,0.,-1.));
#3123=DIRECTION('center_axis',(1.,2.09714842515503E-8,0.));
#3124=DIRECTION('ref_axis',(2.09714842515503E-8,-1.,0.));
#3125=DIRECTION('',(0.,0.,-1.));
#3126=DIRECTION('center_axis',(1.,-2.82320191259041E-8,0.));
#3127=DIRECTION('ref_axis',(-2.82320191259041E-8,-1.,0.));
#3128=DIRECTION('',(0.,0.,-1.));
#3129=DIRECTION('center_axis',(0.,0.,-1.));
#3130=DIRECTION('ref_axis',(0.591242522103143,-0.806493818982585,0.));
#3131=DIRECTION('',(0.,0.,-1.));
#3132=DIRECTION('center_axis',(0.591242556618023,-0.806493793679644,0.));
#3133=DIRECTION('ref_axis',(-0.806493793679644,-0.591242556618023,0.));
#3134=DIRECTION('',(0.,0.,-1.));
#3135=DIRECTION('center_axis',(0.,0.,-1.));
#3136=DIRECTION('ref_axis',(-1.,0.,0.));
#3137=CARTESIAN_POINT('',(0.,0.,0.));
#3138=CARTESIAN_POINT('Origin',(-93.2902846456417,16.7160846787282,89.3979929072196));
#3139=CARTESIAN_POINT('',(-89.2902846456417,16.7160846787282,89.3979929072196));
#3140=CARTESIAN_POINT('',(-91.5125068678639,20.2993103446387,89.3979929072196));
#3141=CARTESIAN_POINT('Origin',(-93.2902846456417,16.7160846787282,89.3979929072196));
#3142=CARTESIAN_POINT('',(-91.5125068678639,20.2993103446387,86.3979929072227));
#3143=CARTESIAN_POINT('',(-91.5125068678639,20.2993103446387,89.3979929072196));
#3144=CARTESIAN_POINT('',(-89.2902846456417,16.7160846787282,86.3979929072263));
#3145=CARTESIAN_POINT('Origin',(-93.2902846456417,16.7160846787282,86.3979929072226));
#3146=CARTESIAN_POINT('',(-89.2902846456417,16.7160846787282,89.3979929072196));
#3147=CARTESIAN_POINT('Origin',(-89.2902846456417,24.7783424270268,89.3979929072196));
#3148=CARTESIAN_POINT('',(-94.2902846456417,24.7783424270268,89.3979929072196));
#3149=CARTESIAN_POINT('Origin',(-89.2902846456417,24.7783424270268,89.3979929072196));
#3150=CARTESIAN_POINT('',(-94.2902846456417,24.7783424270268,86.3979929072264));
#3151=CARTESIAN_POINT('',(-94.2902846456417,24.7783424270268,89.3979929072196));
#3152=CARTESIAN_POINT('Origin',(-89.2902846456417,24.7783424270268,86.3979929072226));
#3153=CARTESIAN_POINT('Origin',(-93.2902846456417,-12.5593998246749,89.3979929072196));
#3154=CARTESIAN_POINT('',(-91.5125068678639,-16.1426254905854,89.3979929072196));
#3155=CARTESIAN_POINT('',(-89.2902846456417,-12.5593998246749,89.3979929072196));
#3156=CARTESIAN_POINT('Origin',(-93.2902846456417,-12.5593998246749,89.3979929072196));
#3157=CARTESIAN_POINT('',(-89.2902846456417,-12.5593998246749,86.3979929072263));
#3158=CARTESIAN_POINT('',(-89.2902846456417,-12.5593998246749,89.3979929072196));
#3159=CARTESIAN_POINT('',(-91.5125068678639,-16.1426254905854,86.3979929072227));
#3160=CARTESIAN_POINT('Origin',(-93.2902846456417,-12.5593998246749,86.3979929072226));
#3161=CARTESIAN_POINT('',(-91.5125068678639,-16.1426254905854,89.3979929072196));
#3162=CARTESIAN_POINT('Origin',(-89.2902846456417,19.7783424270268,89.3979929072196));
#3163=CARTESIAN_POINT('',(-89.2902846456417,11.0575924270263,86.3979929072263));
#3164=CARTESIAN_POINT('',(-89.2902846456417,9.11177122397491,89.3979929072196));
#3165=CARTESIAN_POINT('Origin',(-89.2902846456418,-20.6216575729734,89.3979929072196));
#3166=CARTESIAN_POINT('',(-94.2902846456417,-20.6216575729735,86.3979929072264));
#3167=CARTESIAN_POINT('Origin',(-89.2902846456418,-20.6216575729734,86.3979929072226));
#3168=CARTESIAN_POINT('',(-94.2902846456417,-20.6216575729735,89.3979929072196));
#3169=CARTESIAN_POINT('',(-94.2902846456417,-20.6216575729734,89.3979929072196));
#3170=CARTESIAN_POINT('Origin',(-89.2902846456418,-20.6216575729734,89.3979929072196));
#3171=CARTESIAN_POINT('Origin',(27.25830994911,2.33684242702568,86.3979929072226));
#3172=CARTESIAN_POINT('',(-94.2902846456417,35.1383424270265,86.3979929072265));
#3173=CARTESIAN_POINT('',(-94.2902846456417,-14.3224075729737,86.3979929072265));
#3174=CARTESIAN_POINT('',(-89.2902846456417,40.1383424270266,86.3979929072263));
#3175=CARTESIAN_POINT('Origin',(-89.2902846456417,35.1383424270266,86.3979929072226));
#3176=CARTESIAN_POINT('',(-64.1547988234271,40.1383424270263,86.3979929072255));
#3177=CARTESIAN_POINT('',(-79.0064131900879,40.1383424270264,86.397992907226));
#3178=CARTESIAN_POINT('',(-59.1548388235871,35.1583424270264,86.3979929072225));
#3179=CARTESIAN_POINT('Origin',(-64.1547988234271,35.1383424270263,86.3979929072226));
#3180=CARTESIAN_POINT('',(-54.1548788237471,30.1783424270265,86.3979929072196));
#3181=CARTESIAN_POINT('Origin',(-54.1548788237471,35.1783424270265,86.3979929072226));
#3182=CARTESIAN_POINT('',(14.5062264425683,30.1783424270259,86.3979929072196));
#3183=CARTESIAN_POINT('',(-54.250022468875,30.1783424270265,86.3979929072196));
#3184=CARTESIAN_POINT('',(19.2244195522576,27.4048712731802,86.3979929072196));
#3185=CARTESIAN_POINT('Origin',(14.5062264425683,24.7783424270259,86.3979929072196));
#3186=CARTESIAN_POINT('',(23.593116876044,24.8368424270267,86.3979929072196));
#3187=CARTESIAN_POINT('Origin',(23.593116876044,29.8368424270267,86.3979929072196));
#3188=CARTESIAN_POINT('',(120.864346362658,24.8368424270267,86.3979929072196));
#3189=CARTESIAN_POINT('',(117.434719810492,24.8368424270267,86.3979929072196));
#3190=CARTESIAN_POINT('',(124.864346362658,20.8368424270267,86.3979929072196));
#3191=CARTESIAN_POINT('Origin',(120.864346362658,20.8368424270267,86.3979929072226));
#3192=CARTESIAN_POINT('',(124.864346362658,-15.5631575729697,86.3979929072196));
#3193=CARTESIAN_POINT('',(124.864346362658,-6.613157572972,86.3979929072196));
#3194=CARTESIAN_POINT('',(121.624977531122,-18.8025264045056,86.3979929072197));
#3195=CARTESIAN_POINT('Origin',(121.624977531122,-15.5631575729697,86.3979929072226));
#3196=CARTESIAN_POINT('',(98.7945817297181,-18.8025264045056,86.3979929072204));
#3197=CARTESIAN_POINT('',(62.0264458394139,-18.8025264045056,86.3979929072215));
#3198=CARTESIAN_POINT('',(95.594581729718,-20.4025264045058,86.3979929072205));
#3199=CARTESIAN_POINT('Origin',(98.7945817297181,-22.8025264045056,86.3979929072226));
#3200=CARTESIAN_POINT('',(94.3830197442128,-22.0179423851795,86.3979929072205));
#3201=CARTESIAN_POINT('',(87.5457203360245,-31.1343415960978,86.3979929072208));
#3202=CARTESIAN_POINT('',(91.1830197442127,-23.6179423851796,86.3979929072197));
#3203=CARTESIAN_POINT('Origin',(91.1830197442127,-19.6179423851796,86.3979929072226));
#3204=CARTESIAN_POINT('',(21.1559955514983,-23.6179423851796,86.3979929072196));
#3205=CARTESIAN_POINT('',(8.25830994910948,-23.6179423851796,86.3979929072223));
#3206=CARTESIAN_POINT('',(17.9589911722049,-24.7735746870036,86.3979929072196));
#3207=CARTESIAN_POINT('Origin',(21.1559955514983,-28.6179423851796,86.3979929072196));
#3208=CARTESIAN_POINT('',(14.5062264425681,-26.0216575729735,86.3979929072196));
#3209=CARTESIAN_POINT('Origin',(14.5062264425681,-20.6216575729735,86.3979929072196));
#3210=CARTESIAN_POINT('',(-54.1548788237471,-26.0216575729735,86.3979929072196));
#3211=CARTESIAN_POINT('',(-7.30002246887504,-26.0216575729735,86.3979929072196));
#3212=CARTESIAN_POINT('',(-59.1548388235871,-31.0016575729732,86.3979929072225));
#3213=CARTESIAN_POINT('Origin',(-54.1548788237471,-31.0216575729735,86.3979929072226));
#3214=CARTESIAN_POINT('',(-64.1547988234271,-35.981657572973,86.3979929072255));
#3215=CARTESIAN_POINT('Origin',(-64.1547988234271,-30.981657572973,86.3979929072226));
#3216=CARTESIAN_POINT('',(-89.2902846456417,-35.9816575729733,86.3979929072263));
#3217=CARTESIAN_POINT('',(-74.4386702789806,-35.9816575729731,86.3979929072258));
#3218=CARTESIAN_POINT('',(-94.2902846456417,-30.9816575729733,86.3979929072265));
#3219=CARTESIAN_POINT('Origin',(-89.2902846456417,-30.9816575729733,86.3979929072226));
#3220=CARTESIAN_POINT('',(-94.2902846456417,-14.3224075729737,86.3979929072265));
#3221=CARTESIAN_POINT('',(-74.9047988234298,-30.9816575729731,86.3979929072229));
#3222=CARTESIAN_POINT('Origin',(-72.1547988234298,-30.9816575729731,86.3979929072226));
#3223=CARTESIAN_POINT('',(-84.0402846456452,35.1383424270268,86.3979929072229));
#3224=CARTESIAN_POINT('Origin',(-81.2902846456451,35.1383424270268,86.3979929072226));
#3225=CARTESIAN_POINT('',(-84.0402846456444,-30.9816575729732,86.3979929072229));
#3226=CARTESIAN_POINT('Origin',(-81.2902846456444,-30.9816575729732,86.3979929072226));
#3227=CARTESIAN_POINT('',(-74.9047988234307,35.138342427027,86.3979929072229));
#3228=CARTESIAN_POINT('Origin',(-72.1547988234307,35.138342427027,86.3979929072226));
#3229=CARTESIAN_POINT('',(-68.144022468875,24.7783424270265,86.3979929072196));
#3230=CARTESIAN_POINT('Origin',(-69.394022468875,24.7783424270265,86.3979929072196));
#3231=CARTESIAN_POINT('',(-68.144022468875,-20.6216575729736,86.3979929072196));
#3232=CARTESIAN_POINT('Origin',(-69.394022468875,-20.6216575729736,86.3979929072196));
#3233=CARTESIAN_POINT('',(-81.7076535572583,8.07834242702664,86.3979929072226));
#3234=CARTESIAN_POINT('Origin',(-80.2076535572583,8.07834242702664,86.3979929072226));
#3235=CARTESIAN_POINT('',(-81.7076535572583,-3.92165757297336,86.3979929072226));
#3236=CARTESIAN_POINT('Origin',(-80.2076535572583,-3.92165757297336,86.3979929072226));
#3237=CARTESIAN_POINT('',(-64.7250224688753,-15.8941071396181,86.3979929072255));
#3238=CARTESIAN_POINT('',(-69.7250224688753,-10.8941071396181,86.3979929072257));
#3239=CARTESIAN_POINT('Origin',(-64.7250224688753,-10.8941071396181,86.3979929072226));
#3240=CARTESIAN_POINT('',(-49.0325800850257,-15.8941071396181,86.397992907225));
#3241=CARTESIAN_POINT('',(-8.3871350679579,-15.8941071396181,86.3979929072238));
#3242=CARTESIAN_POINT('',(-44.0325800850257,-10.8941071396181,86.3979929072249));
#3243=CARTESIAN_POINT('Origin',(-49.0325800850257,-10.8941071396181,86.3979929072226));
#3244=CARTESIAN_POINT('',(-44.0325800850257,15.0508000392816,86.3979929072249));
#3245=CARTESIAN_POINT('',(-44.0325800850257,11.1938212331536,86.3979929072249));
#3246=CARTESIAN_POINT('',(-49.0325800850257,20.0508000392816,86.397992907225));
#3247=CARTESIAN_POINT('Origin',(-49.0325800850257,15.0508000392816,86.3979929072226));
#3248=CARTESIAN_POINT('',(-64.7250224688753,20.0508000392816,86.3979929072255));
#3249=CARTESIAN_POINT('',(-21.2333562598827,20.0508000392816,86.3979929072242));
#3250=CARTESIAN_POINT('',(-69.7250224688753,15.0508000392816,86.3979929072257));
#3251=CARTESIAN_POINT('Origin',(-64.7250224688753,15.0508000392816,86.3979929072226));
#3252=CARTESIAN_POINT('',(-69.7250224688753,-6.77863235629622,86.3979929072257));
#3253=CARTESIAN_POINT('',(15.7562264425681,24.7783424270265,86.3979929072196));
#3254=CARTESIAN_POINT('Origin',(14.5062264425681,24.7783424270265,86.3979929072196));
#3255=CARTESIAN_POINT('',(15.7562264425681,-20.6216575729735,86.3979929072196));
#3256=CARTESIAN_POINT('Origin',(14.5062264425681,-20.6216575729735,86.3979929072196));
#3257=CARTESIAN_POINT('',(5.97309211809657,20.0508000392816,86.3979929072233));
#3258=CARTESIAN_POINT('',(-11.3685517553603,20.0508001201292,86.3979929072239));
#3259=CARTESIAN_POINT('',(7.94487909687481,20.0508000392816,86.3979929072232));
#3260=CARTESIAN_POINT('',(-14.4731772876423,19.0349086552292,86.3979929072239));
#3261=CARTESIAN_POINT('Origin',(-11.3692032486002,14.8008834110444,86.3979929072226));
#3262=CARTESIAN_POINT('',(-21.4322880748279,13.9331630994879,86.3979929072242));
#3263=CARTESIAN_POINT('',(-8.36208816286936,23.5149669179111,86.3979929072238));
#3264=CARTESIAN_POINT('',(-23.0673179082597,10.7071923395154,86.3979929072242));
#3265=CARTESIAN_POINT('Origin',(-19.067317096402,10.7071923540376,86.3979929072226));
#3266=CARTESIAN_POINT('',(-23.0673179082597,2.07834648254884,86.3979929072242));
#3267=CARTESIAN_POINT('',(-23.0673179082597,2.20759445478726,86.3979929072242));
#3268=CARTESIAN_POINT('',(-23.0673178456097,-6.5504993744177,86.3979929072242));
#3269=CARTESIAN_POINT('',(-23.0673178778731,-2.10682865639146,86.3979929072242));
#3270=CARTESIAN_POINT('',(-21.4322878089616,-9.77647488257764,86.3979929072242));
#3271=CARTESIAN_POINT('Origin',(-19.0673175396563,-6.55049935989782,86.3979929072226));
#3272=CARTESIAN_POINT('',(-14.4731772362294,-14.8782157255382,86.3979929072239));
#3273=CARTESIAN_POINT('',(-5.0057827144569,-21.8187856163807,86.3979929072237));
#3274=CARTESIAN_POINT('',(-11.3692031562278,-15.8941071396181,86.3979929072239));
#3275=CARTESIAN_POINT('Origin',(-11.3692031562278,-10.6441905113809,86.3979929072226));
#3276=CARTESIAN_POINT('',(5.97309211809657,-15.8941071396181,86.3979929072233));
#3277=CARTESIAN_POINT('',(16.6157010336032,-15.8941071396181,86.397992907223));
#3278=CARTESIAN_POINT('',(9.07706610572575,-14.8782157255382,86.3979929072196));
#3279=CARTESIAN_POINT('Origin',(5.97309202572418,-10.6441905113809,86.3979929072196));
#3280=CARTESIAN_POINT('',(16.0361766784579,-9.77647488257764,86.3979929072196));
#3281=CARTESIAN_POINT('',(19.4837514434501,-7.249049458898,86.3979929072196));
#3282=CARTESIAN_POINT('',(17.671206715106,-6.5504993744177,86.3979929072196));
#3283=CARTESIAN_POINT('Origin',(13.6712064091527,-6.55049935989782,86.3979929072196));
#3284=CARTESIAN_POINT('',(17.6712069587158,2.07834648254884,86.3979929072196));
#3285=CARTESIAN_POINT('',(17.6712069074302,0.261773293215989,86.3979929072196));
#3286=CARTESIAN_POINT('',(17.6712067777561,10.7071923395154,86.3979929072196));
#3287=CARTESIAN_POINT('',(17.6712069063321,4.57619614940669,86.3979929072196));
#3288=CARTESIAN_POINT('',(16.0361792734954,13.9331662766254,86.3979929072196));
#3289=CARTESIAN_POINT('Origin',(13.6712059658984,10.7071923540376,86.3979929072196));
#3290=CARTESIAN_POINT('',(9.07706622883947,19.0349087530339,86.3979929072196));
#3291=CARTESIAN_POINT('',(17.7366009692608,12.6865769718808,86.3979929072196));
#3292=CARTESIAN_POINT('Origin',(5.97309211809657,14.8008834110444,86.3979929072196));
#3293=CARTESIAN_POINT('',(115.444462089863,9.3446272392308,86.3979929072196));
#3294=CARTESIAN_POINT('Origin',(113.944462089863,9.3446272392308,86.3979929072196));
#3295=CARTESIAN_POINT('',(92.1830197442128,-18.6179423851796,86.3979929072196));
#3296=CARTESIAN_POINT('Origin',(90.6830197442128,-18.6179423851796,86.3979929072196));
#3297=CARTESIAN_POINT('',(79.5974452672073,15.5083424270256,86.3979929072196));
#3298=CARTESIAN_POINT('Origin',(78.0974452672073,15.5083424270256,86.3979929072196));
#3299=CARTESIAN_POINT('',(104.241642367094,2.07834242702559,86.3979929072196));
#3300=CARTESIAN_POINT('Origin',(94.2416423670943,2.07834242702559,86.3979929072196));
#3301=CARTESIAN_POINT('',(63.6340902648957,13.4119936307215,86.3979929072196));
#3302=CARTESIAN_POINT('',(31.6340902648957,13.4119936307247,86.3979929072196));
#3303=CARTESIAN_POINT('',(62.9378663159671,13.411993630718,86.3979929072206));
#3304=CARTESIAN_POINT('',(25.6712066597108,8.07834645350671,86.3979929072196));
#3305=CARTESIAN_POINT('Origin',(31.634090264578,7.41199297736099,86.3979929072196));
#3306=CARTESIAN_POINT('',(25.6712066597108,2.07834645350671,86.3979929072196));
#3307=CARTESIAN_POINT('',(25.6712066597108,0.261773237214848,86.3979929072196));
#3308=CARTESIAN_POINT('',(25.6712066161476,-3.92165354649329,86.3979929072196));
#3309=CARTESIAN_POINT('',(25.6712066247399,-2.7382267811597,86.3979929072196));
#3310=CARTESIAN_POINT('',(31.6340901826074,-9.25530076700503,86.3979929072196));
#3311=CARTESIAN_POINT('Origin',(31.6340902258529,-3.25530011364128,86.3979929072196));
#3312=CARTESIAN_POINT('',(63.6340901826074,-9.25530099933885,86.3979929072196));
#3313=CARTESIAN_POINT('',(78.9378662327985,-9.25530111020839,86.3979929072201));
#3314=CARTESIAN_POINT('',(69.5969738265162,-3.92165386541332,86.3979929072196));
#3315=CARTESIAN_POINT('Origin',(63.634090226487,-3.25530034597505,86.3979929072196));
#3316=CARTESIAN_POINT('',(69.5969738700782,2.07834613458668,86.3979929072196));
#3317=CARTESIAN_POINT('',(69.5969738710166,2.20759437027041,86.3979929072204));
#3318=CARTESIAN_POINT('',(69.5969738700795,8.07834645350228,86.3979929072196));
#3319=CARTESIAN_POINT('',(69.5969738700789,5.20759444026646,86.3979929072204));
#3320=CARTESIAN_POINT('Origin',(63.6340902652121,7.41199297735774,86.3979929072196));
#3321=CARTESIAN_POINT('',(119.474977531122,-15.5631575729697,86.3979929072196));
#3322=CARTESIAN_POINT('Origin',(121.624977531122,-15.5631575729697,86.3979929072226));
#3323=CARTESIAN_POINT('',(23.6749775311225,-15.5631575729733,86.3979929072196));
#3324=CARTESIAN_POINT('Origin',(25.8249775311225,-15.5631575729733,86.3979929072226));
#3325=CARTESIAN_POINT('',(119.474977531121,20.2368424270303,86.3979929072196));
#3326=CARTESIAN_POINT('Origin',(121.624977531121,20.2368424270303,86.3979929072226));
#3327=CARTESIAN_POINT('',(23.6749775311212,20.2368424270267,86.3979929072196));
#3328=CARTESIAN_POINT('Origin',(25.8249775311211,20.2368424270267,86.3979929072226));
#3329=CARTESIAN_POINT('',(-32.0499489966427,-3.92165757297358,86.3979929072226));
#3330=CARTESIAN_POINT('Origin',(-33.5499489966427,-3.92165757297358,86.3979929072226));
#3331=CARTESIAN_POINT('',(-32.0499489966427,8.07834242702664,86.3979929072226));
#3332=CARTESIAN_POINT('Origin',(-33.5499489966427,8.07834242702664,86.3979929072226));
#3333=CARTESIAN_POINT('Origin',(-94.2902846456417,-30.9816575729732,89.3979929072196));
#3334=CARTESIAN_POINT('',(-94.2902846456417,35.1383424270265,89.3979929072196));
#3335=CARTESIAN_POINT('',(-94.2902846456417,-16.2682287760251,89.3979929072196));
#3336=CARTESIAN_POINT('',(-94.2902846456417,35.1383424270266,89.3979929072196));
#3337=CARTESIAN_POINT('Origin',(-54.1548788237471,-31.0216575729735,89.3979929072196));
#3338=CARTESIAN_POINT('',(-59.1548388235871,-31.0016575729732,89.3979929072196));
#3339=CARTESIAN_POINT('',(-54.1548788237471,-26.0216575729735,89.3979929072196));
#3340=CARTESIAN_POINT('Origin',(-54.1548788237471,-31.0216575729735,89.3979929072196));
#3341=CARTESIAN_POINT('',(-59.1548388235871,-31.0016575729732,89.3979929072196));
#3342=CARTESIAN_POINT('',(-54.1548788237471,-26.0216575729735,89.3979929072196));
#3343=CARTESIAN_POINT('Origin',(16.174977531125,-26.0216575729735,89.3979929072196));
#3344=CARTESIAN_POINT('',(14.5062264425681,-26.0216575729735,89.3979929072196));
#3345=CARTESIAN_POINT('',(14.5062264425681,-26.0216575729735,89.3979929072196));
#3346=CARTESIAN_POINT('',(19.9062264425681,-26.0216575729735,89.3979929072196));
#3347=CARTESIAN_POINT('Origin',(-54.1548788237471,35.1783424270265,89.3979929072196));
#3348=CARTESIAN_POINT('',(-59.1548388235871,35.1583424270264,89.3979929072196));
#3349=CARTESIAN_POINT('',(-59.1548388235871,35.1583424270264,89.3979929072196));
#3350=CARTESIAN_POINT('',(-54.1548788237471,30.1783424270265,89.3979929072196));
#3351=CARTESIAN_POINT('Origin',(-54.1548788237471,35.1783424270265,89.3979929072196));
#3352=CARTESIAN_POINT('',(-54.1548788237471,30.1783424270265,89.3979929072196));
#3353=CARTESIAN_POINT('Origin',(-77.725022468875,30.1783424270265,89.3979929072196));
#3354=CARTESIAN_POINT('',(14.5062264425683,30.1783424270259,89.3979929072196));
#3355=CARTESIAN_POINT('',(16.174977531125,30.1783424270265,89.3979929072196));
#3356=CARTESIAN_POINT('',(14.5062264425683,30.1783424270259,89.3979929072196));
#3357=CARTESIAN_POINT('Origin',(-89.2902846456417,35.1383424270266,89.3979929072196));
#3358=CARTESIAN_POINT('',(-89.2902846456417,40.1383424270266,89.3979929072196));
#3359=CARTESIAN_POINT('Origin',(-89.2902846456417,35.1383424270266,89.3979929072196));
#3360=CARTESIAN_POINT('',(-89.2902846456417,40.1383424270266,89.3979929072196));
#3361=CARTESIAN_POINT('Origin',(-81.2902846456416,40.1383424270265,89.3979929072196));
#3362=CARTESIAN_POINT('',(-64.1547988234271,40.1383424270263,89.3979929072196));
#3363=CARTESIAN_POINT('',(-81.2902846456416,40.1383424270265,89.3979929072196));
#3364=CARTESIAN_POINT('',(-64.1547988234271,40.1383424270263,89.3979929072196));
#3365=CARTESIAN_POINT('Origin',(20.6097198104937,-1.55479997907702,89.3979929072196));
#3366=CARTESIAN_POINT('',(-94.2902846456417,-30.9816575729733,89.3979929072196));
#3367=CARTESIAN_POINT('',(-94.2902846456417,-16.2682287760251,89.3979929072196));
#3368=CARTESIAN_POINT('',(-89.2902846456417,-35.9816575729733,89.3979929072196));
#3369=CARTESIAN_POINT('Origin',(-89.2902846456417,-30.9816575729733,89.3979929072196));
#3370=CARTESIAN_POINT('',(-64.1547988234271,-35.981657572973,89.3979929072196));
#3371=CARTESIAN_POINT('',(-81.2902846456416,-35.9816575729732,89.3979929072196));
#3372=CARTESIAN_POINT('Origin',(-64.1547988234271,-30.981657572973,89.3979929072196));
#3373=CARTESIAN_POINT('',(17.9589911722049,-24.7735746870036,89.3979929072196));
#3374=CARTESIAN_POINT('Origin',(14.5062264425681,-20.6216575729735,89.3979929072196));
#3375=CARTESIAN_POINT('',(21.1559955514983,-23.6179423851796,89.3979929072196));
#3376=CARTESIAN_POINT('Origin',(21.1559955514983,-28.6179423851796,89.3979929072196));
#3377=CARTESIAN_POINT('',(91.1830197442127,-23.6179423851796,89.3979929072196));
#3378=CARTESIAN_POINT('',(126.624977531121,-23.6179423851796,89.3979929072196));
#3379=CARTESIAN_POINT('',(94.3830197442128,-22.0179423851795,89.3979929072196));
#3380=CARTESIAN_POINT('Origin',(91.1830197442127,-19.6179423851796,89.3979929072196));
#3381=CARTESIAN_POINT('',(95.594581729718,-20.4025264045058,89.3979929072196));
#3382=CARTESIAN_POINT('',(85.4149799336091,-33.9753287993186,89.3979929072196));
#3383=CARTESIAN_POINT('',(98.7945817297181,-18.8025264045056,89.3979929072196));
#3384=CARTESIAN_POINT('Origin',(98.7945817297181,-22.8025264045056,89.3979929072196));
#3385=CARTESIAN_POINT('',(121.624977531122,-18.8025264045056,89.3979929072196));
#3386=CARTESIAN_POINT('',(58.7021507701059,-18.8025264045056,89.3979929072196));
#3387=CARTESIAN_POINT('',(124.864346362658,-15.5631575729697,89.3979929072196));
#3388=CARTESIAN_POINT('Origin',(121.624977531122,-15.5631575729697,89.3979929072196));
#3389=CARTESIAN_POINT('',(124.864346362658,20.8368424270267,89.3979929072196));
#3390=CARTESIAN_POINT('',(124.864346362658,-8.55897877602335,89.3979929072196));
#3391=CARTESIAN_POINT('',(120.864346362658,24.8368424270267,89.3979929072196));
#3392=CARTESIAN_POINT('Origin',(120.864346362658,20.8368424270267,89.3979929072196));
#3393=CARTESIAN_POINT('',(23.593116876044,24.8368424270267,89.3979929072196));
#3394=CARTESIAN_POINT('',(16.174977531125,24.8368424270267,89.3979929072196));
#3395=CARTESIAN_POINT('',(19.2244195522576,27.4048712731802,89.3979929072196));
#3396=CARTESIAN_POINT('Origin',(23.593116876044,29.8368424270267,89.3979929072196));
#3397=CARTESIAN_POINT('Origin',(14.5062264425683,24.7783424270259,89.3979929072196));
#3398=CARTESIAN_POINT('Origin',(-64.1547988234271,35.1383424270263,89.3979929072196));
#3399=CARTESIAN_POINT('',(-77.4576535572583,8.07834242702664,89.3979929072196));
#3400=CARTESIAN_POINT('Origin',(-80.2076535572583,8.07834242702664,89.3979929072196));
#3401=CARTESIAN_POINT('',(-77.4576535572583,-3.92165757297336,89.3979929072196));
#3402=CARTESIAN_POINT('Origin',(-80.2076535572583,-3.92165757297336,89.3979929072196));
#3403=CARTESIAN_POINT('',(-68.144022468875,-20.6216575729736,89.3979929072196));
#3404=CARTESIAN_POINT('Origin',(-69.394022468875,-20.6216575729736,89.3979929072196));
#3405=CARTESIAN_POINT('',(-68.144022468875,24.7783424270265,89.3979929072196));
#3406=CARTESIAN_POINT('Origin',(-69.394022468875,24.7783424270265,89.3979929072196));
#3407=CARTESIAN_POINT('',(-79.7902846456417,-30.9816575729732,89.3979929072196));
#3408=CARTESIAN_POINT('Origin',(-81.2902846456417,-30.9816575729732,89.3979929072196));
#3409=CARTESIAN_POINT('',(-70.6547988234271,-30.9816575729731,89.3979929072196));
#3410=CARTESIAN_POINT('Origin',(-72.1547988234271,-30.9816575729731,89.3979929072196));
#3411=CARTESIAN_POINT('',(-70.6547988234279,35.138342427027,89.3979929072196));
#3412=CARTESIAN_POINT('Origin',(-72.1547988234279,35.138342427027,89.3979929072196));
#3413=CARTESIAN_POINT('',(-79.7902846456424,35.1383424270268,89.3979929072196));
#3414=CARTESIAN_POINT('Origin',(-81.2902846456424,35.1383424270268,89.3979929072196));
#3415=CARTESIAN_POINT('',(93.7830197442128,-18.6179423851796,89.3979929072196));
#3416=CARTESIAN_POINT('Origin',(90.6830197442128,-18.6179423851796,89.3979929072196));
#3417=CARTESIAN_POINT('',(117.044462089863,9.3446272392308,89.3979929072196));
#3418=CARTESIAN_POINT('Origin',(113.944462089863,9.3446272392308,89.3979929072196));
#3419=CARTESIAN_POINT('',(81.1974452672073,15.5083424270256,89.3979929072196));
#3420=CARTESIAN_POINT('Origin',(78.0974452672073,15.5083424270256,89.3979929072196));
#3421=CARTESIAN_POINT('',(15.7562264425681,24.7783424270265,89.3979929072196));
#3422=CARTESIAN_POINT('Origin',(14.5062264425681,24.7783424270265,89.3979929072196));
#3423=CARTESIAN_POINT('',(15.7562264425681,-20.6216575729735,89.3979929072196));
#3424=CARTESIAN_POINT('Origin',(14.5062264425681,-20.6216575729735,89.3979929072196));
#3425=CARTESIAN_POINT('',(104.241642367094,2.07834242702559,89.3979929072196));
#3426=CARTESIAN_POINT('Origin',(94.2416423670943,2.07834242702559,89.3979929072196));
#3427=CARTESIAN_POINT('',(25.6712066597108,2.07834645350671,89.3979929072196));
#3428=CARTESIAN_POINT('',(25.6712066597108,8.07834645350671,89.3979929072196));
#3429=CARTESIAN_POINT('',(25.6712066597108,0.261773237214848,89.3979929072196));
#3430=CARTESIAN_POINT('',(31.6340902648957,13.4119936307247,89.3979929072196));
#3431=CARTESIAN_POINT('Origin',(31.634090264578,7.41199297736099,89.3979929072196));
#3432=CARTESIAN_POINT('',(63.6340902648957,13.4119936307215,89.3979929072196));
#3433=CARTESIAN_POINT('',(26.1219050376571,13.411993630533,89.3979929072196));
#3434=CARTESIAN_POINT('',(69.5969738700795,8.07834645350228,89.3979929072196));
#3435=CARTESIAN_POINT('Origin',(63.6340902652121,7.41199297735774,89.3979929072196));
#3436=CARTESIAN_POINT('',(69.5969738700782,2.07834613458668,89.3979929072196));
#3437=CARTESIAN_POINT('',(69.5969738700785,3.2617732372077,89.3979929072196));
#3438=CARTESIAN_POINT('',(69.5969738265162,-3.92165386541332,89.3979929072196));
#3439=CARTESIAN_POINT('',(69.5969738568893,0.261772899922978,89.3979929072196));
#3440=CARTESIAN_POINT('',(63.6340901826074,-9.25530099933885,89.3979929072196));
#3441=CARTESIAN_POINT('Origin',(63.634090226487,-3.25530034597505,89.3979929072196));
#3442=CARTESIAN_POINT('',(31.6340901826074,-9.25530076700503,89.3979929072196));
#3443=CARTESIAN_POINT('',(42.1219049686158,-9.25530084309734,89.3979929072196));
#3444=CARTESIAN_POINT('',(25.6712066161476,-3.92165354649329,89.3979929072196));
#3445=CARTESIAN_POINT('Origin',(31.6340902258529,-3.25530011364128,89.3979929072196));
#3446=CARTESIAN_POINT('',(25.6712066247399,-2.7382267811597,89.3979929072196));
#3447=CARTESIAN_POINT('',(122.774977531122,-15.5631575729697,89.3979929072196));
#3448=CARTESIAN_POINT('Origin',(121.624977531122,-15.5631575729697,89.3979929072196));
#3449=CARTESIAN_POINT('',(26.9749775311225,-15.5631575729733,89.3979929072196));
#3450=CARTESIAN_POINT('Origin',(25.8249775311225,-15.5631575729733,89.3979929072196));
#3451=CARTESIAN_POINT('',(26.9749775311212,20.2368424270267,89.3979929072196));
#3452=CARTESIAN_POINT('Origin',(25.8249775311211,20.2368424270267,89.3979929072196));
#3453=CARTESIAN_POINT('',(122.774977531121,20.2368424270303,89.3979929072196));
#3454=CARTESIAN_POINT('Origin',(121.624977531121,20.2368424270303,89.3979929072196));
#3455=CARTESIAN_POINT('',(-30.7999489966427,-3.92165757297358,89.3979929072196));
#3456=CARTESIAN_POINT('Origin',(-33.5499489966427,-3.92165757297358,89.3979929072196));
#3457=CARTESIAN_POINT('',(-30.7999489966427,8.07834242702664,89.3979929072196));
#3458=CARTESIAN_POINT('Origin',(-33.5499489966427,8.07834242702664,89.3979929072196));
#3459=CARTESIAN_POINT('',(-11.3685517553603,20.0508001201292,89.3979929072196));
#3460=CARTESIAN_POINT('',(5.97309211809657,20.0508000392816,89.3979929072196));
#3461=CARTESIAN_POINT('',(4.62058402756673,20.0508000392816,89.3979929072196));
#3462=CARTESIAN_POINT('',(9.07706622883947,19.0349087530339,89.3979929072196));
#3463=CARTESIAN_POINT('Origin',(5.97309211809657,14.8008834110444,89.3979929072196));
#3464=CARTESIAN_POINT('',(16.0361792734954,13.9331662766254,89.3979929072196));
#3465=CARTESIAN_POINT('',(17.7366009692608,12.6865769718808,89.3979929072196));
#3466=CARTESIAN_POINT('',(17.6712067777561,10.7071923395154,89.3979929072196));
#3467=CARTESIAN_POINT('Origin',(13.6712059658984,10.7071923540376,89.3979929072196));
#3468=CARTESIAN_POINT('',(17.6712069587158,2.07834648254884,89.3979929072196));
#3469=CARTESIAN_POINT('',(17.6712069063321,4.57619614940669,89.3979929072196));
#3470=CARTESIAN_POINT('',(17.671206715106,-6.5504993744177,89.3979929072196));
#3471=CARTESIAN_POINT('',(17.6712069074302,0.261773293215989,89.3979929072196));
#3472=CARTESIAN_POINT('',(16.0361766784579,-9.77647488257764,89.3979929072196));
#3473=CARTESIAN_POINT('Origin',(13.6712064091527,-6.55049935989782,89.3979929072196));
#3474=CARTESIAN_POINT('',(9.07706610572575,-14.8782157255382,89.3979929072196));
#3475=CARTESIAN_POINT('',(19.4837514434501,-7.249049458898,89.3979929072196));
#3476=CARTESIAN_POINT('',(5.97309211809657,-15.8941071396181,89.3979929072196));
#3477=CARTESIAN_POINT('Origin',(5.97309202572418,-10.6441905113809,89.3979929072196));
#3478=CARTESIAN_POINT('',(-11.3692031562278,-15.8941071396181,89.3979929072196));
#3479=CARTESIAN_POINT('',(13.2914059642952,-15.8941071396181,89.3979929072196));
#3480=CARTESIAN_POINT('',(-14.4731772362294,-14.8782157255382,89.3979929072196));
#3481=CARTESIAN_POINT('Origin',(-11.3692031562278,-10.6441905113809,89.3979929072196));
#3482=CARTESIAN_POINT('',(-21.4322878089616,-9.77647488257764,89.3979929072196));
#3483=CARTESIAN_POINT('',(-6.24017875815037,-20.9138468822304,89.3979929072196));
#3484=CARTESIAN_POINT('',(-23.0673178456097,-6.5504993744177,89.3979929072196));
#3485=CARTESIAN_POINT('Origin',(-19.0673175396563,-6.55049935989782,89.3979929072196));
#3486=CARTESIAN_POINT('',(-23.0673179082597,2.07834648254884,89.3979929072196));
#3487=CARTESIAN_POINT('',(-23.0673178637454,-4.05264983530665,89.3979929072196));
#3488=CARTESIAN_POINT('',(-23.0673179082597,10.7071923395154,89.3979929072196));
#3489=CARTESIAN_POINT('',(-23.0673179082597,0.261773251735912,89.3979929072196));
#3490=CARTESIAN_POINT('',(-21.4322880748279,13.9331630994879,89.3979929072196));
#3491=CARTESIAN_POINT('Origin',(-19.067317096402,10.7071923540376,89.3979929072196));
#3492=CARTESIAN_POINT('',(-14.4731772876423,19.0349086552292,89.3979929072196));
#3493=CARTESIAN_POINT('',(-11.4521483902628,21.2496342462275,89.3979929072196));
#3494=CARTESIAN_POINT('Origin',(-11.3692032486002,14.8008834110444,89.3979929072196));
#3495=CARTESIAN_POINT('',(-64.7250224688753,20.0508000392816,89.3979929072196));
#3496=CARTESIAN_POINT('',(-69.7250224688753,15.0508000392816,89.3979929072196));
#3497=CARTESIAN_POINT('Origin',(-64.7250224688753,15.0508000392816,89.3979929072196));
#3498=CARTESIAN_POINT('',(-49.0325800850257,20.0508000392816,89.3979929072196));
#3499=CARTESIAN_POINT('',(-24.5576513291908,20.0508000392816,89.3979929072196));
#3500=CARTESIAN_POINT('',(-44.0325800850257,15.0508000392816,89.3979929072196));
#3501=CARTESIAN_POINT('Origin',(-49.0325800850257,15.0508000392816,89.3979929072196));
#3502=CARTESIAN_POINT('',(-44.0325800850257,-10.8941071396181,89.3979929072196));
#3503=CARTESIAN_POINT('',(-44.0325800850257,9.24800003010229,89.3979929072196));
#3504=CARTESIAN_POINT('',(-49.0325800850257,-15.8941071396181,89.3979929072196));
#3505=CARTESIAN_POINT('Origin',(-49.0325800850257,-10.8941071396181,89.3979929072196));
#3506=CARTESIAN_POINT('',(-64.7250224688753,-15.8941071396181,89.3979929072196));
#3507=CARTESIAN_POINT('',(-11.711430137266,-15.8941071396181,89.3979929072196));
#3508=CARTESIAN_POINT('',(-69.7250224688753,-10.8941071396181,89.3979929072196));
#3509=CARTESIAN_POINT('Origin',(-64.7250224688753,-10.8941071396181,89.3979929072196));
#3510=CARTESIAN_POINT('',(-69.7250224688753,-8.72445355934757,89.3979929072196));
#3511=CARTESIAN_POINT('Origin',(-89.2902846456417,-30.9816575729733,89.3979929072196));
#3512=CARTESIAN_POINT('',(-89.2902846456417,-35.9816575729733,89.3979929072196));
#3513=CARTESIAN_POINT('',(-94.2902846456417,-30.9816575729733,89.3979929072196));
#3514=CARTESIAN_POINT('Origin',(-72.1547988234271,-35.9816575729731,89.3979929072196));
#3515=CARTESIAN_POINT('',(-64.1547988234271,-35.981657572973,89.3979929072196));
#3516=CARTESIAN_POINT('Origin',(-94.2902846456417,-30.9816575729732,89.3979929072196));
#3517=CARTESIAN_POINT('Origin',(-64.1547988234271,35.1383424270263,89.3979929072196));
#3518=CARTESIAN_POINT('Origin',(-64.1547988234271,-30.981657572973,89.3979929072196));
#3519=CARTESIAN_POINT('Origin',(-11.3685517553603,20.0508000392816,89.3979929072196));
#3520=CARTESIAN_POINT('',(5.97309211809657,20.0508000392816,89.3979929072196));
#3521=CARTESIAN_POINT('',(-11.3685517553603,20.0508001201292,89.3979929072196));
#3522=CARTESIAN_POINT('Origin',(-11.3692032486002,14.8008834110444,89.3979929072196));
#3523=CARTESIAN_POINT('',(-14.4731772876423,19.0349086552292,89.3979929072196));
#3524=CARTESIAN_POINT('Origin',(-21.4322880748279,13.9331630994879,89.3979929072196));
#3525=CARTESIAN_POINT('',(-21.4322880748279,13.9331630994879,89.3979929072196));
#3526=CARTESIAN_POINT('Origin',(-19.067317096402,10.7071923540376,89.3979929072196));
#3527=CARTESIAN_POINT('',(-23.0673179082597,10.7071923395154,89.3979929072196));
#3528=CARTESIAN_POINT('Origin',(-23.0673179082597,2.07834648254884,89.3979929072196));
#3529=CARTESIAN_POINT('',(-23.0673179082597,2.07834648254884,89.3979929072196));
#3530=CARTESIAN_POINT('Origin',(-23.0673178456097,-6.5504993744177,89.3979929072196));
#3531=CARTESIAN_POINT('',(-23.0673178456097,-6.5504993744177,89.3979929072196));
#3532=CARTESIAN_POINT('Origin',(-19.0673175396563,-6.55049935989782,89.3979929072196));
#3533=CARTESIAN_POINT('',(-21.4322878089616,-9.77647488257764,89.3979929072196));
#3534=CARTESIAN_POINT('Origin',(-14.4731772362294,-14.8782157255382,89.3979929072196));
#3535=CARTESIAN_POINT('',(-14.4731772362294,-14.8782157255382,89.3979929072196));
#3536=CARTESIAN_POINT('Origin',(-11.3692031562278,-10.6441905113809,89.3979929072196));
#3537=CARTESIAN_POINT('',(-11.3692031562278,-15.8941071396181,89.3979929072196));
#3538=CARTESIAN_POINT('Origin',(5.97309211809657,-15.8941071396181,89.3979929072196));
#3539=CARTESIAN_POINT('',(5.97309202572418,-15.8941071396181,89.3979929072196));
#3540=CARTESIAN_POINT('Origin',(5.97309211809657,14.8008834110444,89.3979929072196));
#3541=CARTESIAN_POINT('',(9.07706622883947,19.0349087530339,89.3979929072196));
#3542=CARTESIAN_POINT('Origin',(-64.7250224688753,-10.8941071396181,89.3979929072196));
#3543=CARTESIAN_POINT('',(-64.7250224688753,-15.8941071396181,89.3979929072196));
#3544=CARTESIAN_POINT('',(-69.7250224688753,-10.8941071396181,89.3979929072196));
#3545=CARTESIAN_POINT('Origin',(-44.0325800850257,-15.8941071396181,89.3979929072196));
#3546=CARTESIAN_POINT('',(-49.0325800850257,-15.8941071396181,89.3979929072196));
#3547=CARTESIAN_POINT('Origin',(-49.0325800850257,-10.8941071396181,89.3979929072196));
#3548=CARTESIAN_POINT('',(-44.0325800850257,-10.8941071396181,89.3979929072196));
#3549=CARTESIAN_POINT('Origin',(-44.0325800850257,20.0508000392816,89.3979929072196));
#3550=CARTESIAN_POINT('',(-44.0325800850257,15.0508000392816,89.3979929072196));
#3551=CARTESIAN_POINT('Origin',(-49.0325800850257,15.0508000392816,89.3979929072196));
#3552=CARTESIAN_POINT('',(-49.0325800850257,20.0508000392816,89.3979929072196));
#3553=CARTESIAN_POINT('Origin',(-69.7250224688753,20.0508000392816,89.3979929072196));
#3554=CARTESIAN_POINT('',(-64.7250224688753,20.0508000392816,89.3979929072196));
#3555=CARTESIAN_POINT('Origin',(-64.7250224688753,15.0508000392816,89.3979929072196));
#3556=CARTESIAN_POINT('',(-69.7250224688753,15.0508000392816,89.3979929072196));
#3557=CARTESIAN_POINT('Origin',(-69.7250224688753,-15.8941071396181,89.3979929072196));
#3558=CARTESIAN_POINT('Origin',(-33.5499489966427,8.07834242702664,89.3979929072196));
#3559=CARTESIAN_POINT('',(-32.0499489966427,8.07834242702664,88.3979929072196));
#3560=CARTESIAN_POINT('Origin',(-33.5499489966427,8.07834242702664,88.3979929072196));
#3561=CARTESIAN_POINT('',(-32.0499489966427,8.07834242702664,89.3979929072196));
#3562=CARTESIAN_POINT('Origin',(-33.5499489966427,-3.92165757297358,89.3979929072196));
#3563=CARTESIAN_POINT('',(-32.0499489966427,-3.92165757297358,88.3979929072196));
#3564=CARTESIAN_POINT('Origin',(-33.5499489966427,-3.92165757297358,88.3979929072196));
#3565=CARTESIAN_POINT('',(-32.0499489966427,-3.92165757297358,89.3979929072196));
#3566=CARTESIAN_POINT('Origin',(-33.5499489966427,8.07834242702664,89.3979929072196));
#3567=CARTESIAN_POINT('',(-30.7999489966427,8.07834242702664,88.3979929072196));
#3568=CARTESIAN_POINT('',(-30.7999489966427,8.07834242702664,89.3979929072196));
#3569=CARTESIAN_POINT('Origin',(-33.5499489966427,8.07834242702664,88.3979929072196));
#3570=CARTESIAN_POINT('Origin',(-33.5499489966427,8.07834242702664,88.3979929072196));
#3571=CARTESIAN_POINT('Origin',(-33.5499489966427,-3.92165757297358,89.3979929072196));
#3572=CARTESIAN_POINT('',(-30.7999489966427,-3.92165757297358,88.3979929072196));
#3573=CARTESIAN_POINT('',(-30.7999489966427,-3.92165757297358,89.3979929072196));
#3574=CARTESIAN_POINT('Origin',(-33.5499489966427,-3.92165757297358,88.3979929072196));
#3575=CARTESIAN_POINT('Origin',(-33.5499489966427,-3.92165757297358,88.3979929072196));
#3576=CARTESIAN_POINT('Origin',(-80.2076535572583,8.07834242702664,89.3979929072196));
#3577=CARTESIAN_POINT('',(-77.4576535572583,8.07834242702664,87.8979929072196));
#3578=CARTESIAN_POINT('',(-77.4576535572583,8.07834242702664,89.3979929072196));
#3579=CARTESIAN_POINT('Origin',(-80.2076535572583,8.07834242702664,87.8979929072196));
#3580=CARTESIAN_POINT('Origin',(-80.2076535572583,8.07834242702664,87.8979929072196));
#3581=CARTESIAN_POINT('',(-81.7076535572583,8.07834242702664,87.8979929072196));
#3582=CARTESIAN_POINT('Origin',(-80.2076535572583,8.07834242702664,87.8979929072196));
#3583=CARTESIAN_POINT('Origin',(-80.2076535572583,-3.92165757297336,89.3979929072196));
#3584=CARTESIAN_POINT('',(-77.4576535572583,-3.92165757297336,87.8979929072196));
#3585=CARTESIAN_POINT('',(-77.4576535572583,-3.92165757297336,89.3979929072196));
#3586=CARTESIAN_POINT('Origin',(-80.2076535572583,-3.92165757297336,87.8979929072196));
#3587=CARTESIAN_POINT('Origin',(-80.2076535572583,-3.92165757297336,87.8979929072196));
#3588=CARTESIAN_POINT('',(-81.7076535572583,-3.92165757297336,87.8979929072196));
#3589=CARTESIAN_POINT('Origin',(-80.2076535572583,-3.92165757297336,87.8979929072196));
#3590=CARTESIAN_POINT('Origin',(-80.2076535572583,-3.92165757297336,83.3979929071665));
#3591=CARTESIAN_POINT('',(-81.7076535572583,-3.92165757297336,83.3979929071665));
#3592=CARTESIAN_POINT('Origin',(-80.2076535572583,8.07834242702664,83.3979929071665));
#3593=CARTESIAN_POINT('',(-81.7076535572583,8.07834242702664,83.3979929071665));
#3594=CARTESIAN_POINT('Origin',(-72.1547988234298,-30.9816575729731,86.3979929072229));
#3595=CARTESIAN_POINT('',(-74.9047988234298,-30.9816575729731,87.3979929072229));
#3596=CARTESIAN_POINT('',(-74.9047988234298,-30.9816575729731,86.3979929072229));
#3597=CARTESIAN_POINT('Origin',(-72.1547988234298,-30.9816575729731,87.3979929072229));
#3598=CARTESIAN_POINT('Origin',(-72.1547988234298,-30.9816575729731,87.3979929072229));
#3599=CARTESIAN_POINT('',(-70.6547988234271,-30.9816575729731,87.3979929072229));
#3600=CARTESIAN_POINT('Origin',(-72.1547988234271,-30.9816575729731,87.3979929072229));
#3601=CARTESIAN_POINT('Origin',(-81.2902846456451,35.1383424270268,86.3979929072229));
#3602=CARTESIAN_POINT('',(-84.0402846456452,35.1383424270268,87.3979929072229));
#3603=CARTESIAN_POINT('',(-84.0402846456452,35.1383424270268,86.3979929072229));
#3604=CARTESIAN_POINT('Origin',(-81.2902846456451,35.1383424270268,87.3979929072229));
#3605=CARTESIAN_POINT('Origin',(-81.2902846456451,35.1383424270268,87.3979929072229));
#3606=CARTESIAN_POINT('',(-79.7902846456424,35.1383424270268,87.3979929072229));
#3607=CARTESIAN_POINT('Origin',(-81.2902846456424,35.1383424270268,87.3979929072229));
#3608=CARTESIAN_POINT('Origin',(-81.2902846456444,-30.9816575729732,86.3979929072229));
#3609=CARTESIAN_POINT('',(-84.0402846456444,-30.9816575729732,87.3979929072229));
#3610=CARTESIAN_POINT('',(-84.0402846456444,-30.9816575729732,86.3979929072229));
#3611=CARTESIAN_POINT('Origin',(-81.2902846456444,-30.9816575729732,87.3979929072229));
#3612=CARTESIAN_POINT('Origin',(-81.2902846456444,-30.9816575729732,87.3979929072229));
#3613=CARTESIAN_POINT('',(-79.7902846456417,-30.9816575729732,87.3979929072229));
#3614=CARTESIAN_POINT('Origin',(-81.2902846456417,-30.9816575729732,87.3979929072229));
#3615=CARTESIAN_POINT('Origin',(-72.1547988234307,35.138342427027,86.3979929072229));
#3616=CARTESIAN_POINT('',(-74.9047988234307,35.138342427027,87.3979929072229));
#3617=CARTESIAN_POINT('',(-74.9047988234307,35.138342427027,86.3979929072229));
#3618=CARTESIAN_POINT('Origin',(-72.1547988234307,35.138342427027,87.3979929072229));
#3619=CARTESIAN_POINT('Origin',(-72.1547988234307,35.138342427027,87.3979929072229));
#3620=CARTESIAN_POINT('',(-70.6547988234279,35.138342427027,87.3979929072229));
#3621=CARTESIAN_POINT('Origin',(-72.1547988234279,35.138342427027,87.3979929072229));
#3622=CARTESIAN_POINT('Origin',(-81.2902846456424,35.1383424270268,89.3979929072196));
#3623=CARTESIAN_POINT('',(-79.7902846456424,35.1383424270268,89.3979929072196));
#3624=CARTESIAN_POINT('Origin',(-72.1547988234279,35.138342427027,89.3979929072196));
#3625=CARTESIAN_POINT('',(-70.6547988234279,35.138342427027,89.3979929072196));
#3626=CARTESIAN_POINT('Origin',(-72.1547988234271,-30.9816575729731,89.3979929072196));
#3627=CARTESIAN_POINT('',(-70.6547988234271,-30.9816575729731,89.3979929072196));
#3628=CARTESIAN_POINT('Origin',(-81.2902846456417,-30.9816575729732,89.3979929072196));
#3629=CARTESIAN_POINT('',(-79.7902846456417,-30.9816575729732,89.3979929072196));
#3630=CARTESIAN_POINT('Origin',(120.864346362658,20.8368424270267,89.3979929072196));
#3631=CARTESIAN_POINT('',(120.864346362658,24.8368424270267,89.3979929072196));
#3632=CARTESIAN_POINT('',(124.864346362658,20.8368424270267,89.3979929072196));
#3633=CARTESIAN_POINT('Origin',(124.864346362658,-15.5631575729697,89.3979929072196));
#3634=CARTESIAN_POINT('',(124.864346362658,-15.5631575729697,89.3979929072196));
#3635=CARTESIAN_POINT('Origin',(98.7945817297181,-22.8025264045056,89.3979929072196));
#3636=CARTESIAN_POINT('',(95.594581729718,-20.4025264045058,89.3979929072196));
#3637=CARTESIAN_POINT('',(98.7945817297181,-18.8025264045056,89.3979929072196));
#3638=CARTESIAN_POINT('Origin',(93.1830197442128,-23.6179423851796,89.3979929072196));
#3639=CARTESIAN_POINT('',(94.3830197442128,-22.0179423851795,87.8979929072196));
#3640=CARTESIAN_POINT('Origin',(91.1830197442127,-19.6179423851796,87.8979929072196));
#3641=CARTESIAN_POINT('',(91.1830197442127,-23.6179423851796,87.8979929072196));
#3642=CARTESIAN_POINT('Origin',(121.624977531122,-15.5631575729697,89.3979929072196));
#3643=CARTESIAN_POINT('',(121.624977531122,-18.8025264045056,89.3979929072196));
#3644=CARTESIAN_POINT('Origin',(96.794581729718,-18.8025264045056,89.3979929072196));
#3645=CARTESIAN_POINT('Origin',(90.6830197442128,-18.6179423851796,89.3979929072196));
#3646=CARTESIAN_POINT('',(93.7830197442128,-18.6179423851796,88.3979929072196));
#3647=CARTESIAN_POINT('Origin',(90.6830197442128,-18.6179423851796,88.3979929072196));
#3648=CARTESIAN_POINT('',(93.7830197442128,-18.6179423851796,89.3979929072196));
#3649=CARTESIAN_POINT('Origin',(113.944462089863,9.3446272392308,89.3979929072196));
#3650=CARTESIAN_POINT('',(117.044462089863,9.3446272392308,88.3979929072196));
#3651=CARTESIAN_POINT('Origin',(113.944462089863,9.3446272392308,88.3979929072196));
#3652=CARTESIAN_POINT('',(117.044462089863,9.3446272392308,89.3979929072196));
#3653=CARTESIAN_POINT('Origin',(78.0974452672073,15.5083424270256,89.3979929072196));
#3654=CARTESIAN_POINT('',(81.1974452672073,15.5083424270256,88.3979929072196));
#3655=CARTESIAN_POINT('Origin',(78.0974452672073,15.5083424270256,88.3979929072196));
#3656=CARTESIAN_POINT('',(81.1974452672073,15.5083424270256,89.3979929072196));
#3657=CARTESIAN_POINT('Origin',(25.8249775311211,20.2368424270267,86.3979929072196));
#3658=CARTESIAN_POINT('',(23.6749775311212,20.2368424270267,87.1979929072196));
#3659=CARTESIAN_POINT('',(23.6749775311212,20.2368424270267,86.3979929072196));
#3660=CARTESIAN_POINT('Origin',(25.8249775311211,20.2368424270267,87.1979929072196));
#3661=CARTESIAN_POINT('Origin',(25.8249775311211,20.2368424270267,87.1979929072196));
#3662=CARTESIAN_POINT('',(26.9749775311212,20.2368424270267,87.1979929072196));
#3663=CARTESIAN_POINT('Origin',(25.8249775311211,20.2368424270267,87.1979929072196));
#3664=CARTESIAN_POINT('Origin',(121.624977531121,20.2368424270303,86.3979929072196));
#3665=CARTESIAN_POINT('',(119.474977531121,20.2368424270303,87.1979929072196));
#3666=CARTESIAN_POINT('',(119.474977531121,20.2368424270303,86.3979929072196));
#3667=CARTESIAN_POINT('Origin',(121.624977531121,20.2368424270303,87.1979929072196));
#3668=CARTESIAN_POINT('Origin',(121.624977531121,20.2368424270303,87.1979929072196));
#3669=CARTESIAN_POINT('',(122.774977531121,20.2368424270303,87.1979929072196));
#3670=CARTESIAN_POINT('Origin',(121.624977531121,20.2368424270303,87.1979929072196));
#3671=CARTESIAN_POINT('Origin',(25.8249775311225,-15.5631575729733,86.3979929072196));
#3672=CARTESIAN_POINT('',(23.6749775311225,-15.5631575729733,87.1979929072196));
#3673=CARTESIAN_POINT('',(23.6749775311225,-15.5631575729733,86.3979929072196));
#3674=CARTESIAN_POINT('Origin',(25.8249775311225,-15.5631575729733,87.1979929072196));
#3675=CARTESIAN_POINT('Origin',(25.8249775311225,-15.5631575729733,87.1979929072196));
#3676=CARTESIAN_POINT('',(26.9749775311225,-15.5631575729733,87.1979929072196));
#3677=CARTESIAN_POINT('Origin',(25.8249775311225,-15.5631575729733,87.1979929072196));
#3678=CARTESIAN_POINT('Origin',(121.624977531122,-15.5631575729697,86.3979929072196));
#3679=CARTESIAN_POINT('',(119.474977531122,-15.5631575729697,87.1979929072196));
#3680=CARTESIAN_POINT('',(119.474977531122,-15.5631575729697,86.3979929072196));
#3681=CARTESIAN_POINT('Origin',(121.624977531122,-15.5631575729697,87.1979929072196));
#3682=CARTESIAN_POINT('Origin',(121.624977531122,-15.5631575729697,87.1979929072196));
#3683=CARTESIAN_POINT('',(122.774977531122,-15.5631575729697,87.1979929072196));
#3684=CARTESIAN_POINT('Origin',(121.624977531122,-15.5631575729697,87.1979929072196));
#3685=CARTESIAN_POINT('Origin',(121.624977531121,20.2368424270303,89.3979929072196));
#3686=CARTESIAN_POINT('',(122.774977531121,20.2368424270303,89.3979929072196));
#3687=CARTESIAN_POINT('Origin',(25.8249775311211,20.2368424270267,89.3979929072196));
#3688=CARTESIAN_POINT('',(26.9749775311212,20.2368424270267,89.3979929072196));
#3689=CARTESIAN_POINT('Origin',(25.8249775311225,-15.5631575729733,89.3979929072196));
#3690=CARTESIAN_POINT('',(26.9749775311225,-15.5631575729733,89.3979929072196));
#3691=CARTESIAN_POINT('Origin',(121.624977531122,-15.5631575729697,89.3979929072196));
#3692=CARTESIAN_POINT('',(122.774977531122,-15.5631575729697,89.3979929072196));
#3693=CARTESIAN_POINT('Origin',(23.593116876044,29.8368424270267,89.3979929072196));
#3694=CARTESIAN_POINT('',(19.2244195522576,27.4048712731802,89.3979929072196));
#3695=CARTESIAN_POINT('',(23.593116876044,24.8368424270267,89.3979929072196));
#3696=CARTESIAN_POINT('Origin',(16.174977531125,24.8368424270267,89.3979929072196));
#3697=CARTESIAN_POINT('Origin',(21.1559955514983,-28.6179423851796,89.3979929072196));
#3698=CARTESIAN_POINT('',(17.9589911722049,-24.7735746870036,89.3979929072196));
#3699=CARTESIAN_POINT('',(21.1559955514983,-23.6179423851796,89.3979929072196));
#3700=CARTESIAN_POINT('Origin',(14.5062264425681,-20.6216575729735,89.3979929072196));
#3701=CARTESIAN_POINT('Origin',(14.5062264425683,24.7783424270259,89.3979929072196));
#3702=CARTESIAN_POINT('Origin',(-69.394022468875,-20.6216575729736,89.3979929072196));
#3703=CARTESIAN_POINT('',(-68.144022468875,-20.6216575729736,89.3979929072196));
#3704=CARTESIAN_POINT('Origin',(14.5062264425681,24.7783424270265,89.3979929072196));
#3705=CARTESIAN_POINT('',(15.7562264425681,24.7783424270265,89.3979929072196));
#3706=CARTESIAN_POINT('Origin',(-69.394022468875,24.7783424270265,89.3979929072196));
#3707=CARTESIAN_POINT('',(-68.144022468875,24.7783424270265,89.3979929072196));
#3708=CARTESIAN_POINT('Origin',(14.5062264425681,-20.6216575729735,89.3979929072196));
#3709=CARTESIAN_POINT('',(15.7562264425681,-20.6216575729735,89.3979929072196));
#3710=CARTESIAN_POINT('Origin',(113.944462089863,9.3446272392308,89.3979929072196));
#3711=CARTESIAN_POINT('',(115.444462089863,9.3446272392308,88.3979929072196));
#3712=CARTESIAN_POINT('Origin',(113.944462089863,9.3446272392308,88.3979929072196));
#3713=CARTESIAN_POINT('',(115.444462089863,9.3446272392308,89.3979929072196));
#3714=CARTESIAN_POINT('Origin',(90.6830197442128,-18.6179423851796,89.3979929072196));
#3715=CARTESIAN_POINT('',(92.1830197442128,-18.6179423851796,88.3979929072196));
#3716=CARTESIAN_POINT('Origin',(90.6830197442128,-18.6179423851796,88.3979929072196));
#3717=CARTESIAN_POINT('',(92.1830197442128,-18.6179423851796,89.3979929072196));
#3718=CARTESIAN_POINT('Origin',(78.0974452672073,15.5083424270256,89.3979929072196));
#3719=CARTESIAN_POINT('',(79.5974452672073,15.5083424270256,88.3979929072196));
#3720=CARTESIAN_POINT('Origin',(78.0974452672073,15.5083424270256,88.3979929072196));
#3721=CARTESIAN_POINT('',(79.5974452672073,15.5083424270256,89.3979929072196));
#3722=CARTESIAN_POINT('Origin',(90.6830197442128,-18.6179423851796,88.3979929072196));
#3723=CARTESIAN_POINT('Origin',(113.944462089863,9.3446272392308,88.3979929072196));
#3724=CARTESIAN_POINT('Origin',(78.0974452672073,15.5083424270256,88.3979929072196));
#3725=CARTESIAN_POINT('Origin',(-77.7250224688753,-23.6179423851796,86.3979929072196));
#3726=CARTESIAN_POINT('Origin',(94.2416423670943,2.07834242702559,89.3979929072196));
#3727=CARTESIAN_POINT('',(104.241642367094,2.07834242702559,89.3979929072196));
#3728=CARTESIAN_POINT('Origin',(31.634090264578,7.41199297736099,89.3979929072196));
#3729=CARTESIAN_POINT('',(31.6340902648957,13.4119936307247,89.3979929072196));
#3730=CARTESIAN_POINT('',(25.6712066597108,8.07834645350671,89.3979929072196));
#3731=CARTESIAN_POINT('Origin',(31.6340902648957,13.4119936305607,89.3979929072196));
#3732=CARTESIAN_POINT('',(63.6340902648957,13.4119936307215,89.3979929072196));
#3733=CARTESIAN_POINT('Origin',(63.6340902652121,7.41199297735774,89.3979929072196));
#3734=CARTESIAN_POINT('',(69.5969738700795,8.07834645350228,89.3979929072196));
#3735=CARTESIAN_POINT('Origin',(69.5969738700795,8.07834645350228,89.3979929072196));
#3736=CARTESIAN_POINT('',(69.5969738700782,2.07834613458668,89.3979929072196));
#3737=CARTESIAN_POINT('Origin',(69.5969738700782,2.07834613458668,89.3979929072196));
#3738=CARTESIAN_POINT('',(69.5969738265162,-3.92165386541332,89.3979929072196));
#3739=CARTESIAN_POINT('Origin',(63.634090226487,-3.25530034597505,89.3979929072196));
#3740=CARTESIAN_POINT('',(63.6340901826074,-9.25530099933885,89.3979929072196));
#3741=CARTESIAN_POINT('Origin',(63.6340901826074,-9.25530099917481,89.3979929072196));
#3742=CARTESIAN_POINT('',(31.6340901826074,-9.25530076700503,89.3979929072196));
#3743=CARTESIAN_POINT('Origin',(31.6340902258529,-3.25530011364128,89.3979929072196));
#3744=CARTESIAN_POINT('',(25.6712066161476,-3.92165354649329,89.3979929072196));
#3745=CARTESIAN_POINT('Origin',(25.6712066161476,-3.92165354649329,89.3979929072196));
#3746=CARTESIAN_POINT('',(25.6712066597108,2.07834645350671,89.3979929072196));
#3747=CARTESIAN_POINT('Origin',(25.6712066597108,2.07834645350671,89.3979929072196));
#3748=CARTESIAN_POINT('Origin',(9.07706622883947,19.0349087530339,89.3979929072196));
#3749=CARTESIAN_POINT('',(16.0361792734954,13.9331662766254,89.3979929072196));
#3750=CARTESIAN_POINT('Origin',(13.6712059658984,10.7071923540376,89.3979929072196));
#3751=CARTESIAN_POINT('',(17.6712067777561,10.7071923395154,89.3979929072196));
#3752=CARTESIAN_POINT('Origin',(17.6712067777561,10.7071923395154,89.3979929072196));
#3753=CARTESIAN_POINT('',(17.6712069587158,2.07834648254884,89.3979929072196));
#3754=CARTESIAN_POINT('Origin',(17.6712069587158,2.07834648254884,89.3979929072196));
#3755=CARTESIAN_POINT('',(17.671206715106,-6.5504993744177,89.3979929072196));
#3756=CARTESIAN_POINT('Origin',(13.6712064091527,-6.55049935989782,89.3979929072196));
#3757=CARTESIAN_POINT('',(16.0361766784579,-9.77647488257764,89.3979929072196));
#3758=CARTESIAN_POINT('Origin',(16.0361766784579,-9.77647488257764,89.3979929072196));
#3759=CARTESIAN_POINT('',(9.07706610572575,-14.8782157255382,89.3979929072196));
#3760=CARTESIAN_POINT('Origin',(5.97309202572418,-10.6441905113809,89.3979929072196));
#3761=UNCERTAINTY_MEASURE_WITH_UNIT(LENGTH_MEASURE(0.01),#3765,
'DISTANCE_ACCURACY_VALUE',
'Maximum model space distance between geometric entities at asserted c
onnectivities');
#3762=UNCERTAINTY_MEASURE_WITH_UNIT(LENGTH_MEASURE(0.01),#3765,
'DISTANCE_ACCURACY_VALUE',
'Maximum model space distance between geometric entities at asserted c
onnectivities');
#3763=(
GEOMETRIC_REPRESENTATION_CONTEXT(3)
GLOBAL_UNCERTAINTY_ASSIGNED_CONTEXT((#3761))
GLOBAL_UNIT_ASSIGNED_CONTEXT((#3765,#3767,#3768))
REPRESENTATION_CONTEXT('','3D')
);
#3764=(
GEOMETRIC_REPRESENTATION_CONTEXT(3)
GLOBAL_UNCERTAINTY_ASSIGNED_CONTEXT((#3762))
GLOBAL_UNIT_ASSIGNED_CONTEXT((#3765,#3767,#3768))
REPRESENTATION_CONTEXT('','3D')
);
#3765=(
LENGTH_UNIT()
NAMED_UNIT(*)
SI_UNIT(.MILLI.,.METRE.)
);
#3766=(
LENGTH_UNIT()
NAMED_UNIT(*)
SI_UNIT($,.METRE.)
);
#3767=(
NAMED_UNIT(*)
PLANE_ANGLE_UNIT()
SI_UNIT($,.RADIAN.)
);
#3768=(
NAMED_UNIT(*)
SI_UNIT($,.STERADIAN.)
SOLID_ANGLE_UNIT()
);
#3769=SHAPE_DEFINITION_REPRESENTATION(#3770,#3771);
#3770=PRODUCT_DEFINITION_SHAPE('',$,#3773);
#3771=SHAPE_REPRESENTATION('',(#2201),#3763);
#3772=PRODUCT_DEFINITION_CONTEXT('part definition',#3777,'design');
#3773=PRODUCT_DEFINITION('2026-08-11-12-51-27-408','3\X2\5C42\X0\',#3774,
#3772);
#3774=PRODUCT_DEFINITION_FORMATION('',$,#3779);
#3775=PRODUCT_RELATED_PRODUCT_CATEGORY('3\X2\5C42\X0\','3\X2\5C42\X0\',
(#3779));
#3776=APPLICATION_PROTOCOL_DEFINITION('international standard',
'automotive_design',2009,#3777);
#3777=APPLICATION_CONTEXT(
'Core Data for Automotive Mechanical Design Process');
#3778=PRODUCT_CONTEXT('part definition',#3777,'mechanical');
#3779=PRODUCT('2026-08-11-12-51-27-408','3\X2\5C42\X0\',$,(#3778));
#3780=PRESENTATION_STYLE_ASSIGNMENT((#3781));
#3781=SURFACE_STYLE_USAGE(.BOTH.,#3782);
#3782=SURFACE_SIDE_STYLE('',(#3783));
#3783=SURFACE_STYLE_FILL_AREA(#3784);
#3784=FILL_AREA_STYLE('\X2\94A2\X0\ - \X2\7F0E5149\X0\',(#3785));
#3785=FILL_AREA_STYLE_COLOUR('\X2\94A2\X0\ - \X2\7F0E5149\X0\',#3786);
#3786=COLOUR_RGB('\X2\94A2\X0\ - \X2\7F0E5149\X0\',0.627450980392157,0.627450980392157,
0.627450980392157);
ENDSEC;
END-ISO-10303-21;
